..\..\data\raw\systems\parquet\4903\system_4903__date_2014_10_01.snappy.000.parquet,pvdaq/parquet/pvdata/system_id=4903/year=2014/month=10/day=1/system_4903__date_2014_10_01.snappy.000.parquet,1771421855.9810805
..\..\data\raw\systems\parquet\4903\system_4903__date_2014_10_10.snappy.000.parquet,pvdaq/parquet/pvdata/system_id=4903/year=2014/month=10/day=10/system_4903__date_2014_10_10.snappy.000.parquet,1771421856.246529
..\..\data\raw\systems\parquet\4903\system_4903__date_2014_10_11.snappy.000.parquet,pvdaq/parquet/pvdata/system_id=4903/year=2014/month=10/day=11/system_4903__date_2014_10_11.snappy.000.parquet,1771421856.5180864
..\..\data\raw\systems\parquet\4903\system_4903__date_2014_10_12.snappy.000.parquet,pvdaq/parquet/pvdata/system_id=4903/year=2014/month=10/day=12/system_4903__date_2014_10_12.snappy.000.parquet,1771421856.8292654
..\..\data\raw\systems\parquet\4903\system_4903__date_2014_10_13.snappy.000.parquet,pvdaq/parquet/pvdata/system_id=4903/year=2014/month=10/day=13/system_4903__date_2014_10_13.snappy.000.parquet,1771421857.1059618
..\..\data\raw\systems\parquet\4903\system_4903__date_2014_10_14.snappy.000.parquet,pvdaq/parquet/pvdata/system_id=4903/year=2014/month=10/day=14/system_4903__date_2014_10_14.snappy.000.parquet,1771421857.4070437
..\..\data\raw\systems\parquet\4903\system_4903__date_2014_10_15.snappy.000.parquet,pvdaq/parquet/pvdata/system_id=4903/year=2014/month=10/day=15/system_4903__date_2014_10_15.snappy.000.parquet,1771421857.7096243
..\..\data\raw\systems\parquet\4903\system_4903__date_2014_10_16.snappy.000.parquet,pvdaq/parquet/pvdata/system_id=4903/year=2014/month=10/day=16/system_4903__date_2014_10_16.snappy.000.parquet,1771421858.0049443
..\..\data\raw\systems\parquet\4903\system_4903__date_2014_10_17.snappy.000.parquet,pvdaq/parquet/pvdata/system_id=4903/year=2014/month=10/day=17/system_4903__date_2014_10_17.snappy.000.parquet,1771421858.2639575
..\..\data\raw\systems\parquet\4903\system_4903__date_2014_10_18.snappy.000.parquet,pvdaq/parquet/pvdata/system_id=4903/year=2014/month=10/day=18/system_4903__date_2014_10_18.snappy.000.parquet,1771421858.5365462
..\..\data\raw\systems\parquet\4903\system_4903__date_2014_10_19.snappy.000.parquet,pvdaq/parquet/pvdata/system_id=4903/year=2014/month=10/day=19/system_4903__date_2014_10_19.snappy.000.parquet,1771421858.7925851
..\..\data\raw\systems\parquet\4903\system_4903__date_2014_10_02.snappy.000.parquet,pvdaq/parquet/pvdata/system_id=4903/year=2014/month=10/day=2/system_4903__date_2014_10_02.snappy.000.parquet,1771421859.0558999
..\..\data\raw\systems\parquet\4903\system_4903__date_2014_10_20.snappy.000.parquet,pvdaq/parquet/pvdata/system_id=4903/year=2014/month=10/day=20/system_4903__date_2014_10_20.snappy.000.parquet,1771421859.3311772
..\..\data\raw\systems\parquet\4903\system_4903__date_2014_10_21.snappy.000.parquet,pvdaq/parquet/pvdata/system_id=4903/year=2014/month=10/day=21/system_4903__date_2014_10_21.snappy.000.parquet,1771421859.6145134
..\..\data\raw\systems\parquet\4903\system_4903__date_2014_10_22.snappy.000.parquet,pvdaq/parquet/pvdata/system_id=4903/year=2014/month=10/day=22/system_4903__date_2014_10_22.snappy.000.parquet,1771421859.9473903
..\..\data\raw\systems\parquet\4903\system_4903__date_2014_10_23.snappy.000.parquet,pvdaq/parquet/pvdata/system_id=4903/year=2014/month=10/day=23/system_4903__date_2014_10_23.snappy.000.parquet,1771421860.2199035
..\..\data\raw\systems\parquet\4903\system_4903__date_2014_10_24.snappy.000.parquet,pvdaq/parquet/pvdata/system_id=4903/year=2014/month=10/day=24/system_4903__date_2014_10_24.snappy.000.parquet,1771421860.4955955
..\..\data\raw\systems\parquet\4903\system_4903__date_2014_10_25.snappy.000.parquet,pvdaq/parquet/pvdata/system_id=4903/year=2014/month=10/day=25/system_4903__date_2014_10_25.snappy.000.parquet,1771421860.7411087
..\..\data\raw\systems\parquet\4903\system_4903__date_2014_10_26.snappy.000.parquet,pvdaq/parquet/pvdata/system_id=4903/year=2014/month=10/day=26/system_4903__date_2014_10_26.snappy.000.parquet,1771421861.0455563
..\..\data\raw\systems\parquet\4903\system_4903__date_2014_10_27.snappy.000.parquet,pvdaq/parquet/pvdata/system_id=4903/year=2014/month=10/day=27/system_4903__date_2014_10_27.snappy.000.parquet,1771421861.3090258
..\..\data\raw\systems\parquet\4903\system_4903__date_2014_10_28.snappy.000.parquet,pvdaq/parquet/pvdata/system_id=4903/year=2014/month=10/day=28/system_4903__date_2014_10_28.snappy.000.parquet,1771421861.5775075
..\..\data\raw\systems\parquet\4903\system_4903__date_2014_10_29.snappy.000.parquet,pvdaq/parquet/pvdata/system_id=4903/year=2014/month=10/day=29/system_4903__date_2014_10_29.snappy.000.parquet,1771421861.8515167
..\..\data\raw\systems\parquet\4903\system_4903__date_2014_10_03.snappy.000.parquet,pvdaq/parquet/pvdata/system_id=4903/year=2014/month=10/day=3/system_4903__date_2014_10_03.snappy.000.parquet,1771421862.1115549
..\..\data\raw\systems\parquet\4903\system_4903__date_2014_10_30.snappy.000.parquet,pvdaq/parquet/pvdata/system_id=4903/year=2014/month=10/day=30/system_4903__date_2014_10_30.snappy.000.parquet,1771421862.395424
..\..\data\raw\systems\parquet\4903\system_4903__date_2014_10_31.snappy.000.parquet,pvdaq/parquet/pvdata/system_id=4903/year=2014/month=10/day=31/system_4903__date_2014_10_31.snappy.000.parquet,1771421862.6369467
..\..\data\raw\systems\parquet\4903\system_4903__date_2014_10_04.snappy.000.parquet,pvdaq/parquet/pvdata/system_id=4903/year=2014/month=10/day=4/system_4903__date_2014_10_04.snappy.000.parquet,1771421862.9502733
..\..\data\raw\systems\parquet\4903\system_4903__date_2014_10_05.snappy.000.parquet,pvdaq/parquet/pvdata/system_id=4903/year=2014/month=10/day=5/system_4903__date_2014_10_05.snappy.000.parquet,1771421863.2335079
..\..\data\raw\systems\parquet\4903\system_4903__date_2014_10_06.snappy.000.parquet,pvdaq/parquet/pvdata/system_id=4903/year=2014/month=10/day=6/system_4903__date_2014_10_06.snappy.000.parquet,1771421863.5178194
..\..\data\raw\systems\parquet\4903\system_4903__date_2014_10_07.snappy.000.parquet,pvdaq/parquet/pvdata/system_id=4903/year=2014/month=10/day=7/system_4903__date_2014_10_07.snappy.000.parquet,1771421863.8200595
..\..\data\raw\systems\parquet\4903\system_4903__date_2014_10_08.snappy.000.parquet,pvdaq/parquet/pvdata/system_id=4903/year=2014/month=10/day=8/system_4903__date_2014_10_08.snappy.000.parquet,1771421864.0898526
..\..\data\raw\systems\parquet\4903\system_4903__date_2014_10_09.snappy.000.parquet,pvdaq/parquet/pvdata/system_id=4903/year=2014/month=10/day=9/system_4903__date_2014_10_09.snappy.000.parquet,1771421864.3808918
..\..\data\raw\systems\parquet\4903\system_4903__date_2014_11_01.snappy.000.parquet,pvdaq/parquet/pvdata/system_id=4903/year=2014/month=11/day=1/system_4903__date_2014_11_01.snappy.000.parquet,1771421864.6730542
..\..\data\raw\systems\parquet\4903\system_4903__date_2014_11_10.snappy.000.parquet,pvdaq/parquet/pvdata/system_id=4903/year=2014/month=11/day=10/system_4903__date_2014_11_10.snappy.000.parquet,1771421864.9881625
..\..\data\raw\systems\parquet\4903\system_4903__date_2014_11_11.snappy.000.parquet,pvdaq/parquet/pvdata/system_id=4903/year=2014/month=11/day=11/system_4903__date_2014_11_11.snappy.000.parquet,1771421865.2486043
..\..\data\raw\systems\parquet\4903\system_4903__date_2014_11_12.snappy.000.parquet,pvdaq/parquet/pvdata/system_id=4903/year=2014/month=11/day=12/system_4903__date_2014_11_12.snappy.000.parquet,1771421865.4967856
..\..\data\raw\systems\parquet\4903\system_4903__date_2014_11_13.snappy.000.parquet,pvdaq/parquet/pvdata/system_id=4903/year=2014/month=11/day=13/system_4903__date_2014_11_13.snappy.000.parquet,1771421865.7655575
..\..\data\raw\systems\parquet\4903\system_4903__date_2014_11_14.snappy.000.parquet,pvdaq/parquet/pvdata/system_id=4903/year=2014/month=11/day=14/system_4903__date_2014_11_14.snappy.000.parquet,1771421866.0554698
..\..\data\raw\systems\parquet\4903\system_4903__date_2014_11_15.snappy.000.parquet,pvdaq/parquet/pvdata/system_id=4903/year=2014/month=11/day=15/system_4903__date_2014_11_15.snappy.000.parquet,1771421866.3245595
..\..\data\raw\systems\parquet\4903\system_4903__date_2014_11_16.snappy.000.parquet,pvdaq/parquet/pvdata/system_id=4903/year=2014/month=11/day=16/system_4903__date_2014_11_16.snappy.000.parquet,1771421866.6015587
..\..\data\raw\systems\parquet\4903\system_4903__date_2014_11_17.snappy.000.parquet,pvdaq/parquet/pvdata/system_id=4903/year=2014/month=11/day=17/system_4903__date_2014_11_17.snappy.000.parquet,1771421866.8685637
..\..\data\raw\systems\parquet\4903\system_4903__date_2014_11_18.snappy.000.parquet,pvdaq/parquet/pvdata/system_id=4903/year=2014/month=11/day=18/system_4903__date_2014_11_18.snappy.000.parquet,1771421867.15956
..\..\data\raw\systems\parquet\4903\system_4903__date_2014_11_19.snappy.000.parquet,pvdaq/parquet/pvdata/system_id=4903/year=2014/month=11/day=19/system_4903__date_2014_11_19.snappy.000.parquet,1771421867.425559
..\..\data\raw\systems\parquet\4903\system_4903__date_2014_11_02.snappy.000.parquet,pvdaq/parquet/pvdata/system_id=4903/year=2014/month=11/day=2/system_4903__date_2014_11_02.snappy.000.parquet,1771421867.7190876
..\..\data\raw\systems\parquet\4903\system_4903__date_2014_11_20.snappy.000.parquet,pvdaq/parquet/pvdata/system_id=4903/year=2014/month=11/day=20/system_4903__date_2014_11_20.snappy.000.parquet,1771421867.985087
..\..\data\raw\systems\parquet\4903\system_4903__date_2014_11_21.snappy.000.parquet,pvdaq/parquet/pvdata/system_id=4903/year=2014/month=11/day=21/system_4903__date_2014_11_21.snappy.000.parquet,1771421868.2510927
..\..\data\raw\systems\parquet\4903\system_4903__date_2014_11_22.snappy.000.parquet,pvdaq/parquet/pvdata/system_id=4903/year=2014/month=11/day=22/system_4903__date_2014_11_22.snappy.000.parquet,1771421868.539096
..\..\data\raw\systems\parquet\4903\system_4903__date_2014_11_23.snappy.000.parquet,pvdaq/parquet/pvdata/system_id=4903/year=2014/month=11/day=23/system_4903__date_2014_11_23.snappy.000.parquet,1771421868.8150868
..\..\data\raw\systems\parquet\4903\system_4903__date_2014_11_24.snappy.000.parquet,pvdaq/parquet/pvdata/system_id=4903/year=2014/month=11/day=24/system_4903__date_2014_11_24.snappy.000.parquet,1771421869.0470877
..\..\data\raw\systems\parquet\4903\system_4903__date_2014_11_25.snappy.000.parquet,pvdaq/parquet/pvdata/system_id=4903/year=2014/month=11/day=25/system_4903__date_2014_11_25.snappy.000.parquet,1771421869.3220928
..\..\data\raw\systems\parquet\4903\system_4903__date_2014_11_26.snappy.000.parquet,pvdaq/parquet/pvdata/system_id=4903/year=2014/month=11/day=26/system_4903__date_2014_11_26.snappy.000.parquet,1771421870.4840877
..\..\data\raw\systems\parquet\4903\system_4903__date_2014_11_27.snappy.000.parquet,pvdaq/parquet/pvdata/system_id=4903/year=2014/month=11/day=27/system_4903__date_2014_11_27.snappy.000.parquet,1771421870.8234324
..\..\data\raw\systems\parquet\4903\system_4903__date_2014_11_28.snappy.000.parquet,pvdaq/parquet/pvdata/system_id=4903/year=2014/month=11/day=28/system_4903__date_2014_11_28.snappy.000.parquet,1771421871.1444116
..\..\data\raw\systems\parquet\4903\system_4903__date_2014_11_29.snappy.000.parquet,pvdaq/parquet/pvdata/system_id=4903/year=2014/month=11/day=29/system_4903__date_2014_11_29.snappy.000.parquet,1771421871.4134257
..\..\data\raw\systems\parquet\4903\system_4903__date_2014_11_03.snappy.000.parquet,pvdaq/parquet/pvdata/system_id=4903/year=2014/month=11/day=3/system_4903__date_2014_11_03.snappy.000.parquet,1771421871.7191715
..\..\data\raw\systems\parquet\4903\system_4903__date_2014_11_30.snappy.000.parquet,pvdaq/parquet/pvdata/system_id=4903/year=2014/month=11/day=30/system_4903__date_2014_11_30.snappy.000.parquet,1771421872.004401
..\..\data\raw\systems\parquet\4903\system_4903__date_2014_11_04.snappy.000.parquet,pvdaq/parquet/pvdata/system_id=4903/year=2014/month=11/day=4/system_4903__date_2014_11_04.snappy.000.parquet,1771421872.2667453
..\..\data\raw\systems\parquet\4903\system_4903__date_2014_11_05.snappy.000.parquet,pvdaq/parquet/pvdata/system_id=4903/year=2014/month=11/day=5/system_4903__date_2014_11_05.snappy.000.parquet,1771421872.5315173
..\..\data\raw\systems\parquet\4903\system_4903__date_2014_11_06.snappy.000.parquet,pvdaq/parquet/pvdata/system_id=4903/year=2014/month=11/day=6/system_4903__date_2014_11_06.snappy.000.parquet,1771421872.7971451
..\..\data\raw\systems\parquet\4903\system_4903__date_2014_11_07.snappy.000.parquet,pvdaq/parquet/pvdata/system_id=4903/year=2014/month=11/day=7/system_4903__date_2014_11_07.snappy.000.parquet,1771421873.067073
..\..\data\raw\systems\parquet\4903\system_4903__date_2014_11_08.snappy.000.parquet,pvdaq/parquet/pvdata/system_id=4903/year=2014/month=11/day=8/system_4903__date_2014_11_08.snappy.000.parquet,1771421873.3175948
..\..\data\raw\systems\parquet\4903\system_4903__date_2014_11_09.snappy.000.parquet,pvdaq/parquet/pvdata/system_id=4903/year=2014/month=11/day=9/system_4903__date_2014_11_09.snappy.000.parquet,1771421873.577124
..\..\data\raw\systems\parquet\4903\system_4903__date_2014_12_01.snappy.000.parquet,pvdaq/parquet/pvdata/system_id=4903/year=2014/month=12/day=1/system_4903__date_2014_12_01.snappy.000.parquet,1771421873.8638196
..\..\data\raw\systems\parquet\4903\system_4903__date_2014_12_10.snappy.000.parquet,pvdaq/parquet/pvdata/system_id=4903/year=2014/month=12/day=10/system_4903__date_2014_12_10.snappy.000.parquet,1771421874.122566
..\..\data\raw\systems\parquet\4903\system_4903__date_2014_12_11.snappy.000.parquet,pvdaq/parquet/pvdata/system_id=4903/year=2014/month=12/day=11/system_4903__date_2014_12_11.snappy.000.parquet,1771421874.4438007
..\..\data\raw\systems\parquet\4903\system_4903__date_2014_12_12.snappy.000.parquet,pvdaq/parquet/pvdata/system_id=4903/year=2014/month=12/day=12/system_4903__date_2014_12_12.snappy.000.parquet,1771421874.7806442
..\..\data\raw\systems\parquet\4903\system_4903__date_2014_12_13.snappy.000.parquet,pvdaq/parquet/pvdata/system_id=4903/year=2014/month=12/day=13/system_4903__date_2014_12_13.snappy.000.parquet,1771421875.0474608
..\..\data\raw\systems\parquet\4903\system_4903__date_2014_12_14.snappy.000.parquet,pvdaq/parquet/pvdata/system_id=4903/year=2014/month=12/day=14/system_4903__date_2014_12_14.snappy.000.parquet,1771421875.320375
..\..\data\raw\systems\parquet\4903\system_4903__date_2014_12_15.snappy.000.parquet,pvdaq/parquet/pvdata/system_id=4903/year=2014/month=12/day=15/system_4903__date_2014_12_15.snappy.000.parquet,1771421875.6081092
..\..\data\raw\systems\parquet\4903\system_4903__date_2014_12_16.snappy.000.parquet,pvdaq/parquet/pvdata/system_id=4903/year=2014/month=12/day=16/system_4903__date_2014_12_16.snappy.000.parquet,1771421875.8783565
..\..\data\raw\systems\parquet\4903\system_4903__date_2014_12_17.snappy.000.parquet,pvdaq/parquet/pvdata/system_id=4903/year=2014/month=12/day=17/system_4903__date_2014_12_17.snappy.000.parquet,1771421876.1959045
..\..\data\raw\systems\parquet\4903\system_4903__date_2014_12_18.snappy.000.parquet,pvdaq/parquet/pvdata/system_id=4903/year=2014/month=12/day=18/system_4903__date_2014_12_18.snappy.000.parquet,1771421876.465968
..\..\data\raw\systems\parquet\4903\system_4903__date_2014_12_19.snappy.000.parquet,pvdaq/parquet/pvdata/system_id=4903/year=2014/month=12/day=19/system_4903__date_2014_12_19.snappy.000.parquet,1771421876.7605677
..\..\data\raw\systems\parquet\4903\system_4903__date_2014_12_02.snappy.000.parquet,pvdaq/parquet/pvdata/system_id=4903/year=2014/month=12/day=2/system_4903__date_2014_12_02.snappy.000.parquet,1771421877.0960653
..\..\data\raw\systems\parquet\4903\system_4903__date_2014_12_20.snappy.000.parquet,pvdaq/parquet/pvdata/system_id=4903/year=2014/month=12/day=20/system_4903__date_2014_12_20.snappy.000.parquet,1771421877.3640666
..\..\data\raw\systems\parquet\4903\system_4903__date_2014_12_21.snappy.000.parquet,pvdaq/parquet/pvdata/system_id=4903/year=2014/month=12/day=21/system_4903__date_2014_12_21.snappy.000.parquet,1771421877.6340663
..\..\data\raw\systems\parquet\4903\system_4903__date_2014_12_22.snappy.000.parquet,pvdaq/parquet/pvdata/system_id=4903/year=2014/month=12/day=22/system_4903__date_2014_12_22.snappy.000.parquet,1771421877.9410655
..\..\data\raw\systems\parquet\4903\system_4903__date_2014_12_23.snappy.000.parquet,pvdaq/parquet/pvdata/system_id=4903/year=2014/month=12/day=23/system_4903__date_2014_12_23.snappy.000.parquet,1771421878.2511795
..\..\data\raw\systems\parquet\4903\system_4903__date_2014_12_24.snappy.000.parquet,pvdaq/parquet/pvdata/system_id=4903/year=2014/month=12/day=24/system_4903__date_2014_12_24.snappy.000.parquet,1771421878.5221555
..\..\data\raw\systems\parquet\4903\system_4903__date_2014_12_25.snappy.000.parquet,pvdaq/parquet/pvdata/system_id=4903/year=2014/month=12/day=25/system_4903__date_2014_12_25.snappy.000.parquet,1771421878.8091125
..\..\data\raw\systems\parquet\4903\system_4903__date_2014_12_26.snappy.000.parquet,pvdaq/parquet/pvdata/system_id=4903/year=2014/month=12/day=26/system_4903__date_2014_12_26.snappy.000.parquet,1771421879.087138
..\..\data\raw\systems\parquet\4903\system_4903__date_2014_12_27.snappy.000.parquet,pvdaq/parquet/pvdata/system_id=4903/year=2014/month=12/day=27/system_4903__date_2014_12_27.snappy.000.parquet,1771421879.3571408
..\..\data\raw\systems\parquet\4903\system_4903__date_2014_12_28.snappy.000.parquet,pvdaq/parquet/pvdata/system_id=4903/year=2014/month=12/day=28/system_4903__date_2014_12_28.snappy.000.parquet,1771421879.6311479
..\..\data\raw\systems\parquet\4903\system_4903__date_2014_12_29.snappy.000.parquet,pvdaq/parquet/pvdata/system_id=4903/year=2014/month=12/day=29/system_4903__date_2014_12_29.snappy.000.parquet,1771421879.9360652
..\..\data\raw\systems\parquet\4903\system_4903__date_2014_12_03.snappy.000.parquet,pvdaq/parquet/pvdata/system_id=4903/year=2014/month=12/day=3/system_4903__date_2014_12_03.snappy.000.parquet,1771421880.2390637
..\..\data\raw\systems\parquet\4903\system_4903__date_2014_12_30.snappy.000.parquet,pvdaq/parquet/pvdata/system_id=4903/year=2014/month=12/day=30/system_4903__date_2014_12_30.snappy.000.parquet,1771421880.5310636
..\..\data\raw\systems\parquet\4903\system_4903__date_2014_12_31.snappy.000.parquet,pvdaq/parquet/pvdata/system_id=4903/year=2014/month=12/day=31/system_4903__date_2014_12_31.snappy.000.parquet,1771421880.8020678
..\..\data\raw\systems\parquet\4903\system_4903__date_2014_12_04.snappy.000.parquet,pvdaq/parquet/pvdata/system_id=4903/year=2014/month=12/day=4/system_4903__date_2014_12_04.snappy.000.parquet,1771421881.0631397
..\..\data\raw\systems\parquet\4903\system_4903__date_2014_12_05.snappy.000.parquet,pvdaq/parquet/pvdata/system_id=4903/year=2014/month=12/day=5/system_4903__date_2014_12_05.snappy.000.parquet,1771421881.3320663
..\..\data\raw\systems\parquet\4903\system_4903__date_2014_12_06.snappy.000.parquet,pvdaq/parquet/pvdata/system_id=4903/year=2014/month=12/day=6/system_4903__date_2014_12_06.snappy.000.parquet,1771421881.5930643
..\..\data\raw\systems\parquet\4903\system_4903__date_2014_12_07.snappy.000.parquet,pvdaq/parquet/pvdata/system_id=4903/year=2014/month=12/day=7/system_4903__date_2014_12_07.snappy.000.parquet,1771421881.8580644
..\..\data\raw\systems\parquet\4903\system_4903__date_2014_12_08.snappy.000.parquet,pvdaq/parquet/pvdata/system_id=4903/year=2014/month=12/day=8/system_4903__date_2014_12_08.snappy.000.parquet,1771421882.1290653
..\..\data\raw\systems\parquet\4903\system_4903__date_2014_12_09.snappy.000.parquet,pvdaq/parquet/pvdata/system_id=4903/year=2014/month=12/day=9/system_4903__date_2014_12_09.snappy.000.parquet,1771421882.4191897
..\..\data\raw\systems\parquet\4903\system_4903__date_2014_07_29.snappy.000.parquet,pvdaq/parquet/pvdata/system_id=4903/year=2014/month=7/day=29/system_4903__date_2014_07_29.snappy.000.parquet,1771421882.7030647
..\..\data\raw\systems\parquet\4903\system_4903__date_2014_07_30.snappy.000.parquet,pvdaq/parquet/pvdata/system_id=4903/year=2014/month=7/day=30/system_4903__date_2014_07_30.snappy.000.parquet,1771421882.98519
..\..\data\raw\systems\parquet\4903\system_4903__date_2014_07_31.snappy.000.parquet,pvdaq/parquet/pvdata/system_id=4903/year=2014/month=7/day=31/system_4903__date_2014_07_31.snappy.000.parquet,1771421883.2401345
..\..\data\raw\systems\parquet\4903\system_4903__date_2014_08_01.snappy.000.parquet,pvdaq/parquet/pvdata/system_id=4903/year=2014/month=8/day=1/system_4903__date_2014_08_01.snappy.000.parquet,1771421883.5830638
..\..\data\raw\systems\parquet\4903\system_4903__date_2014_08_10.snappy.000.parquet,pvdaq/parquet/pvdata/system_id=4903/year=2014/month=8/day=10/system_4903__date_2014_08_10.snappy.000.parquet,1771421883.8561063
..\..\data\raw\systems\parquet\4903\system_4903__date_2014_08_11.snappy.000.parquet,pvdaq/parquet/pvdata/system_id=4903/year=2014/month=8/day=11/system_4903__date_2014_08_11.snappy.000.parquet,1771421884.1001508
..\..\data\raw\systems\parquet\4903\system_4903__date_2014_08_12.snappy.000.parquet,pvdaq/parquet/pvdata/system_id=4903/year=2014/month=8/day=12/system_4903__date_2014_08_12.snappy.000.parquet,1771421884.3803442
..\..\data\raw\systems\parquet\4903\system_4903__date_2014_08_13.snappy.000.parquet,pvdaq/parquet/pvdata/system_id=4903/year=2014/month=8/day=13/system_4903__date_2014_08_13.snappy.000.parquet,1771421885.5641012
..\..\data\raw\systems\parquet\4903\system_4903__date_2014_08_14.snappy.000.parquet,pvdaq/parquet/pvdata/system_id=4903/year=2014/month=8/day=14/system_4903__date_2014_08_14.snappy.000.parquet,1771421885.908479
..\..\data\raw\systems\parquet\4903\system_4903__date_2014_08_15.snappy.000.parquet,pvdaq/parquet/pvdata/system_id=4903/year=2014/month=8/day=15/system_4903__date_2014_08_15.snappy.000.parquet,1771421886.1645222
..\..\data\raw\systems\parquet\4903\system_4903__date_2014_08_16.snappy.000.parquet,pvdaq/parquet/pvdata/system_id=4903/year=2014/month=8/day=16/system_4903__date_2014_08_16.snappy.000.parquet,1771421886.4747458
..\..\data\raw\systems\parquet\4903\system_4903__date_2014_08_17.snappy.000.parquet,pvdaq/parquet/pvdata/system_id=4903/year=2014/month=8/day=17/system_4903__date_2014_08_17.snappy.000.parquet,1771421886.7405179
..\..\data\raw\systems\parquet\4903\system_4903__date_2014_08_18.snappy.000.parquet,pvdaq/parquet/pvdata/system_id=4903/year=2014/month=8/day=18/system_4903__date_2014_08_18.snappy.000.parquet,1771421886.994065
..\..\data\raw\systems\parquet\4903\system_4903__date_2014_08_19.snappy.000.parquet,pvdaq/parquet/pvdata/system_id=4903/year=2014/month=8/day=19/system_4903__date_2014_08_19.snappy.000.parquet,1771421887.2741559
..\..\data\raw\systems\parquet\4903\system_4903__date_2014_08_02.snappy.000.parquet,pvdaq/parquet/pvdata/system_id=4903/year=2014/month=8/day=2/system_4903__date_2014_08_02.snappy.000.parquet,1771421887.5140786
..\..\data\raw\systems\parquet\4903\system_4903__date_2014_08_20.snappy.000.parquet,pvdaq/parquet/pvdata/system_id=4903/year=2014/month=8/day=20/system_4903__date_2014_08_20.snappy.000.parquet,1771421887.7845306
..\..\data\raw\systems\parquet\4903\system_4903__date_2014_08_21.snappy.000.parquet,pvdaq/parquet/pvdata/system_id=4903/year=2014/month=8/day=21/system_4903__date_2014_08_21.snappy.000.parquet,1771421888.0645053
..\..\data\raw\systems\parquet\4903\system_4903__date_2014_08_22.snappy.000.parquet,pvdaq/parquet/pvdata/system_id=4903/year=2014/month=8/day=22/system_4903__date_2014_08_22.snappy.000.parquet,1771421888.3277476
..\..\data\raw\systems\parquet\4903\system_4903__date_2014_08_23.snappy.000.parquet,pvdaq/parquet/pvdata/system_id=4903/year=2014/month=8/day=23/system_4903__date_2014_08_23.snappy.000.parquet,1771421888.6442235
..\..\data\raw\systems\parquet\4903\system_4903__date_2014_08_24.snappy.000.parquet,pvdaq/parquet/pvdata/system_id=4903/year=2014/month=8/day=24/system_4903__date_2014_08_24.snappy.000.parquet,1771421888.9743521
..\..\data\raw\systems\parquet\4903\system_4903__date_2014_08_25.snappy.000.parquet,pvdaq/parquet/pvdata/system_id=4903/year=2014/month=8/day=25/system_4903__date_2014_08_25.snappy.000.parquet,1771421889.229215
..\..\data\raw\systems\parquet\4903\system_4903__date_2014_08_26.snappy.000.parquet,pvdaq/parquet/pvdata/system_id=4903/year=2014/month=8/day=26/system_4903__date_2014_08_26.snappy.000.parquet,1771421889.516658
..\..\data\raw\systems\parquet\4903\system_4903__date_2014_08_27.snappy.000.parquet,pvdaq/parquet/pvdata/system_id=4903/year=2014/month=8/day=27/system_4903__date_2014_08_27.snappy.000.parquet,1771421889.7862499
..\..\data\raw\systems\parquet\4903\system_4903__date_2014_08_28.snappy.000.parquet,pvdaq/parquet/pvdata/system_id=4903/year=2014/month=8/day=28/system_4903__date_2014_08_28.snappy.000.parquet,1771421890.013994
..\..\data\raw\systems\parquet\4903\system_4903__date_2014_08_29.snappy.000.parquet,pvdaq/parquet/pvdata/system_id=4903/year=2014/month=8/day=29/system_4903__date_2014_08_29.snappy.000.parquet,1771421890.2590168
..\..\data\raw\systems\parquet\4903\system_4903__date_2014_08_03.snappy.000.parquet,pvdaq/parquet/pvdata/system_id=4903/year=2014/month=8/day=3/system_4903__date_2014_08_03.snappy.000.parquet,1771421890.551502
..\..\data\raw\systems\parquet\4903\system_4903__date_2014_08_30.snappy.000.parquet,pvdaq/parquet/pvdata/system_id=4903/year=2014/month=8/day=30/system_4903__date_2014_08_30.snappy.000.parquet,1771421890.9370062
..\..\data\raw\systems\parquet\4903\system_4903__date_2014_08_31.snappy.000.parquet,pvdaq/parquet/pvdata/system_id=4903/year=2014/month=8/day=31/system_4903__date_2014_08_31.snappy.000.parquet,1771421891.2954378
..\..\data\raw\systems\parquet\4903\system_4903__date_2014_08_04.snappy.000.parquet,pvdaq/parquet/pvdata/system_id=4903/year=2014/month=8/day=4/system_4903__date_2014_08_04.snappy.000.parquet,1771421891.6436899
..\..\data\raw\systems\parquet\4903\system_4903__date_2014_08_05.snappy.000.parquet,pvdaq/parquet/pvdata/system_id=4903/year=2014/month=8/day=5/system_4903__date_2014_08_05.snappy.000.parquet,1771421891.8977106
..\..\data\raw\systems\parquet\4903\system_4903__date_2014_08_06.snappy.000.parquet,pvdaq/parquet/pvdata/system_id=4903/year=2014/month=8/day=6/system_4903__date_2014_08_06.snappy.000.parquet,1771421892.1963866
..\..\data\raw\systems\parquet\4903\system_4903__date_2014_08_07.snappy.000.parquet,pvdaq/parquet/pvdata/system_id=4903/year=2014/month=8/day=7/system_4903__date_2014_08_07.snappy.000.parquet,1771421892.498364
..\..\data\raw\systems\parquet\4903\system_4903__date_2014_08_08.snappy.000.parquet,pvdaq/parquet/pvdata/system_id=4903/year=2014/month=8/day=8/system_4903__date_2014_08_08.snappy.000.parquet,1771421892.75636
..\..\data\raw\systems\parquet\4903\system_4903__date_2014_08_09.snappy.000.parquet,pvdaq/parquet/pvdata/system_id=4903/year=2014/month=8/day=9/system_4903__date_2014_08_09.snappy.000.parquet,1771421893.021292
..\..\data\raw\systems\parquet\4903\system_4903__date_2014_09_01.snappy.000.parquet,pvdaq/parquet/pvdata/system_id=4903/year=2014/month=9/day=1/system_4903__date_2014_09_01.snappy.000.parquet,1771421893.3084545
..\..\data\raw\systems\parquet\4903\system_4903__date_2014_09_10.snappy.000.parquet,pvdaq/parquet/pvdata/system_id=4903/year=2014/month=9/day=10/system_4903__date_2014_09_10.snappy.000.parquet,1771421893.5682943
..\..\data\raw\systems\parquet\4903\system_4903__date_2014_09_11.snappy.000.parquet,pvdaq/parquet/pvdata/system_id=4903/year=2014/month=9/day=11/system_4903__date_2014_09_11.snappy.000.parquet,1771421893.8267653
..\..\data\raw\systems\parquet\4903\system_4903__date_2014_09_12.snappy.000.parquet,pvdaq/parquet/pvdata/system_id=4903/year=2014/month=9/day=12/system_4903__date_2014_09_12.snappy.000.parquet,1771421894.0867984
..\..\data\raw\systems\parquet\4903\system_4903__date_2014_09_13.snappy.000.parquet,pvdaq/parquet/pvdata/system_id=4903/year=2014/month=9/day=13/system_4903__date_2014_09_13.snappy.000.parquet,1771421894.3509953
..\..\data\raw\systems\parquet\4903\system_4903__date_2014_09_14.snappy.000.parquet,pvdaq/parquet/pvdata/system_id=4903/year=2014/month=9/day=14/system_4903__date_2014_09_14.snappy.000.parquet,1771421894.649926
..\..\data\raw\systems\parquet\4903\system_4903__date_2014_09_15.snappy.000.parquet,pvdaq/parquet/pvdata/system_id=4903/year=2014/month=9/day=15/system_4903__date_2014_09_15.snappy.000.parquet,1771421894.9467084
..\..\data\raw\systems\parquet\4903\system_4903__date_2014_09_16.snappy.000.parquet,pvdaq/parquet/pvdata/system_id=4903/year=2014/month=9/day=16/system_4903__date_2014_09_16.snappy.000.parquet,1771421895.2546308
..\..\data\raw\systems\parquet\4903\system_4903__date_2014_09_17.snappy.000.parquet,pvdaq/parquet/pvdata/system_id=4903/year=2014/month=9/day=17/system_4903__date_2014_09_17.snappy.000.parquet,1771421895.5126622
..\..\data\raw\systems\parquet\4903\system_4903__date_2014_09_18.snappy.000.parquet,pvdaq/parquet/pvdata/system_id=4903/year=2014/month=9/day=18/system_4903__date_2014_09_18.snappy.000.parquet,1771421895.7775698
..\..\data\raw\systems\parquet\4903\system_4903__date_2014_09_19.snappy.000.parquet,pvdaq/parquet/pvdata/system_id=4903/year=2014/month=9/day=19/system_4903__date_2014_09_19.snappy.000.parquet,1771421896.0816233
..\..\data\raw\systems\parquet\4903\system_4903__date_2014_09_02.snappy.000.parquet,pvdaq/parquet/pvdata/system_id=4903/year=2014/month=9/day=2/system_4903__date_2014_09_02.snappy.000.parquet,1771421896.3646107
..\..\data\raw\systems\parquet\4903\system_4903__date_2014_09_20.snappy.000.parquet,pvdaq/parquet/pvdata/system_id=4903/year=2014/month=9/day=20/system_4903__date_2014_09_20.snappy.000.parquet,1771421896.6515076
..\..\data\raw\systems\parquet\4903\system_4903__date_2014_09_21.snappy.000.parquet,pvdaq/parquet/pvdata/system_id=4903/year=2014/month=9/day=21/system_4903__date_2014_09_21.snappy.000.parquet,1771421896.9175084
..\..\data\raw\systems\parquet\4903\system_4903__date_2014_09_22.snappy.000.parquet,pvdaq/parquet/pvdata/system_id=4903/year=2014/month=9/day=22/system_4903__date_2014_09_22.snappy.000.parquet,1771421897.2095072
..\..\data\raw\systems\parquet\4903\system_4903__date_2014_09_23.snappy.000.parquet,pvdaq/parquet/pvdata/system_id=4903/year=2014/month=9/day=23/system_4903__date_2014_09_23.snappy.000.parquet,1771421897.482522
..\..\data\raw\systems\parquet\4903\system_4903__date_2014_09_24.snappy.000.parquet,pvdaq/parquet/pvdata/system_id=4903/year=2014/month=9/day=24/system_4903__date_2014_09_24.snappy.000.parquet,1771421897.7556038
..\..\data\raw\systems\parquet\4903\system_4903__date_2014_09_25.snappy.000.parquet,pvdaq/parquet/pvdata/system_id=4903/year=2014/month=9/day=25/system_4903__date_2014_09_25.snappy.000.parquet,1771421898.0249577
..\..\data\raw\systems\parquet\4903\system_4903__date_2014_09_26.snappy.000.parquet,pvdaq/parquet/pvdata/system_id=4903/year=2014/month=9/day=26/system_4903__date_2014_09_26.snappy.000.parquet,1771421898.2966483
..\..\data\raw\systems\parquet\4903\system_4903__date_2014_09_27.snappy.000.parquet,pvdaq/parquet/pvdata/system_id=4903/year=2014/month=9/day=27/system_4903__date_2014_09_27.snappy.000.parquet,1771421898.598804
..\..\data\raw\systems\parquet\4903\system_4903__date_2014_09_28.snappy.000.parquet,pvdaq/parquet/pvdata/system_id=4903/year=2014/month=9/day=28/system_4903__date_2014_09_28.snappy.000.parquet,1771421898.8524086
..\..\data\raw\systems\parquet\4903\system_4903__date_2014_09_29.snappy.000.parquet,pvdaq/parquet/pvdata/system_id=4903/year=2014/month=9/day=29/system_4903__date_2014_09_29.snappy.000.parquet,1771421899.162811
..\..\data\raw\systems\parquet\4903\system_4903__date_2014_09_03.snappy.000.parquet,pvdaq/parquet/pvdata/system_id=4903/year=2014/month=9/day=3/system_4903__date_2014_09_03.snappy.000.parquet,1771421899.4194133
..\..\data\raw\systems\parquet\4903\system_4903__date_2014_09_30.snappy.000.parquet,pvdaq/parquet/pvdata/system_id=4903/year=2014/month=9/day=30/system_4903__date_2014_09_30.snappy.000.parquet,1771421900.5629678
..\..\data\raw\systems\parquet\4903\system_4903__date_2014_09_04.snappy.000.parquet,pvdaq/parquet/pvdata/system_id=4903/year=2014/month=9/day=4/system_4903__date_2014_09_04.snappy.000.parquet,1771421900.8203366
..\..\data\raw\systems\parquet\4903\system_4903__date_2014_09_05.snappy.000.parquet,pvdaq/parquet/pvdata/system_id=4903/year=2014/month=9/day=5/system_4903__date_2014_09_05.snappy.000.parquet,1771421901.0854151
..\..\data\raw\systems\parquet\4903\system_4903__date_2014_09_06.snappy.000.parquet,pvdaq/parquet/pvdata/system_id=4903/year=2014/month=9/day=6/system_4903__date_2014_09_06.snappy.000.parquet,1771421901.3185396
..\..\data\raw\systems\parquet\4903\system_4903__date_2014_09_07.snappy.000.parquet,pvdaq/parquet/pvdata/system_id=4903/year=2014/month=9/day=7/system_4903__date_2014_09_07.snappy.000.parquet,1771421901.585409
..\..\data\raw\systems\parquet\4903\system_4903__date_2014_09_08.snappy.000.parquet,pvdaq/parquet/pvdata/system_id=4903/year=2014/month=9/day=8/system_4903__date_2014_09_08.snappy.000.parquet,1771421901.8144336
..\..\data\raw\systems\parquet\4903\system_4903__date_2014_09_09.snappy.000.parquet,pvdaq/parquet/pvdata/system_id=4903/year=2014/month=9/day=9/system_4903__date_2014_09_09.snappy.000.parquet,1771421902.0725698
..\..\data\raw\systems\parquet\4903\system_4903__date_2015_01_01.snappy.000.parquet,pvdaq/parquet/pvdata/system_id=4903/year=2015/month=1/day=1/system_4903__date_2015_01_01.snappy.000.parquet,1771421902.3184245
..\..\data\raw\systems\parquet\4903\system_4903__date_2015_01_10.snappy.000.parquet,pvdaq/parquet/pvdata/system_id=4903/year=2015/month=1/day=10/system_4903__date_2015_01_10.snappy.000.parquet,1771421902.5544233
..\..\data\raw\systems\parquet\4903\system_4903__date_2015_01_11.snappy.000.parquet,pvdaq/parquet/pvdata/system_id=4903/year=2015/month=1/day=11/system_4903__date_2015_01_11.snappy.000.parquet,1771421902.848471
..\..\data\raw\systems\parquet\4903\system_4903__date_2015_01_12.snappy.000.parquet,pvdaq/parquet/pvdata/system_id=4903/year=2015/month=1/day=12/system_4903__date_2015_01_12.snappy.000.parquet,1771421903.1045609
..\..\data\raw\systems\parquet\4903\system_4903__date_2015_01_13.snappy.000.parquet,pvdaq/parquet/pvdata/system_id=4903/year=2015/month=1/day=13/system_4903__date_2015_01_13.snappy.000.parquet,1771421903.365571
..\..\data\raw\systems\parquet\4903\system_4903__date_2015_01_14.snappy.000.parquet,pvdaq/parquet/pvdata/system_id=4903/year=2015/month=1/day=14/system_4903__date_2015_01_14.snappy.000.parquet,1771421903.6300445
..\..\data\raw\systems\parquet\4903\system_4903__date_2015_01_15.snappy.000.parquet,pvdaq/parquet/pvdata/system_id=4903/year=2015/month=1/day=15/system_4903__date_2015_01_15.snappy.000.parquet,1771421903.9258056
..\..\data\raw\systems\parquet\4903\system_4903__date_2015_01_16.snappy.000.parquet,pvdaq/parquet/pvdata/system_id=4903/year=2015/month=1/day=16/system_4903__date_2015_01_16.snappy.000.parquet,1771421904.1606371
..\..\data\raw\systems\parquet\4903\system_4903__date_2015_01_17.snappy.000.parquet,pvdaq/parquet/pvdata/system_id=4903/year=2015/month=1/day=17/system_4903__date_2015_01_17.snappy.000.parquet,1771421904.4580748
..\..\data\raw\systems\parquet\4903\system_4903__date_2015_01_18.snappy.000.parquet,pvdaq/parquet/pvdata/system_id=4903/year=2015/month=1/day=18/system_4903__date_2015_01_18.snappy.000.parquet,1771421904.7283144
..\..\data\raw\systems\parquet\4903\system_4903__date_2015_01_19.snappy.000.parquet,pvdaq/parquet/pvdata/system_id=4903/year=2015/month=1/day=19/system_4903__date_2015_01_19.snappy.000.parquet,1771421904.9712234
..\..\data\raw\systems\parquet\4903\system_4903__date_2015_01_02.snappy.000.parquet,pvdaq/parquet/pvdata/system_id=4903/year=2015/month=1/day=2/system_4903__date_2015_01_02.snappy.000.parquet,1771421905.2266374
..\..\data\raw\systems\parquet\4903\system_4903__date_2015_01_20.snappy.000.parquet,pvdaq/parquet/pvdata/system_id=4903/year=2015/month=1/day=20/system_4903__date_2015_01_20.snappy.000.parquet,1771421905.4715889
..\..\data\raw\systems\parquet\4903\system_4903__date_2015_01_21.snappy.000.parquet,pvdaq/parquet/pvdata/system_id=4903/year=2015/month=1/day=21/system_4903__date_2015_01_21.snappy.000.parquet,1771421905.7266972
..\..\data\raw\systems\parquet\4903\system_4903__date_2015_01_22.snappy.000.parquet,pvdaq/parquet/pvdata/system_id=4903/year=2015/month=1/day=22/system_4903__date_2015_01_22.snappy.000.parquet,1771421905.9819613
..\..\data\raw\systems\parquet\4903\system_4903__date_2015_01_23.snappy.000.parquet,pvdaq/parquet/pvdata/system_id=4903/year=2015/month=1/day=23/system_4903__date_2015_01_23.snappy.000.parquet,1771421906.2533374
..\..\data\raw\systems\parquet\4903\system_4903__date_2015_01_24.snappy.000.parquet,pvdaq/parquet/pvdata/system_id=4903/year=2015/month=1/day=24/system_4903__date_2015_01_24.snappy.000.parquet,1771421906.520334
..\..\data\raw\systems\parquet\4903\system_4903__date_2015_01_25.snappy.000.parquet,pvdaq/parquet/pvdata/system_id=4903/year=2015/month=1/day=25/system_4903__date_2015_01_25.snappy.000.parquet,1771421906.793183
..\..\data\raw\systems\parquet\4903\system_4903__date_2015_01_26.snappy.000.parquet,pvdaq/parquet/pvdata/system_id=4903/year=2015/month=1/day=26/system_4903__date_2015_01_26.snappy.000.parquet,1771421907.025183
..\..\data\raw\systems\parquet\4903\system_4903__date_2015_01_27.snappy.000.parquet,pvdaq/parquet/pvdata/system_id=4903/year=2015/month=1/day=27/system_4903__date_2015_01_27.snappy.000.parquet,1771421907.2925692
..\..\data\raw\systems\parquet\4903\system_4903__date_2015_01_28.snappy.000.parquet,pvdaq/parquet/pvdata/system_id=4903/year=2015/month=1/day=28/system_4903__date_2015_01_28.snappy.000.parquet,1771421907.5182884
..\..\data\raw\systems\parquet\4903\system_4903__date_2015_01_29.snappy.000.parquet,pvdaq/parquet/pvdata/system_id=4903/year=2015/month=1/day=29/system_4903__date_2015_01_29.snappy.000.parquet,1771421907.7798433
..\..\data\raw\systems\parquet\4903\system_4903__date_2015_01_03.snappy.000.parquet,pvdaq/parquet/pvdata/system_id=4903/year=2015/month=1/day=3/system_4903__date_2015_01_03.snappy.000.parquet,1771421908.0580406
..\..\data\raw\systems\parquet\4903\system_4903__date_2015_01_30.snappy.000.parquet,pvdaq/parquet/pvdata/system_id=4903/year=2015/month=1/day=30/system_4903__date_2015_01_30.snappy.000.parquet,1771421908.3141708
..\..\data\raw\systems\parquet\4903\system_4903__date_2015_01_31.snappy.000.parquet,pvdaq/parquet/pvdata/system_id=4903/year=2015/month=1/day=31/system_4903__date_2015_01_31.snappy.000.parquet,1771421908.5790775
..\..\data\raw\systems\parquet\4903\system_4903__date_2015_01_04.snappy.000.parquet,pvdaq/parquet/pvdata/system_id=4903/year=2015/month=1/day=4/system_4903__date_2015_01_04.snappy.000.parquet,1771421908.8461547
..\..\data\raw\systems\parquet\4903\system_4903__date_2015_01_05.snappy.000.parquet,pvdaq/parquet/pvdata/system_id=4903/year=2015/month=1/day=5/system_4903__date_2015_01_05.snappy.000.parquet,1771421909.1022372
..\..\data\raw\systems\parquet\4903\system_4903__date_2015_01_06.snappy.000.parquet,pvdaq/parquet/pvdata/system_id=4903/year=2015/month=1/day=6/system_4903__date_2015_01_06.snappy.000.parquet,1771421909.3733158
..\..\data\raw\systems\parquet\4903\system_4903__date_2015_01_07.snappy.000.parquet,pvdaq/parquet/pvdata/system_id=4903/year=2015/month=1/day=7/system_4903__date_2015_01_07.snappy.000.parquet,1771421909.6455035
..\..\data\raw\systems\parquet\4903\system_4903__date_2015_01_08.snappy.000.parquet,pvdaq/parquet/pvdata/system_id=4903/year=2015/month=1/day=8/system_4903__date_2015_01_08.snappy.000.parquet,1771421909.8868017
..\..\data\raw\systems\parquet\4903\system_4903__date_2015_01_09.snappy.000.parquet,pvdaq/parquet/pvdata/system_id=4903/year=2015/month=1/day=9/system_4903__date_2015_01_09.snappy.000.parquet,1771421910.1465588
..\..\data\raw\systems\parquet\4903\system_4903__date_2015_10_01.snappy.000.parquet,pvdaq/parquet/pvdata/system_id=4903/year=2015/month=10/day=1/system_4903__date_2015_10_01.snappy.000.parquet,1771421910.3996825
..\..\data\raw\systems\parquet\4903\system_4903__date_2015_10_10.snappy.000.parquet,pvdaq/parquet/pvdata/system_id=4903/year=2015/month=10/day=10/system_4903__date_2015_10_10.snappy.000.parquet,1771421910.6476517
..\..\data\raw\systems\parquet\4903\system_4903__date_2015_10_11.snappy.000.parquet,pvdaq/parquet/pvdata/system_id=4903/year=2015/month=10/day=11/system_4903__date_2015_10_11.snappy.000.parquet,1771421910.9110901
..\..\data\raw\systems\parquet\4903\system_4903__date_2015_10_12.snappy.000.parquet,pvdaq/parquet/pvdata/system_id=4903/year=2015/month=10/day=12/system_4903__date_2015_10_12.snappy.000.parquet,1771421911.1935065
..\..\data\raw\systems\parquet\4903\system_4903__date_2015_10_13.snappy.000.parquet,pvdaq/parquet/pvdata/system_id=4903/year=2015/month=10/day=13/system_4903__date_2015_10_13.snappy.000.parquet,1771421911.4246802
..\..\data\raw\systems\parquet\4903\system_4903__date_2015_10_14.snappy.000.parquet,pvdaq/parquet/pvdata/system_id=4903/year=2015/month=10/day=14/system_4903__date_2015_10_14.snappy.000.parquet,1771421911.6550627
..\..\data\raw\systems\parquet\4903\system_4903__date_2015_10_15.snappy.000.parquet,pvdaq/parquet/pvdata/system_id=4903/year=2015/month=10/day=15/system_4903__date_2015_10_15.snappy.000.parquet,1771421911.8847902
..\..\data\raw\systems\parquet\4903\system_4903__date_2015_10_16.snappy.000.parquet,pvdaq/parquet/pvdata/system_id=4903/year=2015/month=10/day=16/system_4903__date_2015_10_16.snappy.000.parquet,1771421912.1635432
..\..\data\raw\systems\parquet\4903\system_4903__date_2015_10_17.snappy.000.parquet,pvdaq/parquet/pvdata/system_id=4903/year=2015/month=10/day=17/system_4903__date_2015_10_17.snappy.000.parquet,1771421912.4508934
..\..\data\raw\systems\parquet\4903\system_4903__date_2015_10_18.snappy.000.parquet,pvdaq/parquet/pvdata/system_id=4903/year=2015/month=10/day=18/system_4903__date_2015_10_18.snappy.000.parquet,1771421912.6971123
..\..\data\raw\systems\parquet\4903\system_4903__date_2015_10_19.snappy.000.parquet,pvdaq/parquet/pvdata/system_id=4903/year=2015/month=10/day=19/system_4903__date_2015_10_19.snappy.000.parquet,1771421912.9914749
..\..\data\raw\systems\parquet\4903\system_4903__date_2015_10_02.snappy.000.parquet,pvdaq/parquet/pvdata/system_id=4903/year=2015/month=10/day=2/system_4903__date_2015_10_02.snappy.000.parquet,1771421913.2536108
..\..\data\raw\systems\parquet\4903\system_4903__date_2015_10_20.snappy.000.parquet,pvdaq/parquet/pvdata/system_id=4903/year=2015/month=10/day=20/system_4903__date_2015_10_20.snappy.000.parquet,1771421914.3412776
..\..\data\raw\systems\parquet\4903\system_4903__date_2015_10_21.snappy.000.parquet,pvdaq/parquet/pvdata/system_id=4903/year=2015/month=10/day=21/system_4903__date_2015_10_21.snappy.000.parquet,1771421914.6843903
..\..\data\raw\systems\parquet\4903\system_4903__date_2015_10_22.snappy.000.parquet,pvdaq/parquet/pvdata/system_id=4903/year=2015/month=10/day=22/system_4903__date_2015_10_22.snappy.000.parquet,1771421914.9288096
..\..\data\raw\systems\parquet\4903\system_4903__date_2015_10_23.snappy.000.parquet,pvdaq/parquet/pvdata/system_id=4903/year=2015/month=10/day=23/system_4903__date_2015_10_23.snappy.000.parquet,1771421915.1916578
..\..\data\raw\systems\parquet\4903\system_4903__date_2015_10_24.snappy.000.parquet,pvdaq/parquet/pvdata/system_id=4903/year=2015/month=10/day=24/system_4903__date_2015_10_24.snappy.000.parquet,1771421915.4670262
..\..\data\raw\systems\parquet\4903\system_4903__date_2015_10_25.snappy.000.parquet,pvdaq/parquet/pvdata/system_id=4903/year=2015/month=10/day=25/system_4903__date_2015_10_25.snappy.000.parquet,1771421915.7133493
..\..\data\raw\systems\parquet\4903\system_4903__date_2015_10_26.snappy.000.parquet,pvdaq/parquet/pvdata/system_id=4903/year=2015/month=10/day=26/system_4903__date_2015_10_26.snappy.000.parquet,1771421915.9625506
..\..\data\raw\systems\parquet\4903\system_4903__date_2015_10_27.snappy.000.parquet,pvdaq/parquet/pvdata/system_id=4903/year=2015/month=10/day=27/system_4903__date_2015_10_27.snappy.000.parquet,1771421916.2278702
..\..\data\raw\systems\parquet\4903\system_4903__date_2015_10_28.snappy.000.parquet,pvdaq/parquet/pvdata/system_id=4903/year=2015/month=10/day=28/system_4903__date_2015_10_28.snappy.000.parquet,1771421916.4798973
..\..\data\raw\systems\parquet\4903\system_4903__date_2015_10_29.snappy.000.parquet,pvdaq/parquet/pvdata/system_id=4903/year=2015/month=10/day=29/system_4903__date_2015_10_29.snappy.000.parquet,1771421916.7511482
..\..\data\raw\systems\parquet\4903\system_4903__date_2015_10_03.snappy.000.parquet,pvdaq/parquet/pvdata/system_id=4903/year=2015/month=10/day=3/system_4903__date_2015_10_03.snappy.000.parquet,1771421917.0165813
..\..\data\raw\systems\parquet\4903\system_4903__date_2015_10_30.snappy.000.parquet,pvdaq/parquet/pvdata/system_id=4903/year=2015/month=10/day=30/system_4903__date_2015_10_30.snappy.000.parquet,1771421917.2556014
..\..\data\raw\systems\parquet\4903\system_4903__date_2015_10_31.snappy.000.parquet,pvdaq/parquet/pvdata/system_id=4903/year=2015/month=10/day=31/system_4903__date_2015_10_31.snappy.000.parquet,1771421917.5015113
..\..\data\raw\systems\parquet\4903\system_4903__date_2015_10_04.snappy.000.parquet,pvdaq/parquet/pvdata/system_id=4903/year=2015/month=10/day=4/system_4903__date_2015_10_04.snappy.000.parquet,1771421917.7557926
..\..\data\raw\systems\parquet\4903\system_4903__date_2015_10_05.snappy.000.parquet,pvdaq/parquet/pvdata/system_id=4903/year=2015/month=10/day=5/system_4903__date_2015_10_05.snappy.000.parquet,1771421918.041739
..\..\data\raw\systems\parquet\4903\system_4903__date_2015_10_06.snappy.000.parquet,pvdaq/parquet/pvdata/system_id=4903/year=2015/month=10/day=6/system_4903__date_2015_10_06.snappy.000.parquet,1771421918.2852557
..\..\data\raw\systems\parquet\4903\system_4903__date_2015_10_07.snappy.000.parquet,pvdaq/parquet/pvdata/system_id=4903/year=2015/month=10/day=7/system_4903__date_2015_10_07.snappy.000.parquet,1771421918.5407064
..\..\data\raw\systems\parquet\4903\system_4903__date_2015_10_08.snappy.000.parquet,pvdaq/parquet/pvdata/system_id=4903/year=2015/month=10/day=8/system_4903__date_2015_10_08.snappy.000.parquet,1771421918.8179264
..\..\data\raw\systems\parquet\4903\system_4903__date_2015_10_09.snappy.000.parquet,pvdaq/parquet/pvdata/system_id=4903/year=2015/month=10/day=9/system_4903__date_2015_10_09.snappy.000.parquet,1771421919.0763235
..\..\data\raw\systems\parquet\4903\system_4903__date_2015_11_01.snappy.000.parquet,pvdaq/parquet/pvdata/system_id=4903/year=2015/month=11/day=1/system_4903__date_2015_11_01.snappy.000.parquet,1771421919.3287094
..\..\data\raw\systems\parquet\4903\system_4903__date_2015_11_10.snappy.000.parquet,pvdaq/parquet/pvdata/system_id=4903/year=2015/month=11/day=10/system_4903__date_2015_11_10.snappy.000.parquet,1771421919.5796845
..\..\data\raw\systems\parquet\4903\system_4903__date_2015_11_11.snappy.000.parquet,pvdaq/parquet/pvdata/system_id=4903/year=2015/month=11/day=11/system_4903__date_2015_11_11.snappy.000.parquet,1771421919.861473
..\..\data\raw\systems\parquet\4903\system_4903__date_2015_11_12.snappy.000.parquet,pvdaq/parquet/pvdata/system_id=4903/year=2015/month=11/day=12/system_4903__date_2015_11_12.snappy.000.parquet,1771421920.11967
..\..\data\raw\systems\parquet\4903\system_4903__date_2015_11_13.snappy.000.parquet,pvdaq/parquet/pvdata/system_id=4903/year=2015/month=11/day=13/system_4903__date_2015_11_13.snappy.000.parquet,1771421920.3606415
..\..\data\raw\systems\parquet\4903\system_4903__date_2015_11_14.snappy.000.parquet,pvdaq/parquet/pvdata/system_id=4903/year=2015/month=11/day=14/system_4903__date_2015_11_14.snappy.000.parquet,1771421920.5991542
..\..\data\raw\systems\parquet\4903\system_4903__date_2015_11_15.snappy.000.parquet,pvdaq/parquet/pvdata/system_id=4903/year=2015/month=11/day=15/system_4903__date_2015_11_15.snappy.000.parquet,1771421920.8717484
..\..\data\raw\systems\parquet\4903\system_4903__date_2015_11_16.snappy.000.parquet,pvdaq/parquet/pvdata/system_id=4903/year=2015/month=11/day=16/system_4903__date_2015_11_16.snappy.000.parquet,1771421921.1022458
..\..\data\raw\systems\parquet\4903\system_4903__date_2015_11_17.snappy.000.parquet,pvdaq/parquet/pvdata/system_id=4903/year=2015/month=11/day=17/system_4903__date_2015_11_17.snappy.000.parquet,1771421921.348413
..\..\data\raw\systems\parquet\4903\system_4903__date_2015_11_18.snappy.000.parquet,pvdaq/parquet/pvdata/system_id=4903/year=2015/month=11/day=18/system_4903__date_2015_11_18.snappy.000.parquet,1771421921.6075585
..\..\data\raw\systems\parquet\4903\system_4903__date_2015_11_19.snappy.000.parquet,pvdaq/parquet/pvdata/system_id=4903/year=2015/month=11/day=19/system_4903__date_2015_11_19.snappy.000.parquet,1771421921.8716896
..\..\data\raw\systems\parquet\4903\system_4903__date_2015_11_02.snappy.000.parquet,pvdaq/parquet/pvdata/system_id=4903/year=2015/month=11/day=2/system_4903__date_2015_11_02.snappy.000.parquet,1771421922.1126897
..\..\data\raw\systems\parquet\4903\system_4903__date_2015_11_20.snappy.000.parquet,pvdaq/parquet/pvdata/system_id=4903/year=2015/month=11/day=20/system_4903__date_2015_11_20.snappy.000.parquet,1771421922.3497894
..\..\data\raw\systems\parquet\4903\system_4903__date_2015_11_21.snappy.000.parquet,pvdaq/parquet/pvdata/system_id=4903/year=2015/month=11/day=21/system_4903__date_2015_11_21.snappy.000.parquet,1771421922.5789258
..\..\data\raw\systems\parquet\4903\system_4903__date_2015_11_22.snappy.000.parquet,pvdaq/parquet/pvdata/system_id=4903/year=2015/month=11/day=22/system_4903__date_2015_11_22.snappy.000.parquet,1771421922.811932
..\..\data\raw\systems\parquet\4903\system_4903__date_2015_11_23.snappy.000.parquet,pvdaq/parquet/pvdata/system_id=4903/year=2015/month=11/day=23/system_4903__date_2015_11_23.snappy.000.parquet,1771421923.0547335
..\..\data\raw\systems\parquet\4903\system_4903__date_2015_11_24.snappy.000.parquet,pvdaq/parquet/pvdata/system_id=4903/year=2015/month=11/day=24/system_4903__date_2015_11_24.snappy.000.parquet,1771421923.3161192
..\..\data\raw\systems\parquet\4903\system_4903__date_2015_11_25.snappy.000.parquet,pvdaq/parquet/pvdata/system_id=4903/year=2015/month=11/day=25/system_4903__date_2015_11_25.snappy.000.parquet,1771421923.578209
..\..\data\raw\systems\parquet\4903\system_4903__date_2015_11_26.snappy.000.parquet,pvdaq/parquet/pvdata/system_id=4903/year=2015/month=11/day=26/system_4903__date_2015_11_26.snappy.000.parquet,1771421923.839513
..\..\data\raw\systems\parquet\4903\system_4903__date_2015_11_27.snappy.000.parquet,pvdaq/parquet/pvdata/system_id=4903/year=2015/month=11/day=27/system_4903__date_2015_11_27.snappy.000.parquet,1771421924.126099
..\..\data\raw\systems\parquet\4903\system_4903__date_2015_11_28.snappy.000.parquet,pvdaq/parquet/pvdata/system_id=4903/year=2015/month=11/day=28/system_4903__date_2015_11_28.snappy.000.parquet,1771421924.4221466
..\..\data\raw\systems\parquet\4903\system_4903__date_2015_11_29.snappy.000.parquet,pvdaq/parquet/pvdata/system_id=4903/year=2015/month=11/day=29/system_4903__date_2015_11_29.snappy.000.parquet,1771421924.7162359
..\..\data\raw\systems\parquet\4903\system_4903__date_2015_11_03.snappy.000.parquet,pvdaq/parquet/pvdata/system_id=4903/year=2015/month=11/day=3/system_4903__date_2015_11_03.snappy.000.parquet,1771421925.0291684
..\..\data\raw\systems\parquet\4903\system_4903__date_2015_11_30.snappy.000.parquet,pvdaq/parquet/pvdata/system_id=4903/year=2015/month=11/day=30/system_4903__date_2015_11_30.snappy.000.parquet,1771421925.2775865
..\..\data\raw\systems\parquet\4903\system_4903__date_2015_11_04.snappy.000.parquet,pvdaq/parquet/pvdata/system_id=4903/year=2015/month=11/day=4/system_4903__date_2015_11_04.snappy.000.parquet,1771421925.5544486
..\..\data\raw\systems\parquet\4903\system_4903__date_2015_11_05.snappy.000.parquet,pvdaq/parquet/pvdata/system_id=4903/year=2015/month=11/day=5/system_4903__date_2015_11_05.snappy.000.parquet,1771421925.8226159
..\..\data\raw\systems\parquet\4903\system_4903__date_2015_11_06.snappy.000.parquet,pvdaq/parquet/pvdata/system_id=4903/year=2015/month=11/day=6/system_4903__date_2015_11_06.snappy.000.parquet,1771421926.0703216
..\..\data\raw\systems\parquet\4903\system_4903__date_2015_11_07.snappy.000.parquet,pvdaq/parquet/pvdata/system_id=4903/year=2015/month=11/day=7/system_4903__date_2015_11_07.snappy.000.parquet,1771421926.3184392
..\..\data\raw\systems\parquet\4903\system_4903__date_2015_11_08.snappy.000.parquet,pvdaq/parquet/pvdata/system_id=4903/year=2015/month=11/day=8/system_4903__date_2015_11_08.snappy.000.parquet,1771421926.582423
..\..\data\raw\systems\parquet\4903\system_4903__date_2015_11_09.snappy.000.parquet,pvdaq/parquet/pvdata/system_id=4903/year=2015/month=11/day=9/system_4903__date_2015_11_09.snappy.000.parquet,1771421926.8274531
..\..\data\raw\systems\parquet\4903\system_4903__date_2015_12_01.snappy.000.parquet,pvdaq/parquet/pvdata/system_id=4903/year=2015/month=12/day=1/system_4903__date_2015_12_01.snappy.000.parquet,1771421927.0776103
..\..\data\raw\systems\parquet\4903\system_4903__date_2015_12_10.snappy.000.parquet,pvdaq/parquet/pvdata/system_id=4903/year=2015/month=12/day=10/system_4903__date_2015_12_10.snappy.000.parquet,1771421928.3002102
..\..\data\raw\systems\parquet\4903\system_4903__date_2015_12_11.snappy.000.parquet,pvdaq/parquet/pvdata/system_id=4903/year=2015/month=12/day=11/system_4903__date_2015_12_11.snappy.000.parquet,1771421928.6256156
..\..\data\raw\systems\parquet\4903\system_4903__date_2015_12_12.snappy.000.parquet,pvdaq/parquet/pvdata/system_id=4903/year=2015/month=12/day=12/system_4903__date_2015_12_12.snappy.000.parquet,1771421928.892536
..\..\data\raw\systems\parquet\4903\system_4903__date_2015_12_13.snappy.000.parquet,pvdaq/parquet/pvdata/system_id=4903/year=2015/month=12/day=13/system_4903__date_2015_12_13.snappy.000.parquet,1771421929.1634529
..\..\data\raw\systems\parquet\4903\system_4903__date_2015_12_14.snappy.000.parquet,pvdaq/parquet/pvdata/system_id=4903/year=2015/month=12/day=14/system_4903__date_2015_12_14.snappy.000.parquet,1771421929.4119596
..\..\data\raw\systems\parquet\4903\system_4903__date_2015_12_15.snappy.000.parquet,pvdaq/parquet/pvdata/system_id=4903/year=2015/month=12/day=15/system_4903__date_2015_12_15.snappy.000.parquet,1771421929.6649716
..\..\data\raw\systems\parquet\4903\system_4903__date_2015_12_16.snappy.000.parquet,pvdaq/parquet/pvdata/system_id=4903/year=2015/month=12/day=16/system_4903__date_2015_12_16.snappy.000.parquet,1771421929.9135876
..\..\data\raw\systems\parquet\4903\system_4903__date_2015_12_17.snappy.000.parquet,pvdaq/parquet/pvdata/system_id=4903/year=2015/month=12/day=17/system_4903__date_2015_12_17.snappy.000.parquet,1771421930.1717498
..\..\data\raw\systems\parquet\4903\system_4903__date_2015_12_18.snappy.000.parquet,pvdaq/parquet/pvdata/system_id=4903/year=2015/month=12/day=18/system_4903__date_2015_12_18.snappy.000.parquet,1771421930.4144247
..\..\data\raw\systems\parquet\4903\system_4903__date_2015_12_19.snappy.000.parquet,pvdaq/parquet/pvdata/system_id=4903/year=2015/month=12/day=19/system_4903__date_2015_12_19.snappy.000.parquet,1771421930.6464248
..\..\data\raw\systems\parquet\4903\system_4903__date_2015_12_02.snappy.000.parquet,pvdaq/parquet/pvdata/system_id=4903/year=2015/month=12/day=2/system_4903__date_2015_12_02.snappy.000.parquet,1771421930.9232047
..\..\data\raw\systems\parquet\4903\system_4903__date_2015_12_20.snappy.000.parquet,pvdaq/parquet/pvdata/system_id=4903/year=2015/month=12/day=20/system_4903__date_2015_12_20.snappy.000.parquet,1771421931.1657503
..\..\data\raw\systems\parquet\4903\system_4903__date_2015_12_21.snappy.000.parquet,pvdaq/parquet/pvdata/system_id=4903/year=2015/month=12/day=21/system_4903__date_2015_12_21.snappy.000.parquet,1771421931.4172661
..\..\data\raw\systems\parquet\4903\system_4903__date_2015_12_22.snappy.000.parquet,pvdaq/parquet/pvdata/system_id=4903/year=2015/month=12/day=22/system_4903__date_2015_12_22.snappy.000.parquet,1771421931.647686
..\..\data\raw\systems\parquet\4903\system_4903__date_2015_12_23.snappy.000.parquet,pvdaq/parquet/pvdata/system_id=4903/year=2015/month=12/day=23/system_4903__date_2015_12_23.snappy.000.parquet,1771421931.9174604
..\..\data\raw\systems\parquet\4903\system_4903__date_2015_12_24.snappy.000.parquet,pvdaq/parquet/pvdata/system_id=4903/year=2015/month=12/day=24/system_4903__date_2015_12_24.snappy.000.parquet,1771421932.2291038
..\..\data\raw\systems\parquet\4903\system_4903__date_2015_12_25.snappy.000.parquet,pvdaq/parquet/pvdata/system_id=4903/year=2015/month=12/day=25/system_4903__date_2015_12_25.snappy.000.parquet,1771421932.4707596
..\..\data\raw\systems\parquet\4903\system_4903__date_2015_12_26.snappy.000.parquet,pvdaq/parquet/pvdata/system_id=4903/year=2015/month=12/day=26/system_4903__date_2015_12_26.snappy.000.parquet,1771421932.7232547
..\..\data\raw\systems\parquet\4903\system_4903__date_2015_12_27.snappy.000.parquet,pvdaq/parquet/pvdata/system_id=4903/year=2015/month=12/day=27/system_4903__date_2015_12_27.snappy.000.parquet,1771421932.9724545
..\..\data\raw\systems\parquet\4903\system_4903__date_2015_12_28.snappy.000.parquet,pvdaq/parquet/pvdata/system_id=4903/year=2015/month=12/day=28/system_4903__date_2015_12_28.snappy.000.parquet,1771421933.2214901
..\..\data\raw\systems\parquet\4903\system_4903__date_2015_12_29.snappy.000.parquet,pvdaq/parquet/pvdata/system_id=4903/year=2015/month=12/day=29/system_4903__date_2015_12_29.snappy.000.parquet,1771421933.5076683
..\..\data\raw\systems\parquet\4903\system_4903__date_2015_12_03.snappy.000.parquet,pvdaq/parquet/pvdata/system_id=4903/year=2015/month=12/day=3/system_4903__date_2015_12_03.snappy.000.parquet,1771421933.8044693
..\..\data\raw\systems\parquet\4903\system_4903__date_2015_12_30.snappy.000.parquet,pvdaq/parquet/pvdata/system_id=4903/year=2015/month=12/day=30/system_4903__date_2015_12_30.snappy.000.parquet,1771421934.0815587
..\..\data\raw\systems\parquet\4903\system_4903__date_2015_12_31.snappy.000.parquet,pvdaq/parquet/pvdata/system_id=4903/year=2015/month=12/day=31/system_4903__date_2015_12_31.snappy.000.parquet,1771421934.3667333
..\..\data\raw\systems\parquet\4903\system_4903__date_2015_12_04.snappy.000.parquet,pvdaq/parquet/pvdata/system_id=4903/year=2015/month=12/day=4/system_4903__date_2015_12_04.snappy.000.parquet,1771421934.6285882
..\..\data\raw\systems\parquet\4903\system_4903__date_2015_12_05.snappy.000.parquet,pvdaq/parquet/pvdata/system_id=4903/year=2015/month=12/day=5/system_4903__date_2015_12_05.snappy.000.parquet,1771421934.8985355
..\..\data\raw\systems\parquet\4903\system_4903__date_2015_12_06.snappy.000.parquet,pvdaq/parquet/pvdata/system_id=4903/year=2015/month=12/day=6/system_4903__date_2015_12_06.snappy.000.parquet,1771421935.1992602
..\..\data\raw\systems\parquet\4903\system_4903__date_2015_12_07.snappy.000.parquet,pvdaq/parquet/pvdata/system_id=4903/year=2015/month=12/day=7/system_4903__date_2015_12_07.snappy.000.parquet,1771421935.4473493
..\..\data\raw\systems\parquet\4903\system_4903__date_2015_12_08.snappy.000.parquet,pvdaq/parquet/pvdata/system_id=4903/year=2015/month=12/day=8/system_4903__date_2015_12_08.snappy.000.parquet,1771421935.743892
..\..\data\raw\systems\parquet\4903\system_4903__date_2015_12_09.snappy.000.parquet,pvdaq/parquet/pvdata/system_id=4903/year=2015/month=12/day=9/system_4903__date_2015_12_09.snappy.000.parquet,1771421936.0351012
..\..\data\raw\systems\parquet\4903\system_4903__date_2015_02_01.snappy.000.parquet,pvdaq/parquet/pvdata/system_id=4903/year=2015/month=2/day=1/system_4903__date_2015_02_01.snappy.000.parquet,1771421936.3024879
..\..\data\raw\systems\parquet\4903\system_4903__date_2015_02_10.snappy.000.parquet,pvdaq/parquet/pvdata/system_id=4903/year=2015/month=2/day=10/system_4903__date_2015_02_10.snappy.000.parquet,1771421936.542528
..\..\data\raw\systems\parquet\4903\system_4903__date_2015_02_11.snappy.000.parquet,pvdaq/parquet/pvdata/system_id=4903/year=2015/month=2/day=11/system_4903__date_2015_02_11.snappy.000.parquet,1771421936.7935448
..\..\data\raw\systems\parquet\4903\system_4903__date_2015_02_12.snappy.000.parquet,pvdaq/parquet/pvdata/system_id=4903/year=2015/month=2/day=12/system_4903__date_2015_02_12.snappy.000.parquet,1771421937.0513432
..\..\data\raw\systems\parquet\4903\system_4903__date_2015_02_13.snappy.000.parquet,pvdaq/parquet/pvdata/system_id=4903/year=2015/month=2/day=13/system_4903__date_2015_02_13.snappy.000.parquet,1771421937.3015337
..\..\data\raw\systems\parquet\4903\system_4903__date_2015_02_14.snappy.000.parquet,pvdaq/parquet/pvdata/system_id=4903/year=2015/month=2/day=14/system_4903__date_2015_02_14.snappy.000.parquet,1771421937.5896883
..\..\data\raw\systems\parquet\4903\system_4903__date_2015_02_15.snappy.000.parquet,pvdaq/parquet/pvdata/system_id=4903/year=2015/month=2/day=15/system_4903__date_2015_02_15.snappy.000.parquet,1771421937.8554714
..\..\data\raw\systems\parquet\4903\system_4903__date_2015_02_16.snappy.000.parquet,pvdaq/parquet/pvdata/system_id=4903/year=2015/month=2/day=16/system_4903__date_2015_02_16.snappy.000.parquet,1771421938.1230152
..\..\data\raw\systems\parquet\4903\system_4903__date_2015_02_17.snappy.000.parquet,pvdaq/parquet/pvdata/system_id=4903/year=2015/month=2/day=17/system_4903__date_2015_02_17.snappy.000.parquet,1771421938.3676503
..\..\data\raw\systems\parquet\4903\system_4903__date_2015_02_18.snappy.000.parquet,pvdaq/parquet/pvdata/system_id=4903/year=2015/month=2/day=18/system_4903__date_2015_02_18.snappy.000.parquet,1771421938.6970954
..\..\data\raw\systems\parquet\4903\system_4903__date_2015_02_19.snappy.000.parquet,pvdaq/parquet/pvdata/system_id=4903/year=2015/month=2/day=19/system_4903__date_2015_02_19.snappy.000.parquet,1771421938.993403
..\..\data\raw\systems\parquet\4903\system_4903__date_2015_02_02.snappy.000.parquet,pvdaq/parquet/pvdata/system_id=4903/year=2015/month=2/day=2/system_4903__date_2015_02_02.snappy.000.parquet,1771421939.2933943
..\..\data\raw\systems\parquet\4903\system_4903__date_2015_02_20.snappy.000.parquet,pvdaq/parquet/pvdata/system_id=4903/year=2015/month=2/day=20/system_4903__date_2015_02_20.snappy.000.parquet,1771421939.582018
..\..\data\raw\systems\parquet\4903\system_4903__date_2015_02_21.snappy.000.parquet,pvdaq/parquet/pvdata/system_id=4903/year=2015/month=2/day=21/system_4903__date_2015_02_21.snappy.000.parquet,1771421939.8580096
..\..\data\raw\systems\parquet\4903\system_4903__date_2015_02_22.snappy.000.parquet,pvdaq/parquet/pvdata/system_id=4903/year=2015/month=2/day=22/system_4903__date_2015_02_22.snappy.000.parquet,1771421940.116514
..\..\data\raw\systems\parquet\4903\system_4903__date_2015_02_23.snappy.000.parquet,pvdaq/parquet/pvdata/system_id=4903/year=2015/month=2/day=23/system_4903__date_2015_02_23.snappy.000.parquet,1771421940.3595898
..\..\data\raw\systems\parquet\4903\system_4903__date_2015_02_24.snappy.000.parquet,pvdaq/parquet/pvdata/system_id=4903/year=2015/month=2/day=24/system_4903__date_2015_02_24.snappy.000.parquet,1771421940.6163285
..\..\data\raw\systems\parquet\4903\system_4903__date_2015_02_25.snappy.000.parquet,pvdaq/parquet/pvdata/system_id=4903/year=2015/month=2/day=25/system_4903__date_2015_02_25.snappy.000.parquet,1771421940.854253
..\..\data\raw\systems\parquet\4903\system_4903__date_2015_02_26.snappy.000.parquet,pvdaq/parquet/pvdata/system_id=4903/year=2015/month=2/day=26/system_4903__date_2015_02_26.snappy.000.parquet,1771421941.1173098
..\..\data\raw\systems\parquet\4903\system_4903__date_2015_02_27.snappy.000.parquet,pvdaq/parquet/pvdata/system_id=4903/year=2015/month=2/day=27/system_4903__date_2015_02_27.snappy.000.parquet,1771421941.4327302
..\..\data\raw\systems\parquet\4903\system_4903__date_2015_02_28.snappy.000.parquet,pvdaq/parquet/pvdata/system_id=4903/year=2015/month=2/day=28/system_4903__date_2015_02_28.snappy.000.parquet,1771421942.6690905
..\..\data\raw\systems\parquet\4903\system_4903__date_2015_02_03.snappy.000.parquet,pvdaq/parquet/pvdata/system_id=4903/year=2015/month=2/day=3/system_4903__date_2015_02_03.snappy.000.parquet,1771421943.0115147
..\..\data\raw\systems\parquet\4903\system_4903__date_2015_02_04.snappy.000.parquet,pvdaq/parquet/pvdata/system_id=4903/year=2015/month=2/day=4/system_4903__date_2015_02_04.snappy.000.parquet,1771421943.2508392
..\..\data\raw\systems\parquet\4903\system_4903__date_2015_02_05.snappy.000.parquet,pvdaq/parquet/pvdata/system_id=4903/year=2015/month=2/day=5/system_4903__date_2015_02_05.snappy.000.parquet,1771421943.5254352
..\..\data\raw\systems\parquet\4903\system_4903__date_2015_02_06.snappy.000.parquet,pvdaq/parquet/pvdata/system_id=4903/year=2015/month=2/day=6/system_4903__date_2015_02_06.snappy.000.parquet,1771421943.7946544
..\..\data\raw\systems\parquet\4903\system_4903__date_2015_02_07.snappy.000.parquet,pvdaq/parquet/pvdata/system_id=4903/year=2015/month=2/day=7/system_4903__date_2015_02_07.snappy.000.parquet,1771421944.0992615
..\..\data\raw\systems\parquet\4903\system_4903__date_2015_02_08.snappy.000.parquet,pvdaq/parquet/pvdata/system_id=4903/year=2015/month=2/day=8/system_4903__date_2015_02_08.snappy.000.parquet,1771421944.3714
..\..\data\raw\systems\parquet\4903\system_4903__date_2015_02_09.snappy.000.parquet,pvdaq/parquet/pvdata/system_id=4903/year=2015/month=2/day=9/system_4903__date_2015_02_09.snappy.000.parquet,1771421944.6561677
..\..\data\raw\systems\parquet\4903\system_4903__date_2015_03_01.snappy.000.parquet,pvdaq/parquet/pvdata/system_id=4903/year=2015/month=3/day=1/system_4903__date_2015_03_01.snappy.000.parquet,1771421944.915252
..\..\data\raw\systems\parquet\4903\system_4903__date_2015_03_10.snappy.000.parquet,pvdaq/parquet/pvdata/system_id=4903/year=2015/month=3/day=10/system_4903__date_2015_03_10.snappy.000.parquet,1771421945.1802514
..\..\data\raw\systems\parquet\4903\system_4903__date_2015_03_11.snappy.000.parquet,pvdaq/parquet/pvdata/system_id=4903/year=2015/month=3/day=11/system_4903__date_2015_03_11.snappy.000.parquet,1771421945.452251
..\..\data\raw\systems\parquet\4903\system_4903__date_2015_03_12.snappy.000.parquet,pvdaq/parquet/pvdata/system_id=4903/year=2015/month=3/day=12/system_4903__date_2015_03_12.snappy.000.parquet,1771421945.6948123
..\..\data\raw\systems\parquet\4903\system_4903__date_2015_03_13.snappy.000.parquet,pvdaq/parquet/pvdata/system_id=4903/year=2015/month=3/day=13/system_4903__date_2015_03_13.snappy.000.parquet,1771421945.933023
..\..\data\raw\systems\parquet\4903\system_4903__date_2015_03_14.snappy.000.parquet,pvdaq/parquet/pvdata/system_id=4903/year=2015/month=3/day=14/system_4903__date_2015_03_14.snappy.000.parquet,1771421946.2676613
..\..\data\raw\systems\parquet\4903\system_4903__date_2015_03_15.snappy.000.parquet,pvdaq/parquet/pvdata/system_id=4903/year=2015/month=3/day=15/system_4903__date_2015_03_15.snappy.000.parquet,1771421946.5353916
..\..\data\raw\systems\parquet\4903\system_4903__date_2015_03_16.snappy.000.parquet,pvdaq/parquet/pvdata/system_id=4903/year=2015/month=3/day=16/system_4903__date_2015_03_16.snappy.000.parquet,1771421946.8036475
..\..\data\raw\systems\parquet\4903\system_4903__date_2015_03_17.snappy.000.parquet,pvdaq/parquet/pvdata/system_id=4903/year=2015/month=3/day=17/system_4903__date_2015_03_17.snappy.000.parquet,1771421947.0835102
..\..\data\raw\systems\parquet\4903\system_4903__date_2015_03_18.snappy.000.parquet,pvdaq/parquet/pvdata/system_id=4903/year=2015/month=3/day=18/system_4903__date_2015_03_18.snappy.000.parquet,1771421947.3486774
..\..\data\raw\systems\parquet\4903\system_4903__date_2015_03_19.snappy.000.parquet,pvdaq/parquet/pvdata/system_id=4903/year=2015/month=3/day=19/system_4903__date_2015_03_19.snappy.000.parquet,1771421947.6157818
..\..\data\raw\systems\parquet\4903\system_4903__date_2015_03_02.snappy.000.parquet,pvdaq/parquet/pvdata/system_id=4903/year=2015/month=3/day=2/system_4903__date_2015_03_02.snappy.000.parquet,1771421947.9067364
..\..\data\raw\systems\parquet\4903\system_4903__date_2015_03_20.snappy.000.parquet,pvdaq/parquet/pvdata/system_id=4903/year=2015/month=3/day=20/system_4903__date_2015_03_20.snappy.000.parquet,1771421948.1596642
..\..\data\raw\systems\parquet\4903\system_4903__date_2015_03_21.snappy.000.parquet,pvdaq/parquet/pvdata/system_id=4903/year=2015/month=3/day=21/system_4903__date_2015_03_21.snappy.000.parquet,1771421948.4116719
..\..\data\raw\systems\parquet\4903\system_4903__date_2015_03_22.snappy.000.parquet,pvdaq/parquet/pvdata/system_id=4903/year=2015/month=3/day=22/system_4903__date_2015_03_22.snappy.000.parquet,1771421948.6976092
..\..\data\raw\systems\parquet\4903\system_4903__date_2015_03_23.snappy.000.parquet,pvdaq/parquet/pvdata/system_id=4903/year=2015/month=3/day=23/system_4903__date_2015_03_23.snappy.000.parquet,1771421949.0205183
..\..\data\raw\systems\parquet\4903\system_4903__date_2015_03_24.snappy.000.parquet,pvdaq/parquet/pvdata/system_id=4903/year=2015/month=3/day=24/system_4903__date_2015_03_24.snappy.000.parquet,1771421949.3506615
..\..\data\raw\systems\parquet\4903\system_4903__date_2015_03_25.snappy.000.parquet,pvdaq/parquet/pvdata/system_id=4903/year=2015/month=3/day=25/system_4903__date_2015_03_25.snappy.000.parquet,1771421949.6181645
..\..\data\raw\systems\parquet\4903\system_4903__date_2015_03_26.snappy.000.parquet,pvdaq/parquet/pvdata/system_id=4903/year=2015/month=3/day=26/system_4903__date_2015_03_26.snappy.000.parquet,1771421949.9154665
..\..\data\raw\systems\parquet\4903\system_4903__date_2015_03_27.snappy.000.parquet,pvdaq/parquet/pvdata/system_id=4903/year=2015/month=3/day=27/system_4903__date_2015_03_27.snappy.000.parquet,1771421950.1652076
..\..\data\raw\systems\parquet\4903\system_4903__date_2015_03_28.snappy.000.parquet,pvdaq/parquet/pvdata/system_id=4903/year=2015/month=3/day=28/system_4903__date_2015_03_28.snappy.000.parquet,1771421950.406805
..\..\data\raw\systems\parquet\4903\system_4903__date_2015_03_29.snappy.000.parquet,pvdaq/parquet/pvdata/system_id=4903/year=2015/month=3/day=29/system_4903__date_2015_03_29.snappy.000.parquet,1771421950.7318568
..\..\data\raw\systems\parquet\4903\system_4903__date_2015_03_03.snappy.000.parquet,pvdaq/parquet/pvdata/system_id=4903/year=2015/month=3/day=3/system_4903__date_2015_03_03.snappy.000.parquet,1771421951.0193112
..\..\data\raw\systems\parquet\4903\system_4903__date_2015_03_30.snappy.000.parquet,pvdaq/parquet/pvdata/system_id=4903/year=2015/month=3/day=30/system_4903__date_2015_03_30.snappy.000.parquet,1771421951.2915118
..\..\data\raw\systems\parquet\4903\system_4903__date_2015_03_31.snappy.000.parquet,pvdaq/parquet/pvdata/system_id=4903/year=2015/month=3/day=31/system_4903__date_2015_03_31.snappy.000.parquet,1771421951.538101
..\..\data\raw\systems\parquet\4903\system_4903__date_2015_03_04.snappy.000.parquet,pvdaq/parquet/pvdata/system_id=4903/year=2015/month=3/day=4/system_4903__date_2015_03_04.snappy.000.parquet,1771421951.8032684
..\..\data\raw\systems\parquet\4903\system_4903__date_2015_03_05.snappy.000.parquet,pvdaq/parquet/pvdata/system_id=4903/year=2015/month=3/day=5/system_4903__date_2015_03_05.snappy.000.parquet,1771421952.0712337
..\..\data\raw\systems\parquet\4903\system_4903__date_2015_03_06.snappy.000.parquet,pvdaq/parquet/pvdata/system_id=4903/year=2015/month=3/day=6/system_4903__date_2015_03_06.snappy.000.parquet,1771421952.3462324
..\..\data\raw\systems\parquet\4903\system_4903__date_2015_03_07.snappy.000.parquet,pvdaq/parquet/pvdata/system_id=4903/year=2015/month=3/day=7/system_4903__date_2015_03_07.snappy.000.parquet,1771421952.5863159
..\..\data\raw\systems\parquet\4903\system_4903__date_2015_03_08.snappy.000.parquet,pvdaq/parquet/pvdata/system_id=4903/year=2015/month=3/day=8/system_4903__date_2015_03_08.snappy.000.parquet,1771421952.861373
..\..\data\raw\systems\parquet\4903\system_4903__date_2015_03_09.snappy.000.parquet,pvdaq/parquet/pvdata/system_id=4903/year=2015/month=3/day=9/system_4903__date_2015_03_09.snappy.000.parquet,1771421953.1185927
..\..\data\raw\systems\parquet\4903\system_4903__date_2015_04_01.snappy.000.parquet,pvdaq/parquet/pvdata/system_id=4903/year=2015/month=4/day=1/system_4903__date_2015_04_01.snappy.000.parquet,1771421953.4094484
..\..\data\raw\systems\parquet\4903\system_4903__date_2015_04_10.snappy.000.parquet,pvdaq/parquet/pvdata/system_id=4903/year=2015/month=4/day=10/system_4903__date_2015_04_10.snappy.000.parquet,1771421953.6674476
..\..\data\raw\systems\parquet\4903\system_4903__date_2015_04_11.snappy.000.parquet,pvdaq/parquet/pvdata/system_id=4903/year=2015/month=4/day=11/system_4903__date_2015_04_11.snappy.000.parquet,1771421953.9644415
..\..\data\raw\systems\parquet\4903\system_4903__date_2015_04_12.snappy.000.parquet,pvdaq/parquet/pvdata/system_id=4903/year=2015/month=4/day=12/system_4903__date_2015_04_12.snappy.000.parquet,1771421954.225655
..\..\data\raw\systems\parquet\4903\system_4903__date_2015_04_13.snappy.000.parquet,pvdaq/parquet/pvdata/system_id=4903/year=2015/month=4/day=13/system_4903__date_2015_04_13.snappy.000.parquet,1771421954.4905462
..\..\data\raw\systems\parquet\4903\system_4903__date_2015_04_14.snappy.000.parquet,pvdaq/parquet/pvdata/system_id=4903/year=2015/month=4/day=14/system_4903__date_2015_04_14.snappy.000.parquet,1771421954.7582192
..\..\data\raw\systems\parquet\4903\system_4903__date_2015_04_15.snappy.000.parquet,pvdaq/parquet/pvdata/system_id=4903/year=2015/month=4/day=15/system_4903__date_2015_04_15.snappy.000.parquet,1771421955.0846963
..\..\data\raw\systems\parquet\4903\system_4903__date_2015_04_16.snappy.000.parquet,pvdaq/parquet/pvdata/system_id=4903/year=2015/month=4/day=16/system_4903__date_2015_04_16.snappy.000.parquet,1771421955.3984125
..\..\data\raw\systems\parquet\4903\system_4903__date_2015_04_17.snappy.000.parquet,pvdaq/parquet/pvdata/system_id=4903/year=2015/month=4/day=17/system_4903__date_2015_04_17.snappy.000.parquet,1771421955.67653
..\..\data\raw\systems\parquet\4903\system_4903__date_2015_04_18.snappy.000.parquet,pvdaq/parquet/pvdata/system_id=4903/year=2015/month=4/day=18/system_4903__date_2015_04_18.snappy.000.parquet,1771421955.930499
..\..\data\raw\systems\parquet\4903\system_4903__date_2015_04_19.snappy.000.parquet,pvdaq/parquet/pvdata/system_id=4903/year=2015/month=4/day=19/system_4903__date_2015_04_19.snappy.000.parquet,1771421956.2237902
..\..\data\raw\systems\parquet\4903\system_4903__date_2015_04_02.snappy.000.parquet,pvdaq/parquet/pvdata/system_id=4903/year=2015/month=4/day=2/system_4903__date_2015_04_02.snappy.000.parquet,1771421957.4250734
..\..\data\raw\systems\parquet\4903\system_4903__date_2015_04_20.snappy.000.parquet,pvdaq/parquet/pvdata/system_id=4903/year=2015/month=4/day=20/system_4903__date_2015_04_20.snappy.000.parquet,1771421957.7556503
..\..\data\raw\systems\parquet\4903\system_4903__date_2015_04_21.snappy.000.parquet,pvdaq/parquet/pvdata/system_id=4903/year=2015/month=4/day=21/system_4903__date_2015_04_21.snappy.000.parquet,1771421958.0216513
..\..\data\raw\systems\parquet\4903\system_4903__date_2015_04_22.snappy.000.parquet,pvdaq/parquet/pvdata/system_id=4903/year=2015/month=4/day=22/system_4903__date_2015_04_22.snappy.000.parquet,1771421958.285379
..\..\data\raw\systems\parquet\4903\system_4903__date_2015_04_23.snappy.000.parquet,pvdaq/parquet/pvdata/system_id=4903/year=2015/month=4/day=23/system_4903__date_2015_04_23.snappy.000.parquet,1771421958.5962694
..\..\data\raw\systems\parquet\4903\system_4903__date_2015_04_24.snappy.000.parquet,pvdaq/parquet/pvdata/system_id=4903/year=2015/month=4/day=24/system_4903__date_2015_04_24.snappy.000.parquet,1771421958.9176476
..\..\data\raw\systems\parquet\4903\system_4903__date_2015_04_25.snappy.000.parquet,pvdaq/parquet/pvdata/system_id=4903/year=2015/month=4/day=25/system_4903__date_2015_04_25.snappy.000.parquet,1771421959.2007778
..\..\data\raw\systems\parquet\4903\system_4903__date_2015_04_26.snappy.000.parquet,pvdaq/parquet/pvdata/system_id=4903/year=2015/month=4/day=26/system_4903__date_2015_04_26.snappy.000.parquet,1771421959.4715633
..\..\data\raw\systems\parquet\4903\system_4903__date_2015_04_27.snappy.000.parquet,pvdaq/parquet/pvdata/system_id=4903/year=2015/month=4/day=27/system_4903__date_2015_04_27.snappy.000.parquet,1771421959.7677422
..\..\data\raw\systems\parquet\4903\system_4903__date_2015_04_28.snappy.000.parquet,pvdaq/parquet/pvdata/system_id=4903/year=2015/month=4/day=28/system_4903__date_2015_04_28.snappy.000.parquet,1771421960.035138
..\..\data\raw\systems\parquet\4903\system_4903__date_2015_04_29.snappy.000.parquet,pvdaq/parquet/pvdata/system_id=4903/year=2015/month=4/day=29/system_4903__date_2015_04_29.snappy.000.parquet,1771421960.3189778
..\..\data\raw\systems\parquet\4903\system_4903__date_2015_04_03.snappy.000.parquet,pvdaq/parquet/pvdata/system_id=4903/year=2015/month=4/day=3/system_4903__date_2015_04_03.snappy.000.parquet,1771421960.6014807
..\..\data\raw\systems\parquet\4903\system_4903__date_2015_04_30.snappy.000.parquet,pvdaq/parquet/pvdata/system_id=4903/year=2015/month=4/day=30/system_4903__date_2015_04_30.snappy.000.parquet,1771421960.9315035
..\..\data\raw\systems\parquet\4903\system_4903__date_2015_04_04.snappy.000.parquet,pvdaq/parquet/pvdata/system_id=4903/year=2015/month=4/day=4/system_4903__date_2015_04_04.snappy.000.parquet,1771421961.1855009
..\..\data\raw\systems\parquet\4903\system_4903__date_2015_04_05.snappy.000.parquet,pvdaq/parquet/pvdata/system_id=4903/year=2015/month=4/day=5/system_4903__date_2015_04_05.snappy.000.parquet,1771421961.4705007
..\..\data\raw\systems\parquet\4903\system_4903__date_2015_04_06.snappy.000.parquet,pvdaq/parquet/pvdata/system_id=4903/year=2015/month=4/day=6/system_4903__date_2015_04_06.snappy.000.parquet,1771421961.7805555
..\..\data\raw\systems\parquet\4903\system_4903__date_2015_04_07.snappy.000.parquet,pvdaq/parquet/pvdata/system_id=4903/year=2015/month=4/day=7/system_4903__date_2015_04_07.snappy.000.parquet,1771421962.0295699
..\..\data\raw\systems\parquet\4903\system_4903__date_2015_04_08.snappy.000.parquet,pvdaq/parquet/pvdata/system_id=4903/year=2015/month=4/day=8/system_4903__date_2015_04_08.snappy.000.parquet,1771421962.2972512
..\..\data\raw\systems\parquet\4903\system_4903__date_2015_04_09.snappy.000.parquet,pvdaq/parquet/pvdata/system_id=4903/year=2015/month=4/day=9/system_4903__date_2015_04_09.snappy.000.parquet,1771421962.5856118
..\..\data\raw\systems\parquet\4903\system_4903__date_2015_05_01.snappy.000.parquet,pvdaq/parquet/pvdata/system_id=4903/year=2015/month=5/day=1/system_4903__date_2015_05_01.snappy.000.parquet,1771421962.847929
..\..\data\raw\systems\parquet\4903\system_4903__date_2015_05_10.snappy.000.parquet,pvdaq/parquet/pvdata/system_id=4903/year=2015/month=5/day=10/system_4903__date_2015_05_10.snappy.000.parquet,1771421963.1383302
..\..\data\raw\systems\parquet\4903\system_4903__date_2015_05_11.snappy.000.parquet,pvdaq/parquet/pvdata/system_id=4903/year=2015/month=5/day=11/system_4903__date_2015_05_11.snappy.000.parquet,1771421963.4113543
..\..\data\raw\systems\parquet\4903\system_4903__date_2015_05_12.snappy.000.parquet,pvdaq/parquet/pvdata/system_id=4903/year=2015/month=5/day=12/system_4903__date_2015_05_12.snappy.000.parquet,1771421963.6825838
..\..\data\raw\systems\parquet\4903\system_4903__date_2015_05_13.snappy.000.parquet,pvdaq/parquet/pvdata/system_id=4903/year=2015/month=5/day=13/system_4903__date_2015_05_13.snappy.000.parquet,1771421963.9349802
..\..\data\raw\systems\parquet\4903\system_4903__date_2015_05_14.snappy.000.parquet,pvdaq/parquet/pvdata/system_id=4903/year=2015/month=5/day=14/system_4903__date_2015_05_14.snappy.000.parquet,1771421964.1936748
..\..\data\raw\systems\parquet\4903\system_4903__date_2015_05_15.snappy.000.parquet,pvdaq/parquet/pvdata/system_id=4903/year=2015/month=5/day=15/system_4903__date_2015_05_15.snappy.000.parquet,1771421964.4534068
..\..\data\raw\systems\parquet\4903\system_4903__date_2015_05_16.snappy.000.parquet,pvdaq/parquet/pvdata/system_id=4903/year=2015/month=5/day=16/system_4903__date_2015_05_16.snappy.000.parquet,1771421964.7270596
..\..\data\raw\systems\parquet\4903\system_4903__date_2015_05_17.snappy.000.parquet,pvdaq/parquet/pvdata/system_id=4903/year=2015/month=5/day=17/system_4903__date_2015_05_17.snappy.000.parquet,1771421964.998254
..\..\data\raw\systems\parquet\4903\system_4903__date_2015_05_18.snappy.000.parquet,pvdaq/parquet/pvdata/system_id=4903/year=2015/month=5/day=18/system_4903__date_2015_05_18.snappy.000.parquet,1771421965.2645276
..\..\data\raw\systems\parquet\4903\system_4903__date_2015_05_19.snappy.000.parquet,pvdaq/parquet/pvdata/system_id=4903/year=2015/month=5/day=19/system_4903__date_2015_05_19.snappy.000.parquet,1771421965.5404096
..\..\data\raw\systems\parquet\4903\system_4903__date_2015_05_02.snappy.000.parquet,pvdaq/parquet/pvdata/system_id=4903/year=2015/month=5/day=2/system_4903__date_2015_05_02.snappy.000.parquet,1771421965.8039465
..\..\data\raw\systems\parquet\4903\system_4903__date_2015_05_20.snappy.000.parquet,pvdaq/parquet/pvdata/system_id=4903/year=2015/month=5/day=20/system_4903__date_2015_05_20.snappy.000.parquet,1771421966.0632565
..\..\data\raw\systems\parquet\4903\system_4903__date_2015_05_21.snappy.000.parquet,pvdaq/parquet/pvdata/system_id=4903/year=2015/month=5/day=21/system_4903__date_2015_05_21.snappy.000.parquet,1771421966.3154352
..\..\data\raw\systems\parquet\4903\system_4903__date_2015_05_22.snappy.000.parquet,pvdaq/parquet/pvdata/system_id=4903/year=2015/month=5/day=22/system_4903__date_2015_05_22.snappy.000.parquet,1771421966.5966694
..\..\data\raw\systems\parquet\4903\system_4903__date_2015_05_23.snappy.000.parquet,pvdaq/parquet/pvdata/system_id=4903/year=2015/month=5/day=23/system_4903__date_2015_05_23.snappy.000.parquet,1771421966.8514786
..\..\data\raw\systems\parquet\4903\system_4903__date_2015_05_24.snappy.000.parquet,pvdaq/parquet/pvdata/system_id=4903/year=2015/month=5/day=24/system_4903__date_2015_05_24.snappy.000.parquet,1771421967.0987654
..\..\data\raw\systems\parquet\4903\system_4903__date_2015_05_25.snappy.000.parquet,pvdaq/parquet/pvdata/system_id=4903/year=2015/month=5/day=25/system_4903__date_2015_05_25.snappy.000.parquet,1771421967.3433995
..\..\data\raw\systems\parquet\4903\system_4903__date_2015_05_26.snappy.000.parquet,pvdaq/parquet/pvdata/system_id=4903/year=2015/month=5/day=26/system_4903__date_2015_05_26.snappy.000.parquet,1771421967.6244996
..\..\data\raw\systems\parquet\4903\system_4903__date_2015_05_27.snappy.000.parquet,pvdaq/parquet/pvdata/system_id=4903/year=2015/month=5/day=27/system_4903__date_2015_05_27.snappy.000.parquet,1771421967.9164004
..\..\data\raw\systems\parquet\4903\system_4903__date_2015_05_28.snappy.000.parquet,pvdaq/parquet/pvdata/system_id=4903/year=2015/month=5/day=28/system_4903__date_2015_05_28.snappy.000.parquet,1771421968.2094002
..\..\data\raw\systems\parquet\4903\system_4903__date_2015_05_29.snappy.000.parquet,pvdaq/parquet/pvdata/system_id=4903/year=2015/month=5/day=29/system_4903__date_2015_05_29.snappy.000.parquet,1771421968.4946315
..\..\data\raw\systems\parquet\4903\system_4903__date_2015_05_03.snappy.000.parquet,pvdaq/parquet/pvdata/system_id=4903/year=2015/month=5/day=3/system_4903__date_2015_05_03.snappy.000.parquet,1771421968.772816
..\..\data\raw\systems\parquet\4903\system_4903__date_2015_05_30.snappy.000.parquet,pvdaq/parquet/pvdata/system_id=4903/year=2015/month=5/day=30/system_4903__date_2015_05_30.snappy.000.parquet,1771421969.0443916
..\..\data\raw\systems\parquet\4903\system_4903__date_2015_05_31.snappy.000.parquet,pvdaq/parquet/pvdata/system_id=4903/year=2015/month=5/day=31/system_4903__date_2015_05_31.snappy.000.parquet,1771421969.3144975
..\..\data\raw\systems\parquet\4903\system_4903__date_2015_05_04.snappy.000.parquet,pvdaq/parquet/pvdata/system_id=4903/year=2015/month=5/day=4/system_4903__date_2015_05_04.snappy.000.parquet,1771421969.5762432
..\..\data\raw\systems\parquet\4903\system_4903__date_2015_05_05.snappy.000.parquet,pvdaq/parquet/pvdata/system_id=4903/year=2015/month=5/day=5/system_4903__date_2015_05_05.snappy.000.parquet,1771421969.841367
..\..\data\raw\systems\parquet\4903\system_4903__date_2015_05_06.snappy.000.parquet,pvdaq/parquet/pvdata/system_id=4903/year=2015/month=5/day=6/system_4903__date_2015_05_06.snappy.000.parquet,1771421970.1443992
..\..\data\raw\systems\parquet\4903\system_4903__date_2015_05_07.snappy.000.parquet,pvdaq/parquet/pvdata/system_id=4903/year=2015/month=5/day=7/system_4903__date_2015_05_07.snappy.000.parquet,1771421970.462777
..\..\data\raw\systems\parquet\4903\system_4903__date_2015_05_08.snappy.000.parquet,pvdaq/parquet/pvdata/system_id=4903/year=2015/month=5/day=8/system_4903__date_2015_05_08.snappy.000.parquet,1771421970.7411137
..\..\data\raw\systems\parquet\4903\system_4903__date_2015_05_09.snappy.000.parquet,pvdaq/parquet/pvdata/system_id=4903/year=2015/month=5/day=9/system_4903__date_2015_05_09.snappy.000.parquet,1771421970.9881213
..\..\data\raw\systems\parquet\4903\system_4903__date_2015_06_01.snappy.000.parquet,pvdaq/parquet/pvdata/system_id=4903/year=2015/month=6/day=1/system_4903__date_2015_06_01.snappy.000.parquet,1771421972.14655
..\..\data\raw\systems\parquet\4903\system_4903__date_2015_06_10.snappy.000.parquet,pvdaq/parquet/pvdata/system_id=4903/year=2015/month=6/day=10/system_4903__date_2015_06_10.snappy.000.parquet,1771421972.3994253
..\..\data\raw\systems\parquet\4903\system_4903__date_2015_06_11.snappy.000.parquet,pvdaq/parquet/pvdata/system_id=4903/year=2015/month=6/day=11/system_4903__date_2015_06_11.snappy.000.parquet,1771421972.6404974
..\..\data\raw\systems\parquet\4903\system_4903__date_2015_06_12.snappy.000.parquet,pvdaq/parquet/pvdata/system_id=4903/year=2015/month=6/day=12/system_4903__date_2015_06_12.snappy.000.parquet,1771421972.9116366
..\..\data\raw\systems\parquet\4903\system_4903__date_2015_06_13.snappy.000.parquet,pvdaq/parquet/pvdata/system_id=4903/year=2015/month=6/day=13/system_4903__date_2015_06_13.snappy.000.parquet,1771421973.23718
..\..\data\raw\systems\parquet\4903\system_4903__date_2015_06_14.snappy.000.parquet,pvdaq/parquet/pvdata/system_id=4903/year=2015/month=6/day=14/system_4903__date_2015_06_14.snappy.000.parquet,1771421973.5881715
..\..\data\raw\systems\parquet\4903\system_4903__date_2015_06_15.snappy.000.parquet,pvdaq/parquet/pvdata/system_id=4903/year=2015/month=6/day=15/system_4903__date_2015_06_15.snappy.000.parquet,1771421973.881226
..\..\data\raw\systems\parquet\4903\system_4903__date_2015_06_16.snappy.000.parquet,pvdaq/parquet/pvdata/system_id=4903/year=2015/month=6/day=16/system_4903__date_2015_06_16.snappy.000.parquet,1771421974.1857533
..\..\data\raw\systems\parquet\4903\system_4903__date_2015_06_17.snappy.000.parquet,pvdaq/parquet/pvdata/system_id=4903/year=2015/month=6/day=17/system_4903__date_2015_06_17.snappy.000.parquet,1771421974.4327543
..\..\data\raw\systems\parquet\4903\system_4903__date_2015_06_18.snappy.000.parquet,pvdaq/parquet/pvdata/system_id=4903/year=2015/month=6/day=18/system_4903__date_2015_06_18.snappy.000.parquet,1771421974.6689663
..\..\data\raw\systems\parquet\4903\system_4903__date_2015_06_19.snappy.000.parquet,pvdaq/parquet/pvdata/system_id=4903/year=2015/month=6/day=19/system_4903__date_2015_06_19.snappy.000.parquet,1771421974.932966
..\..\data\raw\systems\parquet\4903\system_4903__date_2015_06_02.snappy.000.parquet,pvdaq/parquet/pvdata/system_id=4903/year=2015/month=6/day=2/system_4903__date_2015_06_02.snappy.000.parquet,1771421975.1842363
..\..\data\raw\systems\parquet\4903\system_4903__date_2015_06_20.snappy.000.parquet,pvdaq/parquet/pvdata/system_id=4903/year=2015/month=6/day=20/system_4903__date_2015_06_20.snappy.000.parquet,1771421975.420324
..\..\data\raw\systems\parquet\4903\system_4903__date_2015_06_21.snappy.000.parquet,pvdaq/parquet/pvdata/system_id=4903/year=2015/month=6/day=21/system_4903__date_2015_06_21.snappy.000.parquet,1771421975.669325
..\..\data\raw\systems\parquet\4903\system_4903__date_2015_06_22.snappy.000.parquet,pvdaq/parquet/pvdata/system_id=4903/year=2015/month=6/day=22/system_4903__date_2015_06_22.snappy.000.parquet,1771421975.9243233
..\..\data\raw\systems\parquet\4903\system_4903__date_2015_06_23.snappy.000.parquet,pvdaq/parquet/pvdata/system_id=4903/year=2015/month=6/day=23/system_4903__date_2015_06_23.snappy.000.parquet,1771421976.176457
..\..\data\raw\systems\parquet\4903\system_4903__date_2015_06_24.snappy.000.parquet,pvdaq/parquet/pvdata/system_id=4903/year=2015/month=6/day=24/system_4903__date_2015_06_24.snappy.000.parquet,1771421976.4338868
..\..\data\raw\systems\parquet\4903\system_4903__date_2015_06_25.snappy.000.parquet,pvdaq/parquet/pvdata/system_id=4903/year=2015/month=6/day=25/system_4903__date_2015_06_25.snappy.000.parquet,1771421976.6998785
..\..\data\raw\systems\parquet\4903\system_4903__date_2015_06_26.snappy.000.parquet,pvdaq/parquet/pvdata/system_id=4903/year=2015/month=6/day=26/system_4903__date_2015_06_26.snappy.000.parquet,1771421976.9566336
..\..\data\raw\systems\parquet\4903\system_4903__date_2015_06_27.snappy.000.parquet,pvdaq/parquet/pvdata/system_id=4903/year=2015/month=6/day=27/system_4903__date_2015_06_27.snappy.000.parquet,1771421977.216557
..\..\data\raw\systems\parquet\4903\system_4903__date_2015_06_28.snappy.000.parquet,pvdaq/parquet/pvdata/system_id=4903/year=2015/month=6/day=28/system_4903__date_2015_06_28.snappy.000.parquet,1771421977.5060658
..\..\data\raw\systems\parquet\4903\system_4903__date_2015_06_29.snappy.000.parquet,pvdaq/parquet/pvdata/system_id=4903/year=2015/month=6/day=29/system_4903__date_2015_06_29.snappy.000.parquet,1771421977.7555034
..\..\data\raw\systems\parquet\4903\system_4903__date_2015_06_03.snappy.000.parquet,pvdaq/parquet/pvdata/system_id=4903/year=2015/month=6/day=3/system_4903__date_2015_06_03.snappy.000.parquet,1771421978.035604
..\..\data\raw\systems\parquet\4903\system_4903__date_2015_06_30.snappy.000.parquet,pvdaq/parquet/pvdata/system_id=4903/year=2015/month=6/day=30/system_4903__date_2015_06_30.snappy.000.parquet,1771421978.3101301
..\..\data\raw\systems\parquet\4903\system_4903__date_2015_06_04.snappy.000.parquet,pvdaq/parquet/pvdata/system_id=4903/year=2015/month=6/day=4/system_4903__date_2015_06_04.snappy.000.parquet,1771421978.553499
..\..\data\raw\systems\parquet\4903\system_4903__date_2015_06_05.snappy.000.parquet,pvdaq/parquet/pvdata/system_id=4903/year=2015/month=6/day=5/system_4903__date_2015_06_05.snappy.000.parquet,1771421978.8099132
..\..\data\raw\systems\parquet\4903\system_4903__date_2015_06_07.snappy.000.parquet,pvdaq/parquet/pvdata/system_id=4903/year=2015/month=6/day=7/system_4903__date_2015_06_07.snappy.000.parquet,1771421979.0586634
..\..\data\raw\systems\parquet\4903\system_4903__date_2015_06_08.snappy.000.parquet,pvdaq/parquet/pvdata/system_id=4903/year=2015/month=6/day=8/system_4903__date_2015_06_08.snappy.000.parquet,1771421979.2913573
..\..\data\raw\systems\parquet\4903\system_4903__date_2015_06_09.snappy.000.parquet,pvdaq/parquet/pvdata/system_id=4903/year=2015/month=6/day=9/system_4903__date_2015_06_09.snappy.000.parquet,1771421979.5406132
..\..\data\raw\systems\parquet\4903\system_4903__date_2015_07_01.snappy.000.parquet,pvdaq/parquet/pvdata/system_id=4903/year=2015/month=7/day=1/system_4903__date_2015_07_01.snappy.000.parquet,1771421979.8552103
..\..\data\raw\systems\parquet\4903\system_4903__date_2015_07_10.snappy.000.parquet,pvdaq/parquet/pvdata/system_id=4903/year=2015/month=7/day=10/system_4903__date_2015_07_10.snappy.000.parquet,1771421980.109747
..\..\data\raw\systems\parquet\4903\system_4903__date_2015_07_11.snappy.000.parquet,pvdaq/parquet/pvdata/system_id=4903/year=2015/month=7/day=11/system_4903__date_2015_07_11.snappy.000.parquet,1771421980.384686
..\..\data\raw\systems\parquet\4903\system_4903__date_2015_07_12.snappy.000.parquet,pvdaq/parquet/pvdata/system_id=4903/year=2015/month=7/day=12/system_4903__date_2015_07_12.snappy.000.parquet,1771421980.674812
..\..\data\raw\systems\parquet\4903\system_4903__date_2015_07_13.snappy.000.parquet,pvdaq/parquet/pvdata/system_id=4903/year=2015/month=7/day=13/system_4903__date_2015_07_13.snappy.000.parquet,1771421981.0106025
..\..\data\raw\systems\parquet\4903\system_4903__date_2015_07_14.snappy.000.parquet,pvdaq/parquet/pvdata/system_id=4903/year=2015/month=7/day=14/system_4903__date_2015_07_14.snappy.000.parquet,1771421981.286602
..\..\data\raw\systems\parquet\4903\system_4903__date_2015_07_15.snappy.000.parquet,pvdaq/parquet/pvdata/system_id=4903/year=2015/month=7/day=15/system_4903__date_2015_07_15.snappy.000.parquet,1771421981.5566013
..\..\data\raw\systems\parquet\4903\system_4903__date_2015_07_16.snappy.000.parquet,pvdaq/parquet/pvdata/system_id=4903/year=2015/month=7/day=16/system_4903__date_2015_07_16.snappy.000.parquet,1771421981.8225155
..\..\data\raw\systems\parquet\4903\system_4903__date_2015_07_17.snappy.000.parquet,pvdaq/parquet/pvdata/system_id=4903/year=2015/month=7/day=17/system_4903__date_2015_07_17.snappy.000.parquet,1771421982.0855622
..\..\data\raw\systems\parquet\4903\system_4903__date_2015_07_18.snappy.000.parquet,pvdaq/parquet/pvdata/system_id=4903/year=2015/month=7/day=18/system_4903__date_2015_07_18.snappy.000.parquet,1771421982.3675632
..\..\data\raw\systems\parquet\4903\system_4903__date_2015_07_19.snappy.000.parquet,pvdaq/parquet/pvdata/system_id=4903/year=2015/month=7/day=19/system_4903__date_2015_07_19.snappy.000.parquet,1771421982.6565757
..\..\data\raw\systems\parquet\4903\system_4903__date_2015_07_02.snappy.000.parquet,pvdaq/parquet/pvdata/system_id=4903/year=2015/month=7/day=2/system_4903__date_2015_07_02.snappy.000.parquet,1771421982.900575
..\..\data\raw\systems\parquet\4903\system_4903__date_2015_07_20.snappy.000.parquet,pvdaq/parquet/pvdata/system_id=4903/year=2015/month=7/day=20/system_4903__date_2015_07_20.snappy.000.parquet,1771421983.157575
..\..\data\raw\systems\parquet\4903\system_4903__date_2015_07_21.snappy.000.parquet,pvdaq/parquet/pvdata/system_id=4903/year=2015/month=7/day=21/system_4903__date_2015_07_21.snappy.000.parquet,1771421983.430909
..\..\data\raw\systems\parquet\4903\system_4903__date_2015_07_22.snappy.000.parquet,pvdaq/parquet/pvdata/system_id=4903/year=2015/month=7/day=22/system_4903__date_2015_07_22.snappy.000.parquet,1771421983.6973875
..\..\data\raw\systems\parquet\4903\system_4903__date_2015_07_23.snappy.000.parquet,pvdaq/parquet/pvdata/system_id=4903/year=2015/month=7/day=23/system_4903__date_2015_07_23.snappy.000.parquet,1771421983.941378
..\..\data\raw\systems\parquet\4903\system_4903__date_2015_07_24.snappy.000.parquet,pvdaq/parquet/pvdata/system_id=4903/year=2015/month=7/day=24/system_4903__date_2015_07_24.snappy.000.parquet,1771421984.1943786
..\..\data\raw\systems\parquet\4903\system_4903__date_2015_07_25.snappy.000.parquet,pvdaq/parquet/pvdata/system_id=4903/year=2015/month=7/day=25/system_4903__date_2015_07_25.snappy.000.parquet,1771421984.4503777
..\..\data\raw\systems\parquet\4903\system_4903__date_2015_07_26.snappy.000.parquet,pvdaq/parquet/pvdata/system_id=4903/year=2015/month=7/day=26/system_4903__date_2015_07_26.snappy.000.parquet,1771421984.6814034
..\..\data\raw\systems\parquet\4903\system_4903__date_2015_07_27.snappy.000.parquet,pvdaq/parquet/pvdata/system_id=4903/year=2015/month=7/day=27/system_4903__date_2015_07_27.snappy.000.parquet,1771421984.9714148
..\..\data\raw\systems\parquet\4903\system_4903__date_2015_07_28.snappy.000.parquet,pvdaq/parquet/pvdata/system_id=4903/year=2015/month=7/day=28/system_4903__date_2015_07_28.snappy.000.parquet,1771421985.204496
..\..\data\raw\systems\parquet\4903\system_4903__date_2015_07_29.snappy.000.parquet,pvdaq/parquet/pvdata/system_id=4903/year=2015/month=7/day=29/system_4903__date_2015_07_29.snappy.000.parquet,1771421986.4060698
..\..\data\raw\systems\parquet\4903\system_4903__date_2015_07_03.snappy.000.parquet,pvdaq/parquet/pvdata/system_id=4903/year=2015/month=7/day=3/system_4903__date_2015_07_03.snappy.000.parquet,1771421986.6537316
..\..\data\raw\systems\parquet\4903\system_4903__date_2015_07_30.snappy.000.parquet,pvdaq/parquet/pvdata/system_id=4903/year=2015/month=7/day=30/system_4903__date_2015_07_30.snappy.000.parquet,1771421986.948336
..\..\data\raw\systems\parquet\4903\system_4903__date_2015_07_31.snappy.000.parquet,pvdaq/parquet/pvdata/system_id=4903/year=2015/month=7/day=31/system_4903__date_2015_07_31.snappy.000.parquet,1771421987.2166703
..\..\data\raw\systems\parquet\4903\system_4903__date_2015_07_04.snappy.000.parquet,pvdaq/parquet/pvdata/system_id=4903/year=2015/month=7/day=4/system_4903__date_2015_07_04.snappy.000.parquet,1771421987.5055451
..\..\data\raw\systems\parquet\4903\system_4903__date_2015_07_05.snappy.000.parquet,pvdaq/parquet/pvdata/system_id=4903/year=2015/month=7/day=5/system_4903__date_2015_07_05.snappy.000.parquet,1771421987.7919333
..\..\data\raw\systems\parquet\4903\system_4903__date_2015_07_06.snappy.000.parquet,pvdaq/parquet/pvdata/system_id=4903/year=2015/month=7/day=6/system_4903__date_2015_07_06.snappy.000.parquet,1771421988.0468855
..\..\data\raw\systems\parquet\4903\system_4903__date_2015_07_07.snappy.000.parquet,pvdaq/parquet/pvdata/system_id=4903/year=2015/month=7/day=7/system_4903__date_2015_07_07.snappy.000.parquet,1771421988.326423
..\..\data\raw\systems\parquet\4903\system_4903__date_2015_07_08.snappy.000.parquet,pvdaq/parquet/pvdata/system_id=4903/year=2015/month=7/day=8/system_4903__date_2015_07_08.snappy.000.parquet,1771421988.656247
..\..\data\raw\systems\parquet\4903\system_4903__date_2015_07_09.snappy.000.parquet,pvdaq/parquet/pvdata/system_id=4903/year=2015/month=7/day=9/system_4903__date_2015_07_09.snappy.000.parquet,1771421988.9172785
..\..\data\raw\systems\parquet\4903\system_4903__date_2015_08_01.snappy.000.parquet,pvdaq/parquet/pvdata/system_id=4903/year=2015/month=8/day=1/system_4903__date_2015_08_01.snappy.000.parquet,1771421989.2341576
..\..\data\raw\systems\parquet\4903\system_4903__date_2015_08_10.snappy.000.parquet,pvdaq/parquet/pvdata/system_id=4903/year=2015/month=8/day=10/system_4903__date_2015_08_10.snappy.000.parquet,1771421989.498987
..\..\data\raw\systems\parquet\4903\system_4903__date_2015_08_11.snappy.000.parquet,pvdaq/parquet/pvdata/system_id=4903/year=2015/month=8/day=11/system_4903__date_2015_08_11.snappy.000.parquet,1771421989.7571342
..\..\data\raw\systems\parquet\4903\system_4903__date_2015_08_12.snappy.000.parquet,pvdaq/parquet/pvdata/system_id=4903/year=2015/month=8/day=12/system_4903__date_2015_08_12.snappy.000.parquet,1771421990.0244055
..\..\data\raw\systems\parquet\4903\system_4903__date_2015_08_13.snappy.000.parquet,pvdaq/parquet/pvdata/system_id=4903/year=2015/month=8/day=13/system_4903__date_2015_08_13.snappy.000.parquet,1771421990.2956004
..\..\data\raw\systems\parquet\4903\system_4903__date_2015_08_14.snappy.000.parquet,pvdaq/parquet/pvdata/system_id=4903/year=2015/month=8/day=14/system_4903__date_2015_08_14.snappy.000.parquet,1771421990.5675747
..\..\data\raw\systems\parquet\4903\system_4903__date_2015_08_15.snappy.000.parquet,pvdaq/parquet/pvdata/system_id=4903/year=2015/month=8/day=15/system_4903__date_2015_08_15.snappy.000.parquet,1771421990.8599856
..\..\data\raw\systems\parquet\4903\system_4903__date_2015_08_16.snappy.000.parquet,pvdaq/parquet/pvdata/system_id=4903/year=2015/month=8/day=16/system_4903__date_2015_08_16.snappy.000.parquet,1771421991.1171584
..\..\data\raw\systems\parquet\4903\system_4903__date_2015_08_17.snappy.000.parquet,pvdaq/parquet/pvdata/system_id=4903/year=2015/month=8/day=17/system_4903__date_2015_08_17.snappy.000.parquet,1771421991.3765948
..\..\data\raw\systems\parquet\4903\system_4903__date_2015_08_18.snappy.000.parquet,pvdaq/parquet/pvdata/system_id=4903/year=2015/month=8/day=18/system_4903__date_2015_08_18.snappy.000.parquet,1771421991.647086
..\..\data\raw\systems\parquet\4903\system_4903__date_2015_08_19.snappy.000.parquet,pvdaq/parquet/pvdata/system_id=4903/year=2015/month=8/day=19/system_4903__date_2015_08_19.snappy.000.parquet,1771421991.886166
..\..\data\raw\systems\parquet\4903\system_4903__date_2015_08_02.snappy.000.parquet,pvdaq/parquet/pvdata/system_id=4903/year=2015/month=8/day=2/system_4903__date_2015_08_02.snappy.000.parquet,1771421992.116017
..\..\data\raw\systems\parquet\4903\system_4903__date_2015_08_20.snappy.000.parquet,pvdaq/parquet/pvdata/system_id=4903/year=2015/month=8/day=20/system_4903__date_2015_08_20.snappy.000.parquet,1771421992.3974988
..\..\data\raw\systems\parquet\4903\system_4903__date_2015_08_21.snappy.000.parquet,pvdaq/parquet/pvdata/system_id=4903/year=2015/month=8/day=21/system_4903__date_2015_08_21.snappy.000.parquet,1771421992.657941
..\..\data\raw\systems\parquet\4903\system_4903__date_2015_08_22.snappy.000.parquet,pvdaq/parquet/pvdata/system_id=4903/year=2015/month=8/day=22/system_4903__date_2015_08_22.snappy.000.parquet,1771421992.925673
..\..\data\raw\systems\parquet\4903\system_4903__date_2015_08_23.snappy.000.parquet,pvdaq/parquet/pvdata/system_id=4903/year=2015/month=8/day=23/system_4903__date_2015_08_23.snappy.000.parquet,1771421993.1675284
..\..\data\raw\systems\parquet\4903\system_4903__date_2015_08_24.snappy.000.parquet,pvdaq/parquet/pvdata/system_id=4903/year=2015/month=8/day=24/system_4903__date_2015_08_24.snappy.000.parquet,1771421993.4485862
..\..\data\raw\systems\parquet\4903\system_4903__date_2015_08_25.snappy.000.parquet,pvdaq/parquet/pvdata/system_id=4903/year=2015/month=8/day=25/system_4903__date_2015_08_25.snappy.000.parquet,1771421993.7484772
..\..\data\raw\systems\parquet\4903\system_4903__date_2015_08_26.snappy.000.parquet,pvdaq/parquet/pvdata/system_id=4903/year=2015/month=8/day=26/system_4903__date_2015_08_26.snappy.000.parquet,1771421994.0024757
..\..\data\raw\systems\parquet\4903\system_4903__date_2015_08_27.snappy.000.parquet,pvdaq/parquet/pvdata/system_id=4903/year=2015/month=8/day=27/system_4903__date_2015_08_27.snappy.000.parquet,1771421994.258529
..\..\data\raw\systems\parquet\4903\system_4903__date_2015_08_28.snappy.000.parquet,pvdaq/parquet/pvdata/system_id=4903/year=2015/month=8/day=28/system_4903__date_2015_08_28.snappy.000.parquet,1771421994.545067
..\..\data\raw\systems\parquet\4903\system_4903__date_2015_08_29.snappy.000.parquet,pvdaq/parquet/pvdata/system_id=4903/year=2015/month=8/day=29/system_4903__date_2015_08_29.snappy.000.parquet,1771421994.8140776
..\..\data\raw\systems\parquet\4903\system_4903__date_2015_08_03.snappy.000.parquet,pvdaq/parquet/pvdata/system_id=4903/year=2015/month=8/day=3/system_4903__date_2015_08_03.snappy.000.parquet,1771421995.0940666
..\..\data\raw\systems\parquet\4903\system_4903__date_2015_08_30.snappy.000.parquet,pvdaq/parquet/pvdata/system_id=4903/year=2015/month=8/day=30/system_4903__date_2015_08_30.snappy.000.parquet,1771421995.4000685
..\..\data\raw\systems\parquet\4903\system_4903__date_2015_08_31.snappy.000.parquet,pvdaq/parquet/pvdata/system_id=4903/year=2015/month=8/day=31/system_4903__date_2015_08_31.snappy.000.parquet,1771421995.6920674
..\..\data\raw\systems\parquet\4903\system_4903__date_2015_08_04.snappy.000.parquet,pvdaq/parquet/pvdata/system_id=4903/year=2015/month=8/day=4/system_4903__date_2015_08_04.snappy.000.parquet,1771421995.997067
..\..\data\raw\systems\parquet\4903\system_4903__date_2015_08_05.snappy.000.parquet,pvdaq/parquet/pvdata/system_id=4903/year=2015/month=8/day=5/system_4903__date_2015_08_05.snappy.000.parquet,1771421996.295067
..\..\data\raw\systems\parquet\4903\system_4903__date_2015_08_06.snappy.000.parquet,pvdaq/parquet/pvdata/system_id=4903/year=2015/month=8/day=6/system_4903__date_2015_08_06.snappy.000.parquet,1771421996.562068
..\..\data\raw\systems\parquet\4903\system_4903__date_2015_08_07.snappy.000.parquet,pvdaq/parquet/pvdata/system_id=4903/year=2015/month=8/day=7/system_4903__date_2015_08_07.snappy.000.parquet,1771421996.8170667
..\..\data\raw\systems\parquet\4903\system_4903__date_2015_08_09.snappy.000.parquet,pvdaq/parquet/pvdata/system_id=4903/year=2015/month=8/day=9/system_4903__date_2015_08_09.snappy.000.parquet,1771421997.063081
..\..\data\raw\systems\parquet\4903\system_4903__date_2015_09_01.snappy.000.parquet,pvdaq/parquet/pvdata/system_id=4903/year=2015/month=9/day=1/system_4903__date_2015_09_01.snappy.000.parquet,1771421997.3350773
..\..\data\raw\systems\parquet\4903\system_4903__date_2015_09_10.snappy.000.parquet,pvdaq/parquet/pvdata/system_id=4903/year=2015/month=9/day=10/system_4903__date_2015_09_10.snappy.000.parquet,1771421997.5771086
..\..\data\raw\systems\parquet\4903\system_4903__date_2015_09_11.snappy.000.parquet,pvdaq/parquet/pvdata/system_id=4903/year=2015/month=9/day=11/system_4903__date_2015_09_11.snappy.000.parquet,1771421997.8410692
..\..\data\raw\systems\parquet\4903\system_4903__date_2015_09_12.snappy.000.parquet,pvdaq/parquet/pvdata/system_id=4903/year=2015/month=9/day=12/system_4903__date_2015_09_12.snappy.000.parquet,1771421998.1013625
..\..\data\raw\systems\parquet\4903\system_4903__date_2015_09_13.snappy.000.parquet,pvdaq/parquet/pvdata/system_id=4903/year=2015/month=9/day=13/system_4903__date_2015_09_13.snappy.000.parquet,1771421998.3613422
..\..\data\raw\systems\parquet\4903\system_4903__date_2015_09_14.snappy.000.parquet,pvdaq/parquet/pvdata/system_id=4903/year=2015/month=9/day=14/system_4903__date_2015_09_14.snappy.000.parquet,1771421998.6234245
..\..\data\raw\systems\parquet\4903\system_4903__date_2015_09_15.snappy.000.parquet,pvdaq/parquet/pvdata/system_id=4903/year=2015/month=9/day=15/system_4903__date_2015_09_15.snappy.000.parquet,1771421998.9073396
..\..\data\raw\systems\parquet\4903\system_4903__date_2015_09_16.snappy.000.parquet,pvdaq/parquet/pvdata/system_id=4903/year=2015/month=9/day=16/system_4903__date_2015_09_16.snappy.000.parquet,1771421999.1815414
..\..\data\raw\systems\parquet\4903\system_4903__date_2015_09_17.snappy.000.parquet,pvdaq/parquet/pvdata/system_id=4903/year=2015/month=9/day=17/system_4903__date_2015_09_17.snappy.000.parquet,1771421999.4775958
..\..\data\raw\systems\parquet\4903\system_4903__date_2015_09_18.snappy.000.parquet,pvdaq/parquet/pvdata/system_id=4903/year=2015/month=9/day=18/system_4903__date_2015_09_18.snappy.000.parquet,1771421999.7315931
..\..\data\raw\systems\parquet\4903\system_4903__date_2015_09_19.snappy.000.parquet,pvdaq/parquet/pvdata/system_id=4903/year=2015/month=9/day=19/system_4903__date_2015_09_19.snappy.000.parquet,1771422000.9264472
..\..\data\raw\systems\parquet\4903\system_4903__date_2015_09_02.snappy.000.parquet,pvdaq/parquet/pvdata/system_id=4903/year=2015/month=9/day=2/system_4903__date_2015_09_02.snappy.000.parquet,1771422001.1934571
..\..\data\raw\systems\parquet\4903\system_4903__date_2015_09_20.snappy.000.parquet,pvdaq/parquet/pvdata/system_id=4903/year=2015/month=9/day=20/system_4903__date_2015_09_20.snappy.000.parquet,1771422001.437301
..\..\data\raw\systems\parquet\4903\system_4903__date_2015_09_21.snappy.000.parquet,pvdaq/parquet/pvdata/system_id=4903/year=2015/month=9/day=21/system_4903__date_2015_09_21.snappy.000.parquet,1771422001.6705506
..\..\data\raw\systems\parquet\4903\system_4903__date_2015_09_22.snappy.000.parquet,pvdaq/parquet/pvdata/system_id=4903/year=2015/month=9/day=22/system_4903__date_2015_09_22.snappy.000.parquet,1771422001.9365609
..\..\data\raw\systems\parquet\4903\system_4903__date_2015_09_23.snappy.000.parquet,pvdaq/parquet/pvdata/system_id=4903/year=2015/month=9/day=23/system_4903__date_2015_09_23.snappy.000.parquet,1771422002.1870537
..\..\data\raw\systems\parquet\4903\system_4903__date_2015_09_24.snappy.000.parquet,pvdaq/parquet/pvdata/system_id=4903/year=2015/month=9/day=24/system_4903__date_2015_09_24.snappy.000.parquet,1771422002.4653037
..\..\data\raw\systems\parquet\4903\system_4903__date_2015_09_25.snappy.000.parquet,pvdaq/parquet/pvdata/system_id=4903/year=2015/month=9/day=25/system_4903__date_2015_09_25.snappy.000.parquet,1771422002.7143383
..\..\data\raw\systems\parquet\4903\system_4903__date_2015_09_26.snappy.000.parquet,pvdaq/parquet/pvdata/system_id=4903/year=2015/month=9/day=26/system_4903__date_2015_09_26.snappy.000.parquet,1771422002.993362
..\..\data\raw\systems\parquet\4903\system_4903__date_2015_09_27.snappy.000.parquet,pvdaq/parquet/pvdata/system_id=4903/year=2015/month=9/day=27/system_4903__date_2015_09_27.snappy.000.parquet,1771422003.25733
..\..\data\raw\systems\parquet\4903\system_4903__date_2015_09_28.snappy.000.parquet,pvdaq/parquet/pvdata/system_id=4903/year=2015/month=9/day=28/system_4903__date_2015_09_28.snappy.000.parquet,1771422003.5144944
..\..\data\raw\systems\parquet\4903\system_4903__date_2015_09_29.snappy.000.parquet,pvdaq/parquet/pvdata/system_id=4903/year=2015/month=9/day=29/system_4903__date_2015_09_29.snappy.000.parquet,1771422003.760484
..\..\data\raw\systems\parquet\4903\system_4903__date_2015_09_03.snappy.000.parquet,pvdaq/parquet/pvdata/system_id=4903/year=2015/month=9/day=3/system_4903__date_2015_09_03.snappy.000.parquet,1771422004.0014932
..\..\data\raw\systems\parquet\4903\system_4903__date_2015_09_30.snappy.000.parquet,pvdaq/parquet/pvdata/system_id=4903/year=2015/month=9/day=30/system_4903__date_2015_09_30.snappy.000.parquet,1771422004.3084893
..\..\data\raw\systems\parquet\4903\system_4903__date_2015_09_04.snappy.000.parquet,pvdaq/parquet/pvdata/system_id=4903/year=2015/month=9/day=4/system_4903__date_2015_09_04.snappy.000.parquet,1771422004.570486
..\..\data\raw\systems\parquet\4903\system_4903__date_2015_09_05.snappy.000.parquet,pvdaq/parquet/pvdata/system_id=4903/year=2015/month=9/day=5/system_4903__date_2015_09_05.snappy.000.parquet,1771422004.8495169
..\..\data\raw\systems\parquet\4903\system_4903__date_2015_09_06.snappy.000.parquet,pvdaq/parquet/pvdata/system_id=4903/year=2015/month=9/day=6/system_4903__date_2015_09_06.snappy.000.parquet,1771422005.2055113
..\..\data\raw\systems\parquet\4903\system_4903__date_2015_09_07.snappy.000.parquet,pvdaq/parquet/pvdata/system_id=4903/year=2015/month=9/day=7/system_4903__date_2015_09_07.snappy.000.parquet,1771422005.4673676
..\..\data\raw\systems\parquet\4903\system_4903__date_2015_09_08.snappy.000.parquet,pvdaq/parquet/pvdata/system_id=4903/year=2015/month=9/day=8/system_4903__date_2015_09_08.snappy.000.parquet,1771422005.743365
..\..\data\raw\systems\parquet\4903\system_4903__date_2015_09_09.snappy.000.parquet,pvdaq/parquet/pvdata/system_id=4903/year=2015/month=9/day=9/system_4903__date_2015_09_09.snappy.000.parquet,1771422006.0083675
..\..\data\raw\systems\parquet\4903\system_4903__date_2016_01_01.snappy.000.parquet,pvdaq/parquet/pvdata/system_id=4903/year=2016/month=1/day=1/system_4903__date_2016_01_01.snappy.000.parquet,1771422006.2923822
..\..\data\raw\systems\parquet\4903\system_4903__date_2016_01_10.snappy.000.parquet,pvdaq/parquet/pvdata/system_id=4903/year=2016/month=1/day=10/system_4903__date_2016_01_10.snappy.000.parquet,1771422006.544433
..\..\data\raw\systems\parquet\4903\system_4903__date_2016_01_11.snappy.000.parquet,pvdaq/parquet/pvdata/system_id=4903/year=2016/month=1/day=11/system_4903__date_2016_01_11.snappy.000.parquet,1771422006.7794263
..\..\data\raw\systems\parquet\4903\system_4903__date_2016_01_12.snappy.000.parquet,pvdaq/parquet/pvdata/system_id=4903/year=2016/month=1/day=12/system_4903__date_2016_01_12.snappy.000.parquet,1771422007.0223649
..\..\data\raw\systems\parquet\4903\system_4903__date_2016_01_13.snappy.000.parquet,pvdaq/parquet/pvdata/system_id=4903/year=2016/month=1/day=13/system_4903__date_2016_01_13.snappy.000.parquet,1771422007.2837074
..\..\data\raw\systems\parquet\4903\system_4903__date_2016_01_14.snappy.000.parquet,pvdaq/parquet/pvdata/system_id=4903/year=2016/month=1/day=14/system_4903__date_2016_01_14.snappy.000.parquet,1771422007.5588183
..\..\data\raw\systems\parquet\4903\system_4903__date_2016_01_15.snappy.000.parquet,pvdaq/parquet/pvdata/system_id=4903/year=2016/month=1/day=15/system_4903__date_2016_01_15.snappy.000.parquet,1771422007.807722
..\..\data\raw\systems\parquet\4903\system_4903__date_2016_01_16.snappy.000.parquet,pvdaq/parquet/pvdata/system_id=4903/year=2016/month=1/day=16/system_4903__date_2016_01_16.snappy.000.parquet,1771422008.0377128
..\..\data\raw\systems\parquet\4903\system_4903__date_2016_01_17.snappy.000.parquet,pvdaq/parquet/pvdata/system_id=4903/year=2016/month=1/day=17/system_4903__date_2016_01_17.snappy.000.parquet,1771422008.3017926
..\..\data\raw\systems\parquet\4903\system_4903__date_2016_01_18.snappy.000.parquet,pvdaq/parquet/pvdata/system_id=4903/year=2016/month=1/day=18/system_4903__date_2016_01_18.snappy.000.parquet,1771422008.6007147
..\..\data\raw\systems\parquet\4903\system_4903__date_2016_01_19.snappy.000.parquet,pvdaq/parquet/pvdata/system_id=4903/year=2016/month=1/day=19/system_4903__date_2016_01_19.snappy.000.parquet,1771422008.8549874
..\..\data\raw\systems\parquet\4903\system_4903__date_2016_01_02.snappy.000.parquet,pvdaq/parquet/pvdata/system_id=4903/year=2016/month=1/day=2/system_4903__date_2016_01_02.snappy.000.parquet,1771422009.1686406
..\..\data\raw\systems\parquet\4903\system_4903__date_2016_01_20.snappy.000.parquet,pvdaq/parquet/pvdata/system_id=4903/year=2016/month=1/day=20/system_4903__date_2016_01_20.snappy.000.parquet,1771422009.4271812
..\..\data\raw\systems\parquet\4903\system_4903__date_2016_01_21.snappy.000.parquet,pvdaq/parquet/pvdata/system_id=4903/year=2016/month=1/day=21/system_4903__date_2016_01_21.snappy.000.parquet,1771422009.77773
..\..\data\raw\systems\parquet\4903\system_4903__date_2016_01_22.snappy.000.parquet,pvdaq/parquet/pvdata/system_id=4903/year=2016/month=1/day=22/system_4903__date_2016_01_22.snappy.000.parquet,1771422010.0102234
..\..\data\raw\systems\parquet\4903\system_4903__date_2016_01_23.snappy.000.parquet,pvdaq/parquet/pvdata/system_id=4903/year=2016/month=1/day=23/system_4903__date_2016_01_23.snappy.000.parquet,1771422010.2863417
..\..\data\raw\systems\parquet\4903\system_4903__date_2016_01_24.snappy.000.parquet,pvdaq/parquet/pvdata/system_id=4903/year=2016/month=1/day=24/system_4903__date_2016_01_24.snappy.000.parquet,1771422010.543353
..\..\data\raw\systems\parquet\4903\system_4903__date_2016_01_25.snappy.000.parquet,pvdaq/parquet/pvdata/system_id=4903/year=2016/month=1/day=25/system_4903__date_2016_01_25.snappy.000.parquet,1771422010.7854197
..\..\data\raw\systems\parquet\4903\system_4903__date_2016_01_26.snappy.000.parquet,pvdaq/parquet/pvdata/system_id=4903/year=2016/month=1/day=26/system_4903__date_2016_01_26.snappy.000.parquet,1771422011.0414186
..\..\data\raw\systems\parquet\4903\system_4903__date_2016_01_27.snappy.000.parquet,pvdaq/parquet/pvdata/system_id=4903/year=2016/month=1/day=27/system_4903__date_2016_01_27.snappy.000.parquet,1771422011.3292105
..\..\data\raw\systems\parquet\4903\system_4903__date_2016_01_28.snappy.000.parquet,pvdaq/parquet/pvdata/system_id=4903/year=2016/month=1/day=28/system_4903__date_2016_01_28.snappy.000.parquet,1771422011.7012107
..\..\data\raw\systems\parquet\4903\system_4903__date_2016_01_29.snappy.000.parquet,pvdaq/parquet/pvdata/system_id=4903/year=2016/month=1/day=29/system_4903__date_2016_01_29.snappy.000.parquet,1771422011.9437842
..\..\data\raw\systems\parquet\4903\system_4903__date_2016_01_03.snappy.000.parquet,pvdaq/parquet/pvdata/system_id=4903/year=2016/month=1/day=3/system_4903__date_2016_01_03.snappy.000.parquet,1771422012.2106588
..\..\data\raw\systems\parquet\4903\system_4903__date_2016_01_30.snappy.000.parquet,pvdaq/parquet/pvdata/system_id=4903/year=2016/month=1/day=30/system_4903__date_2016_01_30.snappy.000.parquet,1771422012.4637518
..\..\data\raw\systems\parquet\4903\system_4903__date_2016_01_31.snappy.000.parquet,pvdaq/parquet/pvdata/system_id=4903/year=2016/month=1/day=31/system_4903__date_2016_01_31.snappy.000.parquet,1771422012.7396567
..\..\data\raw\systems\parquet\4903\system_4903__date_2016_01_04.snappy.000.parquet,pvdaq/parquet/pvdata/system_id=4903/year=2016/month=1/day=4/system_4903__date_2016_01_04.snappy.000.parquet,1771422012.9946566
..\..\data\raw\systems\parquet\4903\system_4903__date_2016_01_05.snappy.000.parquet,pvdaq/parquet/pvdata/system_id=4903/year=2016/month=1/day=5/system_4903__date_2016_01_05.snappy.000.parquet,1771422013.2575986
..\..\data\raw\systems\parquet\4903\system_4903__date_2016_01_06.snappy.000.parquet,pvdaq/parquet/pvdata/system_id=4903/year=2016/month=1/day=6/system_4903__date_2016_01_06.snappy.000.parquet,1771422013.4965563
..\..\data\raw\systems\parquet\4903\system_4903__date_2016_01_07.snappy.000.parquet,pvdaq/parquet/pvdata/system_id=4903/year=2016/month=1/day=7/system_4903__date_2016_01_07.snappy.000.parquet,1771422013.7406619
..\..\data\raw\systems\parquet\4903\system_4903__date_2016_01_08.snappy.000.parquet,pvdaq/parquet/pvdata/system_id=4903/year=2016/month=1/day=8/system_4903__date_2016_01_08.snappy.000.parquet,1771422014.015554
..\..\data\raw\systems\parquet\4903\system_4903__date_2016_01_09.snappy.000.parquet,pvdaq/parquet/pvdata/system_id=4903/year=2016/month=1/day=9/system_4903__date_2016_01_09.snappy.000.parquet,1771422015.1837065
..\..\data\raw\systems\parquet\4903\system_4903__date_2016_10_01.snappy.000.parquet,pvdaq/parquet/pvdata/system_id=4903/year=2016/month=10/day=1/system_4903__date_2016_10_01.snappy.000.parquet,1771422015.5125628
..\..\data\raw\systems\parquet\4903\system_4903__date_2016_10_11.snappy.000.parquet,pvdaq/parquet/pvdata/system_id=4903/year=2016/month=10/day=11/system_4903__date_2016_10_11.snappy.000.parquet,1771422015.8335547
..\..\data\raw\systems\parquet\4903\system_4903__date_2016_10_12.snappy.000.parquet,pvdaq/parquet/pvdata/system_id=4903/year=2016/month=10/day=12/system_4903__date_2016_10_12.snappy.000.parquet,1771422016.087628
..\..\data\raw\systems\parquet\4903\system_4903__date_2016_10_13.snappy.000.parquet,pvdaq/parquet/pvdata/system_id=4903/year=2016/month=10/day=13/system_4903__date_2016_10_13.snappy.000.parquet,1771422016.400372
..\..\data\raw\systems\parquet\4903\system_4903__date_2016_10_14.snappy.000.parquet,pvdaq/parquet/pvdata/system_id=4903/year=2016/month=10/day=14/system_4903__date_2016_10_14.snappy.000.parquet,1771422016.6852658
..\..\data\raw\systems\parquet\4903\system_4903__date_2016_10_15.snappy.000.parquet,pvdaq/parquet/pvdata/system_id=4903/year=2016/month=10/day=15/system_4903__date_2016_10_15.snappy.000.parquet,1771422016.9892616
..\..\data\raw\systems\parquet\4903\system_4903__date_2016_10_16.snappy.000.parquet,pvdaq/parquet/pvdata/system_id=4903/year=2016/month=10/day=16/system_4903__date_2016_10_16.snappy.000.parquet,1771422017.242261
..\..\data\raw\systems\parquet\4903\system_4903__date_2016_10_17.snappy.000.parquet,pvdaq/parquet/pvdata/system_id=4903/year=2016/month=10/day=17/system_4903__date_2016_10_17.snappy.000.parquet,1771422017.5112593
..\..\data\raw\systems\parquet\4903\system_4903__date_2016_10_18.snappy.000.parquet,pvdaq/parquet/pvdata/system_id=4903/year=2016/month=10/day=18/system_4903__date_2016_10_18.snappy.000.parquet,1771422017.7672687
..\..\data\raw\systems\parquet\4903\system_4903__date_2016_10_19.snappy.000.parquet,pvdaq/parquet/pvdata/system_id=4903/year=2016/month=10/day=19/system_4903__date_2016_10_19.snappy.000.parquet,1771422018.0349202
..\..\data\raw\systems\parquet\4903\system_4903__date_2016_10_02.snappy.000.parquet,pvdaq/parquet/pvdata/system_id=4903/year=2016/month=10/day=2/system_4903__date_2016_10_02.snappy.000.parquet,1771422018.2999198
..\..\data\raw\systems\parquet\4903\system_4903__date_2016_10_20.snappy.000.parquet,pvdaq/parquet/pvdata/system_id=4903/year=2016/month=10/day=20/system_4903__date_2016_10_20.snappy.000.parquet,1771422018.5689213
..\..\data\raw\systems\parquet\4903\system_4903__date_2016_10_21.snappy.000.parquet,pvdaq/parquet/pvdata/system_id=4903/year=2016/month=10/day=21/system_4903__date_2016_10_21.snappy.000.parquet,1771422018.8389206
..\..\data\raw\systems\parquet\4903\system_4903__date_2016_10_22.snappy.000.parquet,pvdaq/parquet/pvdata/system_id=4903/year=2016/month=10/day=22/system_4903__date_2016_10_22.snappy.000.parquet,1771422019.106922
..\..\data\raw\systems\parquet\4903\system_4903__date_2016_10_23.snappy.000.parquet,pvdaq/parquet/pvdata/system_id=4903/year=2016/month=10/day=23/system_4903__date_2016_10_23.snappy.000.parquet,1771422019.3749185
..\..\data\raw\systems\parquet\4903\system_4903__date_2016_10_24.snappy.000.parquet,pvdaq/parquet/pvdata/system_id=4903/year=2016/month=10/day=24/system_4903__date_2016_10_24.snappy.000.parquet,1771422019.6289222
..\..\data\raw\systems\parquet\4903\system_4903__date_2016_10_25.snappy.000.parquet,pvdaq/parquet/pvdata/system_id=4903/year=2016/month=10/day=25/system_4903__date_2016_10_25.snappy.000.parquet,1771422019.893935
..\..\data\raw\systems\parquet\4903\system_4903__date_2016_10_26.snappy.000.parquet,pvdaq/parquet/pvdata/system_id=4903/year=2016/month=10/day=26/system_4903__date_2016_10_26.snappy.000.parquet,1771422020.1469183
..\..\data\raw\systems\parquet\4903\system_4903__date_2016_10_27.snappy.000.parquet,pvdaq/parquet/pvdata/system_id=4903/year=2016/month=10/day=27/system_4903__date_2016_10_27.snappy.000.parquet,1771422020.4239194
..\..\data\raw\systems\parquet\4903\system_4903__date_2016_10_28.snappy.000.parquet,pvdaq/parquet/pvdata/system_id=4903/year=2016/month=10/day=28/system_4903__date_2016_10_28.snappy.000.parquet,1771422020.7029195
..\..\data\raw\systems\parquet\4903\system_4903__date_2016_10_29.snappy.000.parquet,pvdaq/parquet/pvdata/system_id=4903/year=2016/month=10/day=29/system_4903__date_2016_10_29.snappy.000.parquet,1771422020.9740083
..\..\data\raw\systems\parquet\4903\system_4903__date_2016_10_03.snappy.000.parquet,pvdaq/parquet/pvdata/system_id=4903/year=2016/month=10/day=3/system_4903__date_2016_10_03.snappy.000.parquet,1771422021.232928
..\..\data\raw\systems\parquet\4903\system_4903__date_2016_10_30.snappy.000.parquet,pvdaq/parquet/pvdata/system_id=4903/year=2016/month=10/day=30/system_4903__date_2016_10_30.snappy.000.parquet,1771422021.4979389
..\..\data\raw\systems\parquet\4903\system_4903__date_2016_10_31.snappy.000.parquet,pvdaq/parquet/pvdata/system_id=4903/year=2016/month=10/day=31/system_4903__date_2016_10_31.snappy.000.parquet,1771422021.7520013
..\..\data\raw\systems\parquet\4903\system_4903__date_2016_10_04.snappy.000.parquet,pvdaq/parquet/pvdata/system_id=4903/year=2016/month=10/day=4/system_4903__date_2016_10_04.snappy.000.parquet,1771422022.043979
..\..\data\raw\systems\parquet\4903\system_4903__date_2016_10_05.snappy.000.parquet,pvdaq/parquet/pvdata/system_id=4903/year=2016/month=10/day=5/system_4903__date_2016_10_05.snappy.000.parquet,1771422022.3060286
..\..\data\raw\systems\parquet\4903\system_4903__date_2016_10_06.snappy.000.parquet,pvdaq/parquet/pvdata/system_id=4903/year=2016/month=10/day=6/system_4903__date_2016_10_06.snappy.000.parquet,1771422022.6000447
..\..\data\raw\systems\parquet\4903\system_4903__date_2016_10_07.snappy.000.parquet,pvdaq/parquet/pvdata/system_id=4903/year=2016/month=10/day=7/system_4903__date_2016_10_07.snappy.000.parquet,1771422022.8379226
..\..\data\raw\systems\parquet\4903\system_4903__date_2016_10_08.snappy.000.parquet,pvdaq/parquet/pvdata/system_id=4903/year=2016/month=10/day=8/system_4903__date_2016_10_08.snappy.000.parquet,1771422023.0989962
..\..\data\raw\systems\parquet\4903\system_4903__date_2016_10_09.snappy.000.parquet,pvdaq/parquet/pvdata/system_id=4903/year=2016/month=10/day=9/system_4903__date_2016_10_09.snappy.000.parquet,1771422023.3740275
..\..\data\raw\systems\parquet\4903\system_4903__date_2016_11_01.snappy.000.parquet,pvdaq/parquet/pvdata/system_id=4903/year=2016/month=11/day=1/system_4903__date_2016_11_01.snappy.000.parquet,1771422023.575018
..\..\data\raw\systems\parquet\4903\system_4903__date_2016_11_10.snappy.000.parquet,pvdaq/parquet/pvdata/system_id=4903/year=2016/month=11/day=10/system_4903__date_2016_11_10.snappy.000.parquet,1771422023.832986
..\..\data\raw\systems\parquet\4903\system_4903__date_2016_11_11.snappy.000.parquet,pvdaq/parquet/pvdata/system_id=4903/year=2016/month=11/day=11/system_4903__date_2016_11_11.snappy.000.parquet,1771422024.0740132
..\..\data\raw\systems\parquet\4903\system_4903__date_2016_11_12.snappy.000.parquet,pvdaq/parquet/pvdata/system_id=4903/year=2016/month=11/day=12/system_4903__date_2016_11_12.snappy.000.parquet,1771422024.3290281
..\..\data\raw\systems\parquet\4903\system_4903__date_2016_11_13.snappy.000.parquet,pvdaq/parquet/pvdata/system_id=4903/year=2016/month=11/day=13/system_4903__date_2016_11_13.snappy.000.parquet,1771422024.617919
..\..\data\raw\systems\parquet\4903\system_4903__date_2016_11_14.snappy.000.parquet,pvdaq/parquet/pvdata/system_id=4903/year=2016/month=11/day=14/system_4903__date_2016_11_14.snappy.000.parquet,1771422024.9069173
..\..\data\raw\systems\parquet\4903\system_4903__date_2016_11_15.snappy.000.parquet,pvdaq/parquet/pvdata/system_id=4903/year=2016/month=11/day=15/system_4903__date_2016_11_15.snappy.000.parquet,1771422025.183998
..\..\data\raw\systems\parquet\4903\system_4903__date_2016_11_16.snappy.000.parquet,pvdaq/parquet/pvdata/system_id=4903/year=2016/month=11/day=16/system_4903__date_2016_11_16.snappy.000.parquet,1771422025.4449646
..\..\data\raw\systems\parquet\4903\system_4903__date_2016_11_17.snappy.000.parquet,pvdaq/parquet/pvdata/system_id=4903/year=2016/month=11/day=17/system_4903__date_2016_11_17.snappy.000.parquet,1771422025.6939194
..\..\data\raw\systems\parquet\4903\system_4903__date_2016_11_18.snappy.000.parquet,pvdaq/parquet/pvdata/system_id=4903/year=2016/month=11/day=18/system_4903__date_2016_11_18.snappy.000.parquet,1771422025.9370434
..\..\data\raw\systems\parquet\4903\system_4903__date_2016_11_19.snappy.000.parquet,pvdaq/parquet/pvdata/system_id=4903/year=2016/month=11/day=19/system_4903__date_2016_11_19.snappy.000.parquet,1771422026.2019193
..\..\data\raw\systems\parquet\4903\system_4903__date_2016_11_02.snappy.000.parquet,pvdaq/parquet/pvdata/system_id=4903/year=2016/month=11/day=2/system_4903__date_2016_11_02.snappy.000.parquet,1771422026.4620497
..\..\data\raw\systems\parquet\4903\system_4903__date_2016_11_20.snappy.000.parquet,pvdaq/parquet/pvdata/system_id=4903/year=2016/month=11/day=20/system_4903__date_2016_11_20.snappy.000.parquet,1771422026.735918
..\..\data\raw\systems\parquet\4903\system_4903__date_2016_11_21.snappy.000.parquet,pvdaq/parquet/pvdata/system_id=4903/year=2016/month=11/day=21/system_4903__date_2016_11_21.snappy.000.parquet,1771422026.9889421
..\..\data\raw\systems\parquet\4903\system_4903__date_2016_11_22.snappy.000.parquet,pvdaq/parquet/pvdata/system_id=4903/year=2016/month=11/day=22/system_4903__date_2016_11_22.snappy.000.parquet,1771422027.2749178
..\..\data\raw\systems\parquet\4903\system_4903__date_2016_11_23.snappy.000.parquet,pvdaq/parquet/pvdata/system_id=4903/year=2016/month=11/day=23/system_4903__date_2016_11_23.snappy.000.parquet,1771422027.53247
..\..\data\raw\systems\parquet\4903\system_4903__date_2016_11_24.snappy.000.parquet,pvdaq/parquet/pvdata/system_id=4903/year=2016/month=11/day=24/system_4903__date_2016_11_24.snappy.000.parquet,1771422027.8514836
..\..\data\raw\systems\parquet\4903\system_4903__date_2016_11_25.snappy.000.parquet,pvdaq/parquet/pvdata/system_id=4903/year=2016/month=11/day=25/system_4903__date_2016_11_25.snappy.000.parquet,1771422028.1304832
..\..\data\raw\systems\parquet\4903\system_4903__date_2016_11_26.snappy.000.parquet,pvdaq/parquet/pvdata/system_id=4903/year=2016/month=11/day=26/system_4903__date_2016_11_26.snappy.000.parquet,1771422028.3834786
..\..\data\raw\systems\parquet\4903\system_4903__date_2016_11_27.snappy.000.parquet,pvdaq/parquet/pvdata/system_id=4903/year=2016/month=11/day=27/system_4903__date_2016_11_27.snappy.000.parquet,1771422029.554422
..\..\data\raw\systems\parquet\4903\system_4903__date_2016_11_28.snappy.000.parquet,pvdaq/parquet/pvdata/system_id=4903/year=2016/month=11/day=28/system_4903__date_2016_11_28.snappy.000.parquet,1771422029.903419
..\..\data\raw\systems\parquet\4903\system_4903__date_2016_11_29.snappy.000.parquet,pvdaq/parquet/pvdata/system_id=4903/year=2016/month=11/day=29/system_4903__date_2016_11_29.snappy.000.parquet,1771422030.1725335
..\..\data\raw\systems\parquet\4903\system_4903__date_2016_11_03.snappy.000.parquet,pvdaq/parquet/pvdata/system_id=4903/year=2016/month=11/day=3/system_4903__date_2016_11_03.snappy.000.parquet,1771422030.4225817
..\..\data\raw\systems\parquet\4903\system_4903__date_2016_11_30.snappy.000.parquet,pvdaq/parquet/pvdata/system_id=4903/year=2016/month=11/day=30/system_4903__date_2016_11_30.snappy.000.parquet,1771422030.697563
..\..\data\raw\systems\parquet\4903\system_4903__date_2016_11_04.snappy.000.parquet,pvdaq/parquet/pvdata/system_id=4903/year=2016/month=11/day=4/system_4903__date_2016_11_04.snappy.000.parquet,1771422030.984561
..\..\data\raw\systems\parquet\4903\system_4903__date_2016_11_05.snappy.000.parquet,pvdaq/parquet/pvdata/system_id=4903/year=2016/month=11/day=5/system_4903__date_2016_11_05.snappy.000.parquet,1771422031.2395613
..\..\data\raw\systems\parquet\4903\system_4903__date_2016_11_06.snappy.000.parquet,pvdaq/parquet/pvdata/system_id=4903/year=2016/month=11/day=6/system_4903__date_2016_11_06.snappy.000.parquet,1771422031.5013957
..\..\data\raw\systems\parquet\4903\system_4903__date_2016_11_07.snappy.000.parquet,pvdaq/parquet/pvdata/system_id=4903/year=2016/month=11/day=7/system_4903__date_2016_11_07.snappy.000.parquet,1771422031.7463205
..\..\data\raw\systems\parquet\4903\system_4903__date_2016_11_08.snappy.000.parquet,pvdaq/parquet/pvdata/system_id=4903/year=2016/month=11/day=8/system_4903__date_2016_11_08.snappy.000.parquet,1771422032.0724127
..\..\data\raw\systems\parquet\4903\system_4903__date_2016_11_09.snappy.000.parquet,pvdaq/parquet/pvdata/system_id=4903/year=2016/month=11/day=9/system_4903__date_2016_11_09.snappy.000.parquet,1771422032.343408
..\..\data\raw\systems\parquet\4903\system_4903__date_2016_12_01.snappy.000.parquet,pvdaq/parquet/pvdata/system_id=4903/year=2016/month=12/day=1/system_4903__date_2016_12_01.snappy.000.parquet,1771422032.6034312
..\..\data\raw\systems\parquet\4903\system_4903__date_2016_12_10.snappy.000.parquet,pvdaq/parquet/pvdata/system_id=4903/year=2016/month=12/day=10/system_4903__date_2016_12_10.snappy.000.parquet,1771422032.8784955
..\..\data\raw\systems\parquet\4903\system_4903__date_2016_12_11.snappy.000.parquet,pvdaq/parquet/pvdata/system_id=4903/year=2016/month=12/day=11/system_4903__date_2016_12_11.snappy.000.parquet,1771422033.133039
..\..\data\raw\systems\parquet\4903\system_4903__date_2016_12_12.snappy.000.parquet,pvdaq/parquet/pvdata/system_id=4903/year=2016/month=12/day=12/system_4903__date_2016_12_12.snappy.000.parquet,1771422033.371967
..\..\data\raw\systems\parquet\4903\system_4903__date_2016_12_13.snappy.000.parquet,pvdaq/parquet/pvdata/system_id=4903/year=2016/month=12/day=13/system_4903__date_2016_12_13.snappy.000.parquet,1771422033.6530728
..\..\data\raw\systems\parquet\4903\system_4903__date_2016_12_14.snappy.000.parquet,pvdaq/parquet/pvdata/system_id=4903/year=2016/month=12/day=14/system_4903__date_2016_12_14.snappy.000.parquet,1771422033.9157999
..\..\data\raw\systems\parquet\4903\system_4903__date_2016_12_15.snappy.000.parquet,pvdaq/parquet/pvdata/system_id=4903/year=2016/month=12/day=15/system_4903__date_2016_12_15.snappy.000.parquet,1771422034.2533996
..\..\data\raw\systems\parquet\4903\system_4903__date_2016_12_16.snappy.000.parquet,pvdaq/parquet/pvdata/system_id=4903/year=2016/month=12/day=16/system_4903__date_2016_12_16.snappy.000.parquet,1771422034.5293987
..\..\data\raw\systems\parquet\4903\system_4903__date_2016_12_17.snappy.000.parquet,pvdaq/parquet/pvdata/system_id=4903/year=2016/month=12/day=17/system_4903__date_2016_12_17.snappy.000.parquet,1771422034.818399
..\..\data\raw\systems\parquet\4903\system_4903__date_2016_12_18.snappy.000.parquet,pvdaq/parquet/pvdata/system_id=4903/year=2016/month=12/day=18/system_4903__date_2016_12_18.snappy.000.parquet,1771422035.0855742
..\..\data\raw\systems\parquet\4903\system_4903__date_2016_12_19.snappy.000.parquet,pvdaq/parquet/pvdata/system_id=4903/year=2016/month=12/day=19/system_4903__date_2016_12_19.snappy.000.parquet,1771422035.3484707
..\..\data\raw\systems\parquet\4903\system_4903__date_2016_12_02.snappy.000.parquet,pvdaq/parquet/pvdata/system_id=4903/year=2016/month=12/day=2/system_4903__date_2016_12_02.snappy.000.parquet,1771422035.6304004
..\..\data\raw\systems\parquet\4903\system_4903__date_2016_12_20.snappy.000.parquet,pvdaq/parquet/pvdata/system_id=4903/year=2016/month=12/day=20/system_4903__date_2016_12_20.snappy.000.parquet,1771422035.8997128
..\..\data\raw\systems\parquet\4903\system_4903__date_2016_12_21.snappy.000.parquet,pvdaq/parquet/pvdata/system_id=4903/year=2016/month=12/day=21/system_4903__date_2016_12_21.snappy.000.parquet,1771422036.1471972
..\..\data\raw\systems\parquet\4903\system_4903__date_2016_12_22.snappy.000.parquet,pvdaq/parquet/pvdata/system_id=4903/year=2016/month=12/day=22/system_4903__date_2016_12_22.snappy.000.parquet,1771422036.4003456
..\..\data\raw\systems\parquet\4903\system_4903__date_2016_12_23.snappy.000.parquet,pvdaq/parquet/pvdata/system_id=4903/year=2016/month=12/day=23/system_4903__date_2016_12_23.snappy.000.parquet,1771422036.6654143
..\..\data\raw\systems\parquet\4903\system_4903__date_2016_12_24.snappy.000.parquet,pvdaq/parquet/pvdata/system_id=4903/year=2016/month=12/day=24/system_4903__date_2016_12_24.snappy.000.parquet,1771422036.9766989
..\..\data\raw\systems\parquet\4903\system_4903__date_2016_12_25.snappy.000.parquet,pvdaq/parquet/pvdata/system_id=4903/year=2016/month=12/day=25/system_4903__date_2016_12_25.snappy.000.parquet,1771422037.2357082
..\..\data\raw\systems\parquet\4903\system_4903__date_2016_12_26.snappy.000.parquet,pvdaq/parquet/pvdata/system_id=4903/year=2016/month=12/day=26/system_4903__date_2016_12_26.snappy.000.parquet,1771422037.514955
..\..\data\raw\systems\parquet\4903\system_4903__date_2016_12_27.snappy.000.parquet,pvdaq/parquet/pvdata/system_id=4903/year=2016/month=12/day=27/system_4903__date_2016_12_27.snappy.000.parquet,1771422037.7861626
..\..\data\raw\systems\parquet\4903\system_4903__date_2016_12_28.snappy.000.parquet,pvdaq/parquet/pvdata/system_id=4903/year=2016/month=12/day=28/system_4903__date_2016_12_28.snappy.000.parquet,1771422038.0523896
..\..\data\raw\systems\parquet\4903\system_4903__date_2016_12_29.snappy.000.parquet,pvdaq/parquet/pvdata/system_id=4903/year=2016/month=12/day=29/system_4903__date_2016_12_29.snappy.000.parquet,1771422038.339648
..\..\data\raw\systems\parquet\4903\system_4903__date_2016_12_03.snappy.000.parquet,pvdaq/parquet/pvdata/system_id=4903/year=2016/month=12/day=3/system_4903__date_2016_12_03.snappy.000.parquet,1771422038.6035533
..\..\data\raw\systems\parquet\4903\system_4903__date_2016_12_30.snappy.000.parquet,pvdaq/parquet/pvdata/system_id=4903/year=2016/month=12/day=30/system_4903__date_2016_12_30.snappy.000.parquet,1771422038.885656
..\..\data\raw\systems\parquet\4903\system_4903__date_2016_12_31.snappy.000.parquet,pvdaq/parquet/pvdata/system_id=4903/year=2016/month=12/day=31/system_4903__date_2016_12_31.snappy.000.parquet,1771422039.1417508
..\..\data\raw\systems\parquet\4903\system_4903__date_2016_12_04.snappy.000.parquet,pvdaq/parquet/pvdata/system_id=4903/year=2016/month=12/day=4/system_4903__date_2016_12_04.snappy.000.parquet,1771422039.3966556
..\..\data\raw\systems\parquet\4903\system_4903__date_2016_12_05.snappy.000.parquet,pvdaq/parquet/pvdata/system_id=4903/year=2016/month=12/day=5/system_4903__date_2016_12_05.snappy.000.parquet,1771422039.6496544
..\..\data\raw\systems\parquet\4903\system_4903__date_2016_12_06.snappy.000.parquet,pvdaq/parquet/pvdata/system_id=4903/year=2016/month=12/day=6/system_4903__date_2016_12_06.snappy.000.parquet,1771422039.9097002
..\..\data\raw\systems\parquet\4903\system_4903__date_2016_12_07.snappy.000.parquet,pvdaq/parquet/pvdata/system_id=4903/year=2016/month=12/day=7/system_4903__date_2016_12_07.snappy.000.parquet,1771422040.1696997
..\..\data\raw\systems\parquet\4903\system_4903__date_2016_12_08.snappy.000.parquet,pvdaq/parquet/pvdata/system_id=4903/year=2016/month=12/day=8/system_4903__date_2016_12_08.snappy.000.parquet,1771422040.4139411
..\..\data\raw\systems\parquet\4903\system_4903__date_2016_12_09.snappy.000.parquet,pvdaq/parquet/pvdata/system_id=4903/year=2016/month=12/day=9/system_4903__date_2016_12_09.snappy.000.parquet,1771422040.697286
..\..\data\raw\systems\parquet\4903\system_4903__date_2016_02_01.snappy.000.parquet,pvdaq/parquet/pvdata/system_id=4903/year=2016/month=2/day=1/system_4903__date_2016_02_01.snappy.000.parquet,1771422040.9312153
..\..\data\raw\systems\parquet\4903\system_4903__date_2016_02_10.snappy.000.parquet,pvdaq/parquet/pvdata/system_id=4903/year=2016/month=2/day=10/system_4903__date_2016_02_10.snappy.000.parquet,1771422041.205215
..\..\data\raw\systems\parquet\4903\system_4903__date_2016_02_11.snappy.000.parquet,pvdaq/parquet/pvdata/system_id=4903/year=2016/month=2/day=11/system_4903__date_2016_02_11.snappy.000.parquet,1771422041.496387
..\..\data\raw\systems\parquet\4903\system_4903__date_2016_02_12.snappy.000.parquet,pvdaq/parquet/pvdata/system_id=4903/year=2016/month=2/day=12/system_4903__date_2016_02_12.snappy.000.parquet,1771422041.819626
..\..\data\raw\systems\parquet\4903\system_4903__date_2016_02_13.snappy.000.parquet,pvdaq/parquet/pvdata/system_id=4903/year=2016/month=2/day=13/system_4903__date_2016_02_13.snappy.000.parquet,1771422042.1549404
..\..\data\raw\systems\parquet\4903\system_4903__date_2016_02_14.snappy.000.parquet,pvdaq/parquet/pvdata/system_id=4903/year=2016/month=2/day=14/system_4903__date_2016_02_14.snappy.000.parquet,1771422042.5612938
..\..\data\raw\systems\parquet\4903\system_4903__date_2016_02_15.snappy.000.parquet,pvdaq/parquet/pvdata/system_id=4903/year=2016/month=2/day=15/system_4903__date_2016_02_15.snappy.000.parquet,1771422042.8620527
..\..\data\raw\systems\parquet\4903\system_4903__date_2016_02_16.snappy.000.parquet,pvdaq/parquet/pvdata/system_id=4903/year=2016/month=2/day=16/system_4903__date_2016_02_16.snappy.000.parquet,1771422043.120665
..\..\data\raw\systems\parquet\4903\system_4903__date_2016_02_17.snappy.000.parquet,pvdaq/parquet/pvdata/system_id=4903/year=2016/month=2/day=17/system_4903__date_2016_02_17.snappy.000.parquet,1771422044.2742522
..\..\data\raw\systems\parquet\4903\system_4903__date_2016_02_18.snappy.000.parquet,pvdaq/parquet/pvdata/system_id=4903/year=2016/month=2/day=18/system_4903__date_2016_02_18.snappy.000.parquet,1771422044.6025016
..\..\data\raw\systems\parquet\4903\system_4903__date_2016_02_19.snappy.000.parquet,pvdaq/parquet/pvdata/system_id=4903/year=2016/month=2/day=19/system_4903__date_2016_02_19.snappy.000.parquet,1771422044.8762438
..\..\data\raw\systems\parquet\4903\system_4903__date_2016_02_02.snappy.000.parquet,pvdaq/parquet/pvdata/system_id=4903/year=2016/month=2/day=2/system_4903__date_2016_02_02.snappy.000.parquet,1771422045.1131759
..\..\data\raw\systems\parquet\4903\system_4903__date_2016_02_20.snappy.000.parquet,pvdaq/parquet/pvdata/system_id=4903/year=2016/month=2/day=20/system_4903__date_2016_02_20.snappy.000.parquet,1771422045.3932946
..\..\data\raw\systems\parquet\4903\system_4903__date_2016_02_21.snappy.000.parquet,pvdaq/parquet/pvdata/system_id=4903/year=2016/month=2/day=21/system_4903__date_2016_02_21.snappy.000.parquet,1771422045.6901038
..\..\data\raw\systems\parquet\4903\system_4903__date_2016_02_22.snappy.000.parquet,pvdaq/parquet/pvdata/system_id=4903/year=2016/month=2/day=22/system_4903__date_2016_02_22.snappy.000.parquet,1771422045.9796546
..\..\data\raw\systems\parquet\4903\system_4903__date_2016_02_23.snappy.000.parquet,pvdaq/parquet/pvdata/system_id=4903/year=2016/month=2/day=23/system_4903__date_2016_02_23.snappy.000.parquet,1771422046.2852268
..\..\data\raw\systems\parquet\4903\system_4903__date_2016_02_24.snappy.000.parquet,pvdaq/parquet/pvdata/system_id=4903/year=2016/month=2/day=24/system_4903__date_2016_02_24.snappy.000.parquet,1771422046.5249045
..\..\data\raw\systems\parquet\4903\system_4903__date_2016_02_25.snappy.000.parquet,pvdaq/parquet/pvdata/system_id=4903/year=2016/month=2/day=25/system_4903__date_2016_02_25.snappy.000.parquet,1771422046.765488
..\..\data\raw\systems\parquet\4903\system_4903__date_2016_02_26.snappy.000.parquet,pvdaq/parquet/pvdata/system_id=4903/year=2016/month=2/day=26/system_4903__date_2016_02_26.snappy.000.parquet,1771422047.0191457
..\..\data\raw\systems\parquet\4903\system_4903__date_2016_02_27.snappy.000.parquet,pvdaq/parquet/pvdata/system_id=4903/year=2016/month=2/day=27/system_4903__date_2016_02_27.snappy.000.parquet,1771422047.299295
..\..\data\raw\systems\parquet\4903\system_4903__date_2016_02_28.snappy.000.parquet,pvdaq/parquet/pvdata/system_id=4903/year=2016/month=2/day=28/system_4903__date_2016_02_28.snappy.000.parquet,1771422047.5994594
..\..\data\raw\systems\parquet\4903\system_4903__date_2016_02_29.snappy.000.parquet,pvdaq/parquet/pvdata/system_id=4903/year=2016/month=2/day=29/system_4903__date_2016_02_29.snappy.000.parquet,1771422047.8521767
..\..\data\raw\systems\parquet\4903\system_4903__date_2016_02_03.snappy.000.parquet,pvdaq/parquet/pvdata/system_id=4903/year=2016/month=2/day=3/system_4903__date_2016_02_03.snappy.000.parquet,1771422048.1055193
..\..\data\raw\systems\parquet\4903\system_4903__date_2016_02_04.snappy.000.parquet,pvdaq/parquet/pvdata/system_id=4903/year=2016/month=2/day=4/system_4903__date_2016_02_04.snappy.000.parquet,1771422048.371743
..\..\data\raw\systems\parquet\4903\system_4903__date_2016_02_05.snappy.000.parquet,pvdaq/parquet/pvdata/system_id=4903/year=2016/month=2/day=5/system_4903__date_2016_02_05.snappy.000.parquet,1771422048.63241
..\..\data\raw\systems\parquet\4903\system_4903__date_2016_02_06.snappy.000.parquet,pvdaq/parquet/pvdata/system_id=4903/year=2016/month=2/day=6/system_4903__date_2016_02_06.snappy.000.parquet,1771422048.8877099
..\..\data\raw\systems\parquet\4903\system_4903__date_2016_02_07.snappy.000.parquet,pvdaq/parquet/pvdata/system_id=4903/year=2016/month=2/day=7/system_4903__date_2016_02_07.snappy.000.parquet,1771422049.1775963
..\..\data\raw\systems\parquet\4903\system_4903__date_2016_02_08.snappy.000.parquet,pvdaq/parquet/pvdata/system_id=4903/year=2016/month=2/day=8/system_4903__date_2016_02_08.snappy.000.parquet,1771422049.4249163
..\..\data\raw\systems\parquet\4903\system_4903__date_2016_02_09.snappy.000.parquet,pvdaq/parquet/pvdata/system_id=4903/year=2016/month=2/day=9/system_4903__date_2016_02_09.snappy.000.parquet,1771422049.6908164
..\..\data\raw\systems\parquet\4903\system_4903__date_2016_03_01.snappy.000.parquet,pvdaq/parquet/pvdata/system_id=4903/year=2016/month=3/day=1/system_4903__date_2016_03_01.snappy.000.parquet,1771422049.9496238
..\..\data\raw\systems\parquet\4903\system_4903__date_2016_03_10.snappy.000.parquet,pvdaq/parquet/pvdata/system_id=4903/year=2016/month=3/day=10/system_4903__date_2016_03_10.snappy.000.parquet,1771422050.2124245
..\..\data\raw\systems\parquet\4903\system_4903__date_2016_03_11.snappy.000.parquet,pvdaq/parquet/pvdata/system_id=4903/year=2016/month=3/day=11/system_4903__date_2016_03_11.snappy.000.parquet,1771422050.4627476
..\..\data\raw\systems\parquet\4903\system_4903__date_2016_03_12.snappy.000.parquet,pvdaq/parquet/pvdata/system_id=4903/year=2016/month=3/day=12/system_4903__date_2016_03_12.snappy.000.parquet,1771422050.7407475
..\..\data\raw\systems\parquet\4903\system_4903__date_2016_03_13.snappy.000.parquet,pvdaq/parquet/pvdata/system_id=4903/year=2016/month=3/day=13/system_4903__date_2016_03_13.snappy.000.parquet,1771422051.0055516
..\..\data\raw\systems\parquet\4903\system_4903__date_2016_03_14.snappy.000.parquet,pvdaq/parquet/pvdata/system_id=4903/year=2016/month=3/day=14/system_4903__date_2016_03_14.snappy.000.parquet,1771422051.2674131
..\..\data\raw\systems\parquet\4903\system_4903__date_2016_03_15.snappy.000.parquet,pvdaq/parquet/pvdata/system_id=4903/year=2016/month=3/day=15/system_4903__date_2016_03_15.snappy.000.parquet,1771422051.5394795
..\..\data\raw\systems\parquet\4903\system_4903__date_2016_03_16.snappy.000.parquet,pvdaq/parquet/pvdata/system_id=4903/year=2016/month=3/day=16/system_4903__date_2016_03_16.snappy.000.parquet,1771422051.792893
..\..\data\raw\systems\parquet\4903\system_4903__date_2016_03_17.snappy.000.parquet,pvdaq/parquet/pvdata/system_id=4903/year=2016/month=3/day=17/system_4903__date_2016_03_17.snappy.000.parquet,1771422052.089256
..\..\data\raw\systems\parquet\4903\system_4903__date_2016_03_18.snappy.000.parquet,pvdaq/parquet/pvdata/system_id=4903/year=2016/month=3/day=18/system_4903__date_2016_03_18.snappy.000.parquet,1771422052.3760853
..\..\data\raw\systems\parquet\4903\system_4903__date_2016_03_19.snappy.000.parquet,pvdaq/parquet/pvdata/system_id=4903/year=2016/month=3/day=19/system_4903__date_2016_03_19.snappy.000.parquet,1771422052.6223338
..\..\data\raw\systems\parquet\4903\system_4903__date_2016_03_02.snappy.000.parquet,pvdaq/parquet/pvdata/system_id=4903/year=2016/month=3/day=2/system_4903__date_2016_03_02.snappy.000.parquet,1771422052.8668447
..\..\data\raw\systems\parquet\4903\system_4903__date_2016_03_20.snappy.000.parquet,pvdaq/parquet/pvdata/system_id=4903/year=2016/month=3/day=20/system_4903__date_2016_03_20.snappy.000.parquet,1771422053.121397
..\..\data\raw\systems\parquet\4903\system_4903__date_2016_03_21.snappy.000.parquet,pvdaq/parquet/pvdata/system_id=4903/year=2016/month=3/day=21/system_4903__date_2016_03_21.snappy.000.parquet,1771422053.3703983
..\..\data\raw\systems\parquet\4903\system_4903__date_2016_03_22.snappy.000.parquet,pvdaq/parquet/pvdata/system_id=4903/year=2016/month=3/day=22/system_4903__date_2016_03_22.snappy.000.parquet,1771422053.654752
..\..\data\raw\systems\parquet\4903\system_4903__date_2016_03_23.snappy.000.parquet,pvdaq/parquet/pvdata/system_id=4903/year=2016/month=3/day=23/system_4903__date_2016_03_23.snappy.000.parquet,1771422053.9148588
..\..\data\raw\systems\parquet\4903\system_4903__date_2016_03_24.snappy.000.parquet,pvdaq/parquet/pvdata/system_id=4903/year=2016/month=3/day=24/system_4903__date_2016_03_24.snappy.000.parquet,1771422054.2363055
..\..\data\raw\systems\parquet\4903\system_4903__date_2016_03_25.snappy.000.parquet,pvdaq/parquet/pvdata/system_id=4903/year=2016/month=3/day=25/system_4903__date_2016_03_25.snappy.000.parquet,1771422054.516423
..\..\data\raw\systems\parquet\4903\system_4903__date_2016_03_26.snappy.000.parquet,pvdaq/parquet/pvdata/system_id=4903/year=2016/month=3/day=26/system_4903__date_2016_03_26.snappy.000.parquet,1771422054.7954214
..\..\data\raw\systems\parquet\4903\system_4903__date_2016_03_27.snappy.000.parquet,pvdaq/parquet/pvdata/system_id=4903/year=2016/month=3/day=27/system_4903__date_2016_03_27.snappy.000.parquet,1771422055.0578525
..\..\data\raw\systems\parquet\4903\system_4903__date_2016_03_28.snappy.000.parquet,pvdaq/parquet/pvdata/system_id=4903/year=2016/month=3/day=28/system_4903__date_2016_03_28.snappy.000.parquet,1771422055.3129647
..\..\data\raw\systems\parquet\4903\system_4903__date_2016_03_29.snappy.000.parquet,pvdaq/parquet/pvdata/system_id=4903/year=2016/month=3/day=29/system_4903__date_2016_03_29.snappy.000.parquet,1771422055.5373144
..\..\data\raw\systems\parquet\4903\system_4903__date_2016_03_03.snappy.000.parquet,pvdaq/parquet/pvdata/system_id=4903/year=2016/month=3/day=3/system_4903__date_2016_03_03.snappy.000.parquet,1771422055.7914543
..\..\data\raw\systems\parquet\4903\system_4903__date_2016_03_30.snappy.000.parquet,pvdaq/parquet/pvdata/system_id=4903/year=2016/month=3/day=30/system_4903__date_2016_03_30.snappy.000.parquet,1771422056.0795848
..\..\data\raw\systems\parquet\4903\system_4903__date_2016_03_31.snappy.000.parquet,pvdaq/parquet/pvdata/system_id=4903/year=2016/month=3/day=31/system_4903__date_2016_03_31.snappy.000.parquet,1771422056.3746855
..\..\data\raw\systems\parquet\4903\system_4903__date_2016_03_04.snappy.000.parquet,pvdaq/parquet/pvdata/system_id=4903/year=2016/month=3/day=4/system_4903__date_2016_03_04.snappy.000.parquet,1771422056.681422
..\..\data\raw\systems\parquet\4903\system_4903__date_2016_03_05.snappy.000.parquet,pvdaq/parquet/pvdata/system_id=4903/year=2016/month=3/day=5/system_4903__date_2016_03_05.snappy.000.parquet,1771422056.9337833
..\..\data\raw\systems\parquet\4903\system_4903__date_2016_03_06.snappy.000.parquet,pvdaq/parquet/pvdata/system_id=4903/year=2016/month=3/day=6/system_4903__date_2016_03_06.snappy.000.parquet,1771422057.2008932
..\..\data\raw\systems\parquet\4903\system_4903__date_2016_03_07.snappy.000.parquet,pvdaq/parquet/pvdata/system_id=4903/year=2016/month=3/day=7/system_4903__date_2016_03_07.snappy.000.parquet,1771422057.459677
..\..\data\raw\systems\parquet\4903\system_4903__date_2016_03_08.snappy.000.parquet,pvdaq/parquet/pvdata/system_id=4903/year=2016/month=3/day=8/system_4903__date_2016_03_08.snappy.000.parquet,1771422058.6624942
..\..\data\raw\systems\parquet\4903\system_4903__date_2016_03_09.snappy.000.parquet,pvdaq/parquet/pvdata/system_id=4903/year=2016/month=3/day=9/system_4903__date_2016_03_09.snappy.000.parquet,1771422059.0184152
..\..\data\raw\systems\parquet\4903\system_4903__date_2016_04_01.snappy.000.parquet,pvdaq/parquet/pvdata/system_id=4903/year=2016/month=4/day=1/system_4903__date_2016_04_01.snappy.000.parquet,1771422059.2660024
..\..\data\raw\systems\parquet\4903\system_4903__date_2016_04_11.snappy.000.parquet,pvdaq/parquet/pvdata/system_id=4903/year=2016/month=4/day=11/system_4903__date_2016_04_11.snappy.000.parquet,1771422059.5222862
..\..\data\raw\systems\parquet\4903\system_4903__date_2016_04_12.snappy.000.parquet,pvdaq/parquet/pvdata/system_id=4903/year=2016/month=4/day=12/system_4903__date_2016_04_12.snappy.000.parquet,1771422059.7762856
..\..\data\raw\systems\parquet\4903\system_4903__date_2016_04_13.snappy.000.parquet,pvdaq/parquet/pvdata/system_id=4903/year=2016/month=4/day=13/system_4903__date_2016_04_13.snappy.000.parquet,1771422060.0332863
..\..\data\raw\systems\parquet\4903\system_4903__date_2016_04_14.snappy.000.parquet,pvdaq/parquet/pvdata/system_id=4903/year=2016/month=4/day=14/system_4903__date_2016_04_14.snappy.000.parquet,1771422060.290286
..\..\data\raw\systems\parquet\4903\system_4903__date_2016_04_15.snappy.000.parquet,pvdaq/parquet/pvdata/system_id=4903/year=2016/month=4/day=15/system_4903__date_2016_04_15.snappy.000.parquet,1771422060.546399
..\..\data\raw\systems\parquet\4903\system_4903__date_2016_04_16.snappy.000.parquet,pvdaq/parquet/pvdata/system_id=4903/year=2016/month=4/day=16/system_4903__date_2016_04_16.snappy.000.parquet,1771422060.809072
..\..\data\raw\systems\parquet\4903\system_4903__date_2016_04_17.snappy.000.parquet,pvdaq/parquet/pvdata/system_id=4903/year=2016/month=4/day=17/system_4903__date_2016_04_17.snappy.000.parquet,1771422061.056611
..\..\data\raw\systems\parquet\4903\system_4903__date_2016_04_18.snappy.000.parquet,pvdaq/parquet/pvdata/system_id=4903/year=2016/month=4/day=18/system_4903__date_2016_04_18.snappy.000.parquet,1771422061.3037615
..\..\data\raw\systems\parquet\4903\system_4903__date_2016_04_19.snappy.000.parquet,pvdaq/parquet/pvdata/system_id=4903/year=2016/month=4/day=19/system_4903__date_2016_04_19.snappy.000.parquet,1771422061.5465057
..\..\data\raw\systems\parquet\4903\system_4903__date_2016_04_02.snappy.000.parquet,pvdaq/parquet/pvdata/system_id=4903/year=2016/month=4/day=2/system_4903__date_2016_04_02.snappy.000.parquet,1771422061.8394108
..\..\data\raw\systems\parquet\4903\system_4903__date_2016_04_20.snappy.000.parquet,pvdaq/parquet/pvdata/system_id=4903/year=2016/month=4/day=20/system_4903__date_2016_04_20.snappy.000.parquet,1771422062.0916722
..\..\data\raw\systems\parquet\4903\system_4903__date_2016_04_21.snappy.000.parquet,pvdaq/parquet/pvdata/system_id=4903/year=2016/month=4/day=21/system_4903__date_2016_04_21.snappy.000.parquet,1771422062.3462312
..\..\data\raw\systems\parquet\4903\system_4903__date_2016_04_22.snappy.000.parquet,pvdaq/parquet/pvdata/system_id=4903/year=2016/month=4/day=22/system_4903__date_2016_04_22.snappy.000.parquet,1771422062.6155112
..\..\data\raw\systems\parquet\4903\system_4903__date_2016_04_23.snappy.000.parquet,pvdaq/parquet/pvdata/system_id=4903/year=2016/month=4/day=23/system_4903__date_2016_04_23.snappy.000.parquet,1771422062.8570929
..\..\data\raw\systems\parquet\4903\system_4903__date_2016_04_24.snappy.000.parquet,pvdaq/parquet/pvdata/system_id=4903/year=2016/month=4/day=24/system_4903__date_2016_04_24.snappy.000.parquet,1771422063.1107717
..\..\data\raw\systems\parquet\4903\system_4903__date_2016_04_25.snappy.000.parquet,pvdaq/parquet/pvdata/system_id=4903/year=2016/month=4/day=25/system_4903__date_2016_04_25.snappy.000.parquet,1771422063.3673398
..\..\data\raw\systems\parquet\4903\system_4903__date_2016_04_26.snappy.000.parquet,pvdaq/parquet/pvdata/system_id=4903/year=2016/month=4/day=26/system_4903__date_2016_04_26.snappy.000.parquet,1771422063.6013422
..\..\data\raw\systems\parquet\4903\system_4903__date_2016_04_27.snappy.000.parquet,pvdaq/parquet/pvdata/system_id=4903/year=2016/month=4/day=27/system_4903__date_2016_04_27.snappy.000.parquet,1771422063.822555
..\..\data\raw\systems\parquet\4903\system_4903__date_2016_04_28.snappy.000.parquet,pvdaq/parquet/pvdata/system_id=4903/year=2016/month=4/day=28/system_4903__date_2016_04_28.snappy.000.parquet,1771422064.1593933
..\..\data\raw\systems\parquet\4903\system_4903__date_2016_04_29.snappy.000.parquet,pvdaq/parquet/pvdata/system_id=4903/year=2016/month=4/day=29/system_4903__date_2016_04_29.snappy.000.parquet,1771422064.449457
..\..\data\raw\systems\parquet\4903\system_4903__date_2016_04_03.snappy.000.parquet,pvdaq/parquet/pvdata/system_id=4903/year=2016/month=4/day=3/system_4903__date_2016_04_03.snappy.000.parquet,1771422064.7200816
..\..\data\raw\systems\parquet\4903\system_4903__date_2016_04_30.snappy.000.parquet,pvdaq/parquet/pvdata/system_id=4903/year=2016/month=4/day=30/system_4903__date_2016_04_30.snappy.000.parquet,1771422064.9664378
..\..\data\raw\systems\parquet\4903\system_4903__date_2016_04_04.snappy.000.parquet,pvdaq/parquet/pvdata/system_id=4903/year=2016/month=4/day=4/system_4903__date_2016_04_04.snappy.000.parquet,1771422065.2385619
..\..\data\raw\systems\parquet\4903\system_4903__date_2016_04_05.snappy.000.parquet,pvdaq/parquet/pvdata/system_id=4903/year=2016/month=4/day=5/system_4903__date_2016_04_05.snappy.000.parquet,1771422065.505575
..\..\data\raw\systems\parquet\4903\system_4903__date_2016_04_06.snappy.000.parquet,pvdaq/parquet/pvdata/system_id=4903/year=2016/month=4/day=6/system_4903__date_2016_04_06.snappy.000.parquet,1771422065.741198
..\..\data\raw\systems\parquet\4903\system_4903__date_2016_04_07.snappy.000.parquet,pvdaq/parquet/pvdata/system_id=4903/year=2016/month=4/day=7/system_4903__date_2016_04_07.snappy.000.parquet,1771422066.0044045
..\..\data\raw\systems\parquet\4903\system_4903__date_2016_04_08.snappy.000.parquet,pvdaq/parquet/pvdata/system_id=4903/year=2016/month=4/day=8/system_4903__date_2016_04_08.snappy.000.parquet,1771422066.2935038
..\..\data\raw\systems\parquet\4903\system_4903__date_2016_04_09.snappy.000.parquet,pvdaq/parquet/pvdata/system_id=4903/year=2016/month=4/day=9/system_4903__date_2016_04_09.snappy.000.parquet,1771422066.5675051
..\..\data\raw\systems\parquet\4903\system_4903__date_2016_05_01.snappy.000.parquet,pvdaq/parquet/pvdata/system_id=4903/year=2016/month=5/day=1/system_4903__date_2016_05_01.snappy.000.parquet,1771422066.8152237
..\..\data\raw\systems\parquet\4903\system_4903__date_2016_05_10.snappy.000.parquet,pvdaq/parquet/pvdata/system_id=4903/year=2016/month=5/day=10/system_4903__date_2016_05_10.snappy.000.parquet,1771422067.082471
..\..\data\raw\systems\parquet\4903\system_4903__date_2016_05_11.snappy.000.parquet,pvdaq/parquet/pvdata/system_id=4903/year=2016/month=5/day=11/system_4903__date_2016_05_11.snappy.000.parquet,1771422067.324562
..\..\data\raw\systems\parquet\4903\system_4903__date_2016_05_12.snappy.000.parquet,pvdaq/parquet/pvdata/system_id=4903/year=2016/month=5/day=12/system_4903__date_2016_05_12.snappy.000.parquet,1771422067.5847042
..\..\data\raw\systems\parquet\4903\system_4903__date_2016_05_13.snappy.000.parquet,pvdaq/parquet/pvdata/system_id=4903/year=2016/month=5/day=13/system_4903__date_2016_05_13.snappy.000.parquet,1771422067.8339818
..\..\data\raw\systems\parquet\4903\system_4903__date_2016_05_14.snappy.000.parquet,pvdaq/parquet/pvdata/system_id=4903/year=2016/month=5/day=14/system_4903__date_2016_05_14.snappy.000.parquet,1771422068.0995865
..\..\data\raw\systems\parquet\4903\system_4903__date_2016_05_15.snappy.000.parquet,pvdaq/parquet/pvdata/system_id=4903/year=2016/month=5/day=15/system_4903__date_2016_05_15.snappy.000.parquet,1771422068.349407
..\..\data\raw\systems\parquet\4903\system_4903__date_2016_05_16.snappy.000.parquet,pvdaq/parquet/pvdata/system_id=4903/year=2016/month=5/day=16/system_4903__date_2016_05_16.snappy.000.parquet,1771422068.628621
..\..\data\raw\systems\parquet\4903\system_4903__date_2016_05_17.snappy.000.parquet,pvdaq/parquet/pvdata/system_id=4903/year=2016/month=5/day=17/system_4903__date_2016_05_17.snappy.000.parquet,1771422068.8794143
..\..\data\raw\systems\parquet\4903\system_4903__date_2016_05_18.snappy.000.parquet,pvdaq/parquet/pvdata/system_id=4903/year=2016/month=5/day=18/system_4903__date_2016_05_18.snappy.000.parquet,1771422069.1232083
..\..\data\raw\systems\parquet\4903\system_4903__date_2016_05_19.snappy.000.parquet,pvdaq/parquet/pvdata/system_id=4903/year=2016/month=5/day=19/system_4903__date_2016_05_19.snappy.000.parquet,1771422069.4059594
..\..\data\raw\systems\parquet\4903\system_4903__date_2016_05_02.snappy.000.parquet,pvdaq/parquet/pvdata/system_id=4903/year=2016/month=5/day=2/system_4903__date_2016_05_02.snappy.000.parquet,1771422069.639962
..\..\data\raw\systems\parquet\4903\system_4903__date_2016_05_20.snappy.000.parquet,pvdaq/parquet/pvdata/system_id=4903/year=2016/month=5/day=20/system_4903__date_2016_05_20.snappy.000.parquet,1771422069.867789
..\..\data\raw\systems\parquet\4903\system_4903__date_2016_05_21.snappy.000.parquet,pvdaq/parquet/pvdata/system_id=4903/year=2016/month=5/day=21/system_4903__date_2016_05_21.snappy.000.parquet,1771422070.1135843
..\..\data\raw\systems\parquet\4903\system_4903__date_2016_05_22.snappy.000.parquet,pvdaq/parquet/pvdata/system_id=4903/year=2016/month=5/day=22/system_4903__date_2016_05_22.snappy.000.parquet,1771422070.3805687
..\..\data\raw\systems\parquet\4903\system_4903__date_2016_05_23.snappy.000.parquet,pvdaq/parquet/pvdata/system_id=4903/year=2016/month=5/day=23/system_4903__date_2016_05_23.snappy.000.parquet,1771422070.64265
..\..\data\raw\systems\parquet\4903\system_4903__date_2016_05_24.snappy.000.parquet,pvdaq/parquet/pvdata/system_id=4903/year=2016/month=5/day=24/system_4903__date_2016_05_24.snappy.000.parquet,1771422070.9025726
..\..\data\raw\systems\parquet\4903\system_4903__date_2016_05_25.snappy.000.parquet,pvdaq/parquet/pvdata/system_id=4903/year=2016/month=5/day=25/system_4903__date_2016_05_25.snappy.000.parquet,1771422071.1476636
..\..\data\raw\systems\parquet\4903\system_4903__date_2016_05_26.snappy.000.parquet,pvdaq/parquet/pvdata/system_id=4903/year=2016/month=5/day=26/system_4903__date_2016_05_26.snappy.000.parquet,1771422071.4553916
..\..\data\raw\systems\parquet\4903\system_4903__date_2016_05_27.snappy.000.parquet,pvdaq/parquet/pvdata/system_id=4903/year=2016/month=5/day=27/system_4903__date_2016_05_27.snappy.000.parquet,1771422072.6192825
..\..\data\raw\systems\parquet\4903\system_4903__date_2016_05_28.snappy.000.parquet,pvdaq/parquet/pvdata/system_id=4903/year=2016/month=5/day=28/system_4903__date_2016_05_28.snappy.000.parquet,1771422072.8706427
..\..\data\raw\systems\parquet\4903\system_4903__date_2016_05_29.snappy.000.parquet,pvdaq/parquet/pvdata/system_id=4903/year=2016/month=5/day=29/system_4903__date_2016_05_29.snappy.000.parquet,1771422073.1344671
..\..\data\raw\systems\parquet\4903\system_4903__date_2016_05_03.snappy.000.parquet,pvdaq/parquet/pvdata/system_id=4903/year=2016/month=5/day=3/system_4903__date_2016_05_03.snappy.000.parquet,1771422073.3655083
..\..\data\raw\systems\parquet\4903\system_4903__date_2016_05_30.snappy.000.parquet,pvdaq/parquet/pvdata/system_id=4903/year=2016/month=5/day=30/system_4903__date_2016_05_30.snappy.000.parquet,1771422073.5975394
..\..\data\raw\systems\parquet\4903\system_4903__date_2016_05_31.snappy.000.parquet,pvdaq/parquet/pvdata/system_id=4903/year=2016/month=5/day=31/system_4903__date_2016_05_31.snappy.000.parquet,1771422073.9046116
..\..\data\raw\systems\parquet\4903\system_4903__date_2016_05_04.snappy.000.parquet,pvdaq/parquet/pvdata/system_id=4903/year=2016/month=5/day=4/system_4903__date_2016_05_04.snappy.000.parquet,1771422074.159617
..\..\data\raw\systems\parquet\4903\system_4903__date_2016_05_05.snappy.000.parquet,pvdaq/parquet/pvdata/system_id=4903/year=2016/month=5/day=5/system_4903__date_2016_05_05.snappy.000.parquet,1771422074.4076328
..\..\data\raw\systems\parquet\4903\system_4903__date_2016_05_06.snappy.000.parquet,pvdaq/parquet/pvdata/system_id=4903/year=2016/month=5/day=6/system_4903__date_2016_05_06.snappy.000.parquet,1771422074.6923807
..\..\data\raw\systems\parquet\4903\system_4903__date_2016_05_07.snappy.000.parquet,pvdaq/parquet/pvdata/system_id=4903/year=2016/month=5/day=7/system_4903__date_2016_05_07.snappy.000.parquet,1771422075.0136788
..\..\data\raw\systems\parquet\4903\system_4903__date_2016_05_08.snappy.000.parquet,pvdaq/parquet/pvdata/system_id=4903/year=2016/month=5/day=8/system_4903__date_2016_05_08.snappy.000.parquet,1771422075.2616189
..\..\data\raw\systems\parquet\4903\system_4903__date_2016_05_09.snappy.000.parquet,pvdaq/parquet/pvdata/system_id=4903/year=2016/month=5/day=9/system_4903__date_2016_05_09.snappy.000.parquet,1771422075.5096192
..\..\data\raw\systems\parquet\4903\system_4903__date_2016_06_01.snappy.000.parquet,pvdaq/parquet/pvdata/system_id=4903/year=2016/month=6/day=1/system_4903__date_2016_06_01.snappy.000.parquet,1771422075.75161
..\..\data\raw\systems\parquet\4903\system_4903__date_2016_06_10.snappy.000.parquet,pvdaq/parquet/pvdata/system_id=4903/year=2016/month=6/day=10/system_4903__date_2016_06_10.snappy.000.parquet,1771422076.0226195
..\..\data\raw\systems\parquet\4903\system_4903__date_2016_06_11.snappy.000.parquet,pvdaq/parquet/pvdata/system_id=4903/year=2016/month=6/day=11/system_4903__date_2016_06_11.snappy.000.parquet,1771422076.2818716
..\..\data\raw\systems\parquet\4903\system_4903__date_2016_06_12.snappy.000.parquet,pvdaq/parquet/pvdata/system_id=4903/year=2016/month=6/day=12/system_4903__date_2016_06_12.snappy.000.parquet,1771422076.5532823
..\..\data\raw\systems\parquet\4903\system_4903__date_2016_06_13.snappy.000.parquet,pvdaq/parquet/pvdata/system_id=4903/year=2016/month=6/day=13/system_4903__date_2016_06_13.snappy.000.parquet,1771422076.8227427
..\..\data\raw\systems\parquet\4903\system_4903__date_2016_06_14.snappy.000.parquet,pvdaq/parquet/pvdata/system_id=4903/year=2016/month=6/day=14/system_4903__date_2016_06_14.snappy.000.parquet,1771422077.0687068
..\..\data\raw\systems\parquet\4903\system_4903__date_2016_06_15.snappy.000.parquet,pvdaq/parquet/pvdata/system_id=4903/year=2016/month=6/day=15/system_4903__date_2016_06_15.snappy.000.parquet,1771422077.330698
..\..\data\raw\systems\parquet\4903\system_4903__date_2016_06_16.snappy.000.parquet,pvdaq/parquet/pvdata/system_id=4903/year=2016/month=6/day=16/system_4903__date_2016_06_16.snappy.000.parquet,1771422077.588701
..\..\data\raw\systems\parquet\4903\system_4903__date_2016_06_17.snappy.000.parquet,pvdaq/parquet/pvdata/system_id=4903/year=2016/month=6/day=17/system_4903__date_2016_06_17.snappy.000.parquet,1771422077.8487
..\..\data\raw\systems\parquet\4903\system_4903__date_2016_06_18.snappy.000.parquet,pvdaq/parquet/pvdata/system_id=4903/year=2016/month=6/day=18/system_4903__date_2016_06_18.snappy.000.parquet,1771422078.1062162
..\..\data\raw\systems\parquet\4903\system_4903__date_2016_06_19.snappy.000.parquet,pvdaq/parquet/pvdata/system_id=4903/year=2016/month=6/day=19/system_4903__date_2016_06_19.snappy.000.parquet,1771422078.3812182
..\..\data\raw\systems\parquet\4903\system_4903__date_2016_06_02.snappy.000.parquet,pvdaq/parquet/pvdata/system_id=4903/year=2016/month=6/day=2/system_4903__date_2016_06_02.snappy.000.parquet,1771422078.6302156
..\..\data\raw\systems\parquet\4903\system_4903__date_2016_06_20.snappy.000.parquet,pvdaq/parquet/pvdata/system_id=4903/year=2016/month=6/day=20/system_4903__date_2016_06_20.snappy.000.parquet,1771422078.8582165
..\..\data\raw\systems\parquet\4903\system_4903__date_2016_06_21.snappy.000.parquet,pvdaq/parquet/pvdata/system_id=4903/year=2016/month=6/day=21/system_4903__date_2016_06_21.snappy.000.parquet,1771422079.1412163
..\..\data\raw\systems\parquet\4903\system_4903__date_2016_06_22.snappy.000.parquet,pvdaq/parquet/pvdata/system_id=4903/year=2016/month=6/day=22/system_4903__date_2016_06_22.snappy.000.parquet,1771422079.4152246
..\..\data\raw\systems\parquet\4903\system_4903__date_2016_06_23.snappy.000.parquet,pvdaq/parquet/pvdata/system_id=4903/year=2016/month=6/day=23/system_4903__date_2016_06_23.snappy.000.parquet,1771422079.6712146
..\..\data\raw\systems\parquet\4903\system_4903__date_2016_06_24.snappy.000.parquet,pvdaq/parquet/pvdata/system_id=4903/year=2016/month=6/day=24/system_4903__date_2016_06_24.snappy.000.parquet,1771422079.974215
..\..\data\raw\systems\parquet\4903\system_4903__date_2016_06_25.snappy.000.parquet,pvdaq/parquet/pvdata/system_id=4903/year=2016/month=6/day=25/system_4903__date_2016_06_25.snappy.000.parquet,1771422080.2682152
..\..\data\raw\systems\parquet\4903\system_4903__date_2016_06_27.snappy.000.parquet,pvdaq/parquet/pvdata/system_id=4903/year=2016/month=6/day=27/system_4903__date_2016_06_27.snappy.000.parquet,1771422080.4562151
..\..\data\raw\systems\parquet\4903\system_4903__date_2016_06_28.snappy.000.parquet,pvdaq/parquet/pvdata/system_id=4903/year=2016/month=6/day=28/system_4903__date_2016_06_28.snappy.000.parquet,1771422080.732216
..\..\data\raw\systems\parquet\4903\system_4903__date_2016_06_29.snappy.000.parquet,pvdaq/parquet/pvdata/system_id=4903/year=2016/month=6/day=29/system_4903__date_2016_06_29.snappy.000.parquet,1771422080.9792318
..\..\data\raw\systems\parquet\4903\system_4903__date_2016_06_03.snappy.000.parquet,pvdaq/parquet/pvdata/system_id=4903/year=2016/month=6/day=3/system_4903__date_2016_06_03.snappy.000.parquet,1771422081.241216
..\..\data\raw\systems\parquet\4903\system_4903__date_2016_06_30.snappy.000.parquet,pvdaq/parquet/pvdata/system_id=4903/year=2016/month=6/day=30/system_4903__date_2016_06_30.snappy.000.parquet,1771422081.5312173
..\..\data\raw\systems\parquet\4903\system_4903__date_2016_06_04.snappy.000.parquet,pvdaq/parquet/pvdata/system_id=4903/year=2016/month=6/day=4/system_4903__date_2016_06_04.snappy.000.parquet,1771422081.7802157
..\..\data\raw\systems\parquet\4903\system_4903__date_2016_06_05.snappy.000.parquet,pvdaq/parquet/pvdata/system_id=4903/year=2016/month=6/day=5/system_4903__date_2016_06_05.snappy.000.parquet,1771422082.0842142
..\..\data\raw\systems\parquet\4903\system_4903__date_2016_06_06.snappy.000.parquet,pvdaq/parquet/pvdata/system_id=4903/year=2016/month=6/day=6/system_4903__date_2016_06_06.snappy.000.parquet,1771422082.3142154
..\..\data\raw\systems\parquet\4903\system_4903__date_2016_06_07.snappy.000.parquet,pvdaq/parquet/pvdata/system_id=4903/year=2016/month=6/day=7/system_4903__date_2016_06_07.snappy.000.parquet,1771422082.5822158
..\..\data\raw\systems\parquet\4903\system_4903__date_2016_06_08.snappy.000.parquet,pvdaq/parquet/pvdata/system_id=4903/year=2016/month=6/day=8/system_4903__date_2016_06_08.snappy.000.parquet,1771422082.8322227
..\..\data\raw\systems\parquet\4903\system_4903__date_2016_06_09.snappy.000.parquet,pvdaq/parquet/pvdata/system_id=4903/year=2016/month=6/day=9/system_4903__date_2016_06_09.snappy.000.parquet,1771422083.0892243
..\..\data\raw\systems\parquet\4903\system_4903__date_2016_07_01.snappy.000.parquet,pvdaq/parquet/pvdata/system_id=4903/year=2016/month=7/day=1/system_4903__date_2016_07_01.snappy.000.parquet,1771422083.3872156
..\..\data\raw\systems\parquet\4903\system_4903__date_2016_07_10.snappy.000.parquet,pvdaq/parquet/pvdata/system_id=4903/year=2016/month=7/day=10/system_4903__date_2016_07_10.snappy.000.parquet,1771422083.635215
..\..\data\raw\systems\parquet\4903\system_4903__date_2016_07_11.snappy.000.parquet,pvdaq/parquet/pvdata/system_id=4903/year=2016/month=7/day=11/system_4903__date_2016_07_11.snappy.000.parquet,1771422083.9342153
..\..\data\raw\systems\parquet\4903\system_4903__date_2016_07_12.snappy.000.parquet,pvdaq/parquet/pvdata/system_id=4903/year=2016/month=7/day=12/system_4903__date_2016_07_12.snappy.000.parquet,1771422084.1942282
..\..\data\raw\systems\parquet\4903\system_4903__date_2016_07_13.snappy.000.parquet,pvdaq/parquet/pvdata/system_id=4903/year=2016/month=7/day=13/system_4903__date_2016_07_13.snappy.000.parquet,1771422084.4392154
..\..\data\raw\systems\parquet\4903\system_4903__date_2016_07_14.snappy.000.parquet,pvdaq/parquet/pvdata/system_id=4903/year=2016/month=7/day=14/system_4903__date_2016_07_14.snappy.000.parquet,1771422084.6882296
..\..\data\raw\systems\parquet\4903\system_4903__date_2016_07_15.snappy.000.parquet,pvdaq/parquet/pvdata/system_id=4903/year=2016/month=7/day=15/system_4903__date_2016_07_15.snappy.000.parquet,1771422084.9702146
..\..\data\raw\systems\parquet\4903\system_4903__date_2016_07_16.snappy.000.parquet,pvdaq/parquet/pvdata/system_id=4903/year=2016/month=7/day=16/system_4903__date_2016_07_16.snappy.000.parquet,1771422085.2552373
..\..\data\raw\systems\parquet\4903\system_4903__date_2016_07_17.snappy.000.parquet,pvdaq/parquet/pvdata/system_id=4903/year=2016/month=7/day=17/system_4903__date_2016_07_17.snappy.000.parquet,1771422085.5012417
..\..\data\raw\systems\parquet\4903\system_4903__date_2016_07_18.snappy.000.parquet,pvdaq/parquet/pvdata/system_id=4903/year=2016/month=7/day=18/system_4903__date_2016_07_18.snappy.000.parquet,1771422086.6162395
..\..\data\raw\systems\parquet\4903\system_4903__date_2016_07_19.snappy.000.parquet,pvdaq/parquet/pvdata/system_id=4903/year=2016/month=7/day=19/system_4903__date_2016_07_19.snappy.000.parquet,1771422086.950239
..\..\data\raw\systems\parquet\4903\system_4903__date_2016_07_02.snappy.000.parquet,pvdaq/parquet/pvdata/system_id=4903/year=2016/month=7/day=2/system_4903__date_2016_07_02.snappy.000.parquet,1771422087.2352927
..\..\data\raw\systems\parquet\4903\system_4903__date_2016_07_20.snappy.000.parquet,pvdaq/parquet/pvdata/system_id=4903/year=2016/month=7/day=20/system_4903__date_2016_07_20.snappy.000.parquet,1771422087.490251
..\..\data\raw\systems\parquet\4903\system_4903__date_2016_07_21.snappy.000.parquet,pvdaq/parquet/pvdata/system_id=4903/year=2016/month=7/day=21/system_4903__date_2016_07_21.snappy.000.parquet,1771422087.7952378
..\..\data\raw\systems\parquet\4903\system_4903__date_2016_07_22.snappy.000.parquet,pvdaq/parquet/pvdata/system_id=4903/year=2016/month=7/day=22/system_4903__date_2016_07_22.snappy.000.parquet,1771422088.037257
..\..\data\raw\systems\parquet\4903\system_4903__date_2016_07_23.snappy.000.parquet,pvdaq/parquet/pvdata/system_id=4903/year=2016/month=7/day=23/system_4903__date_2016_07_23.snappy.000.parquet,1771422088.3762398
..\..\data\raw\systems\parquet\4903\system_4903__date_2016_07_24.snappy.000.parquet,pvdaq/parquet/pvdata/system_id=4903/year=2016/month=7/day=24/system_4903__date_2016_07_24.snappy.000.parquet,1771422088.6282513
..\..\data\raw\systems\parquet\4903\system_4903__date_2016_07_25.snappy.000.parquet,pvdaq/parquet/pvdata/system_id=4903/year=2016/month=7/day=25/system_4903__date_2016_07_25.snappy.000.parquet,1771422088.8902378
..\..\data\raw\systems\parquet\4903\system_4903__date_2016_07_26.snappy.000.parquet,pvdaq/parquet/pvdata/system_id=4903/year=2016/month=7/day=26/system_4903__date_2016_07_26.snappy.000.parquet,1771422089.1582382
..\..\data\raw\systems\parquet\4903\system_4903__date_2016_07_27.snappy.000.parquet,pvdaq/parquet/pvdata/system_id=4903/year=2016/month=7/day=27/system_4903__date_2016_07_27.snappy.000.parquet,1771422089.4232378
..\..\data\raw\systems\parquet\4903\system_4903__date_2016_07_28.snappy.000.parquet,pvdaq/parquet/pvdata/system_id=4903/year=2016/month=7/day=28/system_4903__date_2016_07_28.snappy.000.parquet,1771422089.6832373
..\..\data\raw\systems\parquet\4903\system_4903__date_2016_07_29.snappy.000.parquet,pvdaq/parquet/pvdata/system_id=4903/year=2016/month=7/day=29/system_4903__date_2016_07_29.snappy.000.parquet,1771422089.9292386
..\..\data\raw\systems\parquet\4903\system_4903__date_2016_07_03.snappy.000.parquet,pvdaq/parquet/pvdata/system_id=4903/year=2016/month=7/day=3/system_4903__date_2016_07_03.snappy.000.parquet,1771422090.1782377
..\..\data\raw\systems\parquet\4903\system_4903__date_2016_07_30.snappy.000.parquet,pvdaq/parquet/pvdata/system_id=4903/year=2016/month=7/day=30/system_4903__date_2016_07_30.snappy.000.parquet,1771422090.4332385
..\..\data\raw\systems\parquet\4903\system_4903__date_2016_07_31.snappy.000.parquet,pvdaq/parquet/pvdata/system_id=4903/year=2016/month=7/day=31/system_4903__date_2016_07_31.snappy.000.parquet,1771422090.7442389
..\..\data\raw\systems\parquet\4903\system_4903__date_2016_07_04.snappy.000.parquet,pvdaq/parquet/pvdata/system_id=4903/year=2016/month=7/day=4/system_4903__date_2016_07_04.snappy.000.parquet,1771422091.0022569
..\..\data\raw\systems\parquet\4903\system_4903__date_2016_07_05.snappy.000.parquet,pvdaq/parquet/pvdata/system_id=4903/year=2016/month=7/day=5/system_4903__date_2016_07_05.snappy.000.parquet,1771422091.2472394
..\..\data\raw\systems\parquet\4903\system_4903__date_2016_07_06.snappy.000.parquet,pvdaq/parquet/pvdata/system_id=4903/year=2016/month=7/day=6/system_4903__date_2016_07_06.snappy.000.parquet,1771422091.493241
..\..\data\raw\systems\parquet\4903\system_4903__date_2016_07_07.snappy.000.parquet,pvdaq/parquet/pvdata/system_id=4903/year=2016/month=7/day=7/system_4903__date_2016_07_07.snappy.000.parquet,1771422091.7662387
..\..\data\raw\systems\parquet\4903\system_4903__date_2016_07_08.snappy.000.parquet,pvdaq/parquet/pvdata/system_id=4903/year=2016/month=7/day=8/system_4903__date_2016_07_08.snappy.000.parquet,1771422092.0072525
..\..\data\raw\systems\parquet\4903\system_4903__date_2016_07_09.snappy.000.parquet,pvdaq/parquet/pvdata/system_id=4903/year=2016/month=7/day=9/system_4903__date_2016_07_09.snappy.000.parquet,1771422092.275239
..\..\data\raw\systems\parquet\4903\system_4903__date_2016_08_01.snappy.000.parquet,pvdaq/parquet/pvdata/system_id=4903/year=2016/month=8/day=1/system_4903__date_2016_08_01.snappy.000.parquet,1771422092.5392401
..\..\data\raw\systems\parquet\4903\system_4903__date_2016_08_10.snappy.000.parquet,pvdaq/parquet/pvdata/system_id=4903/year=2016/month=8/day=10/system_4903__date_2016_08_10.snappy.000.parquet,1771422092.7912548
..\..\data\raw\systems\parquet\4903\system_4903__date_2016_08_11.snappy.000.parquet,pvdaq/parquet/pvdata/system_id=4903/year=2016/month=8/day=11/system_4903__date_2016_08_11.snappy.000.parquet,1771422093.0442376
..\..\data\raw\systems\parquet\4903\system_4903__date_2016_08_12.snappy.000.parquet,pvdaq/parquet/pvdata/system_id=4903/year=2016/month=8/day=12/system_4903__date_2016_08_12.snappy.000.parquet,1771422093.3092377
..\..\data\raw\systems\parquet\4903\system_4903__date_2016_08_13.snappy.000.parquet,pvdaq/parquet/pvdata/system_id=4903/year=2016/month=8/day=13/system_4903__date_2016_08_13.snappy.000.parquet,1771422093.5312383
..\..\data\raw\systems\parquet\4903\system_4903__date_2016_08_14.snappy.000.parquet,pvdaq/parquet/pvdata/system_id=4903/year=2016/month=8/day=14/system_4903__date_2016_08_14.snappy.000.parquet,1771422093.7742505
..\..\data\raw\systems\parquet\4903\system_4903__date_2016_08_15.snappy.000.parquet,pvdaq/parquet/pvdata/system_id=4903/year=2016/month=8/day=15/system_4903__date_2016_08_15.snappy.000.parquet,1771422093.9932373
..\..\data\raw\systems\parquet\4903\system_4903__date_2016_08_16.snappy.000.parquet,pvdaq/parquet/pvdata/system_id=4903/year=2016/month=8/day=16/system_4903__date_2016_08_16.snappy.000.parquet,1771422094.2352371
..\..\data\raw\systems\parquet\4903\system_4903__date_2016_08_17.snappy.000.parquet,pvdaq/parquet/pvdata/system_id=4903/year=2016/month=8/day=17/system_4903__date_2016_08_17.snappy.000.parquet,1771422094.5002382
..\..\data\raw\systems\parquet\4903\system_4903__date_2016_08_18.snappy.000.parquet,pvdaq/parquet/pvdata/system_id=4903/year=2016/month=8/day=18/system_4903__date_2016_08_18.snappy.000.parquet,1771422094.7522383
..\..\data\raw\systems\parquet\4903\system_4903__date_2016_08_19.snappy.000.parquet,pvdaq/parquet/pvdata/system_id=4903/year=2016/month=8/day=19/system_4903__date_2016_08_19.snappy.000.parquet,1771422095.0172377
..\..\data\raw\systems\parquet\4903\system_4903__date_2016_08_02.snappy.000.parquet,pvdaq/parquet/pvdata/system_id=4903/year=2016/month=8/day=2/system_4903__date_2016_08_02.snappy.000.parquet,1771422095.2712479
..\..\data\raw\systems\parquet\4903\system_4903__date_2016_08_20.snappy.000.parquet,pvdaq/parquet/pvdata/system_id=4903/year=2016/month=8/day=20/system_4903__date_2016_08_20.snappy.000.parquet,1771422095.5382373
..\..\data\raw\systems\parquet\4903\system_4903__date_2016_08_21.snappy.000.parquet,pvdaq/parquet/pvdata/system_id=4903/year=2016/month=8/day=21/system_4903__date_2016_08_21.snappy.000.parquet,1771422095.8912406
..\..\data\raw\systems\parquet\4903\system_4903__date_2016_08_22.snappy.000.parquet,pvdaq/parquet/pvdata/system_id=4903/year=2016/month=8/day=22/system_4903__date_2016_08_22.snappy.000.parquet,1771422096.1252537
..\..\data\raw\systems\parquet\4903\system_4903__date_2016_08_23.snappy.000.parquet,pvdaq/parquet/pvdata/system_id=4903/year=2016/month=8/day=23/system_4903__date_2016_08_23.snappy.000.parquet,1771422096.3662384
..\..\data\raw\systems\parquet\4903\system_4903__date_2016_08_24.snappy.000.parquet,pvdaq/parquet/pvdata/system_id=4903/year=2016/month=8/day=24/system_4903__date_2016_08_24.snappy.000.parquet,1771422096.6172378
..\..\data\raw\systems\parquet\4903\system_4903__date_2016_08_25.snappy.000.parquet,pvdaq/parquet/pvdata/system_id=4903/year=2016/month=8/day=25/system_4903__date_2016_08_25.snappy.000.parquet,1771422096.898239
..\..\data\raw\systems\parquet\4903\system_4903__date_2016_08_26.snappy.000.parquet,pvdaq/parquet/pvdata/system_id=4903/year=2016/month=8/day=26/system_4903__date_2016_08_26.snappy.000.parquet,1771422097.1242368
..\..\data\raw\systems\parquet\4903\system_4903__date_2016_08_27.snappy.000.parquet,pvdaq/parquet/pvdata/system_id=4903/year=2016/month=8/day=27/system_4903__date_2016_08_27.snappy.000.parquet,1771422097.3762395
..\..\data\raw\systems\parquet\4903\system_4903__date_2016_08_28.snappy.000.parquet,pvdaq/parquet/pvdata/system_id=4903/year=2016/month=8/day=28/system_4903__date_2016_08_28.snappy.000.parquet,1771422097.6292381
..\..\data\raw\systems\parquet\4903\system_4903__date_2016_08_29.snappy.000.parquet,pvdaq/parquet/pvdata/system_id=4903/year=2016/month=8/day=29/system_4903__date_2016_08_29.snappy.000.parquet,1771422097.8762407
..\..\data\raw\systems\parquet\4903\system_4903__date_2016_08_03.snappy.000.parquet,pvdaq/parquet/pvdata/system_id=4903/year=2016/month=8/day=3/system_4903__date_2016_08_03.snappy.000.parquet,1771422098.1342483
..\..\data\raw\systems\parquet\4903\system_4903__date_2016_08_30.snappy.000.parquet,pvdaq/parquet/pvdata/system_id=4903/year=2016/month=8/day=30/system_4903__date_2016_08_30.snappy.000.parquet,1771422098.4022396
..\..\data\raw\systems\parquet\4903\system_4903__date_2016_08_31.snappy.000.parquet,pvdaq/parquet/pvdata/system_id=4903/year=2016/month=8/day=31/system_4903__date_2016_08_31.snappy.000.parquet,1771422098.6822386
..\..\data\raw\systems\parquet\4903\system_4903__date_2016_08_04.snappy.000.parquet,pvdaq/parquet/pvdata/system_id=4903/year=2016/month=8/day=4/system_4903__date_2016_08_04.snappy.000.parquet,1771422098.9442384
..\..\data\raw\systems\parquet\4903\system_4903__date_2016_08_05.snappy.000.parquet,pvdaq/parquet/pvdata/system_id=4903/year=2016/month=8/day=5/system_4903__date_2016_08_05.snappy.000.parquet,1771422099.2082381
..\..\data\raw\systems\parquet\4903\system_4903__date_2016_08_06.snappy.000.parquet,pvdaq/parquet/pvdata/system_id=4903/year=2016/month=8/day=6/system_4903__date_2016_08_06.snappy.000.parquet,1771422099.432238
..\..\data\raw\systems\parquet\4903\system_4903__date_2016_08_07.snappy.000.parquet,pvdaq/parquet/pvdata/system_id=4903/year=2016/month=8/day=7/system_4903__date_2016_08_07.snappy.000.parquet,1771422100.5872376
..\..\data\raw\systems\parquet\4903\system_4903__date_2016_08_08.snappy.000.parquet,pvdaq/parquet/pvdata/system_id=4903/year=2016/month=8/day=8/system_4903__date_2016_08_08.snappy.000.parquet,1771422100.9282372
..\..\data\raw\systems\parquet\4903\system_4903__date_2016_08_09.snappy.000.parquet,pvdaq/parquet/pvdata/system_id=4903/year=2016/month=8/day=9/system_4903__date_2016_08_09.snappy.000.parquet,1771422101.1892428
..\..\data\raw\systems\parquet\4903\system_4903__date_2016_09_01.snappy.000.parquet,pvdaq/parquet/pvdata/system_id=4903/year=2016/month=9/day=1/system_4903__date_2016_09_01.snappy.000.parquet,1771422101.4642384
..\..\data\raw\systems\parquet\4903\system_4903__date_2016_09_10.snappy.000.parquet,pvdaq/parquet/pvdata/system_id=4903/year=2016/month=9/day=10/system_4903__date_2016_09_10.snappy.000.parquet,1771422101.718239
..\..\data\raw\systems\parquet\4903\system_4903__date_2016_09_11.snappy.000.parquet,pvdaq/parquet/pvdata/system_id=4903/year=2016/month=9/day=11/system_4903__date_2016_09_11.snappy.000.parquet,1771422101.9782393
..\..\data\raw\systems\parquet\4903\system_4903__date_2016_09_12.snappy.000.parquet,pvdaq/parquet/pvdata/system_id=4903/year=2016/month=9/day=12/system_4903__date_2016_09_12.snappy.000.parquet,1771422102.270238
..\..\data\raw\systems\parquet\4903\system_4903__date_2016_09_13.snappy.000.parquet,pvdaq/parquet/pvdata/system_id=4903/year=2016/month=9/day=13/system_4903__date_2016_09_13.snappy.000.parquet,1771422102.545238
..\..\data\raw\systems\parquet\4903\system_4903__date_2016_09_14.snappy.000.parquet,pvdaq/parquet/pvdata/system_id=4903/year=2016/month=9/day=14/system_4903__date_2016_09_14.snappy.000.parquet,1771422102.794247
..\..\data\raw\systems\parquet\4903\system_4903__date_2016_09_15.snappy.000.parquet,pvdaq/parquet/pvdata/system_id=4903/year=2016/month=9/day=15/system_4903__date_2016_09_15.snappy.000.parquet,1771422103.0632758
..\..\data\raw\systems\parquet\4903\system_4903__date_2016_09_16.snappy.000.parquet,pvdaq/parquet/pvdata/system_id=4903/year=2016/month=9/day=16/system_4903__date_2016_09_16.snappy.000.parquet,1771422103.3322527
..\..\data\raw\systems\parquet\4903\system_4903__date_2016_09_17.snappy.000.parquet,pvdaq/parquet/pvdata/system_id=4903/year=2016/month=9/day=17/system_4903__date_2016_09_17.snappy.000.parquet,1771422103.5723574
..\..\data\raw\systems\parquet\4903\system_4903__date_2016_09_18.snappy.000.parquet,pvdaq/parquet/pvdata/system_id=4903/year=2016/month=9/day=18/system_4903__date_2016_09_18.snappy.000.parquet,1771422103.8402383
..\..\data\raw\systems\parquet\4903\system_4903__date_2016_09_19.snappy.000.parquet,pvdaq/parquet/pvdata/system_id=4903/year=2016/month=9/day=19/system_4903__date_2016_09_19.snappy.000.parquet,1771422104.0772376
..\..\data\raw\systems\parquet\4903\system_4903__date_2016_09_02.snappy.000.parquet,pvdaq/parquet/pvdata/system_id=4903/year=2016/month=9/day=2/system_4903__date_2016_09_02.snappy.000.parquet,1771422104.3312387
..\..\data\raw\systems\parquet\4903\system_4903__date_2016_09_20.snappy.000.parquet,pvdaq/parquet/pvdata/system_id=4903/year=2016/month=9/day=20/system_4903__date_2016_09_20.snappy.000.parquet,1771422104.578238
..\..\data\raw\systems\parquet\4903\system_4903__date_2016_09_21.snappy.000.parquet,pvdaq/parquet/pvdata/system_id=4903/year=2016/month=9/day=21/system_4903__date_2016_09_21.snappy.000.parquet,1771422104.8692398
..\..\data\raw\systems\parquet\4903\system_4903__date_2016_09_22.snappy.000.parquet,pvdaq/parquet/pvdata/system_id=4903/year=2016/month=9/day=22/system_4903__date_2016_09_22.snappy.000.parquet,1771422105.1372466
..\..\data\raw\systems\parquet\4903\system_4903__date_2016_09_23.snappy.000.parquet,pvdaq/parquet/pvdata/system_id=4903/year=2016/month=9/day=23/system_4903__date_2016_09_23.snappy.000.parquet,1771422105.3992379
..\..\data\raw\systems\parquet\4903\system_4903__date_2016_09_24.snappy.000.parquet,pvdaq/parquet/pvdata/system_id=4903/year=2016/month=9/day=24/system_4903__date_2016_09_24.snappy.000.parquet,1771422105.698238
..\..\data\raw\systems\parquet\4903\system_4903__date_2016_09_25.snappy.000.parquet,pvdaq/parquet/pvdata/system_id=4903/year=2016/month=9/day=25/system_4903__date_2016_09_25.snappy.000.parquet,1771422105.93024
..\..\data\raw\systems\parquet\4903\system_4903__date_2016_09_26.snappy.000.parquet,pvdaq/parquet/pvdata/system_id=4903/year=2016/month=9/day=26/system_4903__date_2016_09_26.snappy.000.parquet,1771422106.19424
..\..\data\raw\systems\parquet\4903\system_4903__date_2016_09_27.snappy.000.parquet,pvdaq/parquet/pvdata/system_id=4903/year=2016/month=9/day=27/system_4903__date_2016_09_27.snappy.000.parquet,1771422106.4692378
..\..\data\raw\systems\parquet\4903\system_4903__date_2016_09_28.snappy.000.parquet,pvdaq/parquet/pvdata/system_id=4903/year=2016/month=9/day=28/system_4903__date_2016_09_28.snappy.000.parquet,1771422106.7212396
..\..\data\raw\systems\parquet\4903\system_4903__date_2016_09_29.snappy.000.parquet,pvdaq/parquet/pvdata/system_id=4903/year=2016/month=9/day=29/system_4903__date_2016_09_29.snappy.000.parquet,1771422106.9912376
..\..\data\raw\systems\parquet\4903\system_4903__date_2016_09_03.snappy.000.parquet,pvdaq/parquet/pvdata/system_id=4903/year=2016/month=9/day=3/system_4903__date_2016_09_03.snappy.000.parquet,1771422107.24324
..\..\data\raw\systems\parquet\4903\system_4903__date_2016_09_30.snappy.000.parquet,pvdaq/parquet/pvdata/system_id=4903/year=2016/month=9/day=30/system_4903__date_2016_09_30.snappy.000.parquet,1771422107.4952385
..\..\data\raw\systems\parquet\4903\system_4903__date_2016_09_04.snappy.000.parquet,pvdaq/parquet/pvdata/system_id=4903/year=2016/month=9/day=4/system_4903__date_2016_09_04.snappy.000.parquet,1771422107.747239
..\..\data\raw\systems\parquet\4903\system_4903__date_2016_09_05.snappy.000.parquet,pvdaq/parquet/pvdata/system_id=4903/year=2016/month=9/day=5/system_4903__date_2016_09_05.snappy.000.parquet,1771422107.98524
..\..\data\raw\systems\parquet\4903\system_4903__date_2016_09_06.snappy.000.parquet,pvdaq/parquet/pvdata/system_id=4903/year=2016/month=9/day=6/system_4903__date_2016_09_06.snappy.000.parquet,1771422108.232758
..\..\data\raw\systems\parquet\4903\system_4903__date_2016_09_07.snappy.000.parquet,pvdaq/parquet/pvdata/system_id=4903/year=2016/month=9/day=7/system_4903__date_2016_09_07.snappy.000.parquet,1771422108.5007572
..\..\data\raw\systems\parquet\4903\system_4903__date_2016_09_08.snappy.000.parquet,pvdaq/parquet/pvdata/system_id=4903/year=2016/month=9/day=8/system_4903__date_2016_09_08.snappy.000.parquet,1771422108.7797573
..\..\data\raw\systems\parquet\4903\system_4903__date_2016_09_09.snappy.000.parquet,pvdaq/parquet/pvdata/system_id=4903/year=2016/month=9/day=9/system_4903__date_2016_09_09.snappy.000.parquet,1771422109.05176
..\..\data\raw\systems\parquet\4903\system_4903__date_2017_01_01.snappy.000.parquet,pvdaq/parquet/pvdata/system_id=4903/year=2017/month=1/day=1/system_4903__date_2017_01_01.snappy.000.parquet,1771422109.3007581
..\..\data\raw\systems\parquet\4903\system_4903__date_2017_01_10.snappy.000.parquet,pvdaq/parquet/pvdata/system_id=4903/year=2017/month=1/day=10/system_4903__date_2017_01_10.snappy.000.parquet,1771422109.5527573
..\..\data\raw\systems\parquet\4903\system_4903__date_2017_01_11.snappy.000.parquet,pvdaq/parquet/pvdata/system_id=4903/year=2017/month=1/day=11/system_4903__date_2017_01_11.snappy.000.parquet,1771422109.806758
..\..\data\raw\systems\parquet\4903\system_4903__date_2017_01_12.snappy.000.parquet,pvdaq/parquet/pvdata/system_id=4903/year=2017/month=1/day=12/system_4903__date_2017_01_12.snappy.000.parquet,1771422110.0757573
..\..\data\raw\systems\parquet\4903\system_4903__date_2017_01_13.snappy.000.parquet,pvdaq/parquet/pvdata/system_id=4903/year=2017/month=1/day=13/system_4903__date_2017_01_13.snappy.000.parquet,1771422110.320758
..\..\data\raw\systems\parquet\4903\system_4903__date_2017_01_14.snappy.000.parquet,pvdaq/parquet/pvdata/system_id=4903/year=2017/month=1/day=14/system_4903__date_2017_01_14.snappy.000.parquet,1771422110.5817566
..\..\data\raw\systems\parquet\4903\system_4903__date_2017_01_15.snappy.000.parquet,pvdaq/parquet/pvdata/system_id=4903/year=2017/month=1/day=15/system_4903__date_2017_01_15.snappy.000.parquet,1771422110.8227582
..\..\data\raw\systems\parquet\4903\system_4903__date_2017_01_16.snappy.000.parquet,pvdaq/parquet/pvdata/system_id=4903/year=2017/month=1/day=16/system_4903__date_2017_01_16.snappy.000.parquet,1771422111.092758
..\..\data\raw\systems\parquet\4903\system_4903__date_2017_01_17.snappy.000.parquet,pvdaq/parquet/pvdata/system_id=4903/year=2017/month=1/day=17/system_4903__date_2017_01_17.snappy.000.parquet,1771422111.336757
..\..\data\raw\systems\parquet\4903\system_4903__date_2017_01_18.snappy.000.parquet,pvdaq/parquet/pvdata/system_id=4903/year=2017/month=1/day=18/system_4903__date_2017_01_18.snappy.000.parquet,1771422111.592757
..\..\data\raw\systems\parquet\4903\system_4903__date_2017_01_19.snappy.000.parquet,pvdaq/parquet/pvdata/system_id=4903/year=2017/month=1/day=19/system_4903__date_2017_01_19.snappy.000.parquet,1771422111.8547966
..\..\data\raw\systems\parquet\4903\system_4903__date_2017_01_02.snappy.000.parquet,pvdaq/parquet/pvdata/system_id=4903/year=2017/month=1/day=2/system_4903__date_2017_01_02.snappy.000.parquet,1771422112.1246579
..\..\data\raw\systems\parquet\4903\system_4903__date_2017_01_20.snappy.000.parquet,pvdaq/parquet/pvdata/system_id=4903/year=2017/month=1/day=20/system_4903__date_2017_01_20.snappy.000.parquet,1771422112.3680153
..\..\data\raw\systems\parquet\4903\system_4903__date_2017_01_21.snappy.000.parquet,pvdaq/parquet/pvdata/system_id=4903/year=2017/month=1/day=21/system_4903__date_2017_01_21.snappy.000.parquet,1771422112.607892
..\..\data\raw\systems\parquet\4903\system_4903__date_2017_01_22.snappy.000.parquet,pvdaq/parquet/pvdata/system_id=4903/year=2017/month=1/day=22/system_4903__date_2017_01_22.snappy.000.parquet,1771422112.8855076
..\..\data\raw\systems\parquet\4903\system_4903__date_2017_01_23.snappy.000.parquet,pvdaq/parquet/pvdata/system_id=4903/year=2017/month=1/day=23/system_4903__date_2017_01_23.snappy.000.parquet,1771422113.1381552
..\..\data\raw\systems\parquet\4903\system_4903__date_2017_01_24.snappy.000.parquet,pvdaq/parquet/pvdata/system_id=4903/year=2017/month=1/day=24/system_4903__date_2017_01_24.snappy.000.parquet,1771422113.3923926
..\..\data\raw\systems\parquet\4903\system_4903__date_2017_01_25.snappy.000.parquet,pvdaq/parquet/pvdata/system_id=4903/year=2017/month=1/day=25/system_4903__date_2017_01_25.snappy.000.parquet,1771422114.4476795
..\..\data\raw\systems\parquet\4903\system_4903__date_2017_01_26.snappy.000.parquet,pvdaq/parquet/pvdata/system_id=4903/year=2017/month=1/day=26/system_4903__date_2017_01_26.snappy.000.parquet,1771422114.7836735
..\..\data\raw\systems\parquet\4903\system_4903__date_2017_01_27.snappy.000.parquet,pvdaq/parquet/pvdata/system_id=4903/year=2017/month=1/day=27/system_4903__date_2017_01_27.snappy.000.parquet,1771422115.0236714
..\..\data\raw\systems\parquet\4903\system_4903__date_2017_01_28.snappy.000.parquet,pvdaq/parquet/pvdata/system_id=4903/year=2017/month=1/day=28/system_4903__date_2017_01_28.snappy.000.parquet,1771422115.2676814
..\..\data\raw\systems\parquet\4903\system_4903__date_2017_01_29.snappy.000.parquet,pvdaq/parquet/pvdata/system_id=4903/year=2017/month=1/day=29/system_4903__date_2017_01_29.snappy.000.parquet,1771422115.5283523
..\..\data\raw\systems\parquet\4903\system_4903__date_2017_01_03.snappy.000.parquet,pvdaq/parquet/pvdata/system_id=4903/year=2017/month=1/day=3/system_4903__date_2017_01_03.snappy.000.parquet,1771422115.8133826
..\..\data\raw\systems\parquet\4903\system_4903__date_2017_01_30.snappy.000.parquet,pvdaq/parquet/pvdata/system_id=4903/year=2017/month=1/day=30/system_4903__date_2017_01_30.snappy.000.parquet,1771422116.1045148
..\..\data\raw\systems\parquet\4903\system_4903__date_2017_01_31.snappy.000.parquet,pvdaq/parquet/pvdata/system_id=4903/year=2017/month=1/day=31/system_4903__date_2017_01_31.snappy.000.parquet,1771422116.359595
..\..\data\raw\systems\parquet\4903\system_4903__date_2017_01_04.snappy.000.parquet,pvdaq/parquet/pvdata/system_id=4903/year=2017/month=1/day=4/system_4903__date_2017_01_04.snappy.000.parquet,1771422116.6019359
..\..\data\raw\systems\parquet\4903\system_4903__date_2017_01_05.snappy.000.parquet,pvdaq/parquet/pvdata/system_id=4903/year=2017/month=1/day=5/system_4903__date_2017_01_05.snappy.000.parquet,1771422116.851945
..\..\data\raw\systems\parquet\4903\system_4903__date_2017_01_06.snappy.000.parquet,pvdaq/parquet/pvdata/system_id=4903/year=2017/month=1/day=6/system_4903__date_2017_01_06.snappy.000.parquet,1771422117.148117
..\..\data\raw\systems\parquet\4903\system_4903__date_2017_01_07.snappy.000.parquet,pvdaq/parquet/pvdata/system_id=4903/year=2017/month=1/day=7/system_4903__date_2017_01_07.snappy.000.parquet,1771422117.4282188
..\..\data\raw\systems\parquet\4903\system_4903__date_2017_01_08.snappy.000.parquet,pvdaq/parquet/pvdata/system_id=4903/year=2017/month=1/day=8/system_4903__date_2017_01_08.snappy.000.parquet,1771422117.7123504
..\..\data\raw\systems\parquet\4903\system_4903__date_2017_01_09.snappy.000.parquet,pvdaq/parquet/pvdata/system_id=4903/year=2017/month=1/day=9/system_4903__date_2017_01_09.snappy.000.parquet,1771422117.9494195
..\..\data\raw\systems\parquet\4903\system_4903__date_2017_10_01.snappy.000.parquet,pvdaq/parquet/pvdata/system_id=4903/year=2017/month=10/day=1/system_4903__date_2017_10_01.snappy.000.parquet,1771422118.1955168
..\..\data\raw\systems\parquet\4903\system_4903__date_2017_10_10.snappy.000.parquet,pvdaq/parquet/pvdata/system_id=4903/year=2017/month=10/day=10/system_4903__date_2017_10_10.snappy.000.parquet,1771422118.4525933
..\..\data\raw\systems\parquet\4903\system_4903__date_2017_10_11.snappy.000.parquet,pvdaq/parquet/pvdata/system_id=4903/year=2017/month=10/day=11/system_4903__date_2017_10_11.snappy.000.parquet,1771422118.71259
..\..\data\raw\systems\parquet\4903\system_4903__date_2017_10_12.snappy.000.parquet,pvdaq/parquet/pvdata/system_id=4903/year=2017/month=10/day=12/system_4903__date_2017_10_12.snappy.000.parquet,1771422118.9426174
..\..\data\raw\systems\parquet\4903\system_4903__date_2017_10_13.snappy.000.parquet,pvdaq/parquet/pvdata/system_id=4903/year=2017/month=10/day=13/system_4903__date_2017_10_13.snappy.000.parquet,1771422119.216636
..\..\data\raw\systems\parquet\4903\system_4903__date_2017_10_14.snappy.000.parquet,pvdaq/parquet/pvdata/system_id=4903/year=2017/month=10/day=14/system_4903__date_2017_10_14.snappy.000.parquet,1771422119.4834101
..\..\data\raw\systems\parquet\4903\system_4903__date_2017_10_15.snappy.000.parquet,pvdaq/parquet/pvdata/system_id=4903/year=2017/month=10/day=15/system_4903__date_2017_10_15.snappy.000.parquet,1771422119.7304666
..\..\data\raw\systems\parquet\4903\system_4903__date_2017_10_16.snappy.000.parquet,pvdaq/parquet/pvdata/system_id=4903/year=2017/month=10/day=16/system_4903__date_2017_10_16.snappy.000.parquet,1771422119.997597
..\..\data\raw\systems\parquet\4903\system_4903__date_2017_10_17.snappy.000.parquet,pvdaq/parquet/pvdata/system_id=4903/year=2017/month=10/day=17/system_4903__date_2017_10_17.snappy.000.parquet,1771422120.2661176
..\..\data\raw\systems\parquet\4903\system_4903__date_2017_10_18.snappy.000.parquet,pvdaq/parquet/pvdata/system_id=4903/year=2017/month=10/day=18/system_4903__date_2017_10_18.snappy.000.parquet,1771422120.5381224
..\..\data\raw\systems\parquet\4903\system_4903__date_2017_10_19.snappy.000.parquet,pvdaq/parquet/pvdata/system_id=4903/year=2017/month=10/day=19/system_4903__date_2017_10_19.snappy.000.parquet,1771422120.775122
..\..\data\raw\systems\parquet\4903\system_4903__date_2017_10_02.snappy.000.parquet,pvdaq/parquet/pvdata/system_id=4903/year=2017/month=10/day=2/system_4903__date_2017_10_02.snappy.000.parquet,1771422121.0233667
..\..\data\raw\systems\parquet\4903\system_4903__date_2017_10_20.snappy.000.parquet,pvdaq/parquet/pvdata/system_id=4903/year=2017/month=10/day=20/system_4903__date_2017_10_20.snappy.000.parquet,1771422121.2744102
..\..\data\raw\systems\parquet\4903\system_4903__date_2017_10_21.snappy.000.parquet,pvdaq/parquet/pvdata/system_id=4903/year=2017/month=10/day=21/system_4903__date_2017_10_21.snappy.000.parquet,1771422121.5233705
..\..\data\raw\systems\parquet\4903\system_4903__date_2017_10_22.snappy.000.parquet,pvdaq/parquet/pvdata/system_id=4903/year=2017/month=10/day=22/system_4903__date_2017_10_22.snappy.000.parquet,1771422121.788363
..\..\data\raw\systems\parquet\4903\system_4903__date_2017_10_23.snappy.000.parquet,pvdaq/parquet/pvdata/system_id=4903/year=2017/month=10/day=23/system_4903__date_2017_10_23.snappy.000.parquet,1771422122.014405
..\..\data\raw\systems\parquet\4903\system_4903__date_2017_10_24.snappy.000.parquet,pvdaq/parquet/pvdata/system_id=4903/year=2017/month=10/day=24/system_4903__date_2017_10_24.snappy.000.parquet,1771422122.317419
..\..\data\raw\systems\parquet\4903\system_4903__date_2017_10_25.snappy.000.parquet,pvdaq/parquet/pvdata/system_id=4903/year=2017/month=10/day=25/system_4903__date_2017_10_25.snappy.000.parquet,1771422122.6055064
..\..\data\raw\systems\parquet\4903\system_4903__date_2017_10_26.snappy.000.parquet,pvdaq/parquet/pvdata/system_id=4903/year=2017/month=10/day=26/system_4903__date_2017_10_26.snappy.000.parquet,1771422122.8833861
..\..\data\raw\systems\parquet\4903\system_4903__date_2017_10_27.snappy.000.parquet,pvdaq/parquet/pvdata/system_id=4903/year=2017/month=10/day=27/system_4903__date_2017_10_27.snappy.000.parquet,1771422123.133778
..\..\data\raw\systems\parquet\4903\system_4903__date_2017_10_28.snappy.000.parquet,pvdaq/parquet/pvdata/system_id=4903/year=2017/month=10/day=28/system_4903__date_2017_10_28.snappy.000.parquet,1771422123.3923593
..\..\data\raw\systems\parquet\4903\system_4903__date_2017_10_29.snappy.000.parquet,pvdaq/parquet/pvdata/system_id=4903/year=2017/month=10/day=29/system_4903__date_2017_10_29.snappy.000.parquet,1771422123.6392527
..\..\data\raw\systems\parquet\4903\system_4903__date_2017_10_03.snappy.000.parquet,pvdaq/parquet/pvdata/system_id=4903/year=2017/month=10/day=3/system_4903__date_2017_10_03.snappy.000.parquet,1771422123.8869035
..\..\data\raw\systems\parquet\4903\system_4903__date_2017_10_30.snappy.000.parquet,pvdaq/parquet/pvdata/system_id=4903/year=2017/month=10/day=30/system_4903__date_2017_10_30.snappy.000.parquet,1771422124.1845634
..\..\data\raw\systems\parquet\4903\system_4903__date_2017_10_31.snappy.000.parquet,pvdaq/parquet/pvdata/system_id=4903/year=2017/month=10/day=31/system_4903__date_2017_10_31.snappy.000.parquet,1771422124.4229608
..\..\data\raw\systems\parquet\4903\system_4903__date_2017_10_04.snappy.000.parquet,pvdaq/parquet/pvdata/system_id=4903/year=2017/month=10/day=4/system_4903__date_2017_10_04.snappy.000.parquet,1771422124.6621864
..\..\data\raw\systems\parquet\4903\system_4903__date_2017_10_05.snappy.000.parquet,pvdaq/parquet/pvdata/system_id=4903/year=2017/month=10/day=5/system_4903__date_2017_10_05.snappy.000.parquet,1771422124.932248
..\..\data\raw\systems\parquet\4903\system_4903__date_2017_10_06.snappy.000.parquet,pvdaq/parquet/pvdata/system_id=4903/year=2017/month=10/day=6/system_4903__date_2017_10_06.snappy.000.parquet,1771422125.1996932
..\..\data\raw\systems\parquet\4903\system_4903__date_2017_10_07.snappy.000.parquet,pvdaq/parquet/pvdata/system_id=4903/year=2017/month=10/day=7/system_4903__date_2017_10_07.snappy.000.parquet,1771422125.4351668
..\..\data\raw\systems\parquet\4903\system_4903__date_2017_10_08.snappy.000.parquet,pvdaq/parquet/pvdata/system_id=4903/year=2017/month=10/day=8/system_4903__date_2017_10_08.snappy.000.parquet,1771422125.7114744
..\..\data\raw\systems\parquet\4903\system_4903__date_2017_10_09.snappy.000.parquet,pvdaq/parquet/pvdata/system_id=4903/year=2017/month=10/day=9/system_4903__date_2017_10_09.snappy.000.parquet,1771422125.9667
..\..\data\raw\systems\parquet\4903\system_4903__date_2017_11_01.snappy.000.parquet,pvdaq/parquet/pvdata/system_id=4903/year=2017/month=11/day=1/system_4903__date_2017_11_01.snappy.000.parquet,1771422126.2400987
..\..\data\raw\systems\parquet\4903\system_4903__date_2017_11_10.snappy.000.parquet,pvdaq/parquet/pvdata/system_id=4903/year=2017/month=11/day=10/system_4903__date_2017_11_10.snappy.000.parquet,1771422126.499673
..\..\data\raw\systems\parquet\4903\system_4903__date_2017_11_11.snappy.000.parquet,pvdaq/parquet/pvdata/system_id=4903/year=2017/month=11/day=11/system_4903__date_2017_11_11.snappy.000.parquet,1771422126.7306695
..\..\data\raw\systems\parquet\4903\system_4903__date_2017_11_12.snappy.000.parquet,pvdaq/parquet/pvdata/system_id=4903/year=2017/month=11/day=12/system_4903__date_2017_11_12.snappy.000.parquet,1771422126.9697762
..\..\data\raw\systems\parquet\4903\system_4903__date_2017_11_13.snappy.000.parquet,pvdaq/parquet/pvdata/system_id=4903/year=2017/month=11/day=13/system_4903__date_2017_11_13.snappy.000.parquet,1771422127.216674
..\..\data\raw\systems\parquet\4903\system_4903__date_2017_11_14.snappy.000.parquet,pvdaq/parquet/pvdata/system_id=4903/year=2017/month=11/day=14/system_4903__date_2017_11_14.snappy.000.parquet,1771422128.3953927
..\..\data\raw\systems\parquet\4903\system_4903__date_2017_11_15.snappy.000.parquet,pvdaq/parquet/pvdata/system_id=4903/year=2017/month=11/day=15/system_4903__date_2017_11_15.snappy.000.parquet,1771422128.7240114
..\..\data\raw\systems\parquet\4903\system_4903__date_2017_11_16.snappy.000.parquet,pvdaq/parquet/pvdata/system_id=4903/year=2017/month=11/day=16/system_4903__date_2017_11_16.snappy.000.parquet,1771422128.9695377
..\..\data\raw\systems\parquet\4903\system_4903__date_2017_11_17.snappy.000.parquet,pvdaq/parquet/pvdata/system_id=4903/year=2017/month=11/day=17/system_4903__date_2017_11_17.snappy.000.parquet,1771422129.2345686
..\..\data\raw\systems\parquet\4903\system_4903__date_2017_11_18.snappy.000.parquet,pvdaq/parquet/pvdata/system_id=4903/year=2017/month=11/day=18/system_4903__date_2017_11_18.snappy.000.parquet,1771422129.4836183
..\..\data\raw\systems\parquet\4903\system_4903__date_2017_11_19.snappy.000.parquet,pvdaq/parquet/pvdata/system_id=4903/year=2017/month=11/day=19/system_4903__date_2017_11_19.snappy.000.parquet,1771422129.7446456
..\..\data\raw\systems\parquet\4903\system_4903__date_2017_11_02.snappy.000.parquet,pvdaq/parquet/pvdata/system_id=4903/year=2017/month=11/day=2/system_4903__date_2017_11_02.snappy.000.parquet,1771422130.0471199
..\..\data\raw\systems\parquet\4903\system_4903__date_2017_11_20.snappy.000.parquet,pvdaq/parquet/pvdata/system_id=4903/year=2017/month=11/day=20/system_4903__date_2017_11_20.snappy.000.parquet,1771422130.29733
..\..\data\raw\systems\parquet\4903\system_4903__date_2017_11_21.snappy.000.parquet,pvdaq/parquet/pvdata/system_id=4903/year=2017/month=11/day=21/system_4903__date_2017_11_21.snappy.000.parquet,1771422130.5446835
..\..\data\raw\systems\parquet\4903\system_4903__date_2017_11_22.snappy.000.parquet,pvdaq/parquet/pvdata/system_id=4903/year=2017/month=11/day=22/system_4903__date_2017_11_22.snappy.000.parquet,1771422130.806339
..\..\data\raw\systems\parquet\4903\system_4903__date_2017_11_23.snappy.000.parquet,pvdaq/parquet/pvdata/system_id=4903/year=2017/month=11/day=23/system_4903__date_2017_11_23.snappy.000.parquet,1771422131.053628
..\..\data\raw\systems\parquet\4903\system_4903__date_2017_11_24.snappy.000.parquet,pvdaq/parquet/pvdata/system_id=4903/year=2017/month=11/day=24/system_4903__date_2017_11_24.snappy.000.parquet,1771422131.3173213
..\..\data\raw\systems\parquet\4903\system_4903__date_2017_11_25.snappy.000.parquet,pvdaq/parquet/pvdata/system_id=4903/year=2017/month=11/day=25/system_4903__date_2017_11_25.snappy.000.parquet,1771422131.5995574
..\..\data\raw\systems\parquet\4903\system_4903__date_2017_11_26.snappy.000.parquet,pvdaq/parquet/pvdata/system_id=4903/year=2017/month=11/day=26/system_4903__date_2017_11_26.snappy.000.parquet,1771422131.8515556
..\..\data\raw\systems\parquet\4903\system_4903__date_2017_11_27.snappy.000.parquet,pvdaq/parquet/pvdata/system_id=4903/year=2017/month=11/day=27/system_4903__date_2017_11_27.snappy.000.parquet,1771422132.1400537
..\..\data\raw\systems\parquet\4903\system_4903__date_2017_11_28.snappy.000.parquet,pvdaq/parquet/pvdata/system_id=4903/year=2017/month=11/day=28/system_4903__date_2017_11_28.snappy.000.parquet,1771422132.488586
..\..\data\raw\systems\parquet\4903\system_4903__date_2017_11_29.snappy.000.parquet,pvdaq/parquet/pvdata/system_id=4903/year=2017/month=11/day=29/system_4903__date_2017_11_29.snappy.000.parquet,1771422132.7604568
..\..\data\raw\systems\parquet\4903\system_4903__date_2017_11_03.snappy.000.parquet,pvdaq/parquet/pvdata/system_id=4903/year=2017/month=11/day=3/system_4903__date_2017_11_03.snappy.000.parquet,1771422133.0916705
..\..\data\raw\systems\parquet\4903\system_4903__date_2017_11_30.snappy.000.parquet,pvdaq/parquet/pvdata/system_id=4903/year=2017/month=11/day=30/system_4903__date_2017_11_30.snappy.000.parquet,1771422133.35862
..\..\data\raw\systems\parquet\4903\system_4903__date_2017_11_04.snappy.000.parquet,pvdaq/parquet/pvdata/system_id=4903/year=2017/month=11/day=4/system_4903__date_2017_11_04.snappy.000.parquet,1771422133.6385708
..\..\data\raw\systems\parquet\4903\system_4903__date_2017_11_05.snappy.000.parquet,pvdaq/parquet/pvdata/system_id=4903/year=2017/month=11/day=5/system_4903__date_2017_11_05.snappy.000.parquet,1771422133.9142482
..\..\data\raw\systems\parquet\4903\system_4903__date_2017_11_06.snappy.000.parquet,pvdaq/parquet/pvdata/system_id=4903/year=2017/month=11/day=6/system_4903__date_2017_11_06.snappy.000.parquet,1771422134.171772
..\..\data\raw\systems\parquet\4903\system_4903__date_2017_11_07.snappy.000.parquet,pvdaq/parquet/pvdata/system_id=4903/year=2017/month=11/day=7/system_4903__date_2017_11_07.snappy.000.parquet,1771422134.413515
..\..\data\raw\systems\parquet\4903\system_4903__date_2017_11_08.snappy.000.parquet,pvdaq/parquet/pvdata/system_id=4903/year=2017/month=11/day=8/system_4903__date_2017_11_08.snappy.000.parquet,1771422134.6945488
..\..\data\raw\systems\parquet\4903\system_4903__date_2017_11_09.snappy.000.parquet,pvdaq/parquet/pvdata/system_id=4903/year=2017/month=11/day=9/system_4903__date_2017_11_09.snappy.000.parquet,1771422134.9867659
..\..\data\raw\systems\parquet\4903\system_4903__date_2017_12_01.snappy.000.parquet,pvdaq/parquet/pvdata/system_id=4903/year=2017/month=12/day=1/system_4903__date_2017_12_01.snappy.000.parquet,1771422135.25857
..\..\data\raw\systems\parquet\4903\system_4903__date_2017_12_10.snappy.000.parquet,pvdaq/parquet/pvdata/system_id=4903/year=2017/month=12/day=10/system_4903__date_2017_12_10.snappy.000.parquet,1771422135.5173807
..\..\data\raw\systems\parquet\4903\system_4903__date_2017_12_11.snappy.000.parquet,pvdaq/parquet/pvdata/system_id=4903/year=2017/month=12/day=11/system_4903__date_2017_12_11.snappy.000.parquet,1771422135.7713807
..\..\data\raw\systems\parquet\4903\system_4903__date_2017_12_12.snappy.000.parquet,pvdaq/parquet/pvdata/system_id=4903/year=2017/month=12/day=12/system_4903__date_2017_12_12.snappy.000.parquet,1771422136.0504842
..\..\data\raw\systems\parquet\4903\system_4903__date_2017_12_13.snappy.000.parquet,pvdaq/parquet/pvdata/system_id=4903/year=2017/month=12/day=13/system_4903__date_2017_12_13.snappy.000.parquet,1771422136.3283737
..\..\data\raw\systems\parquet\4903\system_4903__date_2017_12_14.snappy.000.parquet,pvdaq/parquet/pvdata/system_id=4903/year=2017/month=12/day=14/system_4903__date_2017_12_14.snappy.000.parquet,1771422136.6055555
..\..\data\raw\systems\parquet\4903\system_4903__date_2017_12_15.snappy.000.parquet,pvdaq/parquet/pvdata/system_id=4903/year=2017/month=12/day=15/system_4903__date_2017_12_15.snappy.000.parquet,1771422136.8685162
..\..\data\raw\systems\parquet\4903\system_4903__date_2017_12_16.snappy.000.parquet,pvdaq/parquet/pvdata/system_id=4903/year=2017/month=12/day=16/system_4903__date_2017_12_16.snappy.000.parquet,1771422137.127392
..\..\data\raw\systems\parquet\4903\system_4903__date_2017_12_17.snappy.000.parquet,pvdaq/parquet/pvdata/system_id=4903/year=2017/month=12/day=17/system_4903__date_2017_12_17.snappy.000.parquet,1771422137.3680394
..\..\data\raw\systems\parquet\4903\system_4903__date_2017_12_18.snappy.000.parquet,pvdaq/parquet/pvdata/system_id=4903/year=2017/month=12/day=18/system_4903__date_2017_12_18.snappy.000.parquet,1771422137.6340477
..\..\data\raw\systems\parquet\4903\system_4903__date_2017_12_19.snappy.000.parquet,pvdaq/parquet/pvdata/system_id=4903/year=2017/month=12/day=19/system_4903__date_2017_12_19.snappy.000.parquet,1771422137.9331331
..\..\data\raw\systems\parquet\4903\system_4903__date_2017_12_02.snappy.000.parquet,pvdaq/parquet/pvdata/system_id=4903/year=2017/month=12/day=2/system_4903__date_2017_12_02.snappy.000.parquet,1771422138.208654
..\..\data\raw\systems\parquet\4903\system_4903__date_2017_12_20.snappy.000.parquet,pvdaq/parquet/pvdata/system_id=4903/year=2017/month=12/day=20/system_4903__date_2017_12_20.snappy.000.parquet,1771422138.4806538
..\..\data\raw\systems\parquet\4903\system_4903__date_2017_12_21.snappy.000.parquet,pvdaq/parquet/pvdata/system_id=4903/year=2017/month=12/day=21/system_4903__date_2017_12_21.snappy.000.parquet,1771422138.7286582
..\..\data\raw\systems\parquet\4903\system_4903__date_2017_12_22.snappy.000.parquet,pvdaq/parquet/pvdata/system_id=4903/year=2017/month=12/day=22/system_4903__date_2017_12_22.snappy.000.parquet,1771422138.9869492
..\..\data\raw\systems\parquet\4903\system_4903__date_2017_12_23.snappy.000.parquet,pvdaq/parquet/pvdata/system_id=4903/year=2017/month=12/day=23/system_4903__date_2017_12_23.snappy.000.parquet,1771422139.2619853
..\..\data\raw\systems\parquet\4903\system_4903__date_2017_12_24.snappy.000.parquet,pvdaq/parquet/pvdata/system_id=4903/year=2017/month=12/day=24/system_4903__date_2017_12_24.snappy.000.parquet,1771422139.5136378
..\..\data\raw\systems\parquet\4903\system_4903__date_2017_12_25.snappy.000.parquet,pvdaq/parquet/pvdata/system_id=4903/year=2017/month=12/day=25/system_4903__date_2017_12_25.snappy.000.parquet,1771422139.7999887
..\..\data\raw\systems\parquet\4903\system_4903__date_2017_12_26.snappy.000.parquet,pvdaq/parquet/pvdata/system_id=4903/year=2017/month=12/day=26/system_4903__date_2017_12_26.snappy.000.parquet,1771422140.0925078
..\..\data\raw\systems\parquet\4903\system_4903__date_2017_12_27.snappy.000.parquet,pvdaq/parquet/pvdata/system_id=4903/year=2017/month=12/day=27/system_4903__date_2017_12_27.snappy.000.parquet,1771422140.3687031
..\..\data\raw\systems\parquet\4903\system_4903__date_2017_12_28.snappy.000.parquet,pvdaq/parquet/pvdata/system_id=4903/year=2017/month=12/day=28/system_4903__date_2017_12_28.snappy.000.parquet,1771422140.6474924
..\..\data\raw\systems\parquet\4903\system_4903__date_2017_12_29.snappy.000.parquet,pvdaq/parquet/pvdata/system_id=4903/year=2017/month=12/day=29/system_4903__date_2017_12_29.snappy.000.parquet,1771422140.9249344
..\..\data\raw\systems\parquet\4903\system_4903__date_2017_12_03.snappy.000.parquet,pvdaq/parquet/pvdata/system_id=4903/year=2017/month=12/day=3/system_4903__date_2017_12_03.snappy.000.parquet,1771422141.1991823
..\..\data\raw\systems\parquet\4903\system_4903__date_2017_12_30.snappy.000.parquet,pvdaq/parquet/pvdata/system_id=4903/year=2017/month=12/day=30/system_4903__date_2017_12_30.snappy.000.parquet,1771422141.4766226
..\..\data\raw\systems\parquet\4903\system_4903__date_2017_12_31.snappy.000.parquet,pvdaq/parquet/pvdata/system_id=4903/year=2017/month=12/day=31/system_4903__date_2017_12_31.snappy.000.parquet,1771422141.7655199
..\..\data\raw\systems\parquet\4903\system_4903__date_2017_12_04.snappy.000.parquet,pvdaq/parquet/pvdata/system_id=4903/year=2017/month=12/day=4/system_4903__date_2017_12_04.snappy.000.parquet,1771422142.8955624
..\..\data\raw\systems\parquet\4903\system_4903__date_2017_12_05.snappy.000.parquet,pvdaq/parquet/pvdata/system_id=4903/year=2017/month=12/day=5/system_4903__date_2017_12_05.snappy.000.parquet,1771422143.351662
..\..\data\raw\systems\parquet\4903\system_4903__date_2017_12_06.snappy.000.parquet,pvdaq/parquet/pvdata/system_id=4903/year=2017/month=12/day=6/system_4903__date_2017_12_06.snappy.000.parquet,1771422143.6048174
..\..\data\raw\systems\parquet\4903\system_4903__date_2017_12_07.snappy.000.parquet,pvdaq/parquet/pvdata/system_id=4903/year=2017/month=12/day=7/system_4903__date_2017_12_07.snappy.000.parquet,1771422143.8793232
..\..\data\raw\systems\parquet\4903\system_4903__date_2017_12_08.snappy.000.parquet,pvdaq/parquet/pvdata/system_id=4903/year=2017/month=12/day=8/system_4903__date_2017_12_08.snappy.000.parquet,1771422144.1313796
..\..\data\raw\systems\parquet\4903\system_4903__date_2017_12_09.snappy.000.parquet,pvdaq/parquet/pvdata/system_id=4903/year=2017/month=12/day=9/system_4903__date_2017_12_09.snappy.000.parquet,1771422144.3813415
..\..\data\raw\systems\parquet\4903\system_4903__date_2017_02_01.snappy.000.parquet,pvdaq/parquet/pvdata/system_id=4903/year=2017/month=2/day=1/system_4903__date_2017_02_01.snappy.000.parquet,1771422144.6403804
..\..\data\raw\systems\parquet\4903\system_4903__date_2017_02_10.snappy.000.parquet,pvdaq/parquet/pvdata/system_id=4903/year=2017/month=2/day=10/system_4903__date_2017_02_10.snappy.000.parquet,1771422144.8743417
..\..\data\raw\systems\parquet\4903\system_4903__date_2017_02_11.snappy.000.parquet,pvdaq/parquet/pvdata/system_id=4903/year=2017/month=2/day=11/system_4903__date_2017_02_11.snappy.000.parquet,1771422145.1280816
..\..\data\raw\systems\parquet\4903\system_4903__date_2017_02_12.snappy.000.parquet,pvdaq/parquet/pvdata/system_id=4903/year=2017/month=2/day=12/system_4903__date_2017_02_12.snappy.000.parquet,1771422145.383462
..\..\data\raw\systems\parquet\4903\system_4903__date_2017_02_13.snappy.000.parquet,pvdaq/parquet/pvdata/system_id=4903/year=2017/month=2/day=13/system_4903__date_2017_02_13.snappy.000.parquet,1771422145.6707466
..\..\data\raw\systems\parquet\4903\system_4903__date_2017_02_14.snappy.000.parquet,pvdaq/parquet/pvdata/system_id=4903/year=2017/month=2/day=14/system_4903__date_2017_02_14.snappy.000.parquet,1771422145.9481301
..\..\data\raw\systems\parquet\4903\system_4903__date_2017_02_15.snappy.000.parquet,pvdaq/parquet/pvdata/system_id=4903/year=2017/month=2/day=15/system_4903__date_2017_02_15.snappy.000.parquet,1771422146.1899056
..\..\data\raw\systems\parquet\4903\system_4903__date_2017_02_16.snappy.000.parquet,pvdaq/parquet/pvdata/system_id=4903/year=2017/month=2/day=16/system_4903__date_2017_02_16.snappy.000.parquet,1771422146.453302
..\..\data\raw\systems\parquet\4903\system_4903__date_2017_02_17.snappy.000.parquet,pvdaq/parquet/pvdata/system_id=4903/year=2017/month=2/day=17/system_4903__date_2017_02_17.snappy.000.parquet,1771422146.691441
..\..\data\raw\systems\parquet\4903\system_4903__date_2017_02_18.snappy.000.parquet,pvdaq/parquet/pvdata/system_id=4903/year=2017/month=2/day=18/system_4903__date_2017_02_18.snappy.000.parquet,1771422146.9233458
..\..\data\raw\systems\parquet\4903\system_4903__date_2017_02_19.snappy.000.parquet,pvdaq/parquet/pvdata/system_id=4903/year=2017/month=2/day=19/system_4903__date_2017_02_19.snappy.000.parquet,1771422147.1626678
..\..\data\raw\systems\parquet\4903\system_4903__date_2017_02_02.snappy.000.parquet,pvdaq/parquet/pvdata/system_id=4903/year=2017/month=2/day=2/system_4903__date_2017_02_02.snappy.000.parquet,1771422147.3914828
..\..\data\raw\systems\parquet\4903\system_4903__date_2017_02_20.snappy.000.parquet,pvdaq/parquet/pvdata/system_id=4903/year=2017/month=2/day=20/system_4903__date_2017_02_20.snappy.000.parquet,1771422147.658559
..\..\data\raw\systems\parquet\4903\system_4903__date_2017_02_21.snappy.000.parquet,pvdaq/parquet/pvdata/system_id=4903/year=2017/month=2/day=21/system_4903__date_2017_02_21.snappy.000.parquet,1771422147.9198282
..\..\data\raw\systems\parquet\4903\system_4903__date_2017_02_22.snappy.000.parquet,pvdaq/parquet/pvdata/system_id=4903/year=2017/month=2/day=22/system_4903__date_2017_02_22.snappy.000.parquet,1771422148.1830094
..\..\data\raw\systems\parquet\4903\system_4903__date_2017_02_23.snappy.000.parquet,pvdaq/parquet/pvdata/system_id=4903/year=2017/month=2/day=23/system_4903__date_2017_02_23.snappy.000.parquet,1771422148.48228
..\..\data\raw\systems\parquet\4903\system_4903__date_2017_02_24.snappy.000.parquet,pvdaq/parquet/pvdata/system_id=4903/year=2017/month=2/day=24/system_4903__date_2017_02_24.snappy.000.parquet,1771422148.7286441
..\..\data\raw\systems\parquet\4903\system_4903__date_2017_02_25.snappy.000.parquet,pvdaq/parquet/pvdata/system_id=4903/year=2017/month=2/day=25/system_4903__date_2017_02_25.snappy.000.parquet,1771422148.9694774
..\..\data\raw\systems\parquet\4903\system_4903__date_2017_02_26.snappy.000.parquet,pvdaq/parquet/pvdata/system_id=4903/year=2017/month=2/day=26/system_4903__date_2017_02_26.snappy.000.parquet,1771422149.2094889
..\..\data\raw\systems\parquet\4903\system_4903__date_2017_02_27.snappy.000.parquet,pvdaq/parquet/pvdata/system_id=4903/year=2017/month=2/day=27/system_4903__date_2017_02_27.snappy.000.parquet,1771422149.48558
..\..\data\raw\systems\parquet\4903\system_4903__date_2017_02_28.snappy.000.parquet,pvdaq/parquet/pvdata/system_id=4903/year=2017/month=2/day=28/system_4903__date_2017_02_28.snappy.000.parquet,1771422149.7268465
..\..\data\raw\systems\parquet\4903\system_4903__date_2017_02_03.snappy.000.parquet,pvdaq/parquet/pvdata/system_id=4903/year=2017/month=2/day=3/system_4903__date_2017_02_03.snappy.000.parquet,1771422149.984305
..\..\data\raw\systems\parquet\4903\system_4903__date_2017_02_04.snappy.000.parquet,pvdaq/parquet/pvdata/system_id=4903/year=2017/month=2/day=4/system_4903__date_2017_02_04.snappy.000.parquet,1771422150.2545543
..\..\data\raw\systems\parquet\4903\system_4903__date_2017_02_05.snappy.000.parquet,pvdaq/parquet/pvdata/system_id=4903/year=2017/month=2/day=5/system_4903__date_2017_02_05.snappy.000.parquet,1771422150.5100245
..\..\data\raw\systems\parquet\4903\system_4903__date_2017_02_06.snappy.000.parquet,pvdaq/parquet/pvdata/system_id=4903/year=2017/month=2/day=6/system_4903__date_2017_02_06.snappy.000.parquet,1771422150.777359
..\..\data\raw\systems\parquet\4903\system_4903__date_2017_02_07.snappy.000.parquet,pvdaq/parquet/pvdata/system_id=4903/year=2017/month=2/day=7/system_4903__date_2017_02_07.snappy.000.parquet,1771422151.0261502
..\..\data\raw\systems\parquet\4903\system_4903__date_2017_02_08.snappy.000.parquet,pvdaq/parquet/pvdata/system_id=4903/year=2017/month=2/day=8/system_4903__date_2017_02_08.snappy.000.parquet,1771422151.2944582
..\..\data\raw\systems\parquet\4903\system_4903__date_2017_02_09.snappy.000.parquet,pvdaq/parquet/pvdata/system_id=4903/year=2017/month=2/day=9/system_4903__date_2017_02_09.snappy.000.parquet,1771422151.5336285
..\..\data\raw\systems\parquet\4903\system_4903__date_2017_03_01.snappy.000.parquet,pvdaq/parquet/pvdata/system_id=4903/year=2017/month=3/day=1/system_4903__date_2017_03_01.snappy.000.parquet,1771422151.7835608
..\..\data\raw\systems\parquet\4903\system_4903__date_2017_03_10.snappy.000.parquet,pvdaq/parquet/pvdata/system_id=4903/year=2017/month=3/day=10/system_4903__date_2017_03_10.snappy.000.parquet,1771422152.034666
..\..\data\raw\systems\parquet\4903\system_4903__date_2017_03_11.snappy.000.parquet,pvdaq/parquet/pvdata/system_id=4903/year=2017/month=3/day=11/system_4903__date_2017_03_11.snappy.000.parquet,1771422152.3000255
..\..\data\raw\systems\parquet\4903\system_4903__date_2017_03_12.snappy.000.parquet,pvdaq/parquet/pvdata/system_id=4903/year=2017/month=3/day=12/system_4903__date_2017_03_12.snappy.000.parquet,1771422152.5554183
..\..\data\raw\systems\parquet\4903\system_4903__date_2017_03_13.snappy.000.parquet,pvdaq/parquet/pvdata/system_id=4903/year=2017/month=3/day=13/system_4903__date_2017_03_13.snappy.000.parquet,1771422152.8125262
..\..\data\raw\systems\parquet\4903\system_4903__date_2017_03_14.snappy.000.parquet,pvdaq/parquet/pvdata/system_id=4903/year=2017/month=3/day=14/system_4903__date_2017_03_14.snappy.000.parquet,1771422153.1041844
..\..\data\raw\systems\parquet\4903\system_4903__date_2017_03_15.snappy.000.parquet,pvdaq/parquet/pvdata/system_id=4903/year=2017/month=3/day=15/system_4903__date_2017_03_15.snappy.000.parquet,1771422153.3491223
..\..\data\raw\systems\parquet\4903\system_4903__date_2017_03_16.snappy.000.parquet,pvdaq/parquet/pvdata/system_id=4903/year=2017/month=3/day=16/system_4903__date_2017_03_16.snappy.000.parquet,1771422153.6703756
..\..\data\raw\systems\parquet\4903\system_4903__date_2017_03_17.snappy.000.parquet,pvdaq/parquet/pvdata/system_id=4903/year=2017/month=3/day=17/system_4903__date_2017_03_17.snappy.000.parquet,1771422154.010365
..\..\data\raw\systems\parquet\4903\system_4903__date_2017_03_18.snappy.000.parquet,pvdaq/parquet/pvdata/system_id=4903/year=2017/month=3/day=18/system_4903__date_2017_03_18.snappy.000.parquet,1771422154.2533655
..\..\data\raw\systems\parquet\4903\system_4903__date_2017_03_19.snappy.000.parquet,pvdaq/parquet/pvdata/system_id=4903/year=2017/month=3/day=19/system_4903__date_2017_03_19.snappy.000.parquet,1771422154.5839622
..\..\data\raw\systems\parquet\4903\system_4903__date_2017_03_02.snappy.000.parquet,pvdaq/parquet/pvdata/system_id=4903/year=2017/month=3/day=2/system_4903__date_2017_03_02.snappy.000.parquet,1771422154.8524597
..\..\data\raw\systems\parquet\4903\system_4903__date_2017_03_20.snappy.000.parquet,pvdaq/parquet/pvdata/system_id=4903/year=2017/month=3/day=20/system_4903__date_2017_03_20.snappy.000.parquet,1771422155.1204708
..\..\data\raw\systems\parquet\4903\system_4903__date_2017_03_21.snappy.000.parquet,pvdaq/parquet/pvdata/system_id=4903/year=2017/month=3/day=21/system_4903__date_2017_03_21.snappy.000.parquet,1771422155.3755343
..\..\data\raw\systems\parquet\4903\system_4903__date_2017_03_22.snappy.000.parquet,pvdaq/parquet/pvdata/system_id=4903/year=2017/month=3/day=22/system_4903__date_2017_03_22.snappy.000.parquet,1771422155.6499734
..\..\data\raw\systems\parquet\4903\system_4903__date_2017_03_23.snappy.000.parquet,pvdaq/parquet/pvdata/system_id=4903/year=2017/month=3/day=23/system_4903__date_2017_03_23.snappy.000.parquet,1771422155.879482
..\..\data\raw\systems\parquet\4903\system_4903__date_2017_03_24.snappy.000.parquet,pvdaq/parquet/pvdata/system_id=4903/year=2017/month=3/day=24/system_4903__date_2017_03_24.snappy.000.parquet,1771422157.0626469
..\..\data\raw\systems\parquet\4903\system_4903__date_2017_03_25.snappy.000.parquet,pvdaq/parquet/pvdata/system_id=4903/year=2017/month=3/day=25/system_4903__date_2017_03_25.snappy.000.parquet,1771422157.4033043
..\..\data\raw\systems\parquet\4903\system_4903__date_2017_03_26.snappy.000.parquet,pvdaq/parquet/pvdata/system_id=4903/year=2017/month=3/day=26/system_4903__date_2017_03_26.snappy.000.parquet,1771422157.6197162
..\..\data\raw\systems\parquet\4903\system_4903__date_2017_03_27.snappy.000.parquet,pvdaq/parquet/pvdata/system_id=4903/year=2017/month=3/day=27/system_4903__date_2017_03_27.snappy.000.parquet,1771422157.8464534
..\..\data\raw\systems\parquet\4903\system_4903__date_2017_03_28.snappy.000.parquet,pvdaq/parquet/pvdata/system_id=4903/year=2017/month=3/day=28/system_4903__date_2017_03_28.snappy.000.parquet,1771422158.1264906
..\..\data\raw\systems\parquet\4903\system_4903__date_2017_03_29.snappy.000.parquet,pvdaq/parquet/pvdata/system_id=4903/year=2017/month=3/day=29/system_4903__date_2017_03_29.snappy.000.parquet,1771422158.3754535
..\..\data\raw\systems\parquet\4903\system_4903__date_2017_03_03.snappy.000.parquet,pvdaq/parquet/pvdata/system_id=4903/year=2017/month=3/day=3/system_4903__date_2017_03_03.snappy.000.parquet,1771422158.6483898
..\..\data\raw\systems\parquet\4903\system_4903__date_2017_03_30.snappy.000.parquet,pvdaq/parquet/pvdata/system_id=4903/year=2017/month=3/day=30/system_4903__date_2017_03_30.snappy.000.parquet,1771422158.9045033
..\..\data\raw\systems\parquet\4903\system_4903__date_2017_03_31.snappy.000.parquet,pvdaq/parquet/pvdata/system_id=4903/year=2017/month=3/day=31/system_4903__date_2017_03_31.snappy.000.parquet,1771422159.167067
..\..\data\raw\systems\parquet\4903\system_4903__date_2017_03_04.snappy.000.parquet,pvdaq/parquet/pvdata/system_id=4903/year=2017/month=3/day=4/system_4903__date_2017_03_04.snappy.000.parquet,1771422159.433561
..\..\data\raw\systems\parquet\4903\system_4903__date_2017_03_05.snappy.000.parquet,pvdaq/parquet/pvdata/system_id=4903/year=2017/month=3/day=5/system_4903__date_2017_03_05.snappy.000.parquet,1771422159.7086418
..\..\data\raw\systems\parquet\4903\system_4903__date_2017_03_06.snappy.000.parquet,pvdaq/parquet/pvdata/system_id=4903/year=2017/month=3/day=6/system_4903__date_2017_03_06.snappy.000.parquet,1771422159.9486732
..\..\data\raw\systems\parquet\4903\system_4903__date_2017_03_07.snappy.000.parquet,pvdaq/parquet/pvdata/system_id=4903/year=2017/month=3/day=7/system_4903__date_2017_03_07.snappy.000.parquet,1771422160.2006614
..\..\data\raw\systems\parquet\4903\system_4903__date_2017_03_08.snappy.000.parquet,pvdaq/parquet/pvdata/system_id=4903/year=2017/month=3/day=8/system_4903__date_2017_03_08.snappy.000.parquet,1771422160.4803445
..\..\data\raw\systems\parquet\4903\system_4903__date_2017_03_09.snappy.000.parquet,pvdaq/parquet/pvdata/system_id=4903/year=2017/month=3/day=9/system_4903__date_2017_03_09.snappy.000.parquet,1771422160.7444382
..\..\data\raw\systems\parquet\4903\system_4903__date_2017_04_01.snappy.000.parquet,pvdaq/parquet/pvdata/system_id=4903/year=2017/month=4/day=1/system_4903__date_2017_04_01.snappy.000.parquet,1771422161.015438
..\..\data\raw\systems\parquet\4903\system_4903__date_2017_04_10.snappy.000.parquet,pvdaq/parquet/pvdata/system_id=4903/year=2017/month=4/day=10/system_4903__date_2017_04_10.snappy.000.parquet,1771422161.283446
..\..\data\raw\systems\parquet\4903\system_4903__date_2017_04_11.snappy.000.parquet,pvdaq/parquet/pvdata/system_id=4903/year=2017/month=4/day=11/system_4903__date_2017_04_11.snappy.000.parquet,1771422161.5307682
..\..\data\raw\systems\parquet\4903\system_4903__date_2017_04_12.snappy.000.parquet,pvdaq/parquet/pvdata/system_id=4903/year=2017/month=4/day=12/system_4903__date_2017_04_12.snappy.000.parquet,1771422161.776286
..\..\data\raw\systems\parquet\4903\system_4903__date_2017_04_13.snappy.000.parquet,pvdaq/parquet/pvdata/system_id=4903/year=2017/month=4/day=13/system_4903__date_2017_04_13.snappy.000.parquet,1771422162.0278313
..\..\data\raw\systems\parquet\4903\system_4903__date_2017_04_14.snappy.000.parquet,pvdaq/parquet/pvdata/system_id=4903/year=2017/month=4/day=14/system_4903__date_2017_04_14.snappy.000.parquet,1771422162.282645
..\..\data\raw\systems\parquet\4903\system_4903__date_2017_04_15.snappy.000.parquet,pvdaq/parquet/pvdata/system_id=4903/year=2017/month=4/day=15/system_4903__date_2017_04_15.snappy.000.parquet,1771422162.5413928
..\..\data\raw\systems\parquet\4903\system_4903__date_2017_04_16.snappy.000.parquet,pvdaq/parquet/pvdata/system_id=4903/year=2017/month=4/day=16/system_4903__date_2017_04_16.snappy.000.parquet,1771422162.7995439
..\..\data\raw\systems\parquet\4903\system_4903__date_2017_04_17.snappy.000.parquet,pvdaq/parquet/pvdata/system_id=4903/year=2017/month=4/day=17/system_4903__date_2017_04_17.snappy.000.parquet,1771422163.0468464
..\..\data\raw\systems\parquet\4903\system_4903__date_2017_04_18.snappy.000.parquet,pvdaq/parquet/pvdata/system_id=4903/year=2017/month=4/day=18/system_4903__date_2017_04_18.snappy.000.parquet,1771422163.3365877
..\..\data\raw\systems\parquet\4903\system_4903__date_2017_04_19.snappy.000.parquet,pvdaq/parquet/pvdata/system_id=4903/year=2017/month=4/day=19/system_4903__date_2017_04_19.snappy.000.parquet,1771422163.6141043
..\..\data\raw\systems\parquet\4903\system_4903__date_2017_04_02.snappy.000.parquet,pvdaq/parquet/pvdata/system_id=4903/year=2017/month=4/day=2/system_4903__date_2017_04_02.snappy.000.parquet,1771422163.8435774
..\..\data\raw\systems\parquet\4903\system_4903__date_2017_04_20.snappy.000.parquet,pvdaq/parquet/pvdata/system_id=4903/year=2017/month=4/day=20/system_4903__date_2017_04_20.snappy.000.parquet,1771422164.0928752
..\..\data\raw\systems\parquet\4903\system_4903__date_2017_04_21.snappy.000.parquet,pvdaq/parquet/pvdata/system_id=4903/year=2017/month=4/day=21/system_4903__date_2017_04_21.snappy.000.parquet,1771422164.3242455
..\..\data\raw\systems\parquet\4903\system_4903__date_2017_04_22.snappy.000.parquet,pvdaq/parquet/pvdata/system_id=4903/year=2017/month=4/day=22/system_4903__date_2017_04_22.snappy.000.parquet,1771422164.567544
..\..\data\raw\systems\parquet\4903\system_4903__date_2017_04_23.snappy.000.parquet,pvdaq/parquet/pvdata/system_id=4903/year=2017/month=4/day=23/system_4903__date_2017_04_23.snappy.000.parquet,1771422164.8055499
..\..\data\raw\systems\parquet\4903\system_4903__date_2017_04_24.snappy.000.parquet,pvdaq/parquet/pvdata/system_id=4903/year=2017/month=4/day=24/system_4903__date_2017_04_24.snappy.000.parquet,1771422165.055269
..\..\data\raw\systems\parquet\4903\system_4903__date_2017_04_25.snappy.000.parquet,pvdaq/parquet/pvdata/system_id=4903/year=2017/month=4/day=25/system_4903__date_2017_04_25.snappy.000.parquet,1771422165.3242664
..\..\data\raw\systems\parquet\4903\system_4903__date_2017_04_26.snappy.000.parquet,pvdaq/parquet/pvdata/system_id=4903/year=2017/month=4/day=26/system_4903__date_2017_04_26.snappy.000.parquet,1771422165.629796
..\..\data\raw\systems\parquet\4903\system_4903__date_2017_04_27.snappy.000.parquet,pvdaq/parquet/pvdata/system_id=4903/year=2017/month=4/day=27/system_4903__date_2017_04_27.snappy.000.parquet,1771422165.935634
..\..\data\raw\systems\parquet\4903\system_4903__date_2017_04_28.snappy.000.parquet,pvdaq/parquet/pvdata/system_id=4903/year=2017/month=4/day=28/system_4903__date_2017_04_28.snappy.000.parquet,1771422166.2146137
..\..\data\raw\systems\parquet\4903\system_4903__date_2017_04_29.snappy.000.parquet,pvdaq/parquet/pvdata/system_id=4903/year=2017/month=4/day=29/system_4903__date_2017_04_29.snappy.000.parquet,1771422166.474626
..\..\data\raw\systems\parquet\4903\system_4903__date_2017_04_03.snappy.000.parquet,pvdaq/parquet/pvdata/system_id=4903/year=2017/month=4/day=3/system_4903__date_2017_04_03.snappy.000.parquet,1771422166.7402253
..\..\data\raw\systems\parquet\4903\system_4903__date_2017_04_30.snappy.000.parquet,pvdaq/parquet/pvdata/system_id=4903/year=2017/month=4/day=30/system_4903__date_2017_04_30.snappy.000.parquet,1771422166.9943297
..\..\data\raw\systems\parquet\4903\system_4903__date_2017_04_04.snappy.000.parquet,pvdaq/parquet/pvdata/system_id=4903/year=2017/month=4/day=4/system_4903__date_2017_04_04.snappy.000.parquet,1771422167.2804003
..\..\data\raw\systems\parquet\4903\system_4903__date_2017_04_05.snappy.000.parquet,pvdaq/parquet/pvdata/system_id=4903/year=2017/month=4/day=5/system_4903__date_2017_04_05.snappy.000.parquet,1771422167.5562906
..\..\data\raw\systems\parquet\4903\system_4903__date_2017_04_06.snappy.000.parquet,pvdaq/parquet/pvdata/system_id=4903/year=2017/month=4/day=6/system_4903__date_2017_04_06.snappy.000.parquet,1771422167.8223794
..\..\data\raw\systems\parquet\4903\system_4903__date_2017_04_07.snappy.000.parquet,pvdaq/parquet/pvdata/system_id=4903/year=2017/month=4/day=7/system_4903__date_2017_04_07.snappy.000.parquet,1771422168.1111386
..\..\data\raw\systems\parquet\4903\system_4903__date_2017_04_08.snappy.000.parquet,pvdaq/parquet/pvdata/system_id=4903/year=2017/month=4/day=8/system_4903__date_2017_04_08.snappy.000.parquet,1771422168.3534114
..\..\data\raw\systems\parquet\4903\system_4903__date_2017_04_09.snappy.000.parquet,pvdaq/parquet/pvdata/system_id=4903/year=2017/month=4/day=9/system_4903__date_2017_04_09.snappy.000.parquet,1771422168.6414413
..\..\data\raw\systems\parquet\4903\system_4903__date_2017_05_01.snappy.000.parquet,pvdaq/parquet/pvdata/system_id=4903/year=2017/month=5/day=1/system_4903__date_2017_05_01.snappy.000.parquet,1771422168.891748
..\..\data\raw\systems\parquet\4903\system_4903__date_2017_05_10.snappy.000.parquet,pvdaq/parquet/pvdata/system_id=4903/year=2017/month=5/day=10/system_4903__date_2017_05_10.snappy.000.parquet,1771422169.1314013
..\..\data\raw\systems\parquet\4903\system_4903__date_2017_05_11.snappy.000.parquet,pvdaq/parquet/pvdata/system_id=4903/year=2017/month=5/day=11/system_4903__date_2017_05_11.snappy.000.parquet,1771422169.4015908
..\..\data\raw\systems\parquet\4903\system_4903__date_2017_05_12.snappy.000.parquet,pvdaq/parquet/pvdata/system_id=4903/year=2017/month=5/day=12/system_4903__date_2017_05_12.snappy.000.parquet,1771422169.674598
..\..\data\raw\systems\parquet\4903\system_4903__date_2017_05_13.snappy.000.parquet,pvdaq/parquet/pvdata/system_id=4903/year=2017/month=5/day=13/system_4903__date_2017_05_13.snappy.000.parquet,1771422169.9863405
..\..\data\raw\systems\parquet\4903\system_4903__date_2017_05_14.snappy.000.parquet,pvdaq/parquet/pvdata/system_id=4903/year=2017/month=5/day=14/system_4903__date_2017_05_14.snappy.000.parquet,1771422171.1251945
..\..\data\raw\systems\parquet\4903\system_4903__date_2017_05_15.snappy.000.parquet,pvdaq/parquet/pvdata/system_id=4903/year=2017/month=5/day=15/system_4903__date_2017_05_15.snappy.000.parquet,1771422171.446197
..\..\data\raw\systems\parquet\4903\system_4903__date_2017_05_16.snappy.000.parquet,pvdaq/parquet/pvdata/system_id=4903/year=2017/month=5/day=16/system_4903__date_2017_05_16.snappy.000.parquet,1771422171.7261965
..\..\data\raw\systems\parquet\4903\system_4903__date_2017_05_17.snappy.000.parquet,pvdaq/parquet/pvdata/system_id=4903/year=2017/month=5/day=17/system_4903__date_2017_05_17.snappy.000.parquet,1771422172.0312026
..\..\data\raw\systems\parquet\4903\system_4903__date_2017_05_18.snappy.000.parquet,pvdaq/parquet/pvdata/system_id=4903/year=2017/month=5/day=18/system_4903__date_2017_05_18.snappy.000.parquet,1771422172.2872
..\..\data\raw\systems\parquet\4903\system_4903__date_2017_05_19.snappy.000.parquet,pvdaq/parquet/pvdata/system_id=4903/year=2017/month=5/day=19/system_4903__date_2017_05_19.snappy.000.parquet,1771422172.582198
..\..\data\raw\systems\parquet\4903\system_4903__date_2017_05_02.snappy.000.parquet,pvdaq/parquet/pvdata/system_id=4903/year=2017/month=5/day=2/system_4903__date_2017_05_02.snappy.000.parquet,1771422172.8241956
..\..\data\raw\systems\parquet\4903\system_4903__date_2017_05_20.snappy.000.parquet,pvdaq/parquet/pvdata/system_id=4903/year=2017/month=5/day=20/system_4903__date_2017_05_20.snappy.000.parquet,1771422173.1531966
..\..\data\raw\systems\parquet\4903\system_4903__date_2017_05_21.snappy.000.parquet,pvdaq/parquet/pvdata/system_id=4903/year=2017/month=5/day=21/system_4903__date_2017_05_21.snappy.000.parquet,1771422173.4171946
..\..\data\raw\systems\parquet\4903\system_4903__date_2017_05_22.snappy.000.parquet,pvdaq/parquet/pvdata/system_id=4903/year=2017/month=5/day=22/system_4903__date_2017_05_22.snappy.000.parquet,1771422173.6802068
..\..\data\raw\systems\parquet\4903\system_4903__date_2017_05_23.snappy.000.parquet,pvdaq/parquet/pvdata/system_id=4903/year=2017/month=5/day=23/system_4903__date_2017_05_23.snappy.000.parquet,1771422173.9301958
..\..\data\raw\systems\parquet\4903\system_4903__date_2017_05_24.snappy.000.parquet,pvdaq/parquet/pvdata/system_id=4903/year=2017/month=5/day=24/system_4903__date_2017_05_24.snappy.000.parquet,1771422174.203195
..\..\data\raw\systems\parquet\4903\system_4903__date_2017_05_25.snappy.000.parquet,pvdaq/parquet/pvdata/system_id=4903/year=2017/month=5/day=25/system_4903__date_2017_05_25.snappy.000.parquet,1771422174.4691966
..\..\data\raw\systems\parquet\4903\system_4903__date_2017_05_26.snappy.000.parquet,pvdaq/parquet/pvdata/system_id=4903/year=2017/month=5/day=26/system_4903__date_2017_05_26.snappy.000.parquet,1771422174.763206
..\..\data\raw\systems\parquet\4903\system_4903__date_2017_05_27.snappy.000.parquet,pvdaq/parquet/pvdata/system_id=4903/year=2017/month=5/day=27/system_4903__date_2017_05_27.snappy.000.parquet,1771422175.0631943
..\..\data\raw\systems\parquet\4903\system_4903__date_2017_05_28.snappy.000.parquet,pvdaq/parquet/pvdata/system_id=4903/year=2017/month=5/day=28/system_4903__date_2017_05_28.snappy.000.parquet,1771422175.364195
..\..\data\raw\systems\parquet\4903\system_4903__date_2017_05_29.snappy.000.parquet,pvdaq/parquet/pvdata/system_id=4903/year=2017/month=5/day=29/system_4903__date_2017_05_29.snappy.000.parquet,1771422175.59821
..\..\data\raw\systems\parquet\4903\system_4903__date_2017_05_03.snappy.000.parquet,pvdaq/parquet/pvdata/system_id=4903/year=2017/month=5/day=3/system_4903__date_2017_05_03.snappy.000.parquet,1771422175.8611958
..\..\data\raw\systems\parquet\4903\system_4903__date_2017_05_30.snappy.000.parquet,pvdaq/parquet/pvdata/system_id=4903/year=2017/month=5/day=30/system_4903__date_2017_05_30.snappy.000.parquet,1771422176.1693296
..\..\data\raw\systems\parquet\4903\system_4903__date_2017_05_31.snappy.000.parquet,pvdaq/parquet/pvdata/system_id=4903/year=2017/month=5/day=31/system_4903__date_2017_05_31.snappy.000.parquet,1771422176.439256
..\..\data\raw\systems\parquet\4903\system_4903__date_2017_05_04.snappy.000.parquet,pvdaq/parquet/pvdata/system_id=4903/year=2017/month=5/day=4/system_4903__date_2017_05_04.snappy.000.parquet,1771422176.7212534
..\..\data\raw\systems\parquet\4903\system_4903__date_2017_05_05.snappy.000.parquet,pvdaq/parquet/pvdata/system_id=4903/year=2017/month=5/day=5/system_4903__date_2017_05_05.snappy.000.parquet,1771422176.9832537
..\..\data\raw\systems\parquet\4903\system_4903__date_2017_05_06.snappy.000.parquet,pvdaq/parquet/pvdata/system_id=4903/year=2017/month=5/day=6/system_4903__date_2017_05_06.snappy.000.parquet,1771422177.2262716
..\..\data\raw\systems\parquet\4903\system_4903__date_2017_05_07.snappy.000.parquet,pvdaq/parquet/pvdata/system_id=4903/year=2017/month=5/day=7/system_4903__date_2017_05_07.snappy.000.parquet,1771422177.4942558
..\..\data\raw\systems\parquet\4903\system_4903__date_2017_05_08.snappy.000.parquet,pvdaq/parquet/pvdata/system_id=4903/year=2017/month=5/day=8/system_4903__date_2017_05_08.snappy.000.parquet,1771422177.7592702
..\..\data\raw\systems\parquet\4903\system_4903__date_2017_05_09.snappy.000.parquet,pvdaq/parquet/pvdata/system_id=4903/year=2017/month=5/day=9/system_4903__date_2017_05_09.snappy.000.parquet,1771422178.0172632
..\..\data\raw\systems\parquet\4903\system_4903__date_2017_06_01.snappy.000.parquet,pvdaq/parquet/pvdata/system_id=4903/year=2017/month=6/day=1/system_4903__date_2017_06_01.snappy.000.parquet,1771422178.3222542
..\..\data\raw\systems\parquet\4903\system_4903__date_2017_06_10.snappy.000.parquet,pvdaq/parquet/pvdata/system_id=4903/year=2017/month=6/day=10/system_4903__date_2017_06_10.snappy.000.parquet,1771422178.5862658
..\..\data\raw\systems\parquet\4903\system_4903__date_2017_06_11.snappy.000.parquet,pvdaq/parquet/pvdata/system_id=4903/year=2017/month=6/day=11/system_4903__date_2017_06_11.snappy.000.parquet,1771422178.8572547
..\..\data\raw\systems\parquet\4903\system_4903__date_2017_06_12.snappy.000.parquet,pvdaq/parquet/pvdata/system_id=4903/year=2017/month=6/day=12/system_4903__date_2017_06_12.snappy.000.parquet,1771422179.128262
..\..\data\raw\systems\parquet\4903\system_4903__date_2017_06_13.snappy.000.parquet,pvdaq/parquet/pvdata/system_id=4903/year=2017/month=6/day=13/system_4903__date_2017_06_13.snappy.000.parquet,1771422179.3953593
..\..\data\raw\systems\parquet\4903\system_4903__date_2017_06_14.snappy.000.parquet,pvdaq/parquet/pvdata/system_id=4903/year=2017/month=6/day=14/system_4903__date_2017_06_14.snappy.000.parquet,1771422179.6462674
..\..\data\raw\systems\parquet\4903\system_4903__date_2017_06_15.snappy.000.parquet,pvdaq/parquet/pvdata/system_id=4903/year=2017/month=6/day=15/system_4903__date_2017_06_15.snappy.000.parquet,1771422179.9042554
..\..\data\raw\systems\parquet\4903\system_4903__date_2017_06_16.snappy.000.parquet,pvdaq/parquet/pvdata/system_id=4903/year=2017/month=6/day=16/system_4903__date_2017_06_16.snappy.000.parquet,1771422180.1732545
..\..\data\raw\systems\parquet\4903\system_4903__date_2017_06_17.snappy.000.parquet,pvdaq/parquet/pvdata/system_id=4903/year=2017/month=6/day=17/system_4903__date_2017_06_17.snappy.000.parquet,1771422180.4692535
..\..\data\raw\systems\parquet\4903\system_4903__date_2017_06_18.snappy.000.parquet,pvdaq/parquet/pvdata/system_id=4903/year=2017/month=6/day=18/system_4903__date_2017_06_18.snappy.000.parquet,1771422180.8003967
..\..\data\raw\systems\parquet\4903\system_4903__date_2017_06_19.snappy.000.parquet,pvdaq/parquet/pvdata/system_id=4903/year=2017/month=6/day=19/system_4903__date_2017_06_19.snappy.000.parquet,1771422181.070254
..\..\data\raw\systems\parquet\4903\system_4903__date_2017_06_02.snappy.000.parquet,pvdaq/parquet/pvdata/system_id=4903/year=2017/month=6/day=2/system_4903__date_2017_06_02.snappy.000.parquet,1771422181.331406
..\..\data\raw\systems\parquet\4903\system_4903__date_2017_06_20.snappy.000.parquet,pvdaq/parquet/pvdata/system_id=4903/year=2017/month=6/day=20/system_4903__date_2017_06_20.snappy.000.parquet,1771422181.585298
..\..\data\raw\systems\parquet\4903\system_4903__date_2017_06_21.snappy.000.parquet,pvdaq/parquet/pvdata/system_id=4903/year=2017/month=6/day=21/system_4903__date_2017_06_21.snappy.000.parquet,1771422181.9073646
..\..\data\raw\systems\parquet\4903\system_4903__date_2017_06_22.snappy.000.parquet,pvdaq/parquet/pvdata/system_id=4903/year=2017/month=6/day=22/system_4903__date_2017_06_22.snappy.000.parquet,1771422182.1753006
..\..\data\raw\systems\parquet\4903\system_4903__date_2017_06_23.snappy.000.parquet,pvdaq/parquet/pvdata/system_id=4903/year=2017/month=6/day=23/system_4903__date_2017_06_23.snappy.000.parquet,1771422182.4504282
..\..\data\raw\systems\parquet\4903\system_4903__date_2017_06_24.snappy.000.parquet,pvdaq/parquet/pvdata/system_id=4903/year=2017/month=6/day=24/system_4903__date_2017_06_24.snappy.000.parquet,1771422182.7073019
..\..\data\raw\systems\parquet\4903\system_4903__date_2017_06_25.snappy.000.parquet,pvdaq/parquet/pvdata/system_id=4903/year=2017/month=6/day=25/system_4903__date_2017_06_25.snappy.000.parquet,1771422182.9803438
..\..\data\raw\systems\parquet\4903\system_4903__date_2017_06_26.snappy.000.parquet,pvdaq/parquet/pvdata/system_id=4903/year=2017/month=6/day=26/system_4903__date_2017_06_26.snappy.000.parquet,1771422183.2813938
..\..\data\raw\systems\parquet\4903\system_4903__date_2017_06_27.snappy.000.parquet,pvdaq/parquet/pvdata/system_id=4903/year=2017/month=6/day=27/system_4903__date_2017_06_27.snappy.000.parquet,1771422183.5463016
..\..\data\raw\systems\parquet\4903\system_4903__date_2017_06_28.snappy.000.parquet,pvdaq/parquet/pvdata/system_id=4903/year=2017/month=6/day=28/system_4903__date_2017_06_28.snappy.000.parquet,1771422183.8343008
..\..\data\raw\systems\parquet\4903\system_4903__date_2017_06_29.snappy.000.parquet,pvdaq/parquet/pvdata/system_id=4903/year=2017/month=6/day=29/system_4903__date_2017_06_29.snappy.000.parquet,1771422184.0902991
..\..\data\raw\systems\parquet\4903\system_4903__date_2017_06_03.snappy.000.parquet,pvdaq/parquet/pvdata/system_id=4903/year=2017/month=6/day=3/system_4903__date_2017_06_03.snappy.000.parquet,1771422184.3483067
..\..\data\raw\systems\parquet\4903\system_4903__date_2017_06_30.snappy.000.parquet,pvdaq/parquet/pvdata/system_id=4903/year=2017/month=6/day=30/system_4903__date_2017_06_30.snappy.000.parquet,1771422184.6583009
..\..\data\raw\systems\parquet\4903\system_4903__date_2017_06_04.snappy.000.parquet,pvdaq/parquet/pvdata/system_id=4903/year=2017/month=6/day=4/system_4903__date_2017_06_04.snappy.000.parquet,1771422185.7483072
..\..\data\raw\systems\parquet\4903\system_4903__date_2017_06_05.snappy.000.parquet,pvdaq/parquet/pvdata/system_id=4903/year=2017/month=6/day=5/system_4903__date_2017_06_05.snappy.000.parquet,1771422185.9993002
..\..\data\raw\systems\parquet\4903\system_4903__date_2017_06_06.snappy.000.parquet,pvdaq/parquet/pvdata/system_id=4903/year=2017/month=6/day=6/system_4903__date_2017_06_06.snappy.000.parquet,1771422186.2543037
..\..\data\raw\systems\parquet\4903\system_4903__date_2017_06_07.snappy.000.parquet,pvdaq/parquet/pvdata/system_id=4903/year=2017/month=6/day=7/system_4903__date_2017_06_07.snappy.000.parquet,1771422186.5044937
..\..\data\raw\systems\parquet\4903\system_4903__date_2017_06_08.snappy.000.parquet,pvdaq/parquet/pvdata/system_id=4903/year=2017/month=6/day=8/system_4903__date_2017_06_08.snappy.000.parquet,1771422186.7402995
..\..\data\raw\systems\parquet\4903\system_4903__date_2017_06_09.snappy.000.parquet,pvdaq/parquet/pvdata/system_id=4903/year=2017/month=6/day=9/system_4903__date_2017_06_09.snappy.000.parquet,1771422187.0092995
..\..\data\raw\systems\parquet\4903\system_4903__date_2017_07_01.snappy.000.parquet,pvdaq/parquet/pvdata/system_id=4903/year=2017/month=7/day=1/system_4903__date_2017_07_01.snappy.000.parquet,1771422187.2553
..\..\data\raw\systems\parquet\4903\system_4903__date_2017_07_10.snappy.000.parquet,pvdaq/parquet/pvdata/system_id=4903/year=2017/month=7/day=10/system_4903__date_2017_07_10.snappy.000.parquet,1771422187.5102987
..\..\data\raw\systems\parquet\4903\system_4903__date_2017_07_11.snappy.000.parquet,pvdaq/parquet/pvdata/system_id=4903/year=2017/month=7/day=11/system_4903__date_2017_07_11.snappy.000.parquet,1771422187.7932987
..\..\data\raw\systems\parquet\4903\system_4903__date_2017_07_12.snappy.000.parquet,pvdaq/parquet/pvdata/system_id=4903/year=2017/month=7/day=12/system_4903__date_2017_07_12.snappy.000.parquet,1771422188.0543044
..\..\data\raw\systems\parquet\4903\system_4903__date_2017_07_13.snappy.000.parquet,pvdaq/parquet/pvdata/system_id=4903/year=2017/month=7/day=13/system_4903__date_2017_07_13.snappy.000.parquet,1771422188.327301
..\..\data\raw\systems\parquet\4903\system_4903__date_2017_07_14.snappy.000.parquet,pvdaq/parquet/pvdata/system_id=4903/year=2017/month=7/day=14/system_4903__date_2017_07_14.snappy.000.parquet,1771422188.5913079
..\..\data\raw\systems\parquet\4903\system_4903__date_2017_07_15.snappy.000.parquet,pvdaq/parquet/pvdata/system_id=4903/year=2017/month=7/day=15/system_4903__date_2017_07_15.snappy.000.parquet,1771422188.8523006
..\..\data\raw\systems\parquet\4903\system_4903__date_2017_07_16.snappy.000.parquet,pvdaq/parquet/pvdata/system_id=4903/year=2017/month=7/day=16/system_4903__date_2017_07_16.snappy.000.parquet,1771422189.1042986
..\..\data\raw\systems\parquet\4903\system_4903__date_2017_07_17.snappy.000.parquet,pvdaq/parquet/pvdata/system_id=4903/year=2017/month=7/day=17/system_4903__date_2017_07_17.snappy.000.parquet,1771422189.3672998
..\..\data\raw\systems\parquet\4903\system_4903__date_2017_07_18.snappy.000.parquet,pvdaq/parquet/pvdata/system_id=4903/year=2017/month=7/day=18/system_4903__date_2017_07_18.snappy.000.parquet,1771422189.6102993
..\..\data\raw\systems\parquet\4903\system_4903__date_2017_07_19.snappy.000.parquet,pvdaq/parquet/pvdata/system_id=4903/year=2017/month=7/day=19/system_4903__date_2017_07_19.snappy.000.parquet,1771422189.8723006
..\..\data\raw\systems\parquet\4903\system_4903__date_2017_07_02.snappy.000.parquet,pvdaq/parquet/pvdata/system_id=4903/year=2017/month=7/day=2/system_4903__date_2017_07_02.snappy.000.parquet,1771422190.1223
..\..\data\raw\systems\parquet\4903\system_4903__date_2017_07_20.snappy.000.parquet,pvdaq/parquet/pvdata/system_id=4903/year=2017/month=7/day=20/system_4903__date_2017_07_20.snappy.000.parquet,1771422190.3952997
..\..\data\raw\systems\parquet\4903\system_4903__date_2017_07_21.snappy.000.parquet,pvdaq/parquet/pvdata/system_id=4903/year=2017/month=7/day=21/system_4903__date_2017_07_21.snappy.000.parquet,1771422190.635312
..\..\data\raw\systems\parquet\4903\system_4903__date_2017_07_22.snappy.000.parquet,pvdaq/parquet/pvdata/system_id=4903/year=2017/month=7/day=22/system_4903__date_2017_07_22.snappy.000.parquet,1771422190.8823862
..\..\data\raw\systems\parquet\4903\system_4903__date_2017_07_23.snappy.000.parquet,pvdaq/parquet/pvdata/system_id=4903/year=2017/month=7/day=23/system_4903__date_2017_07_23.snappy.000.parquet,1771422191.1694098
..\..\data\raw\systems\parquet\4903\system_4903__date_2017_07_24.snappy.000.parquet,pvdaq/parquet/pvdata/system_id=4903/year=2017/month=7/day=24/system_4903__date_2017_07_24.snappy.000.parquet,1771422191.4093962
..\..\data\raw\systems\parquet\4903\system_4903__date_2017_07_25.snappy.000.parquet,pvdaq/parquet/pvdata/system_id=4903/year=2017/month=7/day=25/system_4903__date_2017_07_25.snappy.000.parquet,1771422191.6684153
..\..\data\raw\systems\parquet\4903\system_4903__date_2017_07_26.snappy.000.parquet,pvdaq/parquet/pvdata/system_id=4903/year=2017/month=7/day=26/system_4903__date_2017_07_26.snappy.000.parquet,1771422191.9544127
..\..\data\raw\systems\parquet\4903\system_4903__date_2017_07_27.snappy.000.parquet,pvdaq/parquet/pvdata/system_id=4903/year=2017/month=7/day=27/system_4903__date_2017_07_27.snappy.000.parquet,1771422192.247299
..\..\data\raw\systems\parquet\4903\system_4903__date_2017_07_28.snappy.000.parquet,pvdaq/parquet/pvdata/system_id=4903/year=2017/month=7/day=28/system_4903__date_2017_07_28.snappy.000.parquet,1771422192.4983063
..\..\data\raw\systems\parquet\4903\system_4903__date_2017_07_29.snappy.000.parquet,pvdaq/parquet/pvdata/system_id=4903/year=2017/month=7/day=29/system_4903__date_2017_07_29.snappy.000.parquet,1771422192.7934003
..\..\data\raw\systems\parquet\4903\system_4903__date_2017_07_03.snappy.000.parquet,pvdaq/parquet/pvdata/system_id=4903/year=2017/month=7/day=3/system_4903__date_2017_07_03.snappy.000.parquet,1771422193.0823643
..\..\data\raw\systems\parquet\4903\system_4903__date_2017_07_30.snappy.000.parquet,pvdaq/parquet/pvdata/system_id=4903/year=2017/month=7/day=30/system_4903__date_2017_07_30.snappy.000.parquet,1771422193.409346
..\..\data\raw\systems\parquet\4903\system_4903__date_2017_07_31.snappy.000.parquet,pvdaq/parquet/pvdata/system_id=4903/year=2017/month=7/day=31/system_4903__date_2017_07_31.snappy.000.parquet,1771422193.6893113
..\..\data\raw\systems\parquet\4903\system_4903__date_2017_07_04.snappy.000.parquet,pvdaq/parquet/pvdata/system_id=4903/year=2017/month=7/day=4/system_4903__date_2017_07_04.snappy.000.parquet,1771422193.954301
..\..\data\raw\systems\parquet\4903\system_4903__date_2017_07_05.snappy.000.parquet,pvdaq/parquet/pvdata/system_id=4903/year=2017/month=7/day=5/system_4903__date_2017_07_05.snappy.000.parquet,1771422194.3003116
..\..\data\raw\systems\parquet\4903\system_4903__date_2017_07_06.snappy.000.parquet,pvdaq/parquet/pvdata/system_id=4903/year=2017/month=7/day=6/system_4903__date_2017_07_06.snappy.000.parquet,1771422194.5572982
..\..\data\raw\systems\parquet\4903\system_4903__date_2017_07_07.snappy.000.parquet,pvdaq/parquet/pvdata/system_id=4903/year=2017/month=7/day=7/system_4903__date_2017_07_07.snappy.000.parquet,1771422194.7952988
..\..\data\raw\systems\parquet\4903\system_4903__date_2017_07_08.snappy.000.parquet,pvdaq/parquet/pvdata/system_id=4903/year=2017/month=7/day=8/system_4903__date_2017_07_08.snappy.000.parquet,1771422195.0783813
..\..\data\raw\systems\parquet\4903\system_4903__date_2017_07_09.snappy.000.parquet,pvdaq/parquet/pvdata/system_id=4903/year=2017/month=7/day=9/system_4903__date_2017_07_09.snappy.000.parquet,1771422195.3522995
..\..\data\raw\systems\parquet\4903\system_4903__date_2017_08_01.snappy.000.parquet,pvdaq/parquet/pvdata/system_id=4903/year=2017/month=8/day=1/system_4903__date_2017_08_01.snappy.000.parquet,1771422195.58336
..\..\data\raw\systems\parquet\4903\system_4903__date_2017_08_10.snappy.000.parquet,pvdaq/parquet/pvdata/system_id=4903/year=2017/month=8/day=10/system_4903__date_2017_08_10.snappy.000.parquet,1771422195.8072975
..\..\data\raw\systems\parquet\4903\system_4903__date_2017_08_11.snappy.000.parquet,pvdaq/parquet/pvdata/system_id=4903/year=2017/month=8/day=11/system_4903__date_2017_08_11.snappy.000.parquet,1771422196.1152997
..\..\data\raw\systems\parquet\4903\system_4903__date_2017_08_12.snappy.000.parquet,pvdaq/parquet/pvdata/system_id=4903/year=2017/month=8/day=12/system_4903__date_2017_08_12.snappy.000.parquet,1771422196.3323777
..\..\data\raw\systems\parquet\4903\system_4903__date_2017_08_13.snappy.000.parquet,pvdaq/parquet/pvdata/system_id=4903/year=2017/month=8/day=13/system_4903__date_2017_08_13.snappy.000.parquet,1771422196.5834055
..\..\data\raw\systems\parquet\4903\system_4903__date_2017_08_14.snappy.000.parquet,pvdaq/parquet/pvdata/system_id=4903/year=2017/month=8/day=14/system_4903__date_2017_08_14.snappy.000.parquet,1771422196.8533013
..\..\data\raw\systems\parquet\4903\system_4903__date_2017_08_15.snappy.000.parquet,pvdaq/parquet/pvdata/system_id=4903/year=2017/month=8/day=15/system_4903__date_2017_08_15.snappy.000.parquet,1771422197.0983458
..\..\data\raw\systems\parquet\4903\system_4903__date_2017_08_16.snappy.000.parquet,pvdaq/parquet/pvdata/system_id=4903/year=2017/month=8/day=16/system_4903__date_2017_08_16.snappy.000.parquet,1771422197.3333433
..\..\data\raw\systems\parquet\4903\system_4903__date_2017_08_17.snappy.000.parquet,pvdaq/parquet/pvdata/system_id=4903/year=2017/month=8/day=17/system_4903__date_2017_08_17.snappy.000.parquet,1771422197.5964043
..\..\data\raw\systems\parquet\4903\system_4903__date_2017_08_18.snappy.000.parquet,pvdaq/parquet/pvdata/system_id=4903/year=2017/month=8/day=18/system_4903__date_2017_08_18.snappy.000.parquet,1771422197.8513124
..\..\data\raw\systems\parquet\4903\system_4903__date_2017_08_19.snappy.000.parquet,pvdaq/parquet/pvdata/system_id=4903/year=2017/month=8/day=19/system_4903__date_2017_08_19.snappy.000.parquet,1771422198.114405
..\..\data\raw\systems\parquet\4903\system_4903__date_2017_08_02.snappy.000.parquet,pvdaq/parquet/pvdata/system_id=4903/year=2017/month=8/day=2/system_4903__date_2017_08_02.snappy.000.parquet,1771422198.3988078
..\..\data\raw\systems\parquet\4903\system_4903__date_2017_08_20.snappy.000.parquet,pvdaq/parquet/pvdata/system_id=4903/year=2017/month=8/day=20/system_4903__date_2017_08_20.snappy.000.parquet,1771422198.6409009
..\..\data\raw\systems\parquet\4903\system_4903__date_2017_08_21.snappy.000.parquet,pvdaq/parquet/pvdata/system_id=4903/year=2017/month=8/day=21/system_4903__date_2017_08_21.snappy.000.parquet,1771422199.8628068
..\..\data\raw\systems\parquet\4903\system_4903__date_2017_08_22.snappy.000.parquet,pvdaq/parquet/pvdata/system_id=4903/year=2017/month=8/day=22/system_4903__date_2017_08_22.snappy.000.parquet,1771422200.1298268
..\..\data\raw\systems\parquet\4903\system_4903__date_2017_08_23.snappy.000.parquet,pvdaq/parquet/pvdata/system_id=4903/year=2017/month=8/day=23/system_4903__date_2017_08_23.snappy.000.parquet,1771422200.399808
..\..\data\raw\systems\parquet\4903\system_4903__date_2017_08_24.snappy.000.parquet,pvdaq/parquet/pvdata/system_id=4903/year=2017/month=8/day=24/system_4903__date_2017_08_24.snappy.000.parquet,1771422200.6928074
..\..\data\raw\systems\parquet\4903\system_4903__date_2017_08_25.snappy.000.parquet,pvdaq/parquet/pvdata/system_id=4903/year=2017/month=8/day=25/system_4903__date_2017_08_25.snappy.000.parquet,1771422200.959868
..\..\data\raw\systems\parquet\4903\system_4903__date_2017_08_26.snappy.000.parquet,pvdaq/parquet/pvdata/system_id=4903/year=2017/month=8/day=26/system_4903__date_2017_08_26.snappy.000.parquet,1771422201.2088077
..\..\data\raw\systems\parquet\4903\system_4903__date_2017_08_27.snappy.000.parquet,pvdaq/parquet/pvdata/system_id=4903/year=2017/month=8/day=27/system_4903__date_2017_08_27.snappy.000.parquet,1771422201.5108826
..\..\data\raw\systems\parquet\4903\system_4903__date_2017_08_28.snappy.000.parquet,pvdaq/parquet/pvdata/system_id=4903/year=2017/month=8/day=28/system_4903__date_2017_08_28.snappy.000.parquet,1771422201.8138342
..\..\data\raw\systems\parquet\4903\system_4903__date_2017_08_29.snappy.000.parquet,pvdaq/parquet/pvdata/system_id=4903/year=2017/month=8/day=29/system_4903__date_2017_08_29.snappy.000.parquet,1771422202.0638878
..\..\data\raw\systems\parquet\4903\system_4903__date_2017_08_03.snappy.000.parquet,pvdaq/parquet/pvdata/system_id=4903/year=2017/month=8/day=3/system_4903__date_2017_08_03.snappy.000.parquet,1771422202.384807
..\..\data\raw\systems\parquet\4903\system_4903__date_2017_08_30.snappy.000.parquet,pvdaq/parquet/pvdata/system_id=4903/year=2017/month=8/day=30/system_4903__date_2017_08_30.snappy.000.parquet,1771422202.6958072
..\..\data\raw\systems\parquet\4903\system_4903__date_2017_08_31.snappy.000.parquet,pvdaq/parquet/pvdata/system_id=4903/year=2017/month=8/day=31/system_4903__date_2017_08_31.snappy.000.parquet,1771422202.962811
..\..\data\raw\systems\parquet\4903\system_4903__date_2017_08_04.snappy.000.parquet,pvdaq/parquet/pvdata/system_id=4903/year=2017/month=8/day=4/system_4903__date_2017_08_04.snappy.000.parquet,1771422203.244859
..\..\data\raw\systems\parquet\4903\system_4903__date_2017_08_05.snappy.000.parquet,pvdaq/parquet/pvdata/system_id=4903/year=2017/month=8/day=5/system_4903__date_2017_08_05.snappy.000.parquet,1771422203.5078082
..\..\data\raw\systems\parquet\4903\system_4903__date_2017_08_06.snappy.000.parquet,pvdaq/parquet/pvdata/system_id=4903/year=2017/month=8/day=6/system_4903__date_2017_08_06.snappy.000.parquet,1771422203.7798088
..\..\data\raw\systems\parquet\4903\system_4903__date_2017_08_07.snappy.000.parquet,pvdaq/parquet/pvdata/system_id=4903/year=2017/month=8/day=7/system_4903__date_2017_08_07.snappy.000.parquet,1771422204.04481
..\..\data\raw\systems\parquet\4903\system_4903__date_2017_08_08.snappy.000.parquet,pvdaq/parquet/pvdata/system_id=4903/year=2017/month=8/day=8/system_4903__date_2017_08_08.snappy.000.parquet,1771422204.3448071
..\..\data\raw\systems\parquet\4903\system_4903__date_2017_08_09.snappy.000.parquet,pvdaq/parquet/pvdata/system_id=4903/year=2017/month=8/day=9/system_4903__date_2017_08_09.snappy.000.parquet,1771422204.7458086
..\..\data\raw\systems\parquet\4903\system_4903__date_2017_09_01.snappy.000.parquet,pvdaq/parquet/pvdata/system_id=4903/year=2017/month=9/day=1/system_4903__date_2017_09_01.snappy.000.parquet,1771422205.009808
..\..\data\raw\systems\parquet\4903\system_4903__date_2017_09_10.snappy.000.parquet,pvdaq/parquet/pvdata/system_id=4903/year=2017/month=9/day=10/system_4903__date_2017_09_10.snappy.000.parquet,1771422205.336812
..\..\data\raw\systems\parquet\4903\system_4903__date_2017_09_11.snappy.000.parquet,pvdaq/parquet/pvdata/system_id=4903/year=2017/month=9/day=11/system_4903__date_2017_09_11.snappy.000.parquet,1771422205.6978073
..\..\data\raw\systems\parquet\4903\system_4903__date_2017_09_12.snappy.000.parquet,pvdaq/parquet/pvdata/system_id=4903/year=2017/month=9/day=12/system_4903__date_2017_09_12.snappy.000.parquet,1771422205.9518082
..\..\data\raw\systems\parquet\4903\system_4903__date_2017_09_13.snappy.000.parquet,pvdaq/parquet/pvdata/system_id=4903/year=2017/month=9/day=13/system_4903__date_2017_09_13.snappy.000.parquet,1771422206.2488086
..\..\data\raw\systems\parquet\4903\system_4903__date_2017_09_14.snappy.000.parquet,pvdaq/parquet/pvdata/system_id=4903/year=2017/month=9/day=14/system_4903__date_2017_09_14.snappy.000.parquet,1771422206.547808
..\..\data\raw\systems\parquet\4903\system_4903__date_2017_09_15.snappy.000.parquet,pvdaq/parquet/pvdata/system_id=4903/year=2017/month=9/day=15/system_4903__date_2017_09_15.snappy.000.parquet,1771422206.8148081
..\..\data\raw\systems\parquet\4903\system_4903__date_2017_09_16.snappy.000.parquet,pvdaq/parquet/pvdata/system_id=4903/year=2017/month=9/day=16/system_4903__date_2017_09_16.snappy.000.parquet,1771422207.0908096
..\..\data\raw\systems\parquet\4903\system_4903__date_2017_09_17.snappy.000.parquet,pvdaq/parquet/pvdata/system_id=4903/year=2017/month=9/day=17/system_4903__date_2017_09_17.snappy.000.parquet,1771422207.3648088
..\..\data\raw\systems\parquet\4903\system_4903__date_2017_09_18.snappy.000.parquet,pvdaq/parquet/pvdata/system_id=4903/year=2017/month=9/day=18/system_4903__date_2017_09_18.snappy.000.parquet,1771422207.6678112
..\..\data\raw\systems\parquet\4903\system_4903__date_2017_09_19.snappy.000.parquet,pvdaq/parquet/pvdata/system_id=4903/year=2017/month=9/day=19/system_4903__date_2017_09_19.snappy.000.parquet,1771422207.927811
..\..\data\raw\systems\parquet\4903\system_4903__date_2017_09_02.snappy.000.parquet,pvdaq/parquet/pvdata/system_id=4903/year=2017/month=9/day=2/system_4903__date_2017_09_02.snappy.000.parquet,1771422208.2448106
..\..\data\raw\systems\parquet\4903\system_4903__date_2017_09_20.snappy.000.parquet,pvdaq/parquet/pvdata/system_id=4903/year=2017/month=9/day=20/system_4903__date_2017_09_20.snappy.000.parquet,1771422208.4908094
..\..\data\raw\systems\parquet\4903\system_4903__date_2017_09_21.snappy.000.parquet,pvdaq/parquet/pvdata/system_id=4903/year=2017/month=9/day=21/system_4903__date_2017_09_21.snappy.000.parquet,1771422208.785808
..\..\data\raw\systems\parquet\4903\system_4903__date_2017_09_22.snappy.000.parquet,pvdaq/parquet/pvdata/system_id=4903/year=2017/month=9/day=22/system_4903__date_2017_09_22.snappy.000.parquet,1771422209.0528073
..\..\data\raw\systems\parquet\4903\system_4903__date_2017_09_23.snappy.000.parquet,pvdaq/parquet/pvdata/system_id=4903/year=2017/month=9/day=23/system_4903__date_2017_09_23.snappy.000.parquet,1771422209.311808
..\..\data\raw\systems\parquet\4903\system_4903__date_2017_09_24.snappy.000.parquet,pvdaq/parquet/pvdata/system_id=4903/year=2017/month=9/day=24/system_4903__date_2017_09_24.snappy.000.parquet,1771422209.5808816
..\..\data\raw\systems\parquet\4903\system_4903__date_2017_09_25.snappy.000.parquet,pvdaq/parquet/pvdata/system_id=4903/year=2017/month=9/day=25/system_4903__date_2017_09_25.snappy.000.parquet,1771422209.882809
..\..\data\raw\systems\parquet\4903\system_4903__date_2017_09_26.snappy.000.parquet,pvdaq/parquet/pvdata/system_id=4903/year=2017/month=9/day=26/system_4903__date_2017_09_26.snappy.000.parquet,1771422210.1288078
..\..\data\raw\systems\parquet\4903\system_4903__date_2017_09_27.snappy.000.parquet,pvdaq/parquet/pvdata/system_id=4903/year=2017/month=9/day=27/system_4903__date_2017_09_27.snappy.000.parquet,1771422210.377809
..\..\data\raw\systems\parquet\4903\system_4903__date_2017_09_28.snappy.000.parquet,pvdaq/parquet/pvdata/system_id=4903/year=2017/month=9/day=28/system_4903__date_2017_09_28.snappy.000.parquet,1771422210.6798089
..\..\data\raw\systems\parquet\4903\system_4903__date_2017_09_29.snappy.000.parquet,pvdaq/parquet/pvdata/system_id=4903/year=2017/month=9/day=29/system_4903__date_2017_09_29.snappy.000.parquet,1771422210.9368083
..\..\data\raw\systems\parquet\4903\system_4903__date_2017_09_03.snappy.000.parquet,pvdaq/parquet/pvdata/system_id=4903/year=2017/month=9/day=3/system_4903__date_2017_09_03.snappy.000.parquet,1771422211.2474296
..\..\data\raw\systems\parquet\4903\system_4903__date_2017_09_30.snappy.000.parquet,pvdaq/parquet/pvdata/system_id=4903/year=2017/month=9/day=30/system_4903__date_2017_09_30.snappy.000.parquet,1771422211.4925404
..\..\data\raw\systems\parquet\4903\system_4903__date_2017_09_04.snappy.000.parquet,pvdaq/parquet/pvdata/system_id=4903/year=2017/month=9/day=4/system_4903__date_2017_09_04.snappy.000.parquet,1771422211.771167
..\..\data\raw\systems\parquet\4903\system_4903__date_2017_09_05.snappy.000.parquet,pvdaq/parquet/pvdata/system_id=4903/year=2017/month=9/day=5/system_4903__date_2017_09_05.snappy.000.parquet,1771422212.0215108
..\..\data\raw\systems\parquet\4903\system_4903__date_2017_09_06.snappy.000.parquet,pvdaq/parquet/pvdata/system_id=4903/year=2017/month=9/day=6/system_4903__date_2017_09_06.snappy.000.parquet,1771422212.2812264
..\..\data\raw\systems\parquet\4903\system_4903__date_2017_09_07.snappy.000.parquet,pvdaq/parquet/pvdata/system_id=4903/year=2017/month=9/day=7/system_4903__date_2017_09_07.snappy.000.parquet,1771422212.5852537
..\..\data\raw\systems\parquet\4903\system_4903__date_2017_09_08.snappy.000.parquet,pvdaq/parquet/pvdata/system_id=4903/year=2017/month=9/day=8/system_4903__date_2017_09_08.snappy.000.parquet,1771422212.8385952
..\..\data\raw\systems\parquet\4903\system_4903__date_2017_09_09.snappy.000.parquet,pvdaq/parquet/pvdata/system_id=4903/year=2017/month=9/day=9/system_4903__date_2017_09_09.snappy.000.parquet,1771422213.1008723
..\..\data\raw\systems\parquet\4903\system_4903__date_2018_01_01.snappy.000.parquet,pvdaq/parquet/pvdata/system_id=4903/year=2018/month=1/day=1/system_4903__date_2018_01_01.snappy.000.parquet,1771422213.3891306
..\..\data\raw\systems\parquet\4903\system_4903__date_2018_01_10.snappy.000.parquet,pvdaq/parquet/pvdata/system_id=4903/year=2018/month=1/day=10/system_4903__date_2018_01_10.snappy.000.parquet,1771422213.6465008
..\..\data\raw\systems\parquet\4903\system_4903__date_2018_01_11.snappy.000.parquet,pvdaq/parquet/pvdata/system_id=4903/year=2018/month=1/day=11/system_4903__date_2018_01_11.snappy.000.parquet,1771422214.8374786
..\..\data\raw\systems\parquet\4903\system_4903__date_2018_01_12.snappy.000.parquet,pvdaq/parquet/pvdata/system_id=4903/year=2018/month=1/day=12/system_4903__date_2018_01_12.snappy.000.parquet,1771422215.1667457
..\..\data\raw\systems\parquet\4903\system_4903__date_2018_01_13.snappy.000.parquet,pvdaq/parquet/pvdata/system_id=4903/year=2018/month=1/day=13/system_4903__date_2018_01_13.snappy.000.parquet,1771422215.461581
..\..\data\raw\systems\parquet\4903\system_4903__date_2018_01_14.snappy.000.parquet,pvdaq/parquet/pvdata/system_id=4903/year=2018/month=1/day=14/system_4903__date_2018_01_14.snappy.000.parquet,1771422215.727093
..\..\data\raw\systems\parquet\4903\system_4903__date_2018_01_15.snappy.000.parquet,pvdaq/parquet/pvdata/system_id=4903/year=2018/month=1/day=15/system_4903__date_2018_01_15.snappy.000.parquet,1771422216.0090957
..\..\data\raw\systems\parquet\4903\system_4903__date_2018_01_16.snappy.000.parquet,pvdaq/parquet/pvdata/system_id=4903/year=2018/month=1/day=16/system_4903__date_2018_01_16.snappy.000.parquet,1771422216.2700238
..\..\data\raw\systems\parquet\4903\system_4903__date_2018_01_17.snappy.000.parquet,pvdaq/parquet/pvdata/system_id=4903/year=2018/month=1/day=17/system_4903__date_2018_01_17.snappy.000.parquet,1771422216.504134
..\..\data\raw\systems\parquet\4903\system_4903__date_2018_01_18.snappy.000.parquet,pvdaq/parquet/pvdata/system_id=4903/year=2018/month=1/day=18/system_4903__date_2018_01_18.snappy.000.parquet,1771422216.7637794
..\..\data\raw\systems\parquet\4903\system_4903__date_2018_01_19.snappy.000.parquet,pvdaq/parquet/pvdata/system_id=4903/year=2018/month=1/day=19/system_4903__date_2018_01_19.snappy.000.parquet,1771422217.0117764
..\..\data\raw\systems\parquet\4903\system_4903__date_2018_01_02.snappy.000.parquet,pvdaq/parquet/pvdata/system_id=4903/year=2018/month=1/day=2/system_4903__date_2018_01_02.snappy.000.parquet,1771422217.3121135
..\..\data\raw\systems\parquet\4903\system_4903__date_2018_01_20.snappy.000.parquet,pvdaq/parquet/pvdata/system_id=4903/year=2018/month=1/day=20/system_4903__date_2018_01_20.snappy.000.parquet,1771422217.5742443
..\..\data\raw\systems\parquet\4903\system_4903__date_2018_01_21.snappy.000.parquet,pvdaq/parquet/pvdata/system_id=4903/year=2018/month=1/day=21/system_4903__date_2018_01_21.snappy.000.parquet,1771422217.8248723
..\..\data\raw\systems\parquet\4903\system_4903__date_2018_01_22.snappy.000.parquet,pvdaq/parquet/pvdata/system_id=4903/year=2018/month=1/day=22/system_4903__date_2018_01_22.snappy.000.parquet,1771422218.082772
..\..\data\raw\systems\parquet\4903\system_4903__date_2018_01_23.snappy.000.parquet,pvdaq/parquet/pvdata/system_id=4903/year=2018/month=1/day=23/system_4903__date_2018_01_23.snappy.000.parquet,1771422218.3372798
..\..\data\raw\systems\parquet\4903\system_4903__date_2018_01_24.snappy.000.parquet,pvdaq/parquet/pvdata/system_id=4903/year=2018/month=1/day=24/system_4903__date_2018_01_24.snappy.000.parquet,1771422218.585598
..\..\data\raw\systems\parquet\4903\system_4903__date_2018_01_25.snappy.000.parquet,pvdaq/parquet/pvdata/system_id=4903/year=2018/month=1/day=25/system_4903__date_2018_01_25.snappy.000.parquet,1771422218.830645
..\..\data\raw\systems\parquet\4903\system_4903__date_2018_01_26.snappy.000.parquet,pvdaq/parquet/pvdata/system_id=4903/year=2018/month=1/day=26/system_4903__date_2018_01_26.snappy.000.parquet,1771422219.0845852
..\..\data\raw\systems\parquet\4903\system_4903__date_2018_01_27.snappy.000.parquet,pvdaq/parquet/pvdata/system_id=4903/year=2018/month=1/day=27/system_4903__date_2018_01_27.snappy.000.parquet,1771422219.356559
..\..\data\raw\systems\parquet\4903\system_4903__date_2018_01_28.snappy.000.parquet,pvdaq/parquet/pvdata/system_id=4903/year=2018/month=1/day=28/system_4903__date_2018_01_28.snappy.000.parquet,1771422219.6145437
..\..\data\raw\systems\parquet\4903\system_4903__date_2018_01_29.snappy.000.parquet,pvdaq/parquet/pvdata/system_id=4903/year=2018/month=1/day=29/system_4903__date_2018_01_29.snappy.000.parquet,1771422219.8732536
..\..\data\raw\systems\parquet\4903\system_4903__date_2018_01_03.snappy.000.parquet,pvdaq/parquet/pvdata/system_id=4903/year=2018/month=1/day=3/system_4903__date_2018_01_03.snappy.000.parquet,1771422220.1193256
..\..\data\raw\systems\parquet\4903\system_4903__date_2018_01_30.snappy.000.parquet,pvdaq/parquet/pvdata/system_id=4903/year=2018/month=1/day=30/system_4903__date_2018_01_30.snappy.000.parquet,1771422220.3844762
..\..\data\raw\systems\parquet\4903\system_4903__date_2018_01_31.snappy.000.parquet,pvdaq/parquet/pvdata/system_id=4903/year=2018/month=1/day=31/system_4903__date_2018_01_31.snappy.000.parquet,1771422220.6525102
..\..\data\raw\systems\parquet\4903\system_4903__date_2018_01_04.snappy.000.parquet,pvdaq/parquet/pvdata/system_id=4903/year=2018/month=1/day=4/system_4903__date_2018_01_04.snappy.000.parquet,1771422220.9126003
..\..\data\raw\systems\parquet\4903\system_4903__date_2018_01_05.snappy.000.parquet,pvdaq/parquet/pvdata/system_id=4903/year=2018/month=1/day=5/system_4903__date_2018_01_05.snappy.000.parquet,1771422221.1456735
..\..\data\raw\systems\parquet\4903\system_4903__date_2018_01_06.snappy.000.parquet,pvdaq/parquet/pvdata/system_id=4903/year=2018/month=1/day=6/system_4903__date_2018_01_06.snappy.000.parquet,1771422221.4096513
..\..\data\raw\systems\parquet\4903\system_4903__date_2018_01_07.snappy.000.parquet,pvdaq/parquet/pvdata/system_id=4903/year=2018/month=1/day=7/system_4903__date_2018_01_07.snappy.000.parquet,1771422221.7300901
..\..\data\raw\systems\parquet\4903\system_4903__date_2018_01_08.snappy.000.parquet,pvdaq/parquet/pvdata/system_id=4903/year=2018/month=1/day=8/system_4903__date_2018_01_08.snappy.000.parquet,1771422221.9794738
..\..\data\raw\systems\parquet\4903\system_4903__date_2018_01_09.snappy.000.parquet,pvdaq/parquet/pvdata/system_id=4903/year=2018/month=1/day=9/system_4903__date_2018_01_09.snappy.000.parquet,1771422222.215475
..\..\data\raw\systems\parquet\4903\system_4903__date_2018_02_01.snappy.000.parquet,pvdaq/parquet/pvdata/system_id=4903/year=2018/month=2/day=1/system_4903__date_2018_02_01.snappy.000.parquet,1771422222.52357
..\..\data\raw\systems\parquet\4903\system_4903__date_2018_02_10.snappy.000.parquet,pvdaq/parquet/pvdata/system_id=4903/year=2018/month=2/day=10/system_4903__date_2018_02_10.snappy.000.parquet,1771422222.7623944
..\..\data\raw\systems\parquet\4903\system_4903__date_2018_02_11.snappy.000.parquet,pvdaq/parquet/pvdata/system_id=4903/year=2018/month=2/day=11/system_4903__date_2018_02_11.snappy.000.parquet,1771422223.0274332
..\..\data\raw\systems\parquet\4903\system_4903__date_2018_02_12.snappy.000.parquet,pvdaq/parquet/pvdata/system_id=4903/year=2018/month=2/day=12/system_4903__date_2018_02_12.snappy.000.parquet,1771422223.2830663
..\..\data\raw\systems\parquet\4903\system_4903__date_2018_02_13.snappy.000.parquet,pvdaq/parquet/pvdata/system_id=4903/year=2018/month=2/day=13/system_4903__date_2018_02_13.snappy.000.parquet,1771422223.5375202
..\..\data\raw\systems\parquet\4903\system_4903__date_2018_02_14.snappy.000.parquet,pvdaq/parquet/pvdata/system_id=4903/year=2018/month=2/day=14/system_4903__date_2018_02_14.snappy.000.parquet,1771422223.794999
..\..\data\raw\systems\parquet\4903\system_4903__date_2018_02_15.snappy.000.parquet,pvdaq/parquet/pvdata/system_id=4903/year=2018/month=2/day=15/system_4903__date_2018_02_15.snappy.000.parquet,1771422224.0583222
..\..\data\raw\systems\parquet\4903\system_4903__date_2018_02_16.snappy.000.parquet,pvdaq/parquet/pvdata/system_id=4903/year=2018/month=2/day=16/system_4903__date_2018_02_16.snappy.000.parquet,1771422224.2924528
..\..\data\raw\systems\parquet\4903\system_4903__date_2018_02_17.snappy.000.parquet,pvdaq/parquet/pvdata/system_id=4903/year=2018/month=2/day=17/system_4903__date_2018_02_17.snappy.000.parquet,1771422224.5420516
..\..\data\raw\systems\parquet\4903\system_4903__date_2018_02_18.snappy.000.parquet,pvdaq/parquet/pvdata/system_id=4903/year=2018/month=2/day=18/system_4903__date_2018_02_18.snappy.000.parquet,1771422224.7894828
..\..\data\raw\systems\parquet\4903\system_4903__date_2018_02_19.snappy.000.parquet,pvdaq/parquet/pvdata/system_id=4903/year=2018/month=2/day=19/system_4903__date_2018_02_19.snappy.000.parquet,1771422225.040475
..\..\data\raw\systems\parquet\4903\system_4903__date_2018_02_02.snappy.000.parquet,pvdaq/parquet/pvdata/system_id=4903/year=2018/month=2/day=2/system_4903__date_2018_02_02.snappy.000.parquet,1771422225.3014824
..\..\data\raw\systems\parquet\4903\system_4903__date_2018_02_20.snappy.000.parquet,pvdaq/parquet/pvdata/system_id=4903/year=2018/month=2/day=20/system_4903__date_2018_02_20.snappy.000.parquet,1771422225.5385978
..\..\data\raw\systems\parquet\4903\system_4903__date_2018_02_21.snappy.000.parquet,pvdaq/parquet/pvdata/system_id=4903/year=2018/month=2/day=21/system_4903__date_2018_02_21.snappy.000.parquet,1771422225.7935977
..\..\data\raw\systems\parquet\4903\system_4903__date_2018_02_22.snappy.000.parquet,pvdaq/parquet/pvdata/system_id=4903/year=2018/month=2/day=22/system_4903__date_2018_02_22.snappy.000.parquet,1771422226.0366378
..\..\data\raw\systems\parquet\4903\system_4903__date_2018_02_23.snappy.000.parquet,pvdaq/parquet/pvdata/system_id=4903/year=2018/month=2/day=23/system_4903__date_2018_02_23.snappy.000.parquet,1771422226.2646306
..\..\data\raw\systems\parquet\4903\system_4903__date_2018_02_24.snappy.000.parquet,pvdaq/parquet/pvdata/system_id=4903/year=2018/month=2/day=24/system_4903__date_2018_02_24.snappy.000.parquet,1771422226.4996326
..\..\data\raw\systems\parquet\4903\system_4903__date_2018_02_25.snappy.000.parquet,pvdaq/parquet/pvdata/system_id=4903/year=2018/month=2/day=25/system_4903__date_2018_02_25.snappy.000.parquet,1771422226.747343
..\..\data\raw\systems\parquet\4903\system_4903__date_2018_02_26.snappy.000.parquet,pvdaq/parquet/pvdata/system_id=4903/year=2018/month=2/day=26/system_4903__date_2018_02_26.snappy.000.parquet,1771422227.0223806
..\..\data\raw\systems\parquet\4903\system_4903__date_2018_02_27.snappy.000.parquet,pvdaq/parquet/pvdata/system_id=4903/year=2018/month=2/day=27/system_4903__date_2018_02_27.snappy.000.parquet,1771422227.286504
..\..\data\raw\systems\parquet\4903\system_4903__date_2018_02_28.snappy.000.parquet,pvdaq/parquet/pvdata/system_id=4903/year=2018/month=2/day=28/system_4903__date_2018_02_28.snappy.000.parquet,1771422227.561482
..\..\data\raw\systems\parquet\4903\system_4903__date_2018_02_03.snappy.000.parquet,pvdaq/parquet/pvdata/system_id=4903/year=2018/month=2/day=3/system_4903__date_2018_02_03.snappy.000.parquet,1771422228.5975347
..\..\data\raw\systems\parquet\4903\system_4903__date_2018_02_04.snappy.000.parquet,pvdaq/parquet/pvdata/system_id=4903/year=2018/month=2/day=4/system_4903__date_2018_02_04.snappy.000.parquet,1771422228.909099
..\..\data\raw\systems\parquet\4903\system_4903__date_2018_02_05.snappy.000.parquet,pvdaq/parquet/pvdata/system_id=4903/year=2018/month=2/day=5/system_4903__date_2018_02_05.snappy.000.parquet,1771422229.179408
..\..\data\raw\systems\parquet\4903\system_4903__date_2018_02_06.snappy.000.parquet,pvdaq/parquet/pvdata/system_id=4903/year=2018/month=2/day=6/system_4903__date_2018_02_06.snappy.000.parquet,1771422229.4424033
..\..\data\raw\systems\parquet\4903\system_4903__date_2018_02_07.snappy.000.parquet,pvdaq/parquet/pvdata/system_id=4903/year=2018/month=2/day=7/system_4903__date_2018_02_07.snappy.000.parquet,1771422229.6954007
..\..\data\raw\systems\parquet\4903\system_4903__date_2018_02_08.snappy.000.parquet,pvdaq/parquet/pvdata/system_id=4903/year=2018/month=2/day=8/system_4903__date_2018_02_08.snappy.000.parquet,1771422229.9436128
..\..\data\raw\systems\parquet\4903\system_4903__date_2018_02_09.snappy.000.parquet,pvdaq/parquet/pvdata/system_id=4903/year=2018/month=2/day=9/system_4903__date_2018_02_09.snappy.000.parquet,1771422230.2237613
..\..\data\raw\systems\parquet\4903\system_4903__date_2018_03_01.snappy.000.parquet,pvdaq/parquet/pvdata/system_id=4903/year=2018/month=3/day=1/system_4903__date_2018_03_01.snappy.000.parquet,1771422230.4649813
..\..\data\raw\systems\parquet\4903\system_4903__date_2018_03_10.snappy.000.parquet,pvdaq/parquet/pvdata/system_id=4903/year=2018/month=3/day=10/system_4903__date_2018_03_10.snappy.000.parquet,1771422230.7346737
..\..\data\raw\systems\parquet\4903\system_4903__date_2018_03_11.snappy.000.parquet,pvdaq/parquet/pvdata/system_id=4903/year=2018/month=3/day=11/system_4903__date_2018_03_11.snappy.000.parquet,1771422230.9686654
..\..\data\raw\systems\parquet\4903\system_4903__date_2018_03_12.snappy.000.parquet,pvdaq/parquet/pvdata/system_id=4903/year=2018/month=3/day=12/system_4903__date_2018_03_12.snappy.000.parquet,1771422231.2226827
..\..\data\raw\systems\parquet\4903\system_4903__date_2018_03_13.snappy.000.parquet,pvdaq/parquet/pvdata/system_id=4903/year=2018/month=3/day=13/system_4903__date_2018_03_13.snappy.000.parquet,1771422231.5305722
..\..\data\raw\systems\parquet\4903\system_4903__date_2018_03_14.snappy.000.parquet,pvdaq/parquet/pvdata/system_id=4903/year=2018/month=3/day=14/system_4903__date_2018_03_14.snappy.000.parquet,1771422231.7814982
..\..\data\raw\systems\parquet\4903\system_4903__date_2018_03_02.snappy.000.parquet,pvdaq/parquet/pvdata/system_id=4903/year=2018/month=3/day=2/system_4903__date_2018_03_02.snappy.000.parquet,1771422232.0310156
..\..\data\raw\systems\parquet\4903\system_4903__date_2018_03_03.snappy.000.parquet,pvdaq/parquet/pvdata/system_id=4903/year=2018/month=3/day=3/system_4903__date_2018_03_03.snappy.000.parquet,1771422232.2896402
..\..\data\raw\systems\parquet\4903\system_4903__date_2018_03_04.snappy.000.parquet,pvdaq/parquet/pvdata/system_id=4903/year=2018/month=3/day=4/system_4903__date_2018_03_04.snappy.000.parquet,1771422232.5554826
..\..\data\raw\systems\parquet\4903\system_4903__date_2018_03_05.snappy.000.parquet,pvdaq/parquet/pvdata/system_id=4903/year=2018/month=3/day=5/system_4903__date_2018_03_05.snappy.000.parquet,1771422232.8125567
..\..\data\raw\systems\parquet\4903\system_4903__date_2018_03_06.snappy.000.parquet,pvdaq/parquet/pvdata/system_id=4903/year=2018/month=3/day=6/system_4903__date_2018_03_06.snappy.000.parquet,1771422233.0918672
..\..\data\raw\systems\parquet\4903\system_4903__date_2018_03_07.snappy.000.parquet,pvdaq/parquet/pvdata/system_id=4903/year=2018/month=3/day=7/system_4903__date_2018_03_07.snappy.000.parquet,1771422233.3788686
..\..\data\raw\systems\parquet\4903\system_4903__date_2018_03_08.snappy.000.parquet,pvdaq/parquet/pvdata/system_id=4903/year=2018/month=3/day=8/system_4903__date_2018_03_08.snappy.000.parquet,1771422233.6474297
..\..\data\raw\systems\parquet\4903\system_4903__date_2018_03_09.snappy.000.parquet,pvdaq/parquet/pvdata/system_id=4903/year=2018/month=3/day=9/system_4903__date_2018_03_09.snappy.000.parquet,1771422233.9005892
GET request from https://s3.us-west-2.amazonaws.com/nsrdb-data.stratus.nlr.gov/1139037_39.13_-77.22_2015_ff1b5b910fd13163f082472e7b668a25.csvat time 1773864291.6454265
..\..\..\data_ds_project\systems\parquet\4903\system_4903__date_2014_10_01.snappy.000.parquet,pvdaq/parquet/pvdata/system_id=4903/year=2014/month=10/day=1/system_4903__date_2014_10_01.snappy.000.parquet,1779677332.3960433
..\..\..\data_ds_project\systems\parquet\4903\system_4903__date_2014_10_10.snappy.000.parquet,pvdaq/parquet/pvdata/system_id=4903/year=2014/month=10/day=10/system_4903__date_2014_10_10.snappy.000.parquet,1779677332.6763682
..\..\..\data_ds_project\systems\parquet\4903\system_4903__date_2014_10_11.snappy.000.parquet,pvdaq/parquet/pvdata/system_id=4903/year=2014/month=10/day=11/system_4903__date_2014_10_11.snappy.000.parquet,1779677332.948158
..\..\..\data_ds_project\systems\parquet\4903\system_4903__date_2014_10_12.snappy.000.parquet,pvdaq/parquet/pvdata/system_id=4903/year=2014/month=10/day=12/system_4903__date_2014_10_12.snappy.000.parquet,1779677333.2033558
..\..\..\data_ds_project\systems\parquet\4903\system_4903__date_2014_10_13.snappy.000.parquet,pvdaq/parquet/pvdata/system_id=4903/year=2014/month=10/day=13/system_4903__date_2014_10_13.snappy.000.parquet,1779677333.5417826
..\..\..\data_ds_project\systems\parquet\4903\system_4903__date_2014_10_14.snappy.000.parquet,pvdaq/parquet/pvdata/system_id=4903/year=2014/month=10/day=14/system_4903__date_2014_10_14.snappy.000.parquet,1779677333.8180892
..\..\..\data_ds_project\systems\parquet\4903\system_4903__date_2014_10_15.snappy.000.parquet,pvdaq/parquet/pvdata/system_id=4903/year=2014/month=10/day=15/system_4903__date_2014_10_15.snappy.000.parquet,1779677334.0477178
..\..\..\data_ds_project\systems\parquet\4903\system_4903__date_2014_10_16.snappy.000.parquet,pvdaq/parquet/pvdata/system_id=4903/year=2014/month=10/day=16/system_4903__date_2014_10_16.snappy.000.parquet,1779677334.291979
..\..\..\data_ds_project\systems\parquet\4903\system_4903__date_2014_10_17.snappy.000.parquet,pvdaq/parquet/pvdata/system_id=4903/year=2014/month=10/day=17/system_4903__date_2014_10_17.snappy.000.parquet,1779677334.5466268
..\..\..\data_ds_project\systems\parquet\4903\system_4903__date_2014_10_18.snappy.000.parquet,pvdaq/parquet/pvdata/system_id=4903/year=2014/month=10/day=18/system_4903__date_2014_10_18.snappy.000.parquet,1779677334.8382897
..\..\..\data_ds_project\systems\parquet\4903\system_4903__date_2014_10_19.snappy.000.parquet,pvdaq/parquet/pvdata/system_id=4903/year=2014/month=10/day=19/system_4903__date_2014_10_19.snappy.000.parquet,1779677335.0945616
..\..\..\data_ds_project\systems\parquet\4903\system_4903__date_2014_10_02.snappy.000.parquet,pvdaq/parquet/pvdata/system_id=4903/year=2014/month=10/day=2/system_4903__date_2014_10_02.snappy.000.parquet,1779677335.5176456
..\..\..\data_ds_project\systems\parquet\4903\system_4903__date_2014_10_20.snappy.000.parquet,pvdaq/parquet/pvdata/system_id=4903/year=2014/month=10/day=20/system_4903__date_2014_10_20.snappy.000.parquet,1779677335.7740443
..\..\..\data_ds_project\systems\parquet\4903\system_4903__date_2014_10_21.snappy.000.parquet,pvdaq/parquet/pvdata/system_id=4903/year=2014/month=10/day=21/system_4903__date_2014_10_21.snappy.000.parquet,1779677336.0244958
..\..\..\data_ds_project\systems\parquet\4903\system_4903__date_2014_10_22.snappy.000.parquet,pvdaq/parquet/pvdata/system_id=4903/year=2014/month=10/day=22/system_4903__date_2014_10_22.snappy.000.parquet,1779677336.3099403
..\..\..\data_ds_project\systems\parquet\4903\system_4903__date_2014_10_23.snappy.000.parquet,pvdaq/parquet/pvdata/system_id=4903/year=2014/month=10/day=23/system_4903__date_2014_10_23.snappy.000.parquet,1779677336.5733113
..\..\..\data_ds_project\systems\parquet\4903\system_4903__date_2014_10_24.snappy.000.parquet,pvdaq/parquet/pvdata/system_id=4903/year=2014/month=10/day=24/system_4903__date_2014_10_24.snappy.000.parquet,1779677336.8757164
..\..\..\data_ds_project\systems\parquet\4903\system_4903__date_2014_10_25.snappy.000.parquet,pvdaq/parquet/pvdata/system_id=4903/year=2014/month=10/day=25/system_4903__date_2014_10_25.snappy.000.parquet,1779677337.1463764
..\..\..\data_ds_project\systems\parquet\4903\system_4903__date_2014_10_26.snappy.000.parquet,pvdaq/parquet/pvdata/system_id=4903/year=2014/month=10/day=26/system_4903__date_2014_10_26.snappy.000.parquet,1779677337.4368045
..\..\..\data_ds_project\systems\parquet\4903\system_4903__date_2014_10_27.snappy.000.parquet,pvdaq/parquet/pvdata/system_id=4903/year=2014/month=10/day=27/system_4903__date_2014_10_27.snappy.000.parquet,1779677337.742198
..\..\..\data_ds_project\systems\parquet\4903\system_4903__date_2014_10_28.snappy.000.parquet,pvdaq/parquet/pvdata/system_id=4903/year=2014/month=10/day=28/system_4903__date_2014_10_28.snappy.000.parquet,1779677338.0016916
..\..\..\data_ds_project\systems\parquet\4903\system_4903__date_2014_10_29.snappy.000.parquet,pvdaq/parquet/pvdata/system_id=4903/year=2014/month=10/day=29/system_4903__date_2014_10_29.snappy.000.parquet,1779677338.2503483
..\..\..\data_ds_project\systems\parquet\4903\system_4903__date_2014_10_03.snappy.000.parquet,pvdaq/parquet/pvdata/system_id=4903/year=2014/month=10/day=3/system_4903__date_2014_10_03.snappy.000.parquet,1779677338.476851
..\..\..\data_ds_project\systems\parquet\4903\system_4903__date_2014_10_30.snappy.000.parquet,pvdaq/parquet/pvdata/system_id=4903/year=2014/month=10/day=30/system_4903__date_2014_10_30.snappy.000.parquet,1779677338.724636
..\..\..\data_ds_project\systems\parquet\4903\system_4903__date_2014_10_31.snappy.000.parquet,pvdaq/parquet/pvdata/system_id=4903/year=2014/month=10/day=31/system_4903__date_2014_10_31.snappy.000.parquet,1779677338.9790952
..\..\..\data_ds_project\systems\parquet\4903\system_4903__date_2014_10_04.snappy.000.parquet,pvdaq/parquet/pvdata/system_id=4903/year=2014/month=10/day=4/system_4903__date_2014_10_04.snappy.000.parquet,1779677339.2418022
..\..\..\data_ds_project\systems\parquet\4903\system_4903__date_2014_10_05.snappy.000.parquet,pvdaq/parquet/pvdata/system_id=4903/year=2014/month=10/day=5/system_4903__date_2014_10_05.snappy.000.parquet,1779677339.523406
..\..\..\data_ds_project\systems\parquet\4903\system_4903__date_2014_10_06.snappy.000.parquet,pvdaq/parquet/pvdata/system_id=4903/year=2014/month=10/day=6/system_4903__date_2014_10_06.snappy.000.parquet,1779677339.7709634
..\..\..\data_ds_project\systems\parquet\4903\system_4903__date_2014_10_07.snappy.000.parquet,pvdaq/parquet/pvdata/system_id=4903/year=2014/month=10/day=7/system_4903__date_2014_10_07.snappy.000.parquet,1779677340.0321817
..\..\..\data_ds_project\systems\parquet\4903\system_4903__date_2014_10_08.snappy.000.parquet,pvdaq/parquet/pvdata/system_id=4903/year=2014/month=10/day=8/system_4903__date_2014_10_08.snappy.000.parquet,1779677340.298342
..\..\..\data_ds_project\systems\parquet\4903\system_4903__date_2014_10_09.snappy.000.parquet,pvdaq/parquet/pvdata/system_id=4903/year=2014/month=10/day=9/system_4903__date_2014_10_09.snappy.000.parquet,1779677340.5619125
..\..\..\data_ds_project\systems\parquet\4903\system_4903__date_2014_11_01.snappy.000.parquet,pvdaq/parquet/pvdata/system_id=4903/year=2014/month=11/day=1/system_4903__date_2014_11_01.snappy.000.parquet,1779677340.8201318
..\..\..\data_ds_project\systems\parquet\4903\system_4903__date_2014_11_10.snappy.000.parquet,pvdaq/parquet/pvdata/system_id=4903/year=2014/month=11/day=10/system_4903__date_2014_11_10.snappy.000.parquet,1779677341.06069
..\..\..\data_ds_project\systems\parquet\4903\system_4903__date_2014_11_11.snappy.000.parquet,pvdaq/parquet/pvdata/system_id=4903/year=2014/month=11/day=11/system_4903__date_2014_11_11.snappy.000.parquet,1779677341.3551307
..\..\..\data_ds_project\systems\parquet\4903\system_4903__date_2014_11_12.snappy.000.parquet,pvdaq/parquet/pvdata/system_id=4903/year=2014/month=11/day=12/system_4903__date_2014_11_12.snappy.000.parquet,1779677341.606566
..\..\..\data_ds_project\systems\parquet\4903\system_4903__date_2014_11_13.snappy.000.parquet,pvdaq/parquet/pvdata/system_id=4903/year=2014/month=11/day=13/system_4903__date_2014_11_13.snappy.000.parquet,1779677341.9118855
..\..\..\data_ds_project\systems\parquet\4903\system_4903__date_2014_11_14.snappy.000.parquet,pvdaq/parquet/pvdata/system_id=4903/year=2014/month=11/day=14/system_4903__date_2014_11_14.snappy.000.parquet,1779677342.1543753
..\..\..\data_ds_project\systems\parquet\4903\system_4903__date_2014_11_15.snappy.000.parquet,pvdaq/parquet/pvdata/system_id=4903/year=2014/month=11/day=15/system_4903__date_2014_11_15.snappy.000.parquet,1779677342.3997874
..\..\..\data_ds_project\systems\parquet\4903\system_4903__date_2014_11_16.snappy.000.parquet,pvdaq/parquet/pvdata/system_id=4903/year=2014/month=11/day=16/system_4903__date_2014_11_16.snappy.000.parquet,1779677342.6662598
..\..\..\data_ds_project\systems\parquet\4903\system_4903__date_2014_11_17.snappy.000.parquet,pvdaq/parquet/pvdata/system_id=4903/year=2014/month=11/day=17/system_4903__date_2014_11_17.snappy.000.parquet,1779677342.9185624
..\..\..\data_ds_project\systems\parquet\4903\system_4903__date_2014_11_18.snappy.000.parquet,pvdaq/parquet/pvdata/system_id=4903/year=2014/month=11/day=18/system_4903__date_2014_11_18.snappy.000.parquet,1779677343.1639369
..\..\..\data_ds_project\systems\parquet\4903\system_4903__date_2014_11_19.snappy.000.parquet,pvdaq/parquet/pvdata/system_id=4903/year=2014/month=11/day=19/system_4903__date_2014_11_19.snappy.000.parquet,1779677343.4292853
..\..\..\data_ds_project\systems\parquet\4903\system_4903__date_2014_11_02.snappy.000.parquet,pvdaq/parquet/pvdata/system_id=4903/year=2014/month=11/day=2/system_4903__date_2014_11_02.snappy.000.parquet,1779677343.6866484
..\..\..\data_ds_project\systems\parquet\4903\system_4903__date_2014_11_20.snappy.000.parquet,pvdaq/parquet/pvdata/system_id=4903/year=2014/month=11/day=20/system_4903__date_2014_11_20.snappy.000.parquet,1779677343.986794
..\..\..\data_ds_project\systems\parquet\4903\system_4903__date_2014_11_21.snappy.000.parquet,pvdaq/parquet/pvdata/system_id=4903/year=2014/month=11/day=21/system_4903__date_2014_11_21.snappy.000.parquet,1779677344.258911
..\..\..\data_ds_project\systems\parquet\4903\system_4903__date_2014_11_22.snappy.000.parquet,pvdaq/parquet/pvdata/system_id=4903/year=2014/month=11/day=22/system_4903__date_2014_11_22.snappy.000.parquet,1779677344.53848
..\..\..\data_ds_project\systems\parquet\4903\system_4903__date_2014_11_23.snappy.000.parquet,pvdaq/parquet/pvdata/system_id=4903/year=2014/month=11/day=23/system_4903__date_2014_11_23.snappy.000.parquet,1779677344.7702186
..\..\..\data_ds_project\systems\parquet\4903\system_4903__date_2014_11_24.snappy.000.parquet,pvdaq/parquet/pvdata/system_id=4903/year=2014/month=11/day=24/system_4903__date_2014_11_24.snappy.000.parquet,1779677345.0066302
..\..\..\data_ds_project\systems\parquet\4903\system_4903__date_2014_11_25.snappy.000.parquet,pvdaq/parquet/pvdata/system_id=4903/year=2014/month=11/day=25/system_4903__date_2014_11_25.snappy.000.parquet,1779677345.2854567
..\..\..\data_ds_project\systems\parquet\4903\system_4903__date_2014_11_26.snappy.000.parquet,pvdaq/parquet/pvdata/system_id=4903/year=2014/month=11/day=26/system_4903__date_2014_11_26.snappy.000.parquet,1779677346.3610055
..\..\..\data_ds_project\systems\parquet\4903\system_4903__date_2014_11_27.snappy.000.parquet,pvdaq/parquet/pvdata/system_id=4903/year=2014/month=11/day=27/system_4903__date_2014_11_27.snappy.000.parquet,1779677346.6865299
..\..\..\data_ds_project\systems\parquet\4903\system_4903__date_2014_11_28.snappy.000.parquet,pvdaq/parquet/pvdata/system_id=4903/year=2014/month=11/day=28/system_4903__date_2014_11_28.snappy.000.parquet,1779677346.9439783
..\..\..\data_ds_project\systems\parquet\4903\system_4903__date_2014_11_29.snappy.000.parquet,pvdaq/parquet/pvdata/system_id=4903/year=2014/month=11/day=29/system_4903__date_2014_11_29.snappy.000.parquet,1779677347.3086646
..\..\..\data_ds_project\systems\parquet\4903\system_4903__date_2014_11_03.snappy.000.parquet,pvdaq/parquet/pvdata/system_id=4903/year=2014/month=11/day=3/system_4903__date_2014_11_03.snappy.000.parquet,1779677347.563289
..\..\..\data_ds_project\systems\parquet\4903\system_4903__date_2014_11_30.snappy.000.parquet,pvdaq/parquet/pvdata/system_id=4903/year=2014/month=11/day=30/system_4903__date_2014_11_30.snappy.000.parquet,1779677347.8324904
..\..\..\data_ds_project\systems\parquet\4903\system_4903__date_2014_11_04.snappy.000.parquet,pvdaq/parquet/pvdata/system_id=4903/year=2014/month=11/day=4/system_4903__date_2014_11_04.snappy.000.parquet,1779677348.0852225
..\..\..\data_ds_project\systems\parquet\4903\system_4903__date_2014_11_05.snappy.000.parquet,pvdaq/parquet/pvdata/system_id=4903/year=2014/month=11/day=5/system_4903__date_2014_11_05.snappy.000.parquet,1779677348.340569
..\..\..\data_ds_project\systems\parquet\4903\system_4903__date_2014_11_06.snappy.000.parquet,pvdaq/parquet/pvdata/system_id=4903/year=2014/month=11/day=6/system_4903__date_2014_11_06.snappy.000.parquet,1779677348.6033635
..\..\..\data_ds_project\systems\parquet\4903\system_4903__date_2014_11_07.snappy.000.parquet,pvdaq/parquet/pvdata/system_id=4903/year=2014/month=11/day=7/system_4903__date_2014_11_07.snappy.000.parquet,1779677348.8707323
..\..\..\data_ds_project\systems\parquet\4903\system_4903__date_2014_11_08.snappy.000.parquet,pvdaq/parquet/pvdata/system_id=4903/year=2014/month=11/day=8/system_4903__date_2014_11_08.snappy.000.parquet,1779677349.135954
..\..\..\data_ds_project\systems\parquet\4903\system_4903__date_2014_11_09.snappy.000.parquet,pvdaq/parquet/pvdata/system_id=4903/year=2014/month=11/day=9/system_4903__date_2014_11_09.snappy.000.parquet,1779677349.3857012
..\..\..\data_ds_project\systems\parquet\4903\system_4903__date_2014_12_01.snappy.000.parquet,pvdaq/parquet/pvdata/system_id=4903/year=2014/month=12/day=1/system_4903__date_2014_12_01.snappy.000.parquet,1779677349.63903
..\..\..\data_ds_project\systems\parquet\4903\system_4903__date_2014_12_10.snappy.000.parquet,pvdaq/parquet/pvdata/system_id=4903/year=2014/month=12/day=10/system_4903__date_2014_12_10.snappy.000.parquet,1779677349.9593966
..\..\..\data_ds_project\systems\parquet\4903\system_4903__date_2014_12_11.snappy.000.parquet,pvdaq/parquet/pvdata/system_id=4903/year=2014/month=12/day=11/system_4903__date_2014_12_11.snappy.000.parquet,1779677350.2748404
..\..\..\data_ds_project\systems\parquet\4903\system_4903__date_2014_12_12.snappy.000.parquet,pvdaq/parquet/pvdata/system_id=4903/year=2014/month=12/day=12/system_4903__date_2014_12_12.snappy.000.parquet,1779677350.5874045
..\..\..\data_ds_project\systems\parquet\4903\system_4903__date_2014_12_13.snappy.000.parquet,pvdaq/parquet/pvdata/system_id=4903/year=2014/month=12/day=13/system_4903__date_2014_12_13.snappy.000.parquet,1779677350.8777204
..\..\..\data_ds_project\systems\parquet\4903\system_4903__date_2014_12_14.snappy.000.parquet,pvdaq/parquet/pvdata/system_id=4903/year=2014/month=12/day=14/system_4903__date_2014_12_14.snappy.000.parquet,1779677351.1658452
..\..\..\data_ds_project\systems\parquet\4903\system_4903__date_2014_12_15.snappy.000.parquet,pvdaq/parquet/pvdata/system_id=4903/year=2014/month=12/day=15/system_4903__date_2014_12_15.snappy.000.parquet,1779677351.4263082
..\..\..\data_ds_project\systems\parquet\4903\system_4903__date_2014_12_16.snappy.000.parquet,pvdaq/parquet/pvdata/system_id=4903/year=2014/month=12/day=16/system_4903__date_2014_12_16.snappy.000.parquet,1779677351.682991
..\..\..\data_ds_project\systems\parquet\4903\system_4903__date_2014_12_17.snappy.000.parquet,pvdaq/parquet/pvdata/system_id=4903/year=2014/month=12/day=17/system_4903__date_2014_12_17.snappy.000.parquet,1779677351.950418
..\..\..\data_ds_project\systems\parquet\4903\system_4903__date_2014_12_18.snappy.000.parquet,pvdaq/parquet/pvdata/system_id=4903/year=2014/month=12/day=18/system_4903__date_2014_12_18.snappy.000.parquet,1779677352.2032332
..\..\..\data_ds_project\systems\parquet\4903\system_4903__date_2014_12_19.snappy.000.parquet,pvdaq/parquet/pvdata/system_id=4903/year=2014/month=12/day=19/system_4903__date_2014_12_19.snappy.000.parquet,1779677352.455476
..\..\..\data_ds_project\systems\parquet\4903\system_4903__date_2014_12_02.snappy.000.parquet,pvdaq/parquet/pvdata/system_id=4903/year=2014/month=12/day=2/system_4903__date_2014_12_02.snappy.000.parquet,1779677352.7151253
..\..\..\data_ds_project\systems\parquet\4903\system_4903__date_2014_12_20.snappy.000.parquet,pvdaq/parquet/pvdata/system_id=4903/year=2014/month=12/day=20/system_4903__date_2014_12_20.snappy.000.parquet,1779677353.1132462
..\..\..\data_ds_project\systems\parquet\4903\system_4903__date_2014_12_21.snappy.000.parquet,pvdaq/parquet/pvdata/system_id=4903/year=2014/month=12/day=21/system_4903__date_2014_12_21.snappy.000.parquet,1779677353.3688245
..\..\..\data_ds_project\systems\parquet\4903\system_4903__date_2014_12_22.snappy.000.parquet,pvdaq/parquet/pvdata/system_id=4903/year=2014/month=12/day=22/system_4903__date_2014_12_22.snappy.000.parquet,1779677353.6561236
..\..\..\data_ds_project\systems\parquet\4903\system_4903__date_2014_12_23.snappy.000.parquet,pvdaq/parquet/pvdata/system_id=4903/year=2014/month=12/day=23/system_4903__date_2014_12_23.snappy.000.parquet,1779677353.9128647
..\..\..\data_ds_project\systems\parquet\4903\system_4903__date_2014_12_24.snappy.000.parquet,pvdaq/parquet/pvdata/system_id=4903/year=2014/month=12/day=24/system_4903__date_2014_12_24.snappy.000.parquet,1779677354.194167
..\..\..\data_ds_project\systems\parquet\4903\system_4903__date_2014_12_25.snappy.000.parquet,pvdaq/parquet/pvdata/system_id=4903/year=2014/month=12/day=25/system_4903__date_2014_12_25.snappy.000.parquet,1779677354.4605937
..\..\..\data_ds_project\systems\parquet\4903\system_4903__date_2014_12_26.snappy.000.parquet,pvdaq/parquet/pvdata/system_id=4903/year=2014/month=12/day=26/system_4903__date_2014_12_26.snappy.000.parquet,1779677354.7769887
..\..\..\data_ds_project\systems\parquet\4903\system_4903__date_2014_12_27.snappy.000.parquet,pvdaq/parquet/pvdata/system_id=4903/year=2014/month=12/day=27/system_4903__date_2014_12_27.snappy.000.parquet,1779677355.0594237
..\..\..\data_ds_project\systems\parquet\4903\system_4903__date_2014_12_28.snappy.000.parquet,pvdaq/parquet/pvdata/system_id=4903/year=2014/month=12/day=28/system_4903__date_2014_12_28.snappy.000.parquet,1779677355.3298163
..\..\..\data_ds_project\systems\parquet\4903\system_4903__date_2014_12_29.snappy.000.parquet,pvdaq/parquet/pvdata/system_id=4903/year=2014/month=12/day=29/system_4903__date_2014_12_29.snappy.000.parquet,1779677355.6253161
..\..\..\data_ds_project\systems\parquet\4903\system_4903__date_2014_12_03.snappy.000.parquet,pvdaq/parquet/pvdata/system_id=4903/year=2014/month=12/day=3/system_4903__date_2014_12_03.snappy.000.parquet,1779677355.8858185
..\..\..\data_ds_project\systems\parquet\4903\system_4903__date_2014_12_30.snappy.000.parquet,pvdaq/parquet/pvdata/system_id=4903/year=2014/month=12/day=30/system_4903__date_2014_12_30.snappy.000.parquet,1779677356.1722643
..\..\..\data_ds_project\systems\parquet\4903\system_4903__date_2014_12_31.snappy.000.parquet,pvdaq/parquet/pvdata/system_id=4903/year=2014/month=12/day=31/system_4903__date_2014_12_31.snappy.000.parquet,1779677356.4327588
..\..\..\data_ds_project\systems\parquet\4903\system_4903__date_2014_12_04.snappy.000.parquet,pvdaq/parquet/pvdata/system_id=4903/year=2014/month=12/day=4/system_4903__date_2014_12_04.snappy.000.parquet,1779677356.6982334
..\..\..\data_ds_project\systems\parquet\4903\system_4903__date_2014_12_05.snappy.000.parquet,pvdaq/parquet/pvdata/system_id=4903/year=2014/month=12/day=5/system_4903__date_2014_12_05.snappy.000.parquet,1779677356.955757
..\..\..\data_ds_project\systems\parquet\4903\system_4903__date_2014_12_06.snappy.000.parquet,pvdaq/parquet/pvdata/system_id=4903/year=2014/month=12/day=6/system_4903__date_2014_12_06.snappy.000.parquet,1779677357.2157276
..\..\..\data_ds_project\systems\parquet\4903\system_4903__date_2014_12_07.snappy.000.parquet,pvdaq/parquet/pvdata/system_id=4903/year=2014/month=12/day=7/system_4903__date_2014_12_07.snappy.000.parquet,1779677357.4940164
..\..\..\data_ds_project\systems\parquet\4903\system_4903__date_2014_12_08.snappy.000.parquet,pvdaq/parquet/pvdata/system_id=4903/year=2014/month=12/day=8/system_4903__date_2014_12_08.snappy.000.parquet,1779677357.7642918
..\..\..\data_ds_project\systems\parquet\4903\system_4903__date_2014_12_09.snappy.000.parquet,pvdaq/parquet/pvdata/system_id=4903/year=2014/month=12/day=9/system_4903__date_2014_12_09.snappy.000.parquet,1779677358.0130837
..\..\..\data_ds_project\systems\parquet\4903\system_4903__date_2014_07_29.snappy.000.parquet,pvdaq/parquet/pvdata/system_id=4903/year=2014/month=7/day=29/system_4903__date_2014_07_29.snappy.000.parquet,1779677358.2953706
..\..\..\data_ds_project\systems\parquet\4903\system_4903__date_2014_07_30.snappy.000.parquet,pvdaq/parquet/pvdata/system_id=4903/year=2014/month=7/day=30/system_4903__date_2014_07_30.snappy.000.parquet,1779677358.5717564
..\..\..\data_ds_project\systems\parquet\4903\system_4903__date_2014_07_31.snappy.000.parquet,pvdaq/parquet/pvdata/system_id=4903/year=2014/month=7/day=31/system_4903__date_2014_07_31.snappy.000.parquet,1779677358.8401692
..\..\..\data_ds_project\systems\parquet\4903\system_4903__date_2014_08_01.snappy.000.parquet,pvdaq/parquet/pvdata/system_id=4903/year=2014/month=8/day=1/system_4903__date_2014_08_01.snappy.000.parquet,1779677359.1028962
..\..\..\data_ds_project\systems\parquet\4903\system_4903__date_2014_08_10.snappy.000.parquet,pvdaq/parquet/pvdata/system_id=4903/year=2014/month=8/day=10/system_4903__date_2014_08_10.snappy.000.parquet,1779677359.3742027
..\..\..\data_ds_project\systems\parquet\4903\system_4903__date_2014_08_11.snappy.000.parquet,pvdaq/parquet/pvdata/system_id=4903/year=2014/month=8/day=11/system_4903__date_2014_08_11.snappy.000.parquet,1779677359.6315958
..\..\..\data_ds_project\systems\parquet\4903\system_4903__date_2014_08_12.snappy.000.parquet,pvdaq/parquet/pvdata/system_id=4903/year=2014/month=8/day=12/system_4903__date_2014_08_12.snappy.000.parquet,1779677359.8991926
..\..\..\data_ds_project\systems\parquet\4903\system_4903__date_2014_08_13.snappy.000.parquet,pvdaq/parquet/pvdata/system_id=4903/year=2014/month=8/day=13/system_4903__date_2014_08_13.snappy.000.parquet,1779677360.9320543
..\..\..\data_ds_project\systems\parquet\4903\system_4903__date_2014_08_14.snappy.000.parquet,pvdaq/parquet/pvdata/system_id=4903/year=2014/month=8/day=14/system_4903__date_2014_08_14.snappy.000.parquet,1779677361.291155
..\..\..\data_ds_project\systems\parquet\4903\system_4903__date_2014_08_15.snappy.000.parquet,pvdaq/parquet/pvdata/system_id=4903/year=2014/month=8/day=15/system_4903__date_2014_08_15.snappy.000.parquet,1779677361.5396018
..\..\..\data_ds_project\systems\parquet\4903\system_4903__date_2014_08_16.snappy.000.parquet,pvdaq/parquet/pvdata/system_id=4903/year=2014/month=8/day=16/system_4903__date_2014_08_16.snappy.000.parquet,1779677361.8032339
..\..\..\data_ds_project\systems\parquet\4903\system_4903__date_2014_08_17.snappy.000.parquet,pvdaq/parquet/pvdata/system_id=4903/year=2014/month=8/day=17/system_4903__date_2014_08_17.snappy.000.parquet,1779677362.0548782
..\..\..\data_ds_project\systems\parquet\4903\system_4903__date_2014_08_18.snappy.000.parquet,pvdaq/parquet/pvdata/system_id=4903/year=2014/month=8/day=18/system_4903__date_2014_08_18.snappy.000.parquet,1779677362.3462038
..\..\..\data_ds_project\systems\parquet\4903\system_4903__date_2014_08_19.snappy.000.parquet,pvdaq/parquet/pvdata/system_id=4903/year=2014/month=8/day=19/system_4903__date_2014_08_19.snappy.000.parquet,1779677362.659656
..\..\..\data_ds_project\systems\parquet\4903\system_4903__date_2014_08_02.snappy.000.parquet,pvdaq/parquet/pvdata/system_id=4903/year=2014/month=8/day=2/system_4903__date_2014_08_02.snappy.000.parquet,1779677362.9661467
..\..\..\data_ds_project\systems\parquet\4903\system_4903__date_2014_08_20.snappy.000.parquet,pvdaq/parquet/pvdata/system_id=4903/year=2014/month=8/day=20/system_4903__date_2014_08_20.snappy.000.parquet,1779677363.2360864
..\..\..\data_ds_project\systems\parquet\4903\system_4903__date_2014_08_21.snappy.000.parquet,pvdaq/parquet/pvdata/system_id=4903/year=2014/month=8/day=21/system_4903__date_2014_08_21.snappy.000.parquet,1779677363.4744463
..\..\..\data_ds_project\systems\parquet\4903\system_4903__date_2014_08_22.snappy.000.parquet,pvdaq/parquet/pvdata/system_id=4903/year=2014/month=8/day=22/system_4903__date_2014_08_22.snappy.000.parquet,1779677363.73408
..\..\..\data_ds_project\systems\parquet\4903\system_4903__date_2014_08_23.snappy.000.parquet,pvdaq/parquet/pvdata/system_id=4903/year=2014/month=8/day=23/system_4903__date_2014_08_23.snappy.000.parquet,1779677364.0113592
..\..\..\data_ds_project\systems\parquet\4903\system_4903__date_2014_08_24.snappy.000.parquet,pvdaq/parquet/pvdata/system_id=4903/year=2014/month=8/day=24/system_4903__date_2014_08_24.snappy.000.parquet,1779677364.2737536
..\..\..\data_ds_project\systems\parquet\4903\system_4903__date_2014_08_25.snappy.000.parquet,pvdaq/parquet/pvdata/system_id=4903/year=2014/month=8/day=25/system_4903__date_2014_08_25.snappy.000.parquet,1779677364.5384018
..\..\..\data_ds_project\systems\parquet\4903\system_4903__date_2014_08_26.snappy.000.parquet,pvdaq/parquet/pvdata/system_id=4903/year=2014/month=8/day=26/system_4903__date_2014_08_26.snappy.000.parquet,1779677364.8208563
..\..\..\data_ds_project\systems\parquet\4903\system_4903__date_2014_08_27.snappy.000.parquet,pvdaq/parquet/pvdata/system_id=4903/year=2014/month=8/day=27/system_4903__date_2014_08_27.snappy.000.parquet,1779677365.098293
..\..\..\data_ds_project\systems\parquet\4903\system_4903__date_2014_08_28.snappy.000.parquet,pvdaq/parquet/pvdata/system_id=4903/year=2014/month=8/day=28/system_4903__date_2014_08_28.snappy.000.parquet,1779677365.3687873
..\..\..\data_ds_project\systems\parquet\4903\system_4903__date_2014_08_29.snappy.000.parquet,pvdaq/parquet/pvdata/system_id=4903/year=2014/month=8/day=29/system_4903__date_2014_08_29.snappy.000.parquet,1779677365.825077
..\..\..\data_ds_project\systems\parquet\4903\system_4903__date_2014_08_03.snappy.000.parquet,pvdaq/parquet/pvdata/system_id=4903/year=2014/month=8/day=3/system_4903__date_2014_08_03.snappy.000.parquet,1779677366.161816
..\..\..\data_ds_project\systems\parquet\4903\system_4903__date_2014_08_30.snappy.000.parquet,pvdaq/parquet/pvdata/system_id=4903/year=2014/month=8/day=30/system_4903__date_2014_08_30.snappy.000.parquet,1779677366.4203742
..\..\..\data_ds_project\systems\parquet\4903\system_4903__date_2014_08_31.snappy.000.parquet,pvdaq/parquet/pvdata/system_id=4903/year=2014/month=8/day=31/system_4903__date_2014_08_31.snappy.000.parquet,1779677366.7677581
..\..\..\data_ds_project\systems\parquet\4903\system_4903__date_2014_08_04.snappy.000.parquet,pvdaq/parquet/pvdata/system_id=4903/year=2014/month=8/day=4/system_4903__date_2014_08_04.snappy.000.parquet,1779677367.0841832
..\..\..\data_ds_project\systems\parquet\4903\system_4903__date_2014_08_05.snappy.000.parquet,pvdaq/parquet/pvdata/system_id=4903/year=2014/month=8/day=5/system_4903__date_2014_08_05.snappy.000.parquet,1779677367.4456556
..\..\..\data_ds_project\systems\parquet\4903\system_4903__date_2014_08_06.snappy.000.parquet,pvdaq/parquet/pvdata/system_id=4903/year=2014/month=8/day=6/system_4903__date_2014_08_06.snappy.000.parquet,1779677367.7707782
..\..\..\data_ds_project\systems\parquet\4903\system_4903__date_2014_08_07.snappy.000.parquet,pvdaq/parquet/pvdata/system_id=4903/year=2014/month=8/day=7/system_4903__date_2014_08_07.snappy.000.parquet,1779677368.1402001
..\..\..\data_ds_project\systems\parquet\4903\system_4903__date_2014_08_08.snappy.000.parquet,pvdaq/parquet/pvdata/system_id=4903/year=2014/month=8/day=8/system_4903__date_2014_08_08.snappy.000.parquet,1779677368.5024955
..\..\..\data_ds_project\systems\parquet\4903\system_4903__date_2014_08_09.snappy.000.parquet,pvdaq/parquet/pvdata/system_id=4903/year=2014/month=8/day=9/system_4903__date_2014_08_09.snappy.000.parquet,1779677368.8364432
..\..\..\data_ds_project\systems\parquet\4903\system_4903__date_2014_09_01.snappy.000.parquet,pvdaq/parquet/pvdata/system_id=4903/year=2014/month=9/day=1/system_4903__date_2014_09_01.snappy.000.parquet,1779677369.1244226
..\..\..\data_ds_project\systems\parquet\4903\system_4903__date_2014_09_10.snappy.000.parquet,pvdaq/parquet/pvdata/system_id=4903/year=2014/month=9/day=10/system_4903__date_2014_09_10.snappy.000.parquet,1779677369.386852
..\..\..\data_ds_project\systems\parquet\4903\system_4903__date_2014_09_11.snappy.000.parquet,pvdaq/parquet/pvdata/system_id=4903/year=2014/month=9/day=11/system_4903__date_2014_09_11.snappy.000.parquet,1779677369.7452884
..\..\..\data_ds_project\systems\parquet\4903\system_4903__date_2014_09_12.snappy.000.parquet,pvdaq/parquet/pvdata/system_id=4903/year=2014/month=9/day=12/system_4903__date_2014_09_12.snappy.000.parquet,1779677370.076753
..\..\..\data_ds_project\systems\parquet\4903\system_4903__date_2014_09_13.snappy.000.parquet,pvdaq/parquet/pvdata/system_id=4903/year=2014/month=9/day=13/system_4903__date_2014_09_13.snappy.000.parquet,1779677370.4200265
..\..\..\data_ds_project\systems\parquet\4903\system_4903__date_2014_09_14.snappy.000.parquet,pvdaq/parquet/pvdata/system_id=4903/year=2014/month=9/day=14/system_4903__date_2014_09_14.snappy.000.parquet,1779677370.6781578
..\..\..\data_ds_project\systems\parquet\4903\system_4903__date_2014_09_15.snappy.000.parquet,pvdaq/parquet/pvdata/system_id=4903/year=2014/month=9/day=15/system_4903__date_2014_09_15.snappy.000.parquet,1779677370.9991553
..\..\..\data_ds_project\systems\parquet\4903\system_4903__date_2014_09_16.snappy.000.parquet,pvdaq/parquet/pvdata/system_id=4903/year=2014/month=9/day=16/system_4903__date_2014_09_16.snappy.000.parquet,1779677371.369439
..\..\..\data_ds_project\systems\parquet\4903\system_4903__date_2014_09_17.snappy.000.parquet,pvdaq/parquet/pvdata/system_id=4903/year=2014/month=9/day=17/system_4903__date_2014_09_17.snappy.000.parquet,1779677371.7228928
..\..\..\data_ds_project\systems\parquet\4903\system_4903__date_2014_09_18.snappy.000.parquet,pvdaq/parquet/pvdata/system_id=4903/year=2014/month=9/day=18/system_4903__date_2014_09_18.snappy.000.parquet,1779677372.0116916
..\..\..\data_ds_project\systems\parquet\4903\system_4903__date_2014_09_19.snappy.000.parquet,pvdaq/parquet/pvdata/system_id=4903/year=2014/month=9/day=19/system_4903__date_2014_09_19.snappy.000.parquet,1779677372.2648785
..\..\..\data_ds_project\systems\parquet\4903\system_4903__date_2014_09_02.snappy.000.parquet,pvdaq/parquet/pvdata/system_id=4903/year=2014/month=9/day=2/system_4903__date_2014_09_02.snappy.000.parquet,1779677372.5194294
..\..\..\data_ds_project\systems\parquet\4903\system_4903__date_2014_09_20.snappy.000.parquet,pvdaq/parquet/pvdata/system_id=4903/year=2014/month=9/day=20/system_4903__date_2014_09_20.snappy.000.parquet,1779677372.8127148
..\..\..\data_ds_project\systems\parquet\4903\system_4903__date_2014_09_21.snappy.000.parquet,pvdaq/parquet/pvdata/system_id=4903/year=2014/month=9/day=21/system_4903__date_2014_09_21.snappy.000.parquet,1779677373.0740786
..\..\..\data_ds_project\systems\parquet\4903\system_4903__date_2014_09_22.snappy.000.parquet,pvdaq/parquet/pvdata/system_id=4903/year=2014/month=9/day=22/system_4903__date_2014_09_22.snappy.000.parquet,1779677373.345736
..\..\..\data_ds_project\systems\parquet\4903\system_4903__date_2014_09_23.snappy.000.parquet,pvdaq/parquet/pvdata/system_id=4903/year=2014/month=9/day=23/system_4903__date_2014_09_23.snappy.000.parquet,1779677373.6222086
..\..\..\data_ds_project\systems\parquet\4903\system_4903__date_2014_09_24.snappy.000.parquet,pvdaq/parquet/pvdata/system_id=4903/year=2014/month=9/day=24/system_4903__date_2014_09_24.snappy.000.parquet,1779677373.8968086
..\..\..\data_ds_project\systems\parquet\4903\system_4903__date_2014_09_25.snappy.000.parquet,pvdaq/parquet/pvdata/system_id=4903/year=2014/month=9/day=25/system_4903__date_2014_09_25.snappy.000.parquet,1779677374.1553972
..\..\..\data_ds_project\systems\parquet\4903\system_4903__date_2014_09_26.snappy.000.parquet,pvdaq/parquet/pvdata/system_id=4903/year=2014/month=9/day=26/system_4903__date_2014_09_26.snappy.000.parquet,1779677374.400698
..\..\..\data_ds_project\systems\parquet\4903\system_4903__date_2014_09_27.snappy.000.parquet,pvdaq/parquet/pvdata/system_id=4903/year=2014/month=9/day=27/system_4903__date_2014_09_27.snappy.000.parquet,1779677374.657332
..\..\..\data_ds_project\systems\parquet\4903\system_4903__date_2014_09_28.snappy.000.parquet,pvdaq/parquet/pvdata/system_id=4903/year=2014/month=9/day=28/system_4903__date_2014_09_28.snappy.000.parquet,1779677374.919867
..\..\..\data_ds_project\systems\parquet\4903\system_4903__date_2014_09_29.snappy.000.parquet,pvdaq/parquet/pvdata/system_id=4903/year=2014/month=9/day=29/system_4903__date_2014_09_29.snappy.000.parquet,1779677375.2011416
..\..\..\data_ds_project\systems\parquet\4903\system_4903__date_2014_09_03.snappy.000.parquet,pvdaq/parquet/pvdata/system_id=4903/year=2014/month=9/day=3/system_4903__date_2014_09_03.snappy.000.parquet,1779677375.5035822
..\..\..\data_ds_project\systems\parquet\4903\system_4903__date_2014_09_30.snappy.000.parquet,pvdaq/parquet/pvdata/system_id=4903/year=2014/month=9/day=30/system_4903__date_2014_09_30.snappy.000.parquet,1779677376.6036243
..\..\..\data_ds_project\systems\parquet\4903\system_4903__date_2014_09_04.snappy.000.parquet,pvdaq/parquet/pvdata/system_id=4903/year=2014/month=9/day=4/system_4903__date_2014_09_04.snappy.000.parquet,1779677376.9642537
..\..\..\data_ds_project\systems\parquet\4903\system_4903__date_2014_09_05.snappy.000.parquet,pvdaq/parquet/pvdata/system_id=4903/year=2014/month=9/day=5/system_4903__date_2014_09_05.snappy.000.parquet,1779677377.2403505
..\..\..\data_ds_project\systems\parquet\4903\system_4903__date_2014_09_06.snappy.000.parquet,pvdaq/parquet/pvdata/system_id=4903/year=2014/month=9/day=6/system_4903__date_2014_09_06.snappy.000.parquet,1779677377.5249221
..\..\..\data_ds_project\systems\parquet\4903\system_4903__date_2014_09_07.snappy.000.parquet,pvdaq/parquet/pvdata/system_id=4903/year=2014/month=9/day=7/system_4903__date_2014_09_07.snappy.000.parquet,1779677377.8002944
..\..\..\data_ds_project\systems\parquet\4903\system_4903__date_2014_09_08.snappy.000.parquet,pvdaq/parquet/pvdata/system_id=4903/year=2014/month=9/day=8/system_4903__date_2014_09_08.snappy.000.parquet,1779677378.0598295
..\..\..\data_ds_project\systems\parquet\4903\system_4903__date_2014_09_09.snappy.000.parquet,pvdaq/parquet/pvdata/system_id=4903/year=2014/month=9/day=9/system_4903__date_2014_09_09.snappy.000.parquet,1779677378.3342125
..\..\..\data_ds_project\systems\parquet\4903\system_4903__date_2015_01_01.snappy.000.parquet,pvdaq/parquet/pvdata/system_id=4903/year=2015/month=1/day=1/system_4903__date_2015_01_01.snappy.000.parquet,1779677378.620678
..\..\..\data_ds_project\systems\parquet\4903\system_4903__date_2015_01_10.snappy.000.parquet,pvdaq/parquet/pvdata/system_id=4903/year=2015/month=1/day=10/system_4903__date_2015_01_10.snappy.000.parquet,1779677378.9009972
..\..\..\data_ds_project\systems\parquet\4903\system_4903__date_2015_01_11.snappy.000.parquet,pvdaq/parquet/pvdata/system_id=4903/year=2015/month=1/day=11/system_4903__date_2015_01_11.snappy.000.parquet,1779677379.1817257
..\..\..\data_ds_project\systems\parquet\4903\system_4903__date_2015_01_12.snappy.000.parquet,pvdaq/parquet/pvdata/system_id=4903/year=2015/month=1/day=12/system_4903__date_2015_01_12.snappy.000.parquet,1779677379.4598386
..\..\..\data_ds_project\systems\parquet\4903\system_4903__date_2015_01_13.snappy.000.parquet,pvdaq/parquet/pvdata/system_id=4903/year=2015/month=1/day=13/system_4903__date_2015_01_13.snappy.000.parquet,1779677379.7724237
..\..\..\data_ds_project\systems\parquet\4903\system_4903__date_2015_01_14.snappy.000.parquet,pvdaq/parquet/pvdata/system_id=4903/year=2015/month=1/day=14/system_4903__date_2015_01_14.snappy.000.parquet,1779677380.0405416
..\..\..\data_ds_project\systems\parquet\4903\system_4903__date_2015_01_15.snappy.000.parquet,pvdaq/parquet/pvdata/system_id=4903/year=2015/month=1/day=15/system_4903__date_2015_01_15.snappy.000.parquet,1779677380.3228638
..\..\..\data_ds_project\systems\parquet\4903\system_4903__date_2015_01_16.snappy.000.parquet,pvdaq/parquet/pvdata/system_id=4903/year=2015/month=1/day=16/system_4903__date_2015_01_16.snappy.000.parquet,1779677380.5835893
..\..\..\data_ds_project\systems\parquet\4903\system_4903__date_2015_01_17.snappy.000.parquet,pvdaq/parquet/pvdata/system_id=4903/year=2015/month=1/day=17/system_4903__date_2015_01_17.snappy.000.parquet,1779677380.8888202
..\..\..\data_ds_project\systems\parquet\4903\system_4903__date_2015_01_18.snappy.000.parquet,pvdaq/parquet/pvdata/system_id=4903/year=2015/month=1/day=18/system_4903__date_2015_01_18.snappy.000.parquet,1779677381.1620393
..\..\..\data_ds_project\systems\parquet\4903\system_4903__date_2015_01_19.snappy.000.parquet,pvdaq/parquet/pvdata/system_id=4903/year=2015/month=1/day=19/system_4903__date_2015_01_19.snappy.000.parquet,1779677381.414442
..\..\..\data_ds_project\systems\parquet\4903\system_4903__date_2015_01_02.snappy.000.parquet,pvdaq/parquet/pvdata/system_id=4903/year=2015/month=1/day=2/system_4903__date_2015_01_02.snappy.000.parquet,1779677381.684103
..\..\..\data_ds_project\systems\parquet\4903\system_4903__date_2015_01_20.snappy.000.parquet,pvdaq/parquet/pvdata/system_id=4903/year=2015/month=1/day=20/system_4903__date_2015_01_20.snappy.000.parquet,1779677381.9474995
..\..\..\data_ds_project\systems\parquet\4903\system_4903__date_2015_01_21.snappy.000.parquet,pvdaq/parquet/pvdata/system_id=4903/year=2015/month=1/day=21/system_4903__date_2015_01_21.snappy.000.parquet,1779677382.245932
..\..\..\data_ds_project\systems\parquet\4903\system_4903__date_2015_01_22.snappy.000.parquet,pvdaq/parquet/pvdata/system_id=4903/year=2015/month=1/day=22/system_4903__date_2015_01_22.snappy.000.parquet,1779677382.524411
..\..\..\data_ds_project\systems\parquet\4903\system_4903__date_2015_01_23.snappy.000.parquet,pvdaq/parquet/pvdata/system_id=4903/year=2015/month=1/day=23/system_4903__date_2015_01_23.snappy.000.parquet,1779677382.7831964
..\..\..\data_ds_project\systems\parquet\4903\system_4903__date_2015_01_24.snappy.000.parquet,pvdaq/parquet/pvdata/system_id=4903/year=2015/month=1/day=24/system_4903__date_2015_01_24.snappy.000.parquet,1779677383.023386
..\..\..\data_ds_project\systems\parquet\4903\system_4903__date_2015_01_25.snappy.000.parquet,pvdaq/parquet/pvdata/system_id=4903/year=2015/month=1/day=25/system_4903__date_2015_01_25.snappy.000.parquet,1779677383.2909083
..\..\..\data_ds_project\systems\parquet\4903\system_4903__date_2015_01_26.snappy.000.parquet,pvdaq/parquet/pvdata/system_id=4903/year=2015/month=1/day=26/system_4903__date_2015_01_26.snappy.000.parquet,1779677383.5221012
..\..\..\data_ds_project\systems\parquet\4903\system_4903__date_2015_01_27.snappy.000.parquet,pvdaq/parquet/pvdata/system_id=4903/year=2015/month=1/day=27/system_4903__date_2015_01_27.snappy.000.parquet,1779677383.8047051
..\..\..\data_ds_project\systems\parquet\4903\system_4903__date_2015_01_28.snappy.000.parquet,pvdaq/parquet/pvdata/system_id=4903/year=2015/month=1/day=28/system_4903__date_2015_01_28.snappy.000.parquet,1779677384.0752249
..\..\..\data_ds_project\systems\parquet\4903\system_4903__date_2015_01_29.snappy.000.parquet,pvdaq/parquet/pvdata/system_id=4903/year=2015/month=1/day=29/system_4903__date_2015_01_29.snappy.000.parquet,1779677384.31983
..\..\..\data_ds_project\systems\parquet\4903\system_4903__date_2015_01_03.snappy.000.parquet,pvdaq/parquet/pvdata/system_id=4903/year=2015/month=1/day=3/system_4903__date_2015_01_03.snappy.000.parquet,1779677384.5824318
..\..\..\data_ds_project\systems\parquet\4903\system_4903__date_2015_01_30.snappy.000.parquet,pvdaq/parquet/pvdata/system_id=4903/year=2015/month=1/day=30/system_4903__date_2015_01_30.snappy.000.parquet,1779677384.863781
..\..\..\data_ds_project\systems\parquet\4903\system_4903__date_2015_01_31.snappy.000.parquet,pvdaq/parquet/pvdata/system_id=4903/year=2015/month=1/day=31/system_4903__date_2015_01_31.snappy.000.parquet,1779677385.1460838
..\..\..\data_ds_project\systems\parquet\4903\system_4903__date_2015_01_04.snappy.000.parquet,pvdaq/parquet/pvdata/system_id=4903/year=2015/month=1/day=4/system_4903__date_2015_01_04.snappy.000.parquet,1779677385.4065628
..\..\..\data_ds_project\systems\parquet\4903\system_4903__date_2015_01_05.snappy.000.parquet,pvdaq/parquet/pvdata/system_id=4903/year=2015/month=1/day=5/system_4903__date_2015_01_05.snappy.000.parquet,1779677385.6801934
..\..\..\data_ds_project\systems\parquet\4903\system_4903__date_2015_01_06.snappy.000.parquet,pvdaq/parquet/pvdata/system_id=4903/year=2015/month=1/day=6/system_4903__date_2015_01_06.snappy.000.parquet,1779677385.9346628
..\..\..\data_ds_project\systems\parquet\4903\system_4903__date_2015_01_07.snappy.000.parquet,pvdaq/parquet/pvdata/system_id=4903/year=2015/month=1/day=7/system_4903__date_2015_01_07.snappy.000.parquet,1779677386.2070127
..\..\..\data_ds_project\systems\parquet\4903\system_4903__date_2015_01_08.snappy.000.parquet,pvdaq/parquet/pvdata/system_id=4903/year=2015/month=1/day=8/system_4903__date_2015_01_08.snappy.000.parquet,1779677386.4515169
..\..\..\data_ds_project\systems\parquet\4903\system_4903__date_2015_01_09.snappy.000.parquet,pvdaq/parquet/pvdata/system_id=4903/year=2015/month=1/day=9/system_4903__date_2015_01_09.snappy.000.parquet,1779677386.7269192
..\..\..\data_ds_project\systems\parquet\4903\system_4903__date_2015_10_01.snappy.000.parquet,pvdaq/parquet/pvdata/system_id=4903/year=2015/month=10/day=1/system_4903__date_2015_10_01.snappy.000.parquet,1779677386.9855263
..\..\..\data_ds_project\systems\parquet\4903\system_4903__date_2015_10_10.snappy.000.parquet,pvdaq/parquet/pvdata/system_id=4903/year=2015/month=10/day=10/system_4903__date_2015_10_10.snappy.000.parquet,1779677387.275755
..\..\..\data_ds_project\systems\parquet\4903\system_4903__date_2015_10_11.snappy.000.parquet,pvdaq/parquet/pvdata/system_id=4903/year=2015/month=10/day=11/system_4903__date_2015_10_11.snappy.000.parquet,1779677387.5463953
..\..\..\data_ds_project\systems\parquet\4903\system_4903__date_2015_10_12.snappy.000.parquet,pvdaq/parquet/pvdata/system_id=4903/year=2015/month=10/day=12/system_4903__date_2015_10_12.snappy.000.parquet,1779677387.8318558
..\..\..\data_ds_project\systems\parquet\4903\system_4903__date_2015_10_13.snappy.000.parquet,pvdaq/parquet/pvdata/system_id=4903/year=2015/month=10/day=13/system_4903__date_2015_10_13.snappy.000.parquet,1779677388.1382766
..\..\..\data_ds_project\systems\parquet\4903\system_4903__date_2015_10_14.snappy.000.parquet,pvdaq/parquet/pvdata/system_id=4903/year=2015/month=10/day=14/system_4903__date_2015_10_14.snappy.000.parquet,1779677388.4128845
..\..\..\data_ds_project\systems\parquet\4903\system_4903__date_2015_10_15.snappy.000.parquet,pvdaq/parquet/pvdata/system_id=4903/year=2015/month=10/day=15/system_4903__date_2015_10_15.snappy.000.parquet,1779677388.667503
..\..\..\data_ds_project\systems\parquet\4903\system_4903__date_2015_10_16.snappy.000.parquet,pvdaq/parquet/pvdata/system_id=4903/year=2015/month=10/day=16/system_4903__date_2015_10_16.snappy.000.parquet,1779677388.9349933
..\..\..\data_ds_project\systems\parquet\4903\system_4903__date_2015_10_17.snappy.000.parquet,pvdaq/parquet/pvdata/system_id=4903/year=2015/month=10/day=17/system_4903__date_2015_10_17.snappy.000.parquet,1779677389.2145305
..\..\..\data_ds_project\systems\parquet\4903\system_4903__date_2015_10_18.snappy.000.parquet,pvdaq/parquet/pvdata/system_id=4903/year=2015/month=10/day=18/system_4903__date_2015_10_18.snappy.000.parquet,1779677389.4993217
..\..\..\data_ds_project\systems\parquet\4903\system_4903__date_2015_10_19.snappy.000.parquet,pvdaq/parquet/pvdata/system_id=4903/year=2015/month=10/day=19/system_4903__date_2015_10_19.snappy.000.parquet,1779677389.812683
..\..\..\data_ds_project\systems\parquet\4903\system_4903__date_2015_10_02.snappy.000.parquet,pvdaq/parquet/pvdata/system_id=4903/year=2015/month=10/day=2/system_4903__date_2015_10_02.snappy.000.parquet,1779677390.1438642
..\..\..\data_ds_project\systems\parquet\4903\system_4903__date_2015_10_20.snappy.000.parquet,pvdaq/parquet/pvdata/system_id=4903/year=2015/month=10/day=20/system_4903__date_2015_10_20.snappy.000.parquet,1779677391.1817718
..\..\..\data_ds_project\systems\parquet\4903\system_4903__date_2015_10_21.snappy.000.parquet,pvdaq/parquet/pvdata/system_id=4903/year=2015/month=10/day=21/system_4903__date_2015_10_21.snappy.000.parquet,1779677391.5409875
..\..\..\data_ds_project\systems\parquet\4903\system_4903__date_2015_10_22.snappy.000.parquet,pvdaq/parquet/pvdata/system_id=4903/year=2015/month=10/day=22/system_4903__date_2015_10_22.snappy.000.parquet,1779677391.8224108
..\..\..\data_ds_project\systems\parquet\4903\system_4903__date_2015_10_23.snappy.000.parquet,pvdaq/parquet/pvdata/system_id=4903/year=2015/month=10/day=23/system_4903__date_2015_10_23.snappy.000.parquet,1779677392.0959437
..\..\..\data_ds_project\systems\parquet\4903\system_4903__date_2015_10_24.snappy.000.parquet,pvdaq/parquet/pvdata/system_id=4903/year=2015/month=10/day=24/system_4903__date_2015_10_24.snappy.000.parquet,1779677392.373429
..\..\..\data_ds_project\systems\parquet\4903\system_4903__date_2015_10_25.snappy.000.parquet,pvdaq/parquet/pvdata/system_id=4903/year=2015/month=10/day=25/system_4903__date_2015_10_25.snappy.000.parquet,1779677392.651966
..\..\..\data_ds_project\systems\parquet\4903\system_4903__date_2015_10_26.snappy.000.parquet,pvdaq/parquet/pvdata/system_id=4903/year=2015/month=10/day=26/system_4903__date_2015_10_26.snappy.000.parquet,1779677392.898517
..\..\..\data_ds_project\systems\parquet\4903\system_4903__date_2015_10_27.snappy.000.parquet,pvdaq/parquet/pvdata/system_id=4903/year=2015/month=10/day=27/system_4903__date_2015_10_27.snappy.000.parquet,1779677393.1848357
..\..\..\data_ds_project\systems\parquet\4903\system_4903__date_2015_10_28.snappy.000.parquet,pvdaq/parquet/pvdata/system_id=4903/year=2015/month=10/day=28/system_4903__date_2015_10_28.snappy.000.parquet,1779677393.4582999
..\..\..\data_ds_project\systems\parquet\4903\system_4903__date_2015_10_29.snappy.000.parquet,pvdaq/parquet/pvdata/system_id=4903/year=2015/month=10/day=29/system_4903__date_2015_10_29.snappy.000.parquet,1779677393.7315855
..\..\..\data_ds_project\systems\parquet\4903\system_4903__date_2015_10_03.snappy.000.parquet,pvdaq/parquet/pvdata/system_id=4903/year=2015/month=10/day=3/system_4903__date_2015_10_03.snappy.000.parquet,1779677393.9711478
..\..\..\data_ds_project\systems\parquet\4903\system_4903__date_2015_10_30.snappy.000.parquet,pvdaq/parquet/pvdata/system_id=4903/year=2015/month=10/day=30/system_4903__date_2015_10_30.snappy.000.parquet,1779677394.22766
..\..\..\data_ds_project\systems\parquet\4903\system_4903__date_2015_10_31.snappy.000.parquet,pvdaq/parquet/pvdata/system_id=4903/year=2015/month=10/day=31/system_4903__date_2015_10_31.snappy.000.parquet,1779677394.4949975
..\..\..\data_ds_project\systems\parquet\4903\system_4903__date_2015_10_04.snappy.000.parquet,pvdaq/parquet/pvdata/system_id=4903/year=2015/month=10/day=4/system_4903__date_2015_10_04.snappy.000.parquet,1779677394.7834935
..\..\..\data_ds_project\systems\parquet\4903\system_4903__date_2015_10_05.snappy.000.parquet,pvdaq/parquet/pvdata/system_id=4903/year=2015/month=10/day=5/system_4903__date_2015_10_05.snappy.000.parquet,1779677395.049405
..\..\..\data_ds_project\systems\parquet\4903\system_4903__date_2015_10_06.snappy.000.parquet,pvdaq/parquet/pvdata/system_id=4903/year=2015/month=10/day=6/system_4903__date_2015_10_06.snappy.000.parquet,1779677395.341744
..\..\..\data_ds_project\systems\parquet\4903\system_4903__date_2015_10_07.snappy.000.parquet,pvdaq/parquet/pvdata/system_id=4903/year=2015/month=10/day=7/system_4903__date_2015_10_07.snappy.000.parquet,1779677395.6319237
..\..\..\data_ds_project\systems\parquet\4903\system_4903__date_2015_10_08.snappy.000.parquet,pvdaq/parquet/pvdata/system_id=4903/year=2015/month=10/day=8/system_4903__date_2015_10_08.snappy.000.parquet,1779677395.9393876
..\..\..\data_ds_project\systems\parquet\4903\system_4903__date_2015_10_09.snappy.000.parquet,pvdaq/parquet/pvdata/system_id=4903/year=2015/month=10/day=9/system_4903__date_2015_10_09.snappy.000.parquet,1779677396.2010677
..\..\..\data_ds_project\systems\parquet\4903\system_4903__date_2015_11_01.snappy.000.parquet,pvdaq/parquet/pvdata/system_id=4903/year=2015/month=11/day=1/system_4903__date_2015_11_01.snappy.000.parquet,1779677396.4945223
..\..\..\data_ds_project\systems\parquet\4903\system_4903__date_2015_11_10.snappy.000.parquet,pvdaq/parquet/pvdata/system_id=4903/year=2015/month=11/day=10/system_4903__date_2015_11_10.snappy.000.parquet,1779677396.787905
..\..\..\data_ds_project\systems\parquet\4903\system_4903__date_2015_11_11.snappy.000.parquet,pvdaq/parquet/pvdata/system_id=4903/year=2015/month=11/day=11/system_4903__date_2015_11_11.snappy.000.parquet,1779677397.0652266
..\..\..\data_ds_project\systems\parquet\4903\system_4903__date_2015_11_12.snappy.000.parquet,pvdaq/parquet/pvdata/system_id=4903/year=2015/month=11/day=12/system_4903__date_2015_11_12.snappy.000.parquet,1779677397.314958
..\..\..\data_ds_project\systems\parquet\4903\system_4903__date_2015_11_13.snappy.000.parquet,pvdaq/parquet/pvdata/system_id=4903/year=2015/month=11/day=13/system_4903__date_2015_11_13.snappy.000.parquet,1779677397.5672991
..\..\..\data_ds_project\systems\parquet\4903\system_4903__date_2015_11_14.snappy.000.parquet,pvdaq/parquet/pvdata/system_id=4903/year=2015/month=11/day=14/system_4903__date_2015_11_14.snappy.000.parquet,1779677397.8386405
..\..\..\data_ds_project\systems\parquet\4903\system_4903__date_2015_11_15.snappy.000.parquet,pvdaq/parquet/pvdata/system_id=4903/year=2015/month=11/day=15/system_4903__date_2015_11_15.snappy.000.parquet,1779677398.0983155
..\..\..\data_ds_project\systems\parquet\4903\system_4903__date_2015_11_16.snappy.000.parquet,pvdaq/parquet/pvdata/system_id=4903/year=2015/month=11/day=16/system_4903__date_2015_11_16.snappy.000.parquet,1779677398.3566394
..\..\..\data_ds_project\systems\parquet\4903\system_4903__date_2015_11_17.snappy.000.parquet,pvdaq/parquet/pvdata/system_id=4903/year=2015/month=11/day=17/system_4903__date_2015_11_17.snappy.000.parquet,1779677398.608356
..\..\..\data_ds_project\systems\parquet\4903\system_4903__date_2015_11_18.snappy.000.parquet,pvdaq/parquet/pvdata/system_id=4903/year=2015/month=11/day=18/system_4903__date_2015_11_18.snappy.000.parquet,1779677398.8576195
..\..\..\data_ds_project\systems\parquet\4903\system_4903__date_2015_11_19.snappy.000.parquet,pvdaq/parquet/pvdata/system_id=4903/year=2015/month=11/day=19/system_4903__date_2015_11_19.snappy.000.parquet,1779677399.1230464
..\..\..\data_ds_project\systems\parquet\4903\system_4903__date_2015_11_02.snappy.000.parquet,pvdaq/parquet/pvdata/system_id=4903/year=2015/month=11/day=2/system_4903__date_2015_11_02.snappy.000.parquet,1779677399.4044049
..\..\..\data_ds_project\systems\parquet\4903\system_4903__date_2015_11_20.snappy.000.parquet,pvdaq/parquet/pvdata/system_id=4903/year=2015/month=11/day=20/system_4903__date_2015_11_20.snappy.000.parquet,1779677399.6648629
..\..\..\data_ds_project\systems\parquet\4903\system_4903__date_2015_11_21.snappy.000.parquet,pvdaq/parquet/pvdata/system_id=4903/year=2015/month=11/day=21/system_4903__date_2015_11_21.snappy.000.parquet,1779677399.9222684
..\..\..\data_ds_project\systems\parquet\4903\system_4903__date_2015_11_22.snappy.000.parquet,pvdaq/parquet/pvdata/system_id=4903/year=2015/month=11/day=22/system_4903__date_2015_11_22.snappy.000.parquet,1779677400.1675026
..\..\..\data_ds_project\systems\parquet\4903\system_4903__date_2015_11_23.snappy.000.parquet,pvdaq/parquet/pvdata/system_id=4903/year=2015/month=11/day=23/system_4903__date_2015_11_23.snappy.000.parquet,1779677400.3969145
..\..\..\data_ds_project\systems\parquet\4903\system_4903__date_2015_11_24.snappy.000.parquet,pvdaq/parquet/pvdata/system_id=4903/year=2015/month=11/day=24/system_4903__date_2015_11_24.snappy.000.parquet,1779677400.6922421
..\..\..\data_ds_project\systems\parquet\4903\system_4903__date_2015_11_25.snappy.000.parquet,pvdaq/parquet/pvdata/system_id=4903/year=2015/month=11/day=25/system_4903__date_2015_11_25.snappy.000.parquet,1779677400.9390743
..\..\..\data_ds_project\systems\parquet\4903\system_4903__date_2015_11_26.snappy.000.parquet,pvdaq/parquet/pvdata/system_id=4903/year=2015/month=11/day=26/system_4903__date_2015_11_26.snappy.000.parquet,1779677401.2504086
..\..\..\data_ds_project\systems\parquet\4903\system_4903__date_2015_11_27.snappy.000.parquet,pvdaq/parquet/pvdata/system_id=4903/year=2015/month=11/day=27/system_4903__date_2015_11_27.snappy.000.parquet,1779677401.5060706
..\..\..\data_ds_project\systems\parquet\4903\system_4903__date_2015_11_28.snappy.000.parquet,pvdaq/parquet/pvdata/system_id=4903/year=2015/month=11/day=28/system_4903__date_2015_11_28.snappy.000.parquet,1779677401.7714357
..\..\..\data_ds_project\systems\parquet\4903\system_4903__date_2015_11_29.snappy.000.parquet,pvdaq/parquet/pvdata/system_id=4903/year=2015/month=11/day=29/system_4903__date_2015_11_29.snappy.000.parquet,1779677402.0656686
..\..\..\data_ds_project\systems\parquet\4903\system_4903__date_2015_11_03.snappy.000.parquet,pvdaq/parquet/pvdata/system_id=4903/year=2015/month=11/day=3/system_4903__date_2015_11_03.snappy.000.parquet,1779677402.3293123
..\..\..\data_ds_project\systems\parquet\4903\system_4903__date_2015_11_30.snappy.000.parquet,pvdaq/parquet/pvdata/system_id=4903/year=2015/month=11/day=30/system_4903__date_2015_11_30.snappy.000.parquet,1779677402.61526
..\..\..\data_ds_project\systems\parquet\4903\system_4903__date_2015_11_04.snappy.000.parquet,pvdaq/parquet/pvdata/system_id=4903/year=2015/month=11/day=4/system_4903__date_2015_11_04.snappy.000.parquet,1779677402.9006064
..\..\..\data_ds_project\systems\parquet\4903\system_4903__date_2015_11_05.snappy.000.parquet,pvdaq/parquet/pvdata/system_id=4903/year=2015/month=11/day=5/system_4903__date_2015_11_05.snappy.000.parquet,1779677403.1800172
..\..\..\data_ds_project\systems\parquet\4903\system_4903__date_2015_11_06.snappy.000.parquet,pvdaq/parquet/pvdata/system_id=4903/year=2015/month=11/day=6/system_4903__date_2015_11_06.snappy.000.parquet,1779677403.435526
..\..\..\data_ds_project\systems\parquet\4903\system_4903__date_2015_11_07.snappy.000.parquet,pvdaq/parquet/pvdata/system_id=4903/year=2015/month=11/day=7/system_4903__date_2015_11_07.snappy.000.parquet,1779677403.7159247
..\..\..\data_ds_project\systems\parquet\4903\system_4903__date_2015_11_08.snappy.000.parquet,pvdaq/parquet/pvdata/system_id=4903/year=2015/month=11/day=8/system_4903__date_2015_11_08.snappy.000.parquet,1779677403.9976819
..\..\..\data_ds_project\systems\parquet\4903\system_4903__date_2015_11_09.snappy.000.parquet,pvdaq/parquet/pvdata/system_id=4903/year=2015/month=11/day=9/system_4903__date_2015_11_09.snappy.000.parquet,1779677404.2850378
..\..\..\data_ds_project\systems\parquet\4903\system_4903__date_2015_12_01.snappy.000.parquet,pvdaq/parquet/pvdata/system_id=4903/year=2015/month=12/day=1/system_4903__date_2015_12_01.snappy.000.parquet,1779677404.5633225
..\..\..\data_ds_project\systems\parquet\4903\system_4903__date_2015_12_10.snappy.000.parquet,pvdaq/parquet/pvdata/system_id=4903/year=2015/month=12/day=10/system_4903__date_2015_12_10.snappy.000.parquet,1779677405.55243
..\..\..\data_ds_project\systems\parquet\4903\system_4903__date_2015_12_11.snappy.000.parquet,pvdaq/parquet/pvdata/system_id=4903/year=2015/month=12/day=11/system_4903__date_2015_12_11.snappy.000.parquet,1779677405.8884058
..\..\..\data_ds_project\systems\parquet\4903\system_4903__date_2015_12_12.snappy.000.parquet,pvdaq/parquet/pvdata/system_id=4903/year=2015/month=12/day=12/system_4903__date_2015_12_12.snappy.000.parquet,1779677406.1279407
..\..\..\data_ds_project\systems\parquet\4903\system_4903__date_2015_12_13.snappy.000.parquet,pvdaq/parquet/pvdata/system_id=4903/year=2015/month=12/day=13/system_4903__date_2015_12_13.snappy.000.parquet,1779677406.367145
..\..\..\data_ds_project\systems\parquet\4903\system_4903__date_2015_12_14.snappy.000.parquet,pvdaq/parquet/pvdata/system_id=4903/year=2015/month=12/day=14/system_4903__date_2015_12_14.snappy.000.parquet,1779677406.6246538
..\..\..\data_ds_project\systems\parquet\4903\system_4903__date_2015_12_15.snappy.000.parquet,pvdaq/parquet/pvdata/system_id=4903/year=2015/month=12/day=15/system_4903__date_2015_12_15.snappy.000.parquet,1779677406.8649254
..\..\..\data_ds_project\systems\parquet\4903\system_4903__date_2015_12_16.snappy.000.parquet,pvdaq/parquet/pvdata/system_id=4903/year=2015/month=12/day=16/system_4903__date_2015_12_16.snappy.000.parquet,1779677407.1143785
..\..\..\data_ds_project\systems\parquet\4903\system_4903__date_2015_12_17.snappy.000.parquet,pvdaq/parquet/pvdata/system_id=4903/year=2015/month=12/day=17/system_4903__date_2015_12_17.snappy.000.parquet,1779677407.3995957
..\..\..\data_ds_project\systems\parquet\4903\system_4903__date_2015_12_18.snappy.000.parquet,pvdaq/parquet/pvdata/system_id=4903/year=2015/month=12/day=18/system_4903__date_2015_12_18.snappy.000.parquet,1779677407.6632934
..\..\..\data_ds_project\systems\parquet\4903\system_4903__date_2015_12_19.snappy.000.parquet,pvdaq/parquet/pvdata/system_id=4903/year=2015/month=12/day=19/system_4903__date_2015_12_19.snappy.000.parquet,1779677407.9773562
..\..\..\data_ds_project\systems\parquet\4903\system_4903__date_2015_12_02.snappy.000.parquet,pvdaq/parquet/pvdata/system_id=4903/year=2015/month=12/day=2/system_4903__date_2015_12_02.snappy.000.parquet,1779677408.237921
..\..\..\data_ds_project\systems\parquet\4903\system_4903__date_2015_12_20.snappy.000.parquet,pvdaq/parquet/pvdata/system_id=4903/year=2015/month=12/day=20/system_4903__date_2015_12_20.snappy.000.parquet,1779677408.5641525
..\..\..\data_ds_project\systems\parquet\4903\system_4903__date_2015_12_21.snappy.000.parquet,pvdaq/parquet/pvdata/system_id=4903/year=2015/month=12/day=21/system_4903__date_2015_12_21.snappy.000.parquet,1779677408.8192964
..\..\..\data_ds_project\systems\parquet\4903\system_4903__date_2015_12_22.snappy.000.parquet,pvdaq/parquet/pvdata/system_id=4903/year=2015/month=12/day=22/system_4903__date_2015_12_22.snappy.000.parquet,1779677409.096581
..\..\..\data_ds_project\systems\parquet\4903\system_4903__date_2015_12_23.snappy.000.parquet,pvdaq/parquet/pvdata/system_id=4903/year=2015/month=12/day=23/system_4903__date_2015_12_23.snappy.000.parquet,1779677409.3472373
..\..\..\data_ds_project\systems\parquet\4903\system_4903__date_2015_12_24.snappy.000.parquet,pvdaq/parquet/pvdata/system_id=4903/year=2015/month=12/day=24/system_4903__date_2015_12_24.snappy.000.parquet,1779677409.617579
..\..\..\data_ds_project\systems\parquet\4903\system_4903__date_2015_12_25.snappy.000.parquet,pvdaq/parquet/pvdata/system_id=4903/year=2015/month=12/day=25/system_4903__date_2015_12_25.snappy.000.parquet,1779677409.9148185
..\..\..\data_ds_project\systems\parquet\4903\system_4903__date_2015_12_26.snappy.000.parquet,pvdaq/parquet/pvdata/system_id=4903/year=2015/month=12/day=26/system_4903__date_2015_12_26.snappy.000.parquet,1779677410.1683447
..\..\..\data_ds_project\systems\parquet\4903\system_4903__date_2015_12_27.snappy.000.parquet,pvdaq/parquet/pvdata/system_id=4903/year=2015/month=12/day=27/system_4903__date_2015_12_27.snappy.000.parquet,1779677410.452628
..\..\..\data_ds_project\systems\parquet\4903\system_4903__date_2015_12_28.snappy.000.parquet,pvdaq/parquet/pvdata/system_id=4903/year=2015/month=12/day=28/system_4903__date_2015_12_28.snappy.000.parquet,1779677410.6831179
..\..\..\data_ds_project\systems\parquet\4903\system_4903__date_2015_12_29.snappy.000.parquet,pvdaq/parquet/pvdata/system_id=4903/year=2015/month=12/day=29/system_4903__date_2015_12_29.snappy.000.parquet,1779677410.9465623
..\..\..\data_ds_project\systems\parquet\4903\system_4903__date_2015_12_03.snappy.000.parquet,pvdaq/parquet/pvdata/system_id=4903/year=2015/month=12/day=3/system_4903__date_2015_12_03.snappy.000.parquet,1779677411.2279646
..\..\..\data_ds_project\systems\parquet\4903\system_4903__date_2015_12_30.snappy.000.parquet,pvdaq/parquet/pvdata/system_id=4903/year=2015/month=12/day=30/system_4903__date_2015_12_30.snappy.000.parquet,1779677411.4814222
..\..\..\data_ds_project\systems\parquet\4903\system_4903__date_2015_12_31.snappy.000.parquet,pvdaq/parquet/pvdata/system_id=4903/year=2015/month=12/day=31/system_4903__date_2015_12_31.snappy.000.parquet,1779677411.732046
..\..\..\data_ds_project\systems\parquet\4903\system_4903__date_2015_12_04.snappy.000.parquet,pvdaq/parquet/pvdata/system_id=4903/year=2015/month=12/day=4/system_4903__date_2015_12_04.snappy.000.parquet,1779677411.9933486
..\..\..\data_ds_project\systems\parquet\4903\system_4903__date_2015_12_05.snappy.000.parquet,pvdaq/parquet/pvdata/system_id=4903/year=2015/month=12/day=5/system_4903__date_2015_12_05.snappy.000.parquet,1779677412.3096762
..\..\..\data_ds_project\systems\parquet\4903\system_4903__date_2015_12_06.snappy.000.parquet,pvdaq/parquet/pvdata/system_id=4903/year=2015/month=12/day=6/system_4903__date_2015_12_06.snappy.000.parquet,1779677412.6638784
..\..\..\data_ds_project\systems\parquet\4903\system_4903__date_2015_12_07.snappy.000.parquet,pvdaq/parquet/pvdata/system_id=4903/year=2015/month=12/day=7/system_4903__date_2015_12_07.snappy.000.parquet,1779677413.0078104
..\..\..\data_ds_project\systems\parquet\4903\system_4903__date_2015_12_08.snappy.000.parquet,pvdaq/parquet/pvdata/system_id=4903/year=2015/month=12/day=8/system_4903__date_2015_12_08.snappy.000.parquet,1779677413.2654808
..\..\..\data_ds_project\systems\parquet\4903\system_4903__date_2015_12_09.snappy.000.parquet,pvdaq/parquet/pvdata/system_id=4903/year=2015/month=12/day=9/system_4903__date_2015_12_09.snappy.000.parquet,1779677413.5447614
..\..\..\data_ds_project\systems\parquet\4903\system_4903__date_2015_02_01.snappy.000.parquet,pvdaq/parquet/pvdata/system_id=4903/year=2015/month=2/day=1/system_4903__date_2015_02_01.snappy.000.parquet,1779677413.8189015
..\..\..\data_ds_project\systems\parquet\4903\system_4903__date_2015_02_10.snappy.000.parquet,pvdaq/parquet/pvdata/system_id=4903/year=2015/month=2/day=10/system_4903__date_2015_02_10.snappy.000.parquet,1779677414.096309
..\..\..\data_ds_project\systems\parquet\4903\system_4903__date_2015_02_11.snappy.000.parquet,pvdaq/parquet/pvdata/system_id=4903/year=2015/month=2/day=11/system_4903__date_2015_02_11.snappy.000.parquet,1779677414.346826
..\..\..\data_ds_project\systems\parquet\4903\system_4903__date_2015_02_12.snappy.000.parquet,pvdaq/parquet/pvdata/system_id=4903/year=2015/month=2/day=12/system_4903__date_2015_02_12.snappy.000.parquet,1779677414.6291378
..\..\..\data_ds_project\systems\parquet\4903\system_4903__date_2015_02_13.snappy.000.parquet,pvdaq/parquet/pvdata/system_id=4903/year=2015/month=2/day=13/system_4903__date_2015_02_13.snappy.000.parquet,1779677414.9144392
..\..\..\data_ds_project\systems\parquet\4903\system_4903__date_2015_02_14.snappy.000.parquet,pvdaq/parquet/pvdata/system_id=4903/year=2015/month=2/day=14/system_4903__date_2015_02_14.snappy.000.parquet,1779677415.1770065
..\..\..\data_ds_project\systems\parquet\4903\system_4903__date_2015_02_15.snappy.000.parquet,pvdaq/parquet/pvdata/system_id=4903/year=2015/month=2/day=15/system_4903__date_2015_02_15.snappy.000.parquet,1779677415.450259
..\..\..\data_ds_project\systems\parquet\4903\system_4903__date_2015_02_16.snappy.000.parquet,pvdaq/parquet/pvdata/system_id=4903/year=2015/month=2/day=16/system_4903__date_2015_02_16.snappy.000.parquet,1779677415.7270663
..\..\..\data_ds_project\systems\parquet\4903\system_4903__date_2015_02_17.snappy.000.parquet,pvdaq/parquet/pvdata/system_id=4903/year=2015/month=2/day=17/system_4903__date_2015_02_17.snappy.000.parquet,1779677415.984669
..\..\..\data_ds_project\systems\parquet\4903\system_4903__date_2015_02_18.snappy.000.parquet,pvdaq/parquet/pvdata/system_id=4903/year=2015/month=2/day=18/system_4903__date_2015_02_18.snappy.000.parquet,1779677416.249135
..\..\..\data_ds_project\systems\parquet\4903\system_4903__date_2015_02_19.snappy.000.parquet,pvdaq/parquet/pvdata/system_id=4903/year=2015/month=2/day=19/system_4903__date_2015_02_19.snappy.000.parquet,1779677416.5175023
..\..\..\data_ds_project\systems\parquet\4903\system_4903__date_2015_02_02.snappy.000.parquet,pvdaq/parquet/pvdata/system_id=4903/year=2015/month=2/day=2/system_4903__date_2015_02_02.snappy.000.parquet,1779677416.7761335
..\..\..\data_ds_project\systems\parquet\4903\system_4903__date_2015_02_20.snappy.000.parquet,pvdaq/parquet/pvdata/system_id=4903/year=2015/month=2/day=20/system_4903__date_2015_02_20.snappy.000.parquet,1779677417.032407
..\..\..\data_ds_project\systems\parquet\4903\system_4903__date_2015_02_21.snappy.000.parquet,pvdaq/parquet/pvdata/system_id=4903/year=2015/month=2/day=21/system_4903__date_2015_02_21.snappy.000.parquet,1779677417.2824206
..\..\..\data_ds_project\systems\parquet\4903\system_4903__date_2015_02_22.snappy.000.parquet,pvdaq/parquet/pvdata/system_id=4903/year=2015/month=2/day=22/system_4903__date_2015_02_22.snappy.000.parquet,1779677417.5736494
..\..\..\data_ds_project\systems\parquet\4903\system_4903__date_2015_02_23.snappy.000.parquet,pvdaq/parquet/pvdata/system_id=4903/year=2015/month=2/day=23/system_4903__date_2015_02_23.snappy.000.parquet,1779677417.8657675
..\..\..\data_ds_project\systems\parquet\4903\system_4903__date_2015_02_24.snappy.000.parquet,pvdaq/parquet/pvdata/system_id=4903/year=2015/month=2/day=24/system_4903__date_2015_02_24.snappy.000.parquet,1779677418.1610107
..\..\..\data_ds_project\systems\parquet\4903\system_4903__date_2015_02_25.snappy.000.parquet,pvdaq/parquet/pvdata/system_id=4903/year=2015/month=2/day=25/system_4903__date_2015_02_25.snappy.000.parquet,1779677418.4430983
..\..\..\data_ds_project\systems\parquet\4903\system_4903__date_2015_02_26.snappy.000.parquet,pvdaq/parquet/pvdata/system_id=4903/year=2015/month=2/day=26/system_4903__date_2015_02_26.snappy.000.parquet,1779677418.6955805
..\..\..\data_ds_project\systems\parquet\4903\system_4903__date_2015_02_27.snappy.000.parquet,pvdaq/parquet/pvdata/system_id=4903/year=2015/month=2/day=27/system_4903__date_2015_02_27.snappy.000.parquet,1779677418.9670198
..\..\..\data_ds_project\systems\parquet\4903\system_4903__date_2015_02_28.snappy.000.parquet,pvdaq/parquet/pvdata/system_id=4903/year=2015/month=2/day=28/system_4903__date_2015_02_28.snappy.000.parquet,1779677419.997602
..\..\..\data_ds_project\systems\parquet\4903\system_4903__date_2015_02_03.snappy.000.parquet,pvdaq/parquet/pvdata/system_id=4903/year=2015/month=2/day=3/system_4903__date_2015_02_03.snappy.000.parquet,1779677420.32895
..\..\..\data_ds_project\systems\parquet\4903\system_4903__date_2015_02_04.snappy.000.parquet,pvdaq/parquet/pvdata/system_id=4903/year=2015/month=2/day=4/system_4903__date_2015_02_04.snappy.000.parquet,1779677420.6003351
..\..\..\data_ds_project\systems\parquet\4903\system_4903__date_2015_02_05.snappy.000.parquet,pvdaq/parquet/pvdata/system_id=4903/year=2015/month=2/day=5/system_4903__date_2015_02_05.snappy.000.parquet,1779677420.8697803
..\..\..\data_ds_project\systems\parquet\4903\system_4903__date_2015_02_06.snappy.000.parquet,pvdaq/parquet/pvdata/system_id=4903/year=2015/month=2/day=6/system_4903__date_2015_02_06.snappy.000.parquet,1779677421.1318102
..\..\..\data_ds_project\systems\parquet\4903\system_4903__date_2015_02_07.snappy.000.parquet,pvdaq/parquet/pvdata/system_id=4903/year=2015/month=2/day=7/system_4903__date_2015_02_07.snappy.000.parquet,1779677421.3953676
..\..\..\data_ds_project\systems\parquet\4903\system_4903__date_2015_02_08.snappy.000.parquet,pvdaq/parquet/pvdata/system_id=4903/year=2015/month=2/day=8/system_4903__date_2015_02_08.snappy.000.parquet,1779677421.6917603
..\..\..\data_ds_project\systems\parquet\4903\system_4903__date_2015_02_09.snappy.000.parquet,pvdaq/parquet/pvdata/system_id=4903/year=2015/month=2/day=9/system_4903__date_2015_02_09.snappy.000.parquet,1779677421.930877
..\..\..\data_ds_project\systems\parquet\4903\system_4903__date_2015_03_01.snappy.000.parquet,pvdaq/parquet/pvdata/system_id=4903/year=2015/month=3/day=1/system_4903__date_2015_03_01.snappy.000.parquet,1779677422.1976507
..\..\..\data_ds_project\systems\parquet\4903\system_4903__date_2015_03_10.snappy.000.parquet,pvdaq/parquet/pvdata/system_id=4903/year=2015/month=3/day=10/system_4903__date_2015_03_10.snappy.000.parquet,1779677422.483787
..\..\..\data_ds_project\systems\parquet\4903\system_4903__date_2015_03_11.snappy.000.parquet,pvdaq/parquet/pvdata/system_id=4903/year=2015/month=3/day=11/system_4903__date_2015_03_11.snappy.000.parquet,1779677422.7243733
..\..\..\data_ds_project\systems\parquet\4903\system_4903__date_2015_03_12.snappy.000.parquet,pvdaq/parquet/pvdata/system_id=4903/year=2015/month=3/day=12/system_4903__date_2015_03_12.snappy.000.parquet,1779677422.9869862
..\..\..\data_ds_project\systems\parquet\4903\system_4903__date_2015_03_13.snappy.000.parquet,pvdaq/parquet/pvdata/system_id=4903/year=2015/month=3/day=13/system_4903__date_2015_03_13.snappy.000.parquet,1779677423.2618358
..\..\..\data_ds_project\systems\parquet\4903\system_4903__date_2015_03_14.snappy.000.parquet,pvdaq/parquet/pvdata/system_id=4903/year=2015/month=3/day=14/system_4903__date_2015_03_14.snappy.000.parquet,1779677423.5602415
..\..\..\data_ds_project\systems\parquet\4903\system_4903__date_2015_03_15.snappy.000.parquet,pvdaq/parquet/pvdata/system_id=4903/year=2015/month=3/day=15/system_4903__date_2015_03_15.snappy.000.parquet,1779677423.8304522
..\..\..\data_ds_project\systems\parquet\4903\system_4903__date_2015_03_16.snappy.000.parquet,pvdaq/parquet/pvdata/system_id=4903/year=2015/month=3/day=16/system_4903__date_2015_03_16.snappy.000.parquet,1779677424.147733
..\..\..\data_ds_project\systems\parquet\4903\system_4903__date_2015_03_17.snappy.000.parquet,pvdaq/parquet/pvdata/system_id=4903/year=2015/month=3/day=17/system_4903__date_2015_03_17.snappy.000.parquet,1779677424.409584
..\..\..\data_ds_project\systems\parquet\4903\system_4903__date_2015_03_18.snappy.000.parquet,pvdaq/parquet/pvdata/system_id=4903/year=2015/month=3/day=18/system_4903__date_2015_03_18.snappy.000.parquet,1779677424.6953232
..\..\..\data_ds_project\systems\parquet\4903\system_4903__date_2015_03_19.snappy.000.parquet,pvdaq/parquet/pvdata/system_id=4903/year=2015/month=3/day=19/system_4903__date_2015_03_19.snappy.000.parquet,1779677425.0882607
..\..\..\data_ds_project\systems\parquet\4903\system_4903__date_2015_03_02.snappy.000.parquet,pvdaq/parquet/pvdata/system_id=4903/year=2015/month=3/day=2/system_4903__date_2015_03_02.snappy.000.parquet,1779677425.3557026
..\..\..\data_ds_project\systems\parquet\4903\system_4903__date_2015_03_20.snappy.000.parquet,pvdaq/parquet/pvdata/system_id=4903/year=2015/month=3/day=20/system_4903__date_2015_03_20.snappy.000.parquet,1779677425.6320462
..\..\..\data_ds_project\systems\parquet\4903\system_4903__date_2015_03_21.snappy.000.parquet,pvdaq/parquet/pvdata/system_id=4903/year=2015/month=3/day=21/system_4903__date_2015_03_21.snappy.000.parquet,1779677425.9035974
..\..\..\data_ds_project\systems\parquet\4903\system_4903__date_2015_03_22.snappy.000.parquet,pvdaq/parquet/pvdata/system_id=4903/year=2015/month=3/day=22/system_4903__date_2015_03_22.snappy.000.parquet,1779677426.2090902
..\..\..\data_ds_project\systems\parquet\4903\system_4903__date_2015_03_23.snappy.000.parquet,pvdaq/parquet/pvdata/system_id=4903/year=2015/month=3/day=23/system_4903__date_2015_03_23.snappy.000.parquet,1779677426.5329978
..\..\..\data_ds_project\systems\parquet\4903\system_4903__date_2015_03_24.snappy.000.parquet,pvdaq/parquet/pvdata/system_id=4903/year=2015/month=3/day=24/system_4903__date_2015_03_24.snappy.000.parquet,1779677426.798545
..\..\..\data_ds_project\systems\parquet\4903\system_4903__date_2015_03_25.snappy.000.parquet,pvdaq/parquet/pvdata/system_id=4903/year=2015/month=3/day=25/system_4903__date_2015_03_25.snappy.000.parquet,1779677427.0847576
..\..\..\data_ds_project\systems\parquet\4903\system_4903__date_2015_03_26.snappy.000.parquet,pvdaq/parquet/pvdata/system_id=4903/year=2015/month=3/day=26/system_4903__date_2015_03_26.snappy.000.parquet,1779677427.3492537
..\..\..\data_ds_project\systems\parquet\4903\system_4903__date_2015_03_27.snappy.000.parquet,pvdaq/parquet/pvdata/system_id=4903/year=2015/month=3/day=27/system_4903__date_2015_03_27.snappy.000.parquet,1779677427.6245286
..\..\..\data_ds_project\systems\parquet\4903\system_4903__date_2015_03_28.snappy.000.parquet,pvdaq/parquet/pvdata/system_id=4903/year=2015/month=3/day=28/system_4903__date_2015_03_28.snappy.000.parquet,1779677427.9259305
..\..\..\data_ds_project\systems\parquet\4903\system_4903__date_2015_03_29.snappy.000.parquet,pvdaq/parquet/pvdata/system_id=4903/year=2015/month=3/day=29/system_4903__date_2015_03_29.snappy.000.parquet,1779677428.242236
..\..\..\data_ds_project\systems\parquet\4903\system_4903__date_2015_03_03.snappy.000.parquet,pvdaq/parquet/pvdata/system_id=4903/year=2015/month=3/day=3/system_4903__date_2015_03_03.snappy.000.parquet,1779677428.5359063
..\..\..\data_ds_project\systems\parquet\4903\system_4903__date_2015_03_30.snappy.000.parquet,pvdaq/parquet/pvdata/system_id=4903/year=2015/month=3/day=30/system_4903__date_2015_03_30.snappy.000.parquet,1779677428.8201902
..\..\..\data_ds_project\systems\parquet\4903\system_4903__date_2015_03_31.snappy.000.parquet,pvdaq/parquet/pvdata/system_id=4903/year=2015/month=3/day=31/system_4903__date_2015_03_31.snappy.000.parquet,1779677429.1098995
..\..\..\data_ds_project\systems\parquet\4903\system_4903__date_2015_03_04.snappy.000.parquet,pvdaq/parquet/pvdata/system_id=4903/year=2015/month=3/day=4/system_4903__date_2015_03_04.snappy.000.parquet,1779677429.3670797
..\..\..\data_ds_project\systems\parquet\4903\system_4903__date_2015_03_05.snappy.000.parquet,pvdaq/parquet/pvdata/system_id=4903/year=2015/month=3/day=5/system_4903__date_2015_03_05.snappy.000.parquet,1779677429.6439514
..\..\..\data_ds_project\systems\parquet\4903\system_4903__date_2015_03_06.snappy.000.parquet,pvdaq/parquet/pvdata/system_id=4903/year=2015/month=3/day=6/system_4903__date_2015_03_06.snappy.000.parquet,1779677429.9312534
..\..\..\data_ds_project\systems\parquet\4903\system_4903__date_2015_03_07.snappy.000.parquet,pvdaq/parquet/pvdata/system_id=4903/year=2015/month=3/day=7/system_4903__date_2015_03_07.snappy.000.parquet,1779677430.2207246
..\..\..\data_ds_project\systems\parquet\4903\system_4903__date_2015_03_08.snappy.000.parquet,pvdaq/parquet/pvdata/system_id=4903/year=2015/month=3/day=8/system_4903__date_2015_03_08.snappy.000.parquet,1779677430.4997299
..\..\..\data_ds_project\systems\parquet\4903\system_4903__date_2015_03_09.snappy.000.parquet,pvdaq/parquet/pvdata/system_id=4903/year=2015/month=3/day=9/system_4903__date_2015_03_09.snappy.000.parquet,1779677430.7901049
..\..\..\data_ds_project\systems\parquet\4903\system_4903__date_2015_04_01.snappy.000.parquet,pvdaq/parquet/pvdata/system_id=4903/year=2015/month=4/day=1/system_4903__date_2015_04_01.snappy.000.parquet,1779677431.03825
..\..\..\data_ds_project\systems\parquet\4903\system_4903__date_2015_04_10.snappy.000.parquet,pvdaq/parquet/pvdata/system_id=4903/year=2015/month=4/day=10/system_4903__date_2015_04_10.snappy.000.parquet,1779677431.3118656
..\..\..\data_ds_project\systems\parquet\4903\system_4903__date_2015_04_11.snappy.000.parquet,pvdaq/parquet/pvdata/system_id=4903/year=2015/month=4/day=11/system_4903__date_2015_04_11.snappy.000.parquet,1779677431.5970485
..\..\..\data_ds_project\systems\parquet\4903\system_4903__date_2015_04_12.snappy.000.parquet,pvdaq/parquet/pvdata/system_id=4903/year=2015/month=4/day=12/system_4903__date_2015_04_12.snappy.000.parquet,1779677431.8962533
..\..\..\data_ds_project\systems\parquet\4903\system_4903__date_2015_04_13.snappy.000.parquet,pvdaq/parquet/pvdata/system_id=4903/year=2015/month=4/day=13/system_4903__date_2015_04_13.snappy.000.parquet,1779677432.2005043
..\..\..\data_ds_project\systems\parquet\4903\system_4903__date_2015_04_14.snappy.000.parquet,pvdaq/parquet/pvdata/system_id=4903/year=2015/month=4/day=14/system_4903__date_2015_04_14.snappy.000.parquet,1779677432.4557257
..\..\..\data_ds_project\systems\parquet\4903\system_4903__date_2015_04_15.snappy.000.parquet,pvdaq/parquet/pvdata/system_id=4903/year=2015/month=4/day=15/system_4903__date_2015_04_15.snappy.000.parquet,1779677432.737091
..\..\..\data_ds_project\systems\parquet\4903\system_4903__date_2015_04_16.snappy.000.parquet,pvdaq/parquet/pvdata/system_id=4903/year=2015/month=4/day=16/system_4903__date_2015_04_16.snappy.000.parquet,1779677433.0226524
..\..\..\data_ds_project\systems\parquet\4903\system_4903__date_2015_04_17.snappy.000.parquet,pvdaq/parquet/pvdata/system_id=4903/year=2015/month=4/day=17/system_4903__date_2015_04_17.snappy.000.parquet,1779677433.313769
..\..\..\data_ds_project\systems\parquet\4903\system_4903__date_2015_04_18.snappy.000.parquet,pvdaq/parquet/pvdata/system_id=4903/year=2015/month=4/day=18/system_4903__date_2015_04_18.snappy.000.parquet,1779677433.5669851
..\..\..\data_ds_project\systems\parquet\4903\system_4903__date_2015_04_19.snappy.000.parquet,pvdaq/parquet/pvdata/system_id=4903/year=2015/month=4/day=19/system_4903__date_2015_04_19.snappy.000.parquet,1779677433.8246157
..\..\..\data_ds_project\systems\parquet\4903\system_4903__date_2015_04_02.snappy.000.parquet,pvdaq/parquet/pvdata/system_id=4903/year=2015/month=4/day=2/system_4903__date_2015_04_02.snappy.000.parquet,1779677434.9439073
..\..\..\data_ds_project\systems\parquet\4903\system_4903__date_2015_04_20.snappy.000.parquet,pvdaq/parquet/pvdata/system_id=4903/year=2015/month=4/day=20/system_4903__date_2015_04_20.snappy.000.parquet,1779677435.270157
..\..\..\data_ds_project\systems\parquet\4903\system_4903__date_2015_04_21.snappy.000.parquet,pvdaq/parquet/pvdata/system_id=4903/year=2015/month=4/day=21/system_4903__date_2015_04_21.snappy.000.parquet,1779677435.5424802
..\..\..\data_ds_project\systems\parquet\4903\system_4903__date_2015_04_22.snappy.000.parquet,pvdaq/parquet/pvdata/system_id=4903/year=2015/month=4/day=22/system_4903__date_2015_04_22.snappy.000.parquet,1779677435.8020773
..\..\..\data_ds_project\systems\parquet\4903\system_4903__date_2015_04_23.snappy.000.parquet,pvdaq/parquet/pvdata/system_id=4903/year=2015/month=4/day=23/system_4903__date_2015_04_23.snappy.000.parquet,1779677436.037586
..\..\..\data_ds_project\systems\parquet\4903\system_4903__date_2015_04_24.snappy.000.parquet,pvdaq/parquet/pvdata/system_id=4903/year=2015/month=4/day=24/system_4903__date_2015_04_24.snappy.000.parquet,1779677436.323858
..\..\..\data_ds_project\systems\parquet\4903\system_4903__date_2015_04_25.snappy.000.parquet,pvdaq/parquet/pvdata/system_id=4903/year=2015/month=4/day=25/system_4903__date_2015_04_25.snappy.000.parquet,1779677436.6438148
..\..\..\data_ds_project\systems\parquet\4903\system_4903__date_2015_04_26.snappy.000.parquet,pvdaq/parquet/pvdata/system_id=4903/year=2015/month=4/day=26/system_4903__date_2015_04_26.snappy.000.parquet,1779677436.8954318
..\..\..\data_ds_project\systems\parquet\4903\system_4903__date_2015_04_27.snappy.000.parquet,pvdaq/parquet/pvdata/system_id=4903/year=2015/month=4/day=27/system_4903__date_2015_04_27.snappy.000.parquet,1779677437.1816132
..\..\..\data_ds_project\systems\parquet\4903\system_4903__date_2015_04_28.snappy.000.parquet,pvdaq/parquet/pvdata/system_id=4903/year=2015/month=4/day=28/system_4903__date_2015_04_28.snappy.000.parquet,1779677437.4231114
..\..\..\data_ds_project\systems\parquet\4903\system_4903__date_2015_04_29.snappy.000.parquet,pvdaq/parquet/pvdata/system_id=4903/year=2015/month=4/day=29/system_4903__date_2015_04_29.snappy.000.parquet,1779677437.7164283
..\..\..\data_ds_project\systems\parquet\4903\system_4903__date_2015_04_03.snappy.000.parquet,pvdaq/parquet/pvdata/system_id=4903/year=2015/month=4/day=3/system_4903__date_2015_04_03.snappy.000.parquet,1779677437.9876287
..\..\..\data_ds_project\systems\parquet\4903\system_4903__date_2015_04_30.snappy.000.parquet,pvdaq/parquet/pvdata/system_id=4903/year=2015/month=4/day=30/system_4903__date_2015_04_30.snappy.000.parquet,1779677438.2281199
..\..\..\data_ds_project\systems\parquet\4903\system_4903__date_2015_04_04.snappy.000.parquet,pvdaq/parquet/pvdata/system_id=4903/year=2015/month=4/day=4/system_4903__date_2015_04_04.snappy.000.parquet,1779677438.5153477
..\..\..\data_ds_project\systems\parquet\4903\system_4903__date_2015_04_05.snappy.000.parquet,pvdaq/parquet/pvdata/system_id=4903/year=2015/month=4/day=5/system_4903__date_2015_04_05.snappy.000.parquet,1779677438.7728195
..\..\..\data_ds_project\systems\parquet\4903\system_4903__date_2015_04_06.snappy.000.parquet,pvdaq/parquet/pvdata/system_id=4903/year=2015/month=4/day=6/system_4903__date_2015_04_06.snappy.000.parquet,1779677439.0403843
..\..\..\data_ds_project\systems\parquet\4903\system_4903__date_2015_04_07.snappy.000.parquet,pvdaq/parquet/pvdata/system_id=4903/year=2015/month=4/day=7/system_4903__date_2015_04_07.snappy.000.parquet,1779677439.3613205
..\..\..\data_ds_project\systems\parquet\4903\system_4903__date_2015_04_08.snappy.000.parquet,pvdaq/parquet/pvdata/system_id=4903/year=2015/month=4/day=8/system_4903__date_2015_04_08.snappy.000.parquet,1779677439.6487849
..\..\..\data_ds_project\systems\parquet\4903\system_4903__date_2015_04_09.snappy.000.parquet,pvdaq/parquet/pvdata/system_id=4903/year=2015/month=4/day=9/system_4903__date_2015_04_09.snappy.000.parquet,1779677439.9161353
..\..\..\data_ds_project\systems\parquet\4903\system_4903__date_2015_05_01.snappy.000.parquet,pvdaq/parquet/pvdata/system_id=4903/year=2015/month=5/day=1/system_4903__date_2015_05_01.snappy.000.parquet,1779677440.1734912
..\..\..\data_ds_project\systems\parquet\4903\system_4903__date_2015_05_10.snappy.000.parquet,pvdaq/parquet/pvdata/system_id=4903/year=2015/month=5/day=10/system_4903__date_2015_05_10.snappy.000.parquet,1779677440.43627
..\..\..\data_ds_project\systems\parquet\4903\system_4903__date_2015_05_11.snappy.000.parquet,pvdaq/parquet/pvdata/system_id=4903/year=2015/month=5/day=11/system_4903__date_2015_05_11.snappy.000.parquet,1779677440.6894472
..\..\..\data_ds_project\systems\parquet\4903\system_4903__date_2015_05_12.snappy.000.parquet,pvdaq/parquet/pvdata/system_id=4903/year=2015/month=5/day=12/system_4903__date_2015_05_12.snappy.000.parquet,1779677440.9565842
..\..\..\data_ds_project\systems\parquet\4903\system_4903__date_2015_05_13.snappy.000.parquet,pvdaq/parquet/pvdata/system_id=4903/year=2015/month=5/day=13/system_4903__date_2015_05_13.snappy.000.parquet,1779677441.2231808
..\..\..\data_ds_project\systems\parquet\4903\system_4903__date_2015_05_14.snappy.000.parquet,pvdaq/parquet/pvdata/system_id=4903/year=2015/month=5/day=14/system_4903__date_2015_05_14.snappy.000.parquet,1779677441.4944968
..\..\..\data_ds_project\systems\parquet\4903\system_4903__date_2015_05_15.snappy.000.parquet,pvdaq/parquet/pvdata/system_id=4903/year=2015/month=5/day=15/system_4903__date_2015_05_15.snappy.000.parquet,1779677441.7597737
..\..\..\data_ds_project\systems\parquet\4903\system_4903__date_2015_05_16.snappy.000.parquet,pvdaq/parquet/pvdata/system_id=4903/year=2015/month=5/day=16/system_4903__date_2015_05_16.snappy.000.parquet,1779677442.0140676
..\..\..\data_ds_project\systems\parquet\4903\system_4903__date_2015_05_17.snappy.000.parquet,pvdaq/parquet/pvdata/system_id=4903/year=2015/month=5/day=17/system_4903__date_2015_05_17.snappy.000.parquet,1779677442.2773693
..\..\..\data_ds_project\systems\parquet\4903\system_4903__date_2015_05_18.snappy.000.parquet,pvdaq/parquet/pvdata/system_id=4903/year=2015/month=5/day=18/system_4903__date_2015_05_18.snappy.000.parquet,1779677442.5595584
..\..\..\data_ds_project\systems\parquet\4903\system_4903__date_2015_05_19.snappy.000.parquet,pvdaq/parquet/pvdata/system_id=4903/year=2015/month=5/day=19/system_4903__date_2015_05_19.snappy.000.parquet,1779677442.8759947
..\..\..\data_ds_project\systems\parquet\4903\system_4903__date_2015_05_02.snappy.000.parquet,pvdaq/parquet/pvdata/system_id=4903/year=2015/month=5/day=2/system_4903__date_2015_05_02.snappy.000.parquet,1779677443.1435158
..\..\..\data_ds_project\systems\parquet\4903\system_4903__date_2015_05_20.snappy.000.parquet,pvdaq/parquet/pvdata/system_id=4903/year=2015/month=5/day=20/system_4903__date_2015_05_20.snappy.000.parquet,1779677443.4138355
..\..\..\data_ds_project\systems\parquet\4903\system_4903__date_2015_05_21.snappy.000.parquet,pvdaq/parquet/pvdata/system_id=4903/year=2015/month=5/day=21/system_4903__date_2015_05_21.snappy.000.parquet,1779677443.7021205
..\..\..\data_ds_project\systems\parquet\4903\system_4903__date_2015_05_22.snappy.000.parquet,pvdaq/parquet/pvdata/system_id=4903/year=2015/month=5/day=22/system_4903__date_2015_05_22.snappy.000.parquet,1779677443.965047
..\..\..\data_ds_project\systems\parquet\4903\system_4903__date_2015_05_23.snappy.000.parquet,pvdaq/parquet/pvdata/system_id=4903/year=2015/month=5/day=23/system_4903__date_2015_05_23.snappy.000.parquet,1779677444.2660856
..\..\..\data_ds_project\systems\parquet\4903\system_4903__date_2015_05_24.snappy.000.parquet,pvdaq/parquet/pvdata/system_id=4903/year=2015/month=5/day=24/system_4903__date_2015_05_24.snappy.000.parquet,1779677444.5427845
..\..\..\data_ds_project\systems\parquet\4903\system_4903__date_2015_05_25.snappy.000.parquet,pvdaq/parquet/pvdata/system_id=4903/year=2015/month=5/day=25/system_4903__date_2015_05_25.snappy.000.parquet,1779677444.8340645
..\..\..\data_ds_project\systems\parquet\4903\system_4903__date_2015_05_26.snappy.000.parquet,pvdaq/parquet/pvdata/system_id=4903/year=2015/month=5/day=26/system_4903__date_2015_05_26.snappy.000.parquet,1779677445.1063783
..\..\..\data_ds_project\systems\parquet\4903\system_4903__date_2015_05_27.snappy.000.parquet,pvdaq/parquet/pvdata/system_id=4903/year=2015/month=5/day=27/system_4903__date_2015_05_27.snappy.000.parquet,1779677445.3877122
..\..\..\data_ds_project\systems\parquet\4903\system_4903__date_2015_05_28.snappy.000.parquet,pvdaq/parquet/pvdata/system_id=4903/year=2015/month=5/day=28/system_4903__date_2015_05_28.snappy.000.parquet,1779677445.6787302
..\..\..\data_ds_project\systems\parquet\4903\system_4903__date_2015_05_29.snappy.000.parquet,pvdaq/parquet/pvdata/system_id=4903/year=2015/month=5/day=29/system_4903__date_2015_05_29.snappy.000.parquet,1779677445.9363651
..\..\..\data_ds_project\systems\parquet\4903\system_4903__date_2015_05_03.snappy.000.parquet,pvdaq/parquet/pvdata/system_id=4903/year=2015/month=5/day=3/system_4903__date_2015_05_03.snappy.000.parquet,1779677446.2386823
..\..\..\data_ds_project\systems\parquet\4903\system_4903__date_2015_05_30.snappy.000.parquet,pvdaq/parquet/pvdata/system_id=4903/year=2015/month=5/day=30/system_4903__date_2015_05_30.snappy.000.parquet,1779677446.5279348
..\..\..\data_ds_project\systems\parquet\4903\system_4903__date_2015_05_31.snappy.000.parquet,pvdaq/parquet/pvdata/system_id=4903/year=2015/month=5/day=31/system_4903__date_2015_05_31.snappy.000.parquet,1779677446.7972798
..\..\..\data_ds_project\systems\parquet\4903\system_4903__date_2015_05_04.snappy.000.parquet,pvdaq/parquet/pvdata/system_id=4903/year=2015/month=5/day=4/system_4903__date_2015_05_04.snappy.000.parquet,1779677447.0995376
..\..\..\data_ds_project\systems\parquet\4903\system_4903__date_2015_05_05.snappy.000.parquet,pvdaq/parquet/pvdata/system_id=4903/year=2015/month=5/day=5/system_4903__date_2015_05_05.snappy.000.parquet,1779677447.3928266
..\..\..\data_ds_project\systems\parquet\4903\system_4903__date_2015_05_06.snappy.000.parquet,pvdaq/parquet/pvdata/system_id=4903/year=2015/month=5/day=6/system_4903__date_2015_05_06.snappy.000.parquet,1779677447.6966214
..\..\..\data_ds_project\systems\parquet\4903\system_4903__date_2015_05_07.snappy.000.parquet,pvdaq/parquet/pvdata/system_id=4903/year=2015/month=5/day=7/system_4903__date_2015_05_07.snappy.000.parquet,1779677447.9564416
..\..\..\data_ds_project\systems\parquet\4903\system_4903__date_2015_05_08.snappy.000.parquet,pvdaq/parquet/pvdata/system_id=4903/year=2015/month=5/day=8/system_4903__date_2015_05_08.snappy.000.parquet,1779677448.221659
..\..\..\data_ds_project\systems\parquet\4903\system_4903__date_2015_05_09.snappy.000.parquet,pvdaq/parquet/pvdata/system_id=4903/year=2015/month=5/day=9/system_4903__date_2015_05_09.snappy.000.parquet,1779677448.4859226
..\..\..\data_ds_project\systems\parquet\4903\system_4903__date_2015_06_01.snappy.000.parquet,pvdaq/parquet/pvdata/system_id=4903/year=2015/month=6/day=1/system_4903__date_2015_06_01.snappy.000.parquet,1779677449.5226984
..\..\..\data_ds_project\systems\parquet\4903\system_4903__date_2015_06_10.snappy.000.parquet,pvdaq/parquet/pvdata/system_id=4903/year=2015/month=6/day=10/system_4903__date_2015_06_10.snappy.000.parquet,1779677449.8907697
..\..\..\data_ds_project\systems\parquet\4903\system_4903__date_2015_06_11.snappy.000.parquet,pvdaq/parquet/pvdata/system_id=4903/year=2015/month=6/day=11/system_4903__date_2015_06_11.snappy.000.parquet,1779677450.1703057
..\..\..\data_ds_project\systems\parquet\4903\system_4903__date_2015_06_12.snappy.000.parquet,pvdaq/parquet/pvdata/system_id=4903/year=2015/month=6/day=12/system_4903__date_2015_06_12.snappy.000.parquet,1779677450.4524252
..\..\..\data_ds_project\systems\parquet\4903\system_4903__date_2015_06_13.snappy.000.parquet,pvdaq/parquet/pvdata/system_id=4903/year=2015/month=6/day=13/system_4903__date_2015_06_13.snappy.000.parquet,1779677450.7478914
..\..\..\data_ds_project\systems\parquet\4903\system_4903__date_2015_06_14.snappy.000.parquet,pvdaq/parquet/pvdata/system_id=4903/year=2015/month=6/day=14/system_4903__date_2015_06_14.snappy.000.parquet,1779677451.0342858
..\..\..\data_ds_project\systems\parquet\4903\system_4903__date_2015_06_15.snappy.000.parquet,pvdaq/parquet/pvdata/system_id=4903/year=2015/month=6/day=15/system_4903__date_2015_06_15.snappy.000.parquet,1779677451.3295643
..\..\..\data_ds_project\systems\parquet\4903\system_4903__date_2015_06_16.snappy.000.parquet,pvdaq/parquet/pvdata/system_id=4903/year=2015/month=6/day=16/system_4903__date_2015_06_16.snappy.000.parquet,1779677451.582013
..\..\..\data_ds_project\systems\parquet\4903\system_4903__date_2015_06_17.snappy.000.parquet,pvdaq/parquet/pvdata/system_id=4903/year=2015/month=6/day=17/system_4903__date_2015_06_17.snappy.000.parquet,1779677451.803789
..\..\..\data_ds_project\systems\parquet\4903\system_4903__date_2015_06_18.snappy.000.parquet,pvdaq/parquet/pvdata/system_id=4903/year=2015/month=6/day=18/system_4903__date_2015_06_18.snappy.000.parquet,1779677452.0950181
..\..\..\data_ds_project\systems\parquet\4903\system_4903__date_2015_06_19.snappy.000.parquet,pvdaq/parquet/pvdata/system_id=4903/year=2015/month=6/day=19/system_4903__date_2015_06_19.snappy.000.parquet,1779677452.3476527
..\..\..\data_ds_project\systems\parquet\4903\system_4903__date_2015_06_02.snappy.000.parquet,pvdaq/parquet/pvdata/system_id=4903/year=2015/month=6/day=2/system_4903__date_2015_06_02.snappy.000.parquet,1779677452.6088815
..\..\..\data_ds_project\systems\parquet\4903\system_4903__date_2015_06_20.snappy.000.parquet,pvdaq/parquet/pvdata/system_id=4903/year=2015/month=6/day=20/system_4903__date_2015_06_20.snappy.000.parquet,1779677452.902477
..\..\..\data_ds_project\systems\parquet\4903\system_4903__date_2015_06_21.snappy.000.parquet,pvdaq/parquet/pvdata/system_id=4903/year=2015/month=6/day=21/system_4903__date_2015_06_21.snappy.000.parquet,1779677453.152712
..\..\..\data_ds_project\systems\parquet\4903\system_4903__date_2015_06_22.snappy.000.parquet,pvdaq/parquet/pvdata/system_id=4903/year=2015/month=6/day=22/system_4903__date_2015_06_22.snappy.000.parquet,1779677453.4547927
..\..\..\data_ds_project\systems\parquet\4903\system_4903__date_2015_06_23.snappy.000.parquet,pvdaq/parquet/pvdata/system_id=4903/year=2015/month=6/day=23/system_4903__date_2015_06_23.snappy.000.parquet,1779677453.7165055
..\..\..\data_ds_project\systems\parquet\4903\system_4903__date_2015_06_24.snappy.000.parquet,pvdaq/parquet/pvdata/system_id=4903/year=2015/month=6/day=24/system_4903__date_2015_06_24.snappy.000.parquet,1779677453.964811
..\..\..\data_ds_project\systems\parquet\4903\system_4903__date_2015_06_25.snappy.000.parquet,pvdaq/parquet/pvdata/system_id=4903/year=2015/month=6/day=25/system_4903__date_2015_06_25.snappy.000.parquet,1779677454.281465
..\..\..\data_ds_project\systems\parquet\4903\system_4903__date_2015_06_26.snappy.000.parquet,pvdaq/parquet/pvdata/system_id=4903/year=2015/month=6/day=26/system_4903__date_2015_06_26.snappy.000.parquet,1779677454.561258
..\..\..\data_ds_project\systems\parquet\4903\system_4903__date_2015_06_27.snappy.000.parquet,pvdaq/parquet/pvdata/system_id=4903/year=2015/month=6/day=27/system_4903__date_2015_06_27.snappy.000.parquet,1779677454.875514
..\..\..\data_ds_project\systems\parquet\4903\system_4903__date_2015_06_28.snappy.000.parquet,pvdaq/parquet/pvdata/system_id=4903/year=2015/month=6/day=28/system_4903__date_2015_06_28.snappy.000.parquet,1779677455.1930134
..\..\..\data_ds_project\systems\parquet\4903\system_4903__date_2015_06_29.snappy.000.parquet,pvdaq/parquet/pvdata/system_id=4903/year=2015/month=6/day=29/system_4903__date_2015_06_29.snappy.000.parquet,1779677455.4397078
..\..\..\data_ds_project\systems\parquet\4903\system_4903__date_2015_06_03.snappy.000.parquet,pvdaq/parquet/pvdata/system_id=4903/year=2015/month=6/day=3/system_4903__date_2015_06_03.snappy.000.parquet,1779677455.712491
..\..\..\data_ds_project\systems\parquet\4903\system_4903__date_2015_06_30.snappy.000.parquet,pvdaq/parquet/pvdata/system_id=4903/year=2015/month=6/day=30/system_4903__date_2015_06_30.snappy.000.parquet,1779677455.956829
..\..\..\data_ds_project\systems\parquet\4903\system_4903__date_2015_06_04.snappy.000.parquet,pvdaq/parquet/pvdata/system_id=4903/year=2015/month=6/day=4/system_4903__date_2015_06_04.snappy.000.parquet,1779677456.2271714
..\..\..\data_ds_project\systems\parquet\4903\system_4903__date_2015_06_05.snappy.000.parquet,pvdaq/parquet/pvdata/system_id=4903/year=2015/month=6/day=5/system_4903__date_2015_06_05.snappy.000.parquet,1779677456.5192053
..\..\..\data_ds_project\systems\parquet\4903\system_4903__date_2015_06_07.snappy.000.parquet,pvdaq/parquet/pvdata/system_id=4903/year=2015/month=6/day=7/system_4903__date_2015_06_07.snappy.000.parquet,1779677456.7711067
..\..\..\data_ds_project\systems\parquet\4903\system_4903__date_2015_06_08.snappy.000.parquet,pvdaq/parquet/pvdata/system_id=4903/year=2015/month=6/day=8/system_4903__date_2015_06_08.snappy.000.parquet,1779677457.0365045
..\..\..\data_ds_project\systems\parquet\4903\system_4903__date_2015_06_09.snappy.000.parquet,pvdaq/parquet/pvdata/system_id=4903/year=2015/month=6/day=9/system_4903__date_2015_06_09.snappy.000.parquet,1779677457.3997808
..\..\..\data_ds_project\systems\parquet\4903\system_4903__date_2015_07_01.snappy.000.parquet,pvdaq/parquet/pvdata/system_id=4903/year=2015/month=7/day=1/system_4903__date_2015_07_01.snappy.000.parquet,1779677457.692798
..\..\..\data_ds_project\systems\parquet\4903\system_4903__date_2015_07_10.snappy.000.parquet,pvdaq/parquet/pvdata/system_id=4903/year=2015/month=7/day=10/system_4903__date_2015_07_10.snappy.000.parquet,1779677457.9792507
..\..\..\data_ds_project\systems\parquet\4903\system_4903__date_2015_07_11.snappy.000.parquet,pvdaq/parquet/pvdata/system_id=4903/year=2015/month=7/day=11/system_4903__date_2015_07_11.snappy.000.parquet,1779677458.262049
..\..\..\data_ds_project\systems\parquet\4903\system_4903__date_2015_07_12.snappy.000.parquet,pvdaq/parquet/pvdata/system_id=4903/year=2015/month=7/day=12/system_4903__date_2015_07_12.snappy.000.parquet,1779677458.5342586
..\..\..\data_ds_project\systems\parquet\4903\system_4903__date_2015_07_13.snappy.000.parquet,pvdaq/parquet/pvdata/system_id=4903/year=2015/month=7/day=13/system_4903__date_2015_07_13.snappy.000.parquet,1779677458.8201513
..\..\..\data_ds_project\systems\parquet\4903\system_4903__date_2015_07_14.snappy.000.parquet,pvdaq/parquet/pvdata/system_id=4903/year=2015/month=7/day=14/system_4903__date_2015_07_14.snappy.000.parquet,1779677459.0735092
..\..\..\data_ds_project\systems\parquet\4903\system_4903__date_2015_07_15.snappy.000.parquet,pvdaq/parquet/pvdata/system_id=4903/year=2015/month=7/day=15/system_4903__date_2015_07_15.snappy.000.parquet,1779677459.3514197
..\..\..\data_ds_project\systems\parquet\4903\system_4903__date_2015_07_16.snappy.000.parquet,pvdaq/parquet/pvdata/system_id=4903/year=2015/month=7/day=16/system_4903__date_2015_07_16.snappy.000.parquet,1779677459.6123276
..\..\..\data_ds_project\systems\parquet\4903\system_4903__date_2015_07_17.snappy.000.parquet,pvdaq/parquet/pvdata/system_id=4903/year=2015/month=7/day=17/system_4903__date_2015_07_17.snappy.000.parquet,1779677459.8932767
..\..\..\data_ds_project\systems\parquet\4903\system_4903__date_2015_07_18.snappy.000.parquet,pvdaq/parquet/pvdata/system_id=4903/year=2015/month=7/day=18/system_4903__date_2015_07_18.snappy.000.parquet,1779677460.2164962
..\..\..\data_ds_project\systems\parquet\4903\system_4903__date_2015_07_19.snappy.000.parquet,pvdaq/parquet/pvdata/system_id=4903/year=2015/month=7/day=19/system_4903__date_2015_07_19.snappy.000.parquet,1779677460.50666
..\..\..\data_ds_project\systems\parquet\4903\system_4903__date_2015_07_02.snappy.000.parquet,pvdaq/parquet/pvdata/system_id=4903/year=2015/month=7/day=2/system_4903__date_2015_07_02.snappy.000.parquet,1779677460.7818055
..\..\..\data_ds_project\systems\parquet\4903\system_4903__date_2015_07_20.snappy.000.parquet,pvdaq/parquet/pvdata/system_id=4903/year=2015/month=7/day=20/system_4903__date_2015_07_20.snappy.000.parquet,1779677461.0547547
..\..\..\data_ds_project\systems\parquet\4903\system_4903__date_2015_07_21.snappy.000.parquet,pvdaq/parquet/pvdata/system_id=4903/year=2015/month=7/day=21/system_4903__date_2015_07_21.snappy.000.parquet,1779677461.395025
..\..\..\data_ds_project\systems\parquet\4903\system_4903__date_2015_07_22.snappy.000.parquet,pvdaq/parquet/pvdata/system_id=4903/year=2015/month=7/day=22/system_4903__date_2015_07_22.snappy.000.parquet,1779677461.6403303
..\..\..\data_ds_project\systems\parquet\4903\system_4903__date_2015_07_23.snappy.000.parquet,pvdaq/parquet/pvdata/system_id=4903/year=2015/month=7/day=23/system_4903__date_2015_07_23.snappy.000.parquet,1779677461.9293334
..\..\..\data_ds_project\systems\parquet\4903\system_4903__date_2015_07_24.snappy.000.parquet,pvdaq/parquet/pvdata/system_id=4903/year=2015/month=7/day=24/system_4903__date_2015_07_24.snappy.000.parquet,1779677462.197006
..\..\..\data_ds_project\systems\parquet\4903\system_4903__date_2015_07_25.snappy.000.parquet,pvdaq/parquet/pvdata/system_id=4903/year=2015/month=7/day=25/system_4903__date_2015_07_25.snappy.000.parquet,1779677462.4760773
..\..\..\data_ds_project\systems\parquet\4903\system_4903__date_2015_07_26.snappy.000.parquet,pvdaq/parquet/pvdata/system_id=4903/year=2015/month=7/day=26/system_4903__date_2015_07_26.snappy.000.parquet,1779677462.7550602
..\..\..\data_ds_project\systems\parquet\4903\system_4903__date_2015_07_27.snappy.000.parquet,pvdaq/parquet/pvdata/system_id=4903/year=2015/month=7/day=27/system_4903__date_2015_07_27.snappy.000.parquet,1779677463.0392284
..\..\..\data_ds_project\systems\parquet\4903\system_4903__date_2015_07_28.snappy.000.parquet,pvdaq/parquet/pvdata/system_id=4903/year=2015/month=7/day=28/system_4903__date_2015_07_28.snappy.000.parquet,1779677463.2919269
..\..\..\data_ds_project\systems\parquet\4903\system_4903__date_2015_07_29.snappy.000.parquet,pvdaq/parquet/pvdata/system_id=4903/year=2015/month=7/day=29/system_4903__date_2015_07_29.snappy.000.parquet,1779677464.3877766
..\..\..\data_ds_project\systems\parquet\4903\system_4903__date_2015_07_03.snappy.000.parquet,pvdaq/parquet/pvdata/system_id=4903/year=2015/month=7/day=3/system_4903__date_2015_07_03.snappy.000.parquet,1779677464.726026
..\..\..\data_ds_project\systems\parquet\4903\system_4903__date_2015_07_30.snappy.000.parquet,pvdaq/parquet/pvdata/system_id=4903/year=2015/month=7/day=30/system_4903__date_2015_07_30.snappy.000.parquet,1779677465.0011816
..\..\..\data_ds_project\systems\parquet\4903\system_4903__date_2015_07_31.snappy.000.parquet,pvdaq/parquet/pvdata/system_id=4903/year=2015/month=7/day=31/system_4903__date_2015_07_31.snappy.000.parquet,1779677465.262333
..\..\..\data_ds_project\systems\parquet\4903\system_4903__date_2015_07_04.snappy.000.parquet,pvdaq/parquet/pvdata/system_id=4903/year=2015/month=7/day=4/system_4903__date_2015_07_04.snappy.000.parquet,1779677465.5724645
..\..\..\data_ds_project\systems\parquet\4903\system_4903__date_2015_07_05.snappy.000.parquet,pvdaq/parquet/pvdata/system_id=4903/year=2015/month=7/day=5/system_4903__date_2015_07_05.snappy.000.parquet,1779677465.864811
..\..\..\data_ds_project\systems\parquet\4903\system_4903__date_2015_07_06.snappy.000.parquet,pvdaq/parquet/pvdata/system_id=4903/year=2015/month=7/day=6/system_4903__date_2015_07_06.snappy.000.parquet,1779677466.1882672
..\..\..\data_ds_project\systems\parquet\4903\system_4903__date_2015_07_07.snappy.000.parquet,pvdaq/parquet/pvdata/system_id=4903/year=2015/month=7/day=7/system_4903__date_2015_07_07.snappy.000.parquet,1779677466.466556
..\..\..\data_ds_project\systems\parquet\4903\system_4903__date_2015_07_08.snappy.000.parquet,pvdaq/parquet/pvdata/system_id=4903/year=2015/month=7/day=8/system_4903__date_2015_07_08.snappy.000.parquet,1779677466.8123643
..\..\..\data_ds_project\systems\parquet\4903\system_4903__date_2015_07_09.snappy.000.parquet,pvdaq/parquet/pvdata/system_id=4903/year=2015/month=7/day=9/system_4903__date_2015_07_09.snappy.000.parquet,1779677467.0725095
..\..\..\data_ds_project\systems\parquet\4903\system_4903__date_2015_08_01.snappy.000.parquet,pvdaq/parquet/pvdata/system_id=4903/year=2015/month=8/day=1/system_4903__date_2015_08_01.snappy.000.parquet,1779677467.347499
..\..\..\data_ds_project\systems\parquet\4903\system_4903__date_2015_08_10.snappy.000.parquet,pvdaq/parquet/pvdata/system_id=4903/year=2015/month=8/day=10/system_4903__date_2015_08_10.snappy.000.parquet,1779677467.6227179
..\..\..\data_ds_project\systems\parquet\4903\system_4903__date_2015_08_11.snappy.000.parquet,pvdaq/parquet/pvdata/system_id=4903/year=2015/month=8/day=11/system_4903__date_2015_08_11.snappy.000.parquet,1779677467.9043431
..\..\..\data_ds_project\systems\parquet\4903\system_4903__date_2015_08_12.snappy.000.parquet,pvdaq/parquet/pvdata/system_id=4903/year=2015/month=8/day=12/system_4903__date_2015_08_12.snappy.000.parquet,1779677468.176156
..\..\..\data_ds_project\systems\parquet\4903\system_4903__date_2015_08_13.snappy.000.parquet,pvdaq/parquet/pvdata/system_id=4903/year=2015/month=8/day=13/system_4903__date_2015_08_13.snappy.000.parquet,1779677468.4762642
..\..\..\data_ds_project\systems\parquet\4903\system_4903__date_2015_08_14.snappy.000.parquet,pvdaq/parquet/pvdata/system_id=4903/year=2015/month=8/day=14/system_4903__date_2015_08_14.snappy.000.parquet,1779677468.7675233
..\..\..\data_ds_project\systems\parquet\4903\system_4903__date_2015_08_15.snappy.000.parquet,pvdaq/parquet/pvdata/system_id=4903/year=2015/month=8/day=15/system_4903__date_2015_08_15.snappy.000.parquet,1779677469.030732
..\..\..\data_ds_project\systems\parquet\4903\system_4903__date_2015_08_16.snappy.000.parquet,pvdaq/parquet/pvdata/system_id=4903/year=2015/month=8/day=16/system_4903__date_2015_08_16.snappy.000.parquet,1779677469.300666
..\..\..\data_ds_project\systems\parquet\4903\system_4903__date_2015_08_17.snappy.000.parquet,pvdaq/parquet/pvdata/system_id=4903/year=2015/month=8/day=17/system_4903__date_2015_08_17.snappy.000.parquet,1779677469.569785
..\..\..\data_ds_project\systems\parquet\4903\system_4903__date_2015_08_18.snappy.000.parquet,pvdaq/parquet/pvdata/system_id=4903/year=2015/month=8/day=18/system_4903__date_2015_08_18.snappy.000.parquet,1779677469.8420122
..\..\..\data_ds_project\systems\parquet\4903\system_4903__date_2015_08_19.snappy.000.parquet,pvdaq/parquet/pvdata/system_id=4903/year=2015/month=8/day=19/system_4903__date_2015_08_19.snappy.000.parquet,1779677470.117055
..\..\..\data_ds_project\systems\parquet\4903\system_4903__date_2015_08_02.snappy.000.parquet,pvdaq/parquet/pvdata/system_id=4903/year=2015/month=8/day=2/system_4903__date_2015_08_02.snappy.000.parquet,1779677470.396511
..\..\..\data_ds_project\systems\parquet\4903\system_4903__date_2015_08_20.snappy.000.parquet,pvdaq/parquet/pvdata/system_id=4903/year=2015/month=8/day=20/system_4903__date_2015_08_20.snappy.000.parquet,1779677470.6657531
..\..\..\data_ds_project\systems\parquet\4903\system_4903__date_2015_08_21.snappy.000.parquet,pvdaq/parquet/pvdata/system_id=4903/year=2015/month=8/day=21/system_4903__date_2015_08_21.snappy.000.parquet,1779677470.9848282
..\..\..\data_ds_project\systems\parquet\4903\system_4903__date_2015_08_22.snappy.000.parquet,pvdaq/parquet/pvdata/system_id=4903/year=2015/month=8/day=22/system_4903__date_2015_08_22.snappy.000.parquet,1779677471.273108
..\..\..\data_ds_project\systems\parquet\4903\system_4903__date_2015_08_23.snappy.000.parquet,pvdaq/parquet/pvdata/system_id=4903/year=2015/month=8/day=23/system_4903__date_2015_08_23.snappy.000.parquet,1779677471.549504
..\..\..\data_ds_project\systems\parquet\4903\system_4903__date_2015_08_24.snappy.000.parquet,pvdaq/parquet/pvdata/system_id=4903/year=2015/month=8/day=24/system_4903__date_2015_08_24.snappy.000.parquet,1779677471.8140776
..\..\..\data_ds_project\systems\parquet\4903\system_4903__date_2015_08_25.snappy.000.parquet,pvdaq/parquet/pvdata/system_id=4903/year=2015/month=8/day=25/system_4903__date_2015_08_25.snappy.000.parquet,1779677472.0889392
..\..\..\data_ds_project\systems\parquet\4903\system_4903__date_2015_08_26.snappy.000.parquet,pvdaq/parquet/pvdata/system_id=4903/year=2015/month=8/day=26/system_4903__date_2015_08_26.snappy.000.parquet,1779677472.37003
..\..\..\data_ds_project\systems\parquet\4903\system_4903__date_2015_08_27.snappy.000.parquet,pvdaq/parquet/pvdata/system_id=4903/year=2015/month=8/day=27/system_4903__date_2015_08_27.snappy.000.parquet,1779677472.6682796
..\..\..\data_ds_project\systems\parquet\4903\system_4903__date_2015_08_28.snappy.000.parquet,pvdaq/parquet/pvdata/system_id=4903/year=2015/month=8/day=28/system_4903__date_2015_08_28.snappy.000.parquet,1779677472.9311242
..\..\..\data_ds_project\systems\parquet\4903\system_4903__date_2015_08_29.snappy.000.parquet,pvdaq/parquet/pvdata/system_id=4903/year=2015/month=8/day=29/system_4903__date_2015_08_29.snappy.000.parquet,1779677473.183051
..\..\..\data_ds_project\systems\parquet\4903\system_4903__date_2015_08_03.snappy.000.parquet,pvdaq/parquet/pvdata/system_id=4903/year=2015/month=8/day=3/system_4903__date_2015_08_03.snappy.000.parquet,1779677473.449381
..\..\..\data_ds_project\systems\parquet\4903\system_4903__date_2015_08_30.snappy.000.parquet,pvdaq/parquet/pvdata/system_id=4903/year=2015/month=8/day=30/system_4903__date_2015_08_30.snappy.000.parquet,1779677473.7415946
..\..\..\data_ds_project\systems\parquet\4903\system_4903__date_2015_08_31.snappy.000.parquet,pvdaq/parquet/pvdata/system_id=4903/year=2015/month=8/day=31/system_4903__date_2015_08_31.snappy.000.parquet,1779677474.0119975
..\..\..\data_ds_project\systems\parquet\4903\system_4903__date_2015_08_04.snappy.000.parquet,pvdaq/parquet/pvdata/system_id=4903/year=2015/month=8/day=4/system_4903__date_2015_08_04.snappy.000.parquet,1779677474.281198
..\..\..\data_ds_project\systems\parquet\4903\system_4903__date_2015_08_05.snappy.000.parquet,pvdaq/parquet/pvdata/system_id=4903/year=2015/month=8/day=5/system_4903__date_2015_08_05.snappy.000.parquet,1779677474.539346
..\..\..\data_ds_project\systems\parquet\4903\system_4903__date_2015_08_06.snappy.000.parquet,pvdaq/parquet/pvdata/system_id=4903/year=2015/month=8/day=6/system_4903__date_2015_08_06.snappy.000.parquet,1779677474.8207977
..\..\..\data_ds_project\systems\parquet\4903\system_4903__date_2015_08_07.snappy.000.parquet,pvdaq/parquet/pvdata/system_id=4903/year=2015/month=8/day=7/system_4903__date_2015_08_07.snappy.000.parquet,1779677475.0898385
..\..\..\data_ds_project\systems\parquet\4903\system_4903__date_2015_08_09.snappy.000.parquet,pvdaq/parquet/pvdata/system_id=4903/year=2015/month=8/day=9/system_4903__date_2015_08_09.snappy.000.parquet,1779677475.4180915
..\..\..\data_ds_project\systems\parquet\4903\system_4903__date_2015_09_01.snappy.000.parquet,pvdaq/parquet/pvdata/system_id=4903/year=2015/month=9/day=1/system_4903__date_2015_09_01.snappy.000.parquet,1779677475.7301729
..\..\..\data_ds_project\systems\parquet\4903\system_4903__date_2015_09_10.snappy.000.parquet,pvdaq/parquet/pvdata/system_id=4903/year=2015/month=9/day=10/system_4903__date_2015_09_10.snappy.000.parquet,1779677476.0007334
..\..\..\data_ds_project\systems\parquet\4903\system_4903__date_2015_09_11.snappy.000.parquet,pvdaq/parquet/pvdata/system_id=4903/year=2015/month=9/day=11/system_4903__date_2015_09_11.snappy.000.parquet,1779677476.2708137
..\..\..\data_ds_project\systems\parquet\4903\system_4903__date_2015_09_12.snappy.000.parquet,pvdaq/parquet/pvdata/system_id=4903/year=2015/month=9/day=12/system_4903__date_2015_09_12.snappy.000.parquet,1779677476.6140594
..\..\..\data_ds_project\systems\parquet\4903\system_4903__date_2015_09_13.snappy.000.parquet,pvdaq/parquet/pvdata/system_id=4903/year=2015/month=9/day=13/system_4903__date_2015_09_13.snappy.000.parquet,1779677476.8713787
..\..\..\data_ds_project\systems\parquet\4903\system_4903__date_2015_09_14.snappy.000.parquet,pvdaq/parquet/pvdata/system_id=4903/year=2015/month=9/day=14/system_4903__date_2015_09_14.snappy.000.parquet,1779677477.1553535
..\..\..\data_ds_project\systems\parquet\4903\system_4903__date_2015_09_15.snappy.000.parquet,pvdaq/parquet/pvdata/system_id=4903/year=2015/month=9/day=15/system_4903__date_2015_09_15.snappy.000.parquet,1779677477.4269178
..\..\..\data_ds_project\systems\parquet\4903\system_4903__date_2015_09_16.snappy.000.parquet,pvdaq/parquet/pvdata/system_id=4903/year=2015/month=9/day=16/system_4903__date_2015_09_16.snappy.000.parquet,1779677477.6882503
..\..\..\data_ds_project\systems\parquet\4903\system_4903__date_2015_09_17.snappy.000.parquet,pvdaq/parquet/pvdata/system_id=4903/year=2015/month=9/day=17/system_4903__date_2015_09_17.snappy.000.parquet,1779677477.9563408
..\..\..\data_ds_project\systems\parquet\4903\system_4903__date_2015_09_18.snappy.000.parquet,pvdaq/parquet/pvdata/system_id=4903/year=2015/month=9/day=18/system_4903__date_2015_09_18.snappy.000.parquet,1779677478.24539
..\..\..\data_ds_project\systems\parquet\4903\system_4903__date_2015_09_19.snappy.000.parquet,pvdaq/parquet/pvdata/system_id=4903/year=2015/month=9/day=19/system_4903__date_2015_09_19.snappy.000.parquet,1779677479.3055623
..\..\..\data_ds_project\systems\parquet\4903\system_4903__date_2015_09_02.snappy.000.parquet,pvdaq/parquet/pvdata/system_id=4903/year=2015/month=9/day=2/system_4903__date_2015_09_02.snappy.000.parquet,1779677479.6855578
..\..\..\data_ds_project\systems\parquet\4903\system_4903__date_2015_09_20.snappy.000.parquet,pvdaq/parquet/pvdata/system_id=4903/year=2015/month=9/day=20/system_4903__date_2015_09_20.snappy.000.parquet,1779677479.9518974
..\..\..\data_ds_project\systems\parquet\4903\system_4903__date_2015_09_21.snappy.000.parquet,pvdaq/parquet/pvdata/system_id=4903/year=2015/month=9/day=21/system_4903__date_2015_09_21.snappy.000.parquet,1779677480.2561488
..\..\..\data_ds_project\systems\parquet\4903\system_4903__date_2015_09_22.snappy.000.parquet,pvdaq/parquet/pvdata/system_id=4903/year=2015/month=9/day=22/system_4903__date_2015_09_22.snappy.000.parquet,1779677480.546322
..\..\..\data_ds_project\systems\parquet\4903\system_4903__date_2015_09_23.snappy.000.parquet,pvdaq/parquet/pvdata/system_id=4903/year=2015/month=9/day=23/system_4903__date_2015_09_23.snappy.000.parquet,1779677480.8245916
..\..\..\data_ds_project\systems\parquet\4903\system_4903__date_2015_09_24.snappy.000.parquet,pvdaq/parquet/pvdata/system_id=4903/year=2015/month=9/day=24/system_4903__date_2015_09_24.snappy.000.parquet,1779677481.1554468
..\..\..\data_ds_project\systems\parquet\4903\system_4903__date_2015_09_25.snappy.000.parquet,pvdaq/parquet/pvdata/system_id=4903/year=2015/month=9/day=25/system_4903__date_2015_09_25.snappy.000.parquet,1779677481.4270535
..\..\..\data_ds_project\systems\parquet\4903\system_4903__date_2015_09_26.snappy.000.parquet,pvdaq/parquet/pvdata/system_id=4903/year=2015/month=9/day=26/system_4903__date_2015_09_26.snappy.000.parquet,1779677481.7403638
..\..\..\data_ds_project\systems\parquet\4903\system_4903__date_2015_09_27.snappy.000.parquet,pvdaq/parquet/pvdata/system_id=4903/year=2015/month=9/day=27/system_4903__date_2015_09_27.snappy.000.parquet,1779677482.0652564
..\..\..\data_ds_project\systems\parquet\4903\system_4903__date_2015_09_28.snappy.000.parquet,pvdaq/parquet/pvdata/system_id=4903/year=2015/month=9/day=28/system_4903__date_2015_09_28.snappy.000.parquet,1779677482.3526056
..\..\..\data_ds_project\systems\parquet\4903\system_4903__date_2015_09_29.snappy.000.parquet,pvdaq/parquet/pvdata/system_id=4903/year=2015/month=9/day=29/system_4903__date_2015_09_29.snappy.000.parquet,1779677482.6412675
..\..\..\data_ds_project\systems\parquet\4903\system_4903__date_2015_09_03.snappy.000.parquet,pvdaq/parquet/pvdata/system_id=4903/year=2015/month=9/day=3/system_4903__date_2015_09_03.snappy.000.parquet,1779677482.9304745
..\..\..\data_ds_project\systems\parquet\4903\system_4903__date_2015_09_30.snappy.000.parquet,pvdaq/parquet/pvdata/system_id=4903/year=2015/month=9/day=30/system_4903__date_2015_09_30.snappy.000.parquet,1779677483.1828787
..\..\..\data_ds_project\systems\parquet\4903\system_4903__date_2015_09_04.snappy.000.parquet,pvdaq/parquet/pvdata/system_id=4903/year=2015/month=9/day=4/system_4903__date_2015_09_04.snappy.000.parquet,1779677483.465259
..\..\..\data_ds_project\systems\parquet\4903\system_4903__date_2015_09_05.snappy.000.parquet,pvdaq/parquet/pvdata/system_id=4903/year=2015/month=9/day=5/system_4903__date_2015_09_05.snappy.000.parquet,1779677483.7128222
..\..\..\data_ds_project\systems\parquet\4903\system_4903__date_2015_09_06.snappy.000.parquet,pvdaq/parquet/pvdata/system_id=4903/year=2015/month=9/day=6/system_4903__date_2015_09_06.snappy.000.parquet,1779677483.9889991
..\..\..\data_ds_project\systems\parquet\4903\system_4903__date_2015_09_07.snappy.000.parquet,pvdaq/parquet/pvdata/system_id=4903/year=2015/month=9/day=7/system_4903__date_2015_09_07.snappy.000.parquet,1779677484.2284007
..\..\..\data_ds_project\systems\parquet\4903\system_4903__date_2015_09_08.snappy.000.parquet,pvdaq/parquet/pvdata/system_id=4903/year=2015/month=9/day=8/system_4903__date_2015_09_08.snappy.000.parquet,1779677484.4965675
..\..\..\data_ds_project\systems\parquet\4903\system_4903__date_2015_09_09.snappy.000.parquet,pvdaq/parquet/pvdata/system_id=4903/year=2015/month=9/day=9/system_4903__date_2015_09_09.snappy.000.parquet,1779677484.757166
..\..\..\data_ds_project\systems\parquet\4903\system_4903__date_2016_01_01.snappy.000.parquet,pvdaq/parquet/pvdata/system_id=4903/year=2016/month=1/day=1/system_4903__date_2016_01_01.snappy.000.parquet,1779677485.1279547
..\..\..\data_ds_project\systems\parquet\4903\system_4903__date_2016_01_10.snappy.000.parquet,pvdaq/parquet/pvdata/system_id=4903/year=2016/month=1/day=10/system_4903__date_2016_01_10.snappy.000.parquet,1779677485.3604686
..\..\..\data_ds_project\systems\parquet\4903\system_4903__date_2016_01_11.snappy.000.parquet,pvdaq/parquet/pvdata/system_id=4903/year=2016/month=1/day=11/system_4903__date_2016_01_11.snappy.000.parquet,1779677485.6058772
..\..\..\data_ds_project\systems\parquet\4903\system_4903__date_2016_01_12.snappy.000.parquet,pvdaq/parquet/pvdata/system_id=4903/year=2016/month=1/day=12/system_4903__date_2016_01_12.snappy.000.parquet,1779677485.859336
..\..\..\data_ds_project\systems\parquet\4903\system_4903__date_2016_01_13.snappy.000.parquet,pvdaq/parquet/pvdata/system_id=4903/year=2016/month=1/day=13/system_4903__date_2016_01_13.snappy.000.parquet,1779677486.1409993
..\..\..\data_ds_project\systems\parquet\4903\system_4903__date_2016_01_14.snappy.000.parquet,pvdaq/parquet/pvdata/system_id=4903/year=2016/month=1/day=14/system_4903__date_2016_01_14.snappy.000.parquet,1779677486.3973858
..\..\..\data_ds_project\systems\parquet\4903\system_4903__date_2016_01_15.snappy.000.parquet,pvdaq/parquet/pvdata/system_id=4903/year=2016/month=1/day=15/system_4903__date_2016_01_15.snappy.000.parquet,1779677486.6509073
..\..\..\data_ds_project\systems\parquet\4903\system_4903__date_2016_01_16.snappy.000.parquet,pvdaq/parquet/pvdata/system_id=4903/year=2016/month=1/day=16/system_4903__date_2016_01_16.snappy.000.parquet,1779677486.9090858
..\..\..\data_ds_project\systems\parquet\4903\system_4903__date_2016_01_17.snappy.000.parquet,pvdaq/parquet/pvdata/system_id=4903/year=2016/month=1/day=17/system_4903__date_2016_01_17.snappy.000.parquet,1779677487.1819856
..\..\..\data_ds_project\systems\parquet\4903\system_4903__date_2016_01_18.snappy.000.parquet,pvdaq/parquet/pvdata/system_id=4903/year=2016/month=1/day=18/system_4903__date_2016_01_18.snappy.000.parquet,1779677487.4504325
..\..\..\data_ds_project\systems\parquet\4903\system_4903__date_2016_01_19.snappy.000.parquet,pvdaq/parquet/pvdata/system_id=4903/year=2016/month=1/day=19/system_4903__date_2016_01_19.snappy.000.parquet,1779677487.714563
..\..\..\data_ds_project\systems\parquet\4903\system_4903__date_2016_01_02.snappy.000.parquet,pvdaq/parquet/pvdata/system_id=4903/year=2016/month=1/day=2/system_4903__date_2016_01_02.snappy.000.parquet,1779677488.012957
..\..\..\data_ds_project\systems\parquet\4903\system_4903__date_2016_01_20.snappy.000.parquet,pvdaq/parquet/pvdata/system_id=4903/year=2016/month=1/day=20/system_4903__date_2016_01_20.snappy.000.parquet,1779677488.2953753
..\..\..\data_ds_project\systems\parquet\4903\system_4903__date_2016_01_21.snappy.000.parquet,pvdaq/parquet/pvdata/system_id=4903/year=2016/month=1/day=21/system_4903__date_2016_01_21.snappy.000.parquet,1779677488.5558133
..\..\..\data_ds_project\systems\parquet\4903\system_4903__date_2016_01_22.snappy.000.parquet,pvdaq/parquet/pvdata/system_id=4903/year=2016/month=1/day=22/system_4903__date_2016_01_22.snappy.000.parquet,1779677488.8331335
..\..\..\data_ds_project\systems\parquet\4903\system_4903__date_2016_01_23.snappy.000.parquet,pvdaq/parquet/pvdata/system_id=4903/year=2016/month=1/day=23/system_4903__date_2016_01_23.snappy.000.parquet,1779677489.1105082
..\..\..\data_ds_project\systems\parquet\4903\system_4903__date_2016_01_24.snappy.000.parquet,pvdaq/parquet/pvdata/system_id=4903/year=2016/month=1/day=24/system_4903__date_2016_01_24.snappy.000.parquet,1779677489.395408
..\..\..\data_ds_project\systems\parquet\4903\system_4903__date_2016_01_25.snappy.000.parquet,pvdaq/parquet/pvdata/system_id=4903/year=2016/month=1/day=25/system_4903__date_2016_01_25.snappy.000.parquet,1779677489.6695364
..\..\..\data_ds_project\systems\parquet\4903\system_4903__date_2016_01_26.snappy.000.parquet,pvdaq/parquet/pvdata/system_id=4903/year=2016/month=1/day=26/system_4903__date_2016_01_26.snappy.000.parquet,1779677489.9571373
..\..\..\data_ds_project\systems\parquet\4903\system_4903__date_2016_01_27.snappy.000.parquet,pvdaq/parquet/pvdata/system_id=4903/year=2016/month=1/day=27/system_4903__date_2016_01_27.snappy.000.parquet,1779677490.284977
..\..\..\data_ds_project\systems\parquet\4903\system_4903__date_2016_01_28.snappy.000.parquet,pvdaq/parquet/pvdata/system_id=4903/year=2016/month=1/day=28/system_4903__date_2016_01_28.snappy.000.parquet,1779677490.5712996
..\..\..\data_ds_project\systems\parquet\4903\system_4903__date_2016_01_29.snappy.000.parquet,pvdaq/parquet/pvdata/system_id=4903/year=2016/month=1/day=29/system_4903__date_2016_01_29.snappy.000.parquet,1779677490.8359437
..\..\..\data_ds_project\systems\parquet\4903\system_4903__date_2016_01_03.snappy.000.parquet,pvdaq/parquet/pvdata/system_id=4903/year=2016/month=1/day=3/system_4903__date_2016_01_03.snappy.000.parquet,1779677491.1112883
..\..\..\data_ds_project\systems\parquet\4903\system_4903__date_2016_01_30.snappy.000.parquet,pvdaq/parquet/pvdata/system_id=4903/year=2016/month=1/day=30/system_4903__date_2016_01_30.snappy.000.parquet,1779677491.3644395
..\..\..\data_ds_project\systems\parquet\4903\system_4903__date_2016_01_31.snappy.000.parquet,pvdaq/parquet/pvdata/system_id=4903/year=2016/month=1/day=31/system_4903__date_2016_01_31.snappy.000.parquet,1779677491.6567173
..\..\..\data_ds_project\systems\parquet\4903\system_4903__date_2016_01_04.snappy.000.parquet,pvdaq/parquet/pvdata/system_id=4903/year=2016/month=1/day=4/system_4903__date_2016_01_04.snappy.000.parquet,1779677491.9847429
..\..\..\data_ds_project\systems\parquet\4903\system_4903__date_2016_01_05.snappy.000.parquet,pvdaq/parquet/pvdata/system_id=4903/year=2016/month=1/day=5/system_4903__date_2016_01_05.snappy.000.parquet,1779677492.2691565
..\..\..\data_ds_project\systems\parquet\4903\system_4903__date_2016_01_06.snappy.000.parquet,pvdaq/parquet/pvdata/system_id=4903/year=2016/month=1/day=6/system_4903__date_2016_01_06.snappy.000.parquet,1779677492.5437653
..\..\..\data_ds_project\systems\parquet\4903\system_4903__date_2016_01_07.snappy.000.parquet,pvdaq/parquet/pvdata/system_id=4903/year=2016/month=1/day=7/system_4903__date_2016_01_07.snappy.000.parquet,1779677492.8001442
..\..\..\data_ds_project\systems\parquet\4903\system_4903__date_2016_01_08.snappy.000.parquet,pvdaq/parquet/pvdata/system_id=4903/year=2016/month=1/day=8/system_4903__date_2016_01_08.snappy.000.parquet,1779677493.0873961
..\..\..\data_ds_project\systems\parquet\4903\system_4903__date_2016_01_09.snappy.000.parquet,pvdaq/parquet/pvdata/system_id=4903/year=2016/month=1/day=9/system_4903__date_2016_01_09.snappy.000.parquet,1779677494.1427908
..\..\..\data_ds_project\systems\parquet\4903\system_4903__date_2016_10_01.snappy.000.parquet,pvdaq/parquet/pvdata/system_id=4903/year=2016/month=10/day=1/system_4903__date_2016_10_01.snappy.000.parquet,1779677494.516042
..\..\..\data_ds_project\systems\parquet\4903\system_4903__date_2016_10_11.snappy.000.parquet,pvdaq/parquet/pvdata/system_id=4903/year=2016/month=10/day=11/system_4903__date_2016_10_11.snappy.000.parquet,1779677494.8740067
..\..\..\data_ds_project\systems\parquet\4903\system_4903__date_2016_10_12.snappy.000.parquet,pvdaq/parquet/pvdata/system_id=4903/year=2016/month=10/day=12/system_4903__date_2016_10_12.snappy.000.parquet,1779677495.1658688
..\..\..\data_ds_project\systems\parquet\4903\system_4903__date_2016_10_13.snappy.000.parquet,pvdaq/parquet/pvdata/system_id=4903/year=2016/month=10/day=13/system_4903__date_2016_10_13.snappy.000.parquet,1779677495.4701593
..\..\..\data_ds_project\systems\parquet\4903\system_4903__date_2016_10_14.snappy.000.parquet,pvdaq/parquet/pvdata/system_id=4903/year=2016/month=10/day=14/system_4903__date_2016_10_14.snappy.000.parquet,1779677495.7363198
..\..\..\data_ds_project\systems\parquet\4903\system_4903__date_2016_10_15.snappy.000.parquet,pvdaq/parquet/pvdata/system_id=4903/year=2016/month=10/day=15/system_4903__date_2016_10_15.snappy.000.parquet,1779677495.997311
..\..\..\data_ds_project\systems\parquet\4903\system_4903__date_2016_10_16.snappy.000.parquet,pvdaq/parquet/pvdata/system_id=4903/year=2016/month=10/day=16/system_4903__date_2016_10_16.snappy.000.parquet,1779677496.2806177
..\..\..\data_ds_project\systems\parquet\4903\system_4903__date_2016_10_17.snappy.000.parquet,pvdaq/parquet/pvdata/system_id=4903/year=2016/month=10/day=17/system_4903__date_2016_10_17.snappy.000.parquet,1779677496.5591195
..\..\..\data_ds_project\systems\parquet\4903\system_4903__date_2016_10_18.snappy.000.parquet,pvdaq/parquet/pvdata/system_id=4903/year=2016/month=10/day=18/system_4903__date_2016_10_18.snappy.000.parquet,1779677496.8314028
..\..\..\data_ds_project\systems\parquet\4903\system_4903__date_2016_10_19.snappy.000.parquet,pvdaq/parquet/pvdata/system_id=4903/year=2016/month=10/day=19/system_4903__date_2016_10_19.snappy.000.parquet,1779677497.1167274
..\..\..\data_ds_project\systems\parquet\4903\system_4903__date_2016_10_02.snappy.000.parquet,pvdaq/parquet/pvdata/system_id=4903/year=2016/month=10/day=2/system_4903__date_2016_10_02.snappy.000.parquet,1779677497.437847
..\..\..\data_ds_project\systems\parquet\4903\system_4903__date_2016_10_20.snappy.000.parquet,pvdaq/parquet/pvdata/system_id=4903/year=2016/month=10/day=20/system_4903__date_2016_10_20.snappy.000.parquet,1779677497.7420902
..\..\..\data_ds_project\systems\parquet\4903\system_4903__date_2016_10_21.snappy.000.parquet,pvdaq/parquet/pvdata/system_id=4903/year=2016/month=10/day=21/system_4903__date_2016_10_21.snappy.000.parquet,1779677498.0267394
..\..\..\data_ds_project\systems\parquet\4903\system_4903__date_2016_10_22.snappy.000.parquet,pvdaq/parquet/pvdata/system_id=4903/year=2016/month=10/day=22/system_4903__date_2016_10_22.snappy.000.parquet,1779677498.320639
..\..\..\data_ds_project\systems\parquet\4903\system_4903__date_2016_10_23.snappy.000.parquet,pvdaq/parquet/pvdata/system_id=4903/year=2016/month=10/day=23/system_4903__date_2016_10_23.snappy.000.parquet,1779677498.6143582
..\..\..\data_ds_project\systems\parquet\4903\system_4903__date_2016_10_24.snappy.000.parquet,pvdaq/parquet/pvdata/system_id=4903/year=2016/month=10/day=24/system_4903__date_2016_10_24.snappy.000.parquet,1779677498.9064574
..\..\..\data_ds_project\systems\parquet\4903\system_4903__date_2016_10_25.snappy.000.parquet,pvdaq/parquet/pvdata/system_id=4903/year=2016/month=10/day=25/system_4903__date_2016_10_25.snappy.000.parquet,1779677499.1900973
..\..\..\data_ds_project\systems\parquet\4903\system_4903__date_2016_10_26.snappy.000.parquet,pvdaq/parquet/pvdata/system_id=4903/year=2016/month=10/day=26/system_4903__date_2016_10_26.snappy.000.parquet,1779677499.4874387
..\..\..\data_ds_project\systems\parquet\4903\system_4903__date_2016_10_27.snappy.000.parquet,pvdaq/parquet/pvdata/system_id=4903/year=2016/month=10/day=27/system_4903__date_2016_10_27.snappy.000.parquet,1779677499.7630527
..\..\..\data_ds_project\systems\parquet\4903\system_4903__date_2016_10_28.snappy.000.parquet,pvdaq/parquet/pvdata/system_id=4903/year=2016/month=10/day=28/system_4903__date_2016_10_28.snappy.000.parquet,1779677500.0779936
..\..\..\data_ds_project\systems\parquet\4903\system_4903__date_2016_10_29.snappy.000.parquet,pvdaq/parquet/pvdata/system_id=4903/year=2016/month=10/day=29/system_4903__date_2016_10_29.snappy.000.parquet,1779677500.3550715
..\..\..\data_ds_project\systems\parquet\4903\system_4903__date_2016_10_03.snappy.000.parquet,pvdaq/parquet/pvdata/system_id=4903/year=2016/month=10/day=3/system_4903__date_2016_10_03.snappy.000.parquet,1779677500.6272752
..\..\..\data_ds_project\systems\parquet\4903\system_4903__date_2016_10_30.snappy.000.parquet,pvdaq/parquet/pvdata/system_id=4903/year=2016/month=10/day=30/system_4903__date_2016_10_30.snappy.000.parquet,1779677500.920855
..\..\..\data_ds_project\systems\parquet\4903\system_4903__date_2016_10_31.snappy.000.parquet,pvdaq/parquet/pvdata/system_id=4903/year=2016/month=10/day=31/system_4903__date_2016_10_31.snappy.000.parquet,1779677501.234759
..\..\..\data_ds_project\systems\parquet\4903\system_4903__date_2016_10_04.snappy.000.parquet,pvdaq/parquet/pvdata/system_id=4903/year=2016/month=10/day=4/system_4903__date_2016_10_04.snappy.000.parquet,1779677501.50696
..\..\..\data_ds_project\systems\parquet\4903\system_4903__date_2016_10_05.snappy.000.parquet,pvdaq/parquet/pvdata/system_id=4903/year=2016/month=10/day=5/system_4903__date_2016_10_05.snappy.000.parquet,1779677501.7503977
..\..\..\data_ds_project\systems\parquet\4903\system_4903__date_2016_10_06.snappy.000.parquet,pvdaq/parquet/pvdata/system_id=4903/year=2016/month=10/day=6/system_4903__date_2016_10_06.snappy.000.parquet,1779677502.0717478
..\..\..\data_ds_project\systems\parquet\4903\system_4903__date_2016_10_07.snappy.000.parquet,pvdaq/parquet/pvdata/system_id=4903/year=2016/month=10/day=7/system_4903__date_2016_10_07.snappy.000.parquet,1779677502.3381083
..\..\..\data_ds_project\systems\parquet\4903\system_4903__date_2016_10_08.snappy.000.parquet,pvdaq/parquet/pvdata/system_id=4903/year=2016/month=10/day=8/system_4903__date_2016_10_08.snappy.000.parquet,1779677502.6355653
..\..\..\data_ds_project\systems\parquet\4903\system_4903__date_2016_10_09.snappy.000.parquet,pvdaq/parquet/pvdata/system_id=4903/year=2016/month=10/day=9/system_4903__date_2016_10_09.snappy.000.parquet,1779677502.8953807
..\..\..\data_ds_project\systems\parquet\4903\system_4903__date_2016_11_01.snappy.000.parquet,pvdaq/parquet/pvdata/system_id=4903/year=2016/month=11/day=1/system_4903__date_2016_11_01.snappy.000.parquet,1779677503.1265254
..\..\..\data_ds_project\systems\parquet\4903\system_4903__date_2016_11_10.snappy.000.parquet,pvdaq/parquet/pvdata/system_id=4903/year=2016/month=11/day=10/system_4903__date_2016_11_10.snappy.000.parquet,1779677503.3978572
..\..\..\data_ds_project\systems\parquet\4903\system_4903__date_2016_11_11.snappy.000.parquet,pvdaq/parquet/pvdata/system_id=4903/year=2016/month=11/day=11/system_4903__date_2016_11_11.snappy.000.parquet,1779677503.6533697
..\..\..\data_ds_project\systems\parquet\4903\system_4903__date_2016_11_12.snappy.000.parquet,pvdaq/parquet/pvdata/system_id=4903/year=2016/month=11/day=12/system_4903__date_2016_11_12.snappy.000.parquet,1779677504.006422
..\..\..\data_ds_project\systems\parquet\4903\system_4903__date_2016_11_13.snappy.000.parquet,pvdaq/parquet/pvdata/system_id=4903/year=2016/month=11/day=13/system_4903__date_2016_11_13.snappy.000.parquet,1779677504.2762628
..\..\..\data_ds_project\systems\parquet\4903\system_4903__date_2016_11_14.snappy.000.parquet,pvdaq/parquet/pvdata/system_id=4903/year=2016/month=11/day=14/system_4903__date_2016_11_14.snappy.000.parquet,1779677504.5255752
..\..\..\data_ds_project\systems\parquet\4903\system_4903__date_2016_11_15.snappy.000.parquet,pvdaq/parquet/pvdata/system_id=4903/year=2016/month=11/day=15/system_4903__date_2016_11_15.snappy.000.parquet,1779677504.7997751
..\..\..\data_ds_project\systems\parquet\4903\system_4903__date_2016_11_16.snappy.000.parquet,pvdaq/parquet/pvdata/system_id=4903/year=2016/month=11/day=16/system_4903__date_2016_11_16.snappy.000.parquet,1779677505.075183
..\..\..\data_ds_project\systems\parquet\4903\system_4903__date_2016_11_17.snappy.000.parquet,pvdaq/parquet/pvdata/system_id=4903/year=2016/month=11/day=17/system_4903__date_2016_11_17.snappy.000.parquet,1779677505.3344338
..\..\..\data_ds_project\systems\parquet\4903\system_4903__date_2016_11_18.snappy.000.parquet,pvdaq/parquet/pvdata/system_id=4903/year=2016/month=11/day=18/system_4903__date_2016_11_18.snappy.000.parquet,1779677505.5910356
..\..\..\data_ds_project\systems\parquet\4903\system_4903__date_2016_11_19.snappy.000.parquet,pvdaq/parquet/pvdata/system_id=4903/year=2016/month=11/day=19/system_4903__date_2016_11_19.snappy.000.parquet,1779677505.862284
..\..\..\data_ds_project\systems\parquet\4903\system_4903__date_2016_11_02.snappy.000.parquet,pvdaq/parquet/pvdata/system_id=4903/year=2016/month=11/day=2/system_4903__date_2016_11_02.snappy.000.parquet,1779677506.1672187
..\..\..\data_ds_project\systems\parquet\4903\system_4903__date_2016_11_20.snappy.000.parquet,pvdaq/parquet/pvdata/system_id=4903/year=2016/month=11/day=20/system_4903__date_2016_11_20.snappy.000.parquet,1779677506.4651852
..\..\..\data_ds_project\systems\parquet\4903\system_4903__date_2016_11_21.snappy.000.parquet,pvdaq/parquet/pvdata/system_id=4903/year=2016/month=11/day=21/system_4903__date_2016_11_21.snappy.000.parquet,1779677506.7341475
..\..\..\data_ds_project\systems\parquet\4903\system_4903__date_2016_11_22.snappy.000.parquet,pvdaq/parquet/pvdata/system_id=4903/year=2016/month=11/day=22/system_4903__date_2016_11_22.snappy.000.parquet,1779677506.9743881
..\..\..\data_ds_project\systems\parquet\4903\system_4903__date_2016_11_23.snappy.000.parquet,pvdaq/parquet/pvdata/system_id=4903/year=2016/month=11/day=23/system_4903__date_2016_11_23.snappy.000.parquet,1779677507.2888398
..\..\..\data_ds_project\systems\parquet\4903\system_4903__date_2016_11_24.snappy.000.parquet,pvdaq/parquet/pvdata/system_id=4903/year=2016/month=11/day=24/system_4903__date_2016_11_24.snappy.000.parquet,1779677507.5449278
..\..\..\data_ds_project\systems\parquet\4903\system_4903__date_2016_11_25.snappy.000.parquet,pvdaq/parquet/pvdata/system_id=4903/year=2016/month=11/day=25/system_4903__date_2016_11_25.snappy.000.parquet,1779677507.7904563
..\..\..\data_ds_project\systems\parquet\4903\system_4903__date_2016_11_26.snappy.000.parquet,pvdaq/parquet/pvdata/system_id=4903/year=2016/month=11/day=26/system_4903__date_2016_11_26.snappy.000.parquet,1779677508.064735
..\..\..\data_ds_project\systems\parquet\4903\system_4903__date_2016_11_27.snappy.000.parquet,pvdaq/parquet/pvdata/system_id=4903/year=2016/month=11/day=27/system_4903__date_2016_11_27.snappy.000.parquet,1779677509.1673827
..\..\..\data_ds_project\systems\parquet\4903\system_4903__date_2016_11_28.snappy.000.parquet,pvdaq/parquet/pvdata/system_id=4903/year=2016/month=11/day=28/system_4903__date_2016_11_28.snappy.000.parquet,1779677509.5343661
..\..\..\data_ds_project\systems\parquet\4903\system_4903__date_2016_11_29.snappy.000.parquet,pvdaq/parquet/pvdata/system_id=4903/year=2016/month=11/day=29/system_4903__date_2016_11_29.snappy.000.parquet,1779677509.8778543
..\..\..\data_ds_project\systems\parquet\4903\system_4903__date_2016_11_03.snappy.000.parquet,pvdaq/parquet/pvdata/system_id=4903/year=2016/month=11/day=3/system_4903__date_2016_11_03.snappy.000.parquet,1779677510.117216
..\..\..\data_ds_project\systems\parquet\4903\system_4903__date_2016_11_30.snappy.000.parquet,pvdaq/parquet/pvdata/system_id=4903/year=2016/month=11/day=30/system_4903__date_2016_11_30.snappy.000.parquet,1779677510.3732924
..\..\..\data_ds_project\systems\parquet\4903\system_4903__date_2016_11_04.snappy.000.parquet,pvdaq/parquet/pvdata/system_id=4903/year=2016/month=11/day=4/system_4903__date_2016_11_04.snappy.000.parquet,1779677510.5996642
..\..\..\data_ds_project\systems\parquet\4903\system_4903__date_2016_11_05.snappy.000.parquet,pvdaq/parquet/pvdata/system_id=4903/year=2016/month=11/day=5/system_4903__date_2016_11_05.snappy.000.parquet,1779677510.860887
..\..\..\data_ds_project\systems\parquet\4903\system_4903__date_2016_11_06.snappy.000.parquet,pvdaq/parquet/pvdata/system_id=4903/year=2016/month=11/day=6/system_4903__date_2016_11_06.snappy.000.parquet,1779677511.1790407
..\..\..\data_ds_project\systems\parquet\4903\system_4903__date_2016_11_07.snappy.000.parquet,pvdaq/parquet/pvdata/system_id=4903/year=2016/month=11/day=7/system_4903__date_2016_11_07.snappy.000.parquet,1779677511.4298103
..\..\..\data_ds_project\systems\parquet\4903\system_4903__date_2016_11_08.snappy.000.parquet,pvdaq/parquet/pvdata/system_id=4903/year=2016/month=11/day=8/system_4903__date_2016_11_08.snappy.000.parquet,1779677511.690281
..\..\..\data_ds_project\systems\parquet\4903\system_4903__date_2016_11_09.snappy.000.parquet,pvdaq/parquet/pvdata/system_id=4903/year=2016/month=11/day=9/system_4903__date_2016_11_09.snappy.000.parquet,1779677511.9505522
..\..\..\data_ds_project\systems\parquet\4903\system_4903__date_2016_12_01.snappy.000.parquet,pvdaq/parquet/pvdata/system_id=4903/year=2016/month=12/day=1/system_4903__date_2016_12_01.snappy.000.parquet,1779677512.2120132
..\..\..\data_ds_project\systems\parquet\4903\system_4903__date_2016_12_10.snappy.000.parquet,pvdaq/parquet/pvdata/system_id=4903/year=2016/month=12/day=10/system_4903__date_2016_12_10.snappy.000.parquet,1779677512.4658122
..\..\..\data_ds_project\systems\parquet\4903\system_4903__date_2016_12_11.snappy.000.parquet,pvdaq/parquet/pvdata/system_id=4903/year=2016/month=12/day=11/system_4903__date_2016_12_11.snappy.000.parquet,1779677512.7899547
..\..\..\data_ds_project\systems\parquet\4903\system_4903__date_2016_12_12.snappy.000.parquet,pvdaq/parquet/pvdata/system_id=4903/year=2016/month=12/day=12/system_4903__date_2016_12_12.snappy.000.parquet,1779677513.0307488
..\..\..\data_ds_project\systems\parquet\4903\system_4903__date_2016_12_13.snappy.000.parquet,pvdaq/parquet/pvdata/system_id=4903/year=2016/month=12/day=13/system_4903__date_2016_12_13.snappy.000.parquet,1779677513.2719872
..\..\..\data_ds_project\systems\parquet\4903\system_4903__date_2016_12_14.snappy.000.parquet,pvdaq/parquet/pvdata/system_id=4903/year=2016/month=12/day=14/system_4903__date_2016_12_14.snappy.000.parquet,1779677513.534872
..\..\..\data_ds_project\systems\parquet\4903\system_4903__date_2016_12_15.snappy.000.parquet,pvdaq/parquet/pvdata/system_id=4903/year=2016/month=12/day=15/system_4903__date_2016_12_15.snappy.000.parquet,1779677513.8236973
..\..\..\data_ds_project\systems\parquet\4903\system_4903__date_2016_12_16.snappy.000.parquet,pvdaq/parquet/pvdata/system_id=4903/year=2016/month=12/day=16/system_4903__date_2016_12_16.snappy.000.parquet,1779677514.0641336
..\..\..\data_ds_project\systems\parquet\4903\system_4903__date_2016_12_17.snappy.000.parquet,pvdaq/parquet/pvdata/system_id=4903/year=2016/month=12/day=17/system_4903__date_2016_12_17.snappy.000.parquet,1779677514.3227782
..\..\..\data_ds_project\systems\parquet\4903\system_4903__date_2016_12_18.snappy.000.parquet,pvdaq/parquet/pvdata/system_id=4903/year=2016/month=12/day=18/system_4903__date_2016_12_18.snappy.000.parquet,1779677514.610284
..\..\..\data_ds_project\systems\parquet\4903\system_4903__date_2016_12_19.snappy.000.parquet,pvdaq/parquet/pvdata/system_id=4903/year=2016/month=12/day=19/system_4903__date_2016_12_19.snappy.000.parquet,1779677514.876128
..\..\..\data_ds_project\systems\parquet\4903\system_4903__date_2016_12_02.snappy.000.parquet,pvdaq/parquet/pvdata/system_id=4903/year=2016/month=12/day=2/system_4903__date_2016_12_02.snappy.000.parquet,1779677515.2171955
..\..\..\data_ds_project\systems\parquet\4903\system_4903__date_2016_12_20.snappy.000.parquet,pvdaq/parquet/pvdata/system_id=4903/year=2016/month=12/day=20/system_4903__date_2016_12_20.snappy.000.parquet,1779677515.4820244
..\..\..\data_ds_project\systems\parquet\4903\system_4903__date_2016_12_21.snappy.000.parquet,pvdaq/parquet/pvdata/system_id=4903/year=2016/month=12/day=21/system_4903__date_2016_12_21.snappy.000.parquet,1779677515.7320802
..\..\..\data_ds_project\systems\parquet\4903\system_4903__date_2016_12_22.snappy.000.parquet,pvdaq/parquet/pvdata/system_id=4903/year=2016/month=12/day=22/system_4903__date_2016_12_22.snappy.000.parquet,1779677516.056041
..\..\..\data_ds_project\systems\parquet\4903\system_4903__date_2016_12_23.snappy.000.parquet,pvdaq/parquet/pvdata/system_id=4903/year=2016/month=12/day=23/system_4903__date_2016_12_23.snappy.000.parquet,1779677516.3115573
..\..\..\data_ds_project\systems\parquet\4903\system_4903__date_2016_12_24.snappy.000.parquet,pvdaq/parquet/pvdata/system_id=4903/year=2016/month=12/day=24/system_4903__date_2016_12_24.snappy.000.parquet,1779677516.5713935
..\..\..\data_ds_project\systems\parquet\4903\system_4903__date_2016_12_25.snappy.000.parquet,pvdaq/parquet/pvdata/system_id=4903/year=2016/month=12/day=25/system_4903__date_2016_12_25.snappy.000.parquet,1779677516.8341436
..\..\..\data_ds_project\systems\parquet\4903\system_4903__date_2016_12_26.snappy.000.parquet,pvdaq/parquet/pvdata/system_id=4903/year=2016/month=12/day=26/system_4903__date_2016_12_26.snappy.000.parquet,1779677517.1055138
..\..\..\data_ds_project\systems\parquet\4903\system_4903__date_2016_12_27.snappy.000.parquet,pvdaq/parquet/pvdata/system_id=4903/year=2016/month=12/day=27/system_4903__date_2016_12_27.snappy.000.parquet,1779677517.330385
..\..\..\data_ds_project\systems\parquet\4903\system_4903__date_2016_12_28.snappy.000.parquet,pvdaq/parquet/pvdata/system_id=4903/year=2016/month=12/day=28/system_4903__date_2016_12_28.snappy.000.parquet,1779677517.5868373
..\..\..\data_ds_project\systems\parquet\4903\system_4903__date_2016_12_29.snappy.000.parquet,pvdaq/parquet/pvdata/system_id=4903/year=2016/month=12/day=29/system_4903__date_2016_12_29.snappy.000.parquet,1779677517.850026
..\..\..\data_ds_project\systems\parquet\4903\system_4903__date_2016_12_03.snappy.000.parquet,pvdaq/parquet/pvdata/system_id=4903/year=2016/month=12/day=3/system_4903__date_2016_12_03.snappy.000.parquet,1779677518.1252677
..\..\..\data_ds_project\systems\parquet\4903\system_4903__date_2016_12_30.snappy.000.parquet,pvdaq/parquet/pvdata/system_id=4903/year=2016/month=12/day=30/system_4903__date_2016_12_30.snappy.000.parquet,1779677518.4038293
..\..\..\data_ds_project\systems\parquet\4903\system_4903__date_2016_12_31.snappy.000.parquet,pvdaq/parquet/pvdata/system_id=4903/year=2016/month=12/day=31/system_4903__date_2016_12_31.snappy.000.parquet,1779677518.712217
..\..\..\data_ds_project\systems\parquet\4903\system_4903__date_2016_12_04.snappy.000.parquet,pvdaq/parquet/pvdata/system_id=4903/year=2016/month=12/day=4/system_4903__date_2016_12_04.snappy.000.parquet,1779677519.0501447
..\..\..\data_ds_project\systems\parquet\4903\system_4903__date_2016_12_05.snappy.000.parquet,pvdaq/parquet/pvdata/system_id=4903/year=2016/month=12/day=5/system_4903__date_2016_12_05.snappy.000.parquet,1779677519.2958517
..\..\..\data_ds_project\systems\parquet\4903\system_4903__date_2016_12_06.snappy.000.parquet,pvdaq/parquet/pvdata/system_id=4903/year=2016/month=12/day=6/system_4903__date_2016_12_06.snappy.000.parquet,1779677519.557453
..\..\..\data_ds_project\systems\parquet\4903\system_4903__date_2016_12_07.snappy.000.parquet,pvdaq/parquet/pvdata/system_id=4903/year=2016/month=12/day=7/system_4903__date_2016_12_07.snappy.000.parquet,1779677519.8208385
..\..\..\data_ds_project\systems\parquet\4903\system_4903__date_2016_12_08.snappy.000.parquet,pvdaq/parquet/pvdata/system_id=4903/year=2016/month=12/day=8/system_4903__date_2016_12_08.snappy.000.parquet,1779677520.071833
..\..\..\data_ds_project\systems\parquet\4903\system_4903__date_2016_12_09.snappy.000.parquet,pvdaq/parquet/pvdata/system_id=4903/year=2016/month=12/day=9/system_4903__date_2016_12_09.snappy.000.parquet,1779677520.3036315
..\..\..\data_ds_project\systems\parquet\4903\system_4903__date_2016_02_01.snappy.000.parquet,pvdaq/parquet/pvdata/system_id=4903/year=2016/month=2/day=1/system_4903__date_2016_02_01.snappy.000.parquet,1779677520.7361934
..\..\..\data_ds_project\systems\parquet\4903\system_4903__date_2016_02_10.snappy.000.parquet,pvdaq/parquet/pvdata/system_id=4903/year=2016/month=2/day=10/system_4903__date_2016_02_10.snappy.000.parquet,1779677520.979555
..\..\..\data_ds_project\systems\parquet\4903\system_4903__date_2016_02_11.snappy.000.parquet,pvdaq/parquet/pvdata/system_id=4903/year=2016/month=2/day=11/system_4903__date_2016_02_11.snappy.000.parquet,1779677521.230699
..\..\..\data_ds_project\systems\parquet\4903\system_4903__date_2016_02_12.snappy.000.parquet,pvdaq/parquet/pvdata/system_id=4903/year=2016/month=2/day=12/system_4903__date_2016_02_12.snappy.000.parquet,1779677521.4919636
..\..\..\data_ds_project\systems\parquet\4903\system_4903__date_2016_02_13.snappy.000.parquet,pvdaq/parquet/pvdata/system_id=4903/year=2016/month=2/day=13/system_4903__date_2016_02_13.snappy.000.parquet,1779677521.7463279
..\..\..\data_ds_project\systems\parquet\4903\system_4903__date_2016_02_14.snappy.000.parquet,pvdaq/parquet/pvdata/system_id=4903/year=2016/month=2/day=14/system_4903__date_2016_02_14.snappy.000.parquet,1779677521.984911
..\..\..\data_ds_project\systems\parquet\4903\system_4903__date_2016_02_15.snappy.000.parquet,pvdaq/parquet/pvdata/system_id=4903/year=2016/month=2/day=15/system_4903__date_2016_02_15.snappy.000.parquet,1779677522.2432117
..\..\..\data_ds_project\systems\parquet\4903\system_4903__date_2016_02_16.snappy.000.parquet,pvdaq/parquet/pvdata/system_id=4903/year=2016/month=2/day=16/system_4903__date_2016_02_16.snappy.000.parquet,1779677522.484748
..\..\..\data_ds_project\systems\parquet\4903\system_4903__date_2016_02_17.snappy.000.parquet,pvdaq/parquet/pvdata/system_id=4903/year=2016/month=2/day=17/system_4903__date_2016_02_17.snappy.000.parquet,1779677523.435642
..\..\..\data_ds_project\systems\parquet\4903\system_4903__date_2016_02_18.snappy.000.parquet,pvdaq/parquet/pvdata/system_id=4903/year=2016/month=2/day=18/system_4903__date_2016_02_18.snappy.000.parquet,1779677523.7549202
..\..\..\data_ds_project\systems\parquet\4903\system_4903__date_2016_02_19.snappy.000.parquet,pvdaq/parquet/pvdata/system_id=4903/year=2016/month=2/day=19/system_4903__date_2016_02_19.snappy.000.parquet,1779677524.008338
..\..\..\data_ds_project\systems\parquet\4903\system_4903__date_2016_02_02.snappy.000.parquet,pvdaq/parquet/pvdata/system_id=4903/year=2016/month=2/day=2/system_4903__date_2016_02_02.snappy.000.parquet,1779677524.2876785
..\..\..\data_ds_project\systems\parquet\4903\system_4903__date_2016_02_20.snappy.000.parquet,pvdaq/parquet/pvdata/system_id=4903/year=2016/month=2/day=20/system_4903__date_2016_02_20.snappy.000.parquet,1779677524.5387003
..\..\..\data_ds_project\systems\parquet\4903\system_4903__date_2016_02_21.snappy.000.parquet,pvdaq/parquet/pvdata/system_id=4903/year=2016/month=2/day=21/system_4903__date_2016_02_21.snappy.000.parquet,1779677524.8524776
..\..\..\data_ds_project\systems\parquet\4903\system_4903__date_2016_02_22.snappy.000.parquet,pvdaq/parquet/pvdata/system_id=4903/year=2016/month=2/day=22/system_4903__date_2016_02_22.snappy.000.parquet,1779677525.1109111
..\..\..\data_ds_project\systems\parquet\4903\system_4903__date_2016_02_23.snappy.000.parquet,pvdaq/parquet/pvdata/system_id=4903/year=2016/month=2/day=23/system_4903__date_2016_02_23.snappy.000.parquet,1779677525.3413055
..\..\..\data_ds_project\systems\parquet\4903\system_4903__date_2016_02_24.snappy.000.parquet,pvdaq/parquet/pvdata/system_id=4903/year=2016/month=2/day=24/system_4903__date_2016_02_24.snappy.000.parquet,1779677525.6087677
..\..\..\data_ds_project\systems\parquet\4903\system_4903__date_2016_02_25.snappy.000.parquet,pvdaq/parquet/pvdata/system_id=4903/year=2016/month=2/day=25/system_4903__date_2016_02_25.snappy.000.parquet,1779677525.9150486
..\..\..\data_ds_project\systems\parquet\4903\system_4903__date_2016_02_26.snappy.000.parquet,pvdaq/parquet/pvdata/system_id=4903/year=2016/month=2/day=26/system_4903__date_2016_02_26.snappy.000.parquet,1779677526.178419
..\..\..\data_ds_project\systems\parquet\4903\system_4903__date_2016_02_27.snappy.000.parquet,pvdaq/parquet/pvdata/system_id=4903/year=2016/month=2/day=27/system_4903__date_2016_02_27.snappy.000.parquet,1779677526.4407146
..\..\..\data_ds_project\systems\parquet\4903\system_4903__date_2016_02_28.snappy.000.parquet,pvdaq/parquet/pvdata/system_id=4903/year=2016/month=2/day=28/system_4903__date_2016_02_28.snappy.000.parquet,1779677526.7031558
..\..\..\data_ds_project\systems\parquet\4903\system_4903__date_2016_02_29.snappy.000.parquet,pvdaq/parquet/pvdata/system_id=4903/year=2016/month=2/day=29/system_4903__date_2016_02_29.snappy.000.parquet,1779677526.9632325
..\..\..\data_ds_project\systems\parquet\4903\system_4903__date_2016_02_03.snappy.000.parquet,pvdaq/parquet/pvdata/system_id=4903/year=2016/month=2/day=3/system_4903__date_2016_02_03.snappy.000.parquet,1779677527.2254062
..\..\..\data_ds_project\systems\parquet\4903\system_4903__date_2016_02_04.snappy.000.parquet,pvdaq/parquet/pvdata/system_id=4903/year=2016/month=2/day=4/system_4903__date_2016_02_04.snappy.000.parquet,1779677527.49487
..\..\..\data_ds_project\systems\parquet\4903\system_4903__date_2016_02_05.snappy.000.parquet,pvdaq/parquet/pvdata/system_id=4903/year=2016/month=2/day=5/system_4903__date_2016_02_05.snappy.000.parquet,1779677527.747087
..\..\..\data_ds_project\systems\parquet\4903\system_4903__date_2016_02_06.snappy.000.parquet,pvdaq/parquet/pvdata/system_id=4903/year=2016/month=2/day=6/system_4903__date_2016_02_06.snappy.000.parquet,1779677527.991519
..\..\..\data_ds_project\systems\parquet\4903\system_4903__date_2016_02_07.snappy.000.parquet,pvdaq/parquet/pvdata/system_id=4903/year=2016/month=2/day=7/system_4903__date_2016_02_07.snappy.000.parquet,1779677528.2260194
..\..\..\data_ds_project\systems\parquet\4903\system_4903__date_2016_02_08.snappy.000.parquet,pvdaq/parquet/pvdata/system_id=4903/year=2016/month=2/day=8/system_4903__date_2016_02_08.snappy.000.parquet,1779677528.523294
..\..\..\data_ds_project\systems\parquet\4903\system_4903__date_2016_02_09.snappy.000.parquet,pvdaq/parquet/pvdata/system_id=4903/year=2016/month=2/day=9/system_4903__date_2016_02_09.snappy.000.parquet,1779677528.7734692
..\..\..\data_ds_project\systems\parquet\4903\system_4903__date_2016_03_01.snappy.000.parquet,pvdaq/parquet/pvdata/system_id=4903/year=2016/month=3/day=1/system_4903__date_2016_03_01.snappy.000.parquet,1779677529.0575955
..\..\..\data_ds_project\systems\parquet\4903\system_4903__date_2016_03_10.snappy.000.parquet,pvdaq/parquet/pvdata/system_id=4903/year=2016/month=3/day=10/system_4903__date_2016_03_10.snappy.000.parquet,1779677529.3070924
..\..\..\data_ds_project\systems\parquet\4903\system_4903__date_2016_03_11.snappy.000.parquet,pvdaq/parquet/pvdata/system_id=4903/year=2016/month=3/day=11/system_4903__date_2016_03_11.snappy.000.parquet,1779677529.5616105
..\..\..\data_ds_project\systems\parquet\4903\system_4903__date_2016_03_12.snappy.000.parquet,pvdaq/parquet/pvdata/system_id=4903/year=2016/month=3/day=12/system_4903__date_2016_03_12.snappy.000.parquet,1779677529.8262486
..\..\..\data_ds_project\systems\parquet\4903\system_4903__date_2016_03_13.snappy.000.parquet,pvdaq/parquet/pvdata/system_id=4903/year=2016/month=3/day=13/system_4903__date_2016_03_13.snappy.000.parquet,1779677530.088512
..\..\..\data_ds_project\systems\parquet\4903\system_4903__date_2016_03_14.snappy.000.parquet,pvdaq/parquet/pvdata/system_id=4903/year=2016/month=3/day=14/system_4903__date_2016_03_14.snappy.000.parquet,1779677530.3369305
..\..\..\data_ds_project\systems\parquet\4903\system_4903__date_2016_03_15.snappy.000.parquet,pvdaq/parquet/pvdata/system_id=4903/year=2016/month=3/day=15/system_4903__date_2016_03_15.snappy.000.parquet,1779677530.583008
..\..\..\data_ds_project\systems\parquet\4903\system_4903__date_2016_03_16.snappy.000.parquet,pvdaq/parquet/pvdata/system_id=4903/year=2016/month=3/day=16/system_4903__date_2016_03_16.snappy.000.parquet,1779677530.802505
..\..\..\data_ds_project\systems\parquet\4903\system_4903__date_2016_03_17.snappy.000.parquet,pvdaq/parquet/pvdata/system_id=4903/year=2016/month=3/day=17/system_4903__date_2016_03_17.snappy.000.parquet,1779677531.052748
..\..\..\data_ds_project\systems\parquet\4903\system_4903__date_2016_03_18.snappy.000.parquet,pvdaq/parquet/pvdata/system_id=4903/year=2016/month=3/day=18/system_4903__date_2016_03_18.snappy.000.parquet,1779677531.3302617
..\..\..\data_ds_project\systems\parquet\4903\system_4903__date_2016_03_19.snappy.000.parquet,pvdaq/parquet/pvdata/system_id=4903/year=2016/month=3/day=19/system_4903__date_2016_03_19.snappy.000.parquet,1779677531.5955303
..\..\..\data_ds_project\systems\parquet\4903\system_4903__date_2016_03_02.snappy.000.parquet,pvdaq/parquet/pvdata/system_id=4903/year=2016/month=3/day=2/system_4903__date_2016_03_02.snappy.000.parquet,1779677531.8359537
..\..\..\data_ds_project\systems\parquet\4903\system_4903__date_2016_03_20.snappy.000.parquet,pvdaq/parquet/pvdata/system_id=4903/year=2016/month=3/day=20/system_4903__date_2016_03_20.snappy.000.parquet,1779677532.1333632
..\..\..\data_ds_project\systems\parquet\4903\system_4903__date_2016_03_21.snappy.000.parquet,pvdaq/parquet/pvdata/system_id=4903/year=2016/month=3/day=21/system_4903__date_2016_03_21.snappy.000.parquet,1779677532.3933103
..\..\..\data_ds_project\systems\parquet\4903\system_4903__date_2016_03_22.snappy.000.parquet,pvdaq/parquet/pvdata/system_id=4903/year=2016/month=3/day=22/system_4903__date_2016_03_22.snappy.000.parquet,1779677532.6546195
..\..\..\data_ds_project\systems\parquet\4903\system_4903__date_2016_03_23.snappy.000.parquet,pvdaq/parquet/pvdata/system_id=4903/year=2016/month=3/day=23/system_4903__date_2016_03_23.snappy.000.parquet,1779677532.9342566
..\..\..\data_ds_project\systems\parquet\4903\system_4903__date_2016_03_24.snappy.000.parquet,pvdaq/parquet/pvdata/system_id=4903/year=2016/month=3/day=24/system_4903__date_2016_03_24.snappy.000.parquet,1779677533.183429
..\..\..\data_ds_project\systems\parquet\4903\system_4903__date_2016_03_25.snappy.000.parquet,pvdaq/parquet/pvdata/system_id=4903/year=2016/month=3/day=25/system_4903__date_2016_03_25.snappy.000.parquet,1779677533.4239
..\..\..\data_ds_project\systems\parquet\4903\system_4903__date_2016_03_26.snappy.000.parquet,pvdaq/parquet/pvdata/system_id=4903/year=2016/month=3/day=26/system_4903__date_2016_03_26.snappy.000.parquet,1779677533.6721795
..\..\..\data_ds_project\systems\parquet\4903\system_4903__date_2016_03_27.snappy.000.parquet,pvdaq/parquet/pvdata/system_id=4903/year=2016/month=3/day=27/system_4903__date_2016_03_27.snappy.000.parquet,1779677533.9244027
..\..\..\data_ds_project\systems\parquet\4903\system_4903__date_2016_03_28.snappy.000.parquet,pvdaq/parquet/pvdata/system_id=4903/year=2016/month=3/day=28/system_4903__date_2016_03_28.snappy.000.parquet,1779677534.177141
..\..\..\data_ds_project\systems\parquet\4903\system_4903__date_2016_03_29.snappy.000.parquet,pvdaq/parquet/pvdata/system_id=4903/year=2016/month=3/day=29/system_4903__date_2016_03_29.snappy.000.parquet,1779677534.4623091
..\..\..\data_ds_project\systems\parquet\4903\system_4903__date_2016_03_03.snappy.000.parquet,pvdaq/parquet/pvdata/system_id=4903/year=2016/month=3/day=3/system_4903__date_2016_03_03.snappy.000.parquet,1779677534.7418058
..\..\..\data_ds_project\systems\parquet\4903\system_4903__date_2016_03_30.snappy.000.parquet,pvdaq/parquet/pvdata/system_id=4903/year=2016/month=3/day=30/system_4903__date_2016_03_30.snappy.000.parquet,1779677534.9850874
..\..\..\data_ds_project\systems\parquet\4903\system_4903__date_2016_03_31.snappy.000.parquet,pvdaq/parquet/pvdata/system_id=4903/year=2016/month=3/day=31/system_4903__date_2016_03_31.snappy.000.parquet,1779677535.3117924
..\..\..\data_ds_project\systems\parquet\4903\system_4903__date_2016_03_04.snappy.000.parquet,pvdaq/parquet/pvdata/system_id=4903/year=2016/month=3/day=4/system_4903__date_2016_03_04.snappy.000.parquet,1779677535.5553925
..\..\..\data_ds_project\systems\parquet\4903\system_4903__date_2016_03_05.snappy.000.parquet,pvdaq/parquet/pvdata/system_id=4903/year=2016/month=3/day=5/system_4903__date_2016_03_05.snappy.000.parquet,1779677535.8086753
..\..\..\data_ds_project\systems\parquet\4903\system_4903__date_2016_03_06.snappy.000.parquet,pvdaq/parquet/pvdata/system_id=4903/year=2016/month=3/day=6/system_4903__date_2016_03_06.snappy.000.parquet,1779677536.070093
..\..\..\data_ds_project\systems\parquet\4903\system_4903__date_2016_03_07.snappy.000.parquet,pvdaq/parquet/pvdata/system_id=4903/year=2016/month=3/day=7/system_4903__date_2016_03_07.snappy.000.parquet,1779677536.329628
..\..\..\data_ds_project\systems\parquet\4903\system_4903__date_2016_03_08.snappy.000.parquet,pvdaq/parquet/pvdata/system_id=4903/year=2016/month=3/day=8/system_4903__date_2016_03_08.snappy.000.parquet,1779677537.4680839
..\..\..\data_ds_project\systems\parquet\4903\system_4903__date_2016_03_09.snappy.000.parquet,pvdaq/parquet/pvdata/system_id=4903/year=2016/month=3/day=9/system_4903__date_2016_03_09.snappy.000.parquet,1779677537.7933109
..\..\..\data_ds_project\systems\parquet\4903\system_4903__date_2016_04_01.snappy.000.parquet,pvdaq/parquet/pvdata/system_id=4903/year=2016/month=4/day=1/system_4903__date_2016_04_01.snappy.000.parquet,1779677538.0762508
..\..\..\data_ds_project\systems\parquet\4903\system_4903__date_2016_04_11.snappy.000.parquet,pvdaq/parquet/pvdata/system_id=4903/year=2016/month=4/day=11/system_4903__date_2016_04_11.snappy.000.parquet,1779677538.3784971
..\..\..\data_ds_project\systems\parquet\4903\system_4903__date_2016_04_12.snappy.000.parquet,pvdaq/parquet/pvdata/system_id=4903/year=2016/month=4/day=12/system_4903__date_2016_04_12.snappy.000.parquet,1779677538.6659787
..\..\..\data_ds_project\systems\parquet\4903\system_4903__date_2016_04_13.snappy.000.parquet,pvdaq/parquet/pvdata/system_id=4903/year=2016/month=4/day=13/system_4903__date_2016_04_13.snappy.000.parquet,1779677538.9643688
..\..\..\data_ds_project\systems\parquet\4903\system_4903__date_2016_04_14.snappy.000.parquet,pvdaq/parquet/pvdata/system_id=4903/year=2016/month=4/day=14/system_4903__date_2016_04_14.snappy.000.parquet,1779677539.2213345
..\..\..\data_ds_project\systems\parquet\4903\system_4903__date_2016_04_15.snappy.000.parquet,pvdaq/parquet/pvdata/system_id=4903/year=2016/month=4/day=15/system_4903__date_2016_04_15.snappy.000.parquet,1779677539.4765928
..\..\..\data_ds_project\systems\parquet\4903\system_4903__date_2016_04_16.snappy.000.parquet,pvdaq/parquet/pvdata/system_id=4903/year=2016/month=4/day=16/system_4903__date_2016_04_16.snappy.000.parquet,1779677539.7521396
..\..\..\data_ds_project\systems\parquet\4903\system_4903__date_2016_04_17.snappy.000.parquet,pvdaq/parquet/pvdata/system_id=4903/year=2016/month=4/day=17/system_4903__date_2016_04_17.snappy.000.parquet,1779677540.0294178
..\..\..\data_ds_project\systems\parquet\4903\system_4903__date_2016_04_18.snappy.000.parquet,pvdaq/parquet/pvdata/system_id=4903/year=2016/month=4/day=18/system_4903__date_2016_04_18.snappy.000.parquet,1779677540.279468
..\..\..\data_ds_project\systems\parquet\4903\system_4903__date_2016_04_19.snappy.000.parquet,pvdaq/parquet/pvdata/system_id=4903/year=2016/month=4/day=19/system_4903__date_2016_04_19.snappy.000.parquet,1779677540.544822
..\..\..\data_ds_project\systems\parquet\4903\system_4903__date_2016_04_02.snappy.000.parquet,pvdaq/parquet/pvdata/system_id=4903/year=2016/month=4/day=2/system_4903__date_2016_04_02.snappy.000.parquet,1779677540.846763
..\..\..\data_ds_project\systems\parquet\4903\system_4903__date_2016_04_20.snappy.000.parquet,pvdaq/parquet/pvdata/system_id=4903/year=2016/month=4/day=20/system_4903__date_2016_04_20.snappy.000.parquet,1779677541.124908
..\..\..\data_ds_project\systems\parquet\4903\system_4903__date_2016_04_21.snappy.000.parquet,pvdaq/parquet/pvdata/system_id=4903/year=2016/month=4/day=21/system_4903__date_2016_04_21.snappy.000.parquet,1779677541.3970482
..\..\..\data_ds_project\systems\parquet\4903\system_4903__date_2016_04_22.snappy.000.parquet,pvdaq/parquet/pvdata/system_id=4903/year=2016/month=4/day=22/system_4903__date_2016_04_22.snappy.000.parquet,1779677541.6930578
..\..\..\data_ds_project\systems\parquet\4903\system_4903__date_2016_04_23.snappy.000.parquet,pvdaq/parquet/pvdata/system_id=4903/year=2016/month=4/day=23/system_4903__date_2016_04_23.snappy.000.parquet,1779677542.0080907
..\..\..\data_ds_project\systems\parquet\4903\system_4903__date_2016_04_24.snappy.000.parquet,pvdaq/parquet/pvdata/system_id=4903/year=2016/month=4/day=24/system_4903__date_2016_04_24.snappy.000.parquet,1779677542.2557678
..\..\..\data_ds_project\systems\parquet\4903\system_4903__date_2016_04_25.snappy.000.parquet,pvdaq/parquet/pvdata/system_id=4903/year=2016/month=4/day=25/system_4903__date_2016_04_25.snappy.000.parquet,1779677542.5409658
..\..\..\data_ds_project\systems\parquet\4903\system_4903__date_2016_04_26.snappy.000.parquet,pvdaq/parquet/pvdata/system_id=4903/year=2016/month=4/day=26/system_4903__date_2016_04_26.snappy.000.parquet,1779677542.7883606
..\..\..\data_ds_project\systems\parquet\4903\system_4903__date_2016_04_27.snappy.000.parquet,pvdaq/parquet/pvdata/system_id=4903/year=2016/month=4/day=27/system_4903__date_2016_04_27.snappy.000.parquet,1779677543.0797312
..\..\..\data_ds_project\systems\parquet\4903\system_4903__date_2016_04_28.snappy.000.parquet,pvdaq/parquet/pvdata/system_id=4903/year=2016/month=4/day=28/system_4903__date_2016_04_28.snappy.000.parquet,1779677543.396011
..\..\..\data_ds_project\systems\parquet\4903\system_4903__date_2016_04_29.snappy.000.parquet,pvdaq/parquet/pvdata/system_id=4903/year=2016/month=4/day=29/system_4903__date_2016_04_29.snappy.000.parquet,1779677543.6707041
..\..\..\data_ds_project\systems\parquet\4903\system_4903__date_2016_04_03.snappy.000.parquet,pvdaq/parquet/pvdata/system_id=4903/year=2016/month=4/day=3/system_4903__date_2016_04_03.snappy.000.parquet,1779677543.9298728
..\..\..\data_ds_project\systems\parquet\4903\system_4903__date_2016_04_30.snappy.000.parquet,pvdaq/parquet/pvdata/system_id=4903/year=2016/month=4/day=30/system_4903__date_2016_04_30.snappy.000.parquet,1779677544.2051458
..\..\..\data_ds_project\systems\parquet\4903\system_4903__date_2016_04_04.snappy.000.parquet,pvdaq/parquet/pvdata/system_id=4903/year=2016/month=4/day=4/system_4903__date_2016_04_04.snappy.000.parquet,1779677544.4657018
..\..\..\data_ds_project\systems\parquet\4903\system_4903__date_2016_04_05.snappy.000.parquet,pvdaq/parquet/pvdata/system_id=4903/year=2016/month=4/day=5/system_4903__date_2016_04_05.snappy.000.parquet,1779677544.7348614
..\..\..\data_ds_project\systems\parquet\4903\system_4903__date_2016_04_06.snappy.000.parquet,pvdaq/parquet/pvdata/system_id=4903/year=2016/month=4/day=6/system_4903__date_2016_04_06.snappy.000.parquet,1779677545.0201247
..\..\..\data_ds_project\systems\parquet\4903\system_4903__date_2016_04_07.snappy.000.parquet,pvdaq/parquet/pvdata/system_id=4903/year=2016/month=4/day=7/system_4903__date_2016_04_07.snappy.000.parquet,1779677545.2734175
..\..\..\data_ds_project\systems\parquet\4903\system_4903__date_2016_04_08.snappy.000.parquet,pvdaq/parquet/pvdata/system_id=4903/year=2016/month=4/day=8/system_4903__date_2016_04_08.snappy.000.parquet,1779677545.5796196
..\..\..\data_ds_project\systems\parquet\4903\system_4903__date_2016_04_09.snappy.000.parquet,pvdaq/parquet/pvdata/system_id=4903/year=2016/month=4/day=9/system_4903__date_2016_04_09.snappy.000.parquet,1779677545.8518703
..\..\..\data_ds_project\systems\parquet\4903\system_4903__date_2016_05_01.snappy.000.parquet,pvdaq/parquet/pvdata/system_id=4903/year=2016/month=5/day=1/system_4903__date_2016_05_01.snappy.000.parquet,1779677546.1191661
..\..\..\data_ds_project\systems\parquet\4903\system_4903__date_2016_05_10.snappy.000.parquet,pvdaq/parquet/pvdata/system_id=4903/year=2016/month=5/day=10/system_4903__date_2016_05_10.snappy.000.parquet,1779677546.3807895
..\..\..\data_ds_project\systems\parquet\4903\system_4903__date_2016_05_11.snappy.000.parquet,pvdaq/parquet/pvdata/system_id=4903/year=2016/month=5/day=11/system_4903__date_2016_05_11.snappy.000.parquet,1779677546.68309
..\..\..\data_ds_project\systems\parquet\4903\system_4903__date_2016_05_12.snappy.000.parquet,pvdaq/parquet/pvdata/system_id=4903/year=2016/month=5/day=12/system_4903__date_2016_05_12.snappy.000.parquet,1779677546.950432
..\..\..\data_ds_project\systems\parquet\4903\system_4903__date_2016_05_13.snappy.000.parquet,pvdaq/parquet/pvdata/system_id=4903/year=2016/month=5/day=13/system_4903__date_2016_05_13.snappy.000.parquet,1779677547.2545967
..\..\..\data_ds_project\systems\parquet\4903\system_4903__date_2016_05_14.snappy.000.parquet,pvdaq/parquet/pvdata/system_id=4903/year=2016/month=5/day=14/system_4903__date_2016_05_14.snappy.000.parquet,1779677547.5299938
..\..\..\data_ds_project\systems\parquet\4903\system_4903__date_2016_05_15.snappy.000.parquet,pvdaq/parquet/pvdata/system_id=4903/year=2016/month=5/day=15/system_4903__date_2016_05_15.snappy.000.parquet,1779677547.851467
..\..\..\data_ds_project\systems\parquet\4903\system_4903__date_2016_05_16.snappy.000.parquet,pvdaq/parquet/pvdata/system_id=4903/year=2016/month=5/day=16/system_4903__date_2016_05_16.snappy.000.parquet,1779677548.1511497
..\..\..\data_ds_project\systems\parquet\4903\system_4903__date_2016_05_17.snappy.000.parquet,pvdaq/parquet/pvdata/system_id=4903/year=2016/month=5/day=17/system_4903__date_2016_05_17.snappy.000.parquet,1779677548.397253
..\..\..\data_ds_project\systems\parquet\4903\system_4903__date_2016_05_18.snappy.000.parquet,pvdaq/parquet/pvdata/system_id=4903/year=2016/month=5/day=18/system_4903__date_2016_05_18.snappy.000.parquet,1779677548.664574
..\..\..\data_ds_project\systems\parquet\4903\system_4903__date_2016_05_19.snappy.000.parquet,pvdaq/parquet/pvdata/system_id=4903/year=2016/month=5/day=19/system_4903__date_2016_05_19.snappy.000.parquet,1779677548.9266026
..\..\..\data_ds_project\systems\parquet\4903\system_4903__date_2016_05_02.snappy.000.parquet,pvdaq/parquet/pvdata/system_id=4903/year=2016/month=5/day=2/system_4903__date_2016_05_02.snappy.000.parquet,1779677549.246254
..\..\..\data_ds_project\systems\parquet\4903\system_4903__date_2016_05_20.snappy.000.parquet,pvdaq/parquet/pvdata/system_id=4903/year=2016/month=5/day=20/system_4903__date_2016_05_20.snappy.000.parquet,1779677549.5207028
..\..\..\data_ds_project\systems\parquet\4903\system_4903__date_2016_05_21.snappy.000.parquet,pvdaq/parquet/pvdata/system_id=4903/year=2016/month=5/day=21/system_4903__date_2016_05_21.snappy.000.parquet,1779677549.7909071
..\..\..\data_ds_project\systems\parquet\4903\system_4903__date_2016_05_22.snappy.000.parquet,pvdaq/parquet/pvdata/system_id=4903/year=2016/month=5/day=22/system_4903__date_2016_05_22.snappy.000.parquet,1779677550.0779603
..\..\..\data_ds_project\systems\parquet\4903\system_4903__date_2016_05_23.snappy.000.parquet,pvdaq/parquet/pvdata/system_id=4903/year=2016/month=5/day=23/system_4903__date_2016_05_23.snappy.000.parquet,1779677550.35703
..\..\..\data_ds_project\systems\parquet\4903\system_4903__date_2016_05_24.snappy.000.parquet,pvdaq/parquet/pvdata/system_id=4903/year=2016/month=5/day=24/system_4903__date_2016_05_24.snappy.000.parquet,1779677550.644432
..\..\..\data_ds_project\systems\parquet\4903\system_4903__date_2016_05_25.snappy.000.parquet,pvdaq/parquet/pvdata/system_id=4903/year=2016/month=5/day=25/system_4903__date_2016_05_25.snappy.000.parquet,1779677550.9115555
..\..\..\data_ds_project\systems\parquet\4903\system_4903__date_2016_05_26.snappy.000.parquet,pvdaq/parquet/pvdata/system_id=4903/year=2016/month=5/day=26/system_4903__date_2016_05_26.snappy.000.parquet,1779677551.1951234
..\..\..\data_ds_project\systems\parquet\4903\system_4903__date_2016_05_27.snappy.000.parquet,pvdaq/parquet/pvdata/system_id=4903/year=2016/month=5/day=27/system_4903__date_2016_05_27.snappy.000.parquet,1779677552.2107959
..\..\..\data_ds_project\systems\parquet\4903\system_4903__date_2016_05_28.snappy.000.parquet,pvdaq/parquet/pvdata/system_id=4903/year=2016/month=5/day=28/system_4903__date_2016_05_28.snappy.000.parquet,1779677552.4933143
..\..\..\data_ds_project\systems\parquet\4903\system_4903__date_2016_05_29.snappy.000.parquet,pvdaq/parquet/pvdata/system_id=4903/year=2016/month=5/day=29/system_4903__date_2016_05_29.snappy.000.parquet,1779677552.7683344
..\..\..\data_ds_project\systems\parquet\4903\system_4903__date_2016_05_03.snappy.000.parquet,pvdaq/parquet/pvdata/system_id=4903/year=2016/month=5/day=3/system_4903__date_2016_05_03.snappy.000.parquet,1779677553.0606701
..\..\..\data_ds_project\systems\parquet\4903\system_4903__date_2016_05_30.snappy.000.parquet,pvdaq/parquet/pvdata/system_id=4903/year=2016/month=5/day=30/system_4903__date_2016_05_30.snappy.000.parquet,1779677553.3278923
..\..\..\data_ds_project\systems\parquet\4903\system_4903__date_2016_05_31.snappy.000.parquet,pvdaq/parquet/pvdata/system_id=4903/year=2016/month=5/day=31/system_4903__date_2016_05_31.snappy.000.parquet,1779677553.6303194
..\..\..\data_ds_project\systems\parquet\4903\system_4903__date_2016_05_04.snappy.000.parquet,pvdaq/parquet/pvdata/system_id=4903/year=2016/month=5/day=4/system_4903__date_2016_05_04.snappy.000.parquet,1779677553.8778868
..\..\..\data_ds_project\systems\parquet\4903\system_4903__date_2016_05_05.snappy.000.parquet,pvdaq/parquet/pvdata/system_id=4903/year=2016/month=5/day=5/system_4903__date_2016_05_05.snappy.000.parquet,1779677554.1275141
..\..\..\data_ds_project\systems\parquet\4903\system_4903__date_2016_05_06.snappy.000.parquet,pvdaq/parquet/pvdata/system_id=4903/year=2016/month=5/day=6/system_4903__date_2016_05_06.snappy.000.parquet,1779677554.3751576
..\..\..\data_ds_project\systems\parquet\4903\system_4903__date_2016_05_07.snappy.000.parquet,pvdaq/parquet/pvdata/system_id=4903/year=2016/month=5/day=7/system_4903__date_2016_05_07.snappy.000.parquet,1779677554.7067828
..\..\..\data_ds_project\systems\parquet\4903\system_4903__date_2016_05_08.snappy.000.parquet,pvdaq/parquet/pvdata/system_id=4903/year=2016/month=5/day=8/system_4903__date_2016_05_08.snappy.000.parquet,1779677554.9980237
..\..\..\data_ds_project\systems\parquet\4903\system_4903__date_2016_05_09.snappy.000.parquet,pvdaq/parquet/pvdata/system_id=4903/year=2016/month=5/day=9/system_4903__date_2016_05_09.snappy.000.parquet,1779677555.280679
..\..\..\data_ds_project\systems\parquet\4903\system_4903__date_2016_06_01.snappy.000.parquet,pvdaq/parquet/pvdata/system_id=4903/year=2016/month=6/day=1/system_4903__date_2016_06_01.snappy.000.parquet,1779677555.580116
..\..\..\data_ds_project\systems\parquet\4903\system_4903__date_2016_06_10.snappy.000.parquet,pvdaq/parquet/pvdata/system_id=4903/year=2016/month=6/day=10/system_4903__date_2016_06_10.snappy.000.parquet,1779677555.8467693
..\..\..\data_ds_project\systems\parquet\4903\system_4903__date_2016_06_11.snappy.000.parquet,pvdaq/parquet/pvdata/system_id=4903/year=2016/month=6/day=11/system_4903__date_2016_06_11.snappy.000.parquet,1779677556.1154265
..\..\..\data_ds_project\systems\parquet\4903\system_4903__date_2016_06_12.snappy.000.parquet,pvdaq/parquet/pvdata/system_id=4903/year=2016/month=6/day=12/system_4903__date_2016_06_12.snappy.000.parquet,1779677556.424116
..\..\..\data_ds_project\systems\parquet\4903\system_4903__date_2016_06_13.snappy.000.parquet,pvdaq/parquet/pvdata/system_id=4903/year=2016/month=6/day=13/system_4903__date_2016_06_13.snappy.000.parquet,1779677556.7575397
..\..\..\data_ds_project\systems\parquet\4903\system_4903__date_2016_06_14.snappy.000.parquet,pvdaq/parquet/pvdata/system_id=4903/year=2016/month=6/day=14/system_4903__date_2016_06_14.snappy.000.parquet,1779677557.0239122
..\..\..\data_ds_project\systems\parquet\4903\system_4903__date_2016_06_15.snappy.000.parquet,pvdaq/parquet/pvdata/system_id=4903/year=2016/month=6/day=15/system_4903__date_2016_06_15.snappy.000.parquet,1779677557.307683
..\..\..\data_ds_project\systems\parquet\4903\system_4903__date_2016_06_16.snappy.000.parquet,pvdaq/parquet/pvdata/system_id=4903/year=2016/month=6/day=16/system_4903__date_2016_06_16.snappy.000.parquet,1779677557.579313
..\..\..\data_ds_project\systems\parquet\4903\system_4903__date_2016_06_17.snappy.000.parquet,pvdaq/parquet/pvdata/system_id=4903/year=2016/month=6/day=17/system_4903__date_2016_06_17.snappy.000.parquet,1779677557.839838
..\..\..\data_ds_project\systems\parquet\4903\system_4903__date_2016_06_18.snappy.000.parquet,pvdaq/parquet/pvdata/system_id=4903/year=2016/month=6/day=18/system_4903__date_2016_06_18.snappy.000.parquet,1779677558.1094425
..\..\..\data_ds_project\systems\parquet\4903\system_4903__date_2016_06_19.snappy.000.parquet,pvdaq/parquet/pvdata/system_id=4903/year=2016/month=6/day=19/system_4903__date_2016_06_19.snappy.000.parquet,1779677558.3670027
..\..\..\data_ds_project\systems\parquet\4903\system_4903__date_2016_06_02.snappy.000.parquet,pvdaq/parquet/pvdata/system_id=4903/year=2016/month=6/day=2/system_4903__date_2016_06_02.snappy.000.parquet,1779677558.6351588
..\..\..\data_ds_project\systems\parquet\4903\system_4903__date_2016_06_20.snappy.000.parquet,pvdaq/parquet/pvdata/system_id=4903/year=2016/month=6/day=20/system_4903__date_2016_06_20.snappy.000.parquet,1779677558.8981543
..\..\..\data_ds_project\systems\parquet\4903\system_4903__date_2016_06_21.snappy.000.parquet,pvdaq/parquet/pvdata/system_id=4903/year=2016/month=6/day=21/system_4903__date_2016_06_21.snappy.000.parquet,1779677559.16544
..\..\..\data_ds_project\systems\parquet\4903\system_4903__date_2016_06_22.snappy.000.parquet,pvdaq/parquet/pvdata/system_id=4903/year=2016/month=6/day=22/system_4903__date_2016_06_22.snappy.000.parquet,1779677559.4050007
..\..\..\data_ds_project\systems\parquet\4903\system_4903__date_2016_06_23.snappy.000.parquet,pvdaq/parquet/pvdata/system_id=4903/year=2016/month=6/day=23/system_4903__date_2016_06_23.snappy.000.parquet,1779677559.6960487
..\..\..\data_ds_project\systems\parquet\4903\system_4903__date_2016_06_24.snappy.000.parquet,pvdaq/parquet/pvdata/system_id=4903/year=2016/month=6/day=24/system_4903__date_2016_06_24.snappy.000.parquet,1779677559.9407153
..\..\..\data_ds_project\systems\parquet\4903\system_4903__date_2016_06_25.snappy.000.parquet,pvdaq/parquet/pvdata/system_id=4903/year=2016/month=6/day=25/system_4903__date_2016_06_25.snappy.000.parquet,1779677560.201049
..\..\..\data_ds_project\systems\parquet\4903\system_4903__date_2016_06_27.snappy.000.parquet,pvdaq/parquet/pvdata/system_id=4903/year=2016/month=6/day=27/system_4903__date_2016_06_27.snappy.000.parquet,1779677560.4979718
..\..\..\data_ds_project\systems\parquet\4903\system_4903__date_2016_06_28.snappy.000.parquet,pvdaq/parquet/pvdata/system_id=4903/year=2016/month=6/day=28/system_4903__date_2016_06_28.snappy.000.parquet,1779677560.7552648
..\..\..\data_ds_project\systems\parquet\4903\system_4903__date_2016_06_29.snappy.000.parquet,pvdaq/parquet/pvdata/system_id=4903/year=2016/month=6/day=29/system_4903__date_2016_06_29.snappy.000.parquet,1779677561.0295765
..\..\..\data_ds_project\systems\parquet\4903\system_4903__date_2016_06_03.snappy.000.parquet,pvdaq/parquet/pvdata/system_id=4903/year=2016/month=6/day=3/system_4903__date_2016_06_03.snappy.000.parquet,1779677561.2754648
..\..\..\data_ds_project\systems\parquet\4903\system_4903__date_2016_06_30.snappy.000.parquet,pvdaq/parquet/pvdata/system_id=4903/year=2016/month=6/day=30/system_4903__date_2016_06_30.snappy.000.parquet,1779677561.5331857
..\..\..\data_ds_project\systems\parquet\4903\system_4903__date_2016_06_04.snappy.000.parquet,pvdaq/parquet/pvdata/system_id=4903/year=2016/month=6/day=4/system_4903__date_2016_06_04.snappy.000.parquet,1779677561.7968771
..\..\..\data_ds_project\systems\parquet\4903\system_4903__date_2016_06_05.snappy.000.parquet,pvdaq/parquet/pvdata/system_id=4903/year=2016/month=6/day=5/system_4903__date_2016_06_05.snappy.000.parquet,1779677562.0754836
..\..\..\data_ds_project\systems\parquet\4903\system_4903__date_2016_06_06.snappy.000.parquet,pvdaq/parquet/pvdata/system_id=4903/year=2016/month=6/day=6/system_4903__date_2016_06_06.snappy.000.parquet,1779677562.3373494
..\..\..\data_ds_project\systems\parquet\4903\system_4903__date_2016_06_07.snappy.000.parquet,pvdaq/parquet/pvdata/system_id=4903/year=2016/month=6/day=7/system_4903__date_2016_06_07.snappy.000.parquet,1779677562.5957382
..\..\..\data_ds_project\systems\parquet\4903\system_4903__date_2016_06_08.snappy.000.parquet,pvdaq/parquet/pvdata/system_id=4903/year=2016/month=6/day=8/system_4903__date_2016_06_08.snappy.000.parquet,1779677562.8925402
..\..\..\data_ds_project\systems\parquet\4903\system_4903__date_2016_06_09.snappy.000.parquet,pvdaq/parquet/pvdata/system_id=4903/year=2016/month=6/day=9/system_4903__date_2016_06_09.snappy.000.parquet,1779677563.143663
..\..\..\data_ds_project\systems\parquet\4903\system_4903__date_2016_07_01.snappy.000.parquet,pvdaq/parquet/pvdata/system_id=4903/year=2016/month=7/day=1/system_4903__date_2016_07_01.snappy.000.parquet,1779677563.37977
..\..\..\data_ds_project\systems\parquet\4903\system_4903__date_2016_07_10.snappy.000.parquet,pvdaq/parquet/pvdata/system_id=4903/year=2016/month=7/day=10/system_4903__date_2016_07_10.snappy.000.parquet,1779677563.6456864
..\..\..\data_ds_project\systems\parquet\4903\system_4903__date_2016_07_11.snappy.000.parquet,pvdaq/parquet/pvdata/system_id=4903/year=2016/month=7/day=11/system_4903__date_2016_07_11.snappy.000.parquet,1779677563.877363
..\..\..\data_ds_project\systems\parquet\4903\system_4903__date_2016_07_12.snappy.000.parquet,pvdaq/parquet/pvdata/system_id=4903/year=2016/month=7/day=12/system_4903__date_2016_07_12.snappy.000.parquet,1779677564.144235
..\..\..\data_ds_project\systems\parquet\4903\system_4903__date_2016_07_13.snappy.000.parquet,pvdaq/parquet/pvdata/system_id=4903/year=2016/month=7/day=13/system_4903__date_2016_07_13.snappy.000.parquet,1779677564.4200737
..\..\..\data_ds_project\systems\parquet\4903\system_4903__date_2016_07_14.snappy.000.parquet,pvdaq/parquet/pvdata/system_id=4903/year=2016/month=7/day=14/system_4903__date_2016_07_14.snappy.000.parquet,1779677564.6778693
..\..\..\data_ds_project\systems\parquet\4903\system_4903__date_2016_07_15.snappy.000.parquet,pvdaq/parquet/pvdata/system_id=4903/year=2016/month=7/day=15/system_4903__date_2016_07_15.snappy.000.parquet,1779677564.956994
..\..\..\data_ds_project\systems\parquet\4903\system_4903__date_2016_07_16.snappy.000.parquet,pvdaq/parquet/pvdata/system_id=4903/year=2016/month=7/day=16/system_4903__date_2016_07_16.snappy.000.parquet,1779677565.2795208
..\..\..\data_ds_project\systems\parquet\4903\system_4903__date_2016_07_17.snappy.000.parquet,pvdaq/parquet/pvdata/system_id=4903/year=2016/month=7/day=17/system_4903__date_2016_07_17.snappy.000.parquet,1779677565.6415255
..\..\..\data_ds_project\systems\parquet\4903\system_4903__date_2016_07_18.snappy.000.parquet,pvdaq/parquet/pvdata/system_id=4903/year=2016/month=7/day=18/system_4903__date_2016_07_18.snappy.000.parquet,1779677566.759987
..\..\..\data_ds_project\systems\parquet\4903\system_4903__date_2016_07_19.snappy.000.parquet,pvdaq/parquet/pvdata/system_id=4903/year=2016/month=7/day=19/system_4903__date_2016_07_19.snappy.000.parquet,1779677567.1384616
..\..\..\data_ds_project\systems\parquet\4903\system_4903__date_2016_07_02.snappy.000.parquet,pvdaq/parquet/pvdata/system_id=4903/year=2016/month=7/day=2/system_4903__date_2016_07_02.snappy.000.parquet,1779677567.4345937
..\..\..\data_ds_project\systems\parquet\4903\system_4903__date_2016_07_20.snappy.000.parquet,pvdaq/parquet/pvdata/system_id=4903/year=2016/month=7/day=20/system_4903__date_2016_07_20.snappy.000.parquet,1779677567.7475762
..\..\..\data_ds_project\systems\parquet\4903\system_4903__date_2016_07_21.snappy.000.parquet,pvdaq/parquet/pvdata/system_id=4903/year=2016/month=7/day=21/system_4903__date_2016_07_21.snappy.000.parquet,1779677567.974539
..\..\..\data_ds_project\systems\parquet\4903\system_4903__date_2016_07_22.snappy.000.parquet,pvdaq/parquet/pvdata/system_id=4903/year=2016/month=7/day=22/system_4903__date_2016_07_22.snappy.000.parquet,1779677568.2337172
..\..\..\data_ds_project\systems\parquet\4903\system_4903__date_2016_07_23.snappy.000.parquet,pvdaq/parquet/pvdata/system_id=4903/year=2016/month=7/day=23/system_4903__date_2016_07_23.snappy.000.parquet,1779677568.471473
..\..\..\data_ds_project\systems\parquet\4903\system_4903__date_2016_07_24.snappy.000.parquet,pvdaq/parquet/pvdata/system_id=4903/year=2016/month=7/day=24/system_4903__date_2016_07_24.snappy.000.parquet,1779677568.7274604
..\..\..\data_ds_project\systems\parquet\4903\system_4903__date_2016_07_25.snappy.000.parquet,pvdaq/parquet/pvdata/system_id=4903/year=2016/month=7/day=25/system_4903__date_2016_07_25.snappy.000.parquet,1779677568.9977894
..\..\..\data_ds_project\systems\parquet\4903\system_4903__date_2016_07_26.snappy.000.parquet,pvdaq/parquet/pvdata/system_id=4903/year=2016/month=7/day=26/system_4903__date_2016_07_26.snappy.000.parquet,1779677569.2867973
..\..\..\data_ds_project\systems\parquet\4903\system_4903__date_2016_07_27.snappy.000.parquet,pvdaq/parquet/pvdata/system_id=4903/year=2016/month=7/day=27/system_4903__date_2016_07_27.snappy.000.parquet,1779677569.559076
..\..\..\data_ds_project\systems\parquet\4903\system_4903__date_2016_07_28.snappy.000.parquet,pvdaq/parquet/pvdata/system_id=4903/year=2016/month=7/day=28/system_4903__date_2016_07_28.snappy.000.parquet,1779677569.8233006
..\..\..\data_ds_project\systems\parquet\4903\system_4903__date_2016_07_29.snappy.000.parquet,pvdaq/parquet/pvdata/system_id=4903/year=2016/month=7/day=29/system_4903__date_2016_07_29.snappy.000.parquet,1779677570.069584
..\..\..\data_ds_project\systems\parquet\4903\system_4903__date_2016_07_03.snappy.000.parquet,pvdaq/parquet/pvdata/system_id=4903/year=2016/month=7/day=3/system_4903__date_2016_07_03.snappy.000.parquet,1779677570.330746
..\..\..\data_ds_project\systems\parquet\4903\system_4903__date_2016_07_30.snappy.000.parquet,pvdaq/parquet/pvdata/system_id=4903/year=2016/month=7/day=30/system_4903__date_2016_07_30.snappy.000.parquet,1779677570.5999389
..\..\..\data_ds_project\systems\parquet\4903\system_4903__date_2016_07_31.snappy.000.parquet,pvdaq/parquet/pvdata/system_id=4903/year=2016/month=7/day=31/system_4903__date_2016_07_31.snappy.000.parquet,1779677570.8959022
..\..\..\data_ds_project\systems\parquet\4903\system_4903__date_2016_07_04.snappy.000.parquet,pvdaq/parquet/pvdata/system_id=4903/year=2016/month=7/day=4/system_4903__date_2016_07_04.snappy.000.parquet,1779677571.1546006
..\..\..\data_ds_project\systems\parquet\4903\system_4903__date_2016_07_05.snappy.000.parquet,pvdaq/parquet/pvdata/system_id=4903/year=2016/month=7/day=5/system_4903__date_2016_07_05.snappy.000.parquet,1779677571.4176462
..\..\..\data_ds_project\systems\parquet\4903\system_4903__date_2016_07_06.snappy.000.parquet,pvdaq/parquet/pvdata/system_id=4903/year=2016/month=7/day=6/system_4903__date_2016_07_06.snappy.000.parquet,1779677571.6948707
..\..\..\data_ds_project\systems\parquet\4903\system_4903__date_2016_07_07.snappy.000.parquet,pvdaq/parquet/pvdata/system_id=4903/year=2016/month=7/day=7/system_4903__date_2016_07_07.snappy.000.parquet,1779677571.9816382
..\..\..\data_ds_project\systems\parquet\4903\system_4903__date_2016_07_08.snappy.000.parquet,pvdaq/parquet/pvdata/system_id=4903/year=2016/month=7/day=8/system_4903__date_2016_07_08.snappy.000.parquet,1779677572.2724466
..\..\..\data_ds_project\systems\parquet\4903\system_4903__date_2016_07_09.snappy.000.parquet,pvdaq/parquet/pvdata/system_id=4903/year=2016/month=7/day=9/system_4903__date_2016_07_09.snappy.000.parquet,1779677572.52075
..\..\..\data_ds_project\systems\parquet\4903\system_4903__date_2016_08_01.snappy.000.parquet,pvdaq/parquet/pvdata/system_id=4903/year=2016/month=8/day=1/system_4903__date_2016_08_01.snappy.000.parquet,1779677572.8453188
..\..\..\data_ds_project\systems\parquet\4903\system_4903__date_2016_08_10.snappy.000.parquet,pvdaq/parquet/pvdata/system_id=4903/year=2016/month=8/day=10/system_4903__date_2016_08_10.snappy.000.parquet,1779677573.1136034
..\..\..\data_ds_project\systems\parquet\4903\system_4903__date_2016_08_11.snappy.000.parquet,pvdaq/parquet/pvdata/system_id=4903/year=2016/month=8/day=11/system_4903__date_2016_08_11.snappy.000.parquet,1779677573.3793068
..\..\..\data_ds_project\systems\parquet\4903\system_4903__date_2016_08_12.snappy.000.parquet,pvdaq/parquet/pvdata/system_id=4903/year=2016/month=8/day=12/system_4903__date_2016_08_12.snappy.000.parquet,1779677573.687253
..\..\..\data_ds_project\systems\parquet\4903\system_4903__date_2016_08_13.snappy.000.parquet,pvdaq/parquet/pvdata/system_id=4903/year=2016/month=8/day=13/system_4903__date_2016_08_13.snappy.000.parquet,1779677573.965117
..\..\..\data_ds_project\systems\parquet\4903\system_4903__date_2016_08_14.snappy.000.parquet,pvdaq/parquet/pvdata/system_id=4903/year=2016/month=8/day=14/system_4903__date_2016_08_14.snappy.000.parquet,1779677574.2224498
..\..\..\data_ds_project\systems\parquet\4903\system_4903__date_2016_08_15.snappy.000.parquet,pvdaq/parquet/pvdata/system_id=4903/year=2016/month=8/day=15/system_4903__date_2016_08_15.snappy.000.parquet,1779677574.5103917
..\..\..\data_ds_project\systems\parquet\4903\system_4903__date_2016_08_16.snappy.000.parquet,pvdaq/parquet/pvdata/system_id=4903/year=2016/month=8/day=16/system_4903__date_2016_08_16.snappy.000.parquet,1779677574.7523372
..\..\..\data_ds_project\systems\parquet\4903\system_4903__date_2016_08_17.snappy.000.parquet,pvdaq/parquet/pvdata/system_id=4903/year=2016/month=8/day=17/system_4903__date_2016_08_17.snappy.000.parquet,1779677575.0480347
..\..\..\data_ds_project\systems\parquet\4903\system_4903__date_2016_08_18.snappy.000.parquet,pvdaq/parquet/pvdata/system_id=4903/year=2016/month=8/day=18/system_4903__date_2016_08_18.snappy.000.parquet,1779677575.3162844
..\..\..\data_ds_project\systems\parquet\4903\system_4903__date_2016_08_19.snappy.000.parquet,pvdaq/parquet/pvdata/system_id=4903/year=2016/month=8/day=19/system_4903__date_2016_08_19.snappy.000.parquet,1779677575.5993676
..\..\..\data_ds_project\systems\parquet\4903\system_4903__date_2016_08_02.snappy.000.parquet,pvdaq/parquet/pvdata/system_id=4903/year=2016/month=8/day=2/system_4903__date_2016_08_02.snappy.000.parquet,1779677575.851377
..\..\..\data_ds_project\systems\parquet\4903\system_4903__date_2016_08_20.snappy.000.parquet,pvdaq/parquet/pvdata/system_id=4903/year=2016/month=8/day=20/system_4903__date_2016_08_20.snappy.000.parquet,1779677576.110425
..\..\..\data_ds_project\systems\parquet\4903\system_4903__date_2016_08_21.snappy.000.parquet,pvdaq/parquet/pvdata/system_id=4903/year=2016/month=8/day=21/system_4903__date_2016_08_21.snappy.000.parquet,1779677576.3724272
..\..\..\data_ds_project\systems\parquet\4903\system_4903__date_2016_08_22.snappy.000.parquet,pvdaq/parquet/pvdata/system_id=4903/year=2016/month=8/day=22/system_4903__date_2016_08_22.snappy.000.parquet,1779677576.6591668
..\..\..\data_ds_project\systems\parquet\4903\system_4903__date_2016_08_23.snappy.000.parquet,pvdaq/parquet/pvdata/system_id=4903/year=2016/month=8/day=23/system_4903__date_2016_08_23.snappy.000.parquet,1779677576.9315948
..\..\..\data_ds_project\systems\parquet\4903\system_4903__date_2016_08_24.snappy.000.parquet,pvdaq/parquet/pvdata/system_id=4903/year=2016/month=8/day=24/system_4903__date_2016_08_24.snappy.000.parquet,1779677577.2145505
..\..\..\data_ds_project\systems\parquet\4903\system_4903__date_2016_08_25.snappy.000.parquet,pvdaq/parquet/pvdata/system_id=4903/year=2016/month=8/day=25/system_4903__date_2016_08_25.snappy.000.parquet,1779677577.4985058
..\..\..\data_ds_project\systems\parquet\4903\system_4903__date_2016_08_26.snappy.000.parquet,pvdaq/parquet/pvdata/system_id=4903/year=2016/month=8/day=26/system_4903__date_2016_08_26.snappy.000.parquet,1779677577.7679186
..\..\..\data_ds_project\systems\parquet\4903\system_4903__date_2016_08_27.snappy.000.parquet,pvdaq/parquet/pvdata/system_id=4903/year=2016/month=8/day=27/system_4903__date_2016_08_27.snappy.000.parquet,1779677578.027178
..\..\..\data_ds_project\systems\parquet\4903\system_4903__date_2016_08_28.snappy.000.parquet,pvdaq/parquet/pvdata/system_id=4903/year=2016/month=8/day=28/system_4903__date_2016_08_28.snappy.000.parquet,1779677578.3043914
..\..\..\data_ds_project\systems\parquet\4903\system_4903__date_2016_08_29.snappy.000.parquet,pvdaq/parquet/pvdata/system_id=4903/year=2016/month=8/day=29/system_4903__date_2016_08_29.snappy.000.parquet,1779677578.589251
..\..\..\data_ds_project\systems\parquet\4903\system_4903__date_2016_08_03.snappy.000.parquet,pvdaq/parquet/pvdata/system_id=4903/year=2016/month=8/day=3/system_4903__date_2016_08_03.snappy.000.parquet,1779677578.8839433
..\..\..\data_ds_project\systems\parquet\4903\system_4903__date_2016_08_30.snappy.000.parquet,pvdaq/parquet/pvdata/system_id=4903/year=2016/month=8/day=30/system_4903__date_2016_08_30.snappy.000.parquet,1779677579.135971
..\..\..\data_ds_project\systems\parquet\4903\system_4903__date_2016_08_31.snappy.000.parquet,pvdaq/parquet/pvdata/system_id=4903/year=2016/month=8/day=31/system_4903__date_2016_08_31.snappy.000.parquet,1779677579.389691
..\..\..\data_ds_project\systems\parquet\4903\system_4903__date_2016_08_04.snappy.000.parquet,pvdaq/parquet/pvdata/system_id=4903/year=2016/month=8/day=4/system_4903__date_2016_08_04.snappy.000.parquet,1779677579.6564696
..\..\..\data_ds_project\systems\parquet\4903\system_4903__date_2016_08_05.snappy.000.parquet,pvdaq/parquet/pvdata/system_id=4903/year=2016/month=8/day=5/system_4903__date_2016_08_05.snappy.000.parquet,1779677579.9130738
..\..\..\data_ds_project\systems\parquet\4903\system_4903__date_2016_08_06.snappy.000.parquet,pvdaq/parquet/pvdata/system_id=4903/year=2016/month=8/day=6/system_4903__date_2016_08_06.snappy.000.parquet,1779677580.1683981
..\..\..\data_ds_project\systems\parquet\4903\system_4903__date_2016_08_07.snappy.000.parquet,pvdaq/parquet/pvdata/system_id=4903/year=2016/month=8/day=7/system_4903__date_2016_08_07.snappy.000.parquet,1779677581.1901665
..\..\..\data_ds_project\systems\parquet\4903\system_4903__date_2016_08_08.snappy.000.parquet,pvdaq/parquet/pvdata/system_id=4903/year=2016/month=8/day=8/system_4903__date_2016_08_08.snappy.000.parquet,1779677581.4589624
..\..\..\data_ds_project\systems\parquet\4903\system_4903__date_2016_08_09.snappy.000.parquet,pvdaq/parquet/pvdata/system_id=4903/year=2016/month=8/day=9/system_4903__date_2016_08_09.snappy.000.parquet,1779677581.7271721
..\..\..\data_ds_project\systems\parquet\4903\system_4903__date_2016_09_01.snappy.000.parquet,pvdaq/parquet/pvdata/system_id=4903/year=2016/month=9/day=1/system_4903__date_2016_09_01.snappy.000.parquet,1779677581.9859288
..\..\..\data_ds_project\systems\parquet\4903\system_4903__date_2016_09_10.snappy.000.parquet,pvdaq/parquet/pvdata/system_id=4903/year=2016/month=9/day=10/system_4903__date_2016_09_10.snappy.000.parquet,1779677582.2498634
..\..\..\data_ds_project\systems\parquet\4903\system_4903__date_2016_09_11.snappy.000.parquet,pvdaq/parquet/pvdata/system_id=4903/year=2016/month=9/day=11/system_4903__date_2016_09_11.snappy.000.parquet,1779677582.4963799
..\..\..\data_ds_project\systems\parquet\4903\system_4903__date_2016_09_12.snappy.000.parquet,pvdaq/parquet/pvdata/system_id=4903/year=2016/month=9/day=12/system_4903__date_2016_09_12.snappy.000.parquet,1779677582.751637
..\..\..\data_ds_project\systems\parquet\4903\system_4903__date_2016_09_13.snappy.000.parquet,pvdaq/parquet/pvdata/system_id=4903/year=2016/month=9/day=13/system_4903__date_2016_09_13.snappy.000.parquet,1779677583.004967
..\..\..\data_ds_project\systems\parquet\4903\system_4903__date_2016_09_14.snappy.000.parquet,pvdaq/parquet/pvdata/system_id=4903/year=2016/month=9/day=14/system_4903__date_2016_09_14.snappy.000.parquet,1779677583.3059433
..\..\..\data_ds_project\systems\parquet\4903\system_4903__date_2016_09_15.snappy.000.parquet,pvdaq/parquet/pvdata/system_id=4903/year=2016/month=9/day=15/system_4903__date_2016_09_15.snappy.000.parquet,1779677583.5589106
..\..\..\data_ds_project\systems\parquet\4903\system_4903__date_2016_09_16.snappy.000.parquet,pvdaq/parquet/pvdata/system_id=4903/year=2016/month=9/day=16/system_4903__date_2016_09_16.snappy.000.parquet,1779677583.8778262
..\..\..\data_ds_project\systems\parquet\4903\system_4903__date_2016_09_17.snappy.000.parquet,pvdaq/parquet/pvdata/system_id=4903/year=2016/month=9/day=17/system_4903__date_2016_09_17.snappy.000.parquet,1779677584.195278
..\..\..\data_ds_project\systems\parquet\4903\system_4903__date_2016_09_18.snappy.000.parquet,pvdaq/parquet/pvdata/system_id=4903/year=2016/month=9/day=18/system_4903__date_2016_09_18.snappy.000.parquet,1779677584.5113385
..\..\..\data_ds_project\systems\parquet\4903\system_4903__date_2016_09_19.snappy.000.parquet,pvdaq/parquet/pvdata/system_id=4903/year=2016/month=9/day=19/system_4903__date_2016_09_19.snappy.000.parquet,1779677584.7682166
..\..\..\data_ds_project\systems\parquet\4903\system_4903__date_2016_09_02.snappy.000.parquet,pvdaq/parquet/pvdata/system_id=4903/year=2016/month=9/day=2/system_4903__date_2016_09_02.snappy.000.parquet,1779677585.028672
..\..\..\data_ds_project\systems\parquet\4903\system_4903__date_2016_09_20.snappy.000.parquet,pvdaq/parquet/pvdata/system_id=4903/year=2016/month=9/day=20/system_4903__date_2016_09_20.snappy.000.parquet,1779677585.2847402
..\..\..\data_ds_project\systems\parquet\4903\system_4903__date_2016_09_21.snappy.000.parquet,pvdaq/parquet/pvdata/system_id=4903/year=2016/month=9/day=21/system_4903__date_2016_09_21.snappy.000.parquet,1779677585.6105423
..\..\..\data_ds_project\systems\parquet\4903\system_4903__date_2016_09_22.snappy.000.parquet,pvdaq/parquet/pvdata/system_id=4903/year=2016/month=9/day=22/system_4903__date_2016_09_22.snappy.000.parquet,1779677585.8672519
..\..\..\data_ds_project\systems\parquet\4903\system_4903__date_2016_09_23.snappy.000.parquet,pvdaq/parquet/pvdata/system_id=4903/year=2016/month=9/day=23/system_4903__date_2016_09_23.snappy.000.parquet,1779677586.170827
..\..\..\data_ds_project\systems\parquet\4903\system_4903__date_2016_09_24.snappy.000.parquet,pvdaq/parquet/pvdata/system_id=4903/year=2016/month=9/day=24/system_4903__date_2016_09_24.snappy.000.parquet,1779677586.4145336
..\..\..\data_ds_project\systems\parquet\4903\system_4903__date_2016_09_25.snappy.000.parquet,pvdaq/parquet/pvdata/system_id=4903/year=2016/month=9/day=25/system_4903__date_2016_09_25.snappy.000.parquet,1779677586.702227
..\..\..\data_ds_project\systems\parquet\4903\system_4903__date_2016_09_26.snappy.000.parquet,pvdaq/parquet/pvdata/system_id=4903/year=2016/month=9/day=26/system_4903__date_2016_09_26.snappy.000.parquet,1779677586.9754016
..\..\..\data_ds_project\systems\parquet\4903\system_4903__date_2016_09_27.snappy.000.parquet,pvdaq/parquet/pvdata/system_id=4903/year=2016/month=9/day=27/system_4903__date_2016_09_27.snappy.000.parquet,1779677587.2630131
..\..\..\data_ds_project\systems\parquet\4903\system_4903__date_2016_09_28.snappy.000.parquet,pvdaq/parquet/pvdata/system_id=4903/year=2016/month=9/day=28/system_4903__date_2016_09_28.snappy.000.parquet,1779677587.5427003
..\..\..\data_ds_project\systems\parquet\4903\system_4903__date_2016_09_29.snappy.000.parquet,pvdaq/parquet/pvdata/system_id=4903/year=2016/month=9/day=29/system_4903__date_2016_09_29.snappy.000.parquet,1779677587.7984662
..\..\..\data_ds_project\systems\parquet\4903\system_4903__date_2016_09_03.snappy.000.parquet,pvdaq/parquet/pvdata/system_id=4903/year=2016/month=9/day=3/system_4903__date_2016_09_03.snappy.000.parquet,1779677588.1172404
..\..\..\data_ds_project\systems\parquet\4903\system_4903__date_2016_09_30.snappy.000.parquet,pvdaq/parquet/pvdata/system_id=4903/year=2016/month=9/day=30/system_4903__date_2016_09_30.snappy.000.parquet,1779677588.3640397
..\..\..\data_ds_project\systems\parquet\4903\system_4903__date_2016_09_04.snappy.000.parquet,pvdaq/parquet/pvdata/system_id=4903/year=2016/month=9/day=4/system_4903__date_2016_09_04.snappy.000.parquet,1779677588.6326976
..\..\..\data_ds_project\systems\parquet\4903\system_4903__date_2016_09_05.snappy.000.parquet,pvdaq/parquet/pvdata/system_id=4903/year=2016/month=9/day=5/system_4903__date_2016_09_05.snappy.000.parquet,1779677588.891996
..\..\..\data_ds_project\systems\parquet\4903\system_4903__date_2016_09_06.snappy.000.parquet,pvdaq/parquet/pvdata/system_id=4903/year=2016/month=9/day=6/system_4903__date_2016_09_06.snappy.000.parquet,1779677589.1300938
..\..\..\data_ds_project\systems\parquet\4903\system_4903__date_2016_09_07.snappy.000.parquet,pvdaq/parquet/pvdata/system_id=4903/year=2016/month=9/day=7/system_4903__date_2016_09_07.snappy.000.parquet,1779677589.4045193
..\..\..\data_ds_project\systems\parquet\4903\system_4903__date_2016_09_08.snappy.000.parquet,pvdaq/parquet/pvdata/system_id=4903/year=2016/month=9/day=8/system_4903__date_2016_09_08.snappy.000.parquet,1779677589.649817
..\..\..\data_ds_project\systems\parquet\4903\system_4903__date_2016_09_09.snappy.000.parquet,pvdaq/parquet/pvdata/system_id=4903/year=2016/month=9/day=9/system_4903__date_2016_09_09.snappy.000.parquet,1779677589.89467
..\..\..\data_ds_project\systems\parquet\4903\system_4903__date_2017_01_01.snappy.000.parquet,pvdaq/parquet/pvdata/system_id=4903/year=2017/month=1/day=1/system_4903__date_2017_01_01.snappy.000.parquet,1779677590.157596
..\..\..\data_ds_project\systems\parquet\4903\system_4903__date_2017_01_10.snappy.000.parquet,pvdaq/parquet/pvdata/system_id=4903/year=2017/month=1/day=10/system_4903__date_2017_01_10.snappy.000.parquet,1779677590.407169
..\..\..\data_ds_project\systems\parquet\4903\system_4903__date_2017_01_11.snappy.000.parquet,pvdaq/parquet/pvdata/system_id=4903/year=2017/month=1/day=11/system_4903__date_2017_01_11.snappy.000.parquet,1779677590.6582892
..\..\..\data_ds_project\systems\parquet\4903\system_4903__date_2017_01_12.snappy.000.parquet,pvdaq/parquet/pvdata/system_id=4903/year=2017/month=1/day=12/system_4903__date_2017_01_12.snappy.000.parquet,1779677590.9122484
..\..\..\data_ds_project\systems\parquet\4903\system_4903__date_2017_01_13.snappy.000.parquet,pvdaq/parquet/pvdata/system_id=4903/year=2017/month=1/day=13/system_4903__date_2017_01_13.snappy.000.parquet,1779677591.1767213
..\..\..\data_ds_project\systems\parquet\4903\system_4903__date_2017_01_14.snappy.000.parquet,pvdaq/parquet/pvdata/system_id=4903/year=2017/month=1/day=14/system_4903__date_2017_01_14.snappy.000.parquet,1779677591.4388998
..\..\..\data_ds_project\systems\parquet\4903\system_4903__date_2017_01_15.snappy.000.parquet,pvdaq/parquet/pvdata/system_id=4903/year=2017/month=1/day=15/system_4903__date_2017_01_15.snappy.000.parquet,1779677591.678664
..\..\..\data_ds_project\systems\parquet\4903\system_4903__date_2017_01_16.snappy.000.parquet,pvdaq/parquet/pvdata/system_id=4903/year=2017/month=1/day=16/system_4903__date_2017_01_16.snappy.000.parquet,1779677591.9397094
..\..\..\data_ds_project\systems\parquet\4903\system_4903__date_2017_01_17.snappy.000.parquet,pvdaq/parquet/pvdata/system_id=4903/year=2017/month=1/day=17/system_4903__date_2017_01_17.snappy.000.parquet,1779677592.1803925
..\..\..\data_ds_project\systems\parquet\4903\system_4903__date_2017_01_18.snappy.000.parquet,pvdaq/parquet/pvdata/system_id=4903/year=2017/month=1/day=18/system_4903__date_2017_01_18.snappy.000.parquet,1779677592.4629803
..\..\..\data_ds_project\systems\parquet\4903\system_4903__date_2017_01_19.snappy.000.parquet,pvdaq/parquet/pvdata/system_id=4903/year=2017/month=1/day=19/system_4903__date_2017_01_19.snappy.000.parquet,1779677592.745261
..\..\..\data_ds_project\systems\parquet\4903\system_4903__date_2017_01_02.snappy.000.parquet,pvdaq/parquet/pvdata/system_id=4903/year=2017/month=1/day=2/system_4903__date_2017_01_02.snappy.000.parquet,1779677593.0694811
..\..\..\data_ds_project\systems\parquet\4903\system_4903__date_2017_01_20.snappy.000.parquet,pvdaq/parquet/pvdata/system_id=4903/year=2017/month=1/day=20/system_4903__date_2017_01_20.snappy.000.parquet,1779677593.3662262
..\..\..\data_ds_project\systems\parquet\4903\system_4903__date_2017_01_21.snappy.000.parquet,pvdaq/parquet/pvdata/system_id=4903/year=2017/month=1/day=21/system_4903__date_2017_01_21.snappy.000.parquet,1779677593.6066701
..\..\..\data_ds_project\systems\parquet\4903\system_4903__date_2017_01_22.snappy.000.parquet,pvdaq/parquet/pvdata/system_id=4903/year=2017/month=1/day=22/system_4903__date_2017_01_22.snappy.000.parquet,1779677593.8522213
..\..\..\data_ds_project\systems\parquet\4903\system_4903__date_2017_01_23.snappy.000.parquet,pvdaq/parquet/pvdata/system_id=4903/year=2017/month=1/day=23/system_4903__date_2017_01_23.snappy.000.parquet,1779677594.0921433
..\..\..\data_ds_project\systems\parquet\4903\system_4903__date_2017_01_24.snappy.000.parquet,pvdaq/parquet/pvdata/system_id=4903/year=2017/month=1/day=24/system_4903__date_2017_01_24.snappy.000.parquet,1779677594.3428335
..\..\..\data_ds_project\systems\parquet\4903\system_4903__date_2017_01_25.snappy.000.parquet,pvdaq/parquet/pvdata/system_id=4903/year=2017/month=1/day=25/system_4903__date_2017_01_25.snappy.000.parquet,1779677595.277527
..\..\..\data_ds_project\systems\parquet\4903\system_4903__date_2017_01_26.snappy.000.parquet,pvdaq/parquet/pvdata/system_id=4903/year=2017/month=1/day=26/system_4903__date_2017_01_26.snappy.000.parquet,1779677595.6666586
..\..\..\data_ds_project\systems\parquet\4903\system_4903__date_2017_01_27.snappy.000.parquet,pvdaq/parquet/pvdata/system_id=4903/year=2017/month=1/day=27/system_4903__date_2017_01_27.snappy.000.parquet,1779677595.9623158
..\..\..\data_ds_project\systems\parquet\4903\system_4903__date_2017_01_28.snappy.000.parquet,pvdaq/parquet/pvdata/system_id=4903/year=2017/month=1/day=28/system_4903__date_2017_01_28.snappy.000.parquet,1779677596.2866118
..\..\..\data_ds_project\systems\parquet\4903\system_4903__date_2017_01_29.snappy.000.parquet,pvdaq/parquet/pvdata/system_id=4903/year=2017/month=1/day=29/system_4903__date_2017_01_29.snappy.000.parquet,1779677596.6239166
..\..\..\data_ds_project\systems\parquet\4903\system_4903__date_2017_01_03.snappy.000.parquet,pvdaq/parquet/pvdata/system_id=4903/year=2017/month=1/day=3/system_4903__date_2017_01_03.snappy.000.parquet,1779677596.9000955
..\..\..\data_ds_project\systems\parquet\4903\system_4903__date_2017_01_30.snappy.000.parquet,pvdaq/parquet/pvdata/system_id=4903/year=2017/month=1/day=30/system_4903__date_2017_01_30.snappy.000.parquet,1779677597.1759331
..\..\..\data_ds_project\systems\parquet\4903\system_4903__date_2017_01_31.snappy.000.parquet,pvdaq/parquet/pvdata/system_id=4903/year=2017/month=1/day=31/system_4903__date_2017_01_31.snappy.000.parquet,1779677597.4312062
..\..\..\data_ds_project\systems\parquet\4903\system_4903__date_2017_01_04.snappy.000.parquet,pvdaq/parquet/pvdata/system_id=4903/year=2017/month=1/day=4/system_4903__date_2017_01_04.snappy.000.parquet,1779677597.6962936
..\..\..\data_ds_project\systems\parquet\4903\system_4903__date_2017_01_05.snappy.000.parquet,pvdaq/parquet/pvdata/system_id=4903/year=2017/month=1/day=5/system_4903__date_2017_01_05.snappy.000.parquet,1779677597.9632125
..\..\..\data_ds_project\systems\parquet\4903\system_4903__date_2017_01_06.snappy.000.parquet,pvdaq/parquet/pvdata/system_id=4903/year=2017/month=1/day=6/system_4903__date_2017_01_06.snappy.000.parquet,1779677598.2832248
..\..\..\data_ds_project\systems\parquet\4903\system_4903__date_2017_01_07.snappy.000.parquet,pvdaq/parquet/pvdata/system_id=4903/year=2017/month=1/day=7/system_4903__date_2017_01_07.snappy.000.parquet,1779677598.5515263
..\..\..\data_ds_project\systems\parquet\4903\system_4903__date_2017_01_08.snappy.000.parquet,pvdaq/parquet/pvdata/system_id=4903/year=2017/month=1/day=8/system_4903__date_2017_01_08.snappy.000.parquet,1779677598.8055232
..\..\..\data_ds_project\systems\parquet\4903\system_4903__date_2017_01_09.snappy.000.parquet,pvdaq/parquet/pvdata/system_id=4903/year=2017/month=1/day=9/system_4903__date_2017_01_09.snappy.000.parquet,1779677599.0813365
..\..\..\data_ds_project\systems\parquet\4903\system_4903__date_2017_10_01.snappy.000.parquet,pvdaq/parquet/pvdata/system_id=4903/year=2017/month=10/day=1/system_4903__date_2017_10_01.snappy.000.parquet,1779677599.3513315
..\..\..\data_ds_project\systems\parquet\4903\system_4903__date_2017_10_10.snappy.000.parquet,pvdaq/parquet/pvdata/system_id=4903/year=2017/month=10/day=10/system_4903__date_2017_10_10.snappy.000.parquet,1779677599.6129515
..\..\..\data_ds_project\systems\parquet\4903\system_4903__date_2017_10_11.snappy.000.parquet,pvdaq/parquet/pvdata/system_id=4903/year=2017/month=10/day=11/system_4903__date_2017_10_11.snappy.000.parquet,1779677599.9184828
..\..\..\data_ds_project\systems\parquet\4903\system_4903__date_2017_10_12.snappy.000.parquet,pvdaq/parquet/pvdata/system_id=4903/year=2017/month=10/day=12/system_4903__date_2017_10_12.snappy.000.parquet,1779677600.1929283
..\..\..\data_ds_project\systems\parquet\4903\system_4903__date_2017_10_13.snappy.000.parquet,pvdaq/parquet/pvdata/system_id=4903/year=2017/month=10/day=13/system_4903__date_2017_10_13.snappy.000.parquet,1779677600.4503622
..\..\..\data_ds_project\systems\parquet\4903\system_4903__date_2017_10_14.snappy.000.parquet,pvdaq/parquet/pvdata/system_id=4903/year=2017/month=10/day=14/system_4903__date_2017_10_14.snappy.000.parquet,1779677600.7143228
..\..\..\data_ds_project\systems\parquet\4903\system_4903__date_2017_10_15.snappy.000.parquet,pvdaq/parquet/pvdata/system_id=4903/year=2017/month=10/day=15/system_4903__date_2017_10_15.snappy.000.parquet,1779677601.006015
..\..\..\data_ds_project\systems\parquet\4903\system_4903__date_2017_10_16.snappy.000.parquet,pvdaq/parquet/pvdata/system_id=4903/year=2017/month=10/day=16/system_4903__date_2017_10_16.snappy.000.parquet,1779677601.277145
..\..\..\data_ds_project\systems\parquet\4903\system_4903__date_2017_10_17.snappy.000.parquet,pvdaq/parquet/pvdata/system_id=4903/year=2017/month=10/day=17/system_4903__date_2017_10_17.snappy.000.parquet,1779677601.5554616
..\..\..\data_ds_project\systems\parquet\4903\system_4903__date_2017_10_18.snappy.000.parquet,pvdaq/parquet/pvdata/system_id=4903/year=2017/month=10/day=18/system_4903__date_2017_10_18.snappy.000.parquet,1779677601.8322253
..\..\..\data_ds_project\systems\parquet\4903\system_4903__date_2017_10_19.snappy.000.parquet,pvdaq/parquet/pvdata/system_id=4903/year=2017/month=10/day=19/system_4903__date_2017_10_19.snappy.000.parquet,1779677602.09848
..\..\..\data_ds_project\systems\parquet\4903\system_4903__date_2017_10_02.snappy.000.parquet,pvdaq/parquet/pvdata/system_id=4903/year=2017/month=10/day=2/system_4903__date_2017_10_02.snappy.000.parquet,1779677602.3710756
..\..\..\data_ds_project\systems\parquet\4903\system_4903__date_2017_10_20.snappy.000.parquet,pvdaq/parquet/pvdata/system_id=4903/year=2017/month=10/day=20/system_4903__date_2017_10_20.snappy.000.parquet,1779677602.6384106
..\..\..\data_ds_project\systems\parquet\4903\system_4903__date_2017_10_21.snappy.000.parquet,pvdaq/parquet/pvdata/system_id=4903/year=2017/month=10/day=21/system_4903__date_2017_10_21.snappy.000.parquet,1779677602.88885
..\..\..\data_ds_project\systems\parquet\4903\system_4903__date_2017_10_22.snappy.000.parquet,pvdaq/parquet/pvdata/system_id=4903/year=2017/month=10/day=22/system_4903__date_2017_10_22.snappy.000.parquet,1779677603.1581316
..\..\..\data_ds_project\systems\parquet\4903\system_4903__date_2017_10_23.snappy.000.parquet,pvdaq/parquet/pvdata/system_id=4903/year=2017/month=10/day=23/system_4903__date_2017_10_23.snappy.000.parquet,1779677603.4269595
..\..\..\data_ds_project\systems\parquet\4903\system_4903__date_2017_10_24.snappy.000.parquet,pvdaq/parquet/pvdata/system_id=4903/year=2017/month=10/day=24/system_4903__date_2017_10_24.snappy.000.parquet,1779677603.7322764
..\..\..\data_ds_project\systems\parquet\4903\system_4903__date_2017_10_25.snappy.000.parquet,pvdaq/parquet/pvdata/system_id=4903/year=2017/month=10/day=25/system_4903__date_2017_10_25.snappy.000.parquet,1779677604.041887
..\..\..\data_ds_project\systems\parquet\4903\system_4903__date_2017_10_26.snappy.000.parquet,pvdaq/parquet/pvdata/system_id=4903/year=2017/month=10/day=26/system_4903__date_2017_10_26.snappy.000.parquet,1779677604.3042376
..\..\..\data_ds_project\systems\parquet\4903\system_4903__date_2017_10_27.snappy.000.parquet,pvdaq/parquet/pvdata/system_id=4903/year=2017/month=10/day=27/system_4903__date_2017_10_27.snappy.000.parquet,1779677604.6079621
..\..\..\data_ds_project\systems\parquet\4903\system_4903__date_2017_10_28.snappy.000.parquet,pvdaq/parquet/pvdata/system_id=4903/year=2017/month=10/day=28/system_4903__date_2017_10_28.snappy.000.parquet,1779677604.8726058
..\..\..\data_ds_project\systems\parquet\4903\system_4903__date_2017_10_29.snappy.000.parquet,pvdaq/parquet/pvdata/system_id=4903/year=2017/month=10/day=29/system_4903__date_2017_10_29.snappy.000.parquet,1779677605.1432543
..\..\..\data_ds_project\systems\parquet\4903\system_4903__date_2017_10_03.snappy.000.parquet,pvdaq/parquet/pvdata/system_id=4903/year=2017/month=10/day=3/system_4903__date_2017_10_03.snappy.000.parquet,1779677605.4066396
..\..\..\data_ds_project\systems\parquet\4903\system_4903__date_2017_10_30.snappy.000.parquet,pvdaq/parquet/pvdata/system_id=4903/year=2017/month=10/day=30/system_4903__date_2017_10_30.snappy.000.parquet,1779677605.6699345
..\..\..\data_ds_project\systems\parquet\4903\system_4903__date_2017_10_31.snappy.000.parquet,pvdaq/parquet/pvdata/system_id=4903/year=2017/month=10/day=31/system_4903__date_2017_10_31.snappy.000.parquet,1779677605.9278214
..\..\..\data_ds_project\systems\parquet\4903\system_4903__date_2017_10_04.snappy.000.parquet,pvdaq/parquet/pvdata/system_id=4903/year=2017/month=10/day=4/system_4903__date_2017_10_04.snappy.000.parquet,1779677606.2041137
..\..\..\data_ds_project\systems\parquet\4903\system_4903__date_2017_10_05.snappy.000.parquet,pvdaq/parquet/pvdata/system_id=4903/year=2017/month=10/day=5/system_4903__date_2017_10_05.snappy.000.parquet,1779677606.486595
..\..\..\data_ds_project\systems\parquet\4903\system_4903__date_2017_10_06.snappy.000.parquet,pvdaq/parquet/pvdata/system_id=4903/year=2017/month=10/day=6/system_4903__date_2017_10_06.snappy.000.parquet,1779677606.780834
..\..\..\data_ds_project\systems\parquet\4903\system_4903__date_2017_10_07.snappy.000.parquet,pvdaq/parquet/pvdata/system_id=4903/year=2017/month=10/day=7/system_4903__date_2017_10_07.snappy.000.parquet,1779677607.075539
..\..\..\data_ds_project\systems\parquet\4903\system_4903__date_2017_10_08.snappy.000.parquet,pvdaq/parquet/pvdata/system_id=4903/year=2017/month=10/day=8/system_4903__date_2017_10_08.snappy.000.parquet,1779677607.338828
..\..\..\data_ds_project\systems\parquet\4903\system_4903__date_2017_10_09.snappy.000.parquet,pvdaq/parquet/pvdata/system_id=4903/year=2017/month=10/day=9/system_4903__date_2017_10_09.snappy.000.parquet,1779677607.6041234
..\..\..\data_ds_project\systems\parquet\4903\system_4903__date_2017_11_01.snappy.000.parquet,pvdaq/parquet/pvdata/system_id=4903/year=2017/month=11/day=1/system_4903__date_2017_11_01.snappy.000.parquet,1779677607.857479
..\..\..\data_ds_project\systems\parquet\4903\system_4903__date_2017_11_10.snappy.000.parquet,pvdaq/parquet/pvdata/system_id=4903/year=2017/month=11/day=10/system_4903__date_2017_11_10.snappy.000.parquet,1779677608.1369646
..\..\..\data_ds_project\systems\parquet\4903\system_4903__date_2017_11_11.snappy.000.parquet,pvdaq/parquet/pvdata/system_id=4903/year=2017/month=11/day=11/system_4903__date_2017_11_11.snappy.000.parquet,1779677608.3991187
..\..\..\data_ds_project\systems\parquet\4903\system_4903__date_2017_11_12.snappy.000.parquet,pvdaq/parquet/pvdata/system_id=4903/year=2017/month=11/day=12/system_4903__date_2017_11_12.snappy.000.parquet,1779677608.6455443
..\..\..\data_ds_project\systems\parquet\4903\system_4903__date_2017_11_13.snappy.000.parquet,pvdaq/parquet/pvdata/system_id=4903/year=2017/month=11/day=13/system_4903__date_2017_11_13.snappy.000.parquet,1779677608.9189053
..\..\..\data_ds_project\systems\parquet\4903\system_4903__date_2017_11_14.snappy.000.parquet,pvdaq/parquet/pvdata/system_id=4903/year=2017/month=11/day=14/system_4903__date_2017_11_14.snappy.000.parquet,1779677609.9909606
..\..\..\data_ds_project\systems\parquet\4903\system_4903__date_2017_11_15.snappy.000.parquet,pvdaq/parquet/pvdata/system_id=4903/year=2017/month=11/day=15/system_4903__date_2017_11_15.snappy.000.parquet,1779677610.337415
..\..\..\data_ds_project\systems\parquet\4903\system_4903__date_2017_11_16.snappy.000.parquet,pvdaq/parquet/pvdata/system_id=4903/year=2017/month=11/day=16/system_4903__date_2017_11_16.snappy.000.parquet,1779677610.6464596
..\..\..\data_ds_project\systems\parquet\4903\system_4903__date_2017_11_17.snappy.000.parquet,pvdaq/parquet/pvdata/system_id=4903/year=2017/month=11/day=17/system_4903__date_2017_11_17.snappy.000.parquet,1779677610.9080386
..\..\..\data_ds_project\systems\parquet\4903\system_4903__date_2017_11_18.snappy.000.parquet,pvdaq/parquet/pvdata/system_id=4903/year=2017/month=11/day=18/system_4903__date_2017_11_18.snappy.000.parquet,1779677611.1886246
..\..\..\data_ds_project\systems\parquet\4903\system_4903__date_2017_11_19.snappy.000.parquet,pvdaq/parquet/pvdata/system_id=4903/year=2017/month=11/day=19/system_4903__date_2017_11_19.snappy.000.parquet,1779677611.466954
..\..\..\data_ds_project\systems\parquet\4903\system_4903__date_2017_11_02.snappy.000.parquet,pvdaq/parquet/pvdata/system_id=4903/year=2017/month=11/day=2/system_4903__date_2017_11_02.snappy.000.parquet,1779677611.8251874
..\..\..\data_ds_project\systems\parquet\4903\system_4903__date_2017_11_20.snappy.000.parquet,pvdaq/parquet/pvdata/system_id=4903/year=2017/month=11/day=20/system_4903__date_2017_11_20.snappy.000.parquet,1779677612.1160035
..\..\..\data_ds_project\systems\parquet\4903\system_4903__date_2017_11_21.snappy.000.parquet,pvdaq/parquet/pvdata/system_id=4903/year=2017/month=11/day=21/system_4903__date_2017_11_21.snappy.000.parquet,1779677612.390553
..\..\..\data_ds_project\systems\parquet\4903\system_4903__date_2017_11_22.snappy.000.parquet,pvdaq/parquet/pvdata/system_id=4903/year=2017/month=11/day=22/system_4903__date_2017_11_22.snappy.000.parquet,1779677612.7067447
..\..\..\data_ds_project\systems\parquet\4903\system_4903__date_2017_11_23.snappy.000.parquet,pvdaq/parquet/pvdata/system_id=4903/year=2017/month=11/day=23/system_4903__date_2017_11_23.snappy.000.parquet,1779677613.0433285
..\..\..\data_ds_project\systems\parquet\4903\system_4903__date_2017_11_24.snappy.000.parquet,pvdaq/parquet/pvdata/system_id=4903/year=2017/month=11/day=24/system_4903__date_2017_11_24.snappy.000.parquet,1779677613.3613317
..\..\..\data_ds_project\systems\parquet\4903\system_4903__date_2017_11_25.snappy.000.parquet,pvdaq/parquet/pvdata/system_id=4903/year=2017/month=11/day=25/system_4903__date_2017_11_25.snappy.000.parquet,1779677613.6788354
..\..\..\data_ds_project\systems\parquet\4903\system_4903__date_2017_11_26.snappy.000.parquet,pvdaq/parquet/pvdata/system_id=4903/year=2017/month=11/day=26/system_4903__date_2017_11_26.snappy.000.parquet,1779677613.9647348
..\..\..\data_ds_project\systems\parquet\4903\system_4903__date_2017_11_27.snappy.000.parquet,pvdaq/parquet/pvdata/system_id=4903/year=2017/month=11/day=27/system_4903__date_2017_11_27.snappy.000.parquet,1779677614.2138445
..\..\..\data_ds_project\systems\parquet\4903\system_4903__date_2017_11_28.snappy.000.parquet,pvdaq/parquet/pvdata/system_id=4903/year=2017/month=11/day=28/system_4903__date_2017_11_28.snappy.000.parquet,1779677614.4674091
..\..\..\data_ds_project\systems\parquet\4903\system_4903__date_2017_11_29.snappy.000.parquet,pvdaq/parquet/pvdata/system_id=4903/year=2017/month=11/day=29/system_4903__date_2017_11_29.snappy.000.parquet,1779677614.7696369
..\..\..\data_ds_project\systems\parquet\4903\system_4903__date_2017_11_03.snappy.000.parquet,pvdaq/parquet/pvdata/system_id=4903/year=2017/month=11/day=3/system_4903__date_2017_11_03.snappy.000.parquet,1779677615.065829
..\..\..\data_ds_project\systems\parquet\4903\system_4903__date_2017_11_30.snappy.000.parquet,pvdaq/parquet/pvdata/system_id=4903/year=2017/month=11/day=30/system_4903__date_2017_11_30.snappy.000.parquet,1779677615.3789866
..\..\..\data_ds_project\systems\parquet\4903\system_4903__date_2017_11_04.snappy.000.parquet,pvdaq/parquet/pvdata/system_id=4903/year=2017/month=11/day=4/system_4903__date_2017_11_04.snappy.000.parquet,1779677615.669328
..\..\..\data_ds_project\systems\parquet\4903\system_4903__date_2017_11_05.snappy.000.parquet,pvdaq/parquet/pvdata/system_id=4903/year=2017/month=11/day=5/system_4903__date_2017_11_05.snappy.000.parquet,1779677615.951518
..\..\..\data_ds_project\systems\parquet\4903\system_4903__date_2017_11_06.snappy.000.parquet,pvdaq/parquet/pvdata/system_id=4903/year=2017/month=11/day=6/system_4903__date_2017_11_06.snappy.000.parquet,1779677616.223766
..\..\..\data_ds_project\systems\parquet\4903\system_4903__date_2017_11_07.snappy.000.parquet,pvdaq/parquet/pvdata/system_id=4903/year=2017/month=11/day=7/system_4903__date_2017_11_07.snappy.000.parquet,1779677616.4873624
..\..\..\data_ds_project\systems\parquet\4903\system_4903__date_2017_11_08.snappy.000.parquet,pvdaq/parquet/pvdata/system_id=4903/year=2017/month=11/day=8/system_4903__date_2017_11_08.snappy.000.parquet,1779677616.7644308
..\..\..\data_ds_project\systems\parquet\4903\system_4903__date_2017_11_09.snappy.000.parquet,pvdaq/parquet/pvdata/system_id=4903/year=2017/month=11/day=9/system_4903__date_2017_11_09.snappy.000.parquet,1779677617.0476923
..\..\..\data_ds_project\systems\parquet\4903\system_4903__date_2017_12_01.snappy.000.parquet,pvdaq/parquet/pvdata/system_id=4903/year=2017/month=12/day=1/system_4903__date_2017_12_01.snappy.000.parquet,1779677617.32301
..\..\..\data_ds_project\systems\parquet\4903\system_4903__date_2017_12_10.snappy.000.parquet,pvdaq/parquet/pvdata/system_id=4903/year=2017/month=12/day=10/system_4903__date_2017_12_10.snappy.000.parquet,1779677617.6092477
..\..\..\data_ds_project\systems\parquet\4903\system_4903__date_2017_12_11.snappy.000.parquet,pvdaq/parquet/pvdata/system_id=4903/year=2017/month=12/day=11/system_4903__date_2017_12_11.snappy.000.parquet,1779677617.8948328
..\..\..\data_ds_project\systems\parquet\4903\system_4903__date_2017_12_12.snappy.000.parquet,pvdaq/parquet/pvdata/system_id=4903/year=2017/month=12/day=12/system_4903__date_2017_12_12.snappy.000.parquet,1779677618.1669736
..\..\..\data_ds_project\systems\parquet\4903\system_4903__date_2017_12_13.snappy.000.parquet,pvdaq/parquet/pvdata/system_id=4903/year=2017/month=12/day=13/system_4903__date_2017_12_13.snappy.000.parquet,1779677618.4163597
..\..\..\data_ds_project\systems\parquet\4903\system_4903__date_2017_12_14.snappy.000.parquet,pvdaq/parquet/pvdata/system_id=4903/year=2017/month=12/day=14/system_4903__date_2017_12_14.snappy.000.parquet,1779677618.683061
..\..\..\data_ds_project\systems\parquet\4903\system_4903__date_2017_12_15.snappy.000.parquet,pvdaq/parquet/pvdata/system_id=4903/year=2017/month=12/day=15/system_4903__date_2017_12_15.snappy.000.parquet,1779677618.9423435
..\..\..\data_ds_project\systems\parquet\4903\system_4903__date_2017_12_16.snappy.000.parquet,pvdaq/parquet/pvdata/system_id=4903/year=2017/month=12/day=16/system_4903__date_2017_12_16.snappy.000.parquet,1779677619.2007732
..\..\..\data_ds_project\systems\parquet\4903\system_4903__date_2017_12_17.snappy.000.parquet,pvdaq/parquet/pvdata/system_id=4903/year=2017/month=12/day=17/system_4903__date_2017_12_17.snappy.000.parquet,1779677619.4811113
..\..\..\data_ds_project\systems\parquet\4903\system_4903__date_2017_12_18.snappy.000.parquet,pvdaq/parquet/pvdata/system_id=4903/year=2017/month=12/day=18/system_4903__date_2017_12_18.snappy.000.parquet,1779677619.7494085
..\..\..\data_ds_project\systems\parquet\4903\system_4903__date_2017_12_19.snappy.000.parquet,pvdaq/parquet/pvdata/system_id=4903/year=2017/month=12/day=19/system_4903__date_2017_12_19.snappy.000.parquet,1779677620.0496917
..\..\..\data_ds_project\systems\parquet\4903\system_4903__date_2017_12_02.snappy.000.parquet,pvdaq/parquet/pvdata/system_id=4903/year=2017/month=12/day=2/system_4903__date_2017_12_02.snappy.000.parquet,1779677620.3790967
..\..\..\data_ds_project\systems\parquet\4903\system_4903__date_2017_12_20.snappy.000.parquet,pvdaq/parquet/pvdata/system_id=4903/year=2017/month=12/day=20/system_4903__date_2017_12_20.snappy.000.parquet,1779677620.6883092
..\..\..\data_ds_project\systems\parquet\4903\system_4903__date_2017_12_21.snappy.000.parquet,pvdaq/parquet/pvdata/system_id=4903/year=2017/month=12/day=21/system_4903__date_2017_12_21.snappy.000.parquet,1779677620.9287648
..\..\..\data_ds_project\systems\parquet\4903\system_4903__date_2017_12_22.snappy.000.parquet,pvdaq/parquet/pvdata/system_id=4903/year=2017/month=12/day=22/system_4903__date_2017_12_22.snappy.000.parquet,1779677621.1823869
..\..\..\data_ds_project\systems\parquet\4903\system_4903__date_2017_12_23.snappy.000.parquet,pvdaq/parquet/pvdata/system_id=4903/year=2017/month=12/day=23/system_4903__date_2017_12_23.snappy.000.parquet,1779677621.437677
..\..\..\data_ds_project\systems\parquet\4903\system_4903__date_2017_12_24.snappy.000.parquet,pvdaq/parquet/pvdata/system_id=4903/year=2017/month=12/day=24/system_4903__date_2017_12_24.snappy.000.parquet,1779677621.7071054
..\..\..\data_ds_project\systems\parquet\4903\system_4903__date_2017_12_25.snappy.000.parquet,pvdaq/parquet/pvdata/system_id=4903/year=2017/month=12/day=25/system_4903__date_2017_12_25.snappy.000.parquet,1779677622.020134
..\..\..\data_ds_project\systems\parquet\4903\system_4903__date_2017_12_26.snappy.000.parquet,pvdaq/parquet/pvdata/system_id=4903/year=2017/month=12/day=26/system_4903__date_2017_12_26.snappy.000.parquet,1779677622.2927723
..\..\..\data_ds_project\systems\parquet\4903\system_4903__date_2017_12_27.snappy.000.parquet,pvdaq/parquet/pvdata/system_id=4903/year=2017/month=12/day=27/system_4903__date_2017_12_27.snappy.000.parquet,1779677622.544008
..\..\..\data_ds_project\systems\parquet\4903\system_4903__date_2017_12_28.snappy.000.parquet,pvdaq/parquet/pvdata/system_id=4903/year=2017/month=12/day=28/system_4903__date_2017_12_28.snappy.000.parquet,1779677622.829304
..\..\..\data_ds_project\systems\parquet\4903\system_4903__date_2017_12_29.snappy.000.parquet,pvdaq/parquet/pvdata/system_id=4903/year=2017/month=12/day=29/system_4903__date_2017_12_29.snappy.000.parquet,1779677623.1149218
..\..\..\data_ds_project\systems\parquet\4903\system_4903__date_2017_12_03.snappy.000.parquet,pvdaq/parquet/pvdata/system_id=4903/year=2017/month=12/day=3/system_4903__date_2017_12_03.snappy.000.parquet,1779677623.3870013
..\..\..\data_ds_project\systems\parquet\4903\system_4903__date_2017_12_30.snappy.000.parquet,pvdaq/parquet/pvdata/system_id=4903/year=2017/month=12/day=30/system_4903__date_2017_12_30.snappy.000.parquet,1779677623.640391
..\..\..\data_ds_project\systems\parquet\4903\system_4903__date_2017_12_31.snappy.000.parquet,pvdaq/parquet/pvdata/system_id=4903/year=2017/month=12/day=31/system_4903__date_2017_12_31.snappy.000.parquet,1779677623.9517872
..\..\..\data_ds_project\systems\parquet\4903\system_4903__date_2017_12_04.snappy.000.parquet,pvdaq/parquet/pvdata/system_id=4903/year=2017/month=12/day=4/system_4903__date_2017_12_04.snappy.000.parquet,1779677624.9736261
..\..\..\data_ds_project\systems\parquet\4903\system_4903__date_2017_12_05.snappy.000.parquet,pvdaq/parquet/pvdata/system_id=4903/year=2017/month=12/day=5/system_4903__date_2017_12_05.snappy.000.parquet,1779677625.5163584
..\..\..\data_ds_project\systems\parquet\4903\system_4903__date_2017_12_06.snappy.000.parquet,pvdaq/parquet/pvdata/system_id=4903/year=2017/month=12/day=6/system_4903__date_2017_12_06.snappy.000.parquet,1779677625.8115525
..\..\..\data_ds_project\systems\parquet\4903\system_4903__date_2017_12_07.snappy.000.parquet,pvdaq/parquet/pvdata/system_id=4903/year=2017/month=12/day=7/system_4903__date_2017_12_07.snappy.000.parquet,1779677626.0968769
..\..\..\data_ds_project\systems\parquet\4903\system_4903__date_2017_12_08.snappy.000.parquet,pvdaq/parquet/pvdata/system_id=4903/year=2017/month=12/day=8/system_4903__date_2017_12_08.snappy.000.parquet,1779677626.3880565
..\..\..\data_ds_project\systems\parquet\4903\system_4903__date_2017_12_09.snappy.000.parquet,pvdaq/parquet/pvdata/system_id=4903/year=2017/month=12/day=9/system_4903__date_2017_12_09.snappy.000.parquet,1779677626.6714442
..\..\..\data_ds_project\systems\parquet\4903\system_4903__date_2017_02_01.snappy.000.parquet,pvdaq/parquet/pvdata/system_id=4903/year=2017/month=2/day=1/system_4903__date_2017_02_01.snappy.000.parquet,1779677626.9517581
..\..\..\data_ds_project\systems\parquet\4903\system_4903__date_2017_02_10.snappy.000.parquet,pvdaq/parquet/pvdata/system_id=4903/year=2017/month=2/day=10/system_4903__date_2017_02_10.snappy.000.parquet,1779677627.2202852
..\..\..\data_ds_project\systems\parquet\4903\system_4903__date_2017_02_11.snappy.000.parquet,pvdaq/parquet/pvdata/system_id=4903/year=2017/month=2/day=11/system_4903__date_2017_02_11.snappy.000.parquet,1779677627.502416
..\..\..\data_ds_project\systems\parquet\4903\system_4903__date_2017_02_12.snappy.000.parquet,pvdaq/parquet/pvdata/system_id=4903/year=2017/month=2/day=12/system_4903__date_2017_02_12.snappy.000.parquet,1779677627.7596555
..\..\..\data_ds_project\systems\parquet\4903\system_4903__date_2017_02_13.snappy.000.parquet,pvdaq/parquet/pvdata/system_id=4903/year=2017/month=2/day=13/system_4903__date_2017_02_13.snappy.000.parquet,1779677627.9971573
..\..\..\data_ds_project\systems\parquet\4903\system_4903__date_2017_02_14.snappy.000.parquet,pvdaq/parquet/pvdata/system_id=4903/year=2017/month=2/day=14/system_4903__date_2017_02_14.snappy.000.parquet,1779677628.2613263
..\..\..\data_ds_project\systems\parquet\4903\system_4903__date_2017_02_15.snappy.000.parquet,pvdaq/parquet/pvdata/system_id=4903/year=2017/month=2/day=15/system_4903__date_2017_02_15.snappy.000.parquet,1779677628.547562
..\..\..\data_ds_project\systems\parquet\4903\system_4903__date_2017_02_16.snappy.000.parquet,pvdaq/parquet/pvdata/system_id=4903/year=2017/month=2/day=16/system_4903__date_2017_02_16.snappy.000.parquet,1779677628.8173385
..\..\..\data_ds_project\systems\parquet\4903\system_4903__date_2017_02_17.snappy.000.parquet,pvdaq/parquet/pvdata/system_id=4903/year=2017/month=2/day=17/system_4903__date_2017_02_17.snappy.000.parquet,1779677629.1402087
..\..\..\data_ds_project\systems\parquet\4903\system_4903__date_2017_02_18.snappy.000.parquet,pvdaq/parquet/pvdata/system_id=4903/year=2017/month=2/day=18/system_4903__date_2017_02_18.snappy.000.parquet,1779677629.388719
..\..\..\data_ds_project\systems\parquet\4903\system_4903__date_2017_02_19.snappy.000.parquet,pvdaq/parquet/pvdata/system_id=4903/year=2017/month=2/day=19/system_4903__date_2017_02_19.snappy.000.parquet,1779677629.6561453
..\..\..\data_ds_project\systems\parquet\4903\system_4903__date_2017_02_02.snappy.000.parquet,pvdaq/parquet/pvdata/system_id=4903/year=2017/month=2/day=2/system_4903__date_2017_02_02.snappy.000.parquet,1779677629.9068701
..\..\..\data_ds_project\systems\parquet\4903\system_4903__date_2017_02_20.snappy.000.parquet,pvdaq/parquet/pvdata/system_id=4903/year=2017/month=2/day=20/system_4903__date_2017_02_20.snappy.000.parquet,1779677630.1560304
..\..\..\data_ds_project\systems\parquet\4903\system_4903__date_2017_02_21.snappy.000.parquet,pvdaq/parquet/pvdata/system_id=4903/year=2017/month=2/day=21/system_4903__date_2017_02_21.snappy.000.parquet,1779677630.3905435
..\..\..\data_ds_project\systems\parquet\4903\system_4903__date_2017_02_22.snappy.000.parquet,pvdaq/parquet/pvdata/system_id=4903/year=2017/month=2/day=22/system_4903__date_2017_02_22.snappy.000.parquet,1779677630.6739233
..\..\..\data_ds_project\systems\parquet\4903\system_4903__date_2017_02_23.snappy.000.parquet,pvdaq/parquet/pvdata/system_id=4903/year=2017/month=2/day=23/system_4903__date_2017_02_23.snappy.000.parquet,1779677630.9294972
..\..\..\data_ds_project\systems\parquet\4903\system_4903__date_2017_02_24.snappy.000.parquet,pvdaq/parquet/pvdata/system_id=4903/year=2017/month=2/day=24/system_4903__date_2017_02_24.snappy.000.parquet,1779677631.1836407
..\..\..\data_ds_project\systems\parquet\4903\system_4903__date_2017_02_25.snappy.000.parquet,pvdaq/parquet/pvdata/system_id=4903/year=2017/month=2/day=25/system_4903__date_2017_02_25.snappy.000.parquet,1779677631.4459245
..\..\..\data_ds_project\systems\parquet\4903\system_4903__date_2017_02_26.snappy.000.parquet,pvdaq/parquet/pvdata/system_id=4903/year=2017/month=2/day=26/system_4903__date_2017_02_26.snappy.000.parquet,1779677631.6914308
..\..\..\data_ds_project\systems\parquet\4903\system_4903__date_2017_02_27.snappy.000.parquet,pvdaq/parquet/pvdata/system_id=4903/year=2017/month=2/day=27/system_4903__date_2017_02_27.snappy.000.parquet,1779677631.9586606
..\..\..\data_ds_project\systems\parquet\4903\system_4903__date_2017_02_28.snappy.000.parquet,pvdaq/parquet/pvdata/system_id=4903/year=2017/month=2/day=28/system_4903__date_2017_02_28.snappy.000.parquet,1779677632.213078
..\..\..\data_ds_project\systems\parquet\4903\system_4903__date_2017_02_03.snappy.000.parquet,pvdaq/parquet/pvdata/system_id=4903/year=2017/month=2/day=3/system_4903__date_2017_02_03.snappy.000.parquet,1779677632.4922433
..\..\..\data_ds_project\systems\parquet\4903\system_4903__date_2017_02_04.snappy.000.parquet,pvdaq/parquet/pvdata/system_id=4903/year=2017/month=2/day=4/system_4903__date_2017_02_04.snappy.000.parquet,1779677632.767609
..\..\..\data_ds_project\systems\parquet\4903\system_4903__date_2017_02_05.snappy.000.parquet,pvdaq/parquet/pvdata/system_id=4903/year=2017/month=2/day=5/system_4903__date_2017_02_05.snappy.000.parquet,1779677633.0438857
..\..\..\data_ds_project\systems\parquet\4903\system_4903__date_2017_02_06.snappy.000.parquet,pvdaq/parquet/pvdata/system_id=4903/year=2017/month=2/day=6/system_4903__date_2017_02_06.snappy.000.parquet,1779677633.3003676
..\..\..\data_ds_project\systems\parquet\4903\system_4903__date_2017_02_07.snappy.000.parquet,pvdaq/parquet/pvdata/system_id=4903/year=2017/month=2/day=7/system_4903__date_2017_02_07.snappy.000.parquet,1779677633.5299523
..\..\..\data_ds_project\systems\parquet\4903\system_4903__date_2017_02_08.snappy.000.parquet,pvdaq/parquet/pvdata/system_id=4903/year=2017/month=2/day=8/system_4903__date_2017_02_08.snappy.000.parquet,1779677633.838299
..\..\..\data_ds_project\systems\parquet\4903\system_4903__date_2017_02_09.snappy.000.parquet,pvdaq/parquet/pvdata/system_id=4903/year=2017/month=2/day=9/system_4903__date_2017_02_09.snappy.000.parquet,1779677634.1025045
..\..\..\data_ds_project\systems\parquet\4903\system_4903__date_2017_03_01.snappy.000.parquet,pvdaq/parquet/pvdata/system_id=4903/year=2017/month=3/day=1/system_4903__date_2017_03_01.snappy.000.parquet,1779677634.3798738
..\..\..\data_ds_project\systems\parquet\4903\system_4903__date_2017_03_10.snappy.000.parquet,pvdaq/parquet/pvdata/system_id=4903/year=2017/month=3/day=10/system_4903__date_2017_03_10.snappy.000.parquet,1779677634.682088
..\..\..\data_ds_project\systems\parquet\4903\system_4903__date_2017_03_11.snappy.000.parquet,pvdaq/parquet/pvdata/system_id=4903/year=2017/month=3/day=11/system_4903__date_2017_03_11.snappy.000.parquet,1779677634.9714677
..\..\..\data_ds_project\systems\parquet\4903\system_4903__date_2017_03_12.snappy.000.parquet,pvdaq/parquet/pvdata/system_id=4903/year=2017/month=3/day=12/system_4903__date_2017_03_12.snappy.000.parquet,1779677635.2130897
..\..\..\data_ds_project\systems\parquet\4903\system_4903__date_2017_03_13.snappy.000.parquet,pvdaq/parquet/pvdata/system_id=4903/year=2017/month=3/day=13/system_4903__date_2017_03_13.snappy.000.parquet,1779677635.5254369
..\..\..\data_ds_project\systems\parquet\4903\system_4903__date_2017_03_14.snappy.000.parquet,pvdaq/parquet/pvdata/system_id=4903/year=2017/month=3/day=14/system_4903__date_2017_03_14.snappy.000.parquet,1779677635.783778
..\..\..\data_ds_project\systems\parquet\4903\system_4903__date_2017_03_15.snappy.000.parquet,pvdaq/parquet/pvdata/system_id=4903/year=2017/month=3/day=15/system_4903__date_2017_03_15.snappy.000.parquet,1779677636.045211
..\..\..\data_ds_project\systems\parquet\4903\system_4903__date_2017_03_16.snappy.000.parquet,pvdaq/parquet/pvdata/system_id=4903/year=2017/month=3/day=16/system_4903__date_2017_03_16.snappy.000.parquet,1779677636.300483
..\..\..\data_ds_project\systems\parquet\4903\system_4903__date_2017_03_17.snappy.000.parquet,pvdaq/parquet/pvdata/system_id=4903/year=2017/month=3/day=17/system_4903__date_2017_03_17.snappy.000.parquet,1779677636.577562
..\..\..\data_ds_project\systems\parquet\4903\system_4903__date_2017_03_18.snappy.000.parquet,pvdaq/parquet/pvdata/system_id=4903/year=2017/month=3/day=18/system_4903__date_2017_03_18.snappy.000.parquet,1779677636.832339
..\..\..\data_ds_project\systems\parquet\4903\system_4903__date_2017_03_19.snappy.000.parquet,pvdaq/parquet/pvdata/system_id=4903/year=2017/month=3/day=19/system_4903__date_2017_03_19.snappy.000.parquet,1779677637.1076722
..\..\..\data_ds_project\systems\parquet\4903\system_4903__date_2017_03_02.snappy.000.parquet,pvdaq/parquet/pvdata/system_id=4903/year=2017/month=3/day=2/system_4903__date_2017_03_02.snappy.000.parquet,1779677637.3569136
..\..\..\data_ds_project\systems\parquet\4903\system_4903__date_2017_03_20.snappy.000.parquet,pvdaq/parquet/pvdata/system_id=4903/year=2017/month=3/day=20/system_4903__date_2017_03_20.snappy.000.parquet,1779677637.607458
..\..\..\data_ds_project\systems\parquet\4903\system_4903__date_2017_03_21.snappy.000.parquet,pvdaq/parquet/pvdata/system_id=4903/year=2017/month=3/day=21/system_4903__date_2017_03_21.snappy.000.parquet,1779677637.85459
..\..\..\data_ds_project\systems\parquet\4903\system_4903__date_2017_03_22.snappy.000.parquet,pvdaq/parquet/pvdata/system_id=4903/year=2017/month=3/day=22/system_4903__date_2017_03_22.snappy.000.parquet,1779677638.09911
..\..\..\data_ds_project\systems\parquet\4903\system_4903__date_2017_03_23.snappy.000.parquet,pvdaq/parquet/pvdata/system_id=4903/year=2017/month=3/day=23/system_4903__date_2017_03_23.snappy.000.parquet,1779677638.3783393
..\..\..\data_ds_project\systems\parquet\4903\system_4903__date_2017_03_24.snappy.000.parquet,pvdaq/parquet/pvdata/system_id=4903/year=2017/month=3/day=24/system_4903__date_2017_03_24.snappy.000.parquet,1779677639.329015
..\..\..\data_ds_project\systems\parquet\4903\system_4903__date_2017_03_25.snappy.000.parquet,pvdaq/parquet/pvdata/system_id=4903/year=2017/month=3/day=25/system_4903__date_2017_03_25.snappy.000.parquet,1779677639.6690192
..\..\..\data_ds_project\systems\parquet\4903\system_4903__date_2017_03_26.snappy.000.parquet,pvdaq/parquet/pvdata/system_id=4903/year=2017/month=3/day=26/system_4903__date_2017_03_26.snappy.000.parquet,1779677639.9275365
..\..\..\data_ds_project\systems\parquet\4903\system_4903__date_2017_03_27.snappy.000.parquet,pvdaq/parquet/pvdata/system_id=4903/year=2017/month=3/day=27/system_4903__date_2017_03_27.snappy.000.parquet,1779677640.1837704
..\..\..\data_ds_project\systems\parquet\4903\system_4903__date_2017_03_28.snappy.000.parquet,pvdaq/parquet/pvdata/system_id=4903/year=2017/month=3/day=28/system_4903__date_2017_03_28.snappy.000.parquet,1779677640.4143116
..\..\..\data_ds_project\systems\parquet\4903\system_4903__date_2017_03_29.snappy.000.parquet,pvdaq/parquet/pvdata/system_id=4903/year=2017/month=3/day=29/system_4903__date_2017_03_29.snappy.000.parquet,1779677640.6704884
..\..\..\data_ds_project\systems\parquet\4903\system_4903__date_2017_03_03.snappy.000.parquet,pvdaq/parquet/pvdata/system_id=4903/year=2017/month=3/day=3/system_4903__date_2017_03_03.snappy.000.parquet,1779677640.9677238
..\..\..\data_ds_project\systems\parquet\4903\system_4903__date_2017_03_30.snappy.000.parquet,pvdaq/parquet/pvdata/system_id=4903/year=2017/month=3/day=30/system_4903__date_2017_03_30.snappy.000.parquet,1779677641.2212625
..\..\..\data_ds_project\systems\parquet\4903\system_4903__date_2017_03_31.snappy.000.parquet,pvdaq/parquet/pvdata/system_id=4903/year=2017/month=3/day=31/system_4903__date_2017_03_31.snappy.000.parquet,1779677641.464519
..\..\..\data_ds_project\systems\parquet\4903\system_4903__date_2017_03_04.snappy.000.parquet,pvdaq/parquet/pvdata/system_id=4903/year=2017/month=3/day=4/system_4903__date_2017_03_04.snappy.000.parquet,1779677641.7180507
..\..\..\data_ds_project\systems\parquet\4903\system_4903__date_2017_03_05.snappy.000.parquet,pvdaq/parquet/pvdata/system_id=4903/year=2017/month=3/day=5/system_4903__date_2017_03_05.snappy.000.parquet,1779677642.0042074
..\..\..\data_ds_project\systems\parquet\4903\system_4903__date_2017_03_06.snappy.000.parquet,pvdaq/parquet/pvdata/system_id=4903/year=2017/month=3/day=6/system_4903__date_2017_03_06.snappy.000.parquet,1779677642.277553
..\..\..\data_ds_project\systems\parquet\4903\system_4903__date_2017_03_07.snappy.000.parquet,pvdaq/parquet/pvdata/system_id=4903/year=2017/month=3/day=7/system_4903__date_2017_03_07.snappy.000.parquet,1779677642.5370262
..\..\..\data_ds_project\systems\parquet\4903\system_4903__date_2017_03_08.snappy.000.parquet,pvdaq/parquet/pvdata/system_id=4903/year=2017/month=3/day=8/system_4903__date_2017_03_08.snappy.000.parquet,1779677642.8152914
..\..\..\data_ds_project\systems\parquet\4903\system_4903__date_2017_03_09.snappy.000.parquet,pvdaq/parquet/pvdata/system_id=4903/year=2017/month=3/day=9/system_4903__date_2017_03_09.snappy.000.parquet,1779677643.1086998
..\..\..\data_ds_project\systems\parquet\4903\system_4903__date_2017_04_01.snappy.000.parquet,pvdaq/parquet/pvdata/system_id=4903/year=2017/month=4/day=1/system_4903__date_2017_04_01.snappy.000.parquet,1779677643.3841293
..\..\..\data_ds_project\systems\parquet\4903\system_4903__date_2017_04_10.snappy.000.parquet,pvdaq/parquet/pvdata/system_id=4903/year=2017/month=4/day=10/system_4903__date_2017_04_10.snappy.000.parquet,1779677643.6586537
..\..\..\data_ds_project\systems\parquet\4903\system_4903__date_2017_04_11.snappy.000.parquet,pvdaq/parquet/pvdata/system_id=4903/year=2017/month=4/day=11/system_4903__date_2017_04_11.snappy.000.parquet,1779677643.962111
..\..\..\data_ds_project\systems\parquet\4903\system_4903__date_2017_04_12.snappy.000.parquet,pvdaq/parquet/pvdata/system_id=4903/year=2017/month=4/day=12/system_4903__date_2017_04_12.snappy.000.parquet,1779677644.254422
..\..\..\data_ds_project\systems\parquet\4903\system_4903__date_2017_04_13.snappy.000.parquet,pvdaq/parquet/pvdata/system_id=4903/year=2017/month=4/day=13/system_4903__date_2017_04_13.snappy.000.parquet,1779677644.5398564
..\..\..\data_ds_project\systems\parquet\4903\system_4903__date_2017_04_14.snappy.000.parquet,pvdaq/parquet/pvdata/system_id=4903/year=2017/month=4/day=14/system_4903__date_2017_04_14.snappy.000.parquet,1779677644.806398
..\..\..\data_ds_project\systems\parquet\4903\system_4903__date_2017_04_15.snappy.000.parquet,pvdaq/parquet/pvdata/system_id=4903/year=2017/month=4/day=15/system_4903__date_2017_04_15.snappy.000.parquet,1779677645.0500562
..\..\..\data_ds_project\systems\parquet\4903\system_4903__date_2017_04_16.snappy.000.parquet,pvdaq/parquet/pvdata/system_id=4903/year=2017/month=4/day=16/system_4903__date_2017_04_16.snappy.000.parquet,1779677645.3185384
..\..\..\data_ds_project\systems\parquet\4903\system_4903__date_2017_04_17.snappy.000.parquet,pvdaq/parquet/pvdata/system_id=4903/year=2017/month=4/day=17/system_4903__date_2017_04_17.snappy.000.parquet,1779677645.5779264
..\..\..\data_ds_project\systems\parquet\4903\system_4903__date_2017_04_18.snappy.000.parquet,pvdaq/parquet/pvdata/system_id=4903/year=2017/month=4/day=18/system_4903__date_2017_04_18.snappy.000.parquet,1779677645.8494823
..\..\..\data_ds_project\systems\parquet\4903\system_4903__date_2017_04_19.snappy.000.parquet,pvdaq/parquet/pvdata/system_id=4903/year=2017/month=4/day=19/system_4903__date_2017_04_19.snappy.000.parquet,1779677646.1090982
..\..\..\data_ds_project\systems\parquet\4903\system_4903__date_2017_04_02.snappy.000.parquet,pvdaq/parquet/pvdata/system_id=4903/year=2017/month=4/day=2/system_4903__date_2017_04_02.snappy.000.parquet,1779677646.425674
..\..\..\data_ds_project\systems\parquet\4903\system_4903__date_2017_04_20.snappy.000.parquet,pvdaq/parquet/pvdata/system_id=4903/year=2017/month=4/day=20/system_4903__date_2017_04_20.snappy.000.parquet,1779677646.7192929
..\..\..\data_ds_project\systems\parquet\4903\system_4903__date_2017_04_21.snappy.000.parquet,pvdaq/parquet/pvdata/system_id=4903/year=2017/month=4/day=21/system_4903__date_2017_04_21.snappy.000.parquet,1779677646.980718
..\..\..\data_ds_project\systems\parquet\4903\system_4903__date_2017_04_22.snappy.000.parquet,pvdaq/parquet/pvdata/system_id=4903/year=2017/month=4/day=22/system_4903__date_2017_04_22.snappy.000.parquet,1779677647.2113955
..\..\..\data_ds_project\systems\parquet\4903\system_4903__date_2017_04_23.snappy.000.parquet,pvdaq/parquet/pvdata/system_id=4903/year=2017/month=4/day=23/system_4903__date_2017_04_23.snappy.000.parquet,1779677647.4661577
..\..\..\data_ds_project\systems\parquet\4903\system_4903__date_2017_04_24.snappy.000.parquet,pvdaq/parquet/pvdata/system_id=4903/year=2017/month=4/day=24/system_4903__date_2017_04_24.snappy.000.parquet,1779677647.7373552
..\..\..\data_ds_project\systems\parquet\4903\system_4903__date_2017_04_25.snappy.000.parquet,pvdaq/parquet/pvdata/system_id=4903/year=2017/month=4/day=25/system_4903__date_2017_04_25.snappy.000.parquet,1779677648.0109274
..\..\..\data_ds_project\systems\parquet\4903\system_4903__date_2017_04_26.snappy.000.parquet,pvdaq/parquet/pvdata/system_id=4903/year=2017/month=4/day=26/system_4903__date_2017_04_26.snappy.000.parquet,1779677648.2902815
..\..\..\data_ds_project\systems\parquet\4903\system_4903__date_2017_04_27.snappy.000.parquet,pvdaq/parquet/pvdata/system_id=4903/year=2017/month=4/day=27/system_4903__date_2017_04_27.snappy.000.parquet,1779677648.537724
..\..\..\data_ds_project\systems\parquet\4903\system_4903__date_2017_04_28.snappy.000.parquet,pvdaq/parquet/pvdata/system_id=4903/year=2017/month=4/day=28/system_4903__date_2017_04_28.snappy.000.parquet,1779677648.8041534
..\..\..\data_ds_project\systems\parquet\4903\system_4903__date_2017_04_29.snappy.000.parquet,pvdaq/parquet/pvdata/system_id=4903/year=2017/month=4/day=29/system_4903__date_2017_04_29.snappy.000.parquet,1779677649.0829601
..\..\..\data_ds_project\systems\parquet\4903\system_4903__date_2017_04_03.snappy.000.parquet,pvdaq/parquet/pvdata/system_id=4903/year=2017/month=4/day=3/system_4903__date_2017_04_03.snappy.000.parquet,1779677649.360234
..\..\..\data_ds_project\systems\parquet\4903\system_4903__date_2017_04_30.snappy.000.parquet,pvdaq/parquet/pvdata/system_id=4903/year=2017/month=4/day=30/system_4903__date_2017_04_30.snappy.000.parquet,1779677649.6086047
..\..\..\data_ds_project\systems\parquet\4903\system_4903__date_2017_04_04.snappy.000.parquet,pvdaq/parquet/pvdata/system_id=4903/year=2017/month=4/day=4/system_4903__date_2017_04_04.snappy.000.parquet,1779677649.8524601
..\..\..\data_ds_project\systems\parquet\4903\system_4903__date_2017_04_05.snappy.000.parquet,pvdaq/parquet/pvdata/system_id=4903/year=2017/month=4/day=5/system_4903__date_2017_04_05.snappy.000.parquet,1779677650.0998592
..\..\..\data_ds_project\systems\parquet\4903\system_4903__date_2017_04_06.snappy.000.parquet,pvdaq/parquet/pvdata/system_id=4903/year=2017/month=4/day=6/system_4903__date_2017_04_06.snappy.000.parquet,1779677650.3566153
..\..\..\data_ds_project\systems\parquet\4903\system_4903__date_2017_04_07.snappy.000.parquet,pvdaq/parquet/pvdata/system_id=4903/year=2017/month=4/day=7/system_4903__date_2017_04_07.snappy.000.parquet,1779677650.6150107
..\..\..\data_ds_project\systems\parquet\4903\system_4903__date_2017_04_08.snappy.000.parquet,pvdaq/parquet/pvdata/system_id=4903/year=2017/month=4/day=8/system_4903__date_2017_04_08.snappy.000.parquet,1779677650.8995078
..\..\..\data_ds_project\systems\parquet\4903\system_4903__date_2017_04_09.snappy.000.parquet,pvdaq/parquet/pvdata/system_id=4903/year=2017/month=4/day=9/system_4903__date_2017_04_09.snappy.000.parquet,1779677651.1793022
..\..\..\data_ds_project\systems\parquet\4903\system_4903__date_2017_05_01.snappy.000.parquet,pvdaq/parquet/pvdata/system_id=4903/year=2017/month=5/day=1/system_4903__date_2017_05_01.snappy.000.parquet,1779677651.424437
..\..\..\data_ds_project\systems\parquet\4903\system_4903__date_2017_05_10.snappy.000.parquet,pvdaq/parquet/pvdata/system_id=4903/year=2017/month=5/day=10/system_4903__date_2017_05_10.snappy.000.parquet,1779677651.7038364
..\..\..\data_ds_project\systems\parquet\4903\system_4903__date_2017_05_11.snappy.000.parquet,pvdaq/parquet/pvdata/system_id=4903/year=2017/month=5/day=11/system_4903__date_2017_05_11.snappy.000.parquet,1779677651.9834967
..\..\..\data_ds_project\systems\parquet\4903\system_4903__date_2017_05_12.snappy.000.parquet,pvdaq/parquet/pvdata/system_id=4903/year=2017/month=5/day=12/system_4903__date_2017_05_12.snappy.000.parquet,1779677652.2447379
..\..\..\data_ds_project\systems\parquet\4903\system_4903__date_2017_05_13.snappy.000.parquet,pvdaq/parquet/pvdata/system_id=4903/year=2017/month=5/day=13/system_4903__date_2017_05_13.snappy.000.parquet,1779677652.5079947
..\..\..\data_ds_project\systems\parquet\4903\system_4903__date_2017_05_14.snappy.000.parquet,pvdaq/parquet/pvdata/system_id=4903/year=2017/month=5/day=14/system_4903__date_2017_05_14.snappy.000.parquet,1779677653.4531956
..\..\..\data_ds_project\systems\parquet\4903\system_4903__date_2017_05_15.snappy.000.parquet,pvdaq/parquet/pvdata/system_id=4903/year=2017/month=5/day=15/system_4903__date_2017_05_15.snappy.000.parquet,1779677653.8236086
..\..\..\data_ds_project\systems\parquet\4903\system_4903__date_2017_05_16.snappy.000.parquet,pvdaq/parquet/pvdata/system_id=4903/year=2017/month=5/day=16/system_4903__date_2017_05_16.snappy.000.parquet,1779677654.1008227
..\..\..\data_ds_project\systems\parquet\4903\system_4903__date_2017_05_17.snappy.000.parquet,pvdaq/parquet/pvdata/system_id=4903/year=2017/month=5/day=17/system_4903__date_2017_05_17.snappy.000.parquet,1779677654.3785183
..\..\..\data_ds_project\systems\parquet\4903\system_4903__date_2017_05_18.snappy.000.parquet,pvdaq/parquet/pvdata/system_id=4903/year=2017/month=5/day=18/system_4903__date_2017_05_18.snappy.000.parquet,1779677654.611002
..\..\..\data_ds_project\systems\parquet\4903\system_4903__date_2017_05_19.snappy.000.parquet,pvdaq/parquet/pvdata/system_id=4903/year=2017/month=5/day=19/system_4903__date_2017_05_19.snappy.000.parquet,1779677654.8986683
..\..\..\data_ds_project\systems\parquet\4903\system_4903__date_2017_05_02.snappy.000.parquet,pvdaq/parquet/pvdata/system_id=4903/year=2017/month=5/day=2/system_4903__date_2017_05_02.snappy.000.parquet,1779677655.1490285
..\..\..\data_ds_project\systems\parquet\4903\system_4903__date_2017_05_20.snappy.000.parquet,pvdaq/parquet/pvdata/system_id=4903/year=2017/month=5/day=20/system_4903__date_2017_05_20.snappy.000.parquet,1779677655.405555
..\..\..\data_ds_project\systems\parquet\4903\system_4903__date_2017_05_21.snappy.000.parquet,pvdaq/parquet/pvdata/system_id=4903/year=2017/month=5/day=21/system_4903__date_2017_05_21.snappy.000.parquet,1779677655.6912186
..\..\..\data_ds_project\systems\parquet\4903\system_4903__date_2017_05_22.snappy.000.parquet,pvdaq/parquet/pvdata/system_id=4903/year=2017/month=5/day=22/system_4903__date_2017_05_22.snappy.000.parquet,1779677655.932599
..\..\..\data_ds_project\systems\parquet\4903\system_4903__date_2017_05_23.snappy.000.parquet,pvdaq/parquet/pvdata/system_id=4903/year=2017/month=5/day=23/system_4903__date_2017_05_23.snappy.000.parquet,1779677656.1722388
..\..\..\data_ds_project\systems\parquet\4903\system_4903__date_2017_05_24.snappy.000.parquet,pvdaq/parquet/pvdata/system_id=4903/year=2017/month=5/day=24/system_4903__date_2017_05_24.snappy.000.parquet,1779677656.4296923
..\..\..\data_ds_project\systems\parquet\4903\system_4903__date_2017_05_25.snappy.000.parquet,pvdaq/parquet/pvdata/system_id=4903/year=2017/month=5/day=25/system_4903__date_2017_05_25.snappy.000.parquet,1779677656.6713614
..\..\..\data_ds_project\systems\parquet\4903\system_4903__date_2017_05_26.snappy.000.parquet,pvdaq/parquet/pvdata/system_id=4903/year=2017/month=5/day=26/system_4903__date_2017_05_26.snappy.000.parquet,1779677656.9293263
..\..\..\data_ds_project\systems\parquet\4903\system_4903__date_2017_05_27.snappy.000.parquet,pvdaq/parquet/pvdata/system_id=4903/year=2017/month=5/day=27/system_4903__date_2017_05_27.snappy.000.parquet,1779677657.2029617
..\..\..\data_ds_project\systems\parquet\4903\system_4903__date_2017_05_28.snappy.000.parquet,pvdaq/parquet/pvdata/system_id=4903/year=2017/month=5/day=28/system_4903__date_2017_05_28.snappy.000.parquet,1779677657.4572814
..\..\..\data_ds_project\systems\parquet\4903\system_4903__date_2017_05_29.snappy.000.parquet,pvdaq/parquet/pvdata/system_id=4903/year=2017/month=5/day=29/system_4903__date_2017_05_29.snappy.000.parquet,1779677657.774647
..\..\..\data_ds_project\systems\parquet\4903\system_4903__date_2017_05_03.snappy.000.parquet,pvdaq/parquet/pvdata/system_id=4903/year=2017/month=5/day=3/system_4903__date_2017_05_03.snappy.000.parquet,1779677658.0451868
..\..\..\data_ds_project\systems\parquet\4903\system_4903__date_2017_05_30.snappy.000.parquet,pvdaq/parquet/pvdata/system_id=4903/year=2017/month=5/day=30/system_4903__date_2017_05_30.snappy.000.parquet,1779677658.2860458
..\..\..\data_ds_project\systems\parquet\4903\system_4903__date_2017_05_31.snappy.000.parquet,pvdaq/parquet/pvdata/system_id=4903/year=2017/month=5/day=31/system_4903__date_2017_05_31.snappy.000.parquet,1779677658.6152534
..\..\..\data_ds_project\systems\parquet\4903\system_4903__date_2017_05_04.snappy.000.parquet,pvdaq/parquet/pvdata/system_id=4903/year=2017/month=5/day=4/system_4903__date_2017_05_04.snappy.000.parquet,1779677658.883862
..\..\..\data_ds_project\systems\parquet\4903\system_4903__date_2017_05_05.snappy.000.parquet,pvdaq/parquet/pvdata/system_id=4903/year=2017/month=5/day=5/system_4903__date_2017_05_05.snappy.000.parquet,1779677659.1493921
..\..\..\data_ds_project\systems\parquet\4903\system_4903__date_2017_05_06.snappy.000.parquet,pvdaq/parquet/pvdata/system_id=4903/year=2017/month=5/day=6/system_4903__date_2017_05_06.snappy.000.parquet,1779677659.4060457
..\..\..\data_ds_project\systems\parquet\4903\system_4903__date_2017_05_07.snappy.000.parquet,pvdaq/parquet/pvdata/system_id=4903/year=2017/month=5/day=7/system_4903__date_2017_05_07.snappy.000.parquet,1779677659.6645992
..\..\..\data_ds_project\systems\parquet\4903\system_4903__date_2017_05_08.snappy.000.parquet,pvdaq/parquet/pvdata/system_id=4903/year=2017/month=5/day=8/system_4903__date_2017_05_08.snappy.000.parquet,1779677659.9278357
..\..\..\data_ds_project\systems\parquet\4903\system_4903__date_2017_05_09.snappy.000.parquet,pvdaq/parquet/pvdata/system_id=4903/year=2017/month=5/day=9/system_4903__date_2017_05_09.snappy.000.parquet,1779677660.2351952
..\..\..\data_ds_project\systems\parquet\4903\system_4903__date_2017_06_01.snappy.000.parquet,pvdaq/parquet/pvdata/system_id=4903/year=2017/month=6/day=1/system_4903__date_2017_06_01.snappy.000.parquet,1779677660.5139015
..\..\..\data_ds_project\systems\parquet\4903\system_4903__date_2017_06_10.snappy.000.parquet,pvdaq/parquet/pvdata/system_id=4903/year=2017/month=6/day=10/system_4903__date_2017_06_10.snappy.000.parquet,1779677660.7601175
..\..\..\data_ds_project\systems\parquet\4903\system_4903__date_2017_06_11.snappy.000.parquet,pvdaq/parquet/pvdata/system_id=4903/year=2017/month=6/day=11/system_4903__date_2017_06_11.snappy.000.parquet,1779677661.025519
..\..\..\data_ds_project\systems\parquet\4903\system_4903__date_2017_06_12.snappy.000.parquet,pvdaq/parquet/pvdata/system_id=4903/year=2017/month=6/day=12/system_4903__date_2017_06_12.snappy.000.parquet,1779677661.2942126
..\..\..\data_ds_project\systems\parquet\4903\system_4903__date_2017_06_13.snappy.000.parquet,pvdaq/parquet/pvdata/system_id=4903/year=2017/month=6/day=13/system_4903__date_2017_06_13.snappy.000.parquet,1779677661.5659666
..\..\..\data_ds_project\systems\parquet\4903\system_4903__date_2017_06_14.snappy.000.parquet,pvdaq/parquet/pvdata/system_id=4903/year=2017/month=6/day=14/system_4903__date_2017_06_14.snappy.000.parquet,1779677661.8233554
..\..\..\data_ds_project\systems\parquet\4903\system_4903__date_2017_06_15.snappy.000.parquet,pvdaq/parquet/pvdata/system_id=4903/year=2017/month=6/day=15/system_4903__date_2017_06_15.snappy.000.parquet,1779677662.090844
..\..\..\data_ds_project\systems\parquet\4903\system_4903__date_2017_06_16.snappy.000.parquet,pvdaq/parquet/pvdata/system_id=4903/year=2017/month=6/day=16/system_4903__date_2017_06_16.snappy.000.parquet,1779677662.3414464
..\..\..\data_ds_project\systems\parquet\4903\system_4903__date_2017_06_17.snappy.000.parquet,pvdaq/parquet/pvdata/system_id=4903/year=2017/month=6/day=17/system_4903__date_2017_06_17.snappy.000.parquet,1779677662.651763
..\..\..\data_ds_project\systems\parquet\4903\system_4903__date_2017_06_18.snappy.000.parquet,pvdaq/parquet/pvdata/system_id=4903/year=2017/month=6/day=18/system_4903__date_2017_06_18.snappy.000.parquet,1779677662.8822694
..\..\..\data_ds_project\systems\parquet\4903\system_4903__date_2017_06_19.snappy.000.parquet,pvdaq/parquet/pvdata/system_id=4903/year=2017/month=6/day=19/system_4903__date_2017_06_19.snappy.000.parquet,1779677663.1597447
..\..\..\data_ds_project\systems\parquet\4903\system_4903__date_2017_06_02.snappy.000.parquet,pvdaq/parquet/pvdata/system_id=4903/year=2017/month=6/day=2/system_4903__date_2017_06_02.snappy.000.parquet,1779677663.3903513
..\..\..\data_ds_project\systems\parquet\4903\system_4903__date_2017_06_20.snappy.000.parquet,pvdaq/parquet/pvdata/system_id=4903/year=2017/month=6/day=20/system_4903__date_2017_06_20.snappy.000.parquet,1779677663.648843
..\..\..\data_ds_project\systems\parquet\4903\system_4903__date_2017_06_21.snappy.000.parquet,pvdaq/parquet/pvdata/system_id=4903/year=2017/month=6/day=21/system_4903__date_2017_06_21.snappy.000.parquet,1779677663.9403062
..\..\..\data_ds_project\systems\parquet\4903\system_4903__date_2017_06_22.snappy.000.parquet,pvdaq/parquet/pvdata/system_id=4903/year=2017/month=6/day=22/system_4903__date_2017_06_22.snappy.000.parquet,1779677664.2160113
..\..\..\data_ds_project\systems\parquet\4903\system_4903__date_2017_06_23.snappy.000.parquet,pvdaq/parquet/pvdata/system_id=4903/year=2017/month=6/day=23/system_4903__date_2017_06_23.snappy.000.parquet,1779677664.4834313
..\..\..\data_ds_project\systems\parquet\4903\system_4903__date_2017_06_24.snappy.000.parquet,pvdaq/parquet/pvdata/system_id=4903/year=2017/month=6/day=24/system_4903__date_2017_06_24.snappy.000.parquet,1779677664.7272513
..\..\..\data_ds_project\systems\parquet\4903\system_4903__date_2017_06_25.snappy.000.parquet,pvdaq/parquet/pvdata/system_id=4903/year=2017/month=6/day=25/system_4903__date_2017_06_25.snappy.000.parquet,1779677664.9586182
..\..\..\data_ds_project\systems\parquet\4903\system_4903__date_2017_06_26.snappy.000.parquet,pvdaq/parquet/pvdata/system_id=4903/year=2017/month=6/day=26/system_4903__date_2017_06_26.snappy.000.parquet,1779677665.1974256
..\..\..\data_ds_project\systems\parquet\4903\system_4903__date_2017_06_27.snappy.000.parquet,pvdaq/parquet/pvdata/system_id=4903/year=2017/month=6/day=27/system_4903__date_2017_06_27.snappy.000.parquet,1779677665.4539902
..\..\..\data_ds_project\systems\parquet\4903\system_4903__date_2017_06_28.snappy.000.parquet,pvdaq/parquet/pvdata/system_id=4903/year=2017/month=6/day=28/system_4903__date_2017_06_28.snappy.000.parquet,1779677665.7417471
..\..\..\data_ds_project\systems\parquet\4903\system_4903__date_2017_06_29.snappy.000.parquet,pvdaq/parquet/pvdata/system_id=4903/year=2017/month=6/day=29/system_4903__date_2017_06_29.snappy.000.parquet,1779677666.0182743
..\..\..\data_ds_project\systems\parquet\4903\system_4903__date_2017_06_03.snappy.000.parquet,pvdaq/parquet/pvdata/system_id=4903/year=2017/month=6/day=3/system_4903__date_2017_06_03.snappy.000.parquet,1779677666.3196106
..\..\..\data_ds_project\systems\parquet\4903\system_4903__date_2017_06_30.snappy.000.parquet,pvdaq/parquet/pvdata/system_id=4903/year=2017/month=6/day=30/system_4903__date_2017_06_30.snappy.000.parquet,1779677666.5981262
..\..\..\data_ds_project\systems\parquet\4903\system_4903__date_2017_06_04.snappy.000.parquet,pvdaq/parquet/pvdata/system_id=4903/year=2017/month=6/day=4/system_4903__date_2017_06_04.snappy.000.parquet,1779677667.57115
..\..\..\data_ds_project\systems\parquet\4903\system_4903__date_2017_06_05.snappy.000.parquet,pvdaq/parquet/pvdata/system_id=4903/year=2017/month=6/day=5/system_4903__date_2017_06_05.snappy.000.parquet,1779677667.8178477
..\..\..\data_ds_project\systems\parquet\4903\system_4903__date_2017_06_06.snappy.000.parquet,pvdaq/parquet/pvdata/system_id=4903/year=2017/month=6/day=6/system_4903__date_2017_06_06.snappy.000.parquet,1779677668.0742593
..\..\..\data_ds_project\systems\parquet\4903\system_4903__date_2017_06_07.snappy.000.parquet,pvdaq/parquet/pvdata/system_id=4903/year=2017/month=6/day=7/system_4903__date_2017_06_07.snappy.000.parquet,1779677668.4016201
..\..\..\data_ds_project\systems\parquet\4903\system_4903__date_2017_06_08.snappy.000.parquet,pvdaq/parquet/pvdata/system_id=4903/year=2017/month=6/day=8/system_4903__date_2017_06_08.snappy.000.parquet,1779677668.6778913
..\..\..\data_ds_project\systems\parquet\4903\system_4903__date_2017_06_09.snappy.000.parquet,pvdaq/parquet/pvdata/system_id=4903/year=2017/month=6/day=9/system_4903__date_2017_06_09.snappy.000.parquet,1779677668.9491484
..\..\..\data_ds_project\systems\parquet\4903\system_4903__date_2017_07_01.snappy.000.parquet,pvdaq/parquet/pvdata/system_id=4903/year=2017/month=7/day=1/system_4903__date_2017_07_01.snappy.000.parquet,1779677669.2198968
..\..\..\data_ds_project\systems\parquet\4903\system_4903__date_2017_07_10.snappy.000.parquet,pvdaq/parquet/pvdata/system_id=4903/year=2017/month=7/day=10/system_4903__date_2017_07_10.snappy.000.parquet,1779677669.511137
..\..\..\data_ds_project\systems\parquet\4903\system_4903__date_2017_07_11.snappy.000.parquet,pvdaq/parquet/pvdata/system_id=4903/year=2017/month=7/day=11/system_4903__date_2017_07_11.snappy.000.parquet,1779677669.7536054
..\..\..\data_ds_project\systems\parquet\4903\system_4903__date_2017_07_12.snappy.000.parquet,pvdaq/parquet/pvdata/system_id=4903/year=2017/month=7/day=12/system_4903__date_2017_07_12.snappy.000.parquet,1779677670.0272114
..\..\..\data_ds_project\systems\parquet\4903\system_4903__date_2017_07_13.snappy.000.parquet,pvdaq/parquet/pvdata/system_id=4903/year=2017/month=7/day=13/system_4903__date_2017_07_13.snappy.000.parquet,1779677670.2518437
..\..\..\data_ds_project\systems\parquet\4903\system_4903__date_2017_07_14.snappy.000.parquet,pvdaq/parquet/pvdata/system_id=4903/year=2017/month=7/day=14/system_4903__date_2017_07_14.snappy.000.parquet,1779677670.532719
..\..\..\data_ds_project\systems\parquet\4903\system_4903__date_2017_07_15.snappy.000.parquet,pvdaq/parquet/pvdata/system_id=4903/year=2017/month=7/day=15/system_4903__date_2017_07_15.snappy.000.parquet,1779677670.7740993
..\..\..\data_ds_project\systems\parquet\4903\system_4903__date_2017_07_16.snappy.000.parquet,pvdaq/parquet/pvdata/system_id=4903/year=2017/month=7/day=16/system_4903__date_2017_07_16.snappy.000.parquet,1779677671.0149062
..\..\..\data_ds_project\systems\parquet\4903\system_4903__date_2017_07_17.snappy.000.parquet,pvdaq/parquet/pvdata/system_id=4903/year=2017/month=7/day=17/system_4903__date_2017_07_17.snappy.000.parquet,1779677671.2545435
..\..\..\data_ds_project\systems\parquet\4903\system_4903__date_2017_07_18.snappy.000.parquet,pvdaq/parquet/pvdata/system_id=4903/year=2017/month=7/day=18/system_4903__date_2017_07_18.snappy.000.parquet,1779677671.4999425
..\..\..\data_ds_project\systems\parquet\4903\system_4903__date_2017_07_19.snappy.000.parquet,pvdaq/parquet/pvdata/system_id=4903/year=2017/month=7/day=19/system_4903__date_2017_07_19.snappy.000.parquet,1779677671.7807667
..\..\..\data_ds_project\systems\parquet\4903\system_4903__date_2017_07_02.snappy.000.parquet,pvdaq/parquet/pvdata/system_id=4903/year=2017/month=7/day=2/system_4903__date_2017_07_02.snappy.000.parquet,1779677672.0541432
..\..\..\data_ds_project\systems\parquet\4903\system_4903__date_2017_07_20.snappy.000.parquet,pvdaq/parquet/pvdata/system_id=4903/year=2017/month=7/day=20/system_4903__date_2017_07_20.snappy.000.parquet,1779677672.3237953
..\..\..\data_ds_project\systems\parquet\4903\system_4903__date_2017_07_21.snappy.000.parquet,pvdaq/parquet/pvdata/system_id=4903/year=2017/month=7/day=21/system_4903__date_2017_07_21.snappy.000.parquet,1779677672.6012132
..\..\..\data_ds_project\systems\parquet\4903\system_4903__date_2017_07_22.snappy.000.parquet,pvdaq/parquet/pvdata/system_id=4903/year=2017/month=7/day=22/system_4903__date_2017_07_22.snappy.000.parquet,1779677672.8558717
..\..\..\data_ds_project\systems\parquet\4903\system_4903__date_2017_07_23.snappy.000.parquet,pvdaq/parquet/pvdata/system_id=4903/year=2017/month=7/day=23/system_4903__date_2017_07_23.snappy.000.parquet,1779677673.1144464
..\..\..\data_ds_project\systems\parquet\4903\system_4903__date_2017_07_24.snappy.000.parquet,pvdaq/parquet/pvdata/system_id=4903/year=2017/month=7/day=24/system_4903__date_2017_07_24.snappy.000.parquet,1779677673.341073
..\..\..\data_ds_project\systems\parquet\4903\system_4903__date_2017_07_25.snappy.000.parquet,pvdaq/parquet/pvdata/system_id=4903/year=2017/month=7/day=25/system_4903__date_2017_07_25.snappy.000.parquet,1779677673.6013494
..\..\..\data_ds_project\systems\parquet\4903\system_4903__date_2017_07_26.snappy.000.parquet,pvdaq/parquet/pvdata/system_id=4903/year=2017/month=7/day=26/system_4903__date_2017_07_26.snappy.000.parquet,1779677673.8738441
..\..\..\data_ds_project\systems\parquet\4903\system_4903__date_2017_07_27.snappy.000.parquet,pvdaq/parquet/pvdata/system_id=4903/year=2017/month=7/day=27/system_4903__date_2017_07_27.snappy.000.parquet,1779677674.1164024
..\..\..\data_ds_project\systems\parquet\4903\system_4903__date_2017_07_28.snappy.000.parquet,pvdaq/parquet/pvdata/system_id=4903/year=2017/month=7/day=28/system_4903__date_2017_07_28.snappy.000.parquet,1779677674.3548825
..\..\..\data_ds_project\systems\parquet\4903\system_4903__date_2017_07_29.snappy.000.parquet,pvdaq/parquet/pvdata/system_id=4903/year=2017/month=7/day=29/system_4903__date_2017_07_29.snappy.000.parquet,1779677674.5845544
..\..\..\data_ds_project\systems\parquet\4903\system_4903__date_2017_07_03.snappy.000.parquet,pvdaq/parquet/pvdata/system_id=4903/year=2017/month=7/day=3/system_4903__date_2017_07_03.snappy.000.parquet,1779677674.8251917
..\..\..\data_ds_project\systems\parquet\4903\system_4903__date_2017_07_30.snappy.000.parquet,pvdaq/parquet/pvdata/system_id=4903/year=2017/month=7/day=30/system_4903__date_2017_07_30.snappy.000.parquet,1779677675.0884998
..\..\..\data_ds_project\systems\parquet\4903\system_4903__date_2017_07_31.snappy.000.parquet,pvdaq/parquet/pvdata/system_id=4903/year=2017/month=7/day=31/system_4903__date_2017_07_31.snappy.000.parquet,1779677675.3169904
..\..\..\data_ds_project\systems\parquet\4903\system_4903__date_2017_07_04.snappy.000.parquet,pvdaq/parquet/pvdata/system_id=4903/year=2017/month=7/day=4/system_4903__date_2017_07_04.snappy.000.parquet,1779677675.5674171
..\..\..\data_ds_project\systems\parquet\4903\system_4903__date_2017_07_05.snappy.000.parquet,pvdaq/parquet/pvdata/system_id=4903/year=2017/month=7/day=5/system_4903__date_2017_07_05.snappy.000.parquet,1779677675.7970862
..\..\..\data_ds_project\systems\parquet\4903\system_4903__date_2017_07_06.snappy.000.parquet,pvdaq/parquet/pvdata/system_id=4903/year=2017/month=7/day=6/system_4903__date_2017_07_06.snappy.000.parquet,1779677676.0497327
..\..\..\data_ds_project\systems\parquet\4903\system_4903__date_2017_07_07.snappy.000.parquet,pvdaq/parquet/pvdata/system_id=4903/year=2017/month=7/day=7/system_4903__date_2017_07_07.snappy.000.parquet,1779677676.2862148
..\..\..\data_ds_project\systems\parquet\4903\system_4903__date_2017_07_08.snappy.000.parquet,pvdaq/parquet/pvdata/system_id=4903/year=2017/month=7/day=8/system_4903__date_2017_07_08.snappy.000.parquet,1779677676.5707986
..\..\..\data_ds_project\systems\parquet\4903\system_4903__date_2017_07_09.snappy.000.parquet,pvdaq/parquet/pvdata/system_id=4903/year=2017/month=7/day=9/system_4903__date_2017_07_09.snappy.000.parquet,1779677676.9439895
..\..\..\data_ds_project\systems\parquet\4903\system_4903__date_2017_08_01.snappy.000.parquet,pvdaq/parquet/pvdata/system_id=4903/year=2017/month=8/day=1/system_4903__date_2017_08_01.snappy.000.parquet,1779677677.2969728
..\..\..\data_ds_project\systems\parquet\4903\system_4903__date_2017_08_10.snappy.000.parquet,pvdaq/parquet/pvdata/system_id=4903/year=2017/month=8/day=10/system_4903__date_2017_08_10.snappy.000.parquet,1779677677.5374894
..\..\..\data_ds_project\systems\parquet\4903\system_4903__date_2017_08_11.snappy.000.parquet,pvdaq/parquet/pvdata/system_id=4903/year=2017/month=8/day=11/system_4903__date_2017_08_11.snappy.000.parquet,1779677677.7757628
..\..\..\data_ds_project\systems\parquet\4903\system_4903__date_2017_08_12.snappy.000.parquet,pvdaq/parquet/pvdata/system_id=4903/year=2017/month=8/day=12/system_4903__date_2017_08_12.snappy.000.parquet,1779677678.0082927
..\..\..\data_ds_project\systems\parquet\4903\system_4903__date_2017_08_13.snappy.000.parquet,pvdaq/parquet/pvdata/system_id=4903/year=2017/month=8/day=13/system_4903__date_2017_08_13.snappy.000.parquet,1779677678.2907677
..\..\..\data_ds_project\systems\parquet\4903\system_4903__date_2017_08_14.snappy.000.parquet,pvdaq/parquet/pvdata/system_id=4903/year=2017/month=8/day=14/system_4903__date_2017_08_14.snappy.000.parquet,1779677678.605644
..\..\..\data_ds_project\systems\parquet\4903\system_4903__date_2017_08_15.snappy.000.parquet,pvdaq/parquet/pvdata/system_id=4903/year=2017/month=8/day=15/system_4903__date_2017_08_15.snappy.000.parquet,1779677678.848188
..\..\..\data_ds_project\systems\parquet\4903\system_4903__date_2017_08_16.snappy.000.parquet,pvdaq/parquet/pvdata/system_id=4903/year=2017/month=8/day=16/system_4903__date_2017_08_16.snappy.000.parquet,1779677679.0955658
..\..\..\data_ds_project\systems\parquet\4903\system_4903__date_2017_08_17.snappy.000.parquet,pvdaq/parquet/pvdata/system_id=4903/year=2017/month=8/day=17/system_4903__date_2017_08_17.snappy.000.parquet,1779677679.3173888
..\..\..\data_ds_project\systems\parquet\4903\system_4903__date_2017_08_18.snappy.000.parquet,pvdaq/parquet/pvdata/system_id=4903/year=2017/month=8/day=18/system_4903__date_2017_08_18.snappy.000.parquet,1779677679.5707998
..\..\..\data_ds_project\systems\parquet\4903\system_4903__date_2017_08_19.snappy.000.parquet,pvdaq/parquet/pvdata/system_id=4903/year=2017/month=8/day=19/system_4903__date_2017_08_19.snappy.000.parquet,1779677679.8325388
..\..\..\data_ds_project\systems\parquet\4903\system_4903__date_2017_08_02.snappy.000.parquet,pvdaq/parquet/pvdata/system_id=4903/year=2017/month=8/day=2/system_4903__date_2017_08_02.snappy.000.parquet,1779677680.0970254
..\..\..\data_ds_project\systems\parquet\4903\system_4903__date_2017_08_20.snappy.000.parquet,pvdaq/parquet/pvdata/system_id=4903/year=2017/month=8/day=20/system_4903__date_2017_08_20.snappy.000.parquet,1779677680.316657
..\..\..\data_ds_project\systems\parquet\4903\system_4903__date_2017_08_21.snappy.000.parquet,pvdaq/parquet/pvdata/system_id=4903/year=2017/month=8/day=21/system_4903__date_2017_08_21.snappy.000.parquet,1779677681.3404853
..\..\..\data_ds_project\systems\parquet\4903\system_4903__date_2017_08_22.snappy.000.parquet,pvdaq/parquet/pvdata/system_id=4903/year=2017/month=8/day=22/system_4903__date_2017_08_22.snappy.000.parquet,1779677681.6735961
..\..\..\data_ds_project\systems\parquet\4903\system_4903__date_2017_08_23.snappy.000.parquet,pvdaq/parquet/pvdata/system_id=4903/year=2017/month=8/day=23/system_4903__date_2017_08_23.snappy.000.parquet,1779677681.928202
..\..\..\data_ds_project\systems\parquet\4903\system_4903__date_2017_08_24.snappy.000.parquet,pvdaq/parquet/pvdata/system_id=4903/year=2017/month=8/day=24/system_4903__date_2017_08_24.snappy.000.parquet,1779677682.208733
..\..\..\data_ds_project\systems\parquet\4903\system_4903__date_2017_08_25.snappy.000.parquet,pvdaq/parquet/pvdata/system_id=4903/year=2017/month=8/day=25/system_4903__date_2017_08_25.snappy.000.parquet,1779677682.48999
..\..\..\data_ds_project\systems\parquet\4903\system_4903__date_2017_08_26.snappy.000.parquet,pvdaq/parquet/pvdata/system_id=4903/year=2017/month=8/day=26/system_4903__date_2017_08_26.snappy.000.parquet,1779677682.7534888
..\..\..\data_ds_project\systems\parquet\4903\system_4903__date_2017_08_27.snappy.000.parquet,pvdaq/parquet/pvdata/system_id=4903/year=2017/month=8/day=27/system_4903__date_2017_08_27.snappy.000.parquet,1779677683.0488143
..\..\..\data_ds_project\systems\parquet\4903\system_4903__date_2017_08_28.snappy.000.parquet,pvdaq/parquet/pvdata/system_id=4903/year=2017/month=8/day=28/system_4903__date_2017_08_28.snappy.000.parquet,1779677683.3101335
..\..\..\data_ds_project\systems\parquet\4903\system_4903__date_2017_08_29.snappy.000.parquet,pvdaq/parquet/pvdata/system_id=4903/year=2017/month=8/day=29/system_4903__date_2017_08_29.snappy.000.parquet,1779677683.58561
..\..\..\data_ds_project\systems\parquet\4903\system_4903__date_2017_08_03.snappy.000.parquet,pvdaq/parquet/pvdata/system_id=4903/year=2017/month=8/day=3/system_4903__date_2017_08_03.snappy.000.parquet,1779677683.8342366
..\..\..\data_ds_project\systems\parquet\4903\system_4903__date_2017_08_30.snappy.000.parquet,pvdaq/parquet/pvdata/system_id=4903/year=2017/month=8/day=30/system_4903__date_2017_08_30.snappy.000.parquet,1779677684.1096523
..\..\..\data_ds_project\systems\parquet\4903\system_4903__date_2017_08_31.snappy.000.parquet,pvdaq/parquet/pvdata/system_id=4903/year=2017/month=8/day=31/system_4903__date_2017_08_31.snappy.000.parquet,1779677684.3734715
..\..\..\data_ds_project\systems\parquet\4903\system_4903__date_2017_08_04.snappy.000.parquet,pvdaq/parquet/pvdata/system_id=4903/year=2017/month=8/day=4/system_4903__date_2017_08_04.snappy.000.parquet,1779677684.6708822
..\..\..\data_ds_project\systems\parquet\4903\system_4903__date_2017_08_05.snappy.000.parquet,pvdaq/parquet/pvdata/system_id=4903/year=2017/month=8/day=5/system_4903__date_2017_08_05.snappy.000.parquet,1779677684.9222822
..\..\..\data_ds_project\systems\parquet\4903\system_4903__date_2017_08_06.snappy.000.parquet,pvdaq/parquet/pvdata/system_id=4903/year=2017/month=8/day=6/system_4903__date_2017_08_06.snappy.000.parquet,1779677685.18517
..\..\..\data_ds_project\systems\parquet\4903\system_4903__date_2017_08_07.snappy.000.parquet,pvdaq/parquet/pvdata/system_id=4903/year=2017/month=8/day=7/system_4903__date_2017_08_07.snappy.000.parquet,1779677685.4396014
..\..\..\data_ds_project\systems\parquet\4903\system_4903__date_2017_08_08.snappy.000.parquet,pvdaq/parquet/pvdata/system_id=4903/year=2017/month=8/day=8/system_4903__date_2017_08_08.snappy.000.parquet,1779677685.7178824
..\..\..\data_ds_project\systems\parquet\4903\system_4903__date_2017_08_09.snappy.000.parquet,pvdaq/parquet/pvdata/system_id=4903/year=2017/month=8/day=9/system_4903__date_2017_08_09.snappy.000.parquet,1779677685.994187
..\..\..\data_ds_project\systems\parquet\4903\system_4903__date_2017_09_01.snappy.000.parquet,pvdaq/parquet/pvdata/system_id=4903/year=2017/month=9/day=1/system_4903__date_2017_09_01.snappy.000.parquet,1779677686.2506583
..\..\..\data_ds_project\systems\parquet\4903\system_4903__date_2017_09_10.snappy.000.parquet,pvdaq/parquet/pvdata/system_id=4903/year=2017/month=9/day=10/system_4903__date_2017_09_10.snappy.000.parquet,1779677686.4782305
..\..\..\data_ds_project\systems\parquet\4903\system_4903__date_2017_09_11.snappy.000.parquet,pvdaq/parquet/pvdata/system_id=4903/year=2017/month=9/day=11/system_4903__date_2017_09_11.snappy.000.parquet,1779677686.7456095
..\..\..\data_ds_project\systems\parquet\4903\system_4903__date_2017_09_12.snappy.000.parquet,pvdaq/parquet/pvdata/system_id=4903/year=2017/month=9/day=12/system_4903__date_2017_09_12.snappy.000.parquet,1779677686.9929366
..\..\..\data_ds_project\systems\parquet\4903\system_4903__date_2017_09_13.snappy.000.parquet,pvdaq/parquet/pvdata/system_id=4903/year=2017/month=9/day=13/system_4903__date_2017_09_13.snappy.000.parquet,1779677687.2882907
..\..\..\data_ds_project\systems\parquet\4903\system_4903__date_2017_09_14.snappy.000.parquet,pvdaq/parquet/pvdata/system_id=4903/year=2017/month=9/day=14/system_4903__date_2017_09_14.snappy.000.parquet,1779677687.5896852
..\..\..\data_ds_project\systems\parquet\4903\system_4903__date_2017_09_15.snappy.000.parquet,pvdaq/parquet/pvdata/system_id=4903/year=2017/month=9/day=15/system_4903__date_2017_09_15.snappy.000.parquet,1779677687.8702707
..\..\..\data_ds_project\systems\parquet\4903\system_4903__date_2017_09_16.snappy.000.parquet,pvdaq/parquet/pvdata/system_id=4903/year=2017/month=9/day=16/system_4903__date_2017_09_16.snappy.000.parquet,1779677688.1346827
..\..\..\data_ds_project\systems\parquet\4903\system_4903__date_2017_09_17.snappy.000.parquet,pvdaq/parquet/pvdata/system_id=4903/year=2017/month=9/day=17/system_4903__date_2017_09_17.snappy.000.parquet,1779677688.4360695
..\..\..\data_ds_project\systems\parquet\4903\system_4903__date_2017_09_18.snappy.000.parquet,pvdaq/parquet/pvdata/system_id=4903/year=2017/month=9/day=18/system_4903__date_2017_09_18.snappy.000.parquet,1779677688.679794
..\..\..\data_ds_project\systems\parquet\4903\system_4903__date_2017_09_19.snappy.000.parquet,pvdaq/parquet/pvdata/system_id=4903/year=2017/month=9/day=19/system_4903__date_2017_09_19.snappy.000.parquet,1779677688.9372687
..\..\..\data_ds_project\systems\parquet\4903\system_4903__date_2017_09_02.snappy.000.parquet,pvdaq/parquet/pvdata/system_id=4903/year=2017/month=9/day=2/system_4903__date_2017_09_02.snappy.000.parquet,1779677689.206754
..\..\..\data_ds_project\systems\parquet\4903\system_4903__date_2017_09_20.snappy.000.parquet,pvdaq/parquet/pvdata/system_id=4903/year=2017/month=9/day=20/system_4903__date_2017_09_20.snappy.000.parquet,1779677689.4643855
..\..\..\data_ds_project\systems\parquet\4903\system_4903__date_2017_09_21.snappy.000.parquet,pvdaq/parquet/pvdata/system_id=4903/year=2017/month=9/day=21/system_4903__date_2017_09_21.snappy.000.parquet,1779677689.7327387
..\..\..\data_ds_project\systems\parquet\4903\system_4903__date_2017_09_22.snappy.000.parquet,pvdaq/parquet/pvdata/system_id=4903/year=2017/month=9/day=22/system_4903__date_2017_09_22.snappy.000.parquet,1779677690.0080307
..\..\..\data_ds_project\systems\parquet\4903\system_4903__date_2017_09_23.snappy.000.parquet,pvdaq/parquet/pvdata/system_id=4903/year=2017/month=9/day=23/system_4903__date_2017_09_23.snappy.000.parquet,1779677690.260632
..\..\..\data_ds_project\systems\parquet\4903\system_4903__date_2017_09_24.snappy.000.parquet,pvdaq/parquet/pvdata/system_id=4903/year=2017/month=9/day=24/system_4903__date_2017_09_24.snappy.000.parquet,1779677690.543975
..\..\..\data_ds_project\systems\parquet\4903\system_4903__date_2017_09_25.snappy.000.parquet,pvdaq/parquet/pvdata/system_id=4903/year=2017/month=9/day=25/system_4903__date_2017_09_25.snappy.000.parquet,1779677690.8633878
..\..\..\data_ds_project\systems\parquet\4903\system_4903__date_2017_09_26.snappy.000.parquet,pvdaq/parquet/pvdata/system_id=4903/year=2017/month=9/day=26/system_4903__date_2017_09_26.snappy.000.parquet,1779677691.1317277
..\..\..\data_ds_project\systems\parquet\4903\system_4903__date_2017_09_27.snappy.000.parquet,pvdaq/parquet/pvdata/system_id=4903/year=2017/month=9/day=27/system_4903__date_2017_09_27.snappy.000.parquet,1779677691.4140842
..\..\..\data_ds_project\systems\parquet\4903\system_4903__date_2017_09_28.snappy.000.parquet,pvdaq/parquet/pvdata/system_id=4903/year=2017/month=9/day=28/system_4903__date_2017_09_28.snappy.000.parquet,1779677691.7413611
..\..\..\data_ds_project\systems\parquet\4903\system_4903__date_2017_09_29.snappy.000.parquet,pvdaq/parquet/pvdata/system_id=4903/year=2017/month=9/day=29/system_4903__date_2017_09_29.snappy.000.parquet,1779677691.9830532
..\..\..\data_ds_project\systems\parquet\4903\system_4903__date_2017_09_03.snappy.000.parquet,pvdaq/parquet/pvdata/system_id=4903/year=2017/month=9/day=3/system_4903__date_2017_09_03.snappy.000.parquet,1779677692.2493312
..\..\..\data_ds_project\systems\parquet\4903\system_4903__date_2017_09_30.snappy.000.parquet,pvdaq/parquet/pvdata/system_id=4903/year=2017/month=9/day=30/system_4903__date_2017_09_30.snappy.000.parquet,1779677692.4940443
..\..\..\data_ds_project\systems\parquet\4903\system_4903__date_2017_09_04.snappy.000.parquet,pvdaq/parquet/pvdata/system_id=4903/year=2017/month=9/day=4/system_4903__date_2017_09_04.snappy.000.parquet,1779677692.7627335
..\..\..\data_ds_project\systems\parquet\4903\system_4903__date_2017_09_05.snappy.000.parquet,pvdaq/parquet/pvdata/system_id=4903/year=2017/month=9/day=5/system_4903__date_2017_09_05.snappy.000.parquet,1779677693.0580754
..\..\..\data_ds_project\systems\parquet\4903\system_4903__date_2017_09_06.snappy.000.parquet,pvdaq/parquet/pvdata/system_id=4903/year=2017/month=9/day=6/system_4903__date_2017_09_06.snappy.000.parquet,1779677693.3165233
..\..\..\data_ds_project\systems\parquet\4903\system_4903__date_2017_09_07.snappy.000.parquet,pvdaq/parquet/pvdata/system_id=4903/year=2017/month=9/day=7/system_4903__date_2017_09_07.snappy.000.parquet,1779677693.6097975
..\..\..\data_ds_project\systems\parquet\4903\system_4903__date_2017_09_08.snappy.000.parquet,pvdaq/parquet/pvdata/system_id=4903/year=2017/month=9/day=8/system_4903__date_2017_09_08.snappy.000.parquet,1779677693.9059458
..\..\..\data_ds_project\systems\parquet\4903\system_4903__date_2017_09_09.snappy.000.parquet,pvdaq/parquet/pvdata/system_id=4903/year=2017/month=9/day=9/system_4903__date_2017_09_09.snappy.000.parquet,1779677694.179506
..\..\..\data_ds_project\systems\parquet\4903\system_4903__date_2018_01_01.snappy.000.parquet,pvdaq/parquet/pvdata/system_id=4903/year=2018/month=1/day=1/system_4903__date_2018_01_01.snappy.000.parquet,1779677694.4358356
..\..\..\data_ds_project\systems\parquet\4903\system_4903__date_2018_01_10.snappy.000.parquet,pvdaq/parquet/pvdata/system_id=4903/year=2018/month=1/day=10/system_4903__date_2018_01_10.snappy.000.parquet,1779677694.6938236
..\..\..\data_ds_project\systems\parquet\4903\system_4903__date_2018_01_11.snappy.000.parquet,pvdaq/parquet/pvdata/system_id=4903/year=2018/month=1/day=11/system_4903__date_2018_01_11.snappy.000.parquet,1779677695.708028
..\..\..\data_ds_project\systems\parquet\4903\system_4903__date_2018_01_12.snappy.000.parquet,pvdaq/parquet/pvdata/system_id=4903/year=2018/month=1/day=12/system_4903__date_2018_01_12.snappy.000.parquet,1779677696.0191202
..\..\..\data_ds_project\systems\parquet\4903\system_4903__date_2018_01_13.snappy.000.parquet,pvdaq/parquet/pvdata/system_id=4903/year=2018/month=1/day=13/system_4903__date_2018_01_13.snappy.000.parquet,1779677696.271589
..\..\..\data_ds_project\systems\parquet\4903\system_4903__date_2018_01_14.snappy.000.parquet,pvdaq/parquet/pvdata/system_id=4903/year=2018/month=1/day=14/system_4903__date_2018_01_14.snappy.000.parquet,1779677696.6168127
..\..\..\data_ds_project\systems\parquet\4903\system_4903__date_2018_01_15.snappy.000.parquet,pvdaq/parquet/pvdata/system_id=4903/year=2018/month=1/day=15/system_4903__date_2018_01_15.snappy.000.parquet,1779677696.8883789
..\..\..\data_ds_project\systems\parquet\4903\system_4903__date_2018_01_16.snappy.000.parquet,pvdaq/parquet/pvdata/system_id=4903/year=2018/month=1/day=16/system_4903__date_2018_01_16.snappy.000.parquet,1779677697.2018948
..\..\..\data_ds_project\systems\parquet\4903\system_4903__date_2018_01_17.snappy.000.parquet,pvdaq/parquet/pvdata/system_id=4903/year=2018/month=1/day=17/system_4903__date_2018_01_17.snappy.000.parquet,1779677697.4622598
..\..\..\data_ds_project\systems\parquet\4903\system_4903__date_2018_01_18.snappy.000.parquet,pvdaq/parquet/pvdata/system_id=4903/year=2018/month=1/day=18/system_4903__date_2018_01_18.snappy.000.parquet,1779677697.718495
..\..\..\data_ds_project\systems\parquet\4903\system_4903__date_2018_01_19.snappy.000.parquet,pvdaq/parquet/pvdata/system_id=4903/year=2018/month=1/day=19/system_4903__date_2018_01_19.snappy.000.parquet,1779677697.9789596
..\..\..\data_ds_project\systems\parquet\4903\system_4903__date_2018_01_02.snappy.000.parquet,pvdaq/parquet/pvdata/system_id=4903/year=2018/month=1/day=2/system_4903__date_2018_01_02.snappy.000.parquet,1779677698.2252214
..\..\..\data_ds_project\systems\parquet\4903\system_4903__date_2018_01_20.snappy.000.parquet,pvdaq/parquet/pvdata/system_id=4903/year=2018/month=1/day=20/system_4903__date_2018_01_20.snappy.000.parquet,1779677698.507151
..\..\..\data_ds_project\systems\parquet\4903\system_4903__date_2018_01_21.snappy.000.parquet,pvdaq/parquet/pvdata/system_id=4903/year=2018/month=1/day=21/system_4903__date_2018_01_21.snappy.000.parquet,1779677698.7733371
..\..\..\data_ds_project\systems\parquet\4903\system_4903__date_2018_01_22.snappy.000.parquet,pvdaq/parquet/pvdata/system_id=4903/year=2018/month=1/day=22/system_4903__date_2018_01_22.snappy.000.parquet,1779677699.0729837
..\..\..\data_ds_project\systems\parquet\4903\system_4903__date_2018_01_23.snappy.000.parquet,pvdaq/parquet/pvdata/system_id=4903/year=2018/month=1/day=23/system_4903__date_2018_01_23.snappy.000.parquet,1779677699.3567817
..\..\..\data_ds_project\systems\parquet\4903\system_4903__date_2018_01_24.snappy.000.parquet,pvdaq/parquet/pvdata/system_id=4903/year=2018/month=1/day=24/system_4903__date_2018_01_24.snappy.000.parquet,1779677699.6023717
..\..\..\data_ds_project\systems\parquet\4903\system_4903__date_2018_01_25.snappy.000.parquet,pvdaq/parquet/pvdata/system_id=4903/year=2018/month=1/day=25/system_4903__date_2018_01_25.snappy.000.parquet,1779677699.8609462
..\..\..\data_ds_project\systems\parquet\4903\system_4903__date_2018_01_26.snappy.000.parquet,pvdaq/parquet/pvdata/system_id=4903/year=2018/month=1/day=26/system_4903__date_2018_01_26.snappy.000.parquet,1779677700.132277
..\..\..\data_ds_project\systems\parquet\4903\system_4903__date_2018_01_27.snappy.000.parquet,pvdaq/parquet/pvdata/system_id=4903/year=2018/month=1/day=27/system_4903__date_2018_01_27.snappy.000.parquet,1779677700.3889866
..\..\..\data_ds_project\systems\parquet\4903\system_4903__date_2018_01_28.snappy.000.parquet,pvdaq/parquet/pvdata/system_id=4903/year=2018/month=1/day=28/system_4903__date_2018_01_28.snappy.000.parquet,1779677700.6446292
..\..\..\data_ds_project\systems\parquet\4903\system_4903__date_2018_01_29.snappy.000.parquet,pvdaq/parquet/pvdata/system_id=4903/year=2018/month=1/day=29/system_4903__date_2018_01_29.snappy.000.parquet,1779677700.899421
..\..\..\data_ds_project\systems\parquet\4903\system_4903__date_2018_01_03.snappy.000.parquet,pvdaq/parquet/pvdata/system_id=4903/year=2018/month=1/day=3/system_4903__date_2018_01_03.snappy.000.parquet,1779677701.1608343
..\..\..\data_ds_project\systems\parquet\4903\system_4903__date_2018_01_30.snappy.000.parquet,pvdaq/parquet/pvdata/system_id=4903/year=2018/month=1/day=30/system_4903__date_2018_01_30.snappy.000.parquet,1779677701.4313438
..\..\..\data_ds_project\systems\parquet\4903\system_4903__date_2018_01_31.snappy.000.parquet,pvdaq/parquet/pvdata/system_id=4903/year=2018/month=1/day=31/system_4903__date_2018_01_31.snappy.000.parquet,1779677701.6909268
..\..\..\data_ds_project\systems\parquet\4903\system_4903__date_2018_01_04.snappy.000.parquet,pvdaq/parquet/pvdata/system_id=4903/year=2018/month=1/day=4/system_4903__date_2018_01_04.snappy.000.parquet,1779677701.9372964
..\..\..\data_ds_project\systems\parquet\4903\system_4903__date_2018_01_05.snappy.000.parquet,pvdaq/parquet/pvdata/system_id=4903/year=2018/month=1/day=5/system_4903__date_2018_01_05.snappy.000.parquet,1779677702.2189848
..\..\..\data_ds_project\systems\parquet\4903\system_4903__date_2018_01_06.snappy.000.parquet,pvdaq/parquet/pvdata/system_id=4903/year=2018/month=1/day=6/system_4903__date_2018_01_06.snappy.000.parquet,1779677702.503342
..\..\..\data_ds_project\systems\parquet\4903\system_4903__date_2018_01_07.snappy.000.parquet,pvdaq/parquet/pvdata/system_id=4903/year=2018/month=1/day=7/system_4903__date_2018_01_07.snappy.000.parquet,1779677702.7907333
..\..\..\data_ds_project\systems\parquet\4903\system_4903__date_2018_01_08.snappy.000.parquet,pvdaq/parquet/pvdata/system_id=4903/year=2018/month=1/day=8/system_4903__date_2018_01_08.snappy.000.parquet,1779677703.0561385
..\..\..\data_ds_project\systems\parquet\4903\system_4903__date_2018_01_09.snappy.000.parquet,pvdaq/parquet/pvdata/system_id=4903/year=2018/month=1/day=9/system_4903__date_2018_01_09.snappy.000.parquet,1779677703.326799
..\..\..\data_ds_project\systems\parquet\4903\system_4903__date_2018_02_01.snappy.000.parquet,pvdaq/parquet/pvdata/system_id=4903/year=2018/month=2/day=1/system_4903__date_2018_02_01.snappy.000.parquet,1779677703.6221936
..\..\..\data_ds_project\systems\parquet\4903\system_4903__date_2018_02_10.snappy.000.parquet,pvdaq/parquet/pvdata/system_id=4903/year=2018/month=2/day=10/system_4903__date_2018_02_10.snappy.000.parquet,1779677703.9144418
..\..\..\data_ds_project\systems\parquet\4903\system_4903__date_2018_02_11.snappy.000.parquet,pvdaq/parquet/pvdata/system_id=4903/year=2018/month=2/day=11/system_4903__date_2018_02_11.snappy.000.parquet,1779677704.153725
..\..\..\data_ds_project\systems\parquet\4903\system_4903__date_2018_02_12.snappy.000.parquet,pvdaq/parquet/pvdata/system_id=4903/year=2018/month=2/day=12/system_4903__date_2018_02_12.snappy.000.parquet,1779677704.4254432
..\..\..\data_ds_project\systems\parquet\4903\system_4903__date_2018_02_13.snappy.000.parquet,pvdaq/parquet/pvdata/system_id=4903/year=2018/month=2/day=13/system_4903__date_2018_02_13.snappy.000.parquet,1779677704.675555
..\..\..\data_ds_project\systems\parquet\4903\system_4903__date_2018_02_14.snappy.000.parquet,pvdaq/parquet/pvdata/system_id=4903/year=2018/month=2/day=14/system_4903__date_2018_02_14.snappy.000.parquet,1779677704.949717
..\..\..\data_ds_project\systems\parquet\4903\system_4903__date_2018_02_15.snappy.000.parquet,pvdaq/parquet/pvdata/system_id=4903/year=2018/month=2/day=15/system_4903__date_2018_02_15.snappy.000.parquet,1779677705.2369118
..\..\..\data_ds_project\systems\parquet\4903\system_4903__date_2018_02_16.snappy.000.parquet,pvdaq/parquet/pvdata/system_id=4903/year=2018/month=2/day=16/system_4903__date_2018_02_16.snappy.000.parquet,1779677705.4946284
..\..\..\data_ds_project\systems\parquet\4903\system_4903__date_2018_02_17.snappy.000.parquet,pvdaq/parquet/pvdata/system_id=4903/year=2018/month=2/day=17/system_4903__date_2018_02_17.snappy.000.parquet,1779677705.7668657
..\..\..\data_ds_project\systems\parquet\4903\system_4903__date_2018_02_18.snappy.000.parquet,pvdaq/parquet/pvdata/system_id=4903/year=2018/month=2/day=18/system_4903__date_2018_02_18.snappy.000.parquet,1779677706.008405
..\..\..\data_ds_project\systems\parquet\4903\system_4903__date_2018_02_19.snappy.000.parquet,pvdaq/parquet/pvdata/system_id=4903/year=2018/month=2/day=19/system_4903__date_2018_02_19.snappy.000.parquet,1779677706.3626728
..\..\..\data_ds_project\systems\parquet\4903\system_4903__date_2018_02_02.snappy.000.parquet,pvdaq/parquet/pvdata/system_id=4903/year=2018/month=2/day=2/system_4903__date_2018_02_02.snappy.000.parquet,1779677706.6501744
..\..\..\data_ds_project\systems\parquet\4903\system_4903__date_2018_02_20.snappy.000.parquet,pvdaq/parquet/pvdata/system_id=4903/year=2018/month=2/day=20/system_4903__date_2018_02_20.snappy.000.parquet,1779677706.9544525
..\..\..\data_ds_project\systems\parquet\4903\system_4903__date_2018_02_21.snappy.000.parquet,pvdaq/parquet/pvdata/system_id=4903/year=2018/month=2/day=21/system_4903__date_2018_02_21.snappy.000.parquet,1779677707.2190418
..\..\..\data_ds_project\systems\parquet\4903\system_4903__date_2018_02_22.snappy.000.parquet,pvdaq/parquet/pvdata/system_id=4903/year=2018/month=2/day=22/system_4903__date_2018_02_22.snappy.000.parquet,1779677707.4973714
..\..\..\data_ds_project\systems\parquet\4903\system_4903__date_2018_02_23.snappy.000.parquet,pvdaq/parquet/pvdata/system_id=4903/year=2018/month=2/day=23/system_4903__date_2018_02_23.snappy.000.parquet,1779677707.7748516
..\..\..\data_ds_project\systems\parquet\4903\system_4903__date_2018_02_24.snappy.000.parquet,pvdaq/parquet/pvdata/system_id=4903/year=2018/month=2/day=24/system_4903__date_2018_02_24.snappy.000.parquet,1779677708.017342
..\..\..\data_ds_project\systems\parquet\4903\system_4903__date_2018_02_25.snappy.000.parquet,pvdaq/parquet/pvdata/system_id=4903/year=2018/month=2/day=25/system_4903__date_2018_02_25.snappy.000.parquet,1779677708.3154566
..\..\..\data_ds_project\systems\parquet\4903\system_4903__date_2018_02_26.snappy.000.parquet,pvdaq/parquet/pvdata/system_id=4903/year=2018/month=2/day=26/system_4903__date_2018_02_26.snappy.000.parquet,1779677708.5608432
..\..\..\data_ds_project\systems\parquet\4903\system_4903__date_2018_02_27.snappy.000.parquet,pvdaq/parquet/pvdata/system_id=4903/year=2018/month=2/day=27/system_4903__date_2018_02_27.snappy.000.parquet,1779677708.8563888
..\..\..\data_ds_project\systems\parquet\4903\system_4903__date_2018_02_28.snappy.000.parquet,pvdaq/parquet/pvdata/system_id=4903/year=2018/month=2/day=28/system_4903__date_2018_02_28.snappy.000.parquet,1779677709.166885
..\..\..\data_ds_project\systems\parquet\4903\system_4903__date_2018_02_03.snappy.000.parquet,pvdaq/parquet/pvdata/system_id=4903/year=2018/month=2/day=3/system_4903__date_2018_02_03.snappy.000.parquet,1779677710.0982833
..\..\..\data_ds_project\systems\parquet\4903\system_4903__date_2018_02_04.snappy.000.parquet,pvdaq/parquet/pvdata/system_id=4903/year=2018/month=2/day=4/system_4903__date_2018_02_04.snappy.000.parquet,1779677710.393517
..\..\..\data_ds_project\systems\parquet\4903\system_4903__date_2018_02_05.snappy.000.parquet,pvdaq/parquet/pvdata/system_id=4903/year=2018/month=2/day=5/system_4903__date_2018_02_05.snappy.000.parquet,1779677710.6251748
..\..\..\data_ds_project\systems\parquet\4903\system_4903__date_2018_02_06.snappy.000.parquet,pvdaq/parquet/pvdata/system_id=4903/year=2018/month=2/day=6/system_4903__date_2018_02_06.snappy.000.parquet,1779677710.8847346
..\..\..\data_ds_project\systems\parquet\4903\system_4903__date_2018_02_07.snappy.000.parquet,pvdaq/parquet/pvdata/system_id=4903/year=2018/month=2/day=7/system_4903__date_2018_02_07.snappy.000.parquet,1779677711.1394176
..\..\..\data_ds_project\systems\parquet\4903\system_4903__date_2018_02_08.snappy.000.parquet,pvdaq/parquet/pvdata/system_id=4903/year=2018/month=2/day=8/system_4903__date_2018_02_08.snappy.000.parquet,1779677711.4146037
..\..\..\data_ds_project\systems\parquet\4903\system_4903__date_2018_02_09.snappy.000.parquet,pvdaq/parquet/pvdata/system_id=4903/year=2018/month=2/day=9/system_4903__date_2018_02_09.snappy.000.parquet,1779677711.7008607
..\..\..\data_ds_project\systems\parquet\4903\system_4903__date_2018_03_01.snappy.000.parquet,pvdaq/parquet/pvdata/system_id=4903/year=2018/month=3/day=1/system_4903__date_2018_03_01.snappy.000.parquet,1779677711.9842753
..\..\..\data_ds_project\systems\parquet\4903\system_4903__date_2018_03_10.snappy.000.parquet,pvdaq/parquet/pvdata/system_id=4903/year=2018/month=3/day=10/system_4903__date_2018_03_10.snappy.000.parquet,1779677712.2327387
..\..\..\data_ds_project\systems\parquet\4903\system_4903__date_2018_03_11.snappy.000.parquet,pvdaq/parquet/pvdata/system_id=4903/year=2018/month=3/day=11/system_4903__date_2018_03_11.snappy.000.parquet,1779677712.4843016
..\..\..\data_ds_project\systems\parquet\4903\system_4903__date_2018_03_12.snappy.000.parquet,pvdaq/parquet/pvdata/system_id=4903/year=2018/month=3/day=12/system_4903__date_2018_03_12.snappy.000.parquet,1779677712.7389104
..\..\..\data_ds_project\systems\parquet\4903\system_4903__date_2018_03_13.snappy.000.parquet,pvdaq/parquet/pvdata/system_id=4903/year=2018/month=3/day=13/system_4903__date_2018_03_13.snappy.000.parquet,1779677713.0203097
..\..\..\data_ds_project\systems\parquet\4903\system_4903__date_2018_03_14.snappy.000.parquet,pvdaq/parquet/pvdata/system_id=4903/year=2018/month=3/day=14/system_4903__date_2018_03_14.snappy.000.parquet,1779677713.2868724
..\..\..\data_ds_project\systems\parquet\4903\system_4903__date_2018_03_02.snappy.000.parquet,pvdaq/parquet/pvdata/system_id=4903/year=2018/month=3/day=2/system_4903__date_2018_03_02.snappy.000.parquet,1779677713.5334854
..\..\..\data_ds_project\systems\parquet\4903\system_4903__date_2018_03_03.snappy.000.parquet,pvdaq/parquet/pvdata/system_id=4903/year=2018/month=3/day=3/system_4903__date_2018_03_03.snappy.000.parquet,1779677713.8128455
..\..\..\data_ds_project\systems\parquet\4903\system_4903__date_2018_03_04.snappy.000.parquet,pvdaq/parquet/pvdata/system_id=4903/year=2018/month=3/day=4/system_4903__date_2018_03_04.snappy.000.parquet,1779677714.0772865
..\..\..\data_ds_project\systems\parquet\4903\system_4903__date_2018_03_05.snappy.000.parquet,pvdaq/parquet/pvdata/system_id=4903/year=2018/month=3/day=5/system_4903__date_2018_03_05.snappy.000.parquet,1779677714.334894
..\..\..\data_ds_project\systems\parquet\4903\system_4903__date_2018_03_06.snappy.000.parquet,pvdaq/parquet/pvdata/system_id=4903/year=2018/month=3/day=6/system_4903__date_2018_03_06.snappy.000.parquet,1779677714.5862312
..\..\..\data_ds_project\systems\parquet\4903\system_4903__date_2018_03_07.snappy.000.parquet,pvdaq/parquet/pvdata/system_id=4903/year=2018/month=3/day=7/system_4903__date_2018_03_07.snappy.000.parquet,1779677714.8591208
..\..\..\data_ds_project\systems\parquet\4903\system_4903__date_2018_03_08.snappy.000.parquet,pvdaq/parquet/pvdata/system_id=4903/year=2018/month=3/day=8/system_4903__date_2018_03_08.snappy.000.parquet,1779677715.1174707
..\..\..\data_ds_project\systems\parquet\4903\system_4903__date_2018_03_09.snappy.000.parquet,pvdaq/parquet/pvdata/system_id=4903/year=2018/month=3/day=9/system_4903__date_2018_03_09.snappy.000.parquet,1779677715.3756926
GET request from https://s3.us-west-2.amazonaws.com/nsrdb-data.stratus.nlr.gov/1139037_39.13_-77.22_2015_ff1b5b910fd13163f082472e7b668a25.csvat time 1779678666.7619114
