error
7.948655077057293
4.81756694140625
4.2491151403125
5.677220172604167
8.078873368489583
5.0667141371875
3.1208001792187496
3.353008542641667
4.7809086429750005
7.113697256927082
1.7758976586718749
5.696726822473958
6.823412020572916
7.026459538515625
4.026124817994791
6.824816271370053
6.813605750156511
6.95707364484375
6.419556743046875
3.55862879171875
5.142947537983333
4.465504236093751
6.446352189140625
3.6471820905794274
5.7842762113541655
5.037884912734374
4.4364232593864585
4.033649756562499
6.161874461614583
0.026015602447916664
5.872544519453125
5.73544016256276
5.247828076276042
3.539135698203125
2.2230414093229167
6.849873843604428
4.452602795989583
4.673457339661458
5.408418254432552
6.6260385674479165
2.586469728405208
2.8281918383593747
3.4104651910156254
4.139705516979167
6.582740255442708
2.3660234791145833
0.6065470152190104
6.935634285833334
0.025106125156250002
2.829884587239583
2.9360463926822917
6.446128595214844
3.6294738271614584
5.665733940911458
1.7297896115104168
4.553579196276043
5.6716867276822915
3.718741342578125
5.420878593072917
3.6915272140169275
4.727993430890885
1.9891649630208335
5.4709199380729165
3.203696976380208
6.571858537265624
7.043569810416668
3.654384889303125
6.9729997939583335
2.2367397839843752
6.84676382578125
3.581974320078125
3.5449532346354165
6.6315799773697925
2.8442491517187505
5.124557074851301
6.678191524609375
3.0520180693489585
4.42540948296875
7.192461081875
6.801019086744791
8.036019157135415
6.413002941328124
4.244756609505209
7.617800282463802
5.354708557760417
4.952431052734375
3.229423199589583
5.455239430234375
4.324007900286459
3.159532292161458
8.903644013385417
8.182658896614583
7.165749008776042
5.458983152708334
2.96332748921875
4.819360238411458
7.796866584557292
9.526162229474219
9.275160326770832
7.617269815397136
4.4181525699479165
6.99394725890625
0.5699876604166666
1.898764075234375
8.713810625989582
9.560684028830469
9.06813106448672
8.72538936484375
8.219125095833332
8.64221518033854
8.170590892239582
7.2516296457291665
0.7629611702085938
5.421006340911458
0.6205190452554687
4.999369705338542
7.579209502734375
8.90507934296875
5.879576960989584
9.059592089047916
9.181048379713541
6.561726513880209
9.087932487630209
8.365787332760416
6.588241535729167
7.2415763774999995
0.2936507550260417
7.042777214817709
2.948835224967709
1.47954789140625
7.107406936171876
5.015867777291667
8.258738910156248
5.032078215338542
5.190445344459375
3.034228239713542
3.084008750234375
3.034396589244792
8.503343542604167
5.745198720755209
7.4295409361718745
9.607111810520832
5.5432314242968745
8.284099465052083
8.317843751458334
3.735875489010416
8.323661011067708
4.274404557526042
7.5960866303125
7.1428296821875
7.252466000859375
6.890707002552084
7.838195207109375
7.512316010546876
6.361556327421874
5.549260239609374
2.139336996510417
4.2930289492187494
8.498539203776042
9.18090051065104
2.17068822546875
8.241847795677083
7.170446506510416
8.42467702481771
7.529945971536459
4.486564000738542
1.2147308455729167
7.3161909563020835
7.413620014505209
7.99054533234375
7.532469861979167
7.767471368020833
0.3061144928385417
6.120117441380208
4.946397566380209
7.6019980905208335
7.731890354166667
0.6552619379166666
7.0365118596875
3.495828548046875
8.361389334739583
2.1575594095052084
3.4175170668750003
6.140400330416667
6.5064404299218745
5.20500540625
8.112307637291666
5.11851468484375
8.926150953125001
7.510873166901042
8.01193405859375
5.9033335669010425
6.903556686614583
6.852816136510417
7.414085765026042
7.154247808984375
9.435787790963541
7.918561142526041
4.91583905734375
7.1124361338541675
2.20369182265625
0.6786037978125
9.450169092005208
5.4906323887239585
5.410325027942708
7.784096690104167
9.13291294066901
8.269384675442707
7.208767377317709
7.373966573229166
3.115245461230208
8.106357125026042
8.1496407125
11.560460368359378
4.789334226796875
8.019786806041667
8.10651580266172
7.96227122953125
8.789606829427084
7.575159995807293
9.123918858463542
9.136725264505207
9.19057806359375
9.077643084375
7.986577978854167
4.267019825546875
0.46188920380208337
7.717009956510417
8.08229412734375
5.7191175885937495
9.363915609088542
6.9956666073437495
8.371692325364583
7.332336914296874
4.66392241485026
3.431815706822917
9.743599068359375
9.84412744377604
8.576265768645834
3.540767859427083
7.103940719947917
4.782088102734375
8.27221983734375
10.907159735677084
9.776367708359375
8.682917893880209
3.356506355520833
2.16101851640625
9.024816230208332
9.08829362981771
4.443086757552083
10.053927752005208
6.730242673776043
9.667901646041928
8.942242202109375
2.4118958864481774
2.142110285260417
6.770639999876303
7.763127756901042
9.922716744791666
2.2897010759635417
3.9016138809895833
4.649985303342969
3.887123689453125
8.687202836197917
5.2908074457096355
8.860448173984375
5.568752600292708
3.2489571629166663
7.081266284505208
8.809261968697916
1.7755159044791666
3.3311183441145835
7.2484605866406255
5.492179993821875
3.6282405016927086
9.155801890833333
2.4178795401562505
0.9373507526822916
1.0977651399739585
3.29417817859375
2.5680234089812504
1.9587785745687503
6.456362620963541
4.74009511875
0.07259018864583329
1.8587752517604166
0.4347826696385415
5.148388662317708
1.2761343089067707
6.289440341273177
0.2987275102604167
0.7636295565625
0.5404172103552083
1.0446190853645834
1.6062787260942706
1.0883537772721354
7.561621713859636
0.185764648309375
0.6811876708015626
0.33922854459635415
4.907196504557292
4.563997996640625
6.153759105833334
0.20423337052083335
0.19487272523385415
1.3161070590885415
3.0799575245786457
0.6129772425781249
3.63200203359375
4.530761826036719
3.651826495755208
7.341177969114583
5.7187771774739575
6.4022184039322925
0.9040610547135416
0.8437098908072919
0.913669068520052
2.7481501124218752
3.451416704538021
2.0876213489843756
5.629267339817969
0.7315037049479168
0.7232797642057293
5.5423163294124995
5.867032125156251
2.1995259136877605
6.933648025922916
2.41709430796875
1.1035930189062502
0.9792600964843748
0.8124023115234377
1.4716710887565103
1.6723771169010415
2.10553022625
3.7038019127864588
1.1121468466927082
5.2341374740625
1.0202320708333334
3.3046071018968743
2.8300290050781243
3.3642989129427083
0.997402493958333
0.28404384341145833
1.7852934795833333
1.3795313437759618
0.07447653875480433
1.175979856965577
4.9197512338237015
0.6316729775484385
6.120481995724011
6.928566569477918
5.613637575050205
2.311340078077658
5.262616080704334
0.9413057960812169
0.5567571462003807
1.1417141228392715
0.1584966679717335
0.7648566640525162
0.8887985417677003
3.908079062161662
7.43913286393379
5.867191896194274
4.089886677323751
0.6665714780429703
5.2473339128586565
0.6168168453448649
8.36375275028218
0.28250369987177265
8.6094344333025
0.00294400713124216
3.897463333246049
0.006383869723960544
0.02539385988469006
2.703214403454856
0.20125512836297166
0.5277798717686485
5.0155707733519295
1.5384185508647115
5.976798253649215
1.3346804142541686
0.003914472838075085
3.8857592090714594
0.7729313826150549
0.08597305524222114
3.351364403234825
10.241636721443545
0.9399999097159694
4.85194137423573
2.7737658277990476
8.642482717178593
9.158249168872826
7.492320523973828
0.4094614491323048
1.1160660364641735
0.1929683942518171
2.0814774715239897
6.283401759343648
6.7546339193029175
2.9462699245124906
6.969313142274995
8.041398468869012
2.4245869496398966
0.3897263634217723
0.6035514822175436
3.3074832385656254
2.5795775015307183
1.4100549172178292
1.8243816965769284
0.5039717199177637
2.3484114926493227
3.6777449316936273
0.5601274863210421
2.0567212014053142
5.290333688346874
1.9648580233135418
0.21878506399375
0.1421041916297526
2.3108547050273436
1.1721277873341147
7.141682089505469
0.6183446170750001
15.273482207258835
0.46426911931875003
0.09357169222500002
0.14355513459296876
4.0131074239423175
0.631377232408073
0.41550895322734377
2.9746609341776042
6.312959551767187
0.5399484571953125
1.324217277158594
8.327242235748438
0.017698474727604153
0.9877381963560624
3.4848685143250004
6.282975174174187
6.049899154525511
1.0183908757627607
7.923073552778386
1.5137926855020833
2.3401886261916665
0.1734549112450521
0.04677474558359379
0.600598729569271
7.810017826884117
1.0774632480218747
1.1036260186039166
0.34176338816354174
1.0538808398468544
0.738587626522026
12.276815666021355
3.446758489968229
0.09584893300338539
1.015310350903906
0.3293897918489583
7.739887689960287
0.2684569187960938
8.288825048797396
7.587866695659897
4.159970035537761
1.8149473074083333
1.5062162206288854
0.5342742196771771
1.8631863700284585
1.1338267096803338
1.3653901154768227
0.0603191307124506
0.4174448819233803
0.025333289788020807
6.981276968633594
5.932966349436718
7.946238215083594
0.2934725579244791
6.085876403594084
1.8382352543716145
1.3680944553214687
3.0701748691166664
1.2306892556075206
0.21178589347161456
2.456598931217187
0.15216642322734372
2.4066724784572915
0.21574892256422137
6.778695433332552
2.1394755742406253
3.0634149371291666
1.1713145768820314
4.282597275589322
6.942612812446615
4.9753028626414055
1.636486737544292
0.7658269797303151
1.6216895915583331
1.334932302425521
1.7036805458911246
3.0172026014907
4.1708290887020265
1.34458160116823
7.300286678926302
4.523835752704687
4.578956619672397
1.5618456335285469
4.0625620891239995
2.5341388601123125
3.3670817965148427
8.572676846121874
6.331210965827211
6.646812230430491
8.023619546226117
4.2989873539792605
1.3521283692041663
1.4589267095700522
1.182591593389844
5.557589976705729
9.411482825647823
6.017054013134114
0.7731111664881691
1.9037770576557296
7.482086192665439
0.043035588526822884
7.506606288382031
0.6742449433520833
5.037398103407552
2.6185768712091146
4.290530786108068
0.6585375066193984
1.4341016293833124
2.2465956003336482
0.9359252801609795
0.15697668196412753
5.593138709935157
7.921792602745742
0.8355824562140626
0.47454060016229943
0.12929168949531256
1.1817727242905467
2.7386100170085466
0.2975186937109375
0.05813126825937506
7.2300706400735315
2.0872717606969817
1.5505885022591144
0.36652869879830735
0.21531637665225525
0.21818780556835946
3.153575933951822
4.9571479180882765
0.21469934475101024
1.0434566706578128
0.29753092576840606
0.15336447941186462
0.25920706409336974
3.9172153674266093
1.1566121265552078
5.480806505746159
2.264547712763802
3.9074535465668045
1.1401678727268332
1.5773362506760413
0.6004207730050207
0.47730435043792446
0.9781567463776585
1.077573186408367
6.393465335585649
0.20942298357786462
1.006820516173698
1.3573944320472684
0.2357988004747085
5.910378532041146
2.6806586681417293
6.827498333093229
0.8583866161454269
3.130660813406099
0.15661848161320058
2.6459445876800127
0.09913242241948517
2.6690475915582503
0.2856889115716989
0.923034799315809
0.2320639418619553
0.38398333416901126
0.40007313611237044
0.7636897964515427
1.0109053457114852
0.15493710244108969
1.739116990795318
0.2607174189668497
0.7991507805360785
1.222794336974381
1.9495090008182923
2.7633627012368027
0.8875594880093619
0.26410886265074107
1.7121115984566335
0.8023041179431085
1.9126737782300605
0.010864585019524425
0.7453453593426587
0.7306799777343477
0.46969500140049214
0.23645481367876878
1.0005804102208244
1.0839847707980774
0.1572782643827402
0.5190766347761473
1.1035891653642205
2.387121097488102
1.9300368787483408
3.6601698310977357
2.1383534522424394
6.863375806940678
6.014946901849793
1.5926044287755474
0.05054355245510516
1.8947195738145162
0.6686506787072521
0.2126642383354269
2.4480317345871083
0.28392566847106593
0.3375794284378506
0.14246410797622813
0.07180672405609857
0.16545651967874503
0.25114490860088196
0.5416956365913242
2.8724853756591684
1.2719340207804837
5.37230410794698
3.342623558779955
8.687521329680852
1.186189037775473
1.7315537323735226
3.8018259852293546
0.4494510861443011
1.0267714160409092
2.269635701257895
0.55612430365295
5.8062819079528785
0.6977123223996825
0.4836689662498767
0.24163310591472106
2.9096192226163287
2.841548467832243
2.469659010005098
0.3225558588588375
1.63932307671745
0.2517439634176054
0.5626664053874562
2.4412174374189592
0.2638115347597016
0.09128152174348182
1.24561666352797
0.5122519843467409
4.926209873926877
0.02993808816645938
0.380431464637893
0.11389733542167411
0.18631907579089965
0.4966510824757813
1.3812424976677091
2.384098221713543
7.8016160919811774
2.7466433247549222
2.3964299852316926
0.30949034909337164
0.8677448468111573
1.4107317103030745
0.2942333151860973
0.9271411390417712
0.2938783850392839
2.4672371866939065
8.939179850933073
0.7462024514771902
1.4932665310533857
0.46662103574733366
5.222994317275
1.571835360177604
3.7990446167170124
8.19797702430599
2.515968751095292
0.8922987840810546
0.06338815909570313
2.55146199260864
0.28101467215142706
7.333508695996875
3.374772792066666
0.4476547116732423
7.678443509662761
5.365499338833594
1.1268578208503675
0.16890575681328124
0.548650092211349
0.7357697447330679
0.3642498088130104
0.26914993775638035
4.23307877854634
0.11894551924648437
0.5950818520117839
3.972020224937104
0.3879682278675782
1.2230711907068776
0.06477443046315105
2.3217421190931407
2.0147451030708043
0.7271265016126301
4.076477346068418
1.7763386659046871
1.2224200349989587
9.210592286736784
0.49367158226287516
0.3666199269272184
0.5756058397096353
3.8615190911986983
1.276679037139912
2.3649092576096358
0.6234108636499349
0.17947039162527087
0.25596868277926554
0.7952185305382291
1.0672323857092374
0.12310481157127741
0.19763529312560954
1.262047974719034
0.751757812423565
8.573750793403384
5.412292749317662
9.849469403286067
4.323060362140642
1.5737978580148884
1.2435278756582453
0.07207731190335707
1.2205547618782668
1.3233486508484633
3.4090798944472396
6.907932359678878
0.8714944484647279
0.2974260569984281
0.10482613692742387
3.224366512301552
2.8380178433998613
0.5167491528059902
2.532135381674767
0.13933626223997367
0.04010489275033031
0.2917574176376331
1.247091839641694
0.6460839283525289
1.0603290591332304
1.1493247799110424
0.5580622238356274
0.3142310268126242
0.3520869354306297
1.2095756346725317
1.4007605980343232
1.8582560071759033
5.362473646853728
0.40900259491107355
4.483518106546275
0.9195651457236478
1.4386160448325533
5.2223838445944795
0.8642404209501845
0.38259982855593805
1.3976909585900144
5.258389298317554
0.4030210832580325
0.3862507615449576
1.7230445976874906
4.490895617093514
5.4653734563789955
1.0929672777015007
0.12137286743506209
0.9790217805578965
1.0592066492432175
0.27307237396299966
0.29549152084329466
0.9622676248556264
0.8953144570214171
1.8892213605317991
0.9153666373323356
0.6609117828900494
0.8861699415251373
1.006739105012122
1.9819795638595672
0.4039756722684253
6.045764125053116
1.0799240919578652
6.318297828880772
0.9168736176136526
0.870305950623485
1.504762132255834
1.2620230278900018
0.33015261608373375
1.0089878973156985
0.5519091120848744
0.060722141939290424
0.5899858909654103
0.7285443450461567
0.2439394743960419
1.735242129776733
0.42604888819967424
4.652997190231771
0.8037749203900627
7.568412301643725
0.833728177097078
0.5436695105673525
0.19649413168530336
2.2642195246964962
2.1454945008532302
0.44614144584454696
7.992383819025964
0.09149279339916912
7.665555607031304
4.223261549589478
0.3226837294987222
1.2923192351939239
6.766326064977257
2.9187907160554403
1.1689452956361135
1.1509551148915678
0.29459894531175157
0.1047569931810481
2.3240372234324886
1.6721883216366036
0.26279556517014774
3.502597001354492
0.9917131822392727
0.12222506625143403
0.8067217662519472
0.7487916603509505
1.2340678684438602
0.3580390952232921
1.5463367331743274
0.5279657545102153
1.1163245778754518
0.35059103299733
0.799140214359022
1.070662413175484
1.308469183331427
2.525153123377604
4.634462974252344
1.4360468609436525
0.1178534331532713
0.13517524646456058
0.8379442694031648
0.07178412155532744
1.8543104162916666
2.648414703422193
0.07649839101625147
0.9982989894383644
0.6777432400629255
0.9125787007632192
0.2716784571188647
2.38441914193688
0.5592877467613312
0.9706002113059305
0.19371556033823153
0.31083586010057324
0.929181187290279
2.9649005772120414
6.546458031287795
1.7211184792384502
1.922139136125846
4.688686130408854
3.23745332913724
1.6958335280655683
0.05190252702519554
0.24784215690626762
0.15932335555456514
0.7951840043174251
1.9480848984360353
1.648591153394271
1.2876847291072033
0.17753585623347823
1.2099195510024014
2.378602599284896
1.028795720892643
7.309489525115679
1.6919482993522648
0.40725572945005356
3.9798107873141757
0.9043867026017431
1.2792035012741145
2.480367420391471
1.8472626702907817
0.8321504563175807
1.084384180458893
2.396031610950521
1.1337368657604165
0.4992990066916667
1.1775175125335937
10.911668847259916
2.0706212109175572
7.392691808606837
0.28485285737080207
2.386736237512109
3.52091298543219
0.28273714730598964
0.6596525887167245
4.818393419048958
0.3920386170678403
2.6149387218125004
1.8734939265283854
3.404780169258594
8.759988841745834
0.4110620432411458
0.37322101076094794
3.018537339973727
1.7118283833471237
1.096772141986801
2.1302677419729372
8.44291336486114
0.24202450926406258
0.6431827608059896
0.19134541134218752
0.2643705908567708
0.3411812492099134
7.007110925968924
3.0083504619568817
5.325519864600521
0.36880898634572246
1.088614373609896
0.27643593901544516
1.086419465012529
4.461486123164754
0.3815333018225547
7.615252429878763
0.6407632962459634
0.9124108742471351
11.491633097321092
1.3960670178322916
1.7073024547187607
0.2291991668759973
4.145154254684323
0.45225896235828267
2.115765123167344
3.657342581619815
1.703797818293067
1.7567157890569656
2.8385752923460648
0.2030665303478176
0.02778436682993742
0.14276083586735083
0.7990919151615888
1.0148789669483724
0.613672361064293
0.2578853451892934
2.167596279236849
2.446202001068839
0.6033486412817708
0.22029121889600514
0.49016478838336536
1.5701460986862215
0.24864303765201826
0.02360458634389193
0.20809292571302074
1.5455870051174532
6.37758467429052
1.1900723605486627
0.6675441916834791
0.9698344134916667
2.162785588133687
1.7169165273682971
4.6301957928152575
0.0437806844106803
1.0562123206862701
0.42372090631682297
1.2901649261607033
0.6872909248418103
0.9125841235205284
0.0895688719980521
0.8933178068646145
0.10878638926991026
2.9852598236157832
0.16100492542399067
0.10139831629375819
0.978469813879562
0.7513921649324011
0.3875289995728773
0.6502338982836992
1.0965695960659763
1.659461840711418
1.2749684541753092
0.17317192784372157
0.4385180483351834
2.3927367403177846
0.8960938879442351
0.2629061132917388
0.4310185322513922
0.11395930603229164
0.11879178503398453
1.4537088834901277
0.8646695575201376
0.8544582005677346
1.0642967758507633
1.3097843145994794
0.5010764696633191
0.7369419015433422
0.6588190268130939
0.9450605011776827
0.36804457283075526
0.7223680882254814
0.23402804460210888
0.08392745269156453
0.5677603656490521
6.286390590876128
0.17792542529028713
1.2186235959005935
0.19300506469786172
0.18150991146805204
0.5002665325918455
0.6160550198733276
1.6325478873516097
3.3185529886329768
1.5409209706258127
0.08793969571904604
0.17734965623734733
0.689130527991998
0.36524253504401033
0.10811490715783334
0.16356216244267893
0.561921407782282
0.22158955909522057
0.4863952934525548
0.11064058003179526
0.2995043453252691
0.9527750377164063
0.1766468243183189
0.5335639402731771
0.23695396600355226
0.7569722685007028
0.3954560701514634
0.1783905188127732
0.7226545003019537
1.6786801583197077
0.9280688417919652
0.6286504360800121
0.29509447985755183
0.41903177414817705
0.08681358351666672
2.8368669562677926
0.06477630730313595
2.7867037497689986
0.834634616168438
0.32480172051430106
0.29319044230725033
1.4742727825345474
1.930565555238436
0.3006289494033722
0.16083628521392537
0.08840016201276563
0.5365595312812509
0.20287505427426564
0.12839197474094322
0.07934498244188588
0.38557473774756296
0.21514847236045598
0.27384739126850305
4.098942817701302
0.07644029148779267
0.08216486392447843
0.16763958713338564
0.7005626217671784
0.7719234192992891
0.8779219727871473
0.32320282024359637
1.1419938546397974
0.1322065727366542
0.013026920901564085
0.7469875970404702
0.11932631395354387
0.9433883354781646
1.121448167399828
3.755003747717175
1.334383705181241
0.4615790896634422
1.831055919139617
0.028619624537111737
0.24172715402214304
1.5127958323889177
0.08446398250213949
0.33264694490479524
0.09607371518907738
1.2462833332210332
1.4026178133646419
1.1808518877371768
0.44365640322763067
2.1976585726693534
0.24157995882821304
0.3863342421679689
0.7431524766022046
0.9608456335085022
0.3130556979300157
0.35490456296302275
2.1688767088255454
0.5726997943111919
0.21497237809685787
0.1413014053189848
2.072434617688285
0.26231584847832035
1.4458389622777992
2.346009744846921
1.3295585340717946
9.786799729405004
0.1393314478239682
0.133330984929365
0.07227386839962578
0.47098143835508527
2.797304522171817
0.9002291322115564
2.2290359531305923
0.20134228698624038
0.57766213390208
1.2683764628000977
0.7754139190980349
2.905830127957813
4.037211336933399
4.929432984653323
0.8327786493294845
0.7973065498943358
1.5695392866613023
1.5329187538067712
4.2213797678586635
9.591178509256784
2.0991907764385416
1.865589591065809
2.1413696886847
0.8416614748016786
0.09356821110442264
2.149200292537744
2.3132681453985495
0.24349073461782425
3.8396800439570313
1.6824655684325858
1.188042667980078
8.692042011273179
0.46143870956067706
1.1495370696791662
5.516747186377324
1.4605563186817383
1.4967970402111712
1.3199867116445312
0.26185520198666085
0.37569583043292215
1.484674730368335
1.818860693482458
1.4333958454408247
0.582940061376798
0.09798258348430729
5.490723028051364
0.3035821287323289
1.5406888099633518
1.2449936361357008
0.1374168394216394
0.12709742430234955
0.2015048212340089
0.678287076287558
0.21900300312312904
0.5449566369290988
0.09571896750835181
0.9177560127078414
3.71705218712925
0.481440960100665
1.0543095508844476
0.43760769799837146
0.14064484514953177
0.8373632460076613
0.6765342902357411
0.7333046749470661
0.8234928994736062
0.40498873113278716
0.3944368547394588
0.5980804059711428
0.5198697045912022
0.2988578615430512
0.38926143511157624
0.47989958286547146
0.16915366205811266
0.6254405959498843
0.2162244944260463
0.10514083027225242
0.37700353904713185
0.307921398214072
0.40434975827883224
0.32388184925608327
0.5323628058307014
0.9261033733529295
1.4106454940589428
6.603714966082896
0.20816338561016626
0.706424583336109
0.8358937387994184
0.7375963673754825
0.0884649711441267
0.5147985403057593
0.31381049780850806
0.840436858174601
0.09873720421692737
0.1584997736269609
0.18738785417394724
0.7923791937604722
0.5217377813215683
0.09036961830689065
0.40096616233526156
0.11190369324759025
0.1272329576578665
1.5531647875311012
0.28681907142292323
0.7246158692305817
0.7061022060985161
0.5033595187317647
0.07585891598125667
1.2670879719714285
0.2606842947269505
0.5497485384861638
0.9446792848306967
0.29651930270112176
0.8253491912799925
0.8105736668906983
0.2426363014505499
0.23976970455431765
0.3868012115470915
0.5481052037382801
0.26113745703729824
0.6838912373670425
0.9077273659385892
0.9931745672942139
0.8002081187153621
1.542991629057572
0.2734918017609609
0.1296506196083333
0.8102894794877199
0.3194179921484472
0.214892533398801
0.8581522711471169
0.21984565018970093
0.1439216404801067
0.19656909839775327
0.36041598751837767
0.11102693145949094
0.3614448083351429
1.5855324669678288
2.3363568023491053
6.485262452260597
0.34543371935471373
0.49988662528203126
5.229117864046625
0.399777427460595
0.501841560154632
0.22715705417463536
4.615514120197556
0.70183541392547
1.2243800196144252
0.11335954154044299
0.5567454244500869
1.9024730908010419
3.670004807500145
2.763437532133333
0.22488095737966549
0.2615021104067302
0.13558414284124998
0.21944301682533177
0.3020515563031355
2.316307724746552
0.07859112140023437
0.8620754842118284
0.12768092309745996
2.4044242138519656
0.9560890800748719
2.2447067498627034
0.44923341555804425
0.9481980848620207
0.7210118896185548
1.2868668907162117
0.2645115132926475
1.4832124899744794
1.3217730770128318
0.1007668173226825
0.4229079057608473
0.7849675014513151
0.22591832472095175
1.3244115488807588
0.16885238300803831
0.30679509563821006
0.12932060601167253
1.2339090687640624
1.4908468549992733
1.3012412138964191
0.12294430484939232
1.0926305248044705
0.4690564395367148
1.2414320840953155
0.5683065152418493
1.1478908614365866
0.15691578553571836
1.4230451546494247
1.1442480426592658
0.1520416406704346
0.13556034482556248
0.29280387531585256
0.2762193793415099
0.1750853588545138
0.682138358334027
0.19810824722647724
0.6623286796492186
0.04005440077290968
0.09559871240324164
1.6647882951780344
1.3326987110663928
0.3300159467121519
1.4068564099444008
2.7121006257286404
0.2818046278770955
0.07530533481169391
0.04938832186653949
0.8393937020814627
2.1499095443282505
0.4838645578317977
1.613066830590039
3.06802990853974
0.060287261451053224
0.30969859478271605
0.9792989798839814
1.7267221390045
0.42562668470716464
0.4431134022157684
1.0270734193749977
0.028422198611345827
0.2918028024784502
0.12438500156513614
0.45116209769523635
3.1120218546862275
1.4052336265365934
0.6506292366038485
1.3984927398917029
7.9827869335151105
0.6170964056045356
1.7492264507635706
0.6583778689593098
1.6553590597946615
0.4229576995238428
3.8419756461488497
0.5136463716367186
0.35572490762628456
1.2599093785570405
1.685722913904818
0.32206733777302304
0.40928275576283263
0.7600064401092004
0.12655035104974346
0.4934216507298172
0.22797617298284745
0.315380648801109
1.4015879338459554
0.2673991199761025
0.5577289322442214
0.15646914834965017
0.8044610935978137
2.217997519289376
0.24126650696446186
1.209180411801192
0.7679740878798023
0.02857114363231134
2.5954954227401914
0.14416713979579102
2.956927105204508
1.1864398881875
4.769548349381672
1.7888825773967014
0.9502885180279804
3.0275587170604568
2.110088992593227
0.08082008549686637
2.446703287390165
0.8258504577992921
1.5021731117080426
0.7043239818101928
2.367270832856509
7.310835635195578
1.3488866143788247
0.32749323147011716
0.5148384033162325
2.3567923507859327
0.9514314653646955
0.7464615127294313
0.475503774231383
2.4875046585563663
2.1061542259849113
0.20598226812128903
1.0235245420180263
0.653250637887565
2.0265335481967055
0.1415507085403999
0.2555226413586588
2.3020603600298895
0.3344519496850719
0.2568687539538192
1.7130728429788455
3.0797100016716903
1.5350535405674215
1.4310132858274411
7.254599226229
0.6499204955974774
0.11731036645975318
6.145847596477071
0.7779196041826822
6.884622422462187
5.194856320130625
0.4724303715968263
2.656985747495602
0.4813105099985951
0.5597871765156901
0.7440181805822915
0.057450096158203075
0.07897448911673177
0.4199510951074381
6.684147975390908
1.5963702280355292
1.1332380232612735
0.19027216392317836
6.839358216559408
6.806585479643754
0.3298158856007186
0.5902242414214368
0.4283367316981739
1.4623082117713038
2.5798153326147326
1.208729079053738
1.6699595227230208
0.12698865657847827
1.452879143135286
0.22349900981265083
4.075419080932433
0.6846798390390219
0.4095156548802217
2.4678589456215483
0.17097267983222164
8.619633314630669
3.73264468761527
1.056313825614999
1.20846615516856
2.9699305461802084
0.4107684663647431
1.159406565602467
0.2812984891565027
1.8544609055147931
0.46295584219014696
0.7423598539255276
0.7914038042673499
6.29327832398921
0.03072422563143204
1.328320105330157
0.10530333290412092
0.9444735051935994
4.83597832011829
0.14593799341890726
1.1401338956951461
1.1510310304459888
0.49635127105938187
1.9080190676103015
0.36210170604691155
10.041778129486092
0.33791183259169383
0.4023451357399111
0.21000550616098324
0.9880187169216029
0.08514406946300575
0.07067185308832516
2.9533149536027463
0.5299345373188328
3.221770921880989
0.15481772783321426
0.7231706560807624
0.7198700475611113
1.8190319475396788
0.3523838802800347
1.5933368326762165
0.17917757161526152
0.0285548346768137
0.3519899006811238
2.9258850768677456
0.09841309721263199
0.12603338459619604
0.11612873022266663
0.19197472068063878
0.9172860593569072
0.31068284776838423
0.6264096202527228
0.19288677506940763
0.3428851920390366
0.17255508960408603
1.8813350566474485
0.13469142576717533
0.7842980807975053
0.37303545152505696
2.4045545491463742
1.833163388558513
0.1753385114096241
0.19558413181133602
1.1628156941650951
0.30116560119865937
0.700109980809451
0.7856686289476563
0.23112331728440758
1.2632246830499205
0.6137210878264524
0.42662205672111697
0.26693403758786055
0.7655076803823172
0.31846970960389887
0.8199108192189416
0.20168042334650796
0.18705772818844527
1.1188191709589648
0.12501508521566274
0.8717965545691951
0.34588113457029795
1.2010957512610694
0.37395478916657493
0.1933059554418121
0.23709428029438415
0.356897607995929
0.20591007687510043
0.2645351972329441
0.2362319969763981
2.1514937114154233
0.900823405803732
0.1675587559553372
0.5714055160183419
0.3796111140136133
0.7891228873370643
0.7811985678964922
0.6073893845102035
1.0631862899121802
0.018800299218665044
0.44650925225017507
1.020268903257751
0.9306240683710046
0.22209174924594952
0.22854241200235925
0.42718164281395904
0.09733343243857863
0.09046169830034669
2.3044916436952945
1.8992499584831368
0.513233241823927
0.327247587603921
0.16336122453176594
0.22871083916018312
0.34585129324317476
3.7640030757667513
0.30695302725020723
0.13278485285071553
2.0567196792783995
0.1482435237207414
0.1508526919481147
0.3428770212258239
0.5985738781810742
0.5505357646938486
0.2953529923926868
4.289938271359516
1.9865116683494068
2.942494029489184
0.7281582567281104
5.1578551874134595
1.3521618072222577
0.3964871488361812
0.2810807302606429
2.7265981405571345
1.1491493744106946
0.28185605466450714
1.8932046813788777
12.901384894982584
3.2555734429040086
3.248641624953654
0.5066947775006462
0.5407919546211446
0.4724474554618943
0.38957461275348
1.9280108025874902
5.36998407582947
1.2710722957319995
1.4530818639002803
0.15374596327144105
0.5716273389787326
0.864768556376977
0.1209932648580041
0.22142472020471868
0.349954656003254
0.31946521662485955
0.9510449618893162
0.5214000052959856
0.20469317680556157
1.794084028659632
0.1798543892920292
0.23472936746461004
0.06384346109957595
0.11746069446672937
0.1571640253501524
0.17291157744371669
0.4864259184603777
0.473235253545135
2.111177679675672
0.30874084699300364
5.042629173862327
0.5468341571192442
0.5739064686012462
0.8593798567322696
2.3859965979830426
0.8879736434960419
1.2430117699423613
0.4438613658168133
1.0857912795531182
0.4380517936147608
0.17391283169617822
0.2980221091060207
2.8945704970394686
0.4037185622004326
0.17560548110050123
1.4254352570822493
0.2349473142994213
0.8724329848480129
0.05611235602185244
11.712687957126738
0.4977839820817071
2.19876474317526
1.068274354548482
0.9753495208899104
0.5526017935347675
0.2536200160818647
0.5027219568329299
1.6814428951952396
0.06026070003532547
0.7777125293107531
0.2677976981410302
0.8757386311268572
0.47713904361190046
0.9844837547071127
1.0228959133222963
0.44553329153504034
6.080240601010156
3.7112900182428388
1.3558490069237268
1.128684363977717
0.8025596534038436
0.07223016178003504
1.0546535406164834
0.09126549741239237
0.835786544075151
5.0163052791005205
0.4198006691516441
0.18264132113680565
1.1073520229529354
0.7413263260369628
0.2202228076654779
0.5920260976000461
1.2700806921493977
0.8987770216167177
0.19816958809376894
5.313553861847381
0.20101856832630224
0.8884111957704163
0.2526564734030925
0.2806321146186725
0.6814904874260339
1.1270888320008197
0.8652144134486548
0.10852473176332705
1.5120475278541956
0.37027662509643716
0.04302014842573439
0.5489873645260557
0.41654116205270886
0.9929497093545135
3.3230240029055387
0.4646071083673112
3.6078704421602814
0.6408541701095455
0.19480123390937612
0.6796846566235005
2.2804550463593625
1.3095214780767603
0.016633766862231277
0.3168807172765656
3.6493711118077123
1.4473416203360563
0.36472131737006025
0.7231056013239471
0.1882288534772298
2.261499076465125
2.2808688041939353
1.892128175950395
0.21015943236014203
0.06658211949478902
0.22041766123537324
2.0085895322857037
0.2726492518244905
0.502394342811857
0.7709608532026092
0.8213826181249883
0.5141062201258159
1.9361834548006112
0.27191978218957424
2.551665214644642
4.806658448827943
0.1275491998975127
1.8041506389280004
3.820604348785693
0.07927135479979984
0.18565729944862594
0.7023574341176885
1.2276424054391404
0.4587996285132865
0.7490027566310715
0.27344259386709435
0.48664856393812506
0.22279185118406786
0.5815169748641672
1.0003767264457977
0.1947674654531689
0.9455837174397073
0.4644701630396216
0.5737906338238906
1.268336051263628
0.049404456959648894
0.12855320127523548
0.13848363409927053
0.17155289450051125
0.056077173012399645
0.48963375594174013
0.3681190374469121
0.2769397098148143
0.2710433549920856
0.21560640415660912
0.05750040586442709
1.7527143523854258
0.2363139577585264
1.0614866553417313
0.3439513995304077
0.3208867676230452
0.3515500334418107
1.8747079893629433
0.5481606456305417
0.8619094104169269
0.4278485449655412
0.2683330968088008
0.997550569311242
0.11822442477586138
0.3434006467560356
0.8069998590725523
0.09714468477357756
0.2159353411711198
0.2156824150893419
0.21178546191028827
0.04416223174326322
1.4802920582150614
2.115383784050149
0.9429146057205341
0.2693313881614057
0.2426523767544282
0.11885363166197688
0.19614410019527406
0.12682372584432752
0.3814635245804015
0.17399459319087252
1.5772652141356012
0.7482108823769006
0.1471504169399057
1.061405078823692
1.3200551463543861
1.655362782308818
0.9704490362403905
2.9806226737048545
0.5571025724980286
0.04930439885291018
0.08829942626267502
0.6388510443349713
0.38572339025968105
1.5785990878011364
0.5140159448720811
0.2800915350794731
0.3867855900816619
3.0493054097108554
4.774462191768728
3.1449192002717585
0.23603640710859367
0.15551201669263906
5.11367302386926
3.1282035794830008
1.0761124803537714
0.8932721885572475
0.5129412711228615
0.2492110151720958
0.14182733478788354
0.07439801749753057
0.24372033965652273
3.953657805434682
1.7169580936990902
2.0164228263566057
0.3697371429422145
0.7249551913679187
0.8840536725778749
0.9445946202324063
0.14177104295274087
0.7207386172588338
1.613749125827811
0.27140548999201297
0.11553838859846287
2.8688283085979176
7.247682633565387
0.23495105783544798
0.8916802901542243
1.676705700980653
0.751604865647843
0.7181190386922235
1.7116391507411717
0.5074395916862429
0.8834850665394557
0.15542986166258285
1.8396245121921355
0.8006456797783467
3.8668290570228163
1.3284262092148098
0.9651836745168946
7.341909944597622
0.45436816981619493
0.06483015097358442
2.9191452030394944
0.7244973752721561
1.9826082980750401
0.19873185883399205
2.7697808743503116
0.3716571995325182
2.010975334085652
2.499780452764536
7.513422308127329
1.123024234857099
3.4398860474567186
0.572583895368638
0.8430386063458988
0.7331817749346424
0.11848464799544235
2.743839757691782
2.981672846328962
1.4312116681178428
1.8948066937073362
1.3570573345761414
2.0916095516717945
0.17898275415528123
7.238218108770023
0.30650305844470344
6.184754177470754
1.815624063196278
0.48193315223030275
3.728694927119248
0.2681501636760862
0.2612840274730938
1.0250068883164458
2.8122478358788716
1.2989791608394017
1.8301955230412954
3.6733743818724727
4.352879372012443
1.926550235172283
0.1348261005792747
0.029290051477931508
0.13702856767630356
0.7355878894958489
0.28007850597081324
0.6830032205069272
0.09156128282629405
0.2946362575137695
2.7477525094711157
0.8941145498573125
1.8033225904226597
0.6494483460228931
1.3053437207591958
2.1763630972387484
0.9867973845083918
2.894699352504082
1.7552897820295588
0.6149170899379156
2.1729909829329324
2.60855233272004
0.19162458111671607
0.15620769026128886
0.029966017936914207
0.7659474897028828
4.114447474546151
0.22031088659676792
0.2530525478868292
1.93901962624944
0.05743530017666268
0.20730044978610807
0.27569102047340116
1.0020141260463047
2.06401350965813
0.13089262268939864
0.13843921493386876
0.06648685084432869
4.764653649803803
0.16610954381035645
0.14805089373998445
0.8149530103949288
0.9078982214383057
0.07172812080119902
0.3109382114063606
1.670435743341147
1.5099023946562369
0.49898466080184684
0.09130546245159177
0.4168487946438617
1.2635673960703842
3.9904403800014303
1.1782558232283475
0.3897588155229217
0.44647495644084967
0.05226696011447826
0.2976038651460445
0.08713306590992433
0.08982450134884605
0.18048188072241936
0.40981792230836445
2.3015054022943278
1.28898537028492
0.5694340038892759
0.29882016480204815
0.3420820529708732
0.09716681016915775
0.4569267563831765
1.1542088389218508
0.11776981651024615
0.764028786666505
0.3391538536835
0.03905055925208464
0.599803980373867
2.0322247821050947
0.44787089640453276
0.10883534440182496
1.1650911353865843
0.2793813239740291
0.1612601216982165
0.08947117606924727
1.5295317448187822
0.43662724012673276
0.058569414976253155
0.27758805274566717
0.21459402880439415
0.03922398130285116
0.08767124885920147
0.11431461716579973
4.904997852011228
0.16437892512534943
3.1749698682486223
0.8114844029631945
0.9573294017623787
0.19366169994206375
0.2623389303118296
0.028486839662402254
0.4402534123920221
0.3614984909107566
0.07033023528094286
0.1321330809544186
0.2560971148945062
0.2256888727973689
0.23304343636007255
0.160721996952386
0.04886885749351016
0.09024045001359139
0.15383037858715617
0.8878288609529715
1.7333575949048947
0.3114014767393805
3.265063713184025
2.7719808284440277
1.0056280780031295
0.04064898157535705
4.155653367045837
0.3031375660095285
0.22447199281136973
0.2113223559422676
0.20436189740834032
0.36727568929175863
0.2902650796780243
1.3667470841915381
0.39666974049636367
0.13858032216687566
1.5255960560044726
1.2726758230368296
2.0451398736284383
0.09493290776507628
0.564528704771795
1.369630416042809
0.49458320027636465
0.8612847887462073
0.4925248060440602
1.5133194965348633
0.8602978914636753
12.353677238194445
2.7627796279172476
0.22057768033310676
1.8113633098304553
0.31522125914601756
0.12564521605986148
2.1678060064037963
0.157666949014775
0.05989085893624222
0.7375590089339696
1.137336407025612
0.46220910022968087
3.0912703495501517
3.446589157001253
1.3931447058333069
2.3053914716570447
1.3496611720940628
0.8034235181358217
0.35043319751665236
3.1018274300043576
0.33225557540923456
0.22847562658058682
0.14226818162698748
0.4566103007414652
0.6292952193670002
0.10155851301053542
0.34786713317135437
0.08812226427108417
0.1657538196109973
0.516117976895781
1.3278885797987716
1.0453484897109633
0.8312516708061165
0.19738136556374505
0.674176278577078
0.1827349554691611
2.2963058826644716
0.14166745799993805
0.23942166479026672
0.5627771180270441
6.392923123124128
4.730465240710611
0.5621115335054477
0.14157701279748433
2.6180687017147872
6.810366339464966
0.5111460271338645
0.3422837377302168
0.22237751813626658
0.374471090868666
2.6456976809938593
0.6190113514966126
2.997551968261442
0.5421223886338676
3.4561324422677058
2.2074706044459274
0.766599630662607
0.05678332543913111
0.6712298095542772
0.17269544558851593
0.3869741856989329
0.30336271545813176
0.6588035758401546
0.7941426092857836
0.8544614105641816
0.23730865508999902
3.859896754355446
0.25311811609328155
0.10433309914460247
1.4780047037858173
0.13298010834167937
1.0973940946057252
0.3310884572438613
1.3736442620068956
0.20652271281291903
0.16575149143469445
0.2461719833492042
1.8568844335849368
0.285960895743612
0.24478291184859438
0.5768770594449806
0.3866483115828878
2.1781028156420112
0.32529615484565083
0.19250948161812217
0.10069912229614607
1.3430282220704024
0.164138591827955
0.62974186490623
1.4871026484781245
0.1488736627113932
1.6248157255859945
0.33415897896242247
1.4481094249818904
0.10395739943724645
1.2397364281314662
0.38648924275690916
0.045381247034082
0.19085229794249847
0.24367277073262353
0.17721970741872503
3.410205704226298
0.16668651763455242
0.07883513600721255
0.36077790849657493
0.16632486238653568
1.5011732913843734
0.13574825561412635
0.4000958834545309
0.061836632085785485
0.1531468248572743
0.02155670750597047
1.2265683776749468
0.8473327690244113
1.1023675687457553
1.6380202996470346
0.421535780547487
1.3329123631099487
0.9070478556105325
0.20201320160119277
0.0705627689995789
0.29187768255154095
1.3661475895276725
0.19043609156255703
0.13462985473134156
0.07049361470086099
0.2952603319545814
0.3330549709301092
0.057862963272328906
0.8155974324341052
0.29184171033760975
0.019744336420670947
0.41442738054111977
0.09606439589350653
0.3375484112533622
2.9897440189127384
0.27184369302365213
2.8750446692661904
0.1485080788091747
2.318173512741845
0.2294878082721673
0.5601813354656341
0.7985145118275719
1.3493097588933898
6.35761657855977
0.18485595866421886
5.325022154961119
0.0875792863999819
0.25908956225399127
0.25201797327598807
0.5569540634381656
0.2877531104181759
1.761720905275294
1.1180377773066459
0.2660633364677818
0.31391433854859285
5.050939733236282
1.4543986844595
1.7748584879458063
0.4080885313437519
4.255623753679159
6.10073199162293
0.13932485785588486
0.8250275242758388
0.2721418518484625
0.06684300648639022
0.034348013318115
0.41896844178325615
0.538739642246736
0.6128503358098042
4.289931338705567
3.2150727275148694
0.6295356062234619
0.7896382808120198
0.09998716773308435
1.5301086155881982
0.3189220183097822
2.2003131571546874
4.09137816004541
0.42856574285857135
0.11669176592126197
0.3088773011225916
3.666748705936088
1.038976608715058
6.271172213951387
1.7754617689112866
0.1239844954625735
3.380956469724264
0.25173096331049966
0.05501454550570298
0.15843747892637597
0.5436048769324511
0.16052510233867726
2.2512914765709624
1.7440626873966047
0.6926150906676033
0.4790603642418232
0.04528119174669803
0.19486528603419354
4.263352478089392
0.2617532056335074
2.4780653144331235
0.7037862084829353
5.746426256566733
0.3853853726747786
0.4000169816830011
0.07481101990604531
0.26651084252031765
1.584987289569986
0.42492661117139424
5.934418521651008
5.793002203230137
0.4242792558477688
0.03630072151329742
0.40947906737563905
0.46387526118232286
0.45990325810862204
3.7059108892272694
0.18778128612747816
0.17808411989619755
0.2938498729155065
0.6156353491836251
0.6472083954234203
0.18439305288241548
2.982874286988968
0.39947914682228197
0.22567640046461768
0.7911171590875429
0.19886886585775454
0.7767648756856133
1.9136641731219572
3.7273675429381883
1.8455187152315362
3.5706193730745084
0.07274768605892479
9.753800886400294
0.5994891763425985
6.587604800358044
4.764544700847108
3.763023628512642
0.08412174514508845
1.686387641444757
3.3002553564832926
2.7291895046793324
0.5612689878935794
0.3200857183154723
1.3359714917152345
1.1676103412619305
0.07288431950748733
0.10116026462707149
0.611431632822926
0.18352785688433412
0.32594903780061396
3.7196213576985886
0.4706451052759208
0.9293600097030602
0.5632573599621475
0.26195970424257997
0.41883447917433264
0.5089757828897304
4.336014831294895
0.03358746268818757
0.9311408346990074
1.8247069842773769
0.27751524805489286
0.05324929450425591
0.2169635478902879
6.687387115109008
6.038027018256968
9.328954946066585
5.4955693940492685
8.92519548268359
10.254622784895178
11.654271797154125
9.033906218590598
9.521996284752896
8.007785480329488
8.117568238553622
9.76763433840782
9.963053139701438
10.827798988105378
10.235658168736636
7.511929028604306
9.816820516871275
12.064728514202955
14.427666205985759
9.949017664872958
8.016166017876609
9.62215102364087
11.026653099092371
12.102297103680739
7.548198323921753
9.734788940423895
6.780817998196395
9.180866090000295
11.709970228573859
5.091049221122728
8.5113441141116
8.90794404174872
9.199950587057357
13.7625577430869
10.654287744869416
13.643080227699699
10.928818635539018
11.106828277181874
9.537006113919771
11.459892402904792
15.417356964516244
8.786008789855876
12.662680210674617
12.224779380899163
14.074092644536128
14.10981111551424
10.20573341090125
12.61372044161005
7.5202926554795715
14.717439447068132
13.050623963194576
10.916112406347628
10.525611373215577
9.587286782003455
13.30601573238119
13.599647254086214
10.176042148483383
10.059937869586717
10.539527451427068
12.161280928924922
12.908465349271408
16.093717986904455
9.695877644824881
13.028751845685996
10.004290674305242
15.085752706687368
15.640924405374276
12.817784154154724
9.636049730692534
11.894296886489187
8.148254513081826
15.63966310869236
14.402564877032269
13.430415700994613
10.91521087479564
9.398806702343299
10.12952760187996
14.409016081999686
11.984971848353617
9.93391755174507
12.633944470337996
10.259790924854416
8.167787176785476
13.69102014312447
13.053134095873844
12.892829270121773
11.600692344459562
9.73666747222647
12.485023138923177
12.329730913431646
13.560784602307633
10.42194910542233
7.953296745855383
7.329541096772616
9.067484991189803
8.377799714354436
10.636693039482134
8.913799459719238
9.745494219084394
9.170936863012935
8.74118071524844
8.280422441530476
9.55491841405313
9.680251297259668
6.295497637372606
9.282181909402947
10.212368094191879
7.930345632876585
5.4148968188803055
9.532248133289995
10.431584053658677
7.971015544957314
8.434520470399073
5.97831651263314
7.969284314657418
8.025067394606381
8.233248359582932
9.49536904381869
9.00431923736044
7.830053478625488
9.184551143321285
6.798621945901324
6.90850776883513
10.558015231277592
6.889747834119198
9.345701482854274
9.338365482637796
5.237451505133817
9.09138328898325
7.888721473406323
9.010631449624618
10.79967089397723
10.540766554430135
8.53287736729163
9.954752321746382
6.6376617350801865
6.361827030272329
7.21199387481938
6.874264703297175
8.177598691863349
10.386572536713496
8.584257325640676
8.006377578105205
12.069189886904644
7.0594596536451215
8.896187198777655
9.696955087001086
10.151349628951037
10.454485119970686
7.950414722821719
9.782262176516328
9.404453669622038
11.245970671515208
11.444083947987172
8.29820018864022
11.557933631142909
10.26607117250961
9.969977023413488
10.442492511519426
9.098734915180044
8.613429828398404
10.544063261127333
12.431029097610933
11.374988816288843
9.194873647374237
8.513043628504105
10.129065624799944
5.608190643097838
11.417144191001407
11.796957430433778
10.742589042962598
15.486464495790962
11.055392457311916
10.821665498203899
13.750913302519146
10.586325704758583
10.412871366098317
11.619870420162124
10.462360562392947
9.880866758903187
7.608329586771782
16.621730628500632
10.312511995416354
13.805853889314767
13.123947017802529
13.375616774645891
11.652387039612103
13.932802898459533
11.334341728593339
11.558945809139969
10.819599272787649
7.8339906536839115
12.541203812069206
10.335962330862326
10.260319464508486
11.086782762318856
11.882081848256684
12.791411159927128
11.632795151445576
12.099151306467911
8.524586836964003
9.194722180816205
7.177687220939877
7.260437004404181
11.53398925938268
10.777121621561797
13.433533939762327
12.297864525664385
13.6851628234978
8.41403922810001
13.889196882617005
10.601587561576293
7.412430145228668
8.657278606307278
11.86060920045616
9.291594517617265
13.306807829761519
12.597669869973044
12.83904993952971
13.359246150133215
13.84886171616421
9.988739375049802
8.137664891938412
13.52585809272904
10.88264218816846
13.753013351921737
7.347541334946466
8.142535824339676
13.459767650327864
11.4357760216997
9.591363806341247
10.581573197576432
0.2391521982799144
0.3421255521028917
0.08993408090489134
1.1289324446513715
1.9067398343620658
0.7909804782102534
0.18247036585947343
0.4053037502207428
1.0741285371281757
0.7854174873400891
0.24586180557482207
0.11469402883612832
0.25699519298951473
0.5600573470022665
1.17333710536647
0.6705597602956724
0.2361569470994961
0.11251244708169893
0.38956323954913924
0.49482513987471854
0.38799780107282517
0.25369719838401494
0.09519885170649145
0.1291714058774482
0.18385825708515094
0.12316262884455069
0.13393337881781656
0.6455282647288373
0.9113619248542199
0.2996058028704372
2.267386891280252
0.6909790808844113
0.6257442120236559
0.27875127579163356
0.1530014990048714
0.27088481605672815
0.5037699763262754
0.7612455529056094
0.450398994820907
0.3635878784671113
0.21082456864336663
0.6731776312847702
0.5593647670401282
0.6789205553204442
0.30674677919794985
0.7175173752522364
1.1992365913605338
0.4522060771848164
1.2223432032995154
1.0224743092309068
1.3450575776113958
0.5470556347340045
1.7132689205171412
1.386452845566959
0.8100809786220532
0.505432481215487
0.47048077435206004
0.32169174333221834
0.6563180122095945
0.06283112113974947
0.5481258563930977
0.39384665674776437
0.4942867828840363
0.767320262795709
0.42284345709096965
0.24293751320679624
0.7656260573659367
0.19414518328922933
0.49777148496010065
1.511442562941234
0.4240910433042226
0.3632567605180041
0.3100423106207261
0.1256648920605692
0.7039866616061338
0.2828958933595556
0.9205615933078569
1.0260553192906208
0.7091710471113349
0.6122939518490221
1.3102400303178117
0.3723097843361474
0.22791352738695717
0.5692762311983167
0.4379484231282727
0.4760066843399578
2.881921927211373
0.2587381485894363
0.3716852343510199
0.6525664049450098
0.34497531142355914
0.4280718949722459
1.254504696566806
1.2235716351266537
0.6848614359247259
1.0233837854255743
0.28634750442727425
0.43859996479994495
0.563237252282672
0.9537669825075299
0.9757667115330819
0.6587339031289065
0.31374697743819274
0.8051748878603943
1.596279083943539
0.6341549699413325
0.4661248686344755
0.9867468022633289
0.379984434935555
4.135225098278281
0.4229249238660128
1.0022793086037567
3.0864092951983917
0.6167149829806036
2.3163389357351583
0.2519237623588298
0.22949296943923966
0.517273608878339
0.4476904144860987
0.17161900875316882
0.8038328120433892
0.6932014119855574
0.7764115795172906
0.6646792394048516
0.17021201383022175
0.5123977938144552
1.0976171922322584
0.24083626554649276
1.0935649668650902
0.286836467069859
0.8413845191204968
0.466741694411003
1.9351181747486643
1.1081334187095824
0.6870938283330674
0.9245726379515397
0.23477627310834623
0.23417278612689976
6.346786798836412
0.5056367951650531
2.029550445507344
0.7310019769201447
0.511170578468941
1.1235547941078685
0.1163977717123783
0.3018953792046486
1.2449452616270127
1.7798040908986115
0.7536009486912193
0.30657573554787515
2.4141782180684768
0.5758198884440882
0.7155458433826616
0.7383276478797117
0.6976583969074381
1.3982018427158671
1.2474862266621773
0.7604997812006147
1.2651856394015721
0.8390673031471069
1.7678778546842755
1.4679444550501806
1.2087265253896387
1.007976145127635
0.2979797364813215
1.5798582495154119
0.9747178304110559
0.7146863665355448
1.6257368469178937
0.06319628985311157
0.13610766923609055
0.2719730705545082
0.09900459873623486
0.19372522403898806
0.7304507275944833
1.0826942457222934
0.6320657930059567
0.9056154728297172
1.1214144257524894
2.5093533395873213
0.6443192124943855
1.6188442420295397
0.23284455170072463
1.7695439628666243
1.3004626296515587
1.330232065161846
5.782088549940165
1.618607308651711
1.1668297907694176
0.7643299411967716
0.7789983142069968
1.6650730924067976
0.49327768152934276
1.192389148682113
0.2785251909649118
1.072728957833354
0.9726254980305614
1.0300835117425848
3.84802427574876
0.5979002376032915
0.295485063549414
0.7598444855235292
0.961387762244969
0.28908509116836195
1.6605987882195474
0.3107270813838487
0.33942763408324456
1.0508738445941486
1.5491522204920527
3.543271348290269
1.626541658625387
0.7445610991758621
3.3063854913122253
0.6583646748698831
0.7021402852064319
1.8229179899068197
1.3444408369885876
0.485190360507246
0.5784886666868503
0.161263379873656
0.5635156817126654
1.2140071469350888
1.093666996182574
1.3582419240881975
3.5198540965895266
1.423205511136354
1.2350325498725543
2.3353104671227176
0.9067000469864787
1.1781102318711862
1.2405899536687455
0.3373052646691021
0.8035344854731535
0.4146352075330116
1.110305272485507
0.8164845934410034
0.995526898481074
0.9410793248579962
3.0121009083736094
1.6539062514616438
0.5984478022753567
3.736243364009745
0.5181157864397009
0.9678556167881794
0.7437604258018906
1.248452554748324
0.623758299488902
0.6841497725938247
1.0227022274001176
0.8608200890533585
0.3188434412117576
0.7858689547224644
0.3643344660527141
1.2471118445217855
1.2995350752579444
1.6322593113423494
2.650112189935402
0.26382651345903224
0.16155165451344392
1.1365834495591376
0.8388154808843383
1.4590700436859594
1.7113743924421894
0.6737813236823613
3.4812288947501746
1.4379137782245035
0.7380213309931992
1.0505551819305012
1.3068530512824217
0.342868323418744
2.4317527397810292
2.002509422628132
1.439177047939479
0.5454414994385975
3.5500170496125985
0.2976592475142322
0.967433582423174
0.6901396037064278
2.27150029112305
1.3320461021268446
1.2877329955047325
1.0804254760748442
2.4114763957990073
1.6452438532775064
1.7418213751148903
1.954413032775035
1.7045740872090083
1.564916666071489
1.0394285575045255
0.9741127488599343
2.9311627638086715
3.386662127616591
4.981081512196048
0.726298710751157
0.3905184854710735
1.0368765782021285
6.337361474311514
1.2048299246251437
1.6293907791016442
0.9810141202961926
1.9115384379110223
0.728345623465887
0.5574294506357189
8.298210436621359
0.8265441112215043
0.8620488186514912
0.9379894552675087
1.583554317622468
0.8242194995040681
0.95544224321604
0.3321351743588653
2.1051875345308315
0.6806923107080038
0.14713370453492924
0.4050955565638262
1.3608173821140186
1.1175763359562458
1.0226935113103315
0.4963974075215419
1.0807150642275412
1.1170140255987733
0.1689816580576969
0.29555017136950557
0.6788287172997748
0.2714188593965509
0.28516466963856857
0.24854461789039292
5.680125513486536
0.08411216076246748
6.787827381314954
4.6152321596305095
0.1994303187636459
1.9972391254692534
6.260979543580903
0.7146970652179537
1.324120647318776
0.9527130207978579
3.853449232937939
0.22228802513300802
0.7093776140415614
0.32591608407071365
0.20157863589421862
0.7847902087274474
0.11462803366012442
0.1420479241889384
1.8727843549798189
0.15425749881571596
0.20446066479090552
0.4026004052476925
0.19620138182775385
0.6042084624097762
0.0538757736876385
0.9074230491198477
2.244206296655504
0.19657808745997815
1.7644325526060018
0.2866159030262714
0.15798623091589098
0.2327348977717277
0.15059594211601676
0.21192496363009813
0.8414041485491387
0.390587716413763
1.6366298620614976
0.37937560784645985
0.10033851180141394
0.44903771740181236
0.269835757312938
0.3431087798426846
0.37409269890462454
0.23379130674045343
0.40752055135447157
0.2863320216109485
0.1884764391462759
0.46112817095760716
0.2543626290140491
0.7880333083845779
0.16561269530716363
0.5396089692970518
1.2338932525744517
0.21419044107048077
0.15224577580358975
0.41951816292321015
0.26478535377617524
0.8666696678974964
0.18860590990637052
0.3599478064887122
0.21345635412001515
0.465359745124648
0.2515350738969934
0.12160124957886903
0.19779020155144308
0.669676346760277
0.9137521632996576
0.7856449752780965
1.5426659107211504
0.14376525435510165
0.10174170531823416
0.3752567966475098
0.30158707981722976
0.28625878633006796
0.2423183533468941
0.12993376311325816
0.1600530419507531
0.04033848426837386
0.6633443250375491
0.19721722038852438
1.5040924909334976
0.22460137845482164
0.4356987395867511
0.7324499719806937
0.6370396300115212
0.46453169106270814
0.27590871494862407
0.2322532336570007
0.31101587910800166
0.525421586825077
0.9797623344520815
0.7376780963391112
0.4344445174905948
0.4035263646899037
0.482573291981432
0.44748451821511837
0.24295426327831757
0.37109120454388583
2.8953152970618334
8.004960046410167
0.4333832911418865
0.27101300690808633
0.3612243542073393
0.3509203484313062
0.3973514624111161
1.2742913452135654
0.27082611716858923
0.28749885173831735
0.6347762713828232
0.3603260748634913
0.21520471606711677
0.07440331677152132
0.2468244702711899
0.2045432128738859
0.05545539210102943
0.28878961678448034
1.0650532892258109
0.18440667704781064
0.9129291143259867
1.5199249906834378
0.567872965625668
0.982744317115876
0.42152258720063024
0.5494580964009086
0.6356082783370968
7.556814783547271
1.0527437183178843
0.3572463961311705
0.3329577618836648
0.12731645494333943
0.4837420881865783
1.0845041825663717
0.2957856370436236
0.5126357852554292
0.12378255587267926
0.4752853391833123
0.3768799456711371
0.12213687648146433
0.7243954468628632
1.7633047991780053
1.0298009101360193
0.8854947026775529
0.4721832074449359
0.25370181385740825
2.5631518374117706
0.8756931081476802
0.3036844279194786
0.9297633368340107
0.550097673819887
1.574338905182367
0.9580360139106067
0.3330380418256214
0.36174179385328514
0.5912774931702431
0.2202174527173341
2.303628069618886
0.2736846699707252
0.22468802001003738
0.1955167423169797
1.3675135787391401
2.186897265102228
0.48567760333875487
0.3427447873529493
3.2581355685742364
1.2896384970196821
1.3369237100548623
0.35441872459120677
1.1515096026291756
7.673543712256849
0.4351920155321387
0.97334024777905
0.9709736798277984
0.09544969269206056
0.5898430309000375
0.47259735343483994
0.9706103312511655
0.060867032495241724
1.2364378579442672
0.2813198025348186
0.21574841579320023
0.8826530568021999
0.1795864966487063
0.39533846466893235
3.2510869035843117
0.8983279925444693
0.39080329690169613
0.3037417205425656
4.4465004082850585
0.21765774956048442
2.280113523879939
0.8442186089112304
0.5932856870977884
1.2403750587014393
1.2582211495123228
3.202286792439749
0.8050668798862746
0.6773060101601835
0.518009573717586
1.7054294274753412
0.4656723185179939
0.7622275128251984
1.0093792533982382
3.0998800371768915
2.4121090395360247
3.150421524732616
0.8289523124734585
0.5127007106363533
3.922205289003063
0.09903132815483291
0.30144039308002757
0.3548927038488658
0.32833695606096
7.750482019177202
0.5149217047200533
0.5838644690193878
1.9942354116662386
1.1804047166039766
2.0494753921764612
1.322736755529342
0.40819380978483505
0.9975081235972327
1.547786567273823
0.4167982380189004
1.6992755256267944
0.6291916010638918
1.6270192531238827
0.2916018833161175
1.3239255540251704
2.0309172233167465
0.6079304461627352
0.4574392896958955
5.789229752026714
0.7184671933082797
0.4199424574338528
1.5993656196915043
0.934526916503621
1.0070404501636319
1.0103990622821077
1.270248018068184
0.21483725223477512
0.48510930922320616
1.3222195392072258
1.4793951408337174
3.022670186324454
2.1303910970067546
2.278136289886332
2.4529902604842473
0.36895560700102425
0.9052100173568133
0.3036501888346332
0.4104275416777426
0.33429346936734167
0.4112976911392395
0.6456930828926125
1.049122830290418
0.5380410748298847
0.11719686379337613
0.13705288131600565
0.4098533657570917
0.30385715254049056
0.6626097163342526
0.25768694413953624
1.886251251237003
0.9513421580085132
0.8927673572765099
0.3352944831967088
0.5905731858842128
0.9363485722232459
1.0069999235986122
1.2815542713673083
0.3948990595868811
0.2035452915463867
0.4287567312086706
0.25609854388190917
0.1467524728538103
0.20230314102138455
0.10121852998047824
0.2877030687495729
0.5526932462670286
0.5388584860653859
0.8328880203595479
0.1287450353189789
0.5814985740805332
0.5186521427597228
1.9377612797914108
0.7082488591144956
0.5573157782664674
0.5681917077651027
0.9948263890930984
0.5851055967134058
0.08023828545001975
0.18563473159333366
0.5252891686864385
0.5452856383499926
0.4328248556823449
0.1142776140901992
0.13001838037849225
6.803129469123113
5.003749343717273
0.28244722493540714
0.4100642382873791
3.1529352952764778
0.6192179905130568
1.9608938598468517
0.2707652004338843
0.28945082089232416
1.4001830058851301
0.2676189559063246
0.27861474426580213
0.048347700638623085
0.29361364634575454
0.37463244694852255
0.4236013889967503
0.1754747820076794
0.372353317835965
1.998751866100578
0.026544410651659675
0.4627419828679493
0.16498900177401912
0.09011879587463169
0.22383957345661476
0.2387185898987223
0.11097607453247389
1.1037423153480825
0.5012198572103763
0.2064603894653443
0.2213258553452031
1.6009440479769712
0.07816238082752071
0.0789719568058735
0.15812316648072422
0.1162532050986995
2.332618383956701
0.5149588038270781
0.5454861686666881
0.627266423547039
0.20146944698440683
1.900559817313528
0.12690507845808777
0.24055946653039365
0.2298779344319506
0.3143730569329494
0.01353825864618894
0.3146890680707378
0.23813882756379176
0.330541857944213
0.5430668863859189
0.4705074238019771
0.07011096835697907
0.27667173713371607
0.17491957176898432
0.3361143275761426
0.28127152780458964
0.2984693963141443
0.9766132214170193
1.4502831475882365
0.7555878836882011
0.5730864379857742
0.532706829299144
0.12304766302715593
0.3895960806606331
0.09396024382376078
1.73642824802336
0.21435288861880383
0.11066117307518103
0.3096265002973691
0.14297501007569996
0.13811109659456758
5.396893230438466
0.23383811365819965
0.4525205095291016
1.2909703963871633
0.11779353683921923
0.5246780440181652
0.7834257232396061
0.8991070411098009
0.4632130977083047
1.116546519579617
1.5104511399241753
0.766209954605253
0.2676710916130182
0.10190315427044438
0.5015671162605093
0.3101927312390203
0.27564134162839676
0.9114610649229485
0.24436300929325647
0.9700000501170445
0.5826111659655012
0.2572558840532022
0.14038965681621043
0.2786088209837257
0.3403371851368404
0.4421873096537139
0.21946134794505265
0.18650260684620176
1.6970137078950993
0.3619920356540422
0.5811356236262732
0.056064786669101065
0.1607237332546217
1.32074903775444
0.401658141808311
0.09483506039315348
0.689059375180895
0.0815219887099482
0.10968855152264735
0.37123370636255676
1.4728525569824107
3.925362729165222
0.32869595781711997
0.438040699016359
0.5340883318231701
0.5015682561559656
0.4461320979692862
0.4913331700932431
1.7551295014862793
8.443271372592715
0.606016011350436
0.3698470602596183
4.137582444033579
4.216061883360248
0.3332390213370973
2.2144578535938657
6.127979430664425
0.39597718012549726
0.302453347814753
0.8264732482416369
1.5437274720266123
0.11402261644263563
3.5445876916340904
0.6531377625055829
0.4303497319061722
1.506241372297594
1.7581463578236145
1.8492130950117829
1.0737023485449804
0.47479402627935324
0.18064331393527913
2.7009811945102733
0.6129612604497484
1.6783381934836312
0.23808814942795323
0.38153320393126205
0.13657010970551078
0.9407923843773479
0.24819641318061847
1.84866771903327
0.5471284760551572
0.9746985487306025
0.1674023312994399
4.960277179351902
0.899622977210191
0.5991762382666198
0.17146700271491203
5.776181233187654
0.1151226180782902
0.2544803296651487
0.45108249949391116
0.4928932654962288
0.576802137754487
1.5809407628912766
4.149160437938633
0.9918892705650632
0.20316113777836295
0.16969054828516192
1.125406248274041
0.4760536951287013
3.2172888466526186
0.711898762771253
3.734909871256841
0.5950539603964965
0.5682662575416119
2.9862526529736098
0.3750498755003881
0.47334769690598444
8.1320159540961
7.776285562207562
1.9536673285610144
0.7059906722090511
3.3504005362722684
0.5482772914816613
1.9411954485801572
1.6223735577236884
0.39686905251731197
2.532792527503086
2.1214743002485013
0.918031714236279
3.3499306087925844
0.397778849742187
0.997026806448858
1.667400263602718
6.935252061750021
0.6043569068305615
1.230195533389457
1.3519185492160053
1.2773999638004006
0.9198535104844927
0.5184482072254962
0.210188110753859
1.3288504524178089
0.4352169867015963
3.44125160530704
2.0465634508933355
1.8354747691217383
0.814459392411123
3.37735455567998
0.6186122945445706
0.4448222685469942
0.3508408329426153
0.10606560432227911
0.45731492447486194
0.7894216812807424
0.8629292875774794
0.6347277632521243
0.1189997408769971
2.341506064861127
1.2258787505153914
0.46545809701541946
0.9360357768065956
0.8343752771663216
0.7624446699560218
3.611959847157299
4.066423078525102
0.27515396224015454
3.9905991432673598
1.254380665369649
0.5154536737390957
1.8641024719854553
0.6606746267842343
1.7119892168311026
1.1310507955862168
0.5682652454664426
0.18301005913017496
1.5964631736942183
0.2171649720083136
0.6139290183847815
1.764617378674484
3.5460471276659096
1.2195305348712269
0.6623516323005129
0.5856873611888758
1.3663215264601734
0.5708770366351332
0.3706425944150343
0.16720066509292028
4.3546519984176095
0.9997867151960582
0.38178704166916977
0.32881522263312996
0.12066597940863656
0.5644508718754307
3.588907309914818
0.8946758827436533
1.4541302712715678
0.2368866684380924
0.5704431482108777
0.6908453773606532
1.8410658825985362
0.4389012337772229
0.23712866486422998
0.4378438692087898
1.234214934640272
1.049784824245219
0.3506935393780668
1.0628311833103166
0.24670502183079981
0.06632179939930134
1.710052219905381
0.8390610848060255
0.6339842197452931
1.1011653279654132
1.294161876035287
0.64057681964692
1.0535642897259203
1.556864016012802
9.22965990955225
0.324977896285889
1.4440526815847914
0.5425835181506588
0.5834289087406846
0.17698260719943812
0.6275947522998512
0.26051825361248065
0.07769663180834838
0.09863072700269138
0.48489790198526334
2.4325428395955275
1.1432748855173218
0.06487217225412936
0.3076878494715292
2.5853137662991816
0.16517445649676102
0.636577186842778
4.0657485755576905
0.35768660350243003
0.8454727627769758
0.17024098714218897
0.2838136270654336
2.20714481417841
0.5591937720262142
0.10836344907264224
0.8294722404650451
0.652690636791643
1.4187789330668528
0.17723096533844326
0.3020352310892243
0.4949889469459963
0.595468265929187
0.31466091357537856
0.8472138069514372
1.085241154915005
0.15899521736011812
0.27581551750118666
0.16731951042004137
0.1362379904308824
0.13192740822795704
0.10607615765840626
0.4331406520708023
7.252680413654814
0.06249320169533959
1.1964836819838283
0.3815075397755953
0.3095812217475251
0.3555218913628553
0.026884544062909774
0.23227904305582103
0.19560304380214366
0.4083052347321257
0.09669527909298899
1.6234631918894085
0.7934528373572455
0.8714675237140463
0.26615012956468376
0.17559993057944898
0.9148172597654048
0.3874448618063193
0.26870856077226435
0.06806591816561032
0.1830794879978295
0.09911463617156539
0.8139102815621476
1.1834094171110259
0.33121768850977684
0.34974875100752684
0.5643032017096904
0.44444342828420275
0.21338417567646337
0.9808430763988191
1.1892358318134757
0.5660959761435885
0.28262028373670006
1.1588762058515678
0.19306915574767877
0.4781728498495849
1.1576125776197068
0.2796821254863545
0.1326578296091243
0.268281904679481
0.1390734670795258
0.2482552857176018
0.11721457176666823
0.34990548952440975
0.2617268866317473
2.281556743404693
0.22527344485216558
5.041295242064339
3.9919940357397707
0.2818928489678871
0.6266073923159269
0.5388865455711661
0.2693547201959181
1.0336616323427361
0.5742392739865229
3.996074923543057
1.2572596663605067
0.8714822865282131
0.34158425417052524
0.6309456371313827
1.3156056386156083
0.9505502075239352
0.2199336796429109
0.23655910802114843
0.30794556915047794
0.27201875622143434
0.6858767445969122
0.3427834428143674
0.4096797348909105
0.20358495708008542
0.4245000522281761
0.18112232725334518
0.19328544252748991
0.4554929457905241
0.23626871102670868
0.24982425673846523
2.429239030646588
0.7269607939537606
1.4209595555361183
0.5362979173070613
0.4128308219058925
1.68713914825175
0.8434438708748845
0.394463331846248
0.20678656498138462
0.34555602532844704
1.3045090127037244
1.3683723514957302
0.6141924002150402
0.41964068896239914
0.5125670420889644
0.5712640074863954
0.9521841424383172
0.17758390704094054
1.8814002269178471
0.5894896040630792
0.09157913749431058
0.2822997996638957
0.45486745814756646
0.38797612506626594
0.40192024869302223
0.3215091667803696
0.44859079212079006
0.3479535138855754
0.6440331161087631
0.5921476572174008
0.09021700826589375
0.17623292068970764
1.0269515058746357
0.08111364342443533
2.452831446647437
0.7601762488531585
0.5383415294336482
4.166706836866377
0.3392529965583959
0.5191423362274393
0.6926582041511432
0.6773161128952356
0.36502530195698407
0.24429733193702322
0.349235249762137
0.15603396836018868
0.30862052037835125
0.4257593632261669
2.062370170614709
1.1353182272904063
0.5542765785939429
0.928969478245164
0.30212686137098527
2.382649809590549
0.359226585812837
0.4410746189069373
0.22503310102281707
2.4866622933386133
0.11912269253492842
0.9574047353045629
0.9435097300334471
0.2537523727497671
0.7987335442319458
0.20085921737860804
0.9331413743701176
0.5205108212868027
0.3808805157310511
0.16680810698425108
4.483894845228011
0.17452409389974158
2.676083978016297
5.012466068867764
1.217543610462361
1.1710706220525047
0.20860968717742423
0.4371227494228367
0.7665723960409635
1.1370308263586335
0.7152692119483643
8.929779769856255
0.5427431451870876
0.36008558497950266
0.26235500750625
0.27438521060589544
0.20894139769621708
1.1392280618039343
0.25351803161547165
0.3091156760079499
0.3086682056678873
0.5809233806659148
0.37191070597100967
0.1509841065811505
0.22269771996770163
2.2344430368996244
0.46557738446497327
1.5163572764422686
0.2158946392104062
0.1524221157935338
1.399963757346902
0.7751198279055811
2.9068782936705175
0.6366644057682536
0.3513696419686556
1.195234155414523
2.0409993684848713
1.3416758033577922
0.7147759822657175
0.8039019232966641
0.35462967945543716
0.5146494900943169
0.3330376007390107
0.11325192665861789
0.32543637330949776
0.8846935396938536
0.4078321720691347
0.8270825834134969
0.8399963043156
1.080481662588189
2.554019912500528
1.4959576299371442
0.8493146342493153
4.340607490421163
0.8407087223494097
6.078159691094592
0.9508841047352377
0.281978657819423
1.1432895132100787
5.499216858896514
4.930049572129568
2.4269791149670628
4.7042826235676545
1.063982091684873
0.43672870860871554
2.736546825018784
0.7473489979143367
0.2037760188410737
1.0186347233832593
0.3106719683068682
0.5945707787022422
0.8959651603019854
0.860469936151728
0.5182794814022972
5.173025545229796
0.9208915218164178
1.8396065024227433
0.775122046350051
4.102187586035482
2.836109085573027
0.616723479408102
2.1029439590046017
5.129714184658856
0.8507518575343614
0.32493181916225117
3.38533954203761
8.01362408411414
1.126699051109719
0.3564393229174567
0.2852076381795654
3.6475150336684288
0.9159410855975966
0.32987639244713346
1.804261999939454
0.35896659096098
0.2998745737596809
0.7970949503388561
6.707038399116148
0.6604942605314466
2.1241374739361274
0.5457855623611333
0.8936268993884992
0.6163842705802772
0.7160242143989516
0.5971234900749444
0.981828545521409
0.5581517208026311
1.1069526697156855
1.3255549751924551
0.8276568426113666
1.3730138946961645
1.0640449841367412
1.3573658718994117
0.7019810193208577
2.309182068143128
0.47580456207112104
0.3385345326977062
3.3285003373602002
0.830851966770236
1.2479597733517773
0.6849838993944332
0.1676766840660232
0.2875014528090938
2.7979922893908387
0.42309544930855014
0.21908490683890594
0.8498965477160181
0.6610959287158421
0.37066775907408417
2.368989718999687
0.31688878618901417
0.3431729662953351
2.579877099400151
0.3085173132979641
0.7368031934134492
0.34715764619916384
1.3967639725571563
0.27570704827747533
1.8127993743634507
0.9608919939148054
2.2270881653672046
2.2668919845950075
0.18848064141344148
0.7505710233045533
0.2503767031891411
1.0024524978172071
0.4006082078199762
0.28526235133455674
0.23676603192247136
0.6533412452615791
2.7781830840077486
0.5946195032028666
0.23909009244839083
0.07958904642107763
0.15712521411590333
1.9360983192700365
0.2711382342380005
0.09947450098501791
0.048812892663680024
0.22699014690239486
0.294794347948568
0.6106167376327243
2.611330203563624
1.6978801604661362
0.5056356488208456
0.15390720978581915
0.1271769536675367
1.289029890613646
0.4045954155646712
0.3219345986380346
0.30365162027475834
0.2038750852117829
0.14208836724941823
1.9518861253989732
0.17372572163496638
0.1863889442866634
1.420723311062407
1.2588492385582981
0.8294839511398143
0.49337655913102035
0.5572776048250847
0.3268631524799067
0.7744852632735947
0.18641591248779152
0.3719822262601628
1.018519554344036
0.23968906157827577
0.3543010630922175
0.46970825780099773
0.2974264982450412
0.29983041596031706
0.26433230253424395
0.14080247940610738
0.5216567071114423
0.3809988311107815
0.23118069962929136
2.72365741183575
9.759413479428066
1.1875984493333138
0.7301741242660337
0.2647878750935786
0.3582408554087428
0.21301527874199136
0.6109177841549082
0.377023464280221
0.8988705294856804
3.2662544463365983
0.1275750481875126
0.20414807255428177
0.4052982225571437
0.5253994736124117
1.9418083746741523
6.742682547970106
0.31343967039162585
0.3866973679416919
1.1742236560760178
0.22650367630171583
0.6473463842762569
0.2588632275506277
0.2461214591214902
0.18146836189266335
0.6802093599683858
0.24562329296938049
0.41169417323185287
1.2822759355990632
0.05729084719056354
0.3260201260615828
0.18943433048907668
0.6487539733011587
0.9037517861893537
3.6521658674652873
0.6133756967960745
0.5911427188780074
0.26394303303379835
0.056346754647280735
1.0555244841701386
1.7337805533739825
3.6676312041784205
1.1255129901714307
0.493144125727949
0.9471754486781557
1.630515278032056
1.177443948193589
0.561643320179115
0.06837658114483122
0.7509875555491248
2.4317356280353937
0.7327750275550367
2.656465075626516
2.0678649299423113
4.268493267116275
0.31170911332998547
3.586516255287964
1.3140659304828324
2.290217772980338
4.816303590374557
4.017925777210132
2.976845803452539
0.5885796453104312
0.27712966961293733
0.2534469354845703
1.0991664380813981
0.38828239884675986
0.06163852961724262
0.6023753443948764
2.0905756260105277
0.06547453935666146
2.2286362056544102
0.8738453111031635
0.017614132879933225
0.14913982540959528
2.672546201214064
1.9994753416138102
0.16195990216390807
0.11283206055051442
2.1538192691344586
0.2163311156659837
0.4017299433549674
0.09113394453073796
0.07810918199409495
0.6676343858756613
0.16204153061953933
0.07620241429473687
0.14327222234567974
0.3256919899948838
0.08729987098212373
0.292703085632627
0.17856601244736928
1.0358375837615903
0.3245563119032726
0.6957597135651511
0.7355389899936583
2.426329815709578
0.10595130880078367
0.21099283853258288
0.18380397805254786
0.1351116084537688
0.2753037556512578
0.3526999637811264
0.2432048620669149
0.2028066367355671
1.25453283171616
0.4409296987774913
3.9435435894850763
0.2699442140984199
0.2672091808020722
1.503727547942263
0.45177474172352167
8.409027073247467
1.0462054363626276
0.3500382269172467
0.5665603168489298
0.7737200362469423
0.3325838712135207
1.3142033279698742
0.951768913671882
0.47508421953920577
0.5770411482231116
0.46562481747782564
0.027117585600072353
2.4756508231548318
2.2537418498080477
0.9763597941763557
0.23910106937067202
0.40643235172265596
1.3931669822253958
0.506649193064233
0.818936752856584
0.9962690668622987
0.14239296022156003
1.8561501770179143
0.9059115103602596
1.0439233334854583
0.6871677190504303
0.421641859647733
0.524487077534947
1.2544262602230434
0.493293512999002
0.5065919092093267
1.3028513601320337
0.6961094474453929
0.4810815444910422
0.7004470228622259
2.084815116670608
0.3273054618964694
2.5896344198514023
0.8148961917348513
0.6471889781393306
0.510009018170015
0.8102805865257467
0.6965808092882785
0.7345379414712246
0.43260319257599883
1.3626847306839158
0.5796093355221521
2.9113688318022213
0.28602618256428514
0.4999829161188299
0.5284388212168342
0.3932731268180292
0.4909886695098214
0.5048205837410724
0.7183284286001306
0.3991744871933735
0.5276737114508612
0.9501570863448069
0.48359634938781243
0.8721639390950325
1.0235405702393223
0.6996216525906279
1.158622713379054
1.436352571323089
3.0535156113800235
2.1341497723481577
6.8318072201950315
0.6524413019942297
2.285900887466877
0.46863663321849997
0.2581284165889854
0.3127996063885835
3.1264001668089008
0.5146753801397099
0.7296609092083575
3.190460411294118
0.42854589351182876
0.19739379393660142
0.2297125105510717
1.962388599732811
0.9046748560401635
2.7885762859392282
6.1589150927303145
0.49949417717472233
1.1389447538528938
0.2149829418264604
0.29153713371126366
0.41080556275377483
0.48012679490226184
0.2921631441182692
0.13324021293094815
0.845131676092938
2.957125622865185
2.419103651029617
0.5771581808396913
0.9736881675967736
0.396568176305123
5.1811216399541795
2.6393846630263047
0.3315926827231445
0.2980710256540161
0.107455564557338
0.45107593996699796
6.322392749970578
0.8263555546617405
8.630790253708517
7.480719742806657
0.4363530526186615
0.11545660217276216
0.11897653481132113
0.03854293947355757
1.1962634292387904
0.6572287875558759
1.0072389820002767
0.21476938721947272
0.1240553331767325
0.18083088039026038
3.8524956064086564
1.714928942222634
5.747173815922927
0.29129897483158823
0.22437693867690842
0.0981670920169914
0.2935109901529789
1.8171916517892048
0.4571277866863001
0.3710238932268257
0.8360251286617641
0.21489674023724537
0.7413450214513903
0.3262663041915693
0.2955996847092319
0.02334197909775848
0.03543273687066482
0.051444265288792
0.31708588369115814
0.08973966652823122
0.6073173520327039
0.06428277623066339
0.3308058133369489
0.02158232279110606
0.34684198010911543
0.10723269278580998
0.09396515811618
0.30735371095890274
0.17990673612368327
0.09620662410970672
0.056734701666504815
0.07356321299358994
1.1337531327012964
1.24856161573813
0.5712823910430261
0.3414848762139005
0.13096507940469515
0.06573871587723233
0.0759724685798641
0.29345047329826945
0.9476794060747018
2.0902499141388033
0.9623749013760033
0.21215637321346256
0.30187893258117565
0.15187066487224718
0.2990397430260298
0.37271080262867445
0.7195186701386266
0.1634427878577146
0.17466252772871263
0.09882122470474332
0.03151581296932323
0.22401481480199437
0.6132910401913445
0.2081619313752238
0.6579912417812559
0.28563871476039226
0.22010846278700955
0.5876156928024336
0.6694455240948377
0.6599847008000141
0.5251936009809984
0.12277076352336884
0.060836784691467055
0.12443009637196789
0.10271042184861205
0.07233934764377113
1.6862875385441818
0.2660906648757411
0.23596407992311405
0.08758627906524917
0.7053467518045283
2.3987706700033264
2.737841083695617
0.2231629087708494
1.1977737129878154
1.1973379156375532
0.07750718271661704
0.051820230216435864
0.19245822937450666
0.4965788703353888
0.2296411882022572
0.1241687380562397
1.011375103206517
0.40859075410329354
0.31451804337255085
0.6255873351556583
2.3160563026684846
3.5814511285626356
1.246111012523476
0.2292341447275875
0.2585363689350839
0.8481279127473819
1.582242972816357
0.12209028966161495
0.1311802865949317
0.27568469709696053
1.6420994790176968
0.8037189668302434
0.5439566424881579
0.1807710640738294
0.8503514139028833
0.630317534228296
0.17963942769443317
0.20903119516122592
0.15335449082355423
0.761556935697989
0.3591993286571867
4.849631845833035
0.38956609494890454
1.0945788100491707
0.11244955711715175
0.19850302759016195
0.2507012850856662
0.13226020542799335
0.5380509295711459
1.887741582778669
0.766320209361894
0.5150811338320499
1.4623406731497888
0.18827839360040113
0.18344024320801552
0.0646870322760603
0.06787526962685306
1.6520239915180215
3.333876149731322
0.3340642756147016
0.25536027905607855
0.921228217993164
1.3211586114840268
4.592853180650686
0.144710390346033
0.20958383032527264
0.9470107214726177
0.1952871305702771
0.5831575082893209
4.154570786350008
0.18523436132736382
2.0949499371041074
0.15421319482757442
0.07114153269257044
0.236364715059158
1.2290669611073115
0.38338209830250203
0.5958143775641723
0.23454662706243382
0.13916565192907573
0.08939242381957681
0.25195749341278145
5.328364487045479
0.12460060060838153
0.08818358815273607
1.8681037655847714
0.637812435447758
0.7378099176498254
0.17198401021388246
0.20761394781504164
0.17972337639238242
0.0962840824582446
0.34446989798763733
2.8323737681816765
0.27536186405700286
0.042920638999629834
0.28997107899788604
0.10309477712137634
0.5170228285251045
0.4045635815578601
0.09539847294748487
1.022966112242055
0.10596034376065078
0.23314503094059058
0.6249315740753275
2.421973979565098
0.16915534255279704
1.1383962066869149
1.2137796149915994
5.109095117505121
0.3617954259299751
0.5154338181629752
0.36382092975961267
0.2769673676623993
2.334138347637479
0.7081528031412736
0.6176688515151579
0.395185174313658
7.904363698059733
2.6651386233616825
0.5822379075057231
0.16466799734960227
1.593093578406312
3.6067597871867005
0.978380611901164
1.0940492534353738
0.22280106146557946
0.09098593564543507
3.119646743698596
1.3069727550008359
0.22688608016271838
1.001752206721559
0.9177020772406888
1.868801502168058
3.5680859397680336
0.20950995152480067
0.13999883635389904
4.594161845957209
0.1599571939352594
0.1686432872291674
1.0338670649054282
0.28021367499836564
0.40075059951818126
0.1593883887360261
1.0972399002289528
0.44130168326473695
2.108687906106052
0.08813922208888254
0.1652159864748515
1.1245462394409511
0.3892504644244375
0.6284216952275046
1.4676242798969248
0.1913499253193729
3.5638507904987713
0.036736305337367305
0.21322176486768032
0.11280800937331792
1.7125865041758923
0.37880287241355987
0.3546058711754419
1.135559769274662
6.907335280913958
0.25764004937581103
0.3644870497460968
1.0696838055174014
1.4078844238513177
0.10796244601048298
0.36794270026375114
0.27402409190127713
7.060493725310278
0.6163408629613044
0.03668455802186365
0.33190670271155104
0.5773959907928078
0.6303149007060979
0.7462897245304944
0.4441593921019
1.610530486586277
1.0129781365672978
2.3598031331451423
0.2535080291042375
0.3716937912866589
0.18605920646036525
0.9341052292926549
0.7798097175067321
2.1728264335403975
0.23622887926722436
0.39250391219653835
0.41026006593761827
1.5538306942745066
0.4441222708976016
0.2890819563543714
2.2685126233620108
0.9623883943792958
0.5586986711280167
1.3809365805060054
0.4190449892142816
1.1883400704742766
0.2762964367536909
0.43907645653083777
0.2595633434543452
0.30237999067789917
6.762899848332087
0.43326725356131773
0.680842355070142
1.3113959423263533
0.10358254276865579
0.22023307473587314
0.315565758769269
0.036675754069335445
1.7538942317477
1.7260484177326634
0.18313181267513698
8.067430184701818
0.3423234693352993
1.0362185101591301
8.23591485538692
6.620090840268548
0.7094612835540809
0.22976102551200417
1.081990280724091
0.15422695991747956
0.2500688916612422
0.6056469400884412
0.18719598805330775
0.3134406972386074
0.40922113803368193
0.04913278385636399
0.1239745776574977
0.21938579092037705
0.21831018561061685
0.09698733472130878
1.4311574263469689
0.14235176769739283
0.1896293046091447
3.433381741431527
0.6145581036270467
0.5381180254779633
4.077252847972425
1.399466461264946
0.6777900610793653
1.709726746283466
0.37472552143108745
0.13850475609979457
0.8470660339332178
0.4060281510689576
0.5767991454025806
3.224071180467948
0.13184834336411258
0.5530492521801421
0.042512559285859196
0.6650226413927406
2.018579338366826
2.1613968987113754
0.09816113713454093
0.1423394943132815
3.2904458367056915
0.9217214122449396
0.3381008648165671
0.11634750732816045
0.04682361323173107
0.07661225888103723
0.126693022882248
0.08235951869179417
0.04937998150353773
0.19273585265970916
0.5622809804908159
0.09514621883183168
0.04227588572295727
0.12387212476320275
0.08711657680619932
1.6748191100672924
4.2589908663442975
0.22591502754956916
0.8279752687778986
0.13424492808415392
0.40683798275356237
0.8425694428047317
0.5820697767964956
0.1691176373253365
1.2098432297377133
0.11716284885394453
0.4814069337751166
0.2005812147157299
0.24573982063135888
0.3795671958905673
0.911120687711516
0.0775768462499474
1.426253087504172
0.14962030496694287
3.1912433711014487
0.16194152154896588
0.2073784075214714
0.3592092129744939
0.13522774353411732
0.5059626393920974
0.7552318645861075
0.7883288070547088
0.13662844733019935
0.4844941594896841
0.1373651737086124
2.073116860240828
1.4789618104776627
0.20826804889659553
0.185828150597793
0.10586444834021756
0.2593626312415029
0.24033304943093114
0.09149525660702346
0.32878935754710936
1.6302287102763693
1.8670307399012092
0.23799310952218122
0.6044516708746671
0.2657555498065584
0.7366437500773423
0.3863060392632945
0.9922020914131854
0.19330602765582547
0.5765976830081213
0.2733877975607068
0.2687725975451675
1.07038403144714
0.14433838165415538
0.45217884481550247
0.5675570941757301
0.22774094979661852
0.5598710344585182
0.23916869944756028
0.2215820814270253
0.13751201839283045
0.1944711286875075
1.1328666020598537
0.9324922363926405
0.15802778382791485
0.017550730908079855
0.5754920239303404
1.548575715702057
0.5008012424965024
1.2177539054258164
0.2674209384042794
1.9967402794754194
0.7900367153966585
0.18201694212506195
2.270800035512139
0.23198402950006988
0.354800851008193
0.6446990057622354
0.1182893008411328
1.1138521075476269
2.570259593717908
2.3608537376662233
2.448764773143801
0.5758206365034076
0.9714637790161018
0.7582750110347094
0.4359108008026815
0.29706475700064083
1.5921815060698792
0.08236325879082045
0.25403377889895157
0.13908294863677761
0.37484545823604876
0.5434337132018753
0.08725337095626585
0.56719097593847
0.3268028057505869
1.8580615546131203
1.8348988952049827
2.3516006318579805
0.03314212563630777
0.38752717039005385
0.45977009587690804
1.3560637943677307
4.725193302040353
0.04714133240507881
0.05353588225104249
6.542223836647036
0.9332447460735112
1.9873385429799757
0.489910583660478
5.867679726116184
1.3726516782161455
2.7508243659646223
1.7346842868177828
0.7521021797939662
0.20747266684794544
1.5522364887807276
7.1469465242726935
0.5338021680390788
3.8935383870198756
0.2616292346406213
0.39957836617464254
0.13654327761462529
0.35155871274201317
1.5315293582314584
0.12645148449031104
0.776028667762902
2.250459319184233
0.1847473056073646
1.3886597028034597
1.6014885704100246
5.031148582668183
0.32832580506466863
1.5583375711695018
0.7414085298933796
0.5200196299467945
1.3043861587680214
0.5145512547280823
2.7335823103236927
0.457948353214191
0.3188445554163664
1.6091830778084553
0.14724800767894208
1.483703758090809
0.3402126165563007
0.2190789276963834
0.3413698273285528
4.848330212401362
0.7192956696388366
0.20123548593596852
0.35192461822329535
0.165203269435188
0.062444640596040345
2.997665128579895
0.20201514104469454
2.472271119104008
0.24378598855488534
0.15614499230814663
0.06888060592848301
0.24470986163089903
0.43419302371103097
1.1754510655405659
0.2704266266255237
9.477535220152328
0.17867329072262905
1.5749239284589243
4.224069671452999
0.8390673684518904
5.599007127503775
0.31470306350673355
0.5397760899131379
0.6773877499857098
0.5044711336136771
3.5643681189662715
0.788856827047911
0.09326825354487665
4.1469994447785306
0.1753903368275975
0.7224602223294134
2.0810550487586754
0.7476722726134315
0.9660026806882726
0.3689861739073294
0.1795867725872442
0.2815950127267384
2.927898166709109
0.3892112888830281
2.601375752987909
0.2687148540714414
2.901960487258657
2.1933403251268286
0.7983812956033951
0.2022429374585899
0.997535855895773
0.41908253847848265
1.618325812982257
0.8588614419733164
6.617211942871163
1.5510142607594357
0.5473264892490712
3.936253104286035
0.40533777468987386
0.5914696187810305
0.18923552207499486
0.6313264952743679
0.9543415559569084
0.4203449291500316
0.2663600017390758
1.7139157771805886
0.549646837247366
0.2395465893125934
0.31520010742895194
0.3011119235554448
0.23972751108867682
0.32089949281087177
0.31334964743948496
0.4146191653504487
0.46637998368643574
0.3504334061025409
0.2038084598769605
0.3408948718242663
0.42544543606419555
0.5711758207486354
0.1306021618385236
0.18453014284808436
0.08317726807672181
0.2364742014535657
0.4161496598638497
0.16397224301491317
0.08583774799603001
0.1995459513385998
3.2445911065391613
0.4119182395111594
0.43001232663348316
1.5787709974619386
0.26366935501722927
1.3326980913882605
0.9903723110111872
0.8891153847403835
0.4933296000990051
0.6031337085277507
2.5974722879750476
0.33515802982308385
0.17981883260118406
0.3970506896921953
0.6053073768313936
0.17185957540871358
0.2997106905805921
0.788274134713919
6.36591425736415
0.5419237868107244
0.482996447840589
0.36679035323941594
0.44766894886006087
0.18384168562287506
0.2480647073028205
3.785711604852246
0.32187661816631136
0.30859508617776016
0.6629294238292375
0.5074021858812697
0.38340568740324915
0.18357350209229115
2.6017252763256464
0.1187016288787411
0.36260989505537605
0.3897163725178005
1.647816274321532
0.16365251595085564
0.43909125616213074
0.3761454591514292
0.49839520641539337
1.2505212106603723
0.1232747079069902
0.33092196111020394
0.2979999927320305
2.8468260297826444
0.06507606818952784
0.48282761020334575
0.13454172314461602
0.3081783935663294
2.6141721014471706
0.30485092623083737
0.17749114036188818
0.5629339045087474
1.5222160804748963
0.039502261741522875
1.127943348173918
0.19837996104083286
0.07948601980976887
0.15530897059357776
0.36058735200809267
0.32223095058668777
0.2875832437507175
0.12998900105931907
0.033619613825124496
0.0488371650318948
1.3691845370434803
0.1345857258852601
0.4793905848286962
0.2491508092331773
1.836495552694224
0.5997590521165719
0.04684380587510386
0.1924157661873347
0.038795534531432516
0.04986669320622262
0.21801512474891574
1.379483382070547
0.8162273239633909
2.798899905615872
1.289396796984951
0.03253807922373079
0.1472619712881306
1.6440582230584182
0.1204771533130316
1.9048201542814676
0.1090473622567753
0.10908303516186778
0.3560596417153626
0.06667743226442203
0.1234218587070739
0.6197602599508206
0.1321343073682978
0.11094834421704412
0.6216803375271587
0.1772259724387124
0.18685205598811125
0.28211067253835115
0.08728799034089614
0.20387964015080076
0.08943200370644601
0.46754582452309174
0.12948617296745496
0.1297132452341481
0.08884733735999116
0.43826255245968193
0.20889217337561602
0.11081357097251983
0.18784237331384254
1.2665411970457832
0.7799547631367179
0.17538128116014043
0.8657789984439139
0.7010268653538844
0.6987137016572741
0.4860591482307053
0.16289027858917338
0.36617319786401953
0.8333440354539429
0.07171832062197926
2.586859423466834
1.37980945009873
0.3773277722098874
0.13545143636540405
1.2647901934981598
0.15824576834091267
0.04887253099852132
0.07658649883576552
0.06989109998131418
0.012208428563320177
0.3093074132967018
0.14404438326818803
0.6581741669927177
2.2956449791513385
0.24279603671875874
0.15946061350732293
0.9736010477347734
0.21848319513057093
0.28822787429666175
0.9593253144922685
1.1658477629078507
0.269394342764199
0.22170193550183123
0.18716092880082558
0.25044218647993316
1.5133010889773375
0.32489647868402177
0.1764222094177498
2.671871637009165
0.10019706641748072
0.38557739387068724
0.11105281670375777
0.12328426938637264
0.19655758566614112
0.15730802837310395
0.232286053384396
0.05426837200130114
0.2846779905003306
0.18878928547087648
0.405512719562427
0.47970595779317127
1.5865899285454546
2.647700421021765
1.9445885779615482
0.4697829509817308
1.002457593691082
0.21915320651027292
0.30200110139502
1.041743235330997
0.8516441636350437
1.8501231521682024
0.9901540252413565
0.5088854265868972
0.25929509533754724
0.7468092800851975
0.9699523910367844
0.10388408663429448
0.6098265471601783
3.5485455994589077
0.11271945435634538
1.5808381273148957
0.1823976433443664
0.46976196553563
0.4696134942683978
0.26213430723296904
3.9935378455756756
0.1281922411424866
0.036923546835272936
0.29653543370496965
0.5261211304227922
1.2749582494653817
1.102056710796486
0.3340338798151407
0.0599358236242094
0.7938077438431326
0.2795108271774324
0.13988465448409693
2.0283788537328356
0.9447318826458148
1.4877068140393674
1.8962394157259064
3.167844444961828
5.089509274774866
0.36841278855066273
0.11663772609600508
0.7764820061705411
0.5018942058896537
2.566918160504501
0.40972776529107274
0.09061136672492238
0.7166620268022189
1.287374556634912
0.8454938912163065
0.8321033970992588
0.5664636440322515
0.09877127901636157
0.23651029595108689
1.0857851132790295
0.053411993435881565
0.44591106391805085
0.08080444108093042
0.507608768422103
0.8198551541652531
0.5613410585157518
0.09277465131669409
2.164769889769096
0.6358868868128178
0.58965317237986
0.3381530747981711
0.5226545840240546
0.3083084177137681
0.25377055854219904
0.10417318951821096
0.6990817690875465
1.3710384620814737
0.5508937444571894
0.43990498067768913
0.10828496679571858
0.13330732325828337
0.9133225195861843
0.1806125983215631
0.10087907219849475
0.15616915039132137
0.050285744151938566
0.1112896926860207
0.22906230473878605
1.5450973142666966
0.1882355827354768
0.5075877895913188
0.15013972825399205
0.5594435085440006
0.508492438201798
0.4212947704486914
0.3212008198349637
0.20517902208570768
0.15887957270254446
0.0964910444769122
0.19932358883505488
0.11426294508610126
1.4532895132233232
0.16939003058500937
2.3195267345537127
1.9219691623300796
0.3755470214290452
0.367961532934622
2.1476398260050353
0.12071230147061685
1.0888685925942543
1.3223576925231946
1.0667174073370844
2.985016967630455
0.34463542019549026
2.8697883766476777
2.2969023693674764
0.10400688878011194
3.109347145836606
3.780199069096835
1.3926610901272845
0.08139115974431409
0.08785141508890158
2.3963427293194868
0.3810745822995225
0.08520322663514761
1.092660175871891
3.8359839811704894
2.739847525027816
1.5952683155465843
0.09021907562373954
0.9744941544065088
0.6010091958648508
0.4533905532411162
0.16976261584819397
2.567447080711801
0.3588362521085953
0.3352655210859063
0.05967093088294365
0.18046344425319225
0.17397523915694868
0.21228628092720458
0.4519024519523623
0.346390087235124
0.7544374475976031
0.6094243924902817
1.7570012099245982
0.1042966198700885
0.7322364141539062
0.9507587608818757
0.1367065791271583
0.20422367749348858
0.06225813685928463
0.2558286950216182
0.26568647823329733
5.208173998910858
1.8758190753058672
0.7355194640646371
0.16742608085433244
0.6858457472762279
0.18844580965461277
0.14246017870773844
0.07742667466831506
2.482308091986058
0.14680310966732604
0.18101215700781292
0.5636745365177542
0.9162991380612757
2.300642270860418
0.059704716145467074
0.3147491431717521
2.1303494733483728
0.4076495049402316
0.6803130893711905
0.2314588394627145
0.7397808685203694
0.28763354779173156
0.116023861778429
0.18238546973622916
0.7877066330064886
0.3318800170445421
0.8490478864730194
0.22671990566575695
0.1669254931396825
3.3450730668849586
0.058363659332009786
0.6151099732102442
0.10115088285867113
0.15886688044218383
0.2550209559813846
0.16028779703737192
0.5119964705616636
0.40590275494304334
7.324721412007777
1.4581180041943025
1.7382336943540875
1.1900293986931014
0.08415594794005506
0.28390288697784744
0.13909965659622364
1.2202542658777886
1.7353172193472426
1.3468640880388818
0.27276419945042013
0.6281613175295019
0.2189412075636604
0.09276387907279582
0.05650821438383156
3.3312864151200654
0.25289787009252723
3.5664488764548157
0.12334253695982385
0.16210831287110622
0.1048025235407166
0.03949127999004617
0.15040040583691575
0.4576312024829914
0.6188026997768172
0.1652681972336029
4.520577244445843
0.7713675692379603
0.7444822919708161
0.3906986860989814
1.9708942860917886
0.2953563718718674
0.10468584396325109
0.04837937705933398
0.05609070373701186
0.09769078200550364
0.4608907472076024
0.11025866360512165
0.09372955794319952
0.146941554169619
0.1133536191883298
0.10489212501387336
1.0103124170870876
1.7752449273662096
0.9043182961257427
0.2673755354371794
0.7189262406139542
0.33092202488641353
0.06914058805261353
0.03748516578066174
0.6545308528220849
0.12228873732784772
0.09629949535210956
0.10463526289539708
0.8206672970816484
0.09100613267387715
0.042254229502737606
0.053065707871149566
0.14778670498433683
0.751604099966584
0.04886727846695457
3.843774813201384
0.18806848053455572
1.5222502865490048
2.4922759816935094
0.057715468732063104
0.4388620116276048
0.26032634816691175
0.3716753276076153
0.09660470214040863
0.21426230799946988
0.6171685545320154
0.7502033173274197
0.26168010533665226
0.0986347656916267
0.522690776931153
0.20982531329104906
0.0961906293302076
0.12760215299554192
0.06356675726978979
0.5676567372314516
0.8709771280836076
1.6539970401132145
0.22364815226223836
0.7488778950114375
1.6298265529875877
0.17600593520907157
0.5577616622109959
0.25399239604367657
0.31290069893180206
0.36775386184772524
1.6141801983561115
1.6505351199500273
0.0707807549341511
1.2764848430112774
0.11625357652191369
0.19122793316917655
0.3602905309255769
0.11531462425597745
0.1110752934599278
0.08167327430771844
0.05013796407732108
0.061903138317853296
2.0598628199375915
0.31012349712093196
0.10050480932926865
0.07617630505607005
0.06371200572365869
0.03265242548036147
0.15204255910845307
0.058335763280365695
2.935279265360315
0.21471519950151
0.23511226004123775
0.12752251095595293
0.07681408499277594
0.12642850445269943
0.15136589495210792
0.04559367414439517
0.13510318903101098
1.123893053457185
0.9215034633976651
0.2018855316180601
1.0764954570998853
0.36398178058571545
0.5064037088154908
0.3343274078159357
0.7051086861906103
3.930979940462161
0.13295043348142588
0.1399058879185791
0.03751263854548046
0.07970596103294349
0.6512894565132651
0.056198762207747784
0.1466234815811204
0.07681483324149464
0.11236457705804516
0.1646501175943589
0.07978851633890839
0.6111583581027844
0.24949444873729024
0.06809756159881314
0.526784588798549
0.13909452207027295
0.3898340758688367
0.11917200700510415
0.11462681541251253
1.7235758556339922
7.003426302114762
1.6287194497591593
2.6098896884884604
0.5951170679970049
4.867801575155522
0.44542082653596643
8.08062652730753
2.322323082590952
0.5567658462342956
0.23674416212240437
0.33421666926209476
0.23187195999871402
0.30906187193787277
0.18231286416840184
0.7108804234688154
0.12900918952736048
0.1719798342000811
1.2149418096412035
3.9890230549839454
0.202329043787237
1.0738145753795756
0.36849286413812116
2.466867830593984
0.36306180361337087
1.3686213503040972
0.05663777252501732
0.3452844174317872
0.1292342974485912
4.271226963662387
0.11843913893401996
0.33264279304237215
0.4789451371457391
0.5127696978146516
0.1637415987012484
0.11235578306747601
0.30524796103418617
0.5944435000043473
0.3437508295645522
0.138714132078951
0.2599436446554945
4.071255721269306
0.6345539338784976
0.11124745685542788
0.050882384726411246
0.09714131318666687
0.1731565329766116
0.2751652928646047
0.5042279969196767
0.14228902994405238
3.4926315869321667
0.480467664505489
2.470974958330068
0.2717703367897305
0.969510319216648
7.525023633959549
3.7599724690904286
4.8842654379875485
2.0288458700757075
0.13766490894584782
0.9356124263041484
0.15070659371807535
0.17617276963352305
0.0913174593293309
0.38988831348320035
0.3376562240871303
0.23601349243630645
0.563987407575734
0.6379164648418735
0.19961668451573258
0.22863772911541055
0.25068482837138
2.3840963907927635
0.8537658790822215
0.3341934141066231
3.3514699208595604
0.23648244410683714
1.7826354586690145
0.6324334139059867
0.9018166006392195
0.4719566022231711
0.30292062978618145
0.5617788102125573
0.19330168089647345
3.2526353981213436
0.7299809779164157
3.6039846150323567
4.85380735793773
6.957255671717893
0.905864517829854
1.6342749570398178
7.01026036409673
0.1891940989155052
3.20782736814831
0.3638236582977645
0.3438868239562909
0.2327649026080291
0.7862642027466286
0.23515095316695658
1.2886939981222587
0.3498755163606298
0.4522480397548345
0.2747233066213213
0.12506558995137407
6.2471149510287
0.11250313087710785
0.15034919585324302
0.4667588515544772
3.8525940264155856
0.6463958108386078
0.7602085031424033
0.2648801178603848
3.480615448287669
0.2617096671777553
0.522162267909379
0.19547561021922366
0.0746506052007983
1.5872293629319094
0.9418356270530124
0.22537722052763606
1.9589504812701015
0.23857390758552363
0.2514512392732132
0.14945687396010884
0.11258436805188843
0.2578739795042628
1.3131439614226241
1.5286348458485575
0.10445429408784516
0.4825605271348626
0.2621796923675066
0.16242890897723797
0.20639339300552603
1.40630948288344
1.3696411765073762
0.9077453469540084
0.26267156130683306
6.733147949368752
1.722990115139914
1.1708846658356449
0.22817578468058655
0.13838306866540678
0.03821232080235312
2.4255948443187143
0.05061327081234363
0.041660062029327184
0.17009673376194911
4.221461225347677
7.710116695655096
0.6461358471980864
0.5121937059296157
0.09061470868822132
0.7336635791441576
0.3942699771563984
1.249455492138362
4.439733730924146
0.14471162941854102
0.14857595438054508
0.9236431668983688
1.9923314547935724
4.205730686533532
2.8484060683450543
0.14419266614905285
0.2885349589781118
2.476166959518068
0.4986323704909095
0.09744730423690695
0.1812757317613751
0.04745421265373672
1.6207590519762791
0.05143016872858407
0.18850842730493236
1.1572382746319454
3.8187939527822796
1.4290646463524668
0.05918419609368517
0.1078271336571488
0.06952610341154523
0.08677624798733861
2.71506693671448
0.28719141637707285
0.05180687393713152
0.03469096316002871
0.5559844059891458
0.035746446785010044
0.07300856612036881
0.268003562815845
0.029658286098843047
0.025744324783577355
0.30450460359940323
0.4025016701945945
0.024683311360331906
1.3789754673833
0.174769419992492
1.8176136603023663
0.07184779431749949
0.7766933864234384
0.2622618603133897
1.0127575293688078
0.38434921578840625
0.10822025030471717
0.06247725517829256
0.2791055297688751
0.1347170007269428
0.2962078435556044
0.3664424587917125
0.021741188928603623
0.12494741561161647
0.12403674276328987
0.0675402228900802
0.030734830751513866
0.12718902699529017
1.931694922075471
2.0582103204603848
0.29572230737804345
0.3012267640405802
0.10743897504559607
0.05807434354104768
0.06200905044988674
0.06442213852690645
0.4104708315081574
0.47787838526405296
0.258788604435969
0.05849329453976491
0.09300114699450836
0.07222712115020331
0.04174369945781481
0.18117370272773717
0.6176040886024224
0.2972743339802714
0.1319154899455263
0.20182960300256192
0.10762767443947184
0.5645128341384477
0.011959870742302965
0.2479062999905821
0.5682286694578472
0.11246500898087176
0.07139652014684217
0.32249007764945653
0.030422162842087864
0.7270217472672589
0.0459688934245514
0.6684598503811537
0.10914202134880781
0.5471225140516887
0.1270361458154477
0.28085084933598276
0.12201743962586299
0.16459450104579196
0.16789287595518465
1.4135622750273475
0.09271005208549127
0.11951071950539978
0.6255555515815133
0.1773292258574342
0.10415743220307061
1.1532617424224074
1.0860656958411041
1.6508193458542066
0.07803289649986243
0.11046172152197774
0.14576776439398936
0.0226467523416332
0.024783953796906958
0.09921672908623701
0.07696607633226436
1.0579955563404944
0.1351388398400374
0.6617933747224506
1.5294913147909286
0.08656667740619266
0.45982148640988196
0.5142077225817908
0.125416217335615
0.060842872631305445
0.30974601612114283
0.08499727808536058
0.09502338338804522
0.2397729937798061
0.05529254509502612
0.10436606012682235
0.07237609683463782
0.0656818368632772
0.4905984499930274
0.20270898344953892
0.07645253357509417
0.12586203321472791
0.13201798458628236
0.24720142101233022
1.173908590083651
0.2371899399600662
0.19490776757613645
0.15909453698092688
0.04762368291703062
3.451061491779475
0.14967076774767535
1.6477256537578653
0.24108461799269365
0.06473660628576258
0.11480847791318828
2.061908883127877
0.26060484216692775
0.1523218270277404
2.961506505980505
0.3363721045535903
0.4629146664184127
3.2783147634555
0.23798859405392
0.3451111830128814
0.13821105784708593
0.24602460297444415
4.388150848552844
0.09809560269812884
0.056562815623889255
0.17570429868750922
0.07606721349137847
0.47680780980619214
0.42174865845955883
1.2578496577721368
0.37877737879677514
0.25516275398200694
0.20823467605922952
1.7914214862066504
3.1403979909885167
5.160766465530979
2.278831771922787
3.041488391990281
0.2029323059959686
0.1652068459888256
2.8734868767659765
0.2921959087993111
0.1711102648917261
0.8103826013888261
0.09055165548845784
0.05663917347923108
0.4228374144543406
0.1635873162597626
0.15277402421854155
0.5634929252503159
0.17871006384866361
0.3523476809900645
0.12496196956380684
0.0938240661101264
3.0946949617957675
1.2506624234116186
0.13664424078341503
2.0578160022794787
2.7827131055151924
2.135329839644706
0.7760916364117937
0.13793281307198757
1.3596088823573498
0.13083979507061883
0.12210197441527411
0.1660317346718203
0.2685840737087286
0.08141626630979991
0.4395643446145905
0.9120615907465518
0.24788090086648454
0.13987519072250293
1.5415077129528265
0.5988377261057835
0.036743563303536286
0.5550422177178299
0.280936561490934
0.5438673890201715
0.36298441658511477
0.6815074187671425
0.14087592837123952
2.281254355892078
0.24583353974066127
0.19740321118171802
0.8041460886932632
1.1854795355062222
0.13146792465486437
0.6957643793712626
0.1318469830372909
2.2315949739526295
0.1377106328235934
6.447029421102925
0.2265667313438083
0.11566963678046528
0.4463565946321555
0.944320474043593
4.958863594628716
0.3231158498696232
0.23950615465337413
0.6669034579493417
0.6493745701874578
2.25470293184955
3.025918691922334
0.39559677479461475
1.0212302574169685
0.56058888774325
0.1309560218401659
0.3339595449601744
0.1040883482836923
0.5961535903791845
0.3873049320079864
0.11019076302254949
0.4631552735470283
2.9980726862921188
0.39072897045336275
0.20549209966251722
0.44073266704274744
2.88249384895885
0.5852356730020618
0.19297039255112805
0.14971591191161895
0.13968755623851709
0.16970580310187802
0.1660633440365115
0.24412327739340534
3.285264424041884
8.477784446881389
0.2721341270479433
1.3478046735956586
0.48125025522187886
1.0985777159933372
0.1215092624384811
0.07385413796925304
2.9953191281263543
0.1363563094897475
0.1821878275229918
0.6904407634063424
2.07289755079877
0.3524944946280328
0.3035360726586522
0.08166901771635489
0.2311909005176647
1.8855483119619372
0.5719059667529365
0.22557187515753818
0.31086962079272834
0.338601612817457
0.30372272291817354
2.7266831824760813
0.6453485065227471
0.7229473330539461
0.35064104032191484
0.17556285524323878
0.1020645135801622
0.7198262988437789
0.18885784488313503
0.7227997715937744
1.3199654895178388
1.430231398208633
0.27095722241981557
0.1267126890725234
0.5068125626530428
0.09810467549724056
0.1893853408379591
0.01632139752855243
0.08472424449324074
0.049497008520205
0.3097063550321017
0.2564628764268399
2.6770531072276413
0.5766283625749629
0.1558284610551682
4.31817777012569
0.3027682905330479
0.16328930194123673
0.04927728894972127
0.3228970339343464
3.5070034908941725
2.8790350104154894
4.002743901195461
0.1779737840601496
0.495400174419955
0.4915280599498888
0.8593971525237732
0.04156482112037156
0.08688923659595833
0.052976985108991875
0.05022102829044031
0.07469458799952668
0.0567919962662404
0.1202886748839181
1.2668234016810846
0.8453253107386886
0.08147274299985473
0.19517987428318476
0.11863919440852587
0.9548819947134146
1.159457083629605
0.05751986853747778
0.13036044947355585
0.3031832799076401
1.3702856605861575
0.3259816212065863
0.07587182170022487
0.8513943001759857
0.11535271895731199
0.8118129357717959
1.726660725961097
0.17916640545607998
0.08744542252206454
0.7483718919095361
0.4148321600499514
0.3471716070057816
2.5899950260512625
0.1471065070317437
0.48715182320175293
0.015258038246377665
0.09945975172343006
0.6961106104671271
0.8605519863658229
1.4206261625239682
0.1196361681221403
0.05296947046236131
0.5814495360542505
0.05955760780316136
2.309101799107031
0.04727622816853194
0.03212051743520957
0.4049214405568868
1.2247925403191504
0.024597308769412088
0.3022561103588597
0.04695156054867699
0.45086345471287337
0.3329920098527786
0.23686225760495153
0.02852979126136031
2.5017333717317505
0.23207535543119032
0.6258372954778274
0.9158090701455025
0.4363885877758456
0.032907085109707614
0.6727137602421646
0.8285402558743455
0.9013825683781359
0.0408757760560317
1.0843580793765508
1.8838410230050364
0.10298244549379093
0.04531071195193012
0.15292720608759836
0.5482360358135313
0.07414963223201024
0.08472002116992272
0.34624140065134695
0.28499058572685526
0.1933312579419552
0.17137763641288273
0.6453089848497401
0.09871448142404814
0.14419132165480816
0.09530307480016569
0.08244297460710374
0.11484334459518863
0.11757212745197336
0.1645555199754912
0.4782139841939453
2.8032484557088235
0.08347446760410965
0.07538944136091667
0.14771703796670616
1.32329296373867
0.5754213218872736
0.11312571850813412
0.049078961309926505
0.1569936499182894
1.4982476533808085
1.270238499074507
0.1356256460678062
0.3709394805193775
0.15289006453187473
0.09752997344835734
0.14902070975948975
0.08558566012746062
0.37480710523731736
0.06510588938611468
0.07089048636627507
0.04940108239049407
0.03735979871639444
0.04745871957413339
0.9562220137786043
4.861970045962111
0.15988986581394818
0.1224526121896183
0.3759247018611098
1.9658473656544135
1.2191736457614388
0.7248722183575914
0.2437712110775445
0.13979423963136825
0.3639664929032464
0.2415179309013572
5.022203341343771
0.0637036608298709
0.10439684556391376
0.05849980773302963
0.10978390299640868
2.287586627524045
1.0481609752488386
1.4886831225150343
0.42981729772843735
2.8648934792731136
0.1023909343878454
0.15986713485428175
0.21451798797510635
7.554480157557749
0.023219489598760686
0.3442342899864852
0.6263484166218244
1.1349380406055916
0.3142358391858515
0.12254558443660886
0.08611156072361797
1.9221249254398607
0.07451395272193236
0.2862551756816266
0.04601658586519178
0.0666662188405038
0.20437278350252086
0.21909977024822166
0.8487816030480283
0.07060172055697998
1.5855303354407695
0.36648885753005983
0.23581654032427604
0.181072440528117
0.16075075068373149
0.07774704477070599
0.17636273146713297
0.10202069994765876
5.1720894374851065
0.779786800292595
2.7378908046987527
2.4920655146919732
0.09822589332042418
0.6199018385378738
0.05455129112829767
0.2583984640325176
1.127127874990326
0.1539496429350207
0.2697604544533461
0.3015430878600054
0.04713841054823006
6.9056930580136
0.04656010101263101
0.12613822439210673
0.19076881943139068
0.272788646639024
1.9160467528985337
1.1893995161059199
0.2044225982248492
0.1076079213014901
0.328277688241451
0.33907551184542783
0.7806534555781334
0.1860956802168459
1.8847949156368091
0.28793327763960824
0.20715178829953187
0.05671512197791357
0.27666678737299755
0.7605246866107099
0.08872290970025577
0.2021578451224436
0.02719648383241917
3.3323862167833096
5.890660164899991
0.6441744965183814
2.353547935950139
0.06589141790440776
0.1352217390393298
0.6583996061510119
0.9193191699545952
0.5796477732895101
0.35496240112276994
1.8771819175974656
5.008976819447986
1.1186525310220554
4.206578114227973
4.082360947182839
0.17900011838412944
0.11165774727921031
1.1180018720076828
2.348095949809359
0.2806884825950977
3.312393349784568
3.0141404501311317
0.10833020963981155
0.19185041948508466
2.725155151106387
0.15884968716274397
0.31723334154692706
0.16150888839381097
0.44595085314033
1.1975687890698674
2.8156587495099514
2.3668789493599776
4.412922075491678
1.728385924265764
0.16008523858616666
0.6703148914609254
0.42792793131696877
1.7887747364834379
0.3548166127492371
0.46674350430927986
1.2025475984944793
2.8794779851549084
1.0323670302987247
0.4098246268123049
0.26502120147327035
0.10325464451948763
0.1725339359575555
0.08067952600166793
0.4548732887421092
0.10190584625536521
0.8535091462179986
1.3585119651623898
0.14462769914886187
0.24302680036428972
0.1430087383855947
0.6156624537079336
0.354122616316038
1.4383785274118717
0.28985535083599606
0.2505066602776936
1.5318948982397032
0.21051240204457322
5.092800876010439
0.16551022367197396
0.15521668777554973
0.1787838769036776
0.17643099557346256
