"(7, 5, 0.1, 0.8, 0.8)","(7, 5, 0.1, 0.8, 1.0)","(7, 5, 0.1, 1.0, 0.8)","(7, 5, 0.1, 1.0, 1.0)","(7, 5, 0.2, 0.8, 0.8)","(7, 5, 0.2, 0.8, 1.0)","(7, 5, 0.2, 1.0, 0.8)","(7, 5, 0.2, 1.0, 1.0)","(7, 7, 0.1, 0.8, 0.8)","(7, 7, 0.1, 0.8, 1.0)","(7, 7, 0.1, 1.0, 0.8)","(7, 7, 0.1, 1.0, 1.0)","(7, 7, 0.2, 0.8, 0.8)","(7, 7, 0.2, 0.8, 1.0)","(7, 7, 0.2, 1.0, 0.8)","(7, 7, 0.2, 1.0, 1.0)","(7, 10, 0.1, 0.8, 0.8)","(7, 10, 0.1, 0.8, 1.0)","(7, 10, 0.1, 1.0, 0.8)","(7, 10, 0.1, 1.0, 1.0)","(7, 10, 0.2, 0.8, 0.8)","(7, 10, 0.2, 0.8, 1.0)","(7, 10, 0.2, 1.0, 0.8)","(7, 10, 0.2, 1.0, 1.0)","(15, 5, 0.1, 0.8, 0.8)","(15, 5, 0.1, 0.8, 1.0)","(15, 5, 0.1, 1.0, 0.8)","(15, 5, 0.1, 1.0, 1.0)","(15, 5, 0.2, 0.8, 0.8)","(15, 5, 0.2, 0.8, 1.0)","(15, 5, 0.2, 1.0, 0.8)","(15, 5, 0.2, 1.0, 1.0)","(15, 7, 0.1, 0.8, 0.8)","(15, 7, 0.1, 0.8, 1.0)","(15, 7, 0.1, 1.0, 0.8)","(15, 7, 0.1, 1.0, 1.0)","(15, 7, 0.2, 0.8, 0.8)","(15, 7, 0.2, 0.8, 1.0)","(15, 7, 0.2, 1.0, 0.8)","(15, 7, 0.2, 1.0, 1.0)","(15, 10, 0.1, 0.8, 0.8)","(15, 10, 0.1, 0.8, 1.0)","(15, 10, 0.1, 1.0, 0.8)","(15, 10, 0.1, 1.0, 1.0)","(15, 10, 0.2, 0.8, 0.8)","(15, 10, 0.2, 0.8, 1.0)","(15, 10, 0.2, 1.0, 0.8)","(15, 10, 0.2, 1.0, 1.0)","(31, 5, 0.1, 0.8, 0.8)","(31, 5, 0.1, 0.8, 1.0)","(31, 5, 0.1, 1.0, 0.8)","(31, 5, 0.1, 1.0, 1.0)","(31, 5, 0.2, 0.8, 0.8)","(31, 5, 0.2, 0.8, 1.0)","(31, 5, 0.2, 1.0, 0.8)","(31, 5, 0.2, 1.0, 1.0)","(31, 7, 0.1, 0.8, 0.8)","(31, 7, 0.1, 0.8, 1.0)","(31, 7, 0.1, 1.0, 0.8)","(31, 7, 0.1, 1.0, 1.0)","(31, 7, 0.2, 0.8, 0.8)","(31, 7, 0.2, 0.8, 1.0)","(31, 7, 0.2, 1.0, 0.8)","(31, 7, 0.2, 1.0, 1.0)","(31, 10, 0.1, 0.8, 0.8)","(31, 10, 0.1, 0.8, 1.0)","(31, 10, 0.1, 1.0, 0.8)","(31, 10, 0.1, 1.0, 1.0)","(31, 10, 0.2, 0.8, 0.8)","(31, 10, 0.2, 0.8, 1.0)","(31, 10, 0.2, 1.0, 0.8)","(31, 10, 0.2, 1.0, 1.0)"
0.06938891801975741,0.06555583445561486,0.07046177663939111,0.07410476363903563,0.07590532822750101,0.08264012346493745,0.07500222102065199,0.07825855574105062,0.06938891801975741,0.06555583445561486,0.07046177663939111,0.07410476363903563,0.07590532822750101,0.08264012346493745,0.07500222102065199,0.07825855574105062,0.06938891801975741,0.06555583445561486,0.07046177663939111,0.07410476363903563,0.07590532822750101,0.08264012346493745,0.07500222102065199,0.07825855574105062,0.0746354681213681,0.0747344760065591,0.06592859351993122,0.08117871594277605,0.07240846245544098,0.08398623347654292,0.08677007579416302,0.0774587181612534,0.0746354681213681,0.0747344760065591,0.06592859351993122,0.08117871594277605,0.07240846245544098,0.08398623347654292,0.08677007579416302,0.0774587181612534,0.0746354681213681,0.0747344760065591,0.06592859351993122,0.08117871594277605,0.07240846245544098,0.08398623347654292,0.08677007579416302,0.0774587181612534,0.07789899127516951,0.07098953153547466,0.07082155363744466,0.07352887746031184,0.07722688771485657,0.07400547121586161,0.07519738187225854,0.07719754107078214,0.08029524821051176,0.061251302489252375,0.06871782841349289,0.07437151764246269,0.08094224473075172,0.07301501027288304,0.06804214204052271,0.08987165433821495,0.08029524821051176,0.061251302489252375,0.06871782841349289,0.07437188088752482,0.08094224473075172,0.07301501027288304,0.0686608153379946,0.08987165433821495
0.047775596719525575,0.039819383576476436,0.04526296266303898,0.04677772257418158,0.044303934432783416,0.05325440037368317,0.04048544643984621,0.03756874619990064,0.047775596719525575,0.039819383576476436,0.04526296266303898,0.04677772257418158,0.044303934432783416,0.05325440037368317,0.04048544643984621,0.03756874619990064,0.047775596719525575,0.039819383576476436,0.04526296266303898,0.04677772257418158,0.044303934432783416,0.05325440037368317,0.04048544643984621,0.03756874619990064,0.05256090718425426,0.05267794181510507,0.045828896829407294,0.047572604785912916,0.033692952733043506,0.043163556058792046,0.02447784580845315,0.05481661357729407,0.05256090718425426,0.05267794181510507,0.045828896829407294,0.047572604785912916,0.033692952733043506,0.043163556058792046,0.02484014883754099,0.056847358943038426,0.05256090718425426,0.05267794181510507,0.045828896829407294,0.047572604785912916,0.033692952733043506,0.043163556058792046,0.02484014883754099,0.056847358943038426,0.06242962947411607,0.048547002176474556,0.04467163228709922,0.03917138391495906,0.04499329676884532,0.057478030402062494,0.04509829008784439,0.05463520033226092,0.05414927730482573,0.05692319262674764,0.060467564527729056,0.04421223492745806,0.049287371568807956,0.045324551759823015,0.06458704029294177,0.04699537521632797,0.05414927730482573,0.05692319262674764,0.06046754638112773,0.04421223492745806,0.049287371568807956,0.045324551759823015,0.06198824796414453,0.04606830772045581
0.005775807786279904,0.0037844139027492754,0.002651251559283919,0.006128636430187767,0.007563991238719434,0.01477878984679394,0.012564061625467965,0.024742545102902528,0.005775807786279904,0.0037844139027492754,0.002651251559283919,0.006128636430187767,0.007563991238719434,0.01477878984679394,0.012564061625467965,0.024742545102902528,0.005775807786279904,0.0037844139027492754,0.002651251559283919,0.006128636430187767,0.007563991238719434,0.01477878984679394,0.012564061625467965,0.024742545102902528,0.00592204316070405,0.009042783591248922,0.005303069136532045,0.007478353687178258,0.006074021848616973,0.015649497365845276,0.006712373961647136,0.006813761394455483,0.00592204316070405,0.009042783591248922,0.005303069136532045,0.007478353687178258,0.006074021848616973,0.015649497365845276,0.006712373961647136,0.006813761394455483,0.00592204316070405,0.009042783591248922,0.005303069136532045,0.007478353687178258,0.006074021848616973,0.015649497365845276,0.006712373961647136,0.006813761394455483,0.006084229370086891,0.006547814648731123,0.008265021183975799,0.0025760362260126243,0.01431713036496155,0.0031272735420841704,0.011738767265550327,0.0073674087078865694,0.007739507268617205,0.005896281571358451,0.005818551055989891,0.003236606231149582,0.009642270850430491,0.003183399781102165,0.008117044323072942,0.010140941555990839,0.007739507268617205,0.005896281571358451,0.005818551055989891,0.003236606231149582,0.009642270850430491,0.003183399781102165,0.008114219539053884,0.010140941555990839
0.10714949824009795,0.09335758919478167,0.10823927011097706,0.09220076063262166,0.09544637118084368,0.08299556254073036,0.09188773868925632,0.08778699294725346,0.10714949824009795,0.09335758919478167,0.10823927011097706,0.09220076063262166,0.09544637118084368,0.08299556254073036,0.09188773868925632,0.08778699294725346,0.10714949824009795,0.09335758919478167,0.10823927011097706,0.09220076063262166,0.09544637118084368,0.08299556254073036,0.09188773868925632,0.08778699294725346,0.08846865119076062,0.09611493201975135,0.10908251007079257,0.09197197565799099,0.12966509827909098,0.07581844050181513,0.07829928520554592,0.1175546286672357,0.08846865119076062,0.09611493201975135,0.10908251007079257,0.09197197565799099,0.12966509827909098,0.07574998633564195,0.07829928520554592,0.1175546286672357,0.08846865119076062,0.09611493201975135,0.10908251007079257,0.09197197565799099,0.12966509827909098,0.07574998633564195,0.07829928520554592,0.1175546286672357,0.0815324112124309,0.10060982495802366,0.07074014024925393,0.0836310911383108,0.08958467211003861,0.07643679918985827,0.07811507197576427,0.09979849444714511,0.07585432218704226,0.08251084541932621,0.09068474075465338,0.0941526437544002,0.04168297718727954,0.09574816286477117,0.06662809538909596,0.13220013441199488,0.07585432218704226,0.08251084541932621,0.09068474075465338,0.0941526437544002,0.04168297718727954,0.09574816286477117,0.06662809538909596,0.13220013441199488
0.07966346480322788,0.06609041538704123,0.0815250767862037,0.09579231244260335,0.0651551398861731,0.08790935290629001,0.08934564641901103,0.06226254203277792,0.07966346480322788,0.06609041538704123,0.0815250767862037,0.09579231244260335,0.0651551398861731,0.08790935290629001,0.08934564641901103,0.06226254203277792,0.07966346480322788,0.06609041538704123,0.0815250767862037,0.09579231244260335,0.0651551398861731,0.08790935290629001,0.08934564641901103,0.06226254203277792,0.055483731692493106,0.08391303912721747,0.08500293159249533,0.08837940248443489,0.04965961561843867,0.07559476615733435,0.07196875868101654,0.06938316387107829,0.055483731692493106,0.08391303912721747,0.08500293159249533,0.08837940248443489,0.04965961561843867,0.07559476615733435,0.07196875868101654,0.06938316387107829,0.055483731692493106,0.08391303912721747,0.08500293159249533,0.08837940248443489,0.04965961561843867,0.07559476615733435,0.07196875868101654,0.06938316387107829,0.05565837241168321,0.09856841203722078,0.08407778443457109,0.10600341985323954,0.040581887419239626,0.055238747341814436,0.08338796565564838,0.07998449324760742,0.04549770082509266,0.08739753851798088,0.07334715143129582,0.12203600016614419,0.05290230704049686,0.04271960835974752,0.05429962916100182,0.09974316715726438,0.04549770082509266,0.08739753851798088,0.07334715143129582,0.12203600016614419,0.05290230704049686,0.04271960835974752,0.04691321871451137,0.09974316715726438
0.011833203915137399,0.009834346137968193,0.0029461618315925085,0.003392484409726236,0.016286902783420133,0.03210246319783908,0.03239071653573996,0.011636460311656827,0.011833203915137399,0.009834346137968193,0.0029461618315925085,0.003392484409726236,0.016286902783420133,0.03210246319783908,0.03239071653573996,0.011636460311656827,0.011833203915137399,0.009834346137968193,0.0029461618315925085,0.003392484409726236,0.016286902783420133,0.03210246319783908,0.03239071653573996,0.011636460311656827,0.0120968490675807,0.00819920856415602,0.0037966287593414107,0.0018234096401739841,0.006486209952100221,0.0038666266200043232,0.002921358342442849,0.0020679609215507213,0.0120968490675807,0.00819920856415602,0.0037966287593414107,0.0018234096401739841,0.006486209952100221,0.0038666266200043232,0.002921358342442849,0.0020679609215507213,0.0120968490675807,0.00819920856415602,0.0037966287593414107,0.0018234096401739841,0.006486209952100221,0.0038666266200043232,0.002921358342442849,0.0020679609215507213,0.0013492235944401899,0.0012254093879321526,0.0016418741861776653,0.0016245705719306273,0.002978053400151544,0.004127291889444551,0.0011585868111851578,0.003932638380372644,0.001450885217320095,0.000950352378411174,0.00115425939138298,0.0005276699181112748,0.002038668276791462,0.0025300223664560524,0.004034078093266494,0.0005525728859481981,0.001450885217320095,0.000950352378411174,0.00115425939138298,0.0015477459020644053,0.002038668276791462,0.0025300223664560524,0.004034078093266494,0.0016434922261302114
0.08923591410168669,0.09355676992103067,0.0891670159169719,0.09031628476950886,0.10402474247892418,0.10368448502362665,0.1046889560401643,0.09382963206591782,0.08923591410168669,0.09355676992103067,0.0891670159169719,0.09031628476950886,0.10402474247892418,0.10368448502362665,0.1046889560401643,0.09382963206591782,0.08923591410168669,0.09355676992103067,0.0891670159169719,0.09031628476950886,0.10402474247892418,0.10368448502362665,0.1046889560401643,0.09382963206591782,0.10281778994199738,0.09165844703771013,0.09442359771755347,0.09899008753500595,0.09351627782077615,0.10651408736093171,0.09288536659330669,0.10062999152609674,0.10281778994199738,0.09165844703771013,0.09442359771755347,0.09899008753500595,0.09351627782077615,0.10651408736093171,0.09288536659330669,0.10062999152609674,0.10281778994199738,0.09165844703771013,0.09442359771755347,0.09899008753500595,0.09351627782077615,0.10651408736093171,0.09288536659330669,0.10062999152609674,0.10581103962588918,0.11544998892895565,0.09766389620551773,0.1123514440062608,0.12761210581791146,0.07302275449635486,0.0791555322261451,0.09102830247121424,0.1060424897811888,0.1072509147098616,0.09903034317822357,0.11587430788223375,0.10748263630220806,0.1389971986357779,0.07351007827499022,0.11982646072377616,0.1060424897811888,0.1072509147098616,0.0980122071709406,0.11587430788223375,0.10748263630220806,0.1389971986357779,0.07351007827499022,0.10094244046046325
0.03790008671420452,0.032214739908285904,0.033292830326235305,0.042815085542255965,0.03672087933243239,0.04173768754291704,0.03956624263261672,0.036104610308223234,0.03790008671420452,0.032214739908285904,0.033292830326235305,0.042815085542255965,0.03672087933243239,0.04173768754291704,0.03956624263261672,0.036104610308223234,0.03790008671420452,0.032214739908285904,0.033292830326235305,0.042815085542255965,0.03672087933243239,0.04173768754291704,0.03956624263261672,0.036104610308223234,0.04860500534017199,0.04808333143108845,0.03387246566834599,0.040384930142973514,0.05742944045826704,0.06673942748306921,0.06913790392864393,0.04484227463385025,0.04860500534017199,0.04808333143108845,0.03387246566834599,0.040384930142973514,0.05742944045826704,0.06673942748306921,0.04470065994147098,0.04484227463385025,0.04860500534017199,0.04808333143108845,0.03387246566834599,0.040384930142973514,0.05742944045826704,0.06673942748306921,0.04470065994147098,0.04484227463385025,0.058217151090357515,0.04217083405190006,0.043808374161086384,0.0380787570052361,0.045632429903058984,0.04593338927078727,0.05248538511740397,0.03962424812001141,0.047540314604274506,0.043020714083691694,0.04152685334767922,0.03836440288262561,0.06375223302693167,0.06901216194172813,0.028183790045636762,0.027458734340705972,0.047540314604274506,0.043020508127411566,0.04176765248763569,0.03846781496950577,0.06375223302693167,0.06901216194172813,0.029079697861878417,0.028883547366931148
0.026898913246489357,0.027722004160501152,0.029274398621589804,0.033361987348299926,0.03631653335040429,0.031197541731036154,0.056695712637652135,0.03916986232333064,0.026898913246489357,0.027722004160501152,0.029274398621589804,0.033361987348299926,0.03631653335040429,0.031197541731036154,0.056695712637652135,0.03916986232333064,0.026898913246489357,0.027722004160501152,0.029274398621589804,0.033361987348299926,0.03631653335040429,0.031197541731036154,0.056695712637652135,0.03916986232333064,0.042055802095947344,0.03273968276671068,0.038934033090977566,0.032612838300391085,0.056401401012018786,0.04038778624946493,0.04404301874423505,0.056835914104651164,0.04253007565450654,0.03273968276671068,0.03403644895785423,0.030357349371722187,0.056401401012018786,0.04038778624946493,0.0387356945598445,0.06969370731601232,0.04253007565450654,0.03273968276671068,0.03403644895785423,0.030357349371722187,0.056401401012018786,0.04038778624946493,0.0387356945598445,0.06969370731601232,0.03680385050129217,0.03873153926938932,0.058993954733546676,0.0357542395670468,0.0574742274915146,0.0573803271809246,0.05538335594591459,0.05843009046937497,0.04232550788264306,0.04119836625275771,0.04987623299407746,0.04287075589086007,0.10424989891053021,0.02573234738889101,0.07689061087215639,0.04568882762717371,0.04232550788264306,0.04119836625275771,0.0443810897616854,0.03906613465664497,0.10310974918381531,0.02573234738889101,0.07021284177183308,0.051934054300515065
0.0024675133905569455,0.0015615553387633122,0.0015096222638995118,0.0019881560693670733,0.003012588315511101,0.002461992975746049,0.0062264995160284066,0.004029926144176494,0.0024675133905569455,0.0015615553387633122,0.0015096222638995118,0.0019881560693670733,0.003012588315511101,0.002461992975746049,0.0062264995160284066,0.004029926144176494,0.0024675133905569455,0.0015615553387633122,0.0015096222638995118,0.0019881560693670733,0.003012588315511101,0.002461992975746049,0.0062264995160284066,0.004029926144176494,0.0020818955465737453,0.002887308532190551,0.0011842902416064392,0.0014012451863813806,0.004037094935971615,0.00785950684912547,0.0017229480807347923,0.0014385258127425009,0.0020818955465737453,0.002887308532190551,0.0011842902416064392,0.0014012451863813806,0.004037094935971615,0.00785950684912547,0.0017229480807347923,0.0014385258127425009,0.0020818955465737453,0.002887308532190551,0.0011842902416064392,0.0014012451863813806,0.004037094935971615,0.00785950684912547,0.0017229480807347923,0.0014385258127425009,0.0019757550575482167,0.0034839500057309474,0.001532267989743326,0.001499681005252733,0.006868164308530532,0.00827000683870681,0.007827050089457598,0.0018294216920159807,0.0008738073400333684,0.0038456016456671124,0.0015707769389175204,0.003931039375181009,0.006943252631136974,0.0025309600081116217,0.005179013686784749,0.002053419691553637,0.0008738073400333684,0.0038456016456671124,0.0015707769389175204,0.003931039375181009,0.006943252631136974,0.0025309600081116217,0.005179013686784749,0.002053419691553637
0.04835479161635418,0.052781052779284014,0.051667905182119785,0.050443380298085094,0.06857635716547085,0.06344148362942902,0.07890867119916557,0.0647892359401582,0.04835479161635418,0.052781052779284014,0.051667905182119785,0.050443380298085094,0.06857635716547085,0.06344148362942902,0.07890867119916557,0.0647892359401582,0.04835479161635418,0.052781052779284014,0.051667905182119785,0.050443380298085094,0.06857635716547085,0.06344148362942902,0.07890867119916557,0.0647892359401582,0.07201587980539197,0.06518929711713212,0.05562844839915928,0.06928984795455793,0.09202509703028684,0.10242918617503133,0.06912810469170061,0.05957910516503081,0.07201587980539197,0.06518929711713212,0.05562844839915928,0.06928984795455793,0.09202509703028684,0.10242918617503133,0.06912810469170061,0.05957910516503081,0.07201587980539197,0.06518929711713212,0.05562844839915928,0.06928984795455793,0.09202509703028684,0.10242918617503133,0.06912810469170061,0.05957910516503081,0.05559257318594275,0.07052734471983912,0.06840792289931212,0.07025864208437811,0.13169496152969998,0.07547433348681132,0.07026241546558563,0.08075375022884512,0.05760968903609531,0.06157712150886296,0.04763240965843801,0.06787079728496143,0.06903601011898138,0.050703089789989685,0.05737548132132069,0.059685034606209796,0.057575806961900976,0.06157712150886296,0.04662185952981875,0.06737092643561231,0.06903601011898138,0.050703089789989685,0.060319546774905856,0.06062537548700806
0.04435471778705228,0.0316938845960381,0.05602750103794081,0.03319914393822238,0.06509963005160613,0.07305901442651251,0.06805844968065401,0.01444054857851828,0.04435471778705228,0.0316938845960381,0.05602750103794081,0.03319914393822238,0.06509963005160613,0.07305901442651251,0.06805844968065401,0.01444054857851828,0.04435471778705228,0.0316938845960381,0.05602750103794081,0.03319914393822238,0.06509963005160613,0.07305901442651251,0.06805844968065401,0.01444054857851828,0.045635235563814484,0.047449900881972984,0.03995075363754143,0.025467331003374092,0.07849395671504197,0.04233980136130301,0.04872856104144918,0.055973347518400406,0.045635235563814484,0.047449900881972984,0.03995075363754143,0.025467331003374092,0.07849395671504197,0.041955875099763215,0.04872856104144918,0.055973347518400406,0.045635235563814484,0.047449900881972984,0.03995075363754143,0.025467331003374092,0.07849395671504197,0.041955875099763215,0.04872856104144918,0.055973347518400406,0.04048281782578514,0.03714512667751743,0.049577648987647875,0.01197220476427943,0.04577922351372178,0.03078001002307129,0.062320595909802996,0.03321191143748732,0.02590875336352222,0.035371585882938934,0.03938286835963226,0.040782847602178325,0.07587139725778297,0.02102389971241286,0.042742783403972875,0.044422791599641714,0.02590875336352222,0.035371585882938934,0.03629813602724118,0.040782847602178325,0.07587139725778297,0.02102389971241286,0.0418252385284605,0.04104796401653195
0.01764657724723336,0.01940281843170932,0.022602142927842083,0.017809471126648654,0.03980999280873854,0.043013223800050085,0.01936446135409173,0.024023729543304496,0.01764657724723336,0.01940281843170932,0.022602142927842083,0.017809471126648654,0.03980999280873854,0.043013223800050085,0.01936446135409173,0.024023729543304496,0.01764657724723336,0.01940281843170932,0.022602142927842083,0.017809471126648654,0.03980999280873854,0.043013223800050085,0.01936446135409173,0.024023729543304496,0.020861648009457435,0.026961998258531353,0.02718938148361923,0.025066393633963773,0.04275670612723944,0.04756829397940014,0.04351345855893363,0.04807601429619468,0.020861648009457435,0.026961998258531353,0.02718938148361923,0.025066393633963773,0.04275670612723944,0.04756829397940014,0.04351345855893363,0.04807601429619468,0.020861648009457435,0.026961998258531353,0.02718938148361923,0.025066393633963773,0.04275670612723944,0.04756829397940014,0.04351345855893363,0.04807601429619468,0.033536052684155514,0.027446012015209454,0.036419979475150036,0.02869501037087415,0.039676855675809995,0.045059706823410865,0.0439746144745662,0.05628166033179199,0.030365843601811486,0.028778633718226775,0.02196687965179315,0.025650307078859274,0.033381055507193474,0.0359740208486632,0.05334976854814425,0.030264350848549885,0.030365843601811486,0.028778633718226775,0.02196687965179315,0.029740519417348094,0.03986410168461863,0.0359740208486632,0.03449637253991551,0.038949082309661494
0.022588391681191564,0.024518491463638846,0.021533817698658874,0.02434140260192127,0.02135311016730832,0.02157019327140008,0.02410519584785431,0.025663242932202533,0.022588391681191564,0.024518491463638846,0.021533817698658874,0.02434140260192127,0.02135311016730832,0.02157019327140008,0.02410519584785431,0.025663242932202533,0.022588391681191564,0.024518491463638846,0.021533817698658874,0.02434140260192127,0.02135311016730832,0.02157019327140008,0.02410519584785431,0.025663242932202533,0.027836466250824362,0.02815253165091211,0.024318336667859864,0.026413479309058973,0.018552533436721592,0.01920465772429448,0.019253255972993346,0.029373128825121102,0.027836466250824362,0.02815253165091211,0.024318336667859864,0.026413479309058973,0.018552533436721592,0.01920465772429448,0.019253255972993346,0.027181037025868583,0.027836466250824362,0.02815253165091211,0.024318336667859864,0.026413479309058973,0.018552533436721592,0.01920465772429448,0.019253255972993346,0.027181037025868583,0.027388178930216615,0.021363612103735653,0.028791389761594566,0.023484116621266645,0.018341084184611327,0.028611609697226297,0.021887144831313245,0.02557258064984292,0.02558575665518198,0.029302438146359324,0.02427903332661104,0.023352723788270874,0.0272425268358974,0.02693537782037757,0.018006262943805418,0.027322643118987803,0.02558575665518198,0.029302438146359324,0.023922425887367257,0.024007039872266298,0.0272425268358974,0.02693537782037757,0.0220032843493703,0.022084612650716966
0.016753547170492784,0.01809245358722848,0.017661868151784516,0.018092567844043148,0.016744896190675696,0.015166584642469448,0.018983001564815284,0.019337852383220038,0.016753547170492784,0.01809245358722848,0.017661868151784516,0.018092567844043148,0.016744896190675696,0.015166584642469448,0.018983001564815284,0.019337852383220038,0.016753547170492784,0.01809245358722848,0.017661868151784516,0.018092567844043148,0.016744896190675696,0.015166584642469448,0.018983001564815284,0.019337852383220038,0.014692370160217202,0.014651307591753673,0.015778518982559143,0.015434780955893648,0.022079706876846517,0.01413348071532049,0.0146731327829249,0.015621373016362475,0.014692370160217202,0.014651307591753673,0.015778518982559143,0.015434780955893648,0.018609589738443066,0.01413348071532049,0.0146731327829249,0.015621373016362475,0.014692370160217202,0.014651307591753673,0.015778518982559143,0.015434780955893648,0.018609589738443066,0.01413348071532049,0.0146731327829249,0.015621373016362475,0.012445146841783144,0.015006031386428777,0.01417837267520834,0.017447502975066007,0.01753514927244464,0.015196200883813205,0.015845999727937647,0.01713674186268144,0.014595891813810182,0.01684553082894829,0.01497139805087182,0.018266246555233734,0.01677515972934062,0.016326705007464016,0.01987076849850788,0.021495708125868783,0.014595891813810182,0.01684553082894829,0.015712374500688606,0.01874840296421795,0.01677515972934062,0.016326705007464016,0.01987076849850788,0.01967057383027698
0.02782310936125827,0.02999591131998388,0.030045388001001417,0.033122115593632845,0.029468862476233672,0.0357133848067435,0.028613745848815327,0.030324395422614694,0.02782310936125827,0.02999591131998388,0.030045388001001417,0.033122115593632845,0.029468862476233672,0.0357133848067435,0.028613745848815327,0.030324395422614694,0.02782310936125827,0.02999591131998388,0.030045388001001417,0.033122115593632845,0.029468862476233672,0.0357133848067435,0.028613745848815327,0.030324395422614694,0.027573888694680394,0.03013364949956927,0.029498435027881773,0.02699905583116871,0.022090294865675198,0.026041214321673445,0.030549136762592768,0.03397490981460856,0.027573888694680394,0.03013364949956927,0.029498435027881773,0.02699905583116871,0.022090294865675198,0.026041214321673445,0.030549136762592768,0.03397490981460856,0.027573888694680394,0.03013364949956927,0.029498435027881773,0.02699905583116871,0.022090294865675198,0.026041214321673445,0.030549136762592768,0.03397490981460856,0.025675782783352096,0.03376595970798959,0.033874941339964014,0.030907501995837857,0.025534970800149565,0.021135571842349283,0.028814775259604377,0.028208675920502562,0.03065165341540829,0.03374452555784891,0.03335063936106315,0.030034842213917484,0.026338585093900645,0.025933826594683133,0.025537776416533677,0.03437830975413281,0.03065165341540829,0.03374452555784891,0.03398911312131175,0.03131413287291777,0.026338585093900645,0.025933826594683133,0.025537776416533677,0.03501724411145352
0.02142380916103498,0.020505665098959625,0.017926623445532013,0.020402819260114013,0.02183808488413053,0.01979888709513869,0.022569139307386864,0.02117237823631856,0.02142380916103498,0.020505665098959625,0.017926623445532013,0.020402819260114013,0.02183808488413053,0.01979888709513869,0.022569139307386864,0.02117237823631856,0.02142380916103498,0.020505665098959625,0.017926623445532013,0.020402819260114013,0.02183808488413053,0.01979888709513869,0.022569139307386864,0.02117237823631856,0.01952466743226292,0.019693264267771772,0.016108802350861033,0.019010325645166266,0.019351285887734347,0.017767270864721182,0.018033020773142165,0.021167655774228078,0.01952466743226292,0.019693264267771772,0.016108802350861033,0.019010325645166266,0.019351285887734347,0.017767270864721182,0.018033020773142165,0.021167655774228078,0.01952466743226292,0.019693264267771772,0.016108802350861033,0.019010325645166266,0.019351285887734347,0.017767270864721182,0.018033020773142165,0.021167655774228078,0.020809596467470107,0.019291419015523288,0.019969848938403954,0.021528748003536855,0.02205596217595885,0.025826684625836354,0.024079407307377492,0.02119579908327929,0.01613274748547756,0.017404806603496692,0.01973142697902481,0.017926781309778372,0.020134381130356902,0.025789761353028295,0.024621406719006533,0.017491521715047812,0.01613274748547756,0.017404806603496692,0.01713016994069942,0.018220765782118814,0.020134381130356902,0.025789761353028295,0.024621406719006533,0.020135879839726395
0.027800607144348708,0.02447848351139807,0.026044888833193124,0.026289846608334104,0.029156975049251268,0.022085116114449365,0.03304471936870527,0.03131166097184319,0.027800607144348708,0.02447848351139807,0.026044888833193124,0.026289846608334104,0.029156975049251268,0.022085116114449365,0.03304471936870527,0.03131166097184319,0.027800607144348708,0.02447848351139807,0.026044888833193124,0.026289846608334104,0.029156975049251268,0.022085116114449365,0.03304471936870527,0.03131166097184319,0.030479619176253133,0.020847056158942962,0.025960481437676923,0.026749576850748847,0.02338075088775221,0.022624548210266687,0.01943695351879785,0.024714593735296244,0.030479619176253133,0.020847056158942962,0.025960481437676923,0.026749576850748847,0.02338075088775221,0.022624548210266687,0.01943695351879785,0.024714593735296244,0.030479619176253133,0.020847056158942962,0.025960481437676923,0.026749576850748847,0.02338075088775221,0.022624548210266687,0.01943695351879785,0.024714593735296244,0.023105225691805207,0.01923302152401354,0.019544951534310528,0.024691429800000504,0.02436521159487699,0.013071009873007576,0.016389066238153834,0.023857812226207583,0.017529174237425345,0.02831323930319791,0.016434441180171157,0.024619607897526475,0.015634253514273205,0.028007396387074807,0.020317244273911926,0.015262412924237316,0.017529174237425345,0.02831323930319791,0.016434441180171157,0.024619607897526475,0.015634253514273205,0.028007396387074807,0.020317244273911926,0.01024460756734087
0.021745564062634764,0.026865210847386762,0.024026398144975095,0.02936557456838625,0.026163343566493743,0.01947532361655164,0.03268084574766836,0.029058542078887088,0.021745564062634764,0.026865210847386762,0.024026398144975095,0.02936557456838625,0.026163343566493743,0.01947532361655164,0.03268084574766836,0.029058542078887088,0.021745564062634764,0.026865210847386762,0.024026398144975095,0.02936557456838625,0.026163343566493743,0.01947532361655164,0.03268084574766836,0.029058542078887088,0.025560866712113977,0.03122009852677016,0.02969487242416408,0.030645902767669837,0.016927315102738174,0.007754486096334441,0.01220949730276902,0.016608523773628543,0.025560866712113977,0.03122009852677016,0.02969487242416408,0.030645902767669837,0.016927315102738174,0.007754486096334441,0.01220949730276902,0.016608523773628543,0.025560866712113977,0.03122009852677016,0.02969487242416408,0.030645902767669837,0.016927315102738174,0.007754486096334441,0.01220949730276902,0.016608523773628543,0.0188431721619318,0.027953807962019007,0.018629389223350404,0.031340618517031966,0.020189103643795368,0.009978721426756272,0.017007285339694134,0.01768690981231197,0.021854077754438834,0.02081380479672303,0.02981300684802765,0.02319575542044233,0.009671180701992787,0.007348726032928343,0.004763572446224217,0.017697587036890318,0.021854077754438834,0.02081380479672303,0.02981300684802765,0.02319575542044233,0.009671180701992787,0.007348726032928343,0.004763572446224217,0.017697587036890318
0.09679752659751155,0.09511120107173736,0.09463851475054362,0.094100581951171,0.1019239964577467,0.09839053424211819,0.10426409404054787,0.09520153883242503,0.09679752659751155,0.09511120107173736,0.09463851475054362,0.094100581951171,0.1019239964577467,0.09839053424211819,0.10426409404054787,0.09520153883242503,0.09679752659751155,0.09511120107173736,0.09463851475054362,0.094100581951171,0.1019239964577467,0.09839053424211819,0.10426409404054787,0.09520153883242503,0.09473258817769108,0.0979732646869188,0.09421094033330984,0.09050197537673658,0.10644205896707166,0.11775840470654748,0.09656132665391849,0.10524288233466296,0.09473258817769108,0.0979732646869188,0.09421094033330984,0.09050197537673658,0.10644205896707166,0.11775840470654748,0.09656132665391849,0.10524288233466296,0.09473258817769108,0.0979732646869188,0.09421094033330984,0.09050197537673658,0.10644205896707166,0.11775840470654748,0.09656132665391849,0.10524288233466296,0.10145740618316185,0.10052371480734436,0.09941509324938763,0.10325800661694962,0.10185958430805138,0.12460892546371549,0.09305878740429753,0.12939378258150963,0.0974321921417598,0.1025869001801094,0.10086917864170859,0.10619205825390345,0.1296384730698966,0.11850223725630195,0.10558916577474235,0.11602241350220617,0.0974321921417598,0.1025869001801094,0.10086917864170859,0.10619205825390345,0.1296384730698966,0.11850223725630195,0.10558916577474235,0.11602241350220617
0.06207238744573666,0.058471212454472475,0.06292988826706661,0.05883762148901263,0.06319751146926561,0.05759336995166312,0.058351910367002977,0.05573635912555054,0.06207238744573666,0.058471212454472475,0.06292988826706661,0.05883762148901263,0.06319751146926561,0.05759336995166312,0.058351910367002977,0.05573635912555054,0.06207238744573666,0.058471212454472475,0.06292988826706661,0.05883762148901263,0.06319751146926561,0.05759336995166312,0.058351910367002977,0.05573635912555054,0.06230534042816939,0.06395052248847498,0.06763295388883786,0.05953406341025835,0.05702669415830196,0.04810331136191674,0.06704873766142676,0.06085585446239881,0.06230534042816939,0.06395052248847498,0.06763295388883786,0.05953406341025835,0.05702669415830196,0.04810331136191674,0.06704873766142676,0.06085585446239881,0.06230534042816939,0.06395052248847498,0.06763295388883786,0.05953406341025835,0.05702669415830196,0.04810331136191674,0.06704873766142676,0.06085585446239881,0.060698524697358903,0.05408575704859869,0.05474659808550816,0.058864776110057346,0.057664894376880195,0.03786008900362003,0.0625251680166209,0.06575179096556269,0.06329077753531799,0.05717793338051984,0.04718895591922862,0.06090876071930099,0.07591495838811971,0.06347440168112128,0.054046471485535784,0.05952406560766481,0.06329077753531799,0.05717793338051984,0.04718895591922862,0.06090876071930099,0.07591495838811971,0.06347440168112128,0.054046471485535784,0.05952406560766481
0.013370470276900488,0.013488001743428948,0.013801100971298974,0.014192134661646049,0.010813021272016079,0.008849238393632958,0.008956107469782986,0.014205381258047415,0.013370470276900488,0.013488001743428948,0.013801100971298974,0.014192134661646049,0.010813021272016079,0.008849238393632958,0.008956107469782986,0.014205381258047415,0.013370470276900488,0.013488001743428948,0.013801100971298974,0.014192134661646049,0.010813021272016079,0.008849238393632958,0.008956107469782986,0.014205381258047415,0.006260741281653407,0.009171796747721707,0.009177979041988653,0.010160861524341164,0.010622349449840396,0.008056871430586,0.006317373255332421,0.004492866332469797,0.006260741281653407,0.009171796747721707,0.009177979041988653,0.010160861524341164,0.010622349449840396,0.008056871430586,0.006317373255332421,0.004492866332469797,0.006260741281653407,0.009171796747721707,0.009177979041988653,0.010160861524341164,0.010622349449840396,0.008056871430586,0.006317373255332421,0.004492866332469797,0.009393029458627142,0.010247986004838377,0.008363627565890356,0.010557823063665811,0.014015717300399208,0.00769603475627543,0.012436371628647785,0.008680830237498473,0.008282662195842512,0.008648164363522993,0.008140682565940568,0.010252198685616701,0.007987020020717368,0.008980832640942401,0.013321795509834502,0.005083916548865634,0.008282662195842512,0.008648164363522993,0.008140682565940568,0.010252198685616701,0.007987020020717368,0.008980832640942401,0.013321795509834502,0.005083916548865634
0.07041015540713295,0.08173859071244388,0.06813860375666957,0.07217032920660707,0.08276814919552553,0.08466444599160837,0.06685376222364539,0.08042245085214343,0.07041015540713295,0.08173859071244388,0.06813860375666957,0.07217032920660707,0.08276814919552553,0.08466444599160837,0.06685376222364539,0.08042245085214343,0.07041015540713295,0.08173859071244388,0.06813860375666957,0.07217032920660707,0.08276814919552553,0.08466444599160837,0.06685376222364539,0.08042245085214343,0.07065561676966817,0.07869778441547577,0.07063772768021377,0.06316058248469468,0.07209510611543757,0.07004438059954013,0.06451446577299175,0.07115560497232246,0.07065561676966817,0.07869778441547577,0.07063772768021377,0.06316058248469468,0.07209510611543757,0.07004438059954013,0.06451446577299175,0.07115560497232246,0.07065561676966817,0.07869778441547577,0.07063772768021377,0.06316058248469468,0.07209510611543757,0.07004438059954013,0.06451446577299175,0.07115560497232246,0.08248728298188432,0.07018403061200111,0.06785119846825474,0.057968570917007314,0.07928157128027863,0.061306385154654065,0.09189658567523455,0.10476158210682884,0.0802084674763213,0.06626711673137559,0.06909267123018922,0.08057309337651301,0.08384823682797908,0.0714009346664489,0.07970795587869334,0.08664135929638925,0.0802084674763213,0.06626711673137559,0.06909267123018922,0.08057309337651301,0.08384823682797908,0.0714009346664489,0.07970795587869334,0.08664135929638925
0.027399971892454224,0.02434056172855057,0.02807688408792592,0.030532911349301427,0.02209395379220196,0.027611118180344736,0.027559876733929123,0.027123306197328445,0.027399971892454224,0.02434056172855057,0.02807688408792592,0.030532911349301427,0.02209395379220196,0.027611118180344736,0.027559876733929123,0.027123306197328445,0.027399971892454224,0.02434056172855057,0.02807688408792592,0.030532911349301427,0.02209395379220196,0.027611118180344736,0.027559876733929123,0.027123306197328445,0.02833195354036947,0.03008942450778219,0.03037520863566972,0.025417084376677467,0.024629100096161215,0.021564589135932115,0.02497948894804129,0.024078585459669354,0.02833195354036947,0.03008942450778219,0.03037520863566972,0.025417084376677467,0.024629100096161215,0.021564589135932115,0.02497948894804129,0.024078585459669354,0.02833195354036947,0.03008942450778219,0.03037520863566972,0.025417084376677467,0.024629100096161215,0.021564589135932115,0.02497948894804129,0.024078585459669354,0.02718201605069805,0.02491608386184695,0.026173543149223204,0.02330579619893522,0.02010131080692227,0.015593478059818311,0.01906608546019719,0.02219684771281548,0.026367770709152794,0.025347664128758274,0.028801154404229333,0.022562646589081473,0.03722260636443237,0.03056821448553625,0.017854199563742963,0.017797829810820627,0.026367770709152794,0.025347664128758274,0.028801154404229333,0.022562646589081473,0.03722260636443237,0.03056821448553625,0.017854199563742963,0.017797829810820627
0.10669662578230751,0.10300668751970132,0.12210887820473056,0.08977520312479048,0.08283194126147178,0.07364758041445288,0.09860560558155548,0.09416955813162653,0.10669662578230751,0.10300668751970132,0.12210887820473056,0.08977520312479048,0.08283194126147178,0.07364758041445288,0.09860560558155548,0.09416955813162653,0.10669662578230751,0.10300668751970132,0.12210887820473056,0.08977520312479048,0.08283194126147178,0.07364758041445288,0.09860560558155548,0.09416955813162653,0.1131134562564284,0.09959785123064428,0.10626720800875918,0.10099686021906631,0.1605867623279439,0.0970685243305909,0.08162022121960423,0.10086964139367367,0.1131134562564284,0.09959785123064428,0.10626720800875918,0.10099686021906631,0.1605867623279439,0.0970685243305909,0.08162022121960423,0.10086964139367367,0.1131134562564284,0.09959785123064428,0.10626720800875918,0.10099686021906631,0.1605867623279439,0.0970685243305909,0.08162022121960423,0.10086964139367367,0.12626925813473605,0.10398093964406194,0.1150796110010794,0.09964824588316858,0.047358158088570634,0.05913987106053391,0.10354495245298538,0.11946944449617561,0.1514505152085647,0.12066881353806982,0.09554980120874203,0.11108320361268313,0.08113685239648356,0.07168256970624742,0.10658791397831313,0.09784773978160312,0.1514505152085647,0.12066881353806982,0.09554980120874203,0.11108320361268313,0.08113685239648356,0.07168256970624742,0.10658791397831313,0.09784773978160312
0.11822797219781518,0.16142391273828785,0.12571680946161606,0.1373783141674241,0.14815884637809035,0.14280226312472785,0.11913574599391061,0.1345946036564641,0.11822797219781518,0.16142391273828785,0.12571680946161606,0.1373783141674241,0.14815884637809035,0.14280226312472785,0.11913574599391061,0.1345946036564641,0.11822797219781518,0.16142391273828785,0.12571680946161606,0.1373783141674241,0.14815884637809035,0.14280226312472785,0.11913574599391061,0.1345946036564641,0.11798892236034371,0.12590862874270892,0.11879067202849083,0.13686446593107854,0.13223309207509681,0.1367121898185235,0.14696827785812763,0.14259851947208504,0.11798892236034371,0.12590862874270892,0.11879067202849083,0.13686446593107854,0.13223309207509681,0.1367121898185235,0.14696827785812763,0.14259851947208504,0.11798892236034371,0.12590862874270892,0.11879067202849083,0.13686446593107854,0.13223309207509681,0.1367121898185235,0.14696827785812763,0.14259851947208504,0.09375697127846681,0.1480231215592577,0.11979005561255678,0.15778444634386019,0.13990591736100735,0.13230120801410844,0.11997010112414024,0.10024201341615753,0.08525562148215513,0.11779675639861235,0.10472082822349515,0.11557731468278906,0.08293508748581359,0.09346729211954077,0.0983508272425645,0.1385908114229791,0.08525562148215513,0.11779675639861235,0.10472082822349515,0.11557731468278906,0.08293508748581359,0.09346729211954077,0.0983508272425645,0.1385908114229791
0.05109085495963748,0.05035275577486987,0.06167567749179299,0.05065262034158105,0.053224340073471835,0.035204780163299414,0.06687829528623021,0.0569912848985352,0.05109085495963748,0.05035275577486987,0.06167567749179299,0.05065262034158105,0.053224340073471835,0.035204780163299414,0.06687829528623021,0.0569912848985352,0.05109085495963748,0.05035275577486987,0.06167567749179299,0.05065262034158105,0.053224340073471835,0.035204780163299414,0.06687829528623021,0.0569912848985352,0.04776707624078133,0.05276616398856709,0.054337994514764315,0.054989053713916,0.07244853559940237,0.052359736754817574,0.05967072767298272,0.06368521217368726,0.04776707624078133,0.05276616398856709,0.054337994514764315,0.054989053713916,0.07244853559940237,0.052359736754817574,0.05967072767298272,0.06368521217368726,0.04776707624078133,0.05276616398856709,0.054337994514764315,0.054989053713916,0.07244853559940237,0.052359736754817574,0.05967072767298272,0.06368521217368726,0.07512001087903328,0.07163830159738012,0.09088408848213793,0.09396677694016989,0.11108868790371342,0.10278715046906205,0.08885531496277677,0.08129534609059784,0.06494655777517612,0.056243916209590815,0.07339555025086504,0.07984660355897089,0.10921014645560484,0.10711158679561303,0.08077791199826441,0.10568988707603479,0.06494655777517612,0.056243916209590815,0.07339555025086504,0.07984660355897089,0.10921014645560484,0.10711158679561303,0.08077791199826441,0.10568988707603479
0.05184820788453096,0.050433513911127395,0.04828700393579964,0.06387934058883644,0.053136402575038266,0.06361779979645987,0.056960609958642425,0.06303994565052196,0.05184820788453096,0.050433513911127395,0.04828700393579964,0.06387934058883644,0.053136402575038266,0.06361779979645987,0.056960609958642425,0.06303994565052196,0.05184820788453096,0.050433513911127395,0.04828700393579964,0.06387934058883644,0.053136402575038266,0.06361779979645987,0.056960609958642425,0.06303994565052196,0.06179712814352267,0.0628212771191682,0.06248999092686473,0.07602011492137709,0.058738385419559135,0.060031975975306975,0.05269689362797947,0.08130960318036783,0.06179712814352267,0.0628212771191682,0.06248999092686473,0.07602011492137709,0.058738385419559135,0.060031975975306975,0.05269689362797947,0.08130960318036783,0.06179712814352267,0.0628212771191682,0.06248999092686473,0.07602011492137709,0.058738385419559135,0.060031975975306975,0.05269689362797947,0.08130960318036783,0.05458952325895753,0.058107846450752586,0.05374820929859433,0.061854052251858804,0.07098992297983925,0.0724858355684526,0.07086112415069691,0.0710245856009574,0.05939131981632625,0.06686536867689283,0.06334733554195728,0.061114248095857894,0.0497341596519415,0.07089183848112167,0.05538881049206721,0.07709573681821497,0.05939131981632625,0.06686536867689283,0.06334733554195728,0.061114248095857894,0.0497341596519415,0.07089183848112167,0.05538881049206721,0.07709573681821497
0.028752075693829256,0.029112502195714363,0.03311521392890957,0.03526872718218705,0.02810304524864038,0.03188640838742334,0.028063979584739718,0.030125648227824212,0.028752075693829256,0.029112502195714363,0.03311521392890957,0.03526872718218705,0.02810304524864038,0.03188640838742334,0.028063979584739718,0.030125648227824212,0.028752075693829256,0.029112502195714363,0.03311521392890957,0.03526872718218705,0.02810304524864038,0.03188640838742334,0.028063979584739718,0.030125648227824212,0.01810051846442385,0.028717111549717997,0.027560642889979746,0.031506443292016954,0.030476790940421584,0.04526613319554193,0.030757215798575075,0.03195339305340545,0.01810051846442385,0.028717111549717997,0.027560642889979746,0.031506443292016954,0.030476790940421584,0.04526613319554193,0.030757215798575075,0.03195339305340545,0.01810051846442385,0.028717111549717997,0.027560642889979746,0.031506443292016954,0.030476790940421584,0.04526613319554193,0.030757215798575075,0.03195339305340545,0.024175599000683966,0.03227282126293042,0.0263743335135755,0.023982145890095084,0.044227002336054616,0.045182797489749134,0.03690679964809373,0.059552708149163955,0.02225952108168562,0.026858655839676157,0.02442899411818095,0.025974882312040905,0.03999558034786696,0.07326154313872936,0.04201058576833212,0.04019994596494187,0.02225952108168562,0.026858655839676157,0.02442899411818095,0.025974882312040905,0.03999558034786696,0.07326154313872936,0.04201058576833212,0.04019994596494187
0.04535010817876882,0.0538142021668611,0.05973940720726641,0.06699838045545861,0.06379223117495461,0.035216038892441154,0.053851331858530194,0.0524214123915055,0.04535010817876882,0.0538142021668611,0.05973940720726641,0.06699838045545861,0.06379223117495461,0.035216038892441154,0.053851331858530194,0.0524214123915055,0.04535010817876882,0.0538142021668611,0.05973940720726641,0.06699838045545861,0.06379223117495461,0.035216038892441154,0.053851331858530194,0.0524214123915055,0.030443156684254177,0.01604635306579596,0.03119128547432781,0.04850338433630304,0.03584832496504465,0.010942246771369074,0.04147174933290762,0.014892449569612339,0.030443156684254177,0.01604635306579596,0.03119128547432781,0.04850338433630304,0.03584832496504465,0.010942246771369074,0.04147174933290762,0.014892449569612339,0.030443156684254177,0.01604635306579596,0.03119128547432781,0.04850338433630304,0.03584832496504465,0.010942246771369074,0.04147174933290762,0.014892449569612339,0.01576585677202276,0.016820528430023636,0.016806251167867204,0.018124272580195274,0.038125537722722244,0.007619054455194247,0.022225737337945726,0.012752365605460643,0.018619481163896154,0.017661316300809617,0.027001295359477387,0.01746821863365131,0.0346439543659454,0.022165066868878976,0.015535019690501951,0.01438339401948941,0.018619481163896154,0.017661316300809617,0.027001295359477387,0.01746821863365131,0.0346439543659454,0.022165066868878976,0.015535019690501951,0.01438339401948941
0.07951086740267495,0.0762852658797078,0.0826121791349068,0.09196522478669161,0.09047429253829686,0.08005516898576046,0.0796051280243784,0.08780689898547483,0.07951086740267495,0.0762852658797078,0.0826121791349068,0.09196522478669161,0.09047429253829686,0.08005516898576046,0.0796051280243784,0.08780689898547483,0.07951086740267495,0.0762852658797078,0.0826121791349068,0.09196522478669161,0.09047429253829686,0.08005516898576046,0.0796051280243784,0.08780689898547483,0.08933637447828983,0.08067106076416801,0.08330523924701921,0.08943567813306506,0.08492974993771307,0.07393316055905673,0.0978843973407804,0.09051176574421392,0.08933637447828983,0.08067106076416801,0.08330523924701921,0.08943567813306506,0.08492974993771307,0.07393316055905673,0.0978843973407804,0.09051176574421392,0.08933637447828983,0.08067106076416801,0.08330523924701921,0.08943567813306506,0.08492974993771307,0.07393316055905673,0.0978843973407804,0.09051176574421392,0.09673246592992309,0.09532786435320158,0.07713147374685304,0.09811630289749902,0.09687303099580581,0.0962343051840594,0.08046816602460102,0.07533708934080342,0.08511399993125916,0.08428643141323311,0.07858845411125692,0.08983795056110104,0.07383254004104388,0.07912138157733423,0.09016230951557219,0.08787101422159632,0.08511399993125916,0.08428643141323311,0.07858845411125692,0.08983795056110104,0.07383254004104388,0.07912138157733423,0.09016230951557219,0.08787101422159632
0.07906057118560149,0.08123796165844695,0.08091658337865369,0.07661006230474125,0.08837384687718576,0.0880391788707191,0.08869029286449918,0.08981969755821834,0.07906057118560149,0.08123796165844695,0.08091658337865369,0.07661006230474125,0.08837384687718576,0.0880391788707191,0.08869029286449918,0.08981969755821834,0.07906057118560149,0.08123796165844695,0.08091658337865369,0.07661006230474125,0.08837384687718576,0.0880391788707191,0.08869029286449918,0.08981969755821834,0.08417266785038895,0.0783236698422936,0.07664574477055897,0.06892081790395871,0.07701931484029102,0.075732037864497,0.08498312337467971,0.06673121602775556,0.08417266785038895,0.0783236698422936,0.07664574477055897,0.06892081790395871,0.07701931484029102,0.075732037864497,0.08498312337467971,0.06673121602775556,0.08417266785038895,0.0783236698422936,0.07664574477055897,0.06892081790395871,0.07701931484029102,0.075732037864497,0.08498312337467971,0.06673121602775556,0.08840087214580884,0.0923483897010605,0.09808802537991318,0.09953543933953514,0.08631963627706045,0.10851337232989837,0.09802305372265664,0.07642477087079041,0.09191313811749913,0.09386595603160798,0.09969481127660616,0.08035012111325575,0.09510555513891072,0.07240637939170949,0.08717329015044117,0.08665082516814986,0.09191313811749913,0.09386595603160798,0.09969481127660616,0.08035012111325575,0.09510555513891072,0.07240637939170949,0.08717329015044117,0.08665082516814986
0.023431794001040087,0.020893848801379313,0.026399848064326818,0.029264864324100512,0.02748791414550543,0.01926217552137699,0.03507910899551101,0.03600912130582725,0.023431794001040087,0.020893848801379313,0.026399848064326818,0.029264864324100512,0.02748791414550543,0.01926217552137699,0.03507910899551101,0.03600912130582725,0.023431794001040087,0.020893848801379313,0.026399848064326818,0.029264864324100512,0.02748791414550543,0.01926217552137699,0.03507910899551101,0.03600912130582725,0.025296555161159674,0.017893289265437276,0.02532868756048195,0.02495018115561589,0.02777057268657868,0.029471840721045882,0.03615583662275944,0.030396668169413204,0.025296555161159674,0.017893289265437276,0.02532868756048195,0.02495018115561589,0.02777057268657868,0.029471840721045882,0.03615583662275944,0.030396668169413204,0.025296555161159674,0.017893289265437276,0.02532868756048195,0.02495018115561589,0.02777057268657868,0.029471840721045882,0.03615583662275944,0.030396668169413204,0.027228368689863894,0.025602947526352123,0.02634416972072675,0.027657703415235768,0.03320304444230485,0.03350992790226691,0.02453528205182618,0.033356587470449825,0.02793944509334891,0.022373384394534165,0.025844318661556197,0.023618458493419484,0.036628710649075774,0.020679776200838274,0.02802909537137569,0.03184387662632611,0.02793944509334891,0.022373384394534165,0.025844318661556197,0.023618458493419484,0.036628710649075774,0.020679776200838274,0.02802909537137569,0.03184387662632611
0.10745636023561149,0.1420404746907676,0.1326464885164731,0.1324008937572547,0.11711344107494902,0.1233350713496632,0.1007682431196628,0.13429835439438445,0.10745636023561149,0.1420404746907676,0.1326464885164731,0.1324008937572547,0.11711344107494902,0.1233350713496632,0.1007682431196628,0.13429835439438445,0.10745636023561149,0.1420404746907676,0.1326464885164731,0.1324008937572547,0.11711344107494902,0.1233350713496632,0.1007682431196628,0.13429835439438445,0.09097819907661214,0.09381414704873847,0.09340784214320334,0.0681699393092212,0.11988315845895135,0.09959777436853033,0.0699861230602975,0.05598762980522157,0.09097819907661214,0.09381414704873847,0.09340784214320334,0.0681699393092212,0.11988315845895135,0.09959777436853033,0.0699861230602975,0.05598762980522157,0.09097819907661214,0.09381414704873847,0.09340784214320334,0.0681699393092212,0.11988315845895135,0.09959777436853033,0.0699861230602975,0.05598762980522157,0.0853643476029101,0.06940707667227407,0.07211319864975671,0.09383305412608813,0.0519849014784084,0.14043028090348642,0.0693054695326537,0.07857809961286562,0.07465458565354394,0.07264449087903906,0.0998207091775889,0.07213600302292693,0.07913321204188083,0.09028734091858433,0.0662589292146855,0.11113097711049418,0.07465458565354394,0.07264449087903906,0.0998207091775889,0.07213600302292693,0.07913321204188083,0.09028734091858433,0.0662589292146855,0.11113097711049418
0.03470858265009871,0.022539987265062043,0.024846919099122282,0.020450349769906676,0.02828425246691374,0.02706433097062313,0.015542840605963169,0.017125259377219152,0.03470858265009871,0.022539987265062043,0.024846919099122282,0.020450349769906676,0.02828425246691374,0.02706433097062313,0.015542840605963169,0.017125259377219152,0.03470858265009871,0.022539987265062043,0.024846919099122282,0.020450349769906676,0.02828425246691374,0.02706433097062313,0.015542840605963169,0.017125259377219152,0.02949724876339243,0.025069181655136833,0.0163005221675094,0.01847207318293549,0.0281561426957098,0.019303521479598348,0.04062782444575251,0.01880916579314074,0.02949724876339243,0.025069181655136833,0.0163005221675094,0.01847207318293549,0.0281561426957098,0.019303521479598348,0.04062782444575251,0.01880916579314074,0.02949724876339243,0.025069181655136833,0.0163005221675094,0.01847207318293549,0.0281561426957098,0.019303521479598348,0.04062782444575251,0.01880916579314074,0.004941976503046824,0.0041245153692122845,0.0058103876280558705,0.011328449803715161,0.004545593135412788,0.007971791402128796,0.0052188449014619245,0.005160330523409896,0.005512834804103402,0.004010800106256702,0.005705232697570866,0.010829721837558788,0.003939499784239369,0.004571656867400206,0.005162021850732011,0.00905401857943107,0.005512834804103402,0.004010800106256702,0.005705232697570866,0.010829721837558788,0.003939499784239369,0.004571656867400206,0.005162021850732011,0.00905401857943107
0.05146563476491593,0.05492564154766869,0.047643691834893184,0.04987291600563451,0.0435232603542964,0.042295129134418685,0.0460096864976445,0.04467188552307186,0.05146563476491593,0.05492564154766869,0.047643691834893184,0.04987291600563451,0.0435232603542964,0.042295129134418685,0.0460096864976445,0.04467188552307186,0.05146563476491593,0.05492564154766869,0.047643691834893184,0.04987291600563451,0.0435232603542964,0.042295129134418685,0.0460096864976445,0.04467188552307186,0.05041249482805405,0.049919321327391665,0.047599786185248266,0.0352006462258404,0.04294942147004957,0.045868283352319066,0.034400785252298796,0.04859724825703539,0.05041249482805405,0.049919321327391665,0.047599786185248266,0.0352006462258404,0.04294942147004957,0.045868283352319066,0.034400785252298796,0.04859724825703539,0.05041249482805405,0.049919321327391665,0.047599786185248266,0.0352006462258404,0.04294942147004957,0.045868283352319066,0.034400785252298796,0.04859724825703539,0.048265761889016295,0.05576107476892466,0.05381211886205221,0.04347352501025536,0.062271401016412924,0.06502466718963804,0.05373180328475606,0.048385103350246664,0.0522585813061656,0.05686519659742812,0.05348730759070877,0.04273165178316323,0.07414345283122936,0.06221599758964635,0.04008345659273097,0.04368215357937012,0.0522585813061656,0.05686519659742812,0.05348730759070877,0.04273165178316323,0.07414345283122936,0.06221599758964635,0.04008345659273097,0.04368215357937012
0.07528632120001952,0.06648336038257886,0.069285055141544,0.06091549546544618,0.08504797365083706,0.07851611192194026,0.08155687147472256,0.06699510819546882,0.07528632120001952,0.06648336038257886,0.069285055141544,0.06091549546544618,0.08504797365083706,0.07851611192194026,0.08155687147472256,0.06699510819546882,0.07528632120001952,0.06648336038257886,0.069285055141544,0.06091549546544618,0.08504797365083706,0.07851611192194026,0.08155687147472256,0.06699510819546882,0.0661632029339033,0.06156810040788128,0.05179076994243622,0.05190109644763611,0.06845466160069945,0.05409216874491159,0.07231300230032366,0.05892826903401507,0.0661632029339033,0.06156810040788128,0.05179076994243622,0.05190109644763611,0.06845466160069945,0.05409216874491159,0.07231300230032366,0.05892826903401507,0.0661632029339033,0.06156810040788128,0.05179076994243622,0.05190109644763611,0.06845466160069945,0.05409216874491159,0.07231300230032366,0.05892826903401507,0.06258545930978053,0.04654127010370477,0.04514661410950376,0.04951792898133421,0.04114392556705025,0.05811107227487079,0.0534457934340357,0.04798996810326382,0.061275377667577006,0.05482641560943307,0.05830308259535157,0.04019187759067921,0.05204051963108904,0.05054925656026606,0.06228883131596296,0.081435008635802,0.061275377667577006,0.05482641560943307,0.05830308259535157,0.04019187759067921,0.05204051963108904,0.05054925656026606,0.06228883131596296,0.081435008635802
0.03874213469920827,0.029253896216910845,0.032627425315871,0.03099693250191083,0.03389014224602093,0.03575553092797391,0.029124494306702046,0.03163243271529636,0.03874213469920827,0.029253896216910845,0.032627425315871,0.03099693250191083,0.03389014224602093,0.03575553092797391,0.029124494306702046,0.03163243271529636,0.03874213469920827,0.029253896216910845,0.032627425315871,0.03099693250191083,0.03389014224602093,0.03575553092797391,0.029124494306702046,0.03163243271529636,0.029941047012244395,0.02795464578725149,0.029979620880611645,0.0234914305541194,0.03141688903591524,0.03041073789923068,0.02260111659332372,0.03082985629959927,0.029941047012244395,0.02795464578725149,0.029979620880611645,0.0234914305541194,0.03141688903591524,0.03041073789923068,0.02260111659332372,0.03082985629959927,0.029941047012244395,0.02795464578725149,0.029979620880611645,0.0234914305541194,0.03141688903591524,0.03041073789923068,0.02260111659332372,0.03082985629959927,0.02770311117441662,0.022597740773605483,0.021218643420794492,0.019591114614086618,0.02413936232963907,0.04068989713117927,0.018766410313968106,0.027309385516900368,0.024535440928990904,0.02458824643590293,0.021431214162483614,0.022574648901452152,0.023702603253371795,0.03583115981963822,0.014063628892790312,0.027183014870333554,0.024535440928990904,0.02458824643590293,0.021431214162483614,0.022574648901452152,0.023702603253371795,0.03583115981963822,0.014063628892790312,0.027183014870333554
0.02204251664141255,0.018146122627635673,0.01318986391058366,0.013651404319338287,0.013251543909146055,0.022148657552914786,0.009880212836197982,0.013371884319711425,0.02204251664141255,0.018146122627635673,0.01318986391058366,0.013651404319338287,0.013251543909146055,0.022148657552914786,0.009880212836197982,0.013371884319711425,0.02204251664141255,0.018146122627635673,0.01318986391058366,0.013651404319338287,0.013251543909146055,0.022148657552914786,0.009880212836197982,0.013371884319711425,0.009228593320302018,0.006103131868017635,0.0143941889308853,0.01801145863902977,0.009410186994718428,0.006831404522684705,0.004092235315529895,0.00959502806469924,0.009228593320302018,0.006103131868017635,0.0143941889308853,0.01801145863902977,0.009410186994718428,0.006831404522684705,0.004092235315529895,0.00959502806469924,0.009228593320302018,0.006103131868017635,0.0143941889308853,0.01801145863902977,0.009410186994718428,0.006831404522684705,0.004092235315529895,0.00959502806469924,0.004283172215299979,0.002865186980278922,0.00475956141704544,0.002219123367672681,0.0058372348600396135,0.005934306135339381,0.004594289679680623,0.004364495759691668,0.004064378541946694,0.0019079375138106418,0.0019617775876513543,0.002117709304389157,0.004106730654768529,0.0032396294594404227,0.005846965454456751,0.004792514013901667,0.004064378541946694,0.0019079375138106418,0.0019617775876513543,0.002117709304389157,0.004106730654768529,0.0032396294594404227,0.005846965454456751,0.004792514013901667
0.028963400488070563,0.03282919559644479,0.028869026719719134,0.034708560733445575,0.03279533568211929,0.03409902637084476,0.030065779801491936,0.024718535581377227,0.028963400488070563,0.03282919559644479,0.028869026719719134,0.034708560733445575,0.03279533568211929,0.03409902637084476,0.030065779801491936,0.024718535581377227,0.028963400488070563,0.03282919559644479,0.028869026719719134,0.034708560733445575,0.03279533568211929,0.03409902637084476,0.030065779801491936,0.024718535581377227,0.03297532388288075,0.028929157026362923,0.02856166764223652,0.028573804758618315,0.035006241236948885,0.018874884475131533,0.027061169012041135,0.01854679348339453,0.03297532388288075,0.028929157026362923,0.02856166764223652,0.028573804758618315,0.035006241236948885,0.018874884475131533,0.027061169012041135,0.01854679348339453,0.03297532388288075,0.028929157026362923,0.02856166764223652,0.028573804758618315,0.035006241236948885,0.018874884475131533,0.027061169012041135,0.01854679348339453,0.029570483739071996,0.026160804594639965,0.029250108258250928,0.027620411743043773,0.04056571964679835,0.020839898316528844,0.02244972902748266,0.03440065409768513,0.027224754265824574,0.02831733063378784,0.02579321862813812,0.025160416130002777,0.02497659631730121,0.026155080284593214,0.02214669690347082,0.031582464506609044,0.027224754265824574,0.02831733063378784,0.02579321862813812,0.025160416130002777,0.02497659631730121,0.026155080284593214,0.02214669690347082,0.031582464506609044
0.01132946286027599,0.014406207016202726,0.011586542570099594,0.01230461662957657,0.011134218007585081,0.012290152647314635,0.009513131702942422,0.011731793450902151,0.01132946286027599,0.014406207016202726,0.011586542570099594,0.01230461662957657,0.011134218007585081,0.012290152647314635,0.009513131702942422,0.011731793450902151,0.01132946286027599,0.014406207016202726,0.011586542570099594,0.01230461662957657,0.011134218007585081,0.012290152647314635,0.009513131702942422,0.011731793450902151,0.013017000656340132,0.01227713629471659,0.013089763951405159,0.012054833525190883,0.017099761763416134,0.020955801402468006,0.009890866637882193,0.010865200887279403,0.013017000656340132,0.01227713629471659,0.013089763951405159,0.012054833525190883,0.017099761763416134,0.020955801402468006,0.009890866637882193,0.010865200887279403,0.013017000656340132,0.01227713629471659,0.013089763951405159,0.012054833525190883,0.017099761763416134,0.020955801402468006,0.009890866637882193,0.010865200887279403,0.01313313218753045,0.012661574454623398,0.008830012891014148,0.011230288622055681,0.019615102906751804,0.013182435027400968,0.009844051260111796,0.015487267705044027,0.014212652634529014,0.013053882187607014,0.009226103741997135,0.013416643517550739,0.021493870771734126,0.011556089808461654,0.009864340244391845,0.024835749417967224,0.014212652634529014,0.013053882187607014,0.009226103741997135,0.013416643517550739,0.021493870771734126,0.011556089808461654,0.009864340244391845,0.024835749417967224
0.022568157645602573,0.020780459022579766,0.022682197224961953,0.01878240977289642,0.019081321344727457,0.019246822579446148,0.017001823213044998,0.02059549487973827,0.022568157645602573,0.020780459022579766,0.022682197224961953,0.01878240977289642,0.019081321344727457,0.019246822579446148,0.017001823213044998,0.02059549487973827,0.022568157645602573,0.020780459022579766,0.022682197224961953,0.01878240977289642,0.019081321344727457,0.019246822579446148,0.017001823213044998,0.02059549487973827,0.01866696550714727,0.019688423589318854,0.01999677186330459,0.020382567473668227,0.021963130995954382,0.021517634674219133,0.01930348139477677,0.020343674099314032,0.01866696550714727,0.019688423589318854,0.01999677186330459,0.020382567473668227,0.021963130995954382,0.021517634674219133,0.01930348139477677,0.020343674099314032,0.01866696550714727,0.019688423589318854,0.01999677186330459,0.020382567473668227,0.021963130995954382,0.021517634674219133,0.01930348139477677,0.020343674099314032,0.02304552339498907,0.025491271609095954,0.020577636235946124,0.020945967192082554,0.022563705170928715,0.024271062908514145,0.026848007472370043,0.02340879216512634,0.02280695534328781,0.023292959830539677,0.023132526278188386,0.02336332962946244,0.024855613469527,0.022833872230926817,0.02042233993641255,0.023595572115233394,0.02280695534328781,0.023292959830539677,0.023132526278188386,0.02336332962946244,0.024855613469527,0.022833872230926817,0.02042233993641255,0.023595572115233394
0.017911889457880255,0.017825458825418004,0.015152155186685848,0.017070485822088203,0.015431815348579545,0.016127075010840746,0.01763927095242848,0.015421370310843846,0.017911889457880255,0.017825458825418004,0.015152155186685848,0.017070485822088203,0.015431815348579545,0.016127075010840746,0.01763927095242848,0.015421370310843846,0.017911889457880255,0.017825458825418004,0.015152155186685848,0.017070485822088203,0.015431815348579545,0.016127075010840746,0.01763927095242848,0.015421370310843846,0.01981008216447661,0.019245928205774938,0.016950237546806697,0.015653002469554263,0.014928326449291396,0.021096482899626495,0.020783275903124707,0.022562196348519446,0.01981008216447661,0.019245928205774938,0.016950237546806697,0.015653002469554263,0.014928326449291396,0.021096482899626495,0.020783275903124707,0.022562196348519446,0.01981008216447661,0.019245928205774938,0.016950237546806697,0.015653002469554263,0.014928326449291396,0.021096482899626495,0.020783275903124707,0.022562196348519446,0.020295709186644823,0.01693252386613672,0.01581823790872077,0.018142890363565204,0.020507909353092935,0.024726016121748597,0.017663241543413342,0.016926705452497415,0.01850639025188901,0.02200256830958577,0.015141859682215581,0.01848967366123333,0.02541873838364355,0.01877281082110225,0.015150455960363518,0.02113396629644047,0.01850639025188901,0.02200256830958577,0.015141859682215581,0.01848967366123333,0.02541873838364355,0.01877281082110225,0.015150455960363518,0.02113396629644047
0.01929448895213089,0.016548812226152825,0.013903703727754641,0.013661306042083338,0.01646495139116159,0.012090702317233668,0.013199789004973506,0.012242974408274612,0.01929448895213089,0.016548812226152825,0.013903703727754641,0.013661306042083338,0.01646495139116159,0.012090702317233668,0.013199789004973506,0.012242974408274612,0.01929448895213089,0.016548812226152825,0.013903703727754641,0.013661306042083338,0.01646495139116159,0.012090702317233668,0.013199789004973506,0.012242974408274612,0.012741647961638526,0.01314974782237227,0.015555708544153618,0.009693353875533033,0.009123735353349491,0.009016241831032432,0.009265720824530563,0.012002211356029123,0.012741647961638526,0.01314974782237227,0.015555708544153618,0.009693353875533033,0.009123735353349491,0.009016241831032432,0.009265720824530563,0.012002211356029123,0.012741647961638526,0.01314974782237227,0.015555708544153618,0.009693353875533033,0.009123735353349491,0.009016241831032432,0.009265720824530563,0.012002211356029123,0.009391698268448748,0.0054087279477145825,0.007557933116824332,0.007646814926108977,0.009118678520107776,0.011494845574603285,0.008470818385219337,0.012107236173061432,0.010077858737370785,0.00552078320472176,0.006596569659046676,0.009572223482723996,0.008194494904332291,0.003976468010964617,0.00774196879799556,0.00620147320285478,0.010077858737370785,0.00552078320472176,0.006596569659046676,0.009572223482723996,0.008194494904332291,0.003976468010964617,0.00774196879799556,0.00620147320285478
0.030320059334418097,0.026229749397685503,0.028330720138368775,0.030168845971606347,0.04356003442742437,0.04499203795372825,0.04412924235681707,0.038852321435628105,0.030320059334418097,0.026229749397685503,0.028330720138368775,0.030168845971606347,0.04356003442742437,0.04499203795372825,0.04412924235681707,0.038852321435628105,0.030320059334418097,0.026229749397685503,0.028330720138368775,0.030168845971606347,0.04356003442742437,0.04499203795372825,0.04412924235681707,0.038852321435628105,0.038658208243065394,0.044646224469740294,0.04122911135102535,0.04213335055332196,0.05604195468460862,0.04730424963680263,0.04958090150333294,0.05231195891559951,0.038658208243065394,0.044646224469740294,0.04122911135102535,0.04213335055332196,0.05604195468460862,0.04730424963680263,0.04958090150333294,0.05231195891559951,0.038658208243065394,0.044646224469740294,0.04122911135102535,0.04213335055332196,0.05604195468460862,0.04730424963680263,0.04958090150333294,0.05231195891559951,0.04813265093941072,0.045739043632432884,0.03479469494079917,0.04872008193774462,0.06156112336272388,0.046684491497409365,0.04987174057660116,0.05918672681786986,0.04682260297099786,0.04008141431095056,0.04292441182992976,0.047659752314203434,0.06278031456686337,0.0391370228319806,0.06075787079003323,0.04616630036847343,0.04682260297099786,0.04008141431095056,0.04292441182992976,0.047659752314203434,0.06278031456686337,0.0391370228319806,0.06075787079003323,0.04616630036847343
0.021492492961543597,0.018379039122353547,0.023335563707114523,0.022379226501256663,0.018575845597368412,0.018536206472962943,0.02146707578271483,0.02014581259689742,0.021492492961543597,0.018379039122353547,0.023335563707114523,0.022379226501256663,0.018575845597368412,0.018536206472962943,0.02146707578271483,0.02014581259689742,0.021492492961543597,0.018379039122353547,0.023335563707114523,0.022379226501256663,0.018575845597368412,0.018536206472962943,0.02146707578271483,0.02014581259689742,0.023359841313720032,0.01620210047961479,0.02110058727182403,0.023808857215648238,0.02060104174210979,0.01610422571875675,0.01869734613683299,0.022944520118493985,0.023359841313720032,0.01620210047961479,0.02110058727182403,0.023808857215648238,0.02060104174210979,0.01610422571875675,0.01869734613683299,0.022944520118493985,0.023359841313720032,0.01620210047961479,0.02110058727182403,0.023808857215648238,0.02060104174210979,0.01610422571875675,0.01869734613683299,0.022944520118493985,0.012716475043186572,0.017234298338627725,0.02096229023576593,0.017110521400790304,0.013625265276608315,0.02128778013496919,0.015881463864860407,0.01993664536030199,0.01605184568321653,0.01350712457245914,0.027054415387212743,0.01863232116008597,0.017431955242165637,0.013312282115920865,0.011249368749086846,0.019721374223678204,0.01605184568321653,0.01350712457245914,0.027054415387212743,0.01863232116008597,0.017431955242165637,0.013312282115920865,0.011249368749086846,0.019721374223678204
0.03054077611327674,0.03772429587025218,0.03252576073794491,0.03586711961449859,0.030202215995937805,0.044045411685299136,0.038433672818194556,0.03442962239290471,0.03054077611327674,0.03772429587025218,0.03252576073794491,0.03586711961449859,0.030202215995937805,0.044045411685299136,0.038433672818194556,0.03442962239290471,0.03054077611327674,0.03772429587025218,0.03252576073794491,0.03586711961449859,0.030202215995937805,0.044045411685299136,0.038433672818194556,0.03442962239290471,0.02772069074043905,0.03141745036833071,0.03398307911070831,0.03400939777946555,0.04238235716898387,0.03144242816102432,0.025453173150280645,0.0273754011518248,0.02772069074043905,0.03141745036833071,0.03398307911070831,0.03400939777946555,0.04238235716898387,0.03144242816102432,0.025453173150280645,0.0273754011518248,0.02772069074043905,0.03141745036833071,0.03398307911070831,0.03400939777946555,0.04238235716898387,0.03144242816102432,0.025453173150280645,0.0273754011518248,0.029135738885309643,0.03393883564427746,0.030643912658233265,0.03322301109996948,0.037728035126421935,0.029798584662834915,0.039935769360972075,0.029454463999688183,0.0263302165489455,0.02993209214971135,0.030621725849103328,0.03251820739224732,0.039352707016134164,0.04213597197922003,0.019286587305745295,0.033505113340408996,0.0263302165489455,0.02993209214971135,0.030621725849103328,0.03251820739224732,0.039352707016134164,0.04213597197922003,0.019286587305745295,0.033505113340408996
0.014525295516165647,0.015641862906986777,0.01830052961186378,0.016851358968459268,0.013711734440481349,0.011655285365658947,0.023299483850575998,0.016884766463521345,0.014525295516165647,0.015641862906986777,0.01830052961186378,0.016851358968459268,0.013711734440481349,0.011655285365658947,0.023299483850575998,0.016884766463521345,0.014525295516165647,0.015641862906986777,0.01830052961186378,0.016851358968459268,0.013711734440481349,0.011655285365658947,0.023299483850575998,0.016884766463521345,0.014460478989492384,0.011796267355861824,0.018170219136892422,0.01897846952670418,0.008204753554598702,0.019053437613268217,0.013782371752646348,0.01698638086427153,0.014460478989492384,0.011796267355861824,0.018170219136892422,0.01897846952670418,0.008204753554598702,0.019053437613268217,0.013782371752646348,0.01698638086427153,0.014460478989492384,0.011796267355861824,0.018170219136892422,0.01897846952670418,0.008204753554598702,0.019053437613268217,0.013782371752646348,0.01698638086427153,0.006058535609421149,0.008230772454674639,0.006467317006830598,0.015467198641976916,0.007747503059400976,0.0016353352534148392,0.006452104475866099,0.012525830689820971,0.008297172186751633,0.006425088747676843,0.005487729455094465,0.013979384374218062,0.008488821333396481,0.008118489202679888,0.004476770574725141,0.006974435859912846,0.008297172186751633,0.006425088747676843,0.005487729455094465,0.013979384374218062,0.008488821333396481,0.008118489202679888,0.004476770574725141,0.006974435859912846
0.017330788863498398,0.022182406664870116,0.01989176880107638,0.028968318112610466,0.042792781133599,0.028693206851062383,0.019291651067273683,0.024197619089883524,0.017330788863498398,0.022182406664870116,0.01989176880107638,0.028968318112610466,0.042792781133599,0.028693206851062383,0.019291651067273683,0.024197619089883524,0.017330788863498398,0.022182406664870116,0.01989176880107638,0.028968318112610466,0.042792781133599,0.028693206851062383,0.019291651067273683,0.024197619089883524,0.01611260697922215,0.029221229592984597,0.023402402021455593,0.015592428350195418,0.01751380293085353,0.024466649880707427,0.028241868464536656,0.022922156180272733,0.01611260697922215,0.029221229592984597,0.023402402021455593,0.015592428350195418,0.01751380293085353,0.024466649880707427,0.028241868464536656,0.022922156180272733,0.01611260697922215,0.029221229592984597,0.023402402021455593,0.015592428350195418,0.01751380293085353,0.024466649880707427,0.028241868464536656,0.022922156180272733,0.021752374043636103,0.013450224608223304,0.02671501570313412,0.01391284208985847,0.01771047935330078,0.017089883765381272,0.03657581703082607,0.006831466988691329,0.021573129767139192,0.021132543495466213,0.016824329401523702,0.013812289927333105,0.025584251788993803,0.018836648584275705,0.030925373470439374,0.01400595198391341,0.021573129767139192,0.021132543495466213,0.016824329401523702,0.013812289927333105,0.025584251788993803,0.018836648584275705,0.030925373470439374,0.01400595198391341
0.0180293326013346,0.014627284061414654,0.017076183250245878,0.014411673954141084,0.021793785061204874,0.014922082495321927,0.01747990946226072,0.015180552561045195,0.0180293326013346,0.014627284061414654,0.017076183250245878,0.014411673954141084,0.021793785061204874,0.014922082495321927,0.01747990946226072,0.015180552561045195,0.0180293326013346,0.014627284061414654,0.017076183250245878,0.014411673954141084,0.021793785061204874,0.014922082495321927,0.01747990946226072,0.015180552561045195,0.01758849613710287,0.01239391526457586,0.015084946844203256,0.014176430663260015,0.012491081967797657,0.021530504501031212,0.013998728373652132,0.014445179959287789,0.01758849613710287,0.01239391526457586,0.015084946844203256,0.014176430663260015,0.012491081967797657,0.021530504501031212,0.013998728373652132,0.014445179959287789,0.01758849613710287,0.01239391526457586,0.015084946844203256,0.014176430663260015,0.012491081967797657,0.021530504501031212,0.013998728373652132,0.014445179959287789,0.015638905247221745,0.01224140734817916,0.016472649642693012,0.01127456812867734,0.010835663792407541,0.01252260085713317,0.012811061468906383,0.01430350871140466,0.013268611312376858,0.015945759179536122,0.012597524621037972,0.014687437686908205,0.014081917571652097,0.017758891067075497,0.014005787732522283,0.014057991911565749,0.013268611312376858,0.015945759179536122,0.012597524621037972,0.014687437686908205,0.014081917571652097,0.017758891067075497,0.014005787732522283,0.014057991911565749
0.07265517030199735,0.07117955032071714,0.07451858953726177,0.06318950762223632,0.08206212386579724,0.08249628565904034,0.07157543273106001,0.08468500242521493,0.07265517030199735,0.07117955032071714,0.07451858953726177,0.06318950762223632,0.08206212386579724,0.08249628565904034,0.07157543273106001,0.08468500242521493,0.07265517030199735,0.07117955032071714,0.07451858953726177,0.06318950762223632,0.08206212386579724,0.08249628565904034,0.07157543273106001,0.08468500242521493,0.07638190193688918,0.08872756525051338,0.07494658623019693,0.07838244490148907,0.08832053475095665,0.11187966491098404,0.08896030290763518,0.10289528138397319,0.07638190193688918,0.08872756525051338,0.07494658623019693,0.07838244490148907,0.08832053475095665,0.11187966491098404,0.08896030290763518,0.10289528138397319,0.07638190193688918,0.08872756525051338,0.07494658623019693,0.07838244490148907,0.08832053475095665,0.11187966491098404,0.08896030290763518,0.10289528138397319,0.07777092297739932,0.0964972647001065,0.08078539397866627,0.08803982111784732,0.10309870766389106,0.08348101467696298,0.08463276924950826,0.09103997467372352,0.08462944601586145,0.09643836645976514,0.09504863036765059,0.09498913707119473,0.10364152925234753,0.09155512514234104,0.11128242366385521,0.08320614072137494,0.08462944601586145,0.09643836645976514,0.09504863036765059,0.09498913707119473,0.10364152925234753,0.09155512514234104,0.11128242366385521,0.08320614072137494
0.19754478927882285,0.201581154870441,0.18228642479969312,0.19027772221964512,0.18911653143407364,0.1995559354984684,0.174272601876081,0.18750613908449726,0.19754478927882285,0.201581154870441,0.18228642479969312,0.19027772221964512,0.18911653143407364,0.1995559354984684,0.174272601876081,0.18750613908449726,0.19754478927882285,0.201581154870441,0.18228642479969312,0.19027772221964512,0.18911653143407364,0.1995559354984684,0.174272601876081,0.18750613908449726,0.1856832317805124,0.18719851357027534,0.18101377888388884,0.18869581830765822,0.14975727115768261,0.1301409056766143,0.15457735639003217,0.1657488933788872,0.1856832317805124,0.18719851357027534,0.18101377888388884,0.18869581830765822,0.14975727115768261,0.1301409056766143,0.15457735639003217,0.1657488933788872,0.1856832317805124,0.18719851357027534,0.18101377888388884,0.18869581830765822,0.14975727115768261,0.1301409056766143,0.15457735639003217,0.1657488933788872,0.1949740882293511,0.19768778586234953,0.19216581688886997,0.17667438689374287,0.16741473670688456,0.1500527288213121,0.14841391840498092,0.1797336413832598,0.18896056587704413,0.18121806955330927,0.19517731102985936,0.18226841546407752,0.16873546012373272,0.12691520199952613,0.1697388450505138,0.1364555214907565,0.18896056587704413,0.18121806955330927,0.19517731102985936,0.18226841546407752,0.16873546012373272,0.12691520199952613,0.1697388450505138,0.1364555214907565
0.1306301145602654,0.1397792447877028,0.10882082653148624,0.13020942689024328,0.1754761047609277,0.10906037483323094,0.1253708782823586,0.17074124912527128,0.1306301145602654,0.1397792447877028,0.10882082653148624,0.13020942689024328,0.1754761047609277,0.10906037483323094,0.1253708782823586,0.17074124912527128,0.1306301145602654,0.1397792447877028,0.10882082653148624,0.13020942689024328,0.1754761047609277,0.10906037483323094,0.1253708782823586,0.17074124912527128,0.165419098371505,0.16420118265345665,0.14483297143275203,0.17861998541071938,0.15362112852745965,0.1609567525582253,0.16265917904039268,0.1722208445002178,0.165419098371505,0.16420118265345665,0.14483297143275203,0.17861998541071938,0.15362112852745965,0.1609567525582253,0.16265917904039268,0.1722208445002178,0.165419098371505,0.16420118265345665,0.14483297143275203,0.17861998541071938,0.15362112852745965,0.1609567525582253,0.16265917904039268,0.1722208445002178,0.15165194284580583,0.15229448808191068,0.13062564076130376,0.19661025295053314,0.17082075018109902,0.14953981712259293,0.18026160316093826,0.20545104254689034,0.14622746809339945,0.17635928424503564,0.16623036285387321,0.18762169141493495,0.11182208055024308,0.11624190044105817,0.16961103181559983,0.20749471429763827,0.14622746809339945,0.17635928424503564,0.16623036285387321,0.18762169141493495,0.11182208055024308,0.11624190044105817,0.16961103181559983,0.20749471429763827
0.06999108728459855,0.0735033859202148,0.05953495122560298,0.057121481606444625,0.07146231749827071,0.06654299252480762,0.06059290596487795,0.06130552218335235,0.06999108728459855,0.0735033859202148,0.05953495122560298,0.057121481606444625,0.07146231749827071,0.06654299252480762,0.06059290596487795,0.06130552218335235,0.06999108728459855,0.0735033859202148,0.05953495122560298,0.057121481606444625,0.07146231749827071,0.06654299252480762,0.06059290596487795,0.06130552218335235,0.08961070615569819,0.0790271008137889,0.06725794130900872,0.06600251900775234,0.06488390049228189,0.050904657370508935,0.0496744250087056,0.046496767175971794,0.08961070615569819,0.0790271008137889,0.06725794130900872,0.06600251900775234,0.06488390049228189,0.050904657370508935,0.0496744250087056,0.046496767175971794,0.08961070615569819,0.0790271008137889,0.06725794130900872,0.06600251900775234,0.06488390049228189,0.050904657370508935,0.0496744250087056,0.046496767175971794,0.07140380244014319,0.09501792055048879,0.07341742983195707,0.029604807973044083,0.02856803485207992,0.04918627132274459,0.029153676550175756,0.025203428308945935,0.049591733337232206,0.08161049500142592,0.04521733464186853,0.04825495077230447,0.016852981513201356,0.05479917485793136,0.04968124003628097,0.018020517413177967,0.049591733337232206,0.08161049500142592,0.04521733464186853,0.04825495077230447,0.016852981513201356,0.05479917485793136,0.04968124003628097,0.018020517413177967
0.057630555669402325,0.05633440407785637,0.04658862925194616,0.044764516296382076,0.0648979837125948,0.06466173233439707,0.0474867272050113,0.04980596496140494,0.057630555669402325,0.05633440407785637,0.04658862925194616,0.044764516296382076,0.0648979837125948,0.06466173233439707,0.0474867272050113,0.04980596496140494,0.057630555669402325,0.05633440407785637,0.04658862925194616,0.044764516296382076,0.0648979837125948,0.06466173233439707,0.0474867272050113,0.04980596496140494,0.0602640129998306,0.052488642189674764,0.0491950315909623,0.05326175281855391,0.048945034809110124,0.03578490025298751,0.05208365886808101,0.03415836476611038,0.0602640129998306,0.052488642189674764,0.0491950315909623,0.05326175281855391,0.048945034809110124,0.03578490025298751,0.05208365886808101,0.03415836476611038,0.0602640129998306,0.052488642189674764,0.0491950315909623,0.05326175281855391,0.048945034809110124,0.03578490025298751,0.05208365886808101,0.03415836476611038,0.050013669537699555,0.05801468478702907,0.06036955204885954,0.062285527817668315,0.0555613028571468,0.0566569055399751,0.0545317948929781,0.06525762689606726,0.05622605836985717,0.05277395164480162,0.048685627743631846,0.0521341502152179,0.06176987912795723,0.06732352509596401,0.05790255942564867,0.04204345092417254,0.05622605836985717,0.05277395164480162,0.048685627743631846,0.0521341502152179,0.06176987912795723,0.06732352509596401,0.05790255942564867,0.04204345092417254
0.010229969346941823,0.00842544192451442,0.011712168812647401,0.0130651242624636,0.0033275932701341228,0.0029469117484515637,0.007453606846183527,0.0074474989525781165,0.010229969346941823,0.00842544192451442,0.011712168812647401,0.0130651242624636,0.0033275932701341228,0.0029469117484515637,0.007453606846183527,0.0074474989525781165,0.010229969346941823,0.00842544192451442,0.011712168812647401,0.0130651242624636,0.0033275932701341228,0.0029469117484515637,0.007453606846183527,0.0074474989525781165,0.003516345209550664,0.0033837095979893563,0.004248832774709372,0.003518200915914033,0.0059261950233418575,0.0034536317139496463,0.003334066990931871,0.0029934139601442557,0.003516345209550664,0.0033837095979893563,0.004248832774709372,0.003518200915914033,0.0059261950233418575,0.0034536317139496463,0.003334066990931871,0.0029934139601442557,0.003516345209550664,0.0033837095979893563,0.004248832774709372,0.003518200915914033,0.0059261950233418575,0.0034536317139496463,0.003334066990931871,0.0029934139601442557,0.0023704593794988166,0.004727774560167254,0.010119931880563047,0.006928946425743968,0.012034610455042198,0.006046420859615081,0.003564009087780302,0.005172294824798893,0.0032776630650381455,0.004501831816409115,0.009468345740027,0.004092683433024214,0.001739217254343974,0.006970968236911224,0.0027751215852002014,0.00506779593610639,0.0032776630650381455,0.004501831816409115,0.009468345740027,0.004092683433024214,0.001739217254343974,0.006970968236911224,0.0027751215852002014,0.00506779593610639
0.031192699013293336,0.028098634563970208,0.028942445709208266,0.02875138611819339,0.030586423595026918,0.031232359802771142,0.02118486700288389,0.027303177087489472,0.031192699013293336,0.028098634563970208,0.028942445709208266,0.02875138611819339,0.030586423595026918,0.031232359802771142,0.02118486700288389,0.027303177087489472,0.031192699013293336,0.028098634563970208,0.028942445709208266,0.02875138611819339,0.030586423595026918,0.031232359802771142,0.02118486700288389,0.027303177087489472,0.027581876693657064,0.021924478114132014,0.020094444466312,0.02197071926397582,0.03487464664592667,0.0505020193782556,0.02622033051206832,0.034917331015835475,0.027581876693657064,0.021924478114132014,0.020094444466312,0.02197071926397582,0.03487464664592667,0.0505020193782556,0.02622033051206832,0.034917331015835475,0.027581876693657064,0.021924478114132014,0.020094444466312,0.02197071926397582,0.03487464664592667,0.0505020193782556,0.02622033051206832,0.034917331015835475,0.023646334215466625,0.02592283822771573,0.02825233914357822,0.03925258565127952,0.01806764867511635,0.032550367842481866,0.04959162496461931,0.035312080736260604,0.032951994067786025,0.04047694551101344,0.02940603287615994,0.022190777049698376,0.013760531057446188,0.02851705852015929,0.03422820773491595,0.0298873619075812,0.032951994067786025,0.04047694551101344,0.02940603287615994,0.022190777049698376,0.013760531057446188,0.02851705852015929,0.03422820773491595,0.0298873619075812
0.04420509759668023,0.04759481801884011,0.051200911433339935,0.045156013558297785,0.0483052622332792,0.04484451639704554,0.043333258636489146,0.05732511857908007,0.04420509759668023,0.04759481801884011,0.051200911433339935,0.045156013558297785,0.0483052622332792,0.04484451639704554,0.043333258636489146,0.05732511857908007,0.04420509759668023,0.04759481801884011,0.051200911433339935,0.045156013558297785,0.0483052622332792,0.04484451639704554,0.043333258636489146,0.05732511857908007,0.046346483845352546,0.05082512435356037,0.0515417938291425,0.0490310823182257,0.05357413030444532,0.06967124884745983,0.059017666310147855,0.06049454736041395,0.046346483845352546,0.05082512435356037,0.0515417938291425,0.0490310823182257,0.05357413030444532,0.06967124884745983,0.059017666310147855,0.06049454736041395,0.046346483845352546,0.05082512435356037,0.0515417938291425,0.0490310823182257,0.05357413030444532,0.06967124884745983,0.059017666310147855,0.06049454736041395,0.043256355560795476,0.045932396700844744,0.04620722612901617,0.054192622256689624,0.05195736333641225,0.053376288566132565,0.04912549773848981,0.07680647105558078,0.053683429494828974,0.03617526296125076,0.041128191673017025,0.057761403295596224,0.040495649608302944,0.056304045188917705,0.0570055154675496,0.07366598915964541,0.053683429494828974,0.03617526296125076,0.041128191673017025,0.057761403295596224,0.040495649608302944,0.056304045188917705,0.0570055154675496,0.07366598915964541
0.160406970839629,0.16467513048915883,0.16208181094461463,0.16193617528522689,0.170703251571794,0.21402494556122512,0.22451365673918697,0.23002699510148644,0.160406970839629,0.16467513048915883,0.16208181094461463,0.16193617528522689,0.170703251571794,0.21402494556122512,0.22451365673918697,0.23002699510148644,0.160406970839629,0.16467513048915883,0.16208181094461463,0.16193617528522689,0.170703251571794,0.21402494556122512,0.22451365673918697,0.23002699510148644,0.22992029648304027,0.19743793400012974,0.21993838849564948,0.2049781966353913,0.32959895165678127,0.2664348353111807,0.32282229136443463,0.23689185765494863,0.22992029648304027,0.19743793400012974,0.21993838849564948,0.2049781966353913,0.32959895165678127,0.2664348353111807,0.32282229136443463,0.23689185765494863,0.22992029648304027,0.19743793400012974,0.21993838849564948,0.2049781966353913,0.32959895165678127,0.2664348353111807,0.32282229136443463,0.23689185765494863,0.2193953208250576,0.2400417693185912,0.2621988002439283,0.24533861914214986,0.3245910413955689,0.28889857615976317,0.26236247986372974,0.19768345234963133,0.22416952030536874,0.2216193906460191,0.265035523381711,0.21637361370556035,0.3433112956237117,0.3022202042132906,0.305667923164757,0.2781005325545632,0.22416952030536874,0.2216193906460191,0.265035523381711,0.21637361370556035,0.3433112956237117,0.3022202042132906,0.305667923164757,0.2781005325545632
0.09636779425898809,0.09536323622586476,0.10719741108846972,0.10194327858652039,0.11203873080793343,0.08347225842471868,0.09386410618332341,0.08037025712316019,0.09636779425898809,0.09536323622586476,0.10719741108846972,0.10194327858652039,0.11203873080793343,0.08347225842471868,0.09386410618332341,0.08037025712316019,0.09636779425898809,0.09536323622586476,0.10719741108846972,0.10194327858652039,0.11203873080793343,0.08347225842471868,0.09386410618332341,0.08037025712316019,0.09454094881723013,0.11278578226776517,0.09064435800272354,0.10924143730208524,0.030843323581774846,0.04808354207117045,0.06669278947264863,0.06672875591993552,0.09454094881723013,0.11278578226776517,0.09064435800272354,0.10924143730208524,0.030843323581774846,0.04808354207117045,0.06669278947264863,0.06672875591993552,0.09454094881723013,0.11278578226776517,0.09064435800272354,0.10924143730208524,0.030843323581774846,0.04808354207117045,0.06669278947264863,0.06672875591993552,0.10556968896064078,0.09915560238530345,0.07446487529976081,0.10567655924078856,0.0743906265007918,0.10164941090485395,0.03296655732506265,0.07025993828358565,0.08315394912236598,0.09358024386217927,0.10522274518747401,0.0944577344725117,0.07124016372188205,0.07075788941666353,0.05014536204124763,0.057547600633062836,0.08315394912236598,0.09358024386217927,0.10522274518747401,0.0944577344725117,0.07124016372188205,0.07075788941666353,0.05014536204124763,0.057547600633062836
0.006217442685235234,0.006046356685040885,0.010025362242222826,0.008973539466427467,0.0028586864774227407,0.00766318774709259,0.004680755113107573,0.002810765646822783,0.006217442685235234,0.006046356685040885,0.010025362242222826,0.008973539466427467,0.0028586864774227407,0.00766318774709259,0.004680755113107573,0.002810765646822783,0.006217442685235234,0.006046356685040885,0.010025362242222826,0.008973539466427467,0.0028586864774227407,0.00766318774709259,0.004680755113107573,0.002810765646822783,0.005226644933944587,0.012626979892380317,0.003548652371669111,0.004046764344428729,0.005964757117167641,0.003074746200439393,0.0029452256453022002,0.003159560629101531,0.005226644933944587,0.012626979892380317,0.003548652371669111,0.004046764344428729,0.005964757117167641,0.003074746200439393,0.0029452256453022002,0.003159560629101531,0.005226644933944587,0.012626979892380317,0.003548652371669111,0.004046764344428729,0.005964757117167641,0.003074746200439393,0.0029452256453022002,0.003159560629101531,0.002303759211377135,0.002137536471995224,0.004965947762907895,0.006542044104161546,0.004293225229653986,0.016014521251583886,0.009048634750300709,0.009306544520038568,0.0025600562954415005,0.002960669987204331,0.0022318451261979766,0.004639654856998785,0.00436214123242367,0.006921563023803249,0.003895578703542062,0.005409032242189878,0.0025600562954415005,0.002960669987204331,0.0022318451261979766,0.004639654856998785,0.00436214123242367,0.006921563023803249,0.003895578703542062,0.005409032242189878
0.03441188301637865,0.032143035704394855,0.03720911720479445,0.03792645329591507,0.024116296293007863,0.028841485806321634,0.023727564156841498,0.027691307825189814,0.03441188301637865,0.032143035704394855,0.03720911720479445,0.03792645329591507,0.024116296293007863,0.028841485806321634,0.023727564156841498,0.027691307825189814,0.03441188301637865,0.032143035704394855,0.03720911720479445,0.03792645329591507,0.024116296293007863,0.028841485806321634,0.023727564156841498,0.027691307825189814,0.030394247467762706,0.02589184084035623,0.03450727286792115,0.031898081978758534,0.03399415795324612,0.02436232417583908,0.03299120740689008,0.027376812502351855,0.030394247467762706,0.02589184084035623,0.03450727286792115,0.031898081978758534,0.03399415795324612,0.02436232417583908,0.03299120740689008,0.027376812502351855,0.030394247467762706,0.02589184084035623,0.03450727286792115,0.031898081978758534,0.03399415795324612,0.02436232417583908,0.03299120740689008,0.027376812502351855,0.02327568776889904,0.02680227086774918,0.027016016292985,0.027524641214546407,0.046775306738683124,0.021407683124709777,0.02562904090199103,0.025168319123637064,0.0241511499464497,0.025622063090831048,0.026575965320063358,0.026317423270062094,0.03866002177458914,0.021959819468561872,0.026773584443066233,0.02611507410304695,0.0241511499464497,0.025622063090831048,0.026575965320063358,0.026317423270062094,0.03866002177458914,0.021959819468561872,0.026773584443066233,0.02611507410304695
0.03868852129793174,0.03823184339228255,0.051432891246540643,0.048842944971900774,0.03523012702680816,0.03335780745125357,0.0420008932332877,0.03785649213614055,0.03868852129793174,0.03823184339228255,0.051432891246540643,0.048842944971900774,0.03523012702680816,0.03335780745125357,0.0420008932332877,0.03785649213614055,0.03868852129793174,0.03823184339228255,0.051432891246540643,0.048842944971900774,0.03523012702680816,0.03335780745125357,0.0420008932332877,0.03785649213614055,0.03629265987310389,0.03770408067094366,0.04376747618208007,0.048725417646004694,0.04031941797418441,0.05358258763788299,0.035568141911365606,0.06404006887891049,0.03629265987310389,0.03770408067094366,0.04376747618208007,0.048725417646004694,0.04031941797418441,0.05358258763788299,0.035568141911365606,0.06404006887891049,0.03629265987310389,0.03770408067094366,0.04376747618208007,0.048725417646004694,0.04031941797418441,0.05358258763788299,0.035568141911365606,0.06404006887891049,0.04004050261089159,0.05663932269565191,0.07318249297495488,0.08024992391719375,0.024412728697630722,0.025326638106689045,0.04559466905244984,0.04994722472495514,0.040436850019479116,0.06357463525749375,0.07158010347844829,0.0690922078092853,0.04172093895904037,0.022511441958873505,0.05443618512929149,0.06257164824461571,0.040436850019479116,0.06357463525749375,0.07158010347844829,0.0690922078092853,0.04172093895904037,0.022511441958873505,0.05443618512929149,0.06257164824461571
0.15010817046392158,0.1531633704590064,0.1492878704139828,0.16537345545210266,0.14019881741327178,0.1506728319860902,0.1417019924547715,0.15449142982755282,0.15010817046392158,0.1531633704590064,0.1492878704139828,0.16537345545210266,0.14019881741327178,0.1506728319860902,0.1417019924547715,0.15449142982755282,0.15010817046392158,0.1531633704590064,0.1492878704139828,0.16537345545210266,0.14019881741327178,0.1506728319860902,0.1417019924547715,0.15449142982755282,0.12424984438531678,0.14753344721841435,0.13735625857237654,0.1519880344075537,0.1216474566630136,0.13065127702437657,0.14261708916616478,0.15092628180744627,0.12424984438531678,0.14753344721841435,0.13735625857237654,0.1519880344075537,0.1216474566630136,0.13065127702437657,0.14261708916616478,0.15092628180744627,0.12424984438531678,0.14753344721841435,0.13735625857237654,0.1519880344075537,0.1216474566630136,0.13065127702437657,0.14261708916616478,0.15092628180744627,0.13900307261814046,0.1406923383927938,0.12132005535468693,0.15369705581712848,0.10130920907999069,0.0972183662941812,0.14675282641571472,0.14335857574475558,0.12140908197305265,0.1420292317772229,0.11266031292549794,0.14984825047358868,0.11659619941849107,0.11593278091566561,0.15419446782445262,0.1554977607582861,0.12140908197305265,0.1420292317772229,0.11266031292549794,0.14984825047358868,0.11659619941849107,0.11593278091566561,0.15419446782445262,0.1554977607582861
0.03958889122127567,0.03984892145977966,0.04384386002699912,0.043609508425025235,0.03708851200007636,0.040531862755983306,0.04259582876674315,0.0397533762270047,0.03958889122127567,0.03984892145977966,0.04384386002699912,0.043609508425025235,0.03708851200007636,0.040531862755983306,0.04259582876674315,0.0397533762270047,0.03958889122127567,0.03984892145977966,0.04384386002699912,0.043609508425025235,0.03708851200007636,0.040531862755983306,0.04259582876674315,0.0397533762270047,0.03621385979793449,0.031664657810439006,0.04391997883099107,0.04018041240445295,0.050113902172550635,0.04721881366585363,0.04400380703819731,0.040165798909951575,0.03621385979793449,0.031664657810439006,0.04391997883099107,0.04018041240445295,0.050113902172550635,0.04721881366585363,0.04400380703819731,0.040165798909951575,0.03621385979793449,0.031664657810439006,0.04391997883099107,0.04018041240445295,0.050113902172550635,0.04721881366585363,0.04400380703819731,0.040165798909951575,0.03547358224574688,0.031925269714674874,0.036310467192634276,0.04090975109312959,0.053703454419239675,0.027154729336150506,0.037073987225913776,0.03613386848030124,0.030054245761400544,0.036519079819621277,0.0402519550062418,0.03744798530060359,0.04053370872937533,0.03801396733520958,0.03176073392276264,0.040515046111167546,0.030054245761400544,0.036519079819621277,0.0402519550062418,0.03744798530060359,0.04053370872937533,0.03801396733520958,0.03176073392276264,0.040515046111167546
0.006400284522413458,0.00694115863549278,0.0074566921233844615,0.007600411494613718,0.006436296842690603,0.005706968872337809,0.009229066596151227,0.006869002391131662,0.006400284522413458,0.00694115863549278,0.0074566921233844615,0.007600411494613718,0.006436296842690603,0.005706968872337809,0.009229066596151227,0.006869002391131662,0.006400284522413458,0.00694115863549278,0.0074566921233844615,0.007600411494613718,0.006436296842690603,0.005706968872337809,0.009229066596151227,0.006869002391131662,0.006992083993907896,0.004498865034965829,0.005004848952205756,0.008154672863129635,0.0035735911038913774,0.003709600358809304,0.00478462025032313,0.006001210150332437,0.006992083993907896,0.004498865034965829,0.005004848952205756,0.008154672863129635,0.0035735911038913774,0.003709600358809304,0.00478462025032313,0.006001210150332437,0.006992083993907896,0.004498865034965829,0.005004848952205756,0.008154672863129635,0.0035735911038913774,0.003709600358809304,0.00478462025032313,0.006001210150332437,0.004286535773878196,0.004783666444446551,0.00531352799792581,0.004168621489208372,0.0059192516746126335,0.0032650232559768818,0.003539899902967744,0.003759373708874719,0.0038788099506476712,0.0037597964547303186,0.005226793282678433,0.004415235451817646,0.007414556549762372,0.004076523026609809,0.004043377233865056,0.0021323594816750548,0.0038788099506476712,0.0037597964547303186,0.005226793282678433,0.004415235451817646,0.007414556549762372,0.004076523026609809,0.004043377233865056,0.0021323594816750548
0.08668598419835466,0.07722022541203755,0.08635745742517245,0.08316605287783088,0.06572835275119428,0.07664830637471672,0.08624647421544897,0.08046517626881164,0.08668598419835466,0.07722022541203755,0.08635745742517245,0.08316605287783088,0.06572835275119428,0.07664830637471672,0.08624647421544897,0.08046517626881164,0.08668598419835466,0.07722022541203755,0.08635745742517245,0.08316605287783088,0.06572835275119428,0.07664830637471672,0.08624647421544897,0.08046517626881164,0.0780152699933278,0.08712652121965551,0.07670698376182469,0.07427396700848397,0.08645458832024878,0.08508783475114126,0.07453785313507653,0.08022768845340772,0.0780152699933278,0.08712652121965551,0.07670698376182469,0.07427396700848397,0.08645458832024878,0.08508783475114126,0.07453785313507653,0.08022768845340772,0.0780152699933278,0.08712652121965551,0.07670698376182469,0.07427396700848397,0.08645458832024878,0.08508783475114126,0.07453785313507653,0.08022768845340772,0.08222581106365288,0.09527767368226368,0.0769374050810149,0.07540952874879209,0.10849672255325825,0.06412559447091243,0.06781027423830654,0.09990006660886173,0.07899381871200514,0.08555599628458442,0.07521999523090873,0.06243250513487462,0.07864505358892925,0.08609749299026645,0.0726388289555184,0.06685836990846711,0.07899381871200514,0.08555599628458442,0.07521999523090873,0.06243250513487462,0.07864505358892925,0.08609749299026645,0.0726388289555184,0.06685836990846711
0.008790466189235463,0.010739407380076395,0.011009650112507019,0.010781505854133804,0.006378714117200839,0.005871122233890624,0.012202401221533396,0.004501113754005639,0.008790466189235463,0.010739407380076395,0.011009650112507019,0.010781505854133804,0.006378714117200839,0.005871122233890624,0.012202401221533396,0.004501113754005639,0.008790466189235463,0.010739407380076395,0.011009650112507019,0.010781505854133804,0.006378714117200839,0.005871122233890624,0.012202401221533396,0.004501113754005639,0.010976044728741474,0.009238244316723723,0.005437042966488777,0.009189485441873159,0.009282493560220033,0.0029314543491699013,0.007503674621297605,0.0031446672698906865,0.010976044728741474,0.009238244316723723,0.005437042966488777,0.009189485441873159,0.009282493560220033,0.0029314543491699013,0.007503674621297605,0.0031446672698906865,0.010976044728741474,0.009238244316723723,0.005437042966488777,0.009189485441873159,0.009282493560220033,0.0029314543491699013,0.007503674621297605,0.0031446672698906865,0.009665670854180557,0.0066287175630969745,0.005139194458590139,0.011180510827722112,0.004909478379752279,0.0016154092170419874,0.010259618919582278,0.004227721765705084,0.005935317757843363,0.007926775563305902,0.006669223442004747,0.014671892095877775,0.005501831375167742,0.001762191702956442,0.006150881382968564,0.006759573918746455,0.005935317757843363,0.007926775563305902,0.006669223442004747,0.014671892095877775,0.005501831375167742,0.001762191702956442,0.006150881382968564,0.006759573918746455
0.057689659754370654,0.05384341829793554,0.05453240216482538,0.05405474815775164,0.054194139351529884,0.05311523483007152,0.059527616311192584,0.058931555920785084,0.057689659754370654,0.05384341829793554,0.05453240216482538,0.05405474815775164,0.054194139351529884,0.05311523483007152,0.059527616311192584,0.058931555920785084,0.057689659754370654,0.05384341829793554,0.05453240216482538,0.05405474815775164,0.054194139351529884,0.05311523483007152,0.059527616311192584,0.058931555920785084,0.05613316139918353,0.053405167143534805,0.051832386355943894,0.05387099729491593,0.061462684141281414,0.057291319177465515,0.056752430603455355,0.04946146777174465,0.05613316139918353,0.053405167143534805,0.051832386355943894,0.05387099729491593,0.061462684141281414,0.057291319177465515,0.056752430603455355,0.04946146777174465,0.05613316139918353,0.053405167143534805,0.051832386355943894,0.05387099729491593,0.061462684141281414,0.057291319177465515,0.056752430603455355,0.04946146777174465,0.04376181062384405,0.04999157899215031,0.05330726026943613,0.06017602722747389,0.051227161201171025,0.04830277958621765,0.0636471708440955,0.05937213066880634,0.048287222310286176,0.043704559035041037,0.0628214100514922,0.0626357609008845,0.055786001490226535,0.05092683199786199,0.04832030463165015,0.06076003101744934,0.048287222310286176,0.043704559035041037,0.0628214100514922,0.0626357609008845,0.055786001490226535,0.05092683199786199,0.04832030463165015,0.06076003101744934
0.039915721395216285,0.03647001209820201,0.04984245507427849,0.0309433914396131,0.052235762688881145,0.02829315399404247,0.029047535885788366,0.03246303018819826,0.039915721395216285,0.03647001209820201,0.04984245507427849,0.0309433914396131,0.052235762688881145,0.02829315399404247,0.029047535885788366,0.03246303018819826,0.039915721395216285,0.03647001209820201,0.04984245507427849,0.0309433914396131,0.052235762688881145,0.02829315399404247,0.029047535885788366,0.03246303018819826,0.05772665495429775,0.04066054253525287,0.03514202500039513,0.02131052472501048,0.04483319087677875,0.03751231902273065,0.034767218505353435,0.03334290509803999,0.05772665495429775,0.04066054253525287,0.03514202500039513,0.02131052472501048,0.04483319087677875,0.03751231902273065,0.034767218505353435,0.03334290509803999,0.05772665495429775,0.04066054253525287,0.03514202500039513,0.02131052472501048,0.04483319087677875,0.03751231902273065,0.034767218505353435,0.03334290509803999,0.05986811962882905,0.028555012900142382,0.02901197391444469,0.028090267934398918,0.03326331033747414,0.05349347844331762,0.05690196852308627,0.02436142221346814,0.028695756703481914,0.026726432853869785,0.02524706768305512,0.029751160625740344,0.029928484097906213,0.04770392310903135,0.028548055649082967,0.024332849975857353,0.028695756703481914,0.026726432853869785,0.02524706768305512,0.029751160625740344,0.029928484097906213,0.04770392310903135,0.028548055649082967,0.024332849975857353
0.017374477586724515,0.01228495658718891,0.017943842087275584,0.014684387156818976,0.0128484301112745,0.013100011701462137,0.017552618075868845,0.01545232278921397,0.017374477586724515,0.01228495658718891,0.017943842087275584,0.014684387156818976,0.0128484301112745,0.013100011701462137,0.017552618075868845,0.01545232278921397,0.017374477586724515,0.01228495658718891,0.017943842087275584,0.014684387156818976,0.0128484301112745,0.013100011701462137,0.017552618075868845,0.01545232278921397,0.016778968084419706,0.01304572596560346,0.02026348964439226,0.020534376844858888,0.01674339876433503,0.014733298467829697,0.021044636893977967,0.022481801734597427,0.016778968084419706,0.01304572596560346,0.02026348964439226,0.020534376844858888,0.01674339876433503,0.014733298467829697,0.021044636893977967,0.022481801734597427,0.016778968084419706,0.01304572596560346,0.02026348964439226,0.020534376844858888,0.01674339876433503,0.014733298467829697,0.021044636893977967,0.022481801734597427,0.019891863175742628,0.022255098176283038,0.018849192349580116,0.012790817359715139,0.05006779133162464,0.030713646356880026,0.026642461002197533,0.02172928479504786,0.018553659132157296,0.021108575021957107,0.021078372063841007,0.018374505376827072,0.01912617140505367,0.041508897331202416,0.03217102513188005,0.023225512007516932,0.018553659132157296,0.021108575021957107,0.021078372063841007,0.018374505376827072,0.01912617140505367,0.041508897331202416,0.03217102513188005,0.023225512007516932
0.07893502657102086,0.08558877031197887,0.08265367398721465,0.08492479123287869,0.07302463073917195,0.0615946873051196,0.07389047434339394,0.0745037537106881,0.07893502657102086,0.08558877031197887,0.08265367398721465,0.08492479123287869,0.07302463073917195,0.0615946873051196,0.07389047434339394,0.0745037537106881,0.07893502657102086,0.08558877031197887,0.08265367398721465,0.08492479123287869,0.07302463073917195,0.0615946873051196,0.07389047434339394,0.0745037537106881,0.07541651156429631,0.0725028314980612,0.08453591337936281,0.08583248403215561,0.04793033927755896,0.05887656435943449,0.07224668360819338,0.07274793674527949,0.07541651156429631,0.0725028314980612,0.08453591337936281,0.08583248403215561,0.04793033927755896,0.05887656435943449,0.07224668360819338,0.07274793674527949,0.07541651156429631,0.0725028314980612,0.08453591337936281,0.08583248403215561,0.04793033927755896,0.05887656435943449,0.07224668360819338,0.07274793674527949,0.0735019679249328,0.05332562735503436,0.06557171850691393,0.0679596078799333,0.04515222850761772,0.07034227166422193,0.05336688119471071,0.04918677619014216,0.055766626529843585,0.06103122949683633,0.07742335385081733,0.07076885568906927,0.04338935745590391,0.048058191318197205,0.0622527568936566,0.060324982955590856,0.055766626529843585,0.06103122949683633,0.07742335385081733,0.07076885568906927,0.04338935745590391,0.048058191318197205,0.0622527568936566,0.060324982955590856
0.033995542126251145,0.03479123767465008,0.037615568443615646,0.04317189354146754,0.046954896912115636,0.04434429372902569,0.039446517421715885,0.0488733547993638,0.033995542126251145,0.03479123767465008,0.037615568443615646,0.04317189354146754,0.046954896912115636,0.04434429372902569,0.039446517421715885,0.0488733547993638,0.033995542126251145,0.03479123767465008,0.037615568443615646,0.04317189354146754,0.046954896912115636,0.04434429372902569,0.039446517421715885,0.0488733547993638,0.04039370070829656,0.03874717123328696,0.0382646949137091,0.03454195929586634,0.04014837853297123,0.043522774505610165,0.044047818234139016,0.047416997328792315,0.04039370070829656,0.03874717123328696,0.0382646949137091,0.03454195929586634,0.04014837853297123,0.043522774505610165,0.044047818234139016,0.047416997328792315,0.04039370070829656,0.03874717123328696,0.0382646949137091,0.03454195929586634,0.04014837853297123,0.043522774505610165,0.044047818234139016,0.047416997328792315,0.04579682373390272,0.035296829340130585,0.04396383502350966,0.04520134471174571,0.04616904877876861,0.06207838707798423,0.05128974533527057,0.04337022064198477,0.048157990904216276,0.03915194217085098,0.0388313259715973,0.049632423624285014,0.04173884089569813,0.06391910979202343,0.0618412022022814,0.04386389347134503,0.048157990904216276,0.03915194217085098,0.0388313259715973,0.049632423624285014,0.04173884089569813,0.06391910979202343,0.0618412022022814,0.04386389347134503
0.020867484748353978,0.02107786110948815,0.01854781703375275,0.01944778152823514,0.02314421296874402,0.02272662394143226,0.02080004168609783,0.021955554325335174,0.020867484748353978,0.02107786110948815,0.01854781703375275,0.01944778152823514,0.02314421296874402,0.02272662394143226,0.02080004168609783,0.021955554325335174,0.020867484748353978,0.02107786110948815,0.01854781703375275,0.01944778152823514,0.02314421296874402,0.02272662394143226,0.02080004168609783,0.021955554325335174,0.01925786307244067,0.018441151381900417,0.0175009772405442,0.018472439728265212,0.022456853715930793,0.02203097123905767,0.020845256508463448,0.02577132669708742,0.01925786307244067,0.018441151381900417,0.0175009772405442,0.018472439728265212,0.022456853715930793,0.02203097123905767,0.020845256508463448,0.02577132669708742,0.01925786307244067,0.018441151381900417,0.0175009772405442,0.018472439728265212,0.022456853715930793,0.02203097123905767,0.020845256508463448,0.02577132669708742,0.0208503112576448,0.01919072450510746,0.01651475604310521,0.019682827687673123,0.03022512301581778,0.02421608319323983,0.022458729043392685,0.02223350342493621,0.01798418283120174,0.020086150955290153,0.019353833249736323,0.0171950359991884,0.027786037109169985,0.025634040165940175,0.024961493445237355,0.02415863366333193,0.01798418283120174,0.020086150955290153,0.019353833249736323,0.0171950359991884,0.027786037109169985,0.025634040165940175,0.024961493445237355,0.02415863366333193
0.06658492661843637,0.06015174546418772,0.06943141536521316,0.061338278934371215,0.0825593482468949,0.06539841782197682,0.06949890252176814,0.06732815255389789,0.06658492661843637,0.06015174546418772,0.06943141536521316,0.061338278934371215,0.0825593482468949,0.06539841782197682,0.06949890252176814,0.06732815255389789,0.06658492661843637,0.06015174546418772,0.06943141536521316,0.061338278934371215,0.0825593482468949,0.06539841782197682,0.06949890252176814,0.06732815255389789,0.06128407125735006,0.05748856355237111,0.06448144347517774,0.05602963385014726,0.06934538711460451,0.06084658750435533,0.07085317484508423,0.04895537669857738,0.06128407125735006,0.05748856355237111,0.06448144347517774,0.05602963385014726,0.06934538711460451,0.06084658750435533,0.07085317484508423,0.04895537669857738,0.06128407125735006,0.05748856355237111,0.06448144347517774,0.05602963385014726,0.06934538711460451,0.06084658750435533,0.07085317484508423,0.04895537669857738,0.058518927675197445,0.05112956725521671,0.0552812864926996,0.05098163446160129,0.07000617879268298,0.06594297056473339,0.06457254850405035,0.033685841143902974,0.06731446421417851,0.05426426542957918,0.06484143689387831,0.05289526263697718,0.06956209028012476,0.06924308846175732,0.05125965087595498,0.0534956153981486,0.06731446421417851,0.05426426542957918,0.06484143689387831,0.05289526263697718,0.06956209028012476,0.06924308846175732,0.05125965087595498,0.0534956153981486
0.05330219248490246,0.06135612433321671,0.053801420466921566,0.052979370826351575,0.05237080484776435,0.06767298275837899,0.0526842074628986,0.061671765649045626,0.05330219248490246,0.06135612433321671,0.053801420466921566,0.052979370826351575,0.05237080484776435,0.06767298275837899,0.0526842074628986,0.061671765649045626,0.05330219248490246,0.06135612433321671,0.053801420466921566,0.052979370826351575,0.05237080484776435,0.06767298275837899,0.0526842074628986,0.061671765649045626,0.051723151301278095,0.054190506476440845,0.05758193650877376,0.05493440301297663,0.06514070797740332,0.0634000912211692,0.058533691278497925,0.06151950519655558,0.051723151301278095,0.054190506476440845,0.05758193650877376,0.05493440301297663,0.06514070797740332,0.0634000912211692,0.058533691278497925,0.06151950519655558,0.051723151301278095,0.054190506476440845,0.05758193650877376,0.05493440301297663,0.06514070797740332,0.0634000912211692,0.058533691278497925,0.06151950519655558,0.06900330657935011,0.06047968598099329,0.066354047012246,0.059790441917765225,0.07828142191456959,0.06451116356838273,0.05218699410464823,0.07660024805198692,0.06677394843532161,0.06766186287901373,0.05474019341337453,0.06673646636682237,0.0801394676969711,0.06455940463753194,0.04897029168621142,0.06353317527879478,0.06677394843532161,0.06766186287901373,0.05474019341337453,0.06673646636682237,0.0801394676969711,0.06455940463753194,0.04897029168621142,0.06353317527879478
0.02431391382445216,0.020870842820372916,0.026450215284325777,0.02081740659825091,0.023470417182346888,0.0251202602128484,0.025556013544767272,0.022457956988861234,0.02431391382445216,0.020870842820372916,0.026450215284325777,0.02081740659825091,0.023470417182346888,0.0251202602128484,0.025556013544767272,0.022457956988861234,0.02431391382445216,0.020870842820372916,0.026450215284325777,0.02081740659825091,0.023470417182346888,0.0251202602128484,0.025556013544767272,0.022457956988861234,0.020997341143998264,0.024705154581808445,0.020224202528314642,0.021897701626926884,0.026049751315959217,0.025980076339772753,0.02389230928717297,0.02254616274944039,0.020997341143998264,0.024705154581808445,0.020224202528314642,0.021897701626926884,0.026049751315959217,0.025980076339772753,0.02389230928717297,0.02254616274944039,0.020997341143998264,0.024705154581808445,0.020224202528314642,0.021897701626926884,0.026049751315959217,0.025980076339772753,0.02389230928717297,0.02254616274944039,0.027381002284216895,0.025999287702757414,0.02595491657290938,0.022627036970392703,0.033219023122583034,0.03311609107089431,0.025695711132741165,0.023791567168033136,0.028341878334425193,0.024475334969079558,0.02807367256813346,0.024408141228783924,0.029485821644912796,0.03468252983520133,0.028407220936323346,0.029410356644974312,0.028341878334425193,0.024475334969079558,0.02807367256813346,0.024408141228783924,0.029485821644912796,0.03468252983520133,0.028407220936323346,0.029410356644974312
0.00955535954932722,0.010515606671733393,0.009264214569085055,0.010579431589175233,0.012520768743484472,0.013210903615941282,0.010576217723609258,0.013554937200018548,0.00955535954932722,0.010515606671733393,0.009264214569085055,0.010579431589175233,0.012520768743484472,0.013210903615941282,0.010576217723609258,0.013554937200018548,0.00955535954932722,0.010515606671733393,0.009264214569085055,0.010579431589175233,0.012520768743484472,0.013210903615941282,0.010576217723609258,0.013554937200018548,0.012609463091377409,0.010440781273906694,0.010806664058048044,0.013503190526739267,0.01256812736173235,0.014898915799136348,0.010481786911904756,0.012317278069341806,0.012609463091377409,0.010440781273906694,0.010806664058048044,0.013503190526739267,0.01256812736173235,0.014898915799136348,0.010481786911904756,0.012317278069341806,0.012609463091377409,0.010440781273906694,0.010806664058048044,0.013503190526739267,0.01256812736173235,0.014898915799136348,0.010481786911904756,0.012317278069341806,0.011181676088858936,0.00904692052371869,0.010477164032022186,0.011941906750421007,0.008663750979373865,0.015495538306439688,0.013293461934493161,0.011019739376945073,0.010507426325898971,0.013469071968128297,0.011566779313224846,0.013165011464615923,0.01121198434439124,0.009188521267867613,0.008878735993543491,0.01055460126644694,0.010507426325898971,0.013469071968128297,0.011566779313224846,0.013165011464615923,0.01121198434439124,0.009188521267867613,0.008878735993543491,0.01055460126644694
0.009868902535909354,0.011268116539599927,0.009767272210024425,0.008466112133164286,0.02018129228326623,0.011561888169783667,0.020391093220607975,0.016765548572279427,0.009868902535909354,0.011268116539599927,0.009767272210024425,0.008466112133164286,0.02018129228326623,0.011561888169783667,0.020391093220607975,0.016765548572279427,0.009868902535909354,0.011268116539599927,0.009767272210024425,0.008466112133164286,0.02018129228326623,0.011561888169783667,0.020391093220607975,0.016765548572279427,0.01138329898978828,0.012749244098936751,0.007247237624439648,0.014551639630377089,0.010346166928753491,0.016623436048628783,0.006159882909225145,0.006250939414604593,0.01138329898978828,0.012749244098936751,0.007247237624439648,0.014551639630377089,0.010346166928753491,0.016623436048628783,0.006159882909225145,0.006250939414604593,0.01138329898978828,0.012749244098936751,0.007247237624439648,0.014551639630377089,0.010346166928753491,0.016623436048628783,0.006159882909225145,0.006250939414604593,0.007592336788335432,0.014369203064615936,0.009146225394733738,0.009481647084739014,0.02346304107865203,0.010236276262988672,0.011627442199354658,0.015729844208439477,0.01028867670256019,0.015005791766034313,0.01124025467088982,0.010062649533576953,0.013641145382008424,0.009364272705020571,0.012496934791949996,0.021547734076381417,0.01028867670256019,0.015005791766034313,0.01124025467088982,0.010062649533576953,0.013641145382008424,0.009364272705020571,0.012496934791949996,0.021547734076381417
0.02067585059601878,0.02063199322348174,0.01904239304268453,0.01972960533646028,0.020083815474438306,0.025914289757859515,0.02033658237646757,0.020756440009142358,0.02067585059601878,0.02063199322348174,0.01904239304268453,0.01972960533646028,0.020083815474438306,0.025914289757859515,0.02033658237646757,0.020756440009142358,0.02067585059601878,0.02063199322348174,0.01904239304268453,0.01972960533646028,0.020083815474438306,0.025914289757859515,0.02033658237646757,0.020756440009142358,0.024796431804759322,0.02298222384735002,0.018901127565311513,0.01922203728755508,0.01931996576200427,0.023246462168569616,0.019439106260487705,0.020569512141470882,0.024796431804759322,0.02298222384735002,0.018901127565311513,0.01922203728755508,0.01931996576200427,0.023246462168569616,0.019439106260487705,0.020569512141470882,0.024796431804759322,0.02298222384735002,0.018901127565311513,0.01922203728755508,0.01931996576200427,0.023246462168569616,0.019439106260487705,0.020569512141470882,0.02355516454626442,0.020687941593458097,0.02034104734738256,0.02124009951049952,0.021982040294739224,0.028538202293650432,0.016848065221518414,0.013395946374446186,0.024390814450621346,0.020180766220263296,0.017727501509018993,0.018014028705444496,0.013904431967105302,0.026922574690907804,0.027160381497997106,0.011378159237342807,0.024390814450621346,0.020180766220263296,0.017727501509018993,0.018014028705444496,0.013904431967105302,0.026922574690907804,0.027160381497997106,0.011378159237342807
0.009466315054256288,0.00790231159855158,0.008250109392975857,0.009047548810976065,0.0069229856963898525,0.008193983538308566,0.006676279581075584,0.005595588018786557,0.009466315054256288,0.00790231159855158,0.008250109392975857,0.009047548810976065,0.0069229856963898525,0.008193983538308566,0.006676279581075584,0.005595588018786557,0.009466315054256288,0.00790231159855158,0.008250109392975857,0.009047548810976065,0.0069229856963898525,0.008193983538308566,0.006676279581075584,0.005595588018786557,0.010298895959074733,0.007130830397120032,0.005959268760696516,0.0066941379339948565,0.005297549180105132,0.003057899781501575,0.005229427098972072,0.015071590297492105,0.010298895959074733,0.007130830397120032,0.005959268760696516,0.0066941379339948565,0.005297549180105132,0.003057899781501575,0.005229427098972072,0.015071590297492105,0.010298895959074733,0.007130830397120032,0.005959268760696516,0.0066941379339948565,0.005297549180105132,0.003057899781501575,0.005229427098972072,0.015071590297492105,0.006853657680455449,0.00591417604448246,0.006633272680788494,0.005781460423784587,0.0069050776455981955,0.0038535365692075173,0.005063170004142894,0.0046128357177883895,0.006733025984256083,0.007613293230835389,0.006597142629468255,0.005988963425428543,0.004685286443556671,0.0028412043751937064,0.00466631945094637,0.0033001298827286803,0.006733025984256083,0.007613293230835389,0.006597142629468255,0.005988963425428543,0.004685286443556671,0.0028412043751937064,0.00466631945094637,0.0033001298827286803
0.020833766034604195,0.021528607128459817,0.02369603850614653,0.020605626371371373,0.019022128846811096,0.01951304234404749,0.024051859308746818,0.022825020009465447,0.020833766034604195,0.021528607128459817,0.02369603850614653,0.020605626371371373,0.019022128846811096,0.01951304234404749,0.024051859308746818,0.022825020009465447,0.020833766034604195,0.021528607128459817,0.02369603850614653,0.020605626371371373,0.019022128846811096,0.01951304234404749,0.024051859308746818,0.022825020009465447,0.023078602852084948,0.024496814694299263,0.019908568927318127,0.02210070999738728,0.02564624393375108,0.02241244992202235,0.025894491149587206,0.021158818933387776,0.023078602852084948,0.024496814694299263,0.019908568927318127,0.02210070999738728,0.02564624393375108,0.02241244992202235,0.025894491149587206,0.021158818933387776,0.023078602852084948,0.024496814694299263,0.019908568927318127,0.02210070999738728,0.02564624393375108,0.02241244992202235,0.025894491149587206,0.021158818933387776,0.019028596615062923,0.02298403155972233,0.020052005519155685,0.022431130395538776,0.022650287782119655,0.02829256072374713,0.03056468716523496,0.023320722931208845,0.020973595281738918,0.024236972663064977,0.02012813338451493,0.02268222832118544,0.02156412421222965,0.029154624525347766,0.02760049678520496,0.032664396859886285,0.020973595281738918,0.024236972663064977,0.02012813338451493,0.02268222832118544,0.02156412421222965,0.029154624525347766,0.02760049678520496,0.032664396859886285
0.016900481290760667,0.015252586914710275,0.015792988521579433,0.016162695174345335,0.01712458611220768,0.017890837949911684,0.016898243925864313,0.015351030427492324,0.016900481290760667,0.015252586914710275,0.015792988521579433,0.016162695174345335,0.01712458611220768,0.017890837949911684,0.016898243925864313,0.015351030427492324,0.016900481290760667,0.015252586914710275,0.015792988521579433,0.016162695174345335,0.01712458611220768,0.017890837949911684,0.016898243925864313,0.015351030427492324,0.017464956832277227,0.014594293630994739,0.01643024365106283,0.014309924821386065,0.019903342121558955,0.015872129766820342,0.015488886225197163,0.01489125052329811,0.017464956832277227,0.014594293630994739,0.01643024365106283,0.014309924821386065,0.019903342121558955,0.015872129766820342,0.015488886225197163,0.01489125052329811,0.017464956832277227,0.014594293630994739,0.01643024365106283,0.014309924821386065,0.019903342121558955,0.015872129766820342,0.015488886225197163,0.01489125052329811,0.01733031518514986,0.013630193691517741,0.015425736081736561,0.01424818018150393,0.017040555716076794,0.01635211040274051,0.015869292280725412,0.014955789925620811,0.016486530278751205,0.016050485019387203,0.015357833197923816,0.013739068786561824,0.016456959499947774,0.019400155653984626,0.01681586693686559,0.014643946086233308,0.016486530278751205,0.016050485019387203,0.015357833197923816,0.013739068786561824,0.016456959499947774,0.019400155653984626,0.01681586693686559,0.014643946086233308
0.003931803695149782,0.004312037147987762,0.005103279882376302,0.005295354419265946,0.0040358835445881034,0.005407323240539631,0.0029206261834403466,0.003102868864702573,0.003931803695149782,0.004312037147987762,0.005103279882376302,0.005295354419265946,0.0040358835445881034,0.005407323240539631,0.0029206261834403466,0.003102868864702573,0.003931803695149782,0.004312037147987762,0.005103279882376302,0.005295354419265946,0.0040358835445881034,0.005407323240539631,0.0029206261834403466,0.003102868864702573,0.0030444454894255064,0.003140407836241641,0.003696439348352516,0.0028987860984666896,0.0026916661187974898,0.003242669470091816,0.005851251324063419,0.007417400303900146,0.0030444454894255064,0.003140407836241641,0.003696439348352516,0.0028987860984666896,0.0026916661187974898,0.003242669470091816,0.005851251324063419,0.007417400303900146,0.0030444454894255064,0.003140407836241641,0.003696439348352516,0.0028987860984666896,0.0026916661187974898,0.003242669470091816,0.005851251324063419,0.007417400303900146,0.007457513137205697,0.005842435778830086,0.004874439824288849,0.004133719186342029,0.0011225030372178724,0.003407395390655181,0.0026758828590975428,0.005628422229680905,0.004531586250176513,0.0038555958272369476,0.007121123302541814,0.0028888694320129845,0.003069392853506905,0.0019497446047425976,0.002608077709277285,0.0045450384050368916,0.004531586250176513,0.0038555958272369476,0.007121123302541814,0.0028888694320129845,0.003069392853506905,0.0019497446047425976,0.002608077709277285,0.0045450384050368916
0.023210684730874297,0.02305508906134711,0.02450495480927234,0.02369288827837861,0.026511057438631056,0.02786154303701054,0.027764147323693717,0.029251098316042928,0.023210684730874297,0.02305508906134711,0.02450495480927234,0.02369288827837861,0.026511057438631056,0.02786154303701054,0.027764147323693717,0.029251098316042928,0.023210684730874297,0.02305508906134711,0.02450495480927234,0.02369288827837861,0.026511057438631056,0.02786154303701054,0.027764147323693717,0.029251098316042928,0.02252681572035763,0.021802634190990405,0.022966385324752665,0.02153211340912599,0.02958526260037955,0.02918540075731615,0.02591998370016108,0.027700743943090855,0.02252681572035763,0.021802634190990405,0.022966385324752665,0.02153211340912599,0.02958526260037955,0.02918540075731615,0.02591998370016108,0.027700743943090855,0.02252681572035763,0.021802634190990405,0.022966385324752665,0.02153211340912599,0.02958526260037955,0.02918540075731615,0.02591998370016108,0.027700743943090855,0.019593309266700606,0.018439415472823035,0.019741372303854702,0.02335456507063507,0.01977208615924714,0.028821092960562854,0.024572617542324964,0.030139630826680905,0.02171052385509123,0.018851899328321906,0.01835998025545348,0.01950603686170994,0.020163317711701514,0.024019619743645262,0.028311592397497462,0.032676197621313664,0.02171052385509123,0.018851899328321906,0.01835998025545348,0.01950603686170994,0.020163317711701514,0.024019619743645262,0.028311592397497462,0.032676197621313664
0.06525006403384162,0.06334349379680143,0.06182938765563354,0.06276112551923703,0.05472450236924315,0.061027352504828776,0.05671674870874288,0.06175558260624667,0.06525006403384162,0.06334349379680143,0.06182938765563354,0.06276112551923703,0.05472450236924315,0.061027352504828776,0.05671674870874288,0.06175558260624667,0.06525006403384162,0.06334349379680143,0.06182938765563354,0.06276112551923703,0.05472450236924315,0.061027352504828776,0.05671674870874288,0.06175558260624667,0.06764017102471986,0.06269692934320778,0.05914640737512539,0.06285683339857094,0.053112046815098825,0.07294882990734536,0.061657353845669005,0.05706022984452223,0.06764017102471986,0.06269692934320778,0.05914640737512539,0.06285683339857094,0.053112046815098825,0.07294882990734536,0.061657353845669005,0.05706022984452223,0.06764017102471986,0.06269692934320778,0.05914640737512539,0.06285683339857094,0.053112046815098825,0.07294882990734536,0.061657353845669005,0.05706022984452223,0.06860817316421361,0.0696492303358254,0.06200596025252735,0.06186049062083195,0.07502448119880846,0.08462991071863907,0.05756318798230742,0.06226052509825184,0.06811145882156157,0.0595981524425448,0.06209429018300334,0.06650769907612296,0.07017155756189332,0.06728285522286516,0.06353533732303158,0.06890327981186628,0.06811145882156157,0.0595981524425448,0.06209429018300334,0.06650769907612296,0.07017155756189332,0.06728285522286516,0.06353533732303158,0.06890327981186628
0.031201048347586524,0.032257557760759434,0.033296354087307134,0.02748884929865474,0.03306185972959615,0.03314822189725457,0.03254823333307221,0.02939098305018653,0.031201048347586524,0.032257557760759434,0.033296354087307134,0.02748884929865474,0.03306185972959615,0.03314822189725457,0.03254823333307221,0.02939098305018653,0.031201048347586524,0.032257557760759434,0.033296354087307134,0.02748884929865474,0.03306185972959615,0.03314822189725457,0.03254823333307221,0.02939098305018653,0.03014317966585228,0.03319567546451602,0.03203813582293533,0.032399441033709904,0.03396872142709736,0.030730063238082944,0.034786671686758606,0.03209035606526058,0.03014317966585228,0.03319567546451602,0.03203813582293533,0.032399441033709904,0.03396872142709736,0.030730063238082944,0.034786671686758606,0.03209035606526058,0.03014317966585228,0.03319567546451602,0.03203813582293533,0.032399441033709904,0.03396872142709736,0.030730063238082944,0.034786671686758606,0.03209035606526058,0.03510424966247297,0.032718037973781915,0.03529900367546216,0.037821342825269534,0.036077088899904734,0.03580497620879716,0.03424248022487142,0.040478141815636186,0.0370317622539193,0.03676794569142907,0.03614709287239474,0.03607668443621183,0.03465989349859955,0.03404329329912498,0.03428282847576828,0.041099743389918654,0.0370317622539193,0.03676794569142907,0.03614709287239474,0.03607668443621183,0.03465989349859955,0.03404329329912498,0.03428282847576828,0.041099743389918654
0.020507382950668278,0.019997264077142658,0.020284478867731288,0.02067005560370032,0.01747714828566103,0.019466532100833683,0.015933205362288434,0.017140240723086127,0.020507382950668278,0.019997264077142658,0.020284478867731288,0.02067005560370032,0.01747714828566103,0.019466532100833683,0.015933205362288434,0.017140240723086127,0.020507382950668278,0.019997264077142658,0.020284478867731288,0.02067005560370032,0.01747714828566103,0.019466532100833683,0.015933205362288434,0.017140240723086127,0.01779997451791683,0.01631633249239487,0.0171400430929763,0.015702108996614596,0.018868614716963026,0.016129159219454788,0.018279196009811163,0.013653983579994734,0.01779997451791683,0.01631633249239487,0.0171400430929763,0.015702108996614596,0.018868614716963026,0.016129159219454788,0.018279196009811163,0.013653983579994734,0.01779997451791683,0.01631633249239487,0.0171400430929763,0.015702108996614596,0.018868614716963026,0.016129159219454788,0.018279196009811163,0.013653983579994734,0.015547791452718425,0.017383423871796297,0.017423700398187907,0.016792779006487284,0.027152149635187726,0.0199501044550106,0.018178649874467084,0.017017124761889116,0.01707362230737305,0.01666367411001537,0.01700603205827729,0.017845441365280698,0.027736476275322972,0.018140894549604394,0.019106476553635055,0.016494199480031124,0.01707362230737305,0.01666367411001537,0.01700603205827729,0.017845441365280698,0.027736476275322972,0.018140894549604394,0.019106476553635055,0.016494199480031124
0.07678198550203275,0.07149250787427461,0.07711665929999714,0.08852610991458434,0.04559120970431985,0.04778028895798657,0.06876265530867633,0.060019912245294536,0.07678198550203275,0.07149250787427461,0.07711665929999714,0.08852610991458434,0.04559120970431985,0.04778028895798657,0.06876265530867633,0.060019912245294536,0.07678198550203275,0.07149250787427461,0.07711665929999714,0.08852610991458434,0.04559120970431985,0.04778028895798657,0.06876265530867633,0.060019912245294536,0.07811296887781774,0.0935205425197888,0.06945266389393567,0.059033736664205194,0.08472435642413226,0.03483063909673468,0.05254572115204238,0.024965409964510733,0.07811296887781774,0.0935205425197888,0.06945266389393567,0.059033736664205194,0.08472435642413226,0.03483063909673468,0.05254572115204238,0.024965409964510733,0.07811296887781774,0.0935205425197888,0.06945266389393567,0.059033736664205194,0.08472435642413226,0.03483063909673468,0.05254572115204238,0.024965409964510733,0.09753926743394528,0.05966175054250429,0.046931791585497276,0.06637959804640314,0.06816242487085612,0.017248456665452182,0.04556849660483127,0.02563907026741933,0.10990256882033093,0.05647127778323878,0.055124612726442326,0.0767222827044023,0.09886195916238363,0.018667108930710236,0.03651707494397822,0.025908797622959733,0.10990256882033093,0.05647127778323878,0.055124612726442326,0.0767222827044023,0.09886195916238363,0.018667108930710236,0.03651707494397822,0.025908797622959733
0.02174905535039317,0.02315946031208865,0.015504181885663538,0.022657778264902603,0.030081036422182274,0.03182865925237065,0.02119800442821431,0.016726062539655903,0.02174905535039317,0.02315946031208865,0.015504181885663538,0.022657778264902603,0.030081036422182274,0.03182865925237065,0.02119800442821431,0.016726062539655903,0.02174905535039317,0.02315946031208865,0.015504181885663538,0.022657778264902603,0.030081036422182274,0.03182865925237065,0.02119800442821431,0.016726062539655903,0.010654767667124407,0.02093104793552338,0.023714311255537936,0.019855938011547822,0.022722238031710345,0.018915494986331004,0.020232882180067115,0.030713863726055782,0.010654767667124407,0.02093104793552338,0.023714311255537936,0.019855938011547822,0.022722238031710345,0.018915494986331004,0.020232882180067115,0.030713863726055782,0.010654767667124407,0.02093104793552338,0.023714311255537936,0.019855938011547822,0.022722238031710345,0.018915494986331004,0.020232882180067115,0.030713863726055782,0.01665640349774909,0.01759379352454202,0.019078049609972655,0.02535931367140643,0.01578194754951632,0.014907516963484907,0.026058472890730787,0.018692834573265996,0.01664479834107183,0.01888647147294617,0.022538442039872784,0.018055691538570284,0.01300126764311807,0.008014905590545162,0.017932671619211225,0.012604635235952323,0.01664479834107183,0.01888647147294617,0.022538442039872784,0.018055691538570284,0.01300126764311807,0.008014905590545162,0.017932671619211225,0.012604635235952323
0.08610498391852218,0.09953430046574957,0.08599370472602186,0.08917425168649562,0.10248923262799003,0.10458929857402756,0.08958551469378513,0.10729298160221716,0.08610498391852218,0.09953430046574957,0.08599370472602186,0.08917425168649562,0.10248923262799003,0.10458929857402756,0.08958551469378513,0.10729298160221716,0.08610498391852218,0.09953430046574957,0.08599370472602186,0.08917425168649562,0.10248923262799003,0.10458929857402756,0.08958551469378513,0.10729298160221716,0.08727230165460892,0.10669635213843011,0.10253731425341346,0.12134633654859282,0.11585534254788692,0.11996059659848785,0.14220275671950197,0.12303465990035119,0.08727230165460892,0.10669635213843011,0.10253731425341346,0.12134633654859282,0.11585534254788692,0.11996059659848785,0.14220275671950197,0.12303465990035119,0.08727230165460892,0.10669635213843011,0.10253731425341346,0.12134633654859282,0.11585534254788692,0.11996059659848785,0.14220275671950197,0.12303465990035119,0.1026639440928215,0.15180518452133582,0.10684554451924165,0.1127577488720624,0.13645469847400032,0.12768136551830087,0.1309624888714041,0.12277554992599937,0.1106278982842256,0.14323968116047522,0.09196758292201314,0.1069125396524766,0.12170103864385096,0.12337045423576311,0.10010185560005004,0.10871353376782265,0.1106278982842256,0.14323968116047522,0.09196758292201314,0.1069125396524766,0.12170103864385096,0.12337045423576311,0.10010185560005004,0.10871353376782265
0.0701473394412433,0.0719061446135431,0.06581467658501604,0.06913151108319775,0.0809253804200411,0.07086721924526704,0.09245303020213119,0.07065157304113182,0.0701473394412433,0.0719061446135431,0.06581467658501604,0.06913151108319775,0.0809253804200411,0.07086721924526704,0.09245303020213119,0.07065157304113182,0.0701473394412433,0.0719061446135431,0.06581467658501604,0.06913151108319775,0.0809253804200411,0.07086721924526704,0.09245303020213119,0.07065157304113182,0.10488421743076314,0.10954668332360717,0.08527500774446714,0.08402747966151829,0.08790388370788706,0.12852562834297976,0.07533963077397765,0.07439416208070254,0.10488421743076314,0.10954668332360717,0.08527500774446714,0.08402747966151829,0.08790388370788706,0.12852562834297976,0.07533963077397765,0.07439416208070254,0.10488421743076314,0.10954668332360717,0.08527500774446714,0.08402747966151829,0.08790388370788706,0.12852562834297976,0.07533963077397765,0.07439416208070254,0.0827884949951961,0.12325677219429494,0.08712083297012309,0.07649645766321117,0.07311591909111118,0.10628277304870065,0.10357674102706992,0.09039420477210723,0.07529211831652206,0.11427302109609837,0.07983387449370377,0.08600415014884605,0.07988750063603556,0.09168522463509472,0.10313215843767952,0.08949959695190056,0.07529211831652206,0.11427302109609837,0.07983387449370377,0.08600415014884605,0.07988750063603556,0.09168522463509472,0.10313215843767952,0.08949959695190056
0.02589328762228298,0.028801955544213994,0.028857341614702978,0.027574769839731936,0.03280587765935229,0.04232361423928776,0.0463152699188333,0.03383905796943191,0.02589328762228298,0.028801955544213994,0.028857341614702978,0.027574769839731936,0.03280587765935229,0.04232361423928776,0.0463152699188333,0.03383905796943191,0.02589328762228298,0.028801955544213994,0.028857341614702978,0.027574769839731936,0.03280587765935229,0.04232361423928776,0.0463152699188333,0.03383905796943191,0.026775512398649035,0.023687998778430693,0.027240250561450987,0.031086268120521152,0.03558191661298294,0.055295334277597946,0.035635303801886335,0.03792138389797506,0.026775512398649035,0.023687998778430693,0.027240250561450987,0.031086268120521152,0.03558191661298294,0.055295334277597946,0.035635303801886335,0.03792138389797506,0.026775512398649035,0.023687998778430693,0.027240250561450987,0.031086268120521152,0.03558191661298294,0.055295334277597946,0.035635303801886335,0.03792138389797506,0.038379321169689555,0.04000282478524297,0.029800279676951594,0.03637659716652813,0.026879990235306298,0.027920978224546113,0.031813298110634484,0.03376616688148565,0.040890708841239506,0.03576178412979398,0.017665156426603188,0.03323366386271986,0.023819310501430525,0.018430652024576062,0.02590150979195264,0.036461281115988294,0.040890708841239506,0.03576178412979398,0.017665156426603188,0.03323366386271986,0.023819310501430525,0.018430652024576062,0.02590150979195264,0.036461281115988294
0.009673714324286506,0.007951822359353706,0.010265782180027173,0.008604202252746824,0.005676269126107599,0.0024211737682897955,0.010025413966047452,0.004663995947076011,0.009673714324286506,0.007951822359353706,0.010265782180027173,0.008604202252746824,0.005676269126107599,0.0024211737682897955,0.010025413966047452,0.004663995947076011,0.009673714324286506,0.007951822359353706,0.010265782180027173,0.008604202252746824,0.005676269126107599,0.0024211737682897955,0.010025413966047452,0.004663995947076011,0.0051004567137622105,0.006686905512605036,0.00867593704654798,0.0063061286896385,0.007417660222654038,0.005760278543949666,0.0038591070834204104,0.005973841740891435,0.0051004567137622105,0.006686905512605036,0.00867593704654798,0.0063061286896385,0.007417660222654038,0.005760278543949666,0.0038591070834204104,0.005973841740891435,0.0051004567137622105,0.006686905512605036,0.00867593704654798,0.0063061286896385,0.007417660222654038,0.005760278543949666,0.0038591070834204104,0.005973841740891435,0.004132837377688899,0.005356080339287598,0.007922220470401005,0.004282426046434292,0.007109043722210377,0.005404365236488739,0.005828910151948589,0.003210808320142692,0.004189486307042197,0.004103009158261655,0.008462454629373397,0.00407860429097782,0.003825266622491384,0.004595324986647507,0.006253443619273036,0.0030603841580621183,0.004189486307042197,0.004103009158261655,0.008462454629373397,0.00407860429097782,0.003825266622491384,0.004595324986647507,0.006253443619273036,0.0030603841580621183
0.10729683265332562,0.12397864878280303,0.09637514603813106,0.12228439489922792,0.10686788240227273,0.11377796220375426,0.11188510817282005,0.11578836942439646,0.10729683265332562,0.12397864878280303,0.09637514603813106,0.12228439489922792,0.10686788240227273,0.11377796220375426,0.11188510817282005,0.11578836942439646,0.10729683265332562,0.12397864878280303,0.09637514603813106,0.12228439489922792,0.10686788240227273,0.11377796220375426,0.11188510817282005,0.11578836942439646,0.11150259331062122,0.12510216678790081,0.1022259697382789,0.11594372435348176,0.1186448738500942,0.11025227379822351,0.12298301716679348,0.10749426707009609,0.11150259331062122,0.12510216678790081,0.1022259697382789,0.11594372435348176,0.1186448738500942,0.11025227379822351,0.12298301716679348,0.10749426707009609,0.11150259331062122,0.12510216678790081,0.1022259697382789,0.11594372435348176,0.1186448738500942,0.11025227379822351,0.12298301716679348,0.10749426707009609,0.10024827366577038,0.1036237247253539,0.10635133284001914,0.11090109736141401,0.11909391909760943,0.10455188634659389,0.09954438948517946,0.11039652363608891,0.11022582340048155,0.11198874595026102,0.10629665419306093,0.11366671986671072,0.11744979119603312,0.1417653799829033,0.10374732899418283,0.1170208896938783,0.11022582340048155,0.11198874595026102,0.10629665419306093,0.11366671986671072,0.11744979119603312,0.1417653799829033,0.10374732899418283,0.1170208896938783
0.015758383733515326,0.016090932237808473,0.016238049978539247,0.01468606255964134,0.017699452431892963,0.013301975458979003,0.017292245658636577,0.015373603664033599,0.015758383733515326,0.016090932237808473,0.016238049978539247,0.01468606255964134,0.017699452431892963,0.013301975458979003,0.017292245658636577,0.015373603664033599,0.015758383733515326,0.016090932237808473,0.016238049978539247,0.01468606255964134,0.017699452431892963,0.013301975458979003,0.017292245658636577,0.015373603664033599,0.0178152992950142,0.016816432637463467,0.01806514844505441,0.02149413528779828,0.022716719159985573,0.017428052491222326,0.022584919296906033,0.01947480306304638,0.0178152992950142,0.016816432637463467,0.01806514844505441,0.02149413528779828,0.022716719159985573,0.017428052491222326,0.022584919296906033,0.01947480306304638,0.0178152992950142,0.016816432637463467,0.01806514844505441,0.02149413528779828,0.022716719159985573,0.017428052491222326,0.022584919296906033,0.01947480306304638,0.023674003497389195,0.02318561575545786,0.018443654802377273,0.019582622832247914,0.015062569407919058,0.025801115386163174,0.02589620577838414,0.017809818308328083,0.018946294711864434,0.021165245503561237,0.01772451164507143,0.018508777312567285,0.018439683796155536,0.02416101630440689,0.017871322210894665,0.01952509547368344,0.018946294711864434,0.021165245503561237,0.01772451164507143,0.018508777312567285,0.018439683796155536,0.02416101630440689,0.017871322210894665,0.01952509547368344
0.040394073049805204,0.038851980602910854,0.03666887386338426,0.03956955200154939,0.03492246357988699,0.04073652600267733,0.038514035060269625,0.042998449487826405,0.040394073049805204,0.038851980602910854,0.03666887386338426,0.03956955200154939,0.03492246357988699,0.04073652600267733,0.038514035060269625,0.042998449487826405,0.040394073049805204,0.038851980602910854,0.03666887386338426,0.03956955200154939,0.03492246357988699,0.04073652600267733,0.038514035060269625,0.042998449487826405,0.03870781427053473,0.041684428022043966,0.04127912980322093,0.038545726207519566,0.057254985097589674,0.03331431894871422,0.05683238399947133,0.06570818447475671,0.03870781427053473,0.041684428022043966,0.04127912980322093,0.038545726207519566,0.057254985097589674,0.03331431894871422,0.05683238399947133,0.06570818447475671,0.03870781427053473,0.041684428022043966,0.04127912980322093,0.038545726207519566,0.057254985097589674,0.03331431894871422,0.05683238399947133,0.06570818447475671,0.038467299148875804,0.04792283148624411,0.045747855079095234,0.05713210538781713,0.06520022375849797,0.0388532468168133,0.05976894488359452,0.07824208686459405,0.04598372584711664,0.044367552922663915,0.07059363538201836,0.05008284880771948,0.05893316523336147,0.06835239351058159,0.07520924476269329,0.07927398576683821,0.04598372584711664,0.044367552922663915,0.07059363538201836,0.05008284880771948,0.05893316523336147,0.06835239351058159,0.07520924476269329,0.07927398576683821
0.027300582969400352,0.025621735128736275,0.024595394083345913,0.031663053310969164,0.023261686829242133,0.026835855710767322,0.02845895757982359,0.020835442061652606,0.027300582969400352,0.025621735128736275,0.024595394083345913,0.031663053310969164,0.023261686829242133,0.026835855710767322,0.02845895757982359,0.020835442061652606,0.027300582969400352,0.025621735128736275,0.024595394083345913,0.031663053310969164,0.023261686829242133,0.026835855710767322,0.02845895757982359,0.020835442061652606,0.026053040510945345,0.01949898013992741,0.02485903761184055,0.018917637205624116,0.019168033846247295,0.02125316385733271,0.024883345844627366,0.012651711846433607,0.026053040510945345,0.01949898013992741,0.02485903761184055,0.018917637205624116,0.019168033846247295,0.02125316385733271,0.024883345844627366,0.012651711846433607,0.026053040510945345,0.01949898013992741,0.02485903761184055,0.018917637205624116,0.019168033846247295,0.02125316385733271,0.024883345844627366,0.012651711846433607,0.021513047629933776,0.01620912281103021,0.018901296262205578,0.022454549203464857,0.00875724503040225,0.012857191328554602,0.0169088579311534,0.012166388313839064,0.021052147197477715,0.016614963966995425,0.017100755569959252,0.020446715994299564,0.03112156406093386,0.014911757557926347,0.010067078058562823,0.008674610944234848,0.021052147197477715,0.016614963966995425,0.017100755569959252,0.020446715994299564,0.03112156406093386,0.014911757557926347,0.010067078058562823,0.008674610944234848
0.016980488652505718,0.01450373565368005,0.016384749258315307,0.015125731641099767,0.01664529817234266,0.01878685082843477,0.014338862818639235,0.015574224841755852,0.016980488652505718,0.01450373565368005,0.016384749258315307,0.015125731641099767,0.01664529817234266,0.01878685082843477,0.014338862818639235,0.015574224841755852,0.016980488652505718,0.01450373565368005,0.016384749258315307,0.015125731641099767,0.01664529817234266,0.01878685082843477,0.014338862818639235,0.015574224841755852,0.012895480680044204,0.015947213463389093,0.01354085522423603,0.013353856342025176,0.014528863100866027,0.015217487351442108,0.0128520938091769,0.012016412320535769,0.012895480680044204,0.015947213463389093,0.01354085522423603,0.013353856342025176,0.014528863100866027,0.015217487351442108,0.0128520938091769,0.012016412320535769,0.012895480680044204,0.015947213463389093,0.01354085522423603,0.013353856342025176,0.014528863100866027,0.015217487351442108,0.0128520938091769,0.012016412320535769,0.01371540263147647,0.01353464046410109,0.012034426996685848,0.014144582224866552,0.015932896035293628,0.015384491410332832,0.014311137348402966,0.016199190061560106,0.012262575942798504,0.014004667558148337,0.013482518214786911,0.015209868027276053,0.01155117910321612,0.013025891444920376,0.017116789255278656,0.011861420980984248,0.012262575942798504,0.014004667558148337,0.013482518214786911,0.015209868027276053,0.01155117910321612,0.013025891444920376,0.017116789255278656,0.011861420980984248
0.17173159273076757,0.171694817628258,0.177001395203754,0.17124547788422564,0.19702764289325495,0.19046970094552026,0.1761246043174993,0.18072586490548448,0.17173159273076757,0.171694817628258,0.177001395203754,0.17124547788422564,0.19702764289325495,0.19046970094552026,0.1761246043174993,0.18072586490548448,0.17173159273076757,0.171694817628258,0.177001395203754,0.17124547788422564,0.19702764289325495,0.19046970094552026,0.1761246043174993,0.18072586490548448,0.1829849488436629,0.17864739358543213,0.17696191119100743,0.17645489974188153,0.203850482358652,0.18912505633747778,0.19193623863022005,0.187082342312523,0.1829849488436629,0.17864739358543213,0.17696191119100743,0.17645489974188153,0.203850482358652,0.18912505633747778,0.19193623863022005,0.187082342312523,0.1829849488436629,0.17864739358543213,0.17696191119100743,0.17645489974188153,0.203850482358652,0.18912505633747778,0.19193623863022005,0.187082342312523,0.1996164230604026,0.1862417682248866,0.17662968871800522,0.18333287280748634,0.19886896221858766,0.20464978398978104,0.18903253146721785,0.17893855172701267,0.1921356390704104,0.17561896771591504,0.18312544309494497,0.18088676030647013,0.23366866619702278,0.20046103282400715,0.1955303512129267,0.19198928187306455,0.1921356390704104,0.17561896771591504,0.18312544309494497,0.18088676030647013,0.23366866619702278,0.20046103282400715,0.1955303512129267,0.19198928187306455
0.037889584818168426,0.03334897013945616,0.033823095416606545,0.031453638314577696,0.023762254813863484,0.036000648643557544,0.0242128549219876,0.025765103961592015,0.037889584818168426,0.03334897013945616,0.033823095416606545,0.031453638314577696,0.023762254813863484,0.036000648643557544,0.0242128549219876,0.025765103961592015,0.037889584818168426,0.03334897013945616,0.033823095416606545,0.031453638314577696,0.023762254813863484,0.036000648643557544,0.0242128549219876,0.025765103961592015,0.04405790371628329,0.03709182153897637,0.0377186584165981,0.05104887648095128,0.04233676249234208,0.07856722746509916,0.023627811678755526,0.06269121662146487,0.04405790371628329,0.03709182153897637,0.0377186584165981,0.05104887648095128,0.04233676249234208,0.07856722746509916,0.023627811678755526,0.06269121662146487,0.04405790371628329,0.03709182153897637,0.0377186584165981,0.05104887648095128,0.04233676249234208,0.07856722746509916,0.023627811678755526,0.06269121662146487,0.04951550340018574,0.05911960400315441,0.04448509883687468,0.07076149378837858,0.06348962771575868,0.043207689657686836,0.05198947461741718,0.041689280712171956,0.04935563215897728,0.064852967439875,0.03850073700690916,0.05060115443211221,0.07787174149760004,0.038466944411530174,0.030563352063803284,0.06975242648990826,0.04935563215897728,0.064852967439875,0.03850073700690916,0.05060115443211221,0.07787174149760004,0.038466944411530174,0.030563352063803284,0.06975242648990826
0.024097492450589418,0.026976287158782773,0.024831862204636665,0.023764216904390345,0.022400107372242815,0.023522821474590686,0.023598123474417698,0.022473076063388553,0.024097492450589418,0.026976287158782773,0.024831862204636665,0.023764216904390345,0.022400107372242815,0.023522821474590686,0.023598123474417698,0.022473076063388553,0.024097492450589418,0.026976287158782773,0.024831862204636665,0.023764216904390345,0.022400107372242815,0.023522821474590686,0.023598123474417698,0.022473076063388553,0.026399590833579234,0.02103446010227431,0.023663765049126817,0.02498670103143611,0.020615801819293497,0.02051676739415292,0.01694912207045473,0.022632959921972298,0.026399590833579234,0.02103446010227431,0.023663765049126817,0.02498670103143611,0.020615801819293497,0.02051676739415292,0.01694912207045473,0.022632959921972298,0.026399590833579234,0.02103446010227431,0.023663765049126817,0.02498670103143611,0.020615801819293497,0.02051676739415292,0.01694912207045473,0.022632959921972298,0.024328181938143862,0.02184019893848203,0.021867136956816077,0.020603745536239552,0.023595332375935807,0.0215795744098673,0.023570955284353465,0.02389162813658472,0.025297453209914604,0.019891281899682884,0.022829608609233828,0.022281053619976395,0.023947816416632243,0.020668488772605464,0.0209991879511698,0.0250909585934995,0.025297453209914604,0.019891281899682884,0.022829608609233828,0.022281053619976395,0.023947816416632243,0.020668488772605464,0.0209991879511698,0.0250909585934995
0.016651338988000225,0.01625479511924687,0.01817710281156557,0.017221264940472464,0.020917802306699044,0.01645965142721777,0.017483683481431613,0.01621939342567079,0.016651338988000225,0.01625479511924687,0.01817710281156557,0.017221264940472464,0.020917802306699044,0.01645965142721777,0.017483683481431613,0.01621939342567079,0.016651338988000225,0.01625479511924687,0.01817710281156557,0.017221264940472464,0.020917802306699044,0.01645965142721777,0.017483683481431613,0.01621939342567079,0.017032040272792766,0.01425238252171918,0.015577874831005027,0.014679164243559488,0.013612467605221957,0.010664609216186265,0.01407404129247258,0.013939646288310957,0.017032040272792766,0.01425238252171918,0.015577874831005027,0.014679164243559488,0.013612467605221957,0.010664609216186265,0.01407404129247258,0.013939646288310957,0.017032040272792766,0.01425238252171918,0.015577874831005027,0.014679164243559488,0.013612467605221957,0.010664609216186265,0.01407404129247258,0.013939646288310957,0.014414916501605675,0.015244267200557254,0.016652400244406618,0.01473557965745161,0.014048012809706512,0.017054014601577412,0.010019755964245194,0.01635512943495396,0.013117522285158244,0.0158246813022189,0.016766316432873695,0.014491787216232161,0.021098831419667032,0.01564521155449057,0.009328046406738566,0.016553186694716577,0.013117522285158244,0.0158246813022189,0.016766316432873695,0.014491787216232161,0.021098831419667032,0.01564521155449057,0.009328046406738566,0.016553186694716577
0.025425839418779083,0.02796909903825474,0.022560445417716977,0.027005262954321145,0.02214017572920201,0.02184045804428879,0.024683565382301202,0.022404933839371064,0.025425839418779083,0.02796909903825474,0.022560445417716977,0.027005262954321145,0.02214017572920201,0.02184045804428879,0.024683565382301202,0.022404933839371064,0.025425839418779083,0.02796909903825474,0.022560445417716977,0.027005262954321145,0.02214017572920201,0.02184045804428879,0.024683565382301202,0.022404933839371064,0.02438977995226765,0.024282289474307415,0.025654061784513914,0.0263961892552327,0.020424889055849608,0.023133867654252304,0.022962278248187484,0.027619163210768235,0.02438977995226765,0.024282289474307415,0.025654061784513914,0.0263961892552327,0.020424889055849608,0.023133867654252304,0.022962278248187484,0.027619163210768235,0.02438977995226765,0.024282289474307415,0.025654061784513914,0.0263961892552327,0.020424889055849608,0.023133867654252304,0.022962278248187484,0.027619163210768235,0.02144601469342918,0.024166549656351448,0.022359687405768502,0.02397325294243647,0.0151795606873706,0.018268649696306403,0.00957465131669154,0.030429455766456785,0.023827904899557495,0.02694637949772259,0.023034481244685986,0.025692661605255247,0.018301490637351085,0.01988010851202604,0.02352366552174262,0.024449862314630966,0.023827904899557495,0.02694637949772259,0.023034481244685986,0.025692661605255247,0.018301490637351085,0.01988010851202604,0.02352366552174262,0.024449862314630966
0.015407261804880742,0.017947311295357194,0.01626201237127839,0.017240445984609422,0.016425479744691267,0.015305504394999817,0.018461344414757917,0.01771124739602577,0.015407261804880742,0.017947311295357194,0.01626201237127839,0.017240445984609422,0.016425479744691267,0.015305504394999817,0.018461344414757917,0.01771124739602577,0.015407261804880742,0.017947311295357194,0.01626201237127839,0.017240445984609422,0.016425479744691267,0.015305504394999817,0.018461344414757917,0.01771124739602577,0.018437058033443306,0.016487030628104547,0.01797757013871001,0.01809391122167996,0.020265105327349313,0.028912610102517396,0.02456742716714224,0.0288388811016628,0.018437058033443306,0.016487030628104547,0.01797757013871001,0.01809391122167996,0.020265105327349313,0.028912610102517396,0.02456742716714224,0.0288388811016628,0.018437058033443306,0.016487030628104547,0.01797757013871001,0.01809391122167996,0.020265105327349313,0.028912610102517396,0.02456742716714224,0.0288388811016628,0.02656520040760274,0.02274716483353273,0.02328853581540071,0.021440461011840294,0.029653848702549637,0.03569082430448974,0.029000977550078123,0.044475171386526124,0.024242237326698102,0.035608400837699485,0.020991243215860038,0.02401474891240817,0.02614635523857029,0.027490428654673764,0.0317283579858992,0.041878543845136305,0.024242237326698102,0.035608400837699485,0.020991243215860038,0.02401474891240817,0.02614635523857029,0.027490428654673764,0.0317283579858992,0.041878543845136305
0.015273704972973182,0.013738868385324857,0.013787277353271303,0.01255243861457355,0.014202087173663851,0.014771026474213042,0.014628166396529798,0.01476566859495232,0.015273704972973182,0.013738868385324857,0.013787277353271303,0.01255243861457355,0.014202087173663851,0.014771026474213042,0.014628166396529798,0.01476566859495232,0.015273704972973182,0.013738868385324857,0.013787277353271303,0.01255243861457355,0.014202087173663851,0.014771026474213042,0.014628166396529798,0.01476566859495232,0.012955503115349728,0.01433636441397815,0.012388563003863389,0.013181966248318798,0.015280772396446452,0.014061594974223343,0.014614943516440234,0.013883227960362702,0.012955503115349728,0.01433636441397815,0.012388563003863389,0.013181966248318798,0.015280772396446452,0.014061594974223343,0.014614943516440234,0.013883227960362702,0.012955503115349728,0.01433636441397815,0.012388563003863389,0.013181966248318798,0.015280772396446452,0.014061594974223343,0.014614943516440234,0.013883227960362702,0.015149984418734497,0.014686041796614797,0.01461270568102673,0.012608583337861183,0.0191699759007297,0.015170302588834068,0.017550494650082866,0.013047798307737253,0.01500088363496801,0.014773031271924234,0.014863626772415183,0.013379793969032112,0.019976510110497975,0.013867140907427444,0.01664543914520931,0.012477955344448245,0.01500088363496801,0.014773031271924234,0.014863626772415183,0.013379793969032112,0.019976510110497975,0.013867140907427444,0.01664543914520931,0.012477955344448245
0.014667571416702437,0.016323856828477347,0.016595753465488767,0.01820670715402035,0.016646033334605174,0.013185276137516452,0.014848211288416601,0.0162561540921293,0.014667571416702437,0.016323856828477347,0.016595753465488767,0.01820670715402035,0.016646033334605174,0.013185276137516452,0.014848211288416601,0.0162561540921293,0.014667571416702437,0.016323856828477347,0.016595753465488767,0.01820670715402035,0.016646033334605174,0.013185276137516452,0.014848211288416601,0.0162561540921293,0.02000459145565922,0.016762781148159534,0.01691718821367289,0.01931253885087381,0.02344962750711512,0.023760405236516336,0.01904171923181547,0.020167441348158868,0.02000459145565922,0.016762781148159534,0.01691718821367289,0.01931253885087381,0.02344962750711512,0.023760405236516336,0.01904171923181547,0.020167441348158868,0.02000459145565922,0.016762781148159534,0.01691718821367289,0.01931253885087381,0.02344962750711512,0.023760405236516336,0.01904171923181547,0.020167441348158868,0.02132990475266196,0.02050149201336878,0.021083762146654438,0.021064012277854826,0.02285638273870542,0.021313872130876026,0.019594178590054908,0.016985332872377242,0.01939333983103565,0.02032733950236753,0.01989927709106167,0.02149084027959416,0.02069639276871637,0.024983390820712426,0.024576870769069142,0.02433558922175114,0.01939333983103565,0.02032733950236753,0.01989927709106167,0.02149084027959416,0.02069639276871637,0.024983390820712426,0.024576870769069142,0.02433558922175114
0.005576288107830225,0.006598458552147112,0.007215316031303856,0.00632371707114889,0.008320613128627816,0.006882744782089221,0.009517271073387025,0.007739606908084391,0.005576288107830225,0.006598458552147112,0.007215316031303856,0.00632371707114889,0.008320613128627816,0.006882744782089221,0.009517271073387025,0.007739606908084391,0.005576288107830225,0.006598458552147112,0.007215316031303856,0.00632371707114889,0.008320613128627816,0.006882744782089221,0.009517271073387025,0.007739606908084391,0.005436585428117145,0.005969330786961717,0.006258723657373726,0.0056077992226516,0.006055312721271695,0.00789709059247483,0.007119539762203648,0.006837869047809036,0.005436585428117145,0.005969330786961717,0.006258723657373726,0.0056077992226516,0.006055312721271695,0.00789709059247483,0.007119539762203648,0.006837869047809036,0.005436585428117145,0.005969330786961717,0.006258723657373726,0.0056077992226516,0.006055312721271695,0.00789709059247483,0.007119539762203648,0.006837869047809036,0.0076733572142727935,0.006224802025267178,0.008389447010313087,0.007423524169251873,0.010895574879182903,0.008306017501680519,0.008337420822039534,0.00895274399218653,0.008998922225569127,0.006516561344988499,0.007380297536164737,0.007142164964442691,0.008199537075169966,0.011671706042351317,0.008878101292896973,0.005260216494916738,0.008998922225569127,0.006516561344988499,0.007380297536164737,0.007142164964442691,0.008199537075169966,0.011671706042351317,0.008878101292896973,0.005260216494916738
0.04014556671969359,0.04078736048420965,0.039780927794662746,0.03917204667874207,0.0377679641646023,0.03847135100671839,0.03863683491729334,0.037011404647579495,0.04014556671969359,0.04078736048420965,0.039780927794662746,0.03917204667874207,0.0377679641646023,0.03847135100671839,0.03863683491729334,0.037011404647579495,0.04014556671969359,0.04078736048420965,0.039780927794662746,0.03917204667874207,0.0377679641646023,0.03847135100671839,0.03863683491729334,0.037011404647579495,0.03663159794715888,0.03720567330460802,0.03645732245303609,0.036562464362339946,0.03760714097509843,0.03832393901818535,0.03693535743261247,0.03465570805964434,0.03663159794715888,0.03720567330460802,0.03645732245303609,0.036562464362339946,0.03760714097509843,0.03832393901818535,0.03693535743261247,0.03465570805964434,0.03663159794715888,0.03720567330460802,0.03645732245303609,0.036562464362339946,0.03760714097509843,0.03832393901818535,0.03693535743261247,0.03465570805964434,0.03479916532701519,0.03551259935655008,0.03497900741868266,0.04010463672474908,0.03830963448227492,0.0389014411864181,0.03601815933564464,0.03579752664726613,0.03637856127155555,0.033767517667111245,0.0360836537233955,0.03551272903071296,0.03749597049434196,0.050558014869674026,0.03845213897504761,0.03714870076053249,0.03637856127155555,0.033767517667111245,0.0360836537233955,0.03551272903071296,0.03749597049434196,0.050558014869674026,0.03845213897504761,0.03714870076053249
0.009429507785740952,0.01096489039881709,0.009766758146562126,0.009181354209728381,0.005000556146668343,0.005157564907979245,0.00740846590310511,0.006316415222308336,0.009429507785740952,0.01096489039881709,0.009766758146562126,0.009181354209728381,0.005000556146668343,0.005157564907979245,0.00740846590310511,0.006316415222308336,0.009429507785740952,0.01096489039881709,0.009766758146562126,0.009181354209728381,0.005000556146668343,0.005157564907979245,0.00740846590310511,0.006316415222308336,0.0075577461302028985,0.008160157918028611,0.007594591322057112,0.009345860027416617,0.005645277396282067,0.009650462226978984,0.008259563142349014,0.007679288109438635,0.0075577461302028985,0.008160157918028611,0.007594591322057112,0.009345860027416617,0.005645277396282067,0.009650462226978984,0.008259563142349014,0.007679288109438635,0.0075577461302028985,0.008160157918028611,0.007594591322057112,0.009345860027416617,0.005645277396282067,0.009650462226978984,0.008259563142349014,0.007679288109438635,0.00898374756180084,0.005798744052939901,0.00907259454096742,0.00946044711590747,0.010492880931893376,0.012728850119743874,0.010070508114485415,0.009610452167453931,0.009406205954269784,0.007025057518025474,0.008498252190940449,0.008118425930990124,0.00837005176434876,0.010484552701541229,0.012897426842913845,0.008689134152781145,0.009406205954269784,0.007025057518025474,0.008498252190940449,0.008118425930990124,0.00837005176434876,0.010484552701541229,0.012897426842913845,0.008689134152781145
0.028648776470226022,0.03289682172779098,0.030421750130162604,0.031236111784189353,0.0321244406209717,0.032079076667904376,0.029600612874047746,0.03508515289710992,0.028648776470226022,0.03289682172779098,0.030421750130162604,0.031236111784189353,0.0321244406209717,0.032079076667904376,0.029600612874047746,0.03508515289710992,0.028648776470226022,0.03289682172779098,0.030421750130162604,0.031236111784189353,0.0321244406209717,0.032079076667904376,0.029600612874047746,0.03508515289710992,0.027682879597667548,0.03102688912009674,0.026358909788414205,0.03130845922644103,0.034208094997469886,0.026915458695803515,0.02424135056499109,0.029097157820979918,0.027682879597667548,0.03102688912009674,0.026358909788414205,0.03130845922644103,0.034208094997469886,0.026915458695803515,0.02424135056499109,0.029097157820979918,0.027682879597667548,0.03102688912009674,0.026358909788414205,0.03130845922644103,0.034208094997469886,0.026915458695803515,0.02424135056499109,0.029097157820979918,0.027697440250637015,0.028346428287093703,0.0259740139742755,0.026316693296479603,0.0223189307623325,0.02538850163104771,0.02570168352284097,0.02601723640473297,0.02896417238951877,0.030982240360655892,0.0262810135006402,0.02822796765567082,0.021096460292709476,0.024491782778484728,0.023202097336059466,0.021671246319069002,0.02896417238951877,0.030982240360655892,0.0262810135006402,0.02822796765567082,0.021096460292709476,0.024491782778484728,0.023202097336059466,0.021671246319069002
0.14398438918399967,0.15429988117529686,0.13831874398948585,0.16026196669835413,0.15645441088690867,0.16693784241119297,0.14888385020363454,0.1585461514846135,0.14398438918399967,0.15429988117529686,0.13831874398948585,0.16026196669835413,0.15645441088690867,0.16693784241119297,0.14888385020363454,0.1585461514846135,0.14398438918399967,0.15429988117529686,0.13831874398948585,0.16026196669835413,0.15645441088690867,0.16693784241119297,0.14888385020363454,0.1585461514846135,0.15690622104356836,0.14520643588026605,0.15278318565223753,0.14865408191353952,0.13547068102663992,0.16056079735270412,0.14242748481117654,0.15203678190725936,0.15690622104356836,0.14520643588026605,0.15278318565223753,0.14865408191353952,0.13547068102663992,0.16056079735270412,0.14242748481117654,0.15203678190725936,0.15690622104356836,0.14520643588026605,0.15278318565223753,0.14865408191353952,0.13547068102663992,0.16056079735270412,0.14242748481117654,0.15203678190725936,0.1533477541101646,0.14102205691593706,0.13665551686017316,0.16084624358193728,0.12368879449237895,0.1531965803700663,0.17095479155701815,0.1539851315131285,0.12863284678059228,0.1356722008110982,0.14351663320910155,0.15378235009234725,0.12575174696943867,0.15373458647051585,0.1598334066409498,0.1612224657748537,0.12863284678059228,0.1356722008110982,0.14351663320910155,0.15378235009234725,0.12575174696943867,0.15373458647051585,0.1598334066409498,0.1612224657748537
0.02521068628447115,0.022124838524060903,0.02336388091689467,0.025610936824664355,0.013309104568238745,0.014868429100132679,0.0208834962862701,0.020823086245309125,0.02521068628447115,0.022124838524060903,0.02336388091689467,0.025610936824664355,0.013309104568238745,0.014868429100132679,0.0208834962862701,0.020823086245309125,0.02521068628447115,0.022124838524060903,0.02336388091689467,0.025610936824664355,0.013309104568238745,0.014868429100132679,0.0208834962862701,0.020823086245309125,0.012896108558471314,0.016489102998747843,0.023158488966662047,0.016312234980823383,0.010407191002526716,0.02133687127133182,0.019159324466263457,0.018388702884357337,0.012896108558471314,0.016489102998747843,0.023158488966662047,0.016312234980823383,0.010407191002526716,0.02133687127133182,0.019159324466263457,0.018388702884357337,0.012896108558471314,0.016489102998747843,0.023158488966662047,0.016312234980823383,0.010407191002526716,0.02133687127133182,0.019159324466263457,0.018388702884357337,0.019216427239782348,0.011714127629023022,0.016890484497372085,0.01313425270273608,0.018639490690044648,0.019668784175370137,0.010302444290236934,0.010512237985306592,0.0206534521474303,0.011271549777684312,0.019019586287229082,0.013242747040546593,0.011056673977337745,0.005558631867137986,0.012792030624849137,0.02378155897877305,0.0206534521474303,0.011271549777684312,0.019019586287229082,0.013242747040546593,0.011056673977337745,0.005558631867137986,0.012792030624849137,0.02378155897877305
0.017291525306723468,0.0170125055603094,0.020388149458832945,0.01701828925019551,0.019697949996868507,0.01956313346497636,0.020900336591306905,0.020472839100332044,0.017291525306723468,0.0170125055603094,0.020388149458832945,0.01701828925019551,0.019697949996868507,0.01956313346497636,0.020900336591306905,0.020472839100332044,0.017291525306723468,0.0170125055603094,0.020388149458832945,0.01701828925019551,0.019697949996868507,0.01956313346497636,0.020900336591306905,0.020472839100332044,0.029612128225028077,0.012614647714305044,0.020065788749966933,0.0191510396216432,0.03592243930274845,0.0192484066285933,0.048156543176614414,0.03242560525196081,0.029612128225028077,0.012614647714305044,0.020065788749966933,0.0191510396216432,0.03592243930274845,0.0192484066285933,0.048156543176614414,0.03242560525196081,0.029612128225028077,0.012614647714305044,0.020065788749966933,0.0191510396216432,0.03592243930274845,0.0192484066285933,0.048156543176614414,0.03242560525196081,0.026729539551311188,0.018709580858736512,0.017257167656569962,0.01769821978234348,0.04118772816089376,0.0191043652197058,0.03260371578349466,0.024807515393541556,0.023522058556174417,0.01717649173333203,0.024963913101693956,0.01507074201391775,0.024743754009485006,0.04166769423766421,0.031194670333342178,0.020656897427402773,0.023522058556174417,0.01717649173333203,0.024963913101693956,0.01507074201391775,0.024743754009485006,0.04166769423766421,0.031194670333342178,0.020656897427402773
0.04463698470112863,0.04760256014090909,0.04834654680526917,0.05021087235257934,0.05744151353919076,0.05317566901656975,0.050246730820185936,0.05082163046696151,0.04463698470112863,0.04760256014090909,0.04834654680526917,0.05021087235257934,0.05744151353919076,0.05317566901656975,0.050246730820185936,0.05082163046696151,0.04463698470112863,0.04760256014090909,0.04834654680526917,0.05021087235257934,0.05744151353919076,0.05317566901656975,0.050246730820185936,0.05082163046696151,0.0443242637556721,0.046249574502014335,0.043348404801352866,0.04748836726873698,0.0635843299322038,0.054439025404446804,0.04662763038764771,0.0564629607335541,0.0443242637556721,0.046249574502014335,0.043348404801352866,0.04748836726873698,0.0635843299322038,0.054439025404446804,0.04662763038764771,0.0564629607335541,0.0443242637556721,0.046249574502014335,0.043348404801352866,0.04748836726873698,0.0635843299322038,0.054439025404446804,0.04662763038764771,0.0564629607335541,0.03893662280563073,0.050386357349545274,0.04550193984200156,0.04737663624277323,0.04816275207635272,0.059639802765855884,0.05714853679294074,0.05410459449816707,0.044705057464475756,0.05757832034337185,0.04358973455417671,0.043586286884225604,0.048373418833659684,0.07348823666433967,0.05672211333015474,0.061495627480771364,0.044705057464475756,0.05757832034337185,0.04358973455417671,0.043586286884225604,0.048373418833659684,0.07348823666433967,0.05672211333015474,0.061495627480771364
0.033974766895135684,0.0390547255424227,0.036577770521454014,0.03683809954350142,0.0357889841932459,0.036627000634570396,0.024363725996911226,0.03540572106703845,0.033974766895135684,0.0390547255424227,0.036577770521454014,0.03683809954350142,0.0357889841932459,0.036627000634570396,0.024363725996911226,0.03540572106703845,0.033974766895135684,0.0390547255424227,0.036577770521454014,0.03683809954350142,0.0357889841932459,0.036627000634570396,0.024363725996911226,0.03540572106703845,0.03788580609450197,0.0480066087970986,0.032965197230125906,0.03940419643334654,0.03606034596514347,0.05553688726931307,0.04859979544350919,0.03782218435134089,0.03788580609450197,0.0480066087970986,0.032965197230125906,0.03940419643334654,0.03606034596514347,0.05553688726931307,0.04859979544350919,0.03782218435134089,0.03788580609450197,0.0480066087970986,0.032965197230125906,0.03940419643334654,0.03606034596514347,0.05553688726931307,0.04859979544350919,0.03782218435134089,0.040035934514921705,0.05867700865291139,0.037991678914683684,0.038534408880038944,0.04348968227455537,0.03738499002663355,0.06669148116267026,0.0794068597208774,0.041130974916002455,0.05563349389434995,0.03403066842131436,0.03417456059029965,0.07249126293892952,0.07995605448705465,0.06331272534016688,0.038977446529828895,0.041130974916002455,0.05563349389434995,0.03403066842131436,0.03417456059029965,0.07249126293892952,0.07995605448705465,0.06331272534016688,0.038977446529828895
0.10776129854119548,0.11900962221103233,0.11726327479604727,0.13760057555269992,0.12440949217698052,0.14467326804184955,0.12254453188184138,0.1702156114278405,0.10776129854119548,0.11900962221103233,0.11726327479604727,0.13760057555269992,0.12440949217698052,0.14467326804184955,0.12254453188184138,0.1702156114278405,0.10776129854119548,0.11900962221103233,0.11726327479604727,0.13760057555269992,0.12440949217698052,0.14467326804184955,0.12254453188184138,0.1702156114278405,0.12075357181642639,0.15037902478558202,0.12267486387567136,0.13843546314777141,0.14007478866480305,0.14217458858206009,0.12951638689358014,0.20907435808953412,0.12075357181642639,0.15037902478558202,0.12267486387567136,0.13843546314777141,0.14007478866480305,0.14217458858206009,0.12951638689358014,0.20907435808953412,0.12075357181642639,0.15037902478558202,0.12267486387567136,0.13843546314777141,0.14007478866480305,0.14217458858206009,0.12951638689358014,0.20907435808953412,0.17008531776551059,0.15036041312813342,0.18624306660209292,0.1635374365824127,0.18053201380150286,0.1547988446637374,0.1183296909199722,0.24137133473922848,0.13951694534404877,0.1580135487550728,0.15614489274214352,0.15692120156506306,0.17647135479558707,0.16023108742994527,0.18565430378203918,0.1700284357908598,0.13951694534404877,0.1580135487550728,0.15614489274214352,0.15692120156506306,0.17647135479558707,0.16023108742994527,0.18565430378203918,0.1700284357908598
0.04396502375550762,0.054279269587477474,0.04548951490335908,0.052499970667645314,0.04976641317502576,0.05244227991488716,0.05739455069216407,0.05802992067759535,0.04396502375550762,0.054279269587477474,0.04548951490335908,0.052499970667645314,0.04976641317502576,0.05244227991488716,0.05739455069216407,0.05802992067759535,0.04396502375550762,0.054279269587477474,0.04548951490335908,0.052499970667645314,0.04976641317502576,0.05244227991488716,0.05739455069216407,0.05802992067759535,0.04669436435470028,0.054733847935676164,0.05522260436137487,0.054571476433088593,0.07808440028954862,0.08410017639806174,0.06567509232643132,0.05739458664576909,0.04669436435470028,0.054733847935676164,0.05522260436137487,0.054571476433088593,0.07808440028954862,0.08410017639806174,0.06567509232643132,0.05739458664576909,0.04669436435470028,0.054733847935676164,0.05522260436137487,0.054571476433088593,0.07808440028954862,0.08410017639806174,0.06567509232643132,0.05739458664576909,0.06643399723858151,0.06046087922055898,0.06560523011860117,0.06827143750570439,0.07261711791808168,0.07042948787872091,0.09135425438088947,0.08604054266903269,0.06115783412164114,0.053375101942550185,0.0717878667166512,0.08150986284507611,0.09562387171179235,0.094085891679624,0.08972253320362687,0.07579975256709756,0.06115783412164114,0.053375101942550185,0.0717878667166512,0.08150986284507611,0.09562387171179235,0.094085891679624,0.08972253320362687,0.07579975256709756
0.051005531957944994,0.045893222290480616,0.046913777749248875,0.049073883662444,0.03668392222226634,0.042555866450992526,0.04187484490157047,0.04750234044991561,0.051005531957944994,0.045893222290480616,0.046913777749248875,0.049073883662444,0.03668392222226634,0.042555866450992526,0.04187484490157047,0.04750234044991561,0.051005531957944994,0.045893222290480616,0.046913777749248875,0.049073883662444,0.03668392222226634,0.042555866450992526,0.04187484490157047,0.04750234044991561,0.04485704861426495,0.04429004034936557,0.04728741452230196,0.056122958965222174,0.0414462245092606,0.03081791043287284,0.037658479336514554,0.03368363799933269,0.04485704861426495,0.04429004034936557,0.04728741452230196,0.056122958965222174,0.0414462245092606,0.03081791043287284,0.037658479336514554,0.03368363799933269,0.04485704861426495,0.04429004034936557,0.04728741452230196,0.056122958965222174,0.0414462245092606,0.03081791043287284,0.037658479336514554,0.03368363799933269,0.039228856882177233,0.0489834507348553,0.03933366619808397,0.04404207484785897,0.020368542818230067,0.03411336745493072,0.045069074950718324,0.05136289868518004,0.04041806596460833,0.04832522649500692,0.0441775920481908,0.038348736009569305,0.04020451637437447,0.033420581747873795,0.04658781245104749,0.031137957810919256,0.04041806596460833,0.04832522649500692,0.0441775920481908,0.038348736009569305,0.04020451637437447,0.033420581747873795,0.04658781245104749,0.031137957810919256
0.012288423340243465,0.010764033652533006,0.01171788896563186,0.011814951715879747,0.013410215111111906,0.014048234980796567,0.012911655388974366,0.01618207372703156,0.012288423340243465,0.010764033652533006,0.01171788896563186,0.011814951715879747,0.013410215111111906,0.014048234980796567,0.012911655388974366,0.01618207372703156,0.012288423340243465,0.010764033652533006,0.01171788896563186,0.011814951715879747,0.013410215111111906,0.014048234980796567,0.012911655388974366,0.01618207372703156,0.011107620369671454,0.010082248212704455,0.011308264997671185,0.013710797881591387,0.014489891799243976,0.009725798284746536,0.008579548199226688,0.009659141159498856,0.011107620369671454,0.010082248212704455,0.011308264997671185,0.013710797881591387,0.014489891799243976,0.009725798284746536,0.008579548199226688,0.009659141159498856,0.011107620369671454,0.010082248212704455,0.011308264997671185,0.013710797881591387,0.014489891799243976,0.009725798284746536,0.008579548199226688,0.009659141159498856,0.010213275494030843,0.010865232494466503,0.010533660915397492,0.010314647449841927,0.013030003455794517,0.013347934067876101,0.01688855161726569,0.011359358118325101,0.012251282205918973,0.010997390075515106,0.0107733546614135,0.010336296035778122,0.013648967392843525,0.008462667701193116,0.016765636531746245,0.009764755347565322,0.012251282205918973,0.010997390075515106,0.0107733546614135,0.010336296035778122,0.013648967392843525,0.008462667701193116,0.016765636531746245,0.009764755347565322
0.12275736552091265,0.1228811566296627,0.11682504496061934,0.11925062603657365,0.10971871905844986,0.11679092660151925,0.12249638519027306,0.10716513352686824,0.12275736552091265,0.1228811566296627,0.11682504496061934,0.11925062603657365,0.10971871905844986,0.11679092660151925,0.12249638519027306,0.10716513352686824,0.12275736552091265,0.1228811566296627,0.11682504496061934,0.11925062603657365,0.10971871905844986,0.11679092660151925,0.12249638519027306,0.10716513352686824,0.11539043017184503,0.10335623698341943,0.10938270022885606,0.11365361743342874,0.10961454759863447,0.09061917764613321,0.10822962486674204,0.11171926864583086,0.11539043017184503,0.10335623698341943,0.10938270022885606,0.11365361743342874,0.10961454759863447,0.09061917764613321,0.10822962486674204,0.11171926864583086,0.11539043017184503,0.10335623698341943,0.10938270022885606,0.11365361743342874,0.10961454759863447,0.09061917764613321,0.10822962486674204,0.11171926864583086,0.11479964266396825,0.10649998127738979,0.10000226300041237,0.10302394277120162,0.11421234027387812,0.10277007008677429,0.09841266911413683,0.08726250857677635,0.1107602497183952,0.11420257270960982,0.1118952639050783,0.10258224530888405,0.12910505718970264,0.09629638840879305,0.1241710865041012,0.1056821272522802,0.1107602497183952,0.11420257270960982,0.1118952639050783,0.10258224530888405,0.12910505718970264,0.09629638840879305,0.1241710865041012,0.1056821272522802
0.0027652840744666197,0.003436926904772239,0.002635085016909117,0.0031190860692282877,0.0035241174071685157,0.002820772784715394,0.002573714618999179,0.0035895646718682923,0.0027652840744666197,0.003436926904772239,0.002635085016909117,0.0031190860692282877,0.0035241174071685157,0.002820772784715394,0.002573714618999179,0.0035895646718682923,0.0027652840744666197,0.003436926904772239,0.002635085016909117,0.0031190860692282877,0.0035241174071685157,0.002820772784715394,0.002573714618999179,0.0035895646718682923,0.003545435762720863,0.0022069978242381075,0.0020815254350926393,0.0026042567482674754,0.0036387382621336285,0.0031939107309357,0.0021770578493583164,0.002083354296557198,0.003545435762720863,0.0022069978242381075,0.0020815254350926393,0.0026042567482674754,0.0036387382621336285,0.0031939107309357,0.0021770578493583164,0.002083354296557198,0.003545435762720863,0.0022069978242381075,0.0020815254350926393,0.0026042567482674754,0.0036387382621336285,0.0031939107309357,0.0021770578493583164,0.002083354296557198,0.003505031369074617,0.003321781350622825,0.002449752673930192,0.00257455107391065,0.003090012756066192,0.006286093439081559,0.002251946440258169,0.0025462438561260113,0.002648496217342178,0.0032261291746758015,0.002603448767007168,0.0020929209127854968,0.003152182106552652,0.005495814895210598,0.002345194655289511,0.002425204691005245,0.002648496217342178,0.0032261291746758015,0.002603448767007168,0.0020929209127854968,0.003152182106552652,0.005495814895210598,0.002345194655289511,0.002425204691005245
0.032287961268303036,0.03133598819003493,0.03268606045088917,0.031092500595714067,0.029873693142263406,0.03608092089330962,0.034573591153514584,0.02869790150685718,0.032287961268303036,0.03133598819003493,0.03268606045088917,0.031092500595714067,0.029873693142263406,0.03608092089330962,0.034573591153514584,0.02869790150685718,0.032287961268303036,0.03133598819003493,0.03268606045088917,0.031092500595714067,0.029873693142263406,0.03608092089330962,0.034573591153514584,0.02869790150685718,0.0318621958429949,0.034179558094196975,0.03163621499100697,0.030952172536930594,0.033215343494571635,0.03419682458938153,0.03183636467139596,0.031023600333727506,0.0318621958429949,0.034179558094196975,0.03163621499100697,0.030952172536930594,0.033215343494571635,0.03419682458938153,0.03183636467139596,0.031023600333727506,0.0318621958429949,0.034179558094196975,0.03163621499100697,0.030952172536930594,0.033215343494571635,0.03419682458938153,0.03183636467139596,0.031023600333727506,0.02952630857522931,0.02846738150562843,0.02555134685157158,0.029218481512441722,0.028265819440065842,0.0233805624014943,0.02943681088436639,0.03163682067188377,0.029525299843428412,0.02908402652595959,0.026739407597665243,0.028223273902856037,0.035213226533211045,0.03192028036255976,0.03438270026577898,0.024995519230723767,0.029525299843428412,0.02908402652595959,0.026739407597665243,0.028223273902856037,0.035213226533211045,0.03192028036255976,0.03438270026577898,0.024995519230723767
0.009180570082902342,0.009391826381833113,0.008633380467656647,0.009175759907744468,0.010146243218109497,0.009460798385438602,0.01027402179960539,0.010485662364969743,0.009180570082902342,0.009391826381833113,0.008633380467656647,0.009175759907744468,0.010146243218109497,0.009460798385438602,0.01027402179960539,0.010485662364969743,0.009180570082902342,0.009391826381833113,0.008633380467656647,0.009175759907744468,0.010146243218109497,0.009460798385438602,0.01027402179960539,0.010485662364969743,0.008958125060066068,0.012027314594231108,0.0096264818658466,0.009791148203439707,0.011596716478871885,0.010679974932872099,0.010162899938438134,0.01195036786190322,0.008958125060066068,0.012027314594231108,0.0096264818658466,0.009791148203439707,0.011596716478871885,0.010679974932872099,0.010162899938438134,0.01195036786190322,0.008958125060066068,0.012027314594231108,0.0096264818658466,0.009791148203439707,0.011596716478871885,0.010679974932872099,0.010162899938438134,0.01195036786190322,0.010843299921957804,0.011692325521381964,0.010349277252296523,0.01143361781859096,0.007530114246398624,0.009775983588886384,0.008896544933313572,0.01463603303036358,0.010034861882904209,0.010361573620571543,0.00886770531785972,0.011418855857684802,0.009304382025021042,0.012877689678392775,0.010436678328197066,0.014101212134987932,0.010034861882904209,0.010361573620571543,0.00886770531785972,0.011418855857684802,0.009304382025021042,0.012877689678392775,0.010436678328197066,0.014101212134987932
0.012170902819828749,0.0132017795868389,0.01194788450010858,0.01310175397605032,0.013327371227356501,0.01378150478915136,0.013102970145392072,0.013519185598301184,0.012170902819828749,0.0132017795868389,0.01194788450010858,0.01310175397605032,0.013327371227356501,0.01378150478915136,0.013102970145392072,0.013519185598301184,0.012170902819828749,0.0132017795868389,0.01194788450010858,0.01310175397605032,0.013327371227356501,0.01378150478915136,0.013102970145392072,0.013519185598301184,0.017073534324352862,0.014994870282782125,0.0144135160766293,0.014256454305858729,0.015563530959558343,0.019205673483103175,0.014861190588326634,0.01750887351824924,0.017073534324352862,0.014994870282782125,0.0144135160766293,0.014256454305858729,0.015563530959558343,0.019205673483103175,0.014861190588326634,0.01750887351824924,0.017073534324352862,0.014994870282782125,0.0144135160766293,0.014256454305858729,0.015563530959558343,0.019205673483103175,0.014861190588326634,0.01750887351824924,0.017519617654981234,0.017215835426066566,0.012811610657451985,0.015696421720678838,0.0200924870341602,0.012594245314776804,0.021770085654228832,0.017278919947660166,0.01706667978798839,0.016692629135888672,0.015719469572489164,0.01407184503277059,0.01359987802056928,0.021052790342787602,0.02366552144091248,0.014616653715926062,0.01706667978798839,0.016692629135888672,0.015719469572489164,0.01407184503277059,0.01359987802056928,0.021052790342787602,0.02366552144091248,0.014616653715926062
0.0753362155230256,0.07635941398846424,0.07075277123523863,0.07765460936985148,0.07479501211894789,0.07259681923010476,0.07917061600530852,0.08229800401057157,0.0753362155230256,0.07635941398846424,0.07075277123523863,0.07765460936985148,0.07479501211894789,0.07259681923010476,0.07917061600530852,0.08229800401057157,0.0753362155230256,0.07635941398846424,0.07075277123523863,0.07765460936985148,0.07479501211894789,0.07259681923010476,0.07917061600530852,0.08229800401057157,0.07002638918025215,0.07440532498826964,0.08426367735088368,0.10585355787166623,0.09045071140180937,0.08119854614802613,0.10002888876445439,0.08044654782704527,0.07002638918025215,0.07440532498826964,0.08426367735088368,0.10585355787166623,0.09045071140180937,0.08119854614802613,0.10002888876445439,0.08044654782704527,0.07002638918025215,0.07440532498826964,0.08426367735088368,0.10585355787166623,0.09045071140180937,0.08119854614802613,0.10002888876445439,0.08044654782704527,0.07846849639045052,0.06962619832220747,0.08277763887189314,0.09595125081117915,0.0762037576531321,0.10037477207412804,0.07159744250663837,0.09410537921152827,0.0792569440268747,0.06627271097303156,0.09379574219204552,0.09451325118137067,0.06784939216374479,0.078301176074406,0.10940668810704002,0.08692100405535948,0.0792569440268747,0.06627271097303156,0.09379574219204552,0.09451325118137067,0.06784939216374479,0.078301176074406,0.10940668810704002,0.08692100405535948
0.05868233314421572,0.052726736178029456,0.05478456079389662,0.05538608278587806,0.05600666981070979,0.05140707192074107,0.06280377708660403,0.057001360792045486,0.05868233314421572,0.052726736178029456,0.05478456079389662,0.05538608278587806,0.05600666981070979,0.05140707192074107,0.06280377708660403,0.057001360792045486,0.05868233314421572,0.052726736178029456,0.05478456079389662,0.05538608278587806,0.05600666981070979,0.05140707192074107,0.06280377708660403,0.057001360792045486,0.051531672648786185,0.046678609536728234,0.06261283480032336,0.05142966091515543,0.03571997940591746,0.04538798814721234,0.05783993036488242,0.030630661371166334,0.051531672648786185,0.046678609536728234,0.06261283480032336,0.05142966091515543,0.03571997940591746,0.04538798814721234,0.05783993036488242,0.030630661371166334,0.051531672648786185,0.046678609536728234,0.06261283480032336,0.05142966091515543,0.03571997940591746,0.04538798814721234,0.05783993036488242,0.030630661371166334,0.06070494490977757,0.05726315575221791,0.0475629109358554,0.044587953071253274,0.02232615203780834,0.0653168040059943,0.06524142932591971,0.018737600453201966,0.044209818614269064,0.048619487075822775,0.050684565967957396,0.04268368219743898,0.034270344453169024,0.03777275961402612,0.0934964881702855,0.05748625799447863,0.044209818614269064,0.048619487075822775,0.050684565967957396,0.04268368219743898,0.034270344453169024,0.03777275961402612,0.0934964881702855,0.05748625799447863
0.02343628268321161,0.02445877140559996,0.028605551959394408,0.03030682825780981,0.021334911418049923,0.024124700136414264,0.025375366589455703,0.025498233250797545,0.02343628268321161,0.02445877140559996,0.028605551959394408,0.03030682825780981,0.021334911418049923,0.024124700136414264,0.025375366589455703,0.025498233250797545,0.02343628268321161,0.02445877140559996,0.028605551959394408,0.03030682825780981,0.021334911418049923,0.024124700136414264,0.025375366589455703,0.025498233250797545,0.020717016702797537,0.01442526612021529,0.019178444221770348,0.02047419939010854,0.008773929413886095,0.0067412100733439595,0.016161644987566278,0.012687010990075543,0.020717016702797537,0.01442526612021529,0.019178444221770348,0.02047419939010854,0.008773929413886095,0.0067412100733439595,0.016161644987566278,0.012687010990075543,0.020717016702797537,0.01442526612021529,0.019178444221770348,0.02047419939010854,0.008773929413886095,0.0067412100733439595,0.016161644987566278,0.012687010990075543,0.012149874768451814,0.010974837144171306,0.012235592491220705,0.009771116865964487,0.007733047723249641,0.0038989965067161374,0.010426182466776575,0.011064951484476553,0.012163325146782327,0.009675291428723604,0.013372895844310595,0.010926645552036112,0.006050294377976309,0.005833928241457047,0.009564598125867907,0.007052939805623195,0.012163325146782327,0.009675291428723604,0.013372895844310595,0.010926645552036112,0.006050294377976309,0.005833928241457047,0.009564598125867907,0.007052939805623195
0.0258954871543956,0.02668380369670216,0.02619945543513434,0.02696939162252807,0.02635327313658523,0.02404165685542504,0.025220884702748553,0.02606313984897171,0.0258954871543956,0.02668380369670216,0.02619945543513434,0.02696939162252807,0.02635327313658523,0.02404165685542504,0.025220884702748553,0.02606313984897171,0.0258954871543956,0.02668380369670216,0.02619945543513434,0.02696939162252807,0.02635327313658523,0.02404165685542504,0.025220884702748553,0.02606313984897171,0.02660716823555706,0.025474951803775518,0.02821263098315964,0.025174036008433844,0.028777671771442206,0.029615559608057427,0.03164724303671337,0.029086322295288198,0.02660716823555706,0.025474951803775518,0.02821263098315964,0.025174036008433844,0.028777671771442206,0.029615559608057427,0.03164724303671337,0.029086322295288198,0.02660716823555706,0.025474951803775518,0.02821263098315964,0.025174036008433844,0.028777671771442206,0.029615559608057427,0.03164724303671337,0.029086322295288198,0.03603248203827924,0.033955328561544706,0.030143594054223972,0.02503597025580619,0.04059649561981394,0.03755412770270075,0.04611369667979679,0.03434345467920339,0.032366666366169534,0.030558979718572785,0.028496218817480382,0.02089212611025804,0.02331632318948112,0.0488647671301136,0.027712286060098193,0.04123886365077437,0.032366666366169534,0.030558979718572785,0.028496218817480382,0.02089212611025804,0.02331632318948112,0.0488647671301136,0.027712286060098193,0.04123886365077437
0.02310394939224295,0.023175008013308854,0.026146774874827527,0.023089374798180424,0.017221773856867375,0.015525136107515818,0.016624085324869645,0.01908576026123038,0.02310394939224295,0.023175008013308854,0.026146774874827527,0.023089374798180424,0.017221773856867375,0.015525136107515818,0.016624085324869645,0.01908576026123038,0.02310394939224295,0.023175008013308854,0.026146774874827527,0.023089374798180424,0.017221773856867375,0.015525136107515818,0.016624085324869645,0.01908576026123038,0.01653373305033987,0.015689298013770503,0.017467024883235035,0.015578902232265624,0.0225851672637499,0.014493363090285406,0.014940987589998659,0.01248844256650042,0.01653373305033987,0.015689298013770503,0.017467024883235035,0.015578902232265624,0.0225851672637499,0.014493363090285406,0.014940987589998659,0.01248844256650042,0.01653373305033987,0.015689298013770503,0.017467024883235035,0.015578902232265624,0.0225851672637499,0.014493363090285406,0.014940987589998659,0.01248844256650042,0.01682414542928633,0.019568432559654438,0.013046103046045263,0.015345246245434525,0.021253159126799957,0.019923003252718643,0.015278532522466366,0.0139354986740953,0.013927274872297174,0.012385292078432385,0.012683123738822919,0.014273022947705542,0.02000839691470646,0.019006995876296773,0.0179144778644453,0.013148088884007052,0.013927274872297174,0.012385292078432385,0.012683123738822919,0.014273022947705542,0.02000839691470646,0.019006995876296773,0.0179144778644453,0.013148088884007052
0.03445739938839466,0.03579939052173248,0.04142777045159871,0.03868945152080076,0.05359570123796181,0.045691192211696624,0.03920108576617382,0.033828573108462164,0.03445739938839466,0.03579939052173248,0.04142777045159871,0.03868945152080076,0.05359570123796181,0.045691192211696624,0.03920108576617382,0.033828573108462164,0.03445739938839466,0.03579939052173248,0.04142777045159871,0.03868945152080076,0.05359570123796181,0.045691192211696624,0.03920108576617382,0.033828573108462164,0.036722164370807005,0.03222288705288182,0.03669456989625062,0.034669976617212564,0.04074054716240546,0.025552623486921625,0.040215900762803576,0.030832627427155545,0.036722164370807005,0.03222288705288182,0.03669456989625062,0.034669976617212564,0.04074054716240546,0.025552623486921625,0.040215900762803576,0.030832627427155545,0.036722164370807005,0.03222288705288182,0.03669456989625062,0.034669976617212564,0.04074054716240546,0.025552623486921625,0.040215900762803576,0.030832627427155545,0.03264644598426427,0.02060030683698457,0.03668185946757452,0.04234748069853946,0.024390801595167877,0.027187444677229045,0.02517277891343135,0.010556260381514354,0.026686309409814434,0.022728030148127017,0.04204213931323575,0.02969612248745943,0.03037191574832401,0.03987024250340456,0.03681689560973193,0.026408396263356584,0.026686309409814434,0.022728030148127017,0.04204213931323575,0.02969612248745943,0.03037191574832401,0.03987024250340456,0.03681689560973193,0.026408396263356584
0.004519263001528643,0.005360695261968878,0.004672896421365379,0.004479943190915134,0.006562597335628175,0.004935191184205815,0.004089383524743017,0.00447130682941725,0.004519263001528643,0.005360695261968878,0.004672896421365379,0.004479943190915134,0.006562597335628175,0.004935191184205815,0.004089383524743017,0.00447130682941725,0.004519263001528643,0.005360695261968878,0.004672896421365379,0.004479943190915134,0.006562597335628175,0.004935191184205815,0.004089383524743017,0.00447130682941725,0.005402057022679073,0.0031893659629075324,0.00411397580814655,0.0044461435164770925,0.008732988782798273,0.004719303248511401,0.00669565553760695,0.0041675380982278375,0.005402057022679073,0.0031893659629075324,0.00411397580814655,0.0044461435164770925,0.008732988782798273,0.004719303248511401,0.00669565553760695,0.0041675380982278375,0.005402057022679073,0.0031893659629075324,0.00411397580814655,0.0044461435164770925,0.008732988782798273,0.004719303248511401,0.00669565553760695,0.0041675380982278375,0.003705049538928551,0.004224519384922263,0.005615768793174808,0.0023776086055790646,0.004710746805649012,0.006214300992220949,0.006043963618258045,0.005298490097423264,0.004781270776410558,0.0040669853520427235,0.004721334910765237,0.0037995581074884276,0.005872210102001514,0.008810501921734585,0.005111188916301184,0.0033896251305372445,0.004781270776410558,0.0040669853520427235,0.004721334910765237,0.0037995581074884276,0.005872210102001514,0.008810501921734585,0.005111188916301184,0.0033896251305372445
0.025388485162644175,0.025936785678468518,0.025554550367653125,0.02440464687869384,0.03319867554058424,0.029523692580846125,0.02807462778507868,0.02825856449244475,0.025388485162644175,0.025936785678468518,0.025554550367653125,0.02440464687869384,0.03319867554058424,0.029523692580846125,0.02807462778507868,0.02825856449244475,0.025388485162644175,0.025936785678468518,0.025554550367653125,0.02440464687869384,0.03319867554058424,0.029523692580846125,0.02807462778507868,0.02825856449244475,0.02222992943869463,0.02391648647625044,0.020414358164052508,0.021401424773781798,0.028241632318333,0.028885212017632576,0.02237758818917044,0.02386384241923368,0.02222992943869463,0.02391648647625044,0.020414358164052508,0.021401424773781798,0.028241632318333,0.028885212017632576,0.02237758818917044,0.02386384241923368,0.02222992943869463,0.02391648647625044,0.020414358164052508,0.021401424773781798,0.028241632318333,0.028885212017632576,0.02237758818917044,0.02386384241923368,0.018008952440846205,0.022460435082075562,0.021711044923979635,0.021366563155034622,0.02051506382505959,0.03852110026172812,0.020596477041416553,0.020512849532693483,0.01906805482768282,0.024827721614570676,0.02076826076985322,0.02286231408777736,0.026763168863973306,0.031559919060933195,0.022013602573930383,0.022787614289339155,0.01906805482768282,0.024827721614570676,0.02076826076985322,0.02286231408777736,0.026763168863973306,0.031559919060933195,0.022013602573930383,0.022787614289339155
0.025289232500558735,0.024385931792036512,0.02345506319253904,0.02212778281779828,0.025751376182789665,0.025534992885835717,0.022714796107286862,0.02505485393377125,0.025289232500558735,0.024385931792036512,0.02345506319253904,0.02212778281779828,0.025751376182789665,0.025534992885835717,0.022714796107286862,0.02505485393377125,0.025289232500558735,0.024385931792036512,0.02345506319253904,0.02212778281779828,0.025751376182789665,0.025534992885835717,0.022714796107286862,0.02505485393377125,0.025166884424392,0.022998408198622443,0.021832224413150407,0.019599698583642824,0.028133512849880415,0.021423976083254158,0.027703258696839685,0.022705376480179267,0.025166884424392,0.022998408198622443,0.021832224413150407,0.019599698583642824,0.028133512849880415,0.021423976083254158,0.027703258696839685,0.022705376480179267,0.025166884424392,0.022998408198622443,0.021832224413150407,0.019599698583642824,0.028133512849880415,0.021423976083254158,0.027703258696839685,0.022705376480179267,0.028936104471052847,0.0219106142925202,0.022161982589198357,0.019405893030607475,0.02858761976367646,0.023953228557150357,0.02178366676554858,0.019977714908723045,0.025772334054244506,0.021298799495108843,0.020960088721271634,0.019392102931473025,0.02498198694823946,0.02959126311103866,0.025638156707618764,0.02625101764358475,0.025772334054244506,0.021298799495108843,0.020960088721271634,0.019392102931473025,0.02498198694823946,0.02959126311103866,0.025638156707618764,0.02625101764358475
0.018437464991845672,0.018607153893502395,0.01702615155660394,0.01789774970660956,0.01845223496831057,0.01795892245860906,0.017449396057638403,0.017342135774047533,0.018437464991845672,0.018607153893502395,0.01702615155660394,0.01789774970660956,0.01845223496831057,0.01795892245860906,0.017449396057638403,0.017342135774047533,0.018437464991845672,0.018607153893502395,0.01702615155660394,0.01789774970660956,0.01845223496831057,0.01795892245860906,0.017449396057638403,0.017342135774047533,0.016714558279890192,0.015583997289309693,0.01704444352695576,0.01614109114257145,0.017349143657926898,0.01578891514325599,0.014730339359439812,0.015026854878366136,0.016714558279890192,0.015583997289309693,0.01704444352695576,0.01614109114257145,0.017349143657926898,0.01578891514325599,0.014730339359439812,0.015026854878366136,0.016714558279890192,0.015583997289309693,0.01704444352695576,0.01614109114257145,0.017349143657926898,0.01578891514325599,0.014730339359439812,0.015026854878366136,0.015764296591978304,0.014803992571591885,0.01747846443391566,0.015684686467946102,0.017110036823045374,0.016593091820983428,0.013290975048473996,0.012948852500062003,0.01611546970392228,0.01588273460862172,0.016540867138652597,0.0167674370616571,0.01256318443114041,0.013172650565819934,0.01659506171226505,0.014347364056711389,0.01611546970392228,0.01588273460862172,0.016540867138652597,0.0167674370616571,0.01256318443114041,0.013172650565819934,0.01659506171226505,0.014347364056711389
0.02386856432490927,0.02452340269656199,0.023375839979294735,0.025567032227247287,0.023596731401322214,0.022492460823830798,0.024135365176301677,0.025619946128391247,0.02386856432490927,0.02452340269656199,0.023375839979294735,0.025567032227247287,0.023596731401322214,0.022492460823830798,0.024135365176301677,0.025619946128391247,0.02386856432490927,0.02452340269656199,0.023375839979294735,0.025567032227247287,0.023596731401322214,0.022492460823830798,0.024135365176301677,0.025619946128391247,0.023082840752778302,0.024506211523141534,0.022908027694639514,0.02203836333774199,0.026842978515770666,0.024764421587016763,0.021409899233947285,0.0218871461272726,0.023082840752778302,0.024506211523141534,0.022908027694639514,0.02203836333774199,0.026842978515770666,0.024764421587016763,0.021409899233947285,0.0218871461272726,0.023082840752778302,0.024506211523141534,0.022908027694639514,0.02203836333774199,0.026842978515770666,0.024764421587016763,0.021409899233947285,0.0218871461272726,0.02369248115702071,0.02350382086298475,0.02225053460928244,0.021415294179271998,0.029921574738022056,0.025961573794585115,0.024420118342637593,0.023911782658885074,0.02332648956239143,0.022487926264071624,0.022441447887536877,0.022441907086736563,0.025534305312316898,0.028106101710582896,0.025613297284551452,0.024004028246900146,0.02332648956239143,0.022487926264071624,0.022441447887536877,0.022441907086736563,0.025534305312316898,0.028106101710582896,0.025613297284551452,0.024004028246900146
0.01020810393771582,0.009918425083477452,0.00930301125843789,0.010664993488137499,0.00968728273877244,0.01112978455539777,0.009703109715918154,0.011226729075103026,0.01020810393771582,0.009918425083477452,0.00930301125843789,0.010664993488137499,0.00968728273877244,0.01112978455539777,0.009703109715918154,0.011226729075103026,0.01020810393771582,0.009918425083477452,0.00930301125843789,0.010664993488137499,0.00968728273877244,0.01112978455539777,0.009703109715918154,0.011226729075103026,0.00993008151896253,0.00829621080451998,0.009352295825996263,0.009546094448324684,0.010707517650083345,0.010234463711418748,0.009557574217297603,0.010902195534391071,0.00993008151896253,0.00829621080451998,0.009352295825996263,0.009546094448324684,0.010707517650083345,0.010234463711418748,0.009557574217297603,0.010902195534391071,0.00993008151896253,0.00829621080451998,0.009352295825996263,0.009546094448324684,0.010707517650083345,0.010234463711418748,0.009557574217297603,0.010902195534391071,0.010012378522956198,0.008148796656671354,0.008852824102728064,0.009687301889206747,0.013602071636739052,0.00880656002043139,0.010024452620204172,0.01032525348435023,0.009102678672837403,0.009227239031847688,0.010105113612330328,0.010552090434437052,0.008721295083490952,0.007984458906927724,0.011330403294801884,0.008778014210110836,0.009102678672837403,0.009227239031847688,0.010105113612330328,0.010552090434437052,0.008721295083490952,0.007984458906927724,0.011330403294801884,0.008778014210110836
0.018797521183439737,0.01928768135897919,0.01954880704387588,0.02026689737733345,0.017949233710382317,0.019917242958496555,0.016829420105067366,0.019254379317507602,0.018797521183439737,0.01928768135897919,0.01954880704387588,0.02026689737733345,0.017949233710382317,0.019917242958496555,0.016829420105067366,0.019254379317507602,0.018797521183439737,0.01928768135897919,0.01954880704387588,0.02026689737733345,0.017949233710382317,0.019917242958496555,0.016829420105067366,0.019254379317507602,0.02254386335488828,0.01932145509347014,0.020059783141167232,0.0198581933903002,0.02096473460830847,0.018430614624920166,0.0194084861394531,0.01986321958227931,0.02254386335488828,0.01932145509347014,0.020059783141167232,0.0198581933903002,0.02096473460830847,0.018430614624920166,0.0194084861394531,0.01986321958227931,0.02254386335488828,0.01932145509347014,0.020059783141167232,0.0198581933903002,0.02096473460830847,0.018430614624920166,0.0194084861394531,0.01986321958227931,0.02079286743175245,0.01957947207197403,0.020473711806931135,0.02066161895394048,0.015712060058384793,0.017448317743372622,0.016919094992276302,0.01936449429901761,0.020390120379496442,0.020756979130786068,0.020974678795360146,0.019782443614105683,0.023880651249413912,0.019555966309842972,0.019146241532705787,0.015379368421766215,0.020390120379496442,0.020756979130786068,0.020974678795360146,0.019782443614105683,0.023880651249413912,0.019555966309842972,0.019146241532705787,0.015379368421766215
0.019139747123659408,0.02081875228495147,0.01946938044773453,0.01888437488074163,0.017694175467268897,0.01820890789778313,0.025103625837821126,0.022540764855075317,0.019139747123659408,0.02081875228495147,0.01946938044773453,0.01888437488074163,0.017694175467268897,0.01820890789778313,0.025103625837821126,0.022540764855075317,0.019139747123659408,0.02081875228495147,0.01946938044773453,0.01888437488074163,0.017694175467268897,0.01820890789778313,0.025103625837821126,0.022540764855075317,0.02010312905304946,0.017746360288793315,0.019664494315591776,0.01648746145454039,0.026606700263489144,0.018346180979921006,0.019538875047004845,0.017011675278317217,0.02010312905304946,0.017746360288793315,0.019664494315591776,0.01648746145454039,0.026606700263489144,0.018346180979921006,0.019538875047004845,0.017011675278317217,0.02010312905304946,0.017746360288793315,0.019664494315591776,0.01648746145454039,0.026606700263489144,0.018346180979921006,0.019538875047004845,0.017011675278317217,0.018441013418156342,0.020623038987581815,0.018617907294351817,0.01586272026895863,0.018734653409593762,0.02538680921781132,0.02229390236896378,0.02047853660754579,0.019130481523795404,0.021488548076536804,0.01843772733948239,0.020119212053141763,0.02836594522904448,0.02464422515417239,0.02062419174809554,0.018674507431471837,0.019130481523795404,0.021488548076536804,0.01843772733948239,0.020119212053141763,0.02836594522904448,0.02464422515417239,0.02062419174809554,0.018674507431471837
0.039377158071475855,0.040871896965651876,0.03985704855645151,0.039712875432750365,0.042742266882058226,0.03933867827959378,0.04046600738378672,0.03719155534180973,0.039377158071475855,0.040871896965651876,0.03985704855645151,0.039712875432750365,0.042742266882058226,0.03933867827959378,0.04046600738378672,0.03719155534180973,0.039377158071475855,0.040871896965651876,0.03985704855645151,0.039712875432750365,0.042742266882058226,0.03933867827959378,0.04046600738378672,0.03719155534180973,0.04421507145841106,0.04514176524026485,0.04414559490394114,0.04193476692354306,0.0378743718919805,0.03930687112609407,0.03540369978699766,0.04271382737818525,0.04421507145841106,0.04514176524026485,0.04414559490394114,0.04193476692354306,0.0378743718919805,0.03930687112609407,0.03540369978699766,0.04271382737818525,0.04421507145841106,0.04514176524026485,0.04414559490394114,0.04193476692354306,0.0378743718919805,0.03930687112609407,0.03540369978699766,0.04271382737818525,0.03667256683349291,0.04190974634180483,0.04235895719886609,0.042498498584321365,0.04865152194253947,0.03528693311931223,0.04171608918446501,0.041605876885018225,0.036775720320091326,0.043185907891146305,0.04073138172941571,0.04772839773920517,0.04292522218149252,0.0351629327731384,0.04571188239920545,0.04475553535727518,0.036775720320091326,0.043185907891146305,0.04073138172941571,0.04772839773920517,0.04292522218149252,0.0351629327731384,0.04571188239920545,0.04475553535727518
0.14846494594472814,0.14020261425851321,0.14576153938337305,0.14716625817838308,0.14897173087249121,0.13864356625260493,0.1324126466653005,0.13973714359632305,0.14846494594472814,0.14020261425851321,0.14576153938337305,0.14716625817838308,0.14897173087249121,0.13864356625260493,0.1324126466653005,0.13973714359632305,0.14846494594472814,0.14020261425851321,0.14576153938337305,0.14716625817838308,0.14897173087249121,0.13864356625260493,0.1324126466653005,0.13973714359632305,0.13245764446256,0.12044921734964555,0.14463646071679467,0.13764464850612315,0.11999061562483791,0.1108248092006244,0.1323830869070529,0.11485867898863679,0.13245764446256,0.12044921734964555,0.14463646071679467,0.13764464850612315,0.11999061562483791,0.1108248092006244,0.1323830869070529,0.11485867898863679,0.13245764446256,0.12044921734964555,0.14463646071679467,0.13764464850612315,0.11999061562483791,0.1108248092006244,0.1323830869070529,0.11485867898863679,0.11804704748882595,0.12841598306212051,0.133556854422144,0.11797540009642947,0.11551010348603509,0.11721913091627613,0.10385003545500746,0.11375223717911515,0.135809450597964,0.13848255352187094,0.1438054477259368,0.12485041031458072,0.1501914539995819,0.11169062801227496,0.13444325477533373,0.126242745225618,0.135809450597964,0.13848255352187094,0.1438054477259368,0.12485041031458072,0.1501914539995819,0.11169062801227496,0.13444325477533373,0.126242745225618
0.009016920429343699,0.008579567941026682,0.010581291461476832,0.011061953726901675,0.007395552122180788,0.006342820662853438,0.010252188931724488,0.009256671341397881,0.009016920429343699,0.008579567941026682,0.010581291461476832,0.011061953726901675,0.007395552122180788,0.006342820662853438,0.010252188931724488,0.009256671341397881,0.009016920429343699,0.008579567941026682,0.010581291461476832,0.011061953726901675,0.007395552122180788,0.006342820662853438,0.010252188931724488,0.009256671341397881,0.006272482625594817,0.005800149605021912,0.007115869446287412,0.005331955511302884,0.006730377493132365,0.004614533562738623,0.007207572956377904,0.005165184997986045,0.006272482625594817,0.005800149605021912,0.007115869446287412,0.005331955511302884,0.006730377493132365,0.004614533562738623,0.007207572956377904,0.005165184997986045,0.006272482625594817,0.005800149605021912,0.007115869446287412,0.005331955511302884,0.006730377493132365,0.004614533562738623,0.007207572956377904,0.005165184997986045,0.004269056894155334,0.004246245061620028,0.004352379718206037,0.0053545780637390536,0.00993266084604866,0.0040952854751060315,0.003233416553915176,0.005134500921611182,0.005487284016362501,0.0043976180199455225,0.0037840313069949644,0.005556758725356325,0.005725980676405031,0.0023697518632957294,0.0038385101102922617,0.004527958135380255,0.005487284016362501,0.0043976180199455225,0.0037840313069949644,0.005556758725356325,0.005725980676405031,0.0023697518632957294,0.0038385101102922617,0.004527958135380255
0.02872434488664334,0.026143216224975365,0.03138721035594597,0.028664804397957478,0.03110019181539856,0.029564171381366536,0.027391980111242217,0.025794210446473675,0.02872434488664334,0.026143216224975365,0.03138721035594597,0.028664804397957478,0.03110019181539856,0.029564171381366536,0.027391980111242217,0.025794210446473675,0.02872434488664334,0.026143216224975365,0.03138721035594597,0.028664804397957478,0.03110019181539856,0.029564171381366536,0.027391980111242217,0.025794210446473675,0.029524975382942364,0.029446328454115878,0.027520759409421922,0.027009777055605897,0.02483004234480768,0.021949614230487725,0.02640132958092343,0.02921946093500213,0.029524975382942364,0.029446328454115878,0.027520759409421922,0.027009777055605897,0.02483004234480768,0.021949614230487725,0.02640132958092343,0.02921946093500213,0.029524975382942364,0.029446328454115878,0.027520759409421922,0.027009777055605897,0.02483004234480768,0.021949614230487725,0.02640132958092343,0.02921946093500213,0.032400059856478154,0.026196608452111168,0.030213880023929694,0.02599756734246481,0.022763108477105998,0.026570773358563535,0.0247529925485969,0.029178901066611494,0.03344999817396549,0.027954392648811336,0.02797326376950623,0.028304946540111373,0.02541839889477412,0.029109254491312044,0.02626496882162982,0.02525182972968444,0.03344999817396549,0.027954392648811336,0.02797326376950623,0.028304946540111373,0.02541839889477412,0.029109254491312044,0.02626496882162982,0.02525182972968444
0.011982330364177635,0.011118058634905904,0.0111571834335857,0.01211072606714277,0.009932795375488454,0.009068848796075338,0.01063700221446155,0.010315075519284874,0.011982330364177635,0.011118058634905904,0.0111571834335857,0.01211072606714277,0.009932795375488454,0.009068848796075338,0.01063700221446155,0.010315075519284874,0.011982330364177635,0.011118058634905904,0.0111571834335857,0.01211072606714277,0.009932795375488454,0.009068848796075338,0.01063700221446155,0.010315075519284874,0.008106800542469626,0.008558677345403333,0.009957561763335067,0.010099827835003353,0.007691109804013412,0.010706310177543853,0.007414293318544706,0.010285416929212796,0.008106800542469626,0.008558677345403333,0.009957561763335067,0.010099827835003353,0.007691109804013412,0.010706310177543853,0.007414293318544706,0.010285416929212796,0.008106800542469626,0.008558677345403333,0.009957561763335067,0.010099827835003353,0.007691109804013412,0.010706310177543853,0.007414293318544706,0.010285416929212796,0.008234370517351224,0.009030135484422348,0.009490184737490616,0.01002340471570489,0.008565065725378984,0.0068330118113576225,0.004477486405077951,0.009675108006591297,0.008894923204728481,0.008460443525568668,0.008272412829639541,0.008684465383422817,0.004439470443675337,0.0073191315463631695,0.004387831134616226,0.010240442614807015,0.008894923204728481,0.008460443525568668,0.008272412829639541,0.008684465383422817,0.004439470443675337,0.0073191315463631695,0.004387831134616226,0.010240442614807015
0.0273904007941058,0.03001454639907497,0.03241137251925934,0.03312069698801768,0.022029883480323788,0.02645080629589692,0.0266635424314006,0.02872871268602855,0.0273904007941058,0.03001454639907497,0.03241137251925934,0.03312069698801768,0.022029883480323788,0.02645080629589692,0.0266635424314006,0.02872871268602855,0.0273904007941058,0.03001454639907497,0.03241137251925934,0.03312069698801768,0.022029883480323788,0.02645080629589692,0.0266635424314006,0.02872871268602855,0.032534350243458174,0.031864032610861376,0.03712189318322345,0.037335961817379734,0.02985909888775129,0.022120604358265433,0.027135767869010147,0.016262129653159926,0.032534350243458174,0.031864032610861376,0.03712189318322345,0.037335961817379734,0.02985909888775129,0.022120604358265433,0.027135767869010147,0.016262129653159926,0.032534350243458174,0.031864032610861376,0.03712189318322345,0.037335961817379734,0.02985909888775129,0.022120604358265433,0.027135767869010147,0.016262129653159926,0.028200352765822927,0.02686934576390738,0.03591215421667372,0.027883201465636227,0.027023841269923465,0.023635977023509912,0.030718322424476963,0.024213155824019488,0.03147139088790325,0.03003885803249044,0.03738288935773752,0.03617439395303654,0.012521828853525669,0.03987946032247653,0.02863464341483608,0.022458111099576943,0.03147139088790325,0.03003885803249044,0.03738288935773752,0.03617439395303654,0.012521828853525669,0.03987946032247653,0.02863464341483608,0.022458111099576943
0.0753247148243441,0.07281283922841923,0.07609217926473005,0.07477566245357171,0.08051441471578917,0.07444727875203845,0.07395866764911242,0.06653930598154988,0.0753247148243441,0.07281283922841923,0.07609217926473005,0.07477566245357171,0.08051441471578917,0.07444727875203845,0.07395866764911242,0.06653930598154988,0.0753247148243441,0.07281283922841923,0.07609217926473005,0.07477566245357171,0.08051441471578917,0.07444727875203845,0.07395866764911242,0.06653930598154988,0.06886827498494573,0.07374052018221143,0.07552976953602758,0.07557777821085589,0.07391269725345496,0.0557488652503001,0.07820515052546043,0.07845654675665165,0.06886827498494573,0.07374052018221143,0.07552976953602758,0.07557777821085589,0.07391269725345496,0.0557488652503001,0.07820515052546043,0.07845654675665165,0.06886827498494573,0.07374052018221143,0.07552976953602758,0.07557777821085589,0.07391269725345496,0.0557488652503001,0.07820515052546043,0.07845654675665165,0.06895211258086618,0.07281017204497817,0.08144600280592439,0.07516477543904578,0.06784936804293375,0.06474974069306631,0.06377751236238613,0.08144092352445767,0.06640958071366308,0.07881639743425804,0.07984502432090536,0.07602724428087472,0.06827793251863375,0.07099273847751486,0.06888717696062002,0.07997067663847048,0.06640958071366308,0.07881639743425804,0.07984502432090536,0.07602724428087472,0.06827793251863375,0.07099273847751486,0.06888717696062002,0.07997067663847048
0.028194255874147076,0.02347139824713338,0.028311655271183612,0.024073931944351645,0.02610030509003546,0.022508480843975,0.026273185453139756,0.02421364300394676,0.028194255874147076,0.02347139824713338,0.028311655271183612,0.024073931944351645,0.02610030509003546,0.022508480843975,0.026273185453139756,0.02421364300394676,0.028194255874147076,0.02347139824713338,0.028311655271183612,0.024073931944351645,0.02610030509003546,0.022508480843975,0.026273185453139756,0.02421364300394676,0.02399728597161136,0.023640757379797116,0.026260485504252643,0.02321649392502215,0.021147979809542358,0.02051603214915785,0.022920186219470007,0.021717183730446395,0.02399728597161136,0.023640757379797116,0.026260485504252643,0.02321649392502215,0.021147979809542358,0.02051603214915785,0.022920186219470007,0.021717183730446395,0.02399728597161136,0.023640757379797116,0.026260485504252643,0.02321649392502215,0.021147979809542358,0.02051603214915785,0.022920186219470007,0.021717183730446395,0.020812696528362384,0.01868707173448089,0.02325725558890229,0.028155423928263944,0.018927708406277204,0.024820060726756965,0.020468951398471994,0.02666555565627513,0.022942219544426934,0.017848619766922442,0.026186249048554624,0.024024870179192647,0.02294886337681619,0.01805643280899688,0.016918647446523487,0.029600346267765844,0.022942219544426934,0.017848619766922442,0.026186249048554624,0.024024870179192647,0.02294886337681619,0.01805643280899688,0.016918647446523487,0.029600346267765844
0.02750357481760704,0.03171422387600333,0.02922418076179046,0.031020729570335404,0.03764890339602112,0.0356262792065946,0.03434654776714251,0.03797834628732055,0.02750357481760704,0.03171422387600333,0.02922418076179046,0.031020729570335404,0.03764890339602112,0.0356262792065946,0.03434654776714251,0.03797834628732055,0.02750357481760704,0.03171422387600333,0.02922418076179046,0.031020729570335404,0.03764890339602112,0.0356262792065946,0.03434654776714251,0.03797834628732055,0.03143477888690831,0.03351836401818821,0.03006508394423547,0.03549151031251138,0.04031299567824278,0.041413896560567945,0.03828431992486582,0.034497450411902456,0.03143477888690831,0.03351836401818821,0.03006508394423547,0.03549151031251138,0.04031299567824278,0.041413896560567945,0.03828431992486582,0.034497450411902456,0.03143477888690831,0.03351836401818821,0.03006508394423547,0.03549151031251138,0.04031299567824278,0.041413896560567945,0.03828431992486582,0.034497450411902456,0.0323149569465813,0.035480692793581244,0.03659395228700496,0.03493883738076841,0.0442846808531497,0.04225188886828517,0.04387796396678023,0.04488371762266291,0.030428462062840327,0.03783845369309995,0.03671465052173399,0.03568092125003093,0.04732823277943414,0.0498824007404014,0.04004056398363929,0.04960763365264221,0.030428462062840327,0.03783845369309995,0.03671465052173399,0.03568092125003093,0.04732823277943414,0.0498824007404014,0.04004056398363929,0.04960763365264221
0.008503149940552018,0.00638569284814756,0.008415379082529654,0.006927408266156022,0.00725444447482358,0.009297280774337398,0.00921693793792396,0.0117268250995179,0.008503149940552018,0.00638569284814756,0.008415379082529654,0.006927408266156022,0.00725444447482358,0.009297280774337398,0.00921693793792396,0.0117268250995179,0.008503149940552018,0.00638569284814756,0.008415379082529654,0.006927408266156022,0.00725444447482358,0.009297280774337398,0.00921693793792396,0.0117268250995179,0.008159622602058384,0.007844051530569768,0.005989407071505999,0.010119342861653315,0.008598589504922469,0.015310443343931038,0.006794701066362258,0.02107572740680936,0.008159622602058384,0.007844051530569768,0.005989407071505999,0.010119342861653315,0.008598589504922469,0.015310443343931038,0.006794701066362258,0.02107572740680936,0.008159622602058384,0.007844051530569768,0.005989407071505999,0.010119342861653315,0.008598589504922469,0.015310443343931038,0.006794701066362258,0.02107572740680936,0.006629289144916154,0.006291055375347363,0.009069412072026035,0.009655878553375387,0.005908397573675633,0.0024504868180411244,0.009900689376507203,0.008434574206994085,0.00762378607527512,0.007081535442557084,0.008696860366410038,0.007813008747374787,0.012780931695229852,0.007467203342080918,0.009927847623042076,0.009890611957577173,0.00762378607527512,0.007081535442557084,0.008696860366410038,0.007813008747374787,0.012780931695229852,0.007467203342080918,0.009927847623042076,0.009890611957577173
0.10804465794873107,0.08873792030577393,0.10583555891814794,0.10496091257557268,0.14607035722367576,0.09372131465808105,0.12971495416347004,0.1285800391176524,0.10804465794873107,0.08873792030577393,0.10583555891814794,0.10496091257557268,0.14607035722367576,0.09372131465808105,0.12971495416347004,0.1285800391176524,0.10804465794873107,0.08873792030577393,0.10583555891814794,0.10496091257557268,0.14607035722367576,0.09372131465808105,0.12971495416347004,0.1285800391176524,0.11931923630170604,0.13159231562677856,0.08029701985794181,0.11549219410547518,0.13461083928422882,0.11911831574258831,0.13786286768040346,0.10268387637426123,0.11931923630170604,0.13159231562677856,0.08029701985794181,0.11549219410547518,0.13461083928422882,0.11911831574258831,0.13786286768040346,0.10268387637426123,0.11931923630170604,0.13159231562677856,0.08029701985794181,0.11549219410547518,0.13461083928422882,0.11911831574258831,0.13786286768040346,0.10268387637426123,0.11210904785044641,0.11065863805168248,0.1124981904856898,0.1265023024371195,0.09009047822877002,0.08443720032482442,0.09932685895209135,0.06098381904482502,0.09741018836683989,0.08807837030368694,0.12383679504536256,0.10815952458053767,0.08897071355455483,0.10683089906260344,0.06232182843356662,0.10154688909794245,0.09741018836683989,0.08807837030368694,0.12383679504536256,0.10815952458053767,0.08897071355455483,0.10683089906260344,0.06232182843356662,0.10154688909794245
0.0867612036694888,0.07598107524630968,0.0823658781010831,0.07358233304530891,0.08527142322657287,0.06858329786092943,0.07701344398663366,0.0717153353246074,0.0867612036694888,0.07598107524630968,0.0823658781010831,0.07358233304530891,0.08527142322657287,0.06858329786092943,0.07701344398663366,0.0717153353246074,0.0867612036694888,0.07598107524630968,0.0823658781010831,0.07358233304530891,0.08527142322657287,0.06858329786092943,0.07701344398663366,0.0717153353246074,0.078956355468487,0.07213885580391192,0.08590268067136404,0.07111841433326337,0.05802778815541281,0.07368883501874358,0.05357970326349745,0.07922855574597923,0.078956355468487,0.07213885580391192,0.08590268067136404,0.07111841433326337,0.05802778815541281,0.07368883501874358,0.05357970326349745,0.07922855574597923,0.078956355468487,0.07213885580391192,0.08590268067136404,0.07111841433326337,0.05802778815541281,0.07368883501874358,0.05357970326349745,0.07922855574597923,0.06248183479149616,0.06326647379389103,0.059300586777925525,0.05042317222075087,0.04951553444314,0.02864770936555321,0.05755417088236029,0.04317068319638149,0.06073732525804804,0.06260369556121814,0.04934937566517581,0.06997908125536187,0.03603735451002708,0.04603728995363729,0.053414321952097533,0.033868698147187314,0.06073732525804804,0.06260369556121814,0.04934937566517581,0.06997908125536187,0.03603735451002708,0.04603728995363729,0.053414321952097533,0.033868698147187314
0.04693921432660941,0.04651798571323831,0.04914565003679492,0.04467595650447306,0.0496408561123149,0.04959912086667487,0.04958048615961815,0.047546199921696286,0.04693921432660941,0.04651798571323831,0.04914565003679492,0.04467595650447306,0.0496408561123149,0.04959912086667487,0.04958048615961815,0.047546199921696286,0.04693921432660941,0.04651798571323831,0.04914565003679492,0.04467595650447306,0.0496408561123149,0.04959912086667487,0.04958048615961815,0.047546199921696286,0.048290479946232485,0.05208444522185517,0.05251502230366762,0.05481920544635822,0.04719388930696275,0.04995999900682994,0.05619556704665796,0.05475756302901199,0.048290479946232485,0.05208444522185517,0.05251502230366762,0.05481920544635822,0.04719388930696275,0.04995999900682994,0.05619556704665796,0.05475756302901199,0.048290479946232485,0.05208444522185517,0.05251502230366762,0.05481920544635822,0.04719388930696275,0.04995999900682994,0.05619556704665796,0.05475756302901199,0.043202201178126946,0.05314825954856694,0.04573731706737569,0.06264184784230975,0.0465258648390485,0.043862984170912805,0.04491591165086966,0.06261198015594406,0.050139791107244036,0.049511595191516856,0.04925647120036302,0.05780787655376982,0.05406809285486252,0.0418663530500978,0.036935744641770275,0.0721028723043401,0.050139791107244036,0.049511595191516856,0.04925647120036302,0.05780787655376982,0.05406809285486252,0.0418663530500978,0.036935744641770275,0.0721028723043401
0.044048613380937136,0.04177083564596694,0.04039856991095514,0.04125434033038305,0.04588649567838748,0.043284430936577904,0.04336817830350497,0.03993657763134649,0.044048613380937136,0.04177083564596694,0.04039856991095514,0.04125434033038305,0.04588649567838748,0.043284430936577904,0.04336817830350497,0.03993657763134649,0.044048613380937136,0.04177083564596694,0.04039856991095514,0.04125434033038305,0.04588649567838748,0.043284430936577904,0.04336817830350497,0.03993657763134649,0.04458190530208753,0.05028171405551843,0.04328319190507173,0.043237272595743545,0.050182353905975516,0.05671121359565036,0.04564497987199459,0.04823330550924131,0.04458190530208753,0.05028171405551843,0.04328319190507173,0.043237272595743545,0.050182353905975516,0.05671121359565036,0.04564497987199459,0.04823330550924131,0.04458190530208753,0.05028171405551843,0.04328319190507173,0.043237272595743545,0.050182353905975516,0.05671121359565036,0.04564497987199459,0.04823330550924131,0.03734326072025741,0.041889916644111604,0.04298717931618365,0.04393604707186353,0.04696565311233417,0.049752442519642184,0.04591965451490965,0.04744330323271156,0.040661549467741115,0.038109179276926454,0.044695822154162686,0.04377053350872074,0.039805610648095374,0.044812388620279704,0.03834603089357254,0.03574266681820647,0.040661549467741115,0.038109179276926454,0.044695822154162686,0.04377053350872074,0.039805610648095374,0.044812388620279704,0.03834603089357254,0.03574266681820647
0.006236225383946676,0.006735909087193023,0.006198556440952187,0.0071447784641871185,0.006343893642505747,0.00580615239570989,0.006120016097763875,0.006111746017941692,0.006236225383946676,0.006735909087193023,0.006198556440952187,0.0071447784641871185,0.006343893642505747,0.00580615239570989,0.006120016097763875,0.006111746017941692,0.006236225383946676,0.006735909087193023,0.006198556440952187,0.0071447784641871185,0.006343893642505747,0.00580615239570989,0.006120016097763875,0.006111746017941692,0.008113445205926736,0.007469309531840608,0.007016087723145323,0.007189516962010377,0.0071706522493494825,0.0069412102822458705,0.005809921315922577,0.005228386136331294,0.008113445205926736,0.007469309531840608,0.007016087723145323,0.007189516962010377,0.0071706522493494825,0.0069412102822458705,0.005809921315922577,0.005228386136331294,0.008113445205926736,0.007469309531840608,0.007016087723145323,0.007189516962010377,0.0071706522493494825,0.0069412102822458705,0.005809921315922577,0.005228386136331294,0.00739003773039844,0.005087469686770758,0.00608329836191214,0.0064433033199494125,0.011833690120236481,0.007567479015701903,0.006671137484957413,0.005423325087684053,0.0058000476243149504,0.005165861628596363,0.006090477952498128,0.006187675851210903,0.005377618666869491,0.007004326902369465,0.0056252906391746895,0.00741631800644595,0.0058000476243149504,0.005165861628596363,0.006090477952498128,0.006187675851210903,0.005377618666869491,0.007004326902369465,0.0056252906391746895,0.00741631800644595
0.010510983621054609,0.011602363354604937,0.010903540808006727,0.011833898829301819,0.008592531891232729,0.00820266898904842,0.011080580839523494,0.010948091840449635,0.010510983621054609,0.011602363354604937,0.010903540808006727,0.011833898829301819,0.008592531891232729,0.00820266898904842,0.011080580839523494,0.010948091840449635,0.010510983621054609,0.011602363354604937,0.010903540808006727,0.011833898829301819,0.008592531891232729,0.00820266898904842,0.011080580839523494,0.010948091840449635,0.011239987124217123,0.01242230752514577,0.010837729949281848,0.012253219833069505,0.010136834030433587,0.01109488896743699,0.011252843935112637,0.00979772523961415,0.011239987124217123,0.01242230752514577,0.010837729949281848,0.012253219833069505,0.010136834030433587,0.01109488896743699,0.011252843935112637,0.00979772523961415,0.011239987124217123,0.01242230752514577,0.010837729949281848,0.012253219833069505,0.010136834030433587,0.01109488896743699,0.011252843935112637,0.00979772523961415,0.010163984832403177,0.011051966447519657,0.010716512040041806,0.012092499457905154,0.010334278756777067,0.013113464109787403,0.011171209925576133,0.012291678170475006,0.01077061608905308,0.012349618168979632,0.010473132005684923,0.012185600924976617,0.009005481208227842,0.012744572434828476,0.011058693098329632,0.011087844096933985,0.01077061608905308,0.012349618168979632,0.010473132005684923,0.012185600924976617,0.009005481208227842,0.012744572434828476,0.011058693098329632,0.011087844096933985
0.032718876817833635,0.03044263536750569,0.030883367525243215,0.030955216586303232,0.0337383094921523,0.03008604486484896,0.03251930833953697,0.029328241419812995,0.032718876817833635,0.03044263536750569,0.030883367525243215,0.030955216586303232,0.0337383094921523,0.03008604486484896,0.03251930833953697,0.029328241419812995,0.032718876817833635,0.03044263536750569,0.030883367525243215,0.030955216586303232,0.0337383094921523,0.03008604486484896,0.03251930833953697,0.029328241419812995,0.03085579509022986,0.03164818089631825,0.03254931011224067,0.02789815103179072,0.022135154557212027,0.01793193797450233,0.028522470591444037,0.03223738007630965,0.03085579509022986,0.03164818089631825,0.03254931011224067,0.02789815103179072,0.022135154557212027,0.01793193797450233,0.028522470591444037,0.03223738007630965,0.03085579509022986,0.03164818089631825,0.03254931011224067,0.02789815103179072,0.022135154557212027,0.01793193797450233,0.028522470591444037,0.03223738007630965,0.031051792669526807,0.026908651951930748,0.03627980828343516,0.030829968919161583,0.02477593195773148,0.024719175017580697,0.033826754895353625,0.020677685492053663,0.029356462922663584,0.032276872720099034,0.03203827949817442,0.029648474817097214,0.023610490453888747,0.024772059073007103,0.028328890203909978,0.028616003027808663,0.029356462922663584,0.032276872720099034,0.03203827949817442,0.029648474817097214,0.023610490453888747,0.024772059073007103,0.028328890203909978,0.028616003027808663
0.03804248945256496,0.03764298961900373,0.03885334688767112,0.037510691260187745,0.034883713702220806,0.030581772842357843,0.030972789964275493,0.03755994510385396,0.03804248945256496,0.03764298961900373,0.03885334688767112,0.037510691260187745,0.034883713702220806,0.030581772842357843,0.030972789964275493,0.03755994510385396,0.03804248945256496,0.03764298961900373,0.03885334688767112,0.037510691260187745,0.034883713702220806,0.030581772842357843,0.030972789964275493,0.03755994510385396,0.03605560002717367,0.03252545975701495,0.03427431790676554,0.03615930101240022,0.029296908213061742,0.028291516032652318,0.03224850797158445,0.038594393209478946,0.03605560002717367,0.03252545975701495,0.03427431790676554,0.03615930101240022,0.029296908213061742,0.028291516032652318,0.03224850797158445,0.038594393209478946,0.03605560002717367,0.03252545975701495,0.03427431790676554,0.03615930101240022,0.029296908213061742,0.028291516032652318,0.03224850797158445,0.038594393209478946,0.03429062190479656,0.036266708117839934,0.03545820973111117,0.03576594096565511,0.03326931320139066,0.02893302566163267,0.037261525772773876,0.03490185365820948,0.03524414913719534,0.030637746291426918,0.034004076245271096,0.036039051051995355,0.02954617223410982,0.032735121873369105,0.037641461218836846,0.03398880383757216,0.03524414913719534,0.030637746291426918,0.034004076245271096,0.036039051051995355,0.02954617223410982,0.032735121873369105,0.037641461218836846,0.03398880383757216
0.008504125687546143,0.006947715968674064,0.010261098473392653,0.008564073275266135,0.0074572058938509244,0.007691816264661016,0.008766305488294822,0.00971738453308713,0.008504125687546143,0.006947715968674064,0.010261098473392653,0.008564073275266135,0.0074572058938509244,0.007691816264661016,0.008766305488294822,0.00971738453308713,0.008504125687546143,0.006947715968674064,0.010261098473392653,0.008564073275266135,0.0074572058938509244,0.007691816264661016,0.008766305488294822,0.00971738453308713,0.010729913332016922,0.007451824990966831,0.00866863830263331,0.007919989169965272,0.007158226981477159,0.009061274329164478,0.007203285959376624,0.008867137758854499,0.010729913332016922,0.007451824990966831,0.00866863830263331,0.007919989169965272,0.007158226981477159,0.009061274329164478,0.007203285959376624,0.008867137758854499,0.010729913332016922,0.007451824990966831,0.00866863830263331,0.007919989169965272,0.007158226981477159,0.009061274329164478,0.007203285959376624,0.008867137758854499,0.010215663354322816,0.007547532441588619,0.017164892803122504,0.010911727807782065,0.0203730845483945,0.007453495931953696,0.020303527351594453,0.008624633642004385,0.006794473177643979,0.007813458055018917,0.012283559069744744,0.015853505428601217,0.019890448837599637,0.00929077270883575,0.028994714308012676,0.008167489897691725,0.006794473177643979,0.007813458055018917,0.012283559069744744,0.015853505428601217,0.019890448837599637,0.00929077270883575,0.028994714308012676,0.008167489897691725
0.0031843339087716947,0.002332395376249179,0.0023748544178899544,0.002165407639488801,0.0045764544956512715,0.0036646575632460258,0.0026360663527293625,0.001992119793060456,0.0031843339087716947,0.002332395376249179,0.0023748544178899544,0.002165407639488801,0.0045764544956512715,0.0036646575632460258,0.0026360663527293625,0.001992119793060456,0.0031843339087716947,0.002332395376249179,0.0023748544178899544,0.002165407639488801,0.0045764544956512715,0.0036646575632460258,0.0026360663527293625,0.001992119793060456,0.002485161536931254,0.0028793919930471903,0.00253459286454017,0.0025334800889461125,0.005794783662777296,0.002738530920114337,0.0030466259613734516,0.002973807952517471,0.002485161536931254,0.0028793919930471903,0.00253459286454017,0.0025334800889461125,0.005794783662777296,0.002738530920114337,0.0030466259613734516,0.002973807952517471,0.002485161536931254,0.0028793919930471903,0.00253459286454017,0.0025334800889461125,0.005794783662777296,0.002738530920114337,0.0030466259613734516,0.002973807952517471,0.003679052383704294,0.0022226543614986536,0.0030971456323223728,0.003058970239366144,0.0066977649728817154,0.0026422634442291888,0.004380125315878818,0.0024757781785998373,0.0026041932111831325,0.001834697074827189,0.002141461116010892,0.0028153890379462466,0.005957022658649485,0.0032876923191050805,0.004242965447902364,0.003126860999058633,0.0026041932111831325,0.001834697074827189,0.002141461116010892,0.0028153890379462466,0.005957022658649485,0.0032876923191050805,0.004242965447902364,0.003126860999058633
0.04160025613633812,0.042372728973344154,0.039040075899750566,0.041179571193294275,0.044185733107421965,0.04072113632375203,0.038625379726375426,0.045053489121346046,0.04160025613633812,0.042372728973344154,0.039040075899750566,0.041179571193294275,0.044185733107421965,0.04072113632375203,0.038625379726375426,0.045053489121346046,0.04160025613633812,0.042372728973344154,0.039040075899750566,0.041179571193294275,0.044185733107421965,0.04072113632375203,0.038625379726375426,0.045053489121346046,0.038417683465730317,0.04526810955605593,0.044711343348667366,0.042911576107386,0.054274736265100085,0.048321555605471224,0.030115225494698902,0.06602394363846416,0.038417683465730317,0.04526810955605593,0.044711343348667366,0.042911576107386,0.054274736265100085,0.048321555605471224,0.030115225494698902,0.06602394363846416,0.038417683465730317,0.04526810955605593,0.044711343348667366,0.042911576107386,0.054274736265100085,0.048321555605471224,0.030115225494698902,0.06602394363846416,0.040709341678754264,0.04065315222019534,0.039439679158549464,0.03907008522797241,0.05294909454908239,0.040920179208380515,0.044420955902845935,0.04397707299084398,0.03982710919181667,0.035475565265829914,0.0408946401399236,0.039518159959666274,0.04525618602574449,0.048651979350743925,0.04569828262202611,0.05619660123867832,0.03982710919181667,0.035475565265829914,0.0408946401399236,0.039518159959666274,0.04525618602574449,0.048651979350743925,0.04569828262202611,0.05619660123867832
0.006687702361205139,0.0072000504936064825,0.007521589476116659,0.007089660976957409,0.005135001777178208,0.012179786713494144,0.010125962178322675,0.012965195379958704,0.006687702361205139,0.0072000504936064825,0.007521589476116659,0.007089660976957409,0.005135001777178208,0.012179786713494144,0.010125962178322675,0.012965195379958704,0.006687702361205139,0.0072000504936064825,0.007521589476116659,0.007089660976957409,0.005135001777178208,0.012179786713494144,0.010125962178322675,0.012965195379958704,0.004671518467145134,0.004593688450611566,0.004549420999638571,0.0035369992777645656,0.00743987034511786,0.00997242678234156,0.00590723511977462,0.00989967987044394,0.004671518467145134,0.004593688450611566,0.004549420999638571,0.0035369992777645656,0.00743987034511786,0.00997242678234156,0.00590723511977462,0.00989967987044394,0.004671518467145134,0.004593688450611566,0.004549420999638571,0.0035369992777645656,0.00743987034511786,0.00997242678234156,0.00590723511977462,0.00989967987044394,0.0033483961916950396,0.007095351804750922,0.003861337647423922,0.008985548963358462,0.010550364266406835,0.013130628754260819,0.01411926192344077,0.004256577291951808,0.0025705513774844447,0.006480730693009456,0.003817395292614802,0.007155903301801715,0.004861536273263687,0.009310501585440521,0.020153226411911414,0.012908278885374165,0.0025705513774844447,0.006480730693009456,0.003817395292614802,0.007155903301801715,0.004861536273263687,0.009310501585440521,0.020153226411911414,0.012908278885374165
0.07336281099961918,0.07110817692248944,0.07854388744715886,0.07539651435073139,0.07317360771356816,0.07492105701525593,0.07785577106861957,0.07421942242509558,0.07336281099961918,0.07110817692248944,0.07854388744715886,0.07539651435073139,0.07317360771356816,0.07492105701525593,0.07785577106861957,0.07421942242509558,0.07336281099961918,0.07110817692248944,0.07854388744715886,0.07539651435073139,0.07317360771356816,0.07492105701525593,0.07785577106861957,0.07421942242509558,0.07472289153870741,0.07667725052066234,0.08076258736687517,0.09313441209298631,0.0864673050852585,0.07715317907994389,0.09987753109398612,0.08224456255535728,0.07472289153870741,0.07667725052066234,0.08076258736687517,0.09313441209298631,0.0864673050852585,0.07715317907994389,0.09987753109398612,0.08224456255535728,0.07472289153870741,0.07667725052066234,0.08076258736687517,0.09313441209298631,0.0864673050852585,0.07715317907994389,0.09987753109398612,0.08224456255535728,0.075825761964347,0.08260854512038751,0.07780674863072143,0.07895367692682044,0.08065325853310655,0.07931682266604098,0.08262405495683088,0.12233750899465591,0.07254860900260184,0.07934918610159988,0.07194348580290905,0.08305208958124971,0.08462312190132354,0.0703926343499155,0.09220056126532915,0.11002702921302031,0.07254860900260184,0.07934918610159988,0.07194348580290905,0.08305208958124971,0.08462312190132354,0.0703926343499155,0.09220056126532915,0.11002702921302031
0.013834863773238846,0.01261544528224745,0.013341621129118086,0.01287020373433168,0.007245970211598935,0.010942567531128542,0.01074139829056983,0.011617229019093364,0.013834863773238846,0.01261544528224745,0.013341621129118086,0.01287020373433168,0.007245970211598935,0.010942567531128542,0.01074139829056983,0.011617229019093364,0.013834863773238846,0.01261544528224745,0.013341621129118086,0.01287020373433168,0.007245970211598935,0.010942567531128542,0.01074139829056983,0.011617229019093364,0.010264048942849237,0.0074559443179318605,0.009481765429386413,0.01144425797590552,0.00735697073535011,0.005308991441510807,0.006020340401159233,0.006573725543375708,0.010264048942849237,0.0074559443179318605,0.009481765429386413,0.01144425797590552,0.00735697073535011,0.005308991441510807,0.006020340401159233,0.006573725543375708,0.010264048942849237,0.0074559443179318605,0.009481765429386413,0.01144425797590552,0.00735697073535011,0.005308991441510807,0.006020340401159233,0.006573725543375708,0.005138272059570763,0.005375469536602547,0.010182980906976535,0.009045448108374635,0.004345637203498269,0.008065118214830011,0.00571188273805665,0.005024118126173271,0.005949865709483618,0.005517590196332156,0.005886830358617519,0.006070095714547093,0.0054726303051578894,0.005561606642651413,0.005733155938651252,0.004328568129546187,0.005949865709483618,0.005517590196332156,0.005886830358617519,0.006070095714547093,0.0054726303051578894,0.005561606642651413,0.005733155938651252,0.004328568129546187
0.08662014574209691,0.07897778359725613,0.08518329021031067,0.08764725393703018,0.08216735675497504,0.08511766875226524,0.0787249702795913,0.08587315214234559,0.08662014574209691,0.07897778359725613,0.08518329021031067,0.08764725393703018,0.08216735675497504,0.08511766875226524,0.0787249702795913,0.08587315214234559,0.08662014574209691,0.07897778359725613,0.08518329021031067,0.08764725393703018,0.08216735675497504,0.08511766875226524,0.0787249702795913,0.08587315214234559,0.07740696663833538,0.06809676591034468,0.08800964754548266,0.07352862759662213,0.06563786093167827,0.06977235176180972,0.0645196336311372,0.0718366722529455,0.07740696663833538,0.06809676591034468,0.08800964754548266,0.07352862759662213,0.06563786093167827,0.06977235176180972,0.0645196336311372,0.0718366722529455,0.07740696663833538,0.06809676591034468,0.08800964754548266,0.07352862759662213,0.06563786093167827,0.06977235176180972,0.0645196336311372,0.0718366722529455,0.06987663920659902,0.07528838855719609,0.078546715221557,0.07919969375407233,0.06820224814729822,0.09393356429793476,0.08988040061625374,0.057093908862508286,0.06302765240268332,0.07704025880303844,0.06875325949160888,0.07563933418800346,0.07845135955449692,0.0584966988513379,0.06400022674515374,0.06426442730063121,0.06302765240268332,0.07704025880303844,0.06875325949160888,0.07563933418800346,0.07845135955449692,0.0584966988513379,0.06400022674515374,0.06426442730063121
0.03643335319836087,0.03300785148878299,0.03735541801277113,0.03313477834422065,0.0333352561707745,0.03559244061054717,0.02833110164744987,0.03588059335494855,0.03643335319836087,0.03300785148878299,0.03735541801277113,0.03313477834422065,0.0333352561707745,0.03559244061054717,0.02833110164744987,0.03588059335494855,0.03643335319836087,0.03300785148878299,0.03735541801277113,0.03313477834422065,0.0333352561707745,0.03559244061054717,0.02833110164744987,0.03588059335494855,0.02823899827182439,0.0357149146139326,0.03018939588014924,0.03427324438472022,0.03622864316071766,0.035526695310964244,0.03779053635448764,0.034244353218337055,0.02823899827182439,0.0357149146139326,0.03018939588014924,0.03427324438472022,0.03622864316071766,0.035526695310964244,0.03779053635448764,0.034244353218337055,0.02823899827182439,0.0357149146139326,0.03018939588014924,0.03427324438472022,0.03622864316071766,0.035526695310964244,0.03779053635448764,0.034244353218337055,0.02929805890321798,0.02900148143153623,0.036002225101401206,0.028405699160741132,0.03248182691079826,0.03410340486282026,0.04419008955232169,0.039105546058156325,0.03217319201493823,0.031776495141878636,0.03487217994022586,0.03339230732894527,0.03393061795323884,0.03473036389160099,0.034733390897223354,0.03616851129012423,0.03217319201493823,0.031776495141878636,0.03487217994022586,0.03339230732894527,0.03393061795323884,0.03473036389160099,0.034733390897223354,0.03616851129012423
0.004675404635777147,0.004969138369135242,0.006947132216123109,0.007573588412197729,0.003569203410891513,0.0028227200699916547,0.004943570773998895,0.0028016988293315614,0.004675404635777147,0.004969138369135242,0.006947132216123109,0.007573588412197729,0.003569203410891513,0.0028227200699916547,0.004943570773998895,0.0028016988293315614,0.004675404635777147,0.004969138369135242,0.006947132216123109,0.007573588412197729,0.003569203410891513,0.0028227200699916547,0.004943570773998895,0.0028016988293315614,0.00296397788378398,0.002126102506083833,0.005573846314060414,0.003436821267098439,0.004459040135405363,0.006124743447942566,0.0016260695665234544,0.0012412853039769102,0.00296397788378398,0.002126102506083833,0.005573846314060414,0.003436821267098439,0.004459040135405363,0.006124743447942566,0.0016260695665234544,0.0012412853039769102,0.00296397788378398,0.002126102506083833,0.005573846314060414,0.003436821267098439,0.004459040135405363,0.006124743447942566,0.0016260695665234544,0.0012412853039769102,0.003662877588293963,0.0039429557764932635,0.0039119174033565044,0.0021303605861475463,0.0038784860546318078,0.005212637864459597,0.0037344325432161706,0.0033387168725828227,0.002733041190227027,0.002894498168802898,0.004581257662582538,0.002032435018184329,0.0034117304222035585,0.008943177865737796,0.004124910289776901,0.004139225476471789,0.002733041190227027,0.002894498168802898,0.004581257662582538,0.002032435018184329,0.0034117304222035585,0.008943177865737796,0.004124910289776901,0.004139225476471789
0.07222666651082078,0.060403116120201814,0.06367166175298279,0.06267128316871545,0.042248932704008035,0.038060771839934775,0.04769983827160731,0.040247534683254385,0.07222666651082078,0.060403116120201814,0.06367166175298279,0.06267128316871545,0.042248932704008035,0.038060771839934775,0.04769983827160731,0.040247534683254385,0.07222666651082078,0.060403116120201814,0.06367166175298279,0.06267128316871545,0.042248932704008035,0.038060771839934775,0.04769983827160731,0.040247534683254385,0.059053415684401936,0.05335944359854979,0.062319994205941774,0.06367236651657172,0.030687454584645397,0.03865921650321647,0.03272480943510654,0.034329220498358584,0.059053415684401936,0.05335944359854979,0.062319994205941774,0.06367236651657172,0.030687454584645397,0.03865921650321647,0.03272480943510654,0.034329220498358584,0.059053415684401936,0.05335944359854979,0.062319994205941774,0.06367236651657172,0.030687454584645397,0.03865921650321647,0.03272480943510654,0.034329220498358584,0.04024850769078514,0.0403600701018333,0.049154634803400425,0.05019438570214515,0.03642289313943886,0.044481014776179564,0.04797686832288285,0.018426190958963702,0.04953472606521317,0.04109584734250825,0.044853887014065674,0.05006953365453104,0.02337991251048637,0.0194775862271093,0.03597452419080113,0.018203589289890555,0.04953472606521317,0.04109584734250825,0.044853887014065674,0.05006953365453104,0.02337991251048637,0.0194775862271093,0.03597452419080113,0.018203589289890555
0.009161496530685148,0.008814490797635079,0.008958146362134588,0.0084064324756229,0.01179732219143414,0.014325926797096088,0.010111091605143016,0.013468658354474848,0.009161496530685148,0.008814490797635079,0.008958146362134588,0.0084064324756229,0.01179732219143414,0.014325926797096088,0.010111091605143016,0.013468658354474848,0.009161496530685148,0.008814490797635079,0.008958146362134588,0.0084064324756229,0.01179732219143414,0.014325926797096088,0.010111091605143016,0.013468658354474848,0.008973790783783527,0.013228879692205146,0.009421168753119654,0.006056078622599167,0.00905679572364645,0.014995130343742677,0.008515147903864572,0.017048052674284147,0.008973790783783527,0.013228879692205146,0.009421168753119654,0.006056078622599167,0.00905679572364645,0.014995130343742677,0.008515147903864572,0.017048052674284147,0.008973790783783527,0.013228879692205146,0.009421168753119654,0.006056078622599167,0.00905679572364645,0.014995130343742677,0.008515147903864572,0.017048052674284147,0.007123650454287194,0.010771558597026673,0.014111526701525384,0.009194820417907007,0.003176675729939699,0.006668374877798855,0.007488263207789771,0.005792082822981343,0.010623732964763011,0.008692268539258682,0.015837212654502674,0.010342876359588084,0.0030835874344846566,0.003959563744393177,0.016728811068001573,0.01605397879381634,0.010623732964763011,0.008692268539258682,0.015837212654502674,0.010342876359588084,0.0030835874344846566,0.003959563744393177,0.016728811068001573,0.01605397879381634
0.013170549818060215,0.011706309538918505,0.011439627148930728,0.010005951160177865,0.016328161727512325,0.009486990189609835,0.008346116714525332,0.009337758181240215,0.013170549818060215,0.011706309538918505,0.011439627148930728,0.010005951160177865,0.016328161727512325,0.009486990189609835,0.008346116714525332,0.009337758181240215,0.013170549818060215,0.011706309538918505,0.011439627148930728,0.010005951160177865,0.016328161727512325,0.009486990189609835,0.008346116714525332,0.009337758181240215,0.00808950645778125,0.007581783718228989,0.00595791781790755,0.0044986877196692586,0.0151974294842984,0.014474505600807883,0.007114488436385228,0.006376506733901091,0.00808950645778125,0.007581783718228989,0.00595791781790755,0.0044986877196692586,0.0151974294842984,0.014474505600807883,0.007114488436385228,0.006376506733901091,0.00808950645778125,0.007581783718228989,0.00595791781790755,0.0044986877196692586,0.0151974294842984,0.014474505600807883,0.007114488436385228,0.006376506733901091,0.010122707728261614,0.010972078610854355,0.006425531057841937,0.0054355765768791505,0.011498335675350602,0.010625929249757,0.010527014470451734,0.00789504809463834,0.007386517475210556,0.010326313193313593,0.006541475498419055,0.006665046386349026,0.011408730145268673,0.008407040200833034,0.008673421393661175,0.009767409656162683,0.007386517475210556,0.010326313193313593,0.006541475498419055,0.006665046386349026,0.011408730145268673,0.008407040200833034,0.008673421393661175,0.009767409656162683
0.14413367028183308,0.14621240605595043,0.13428351817021197,0.14148427869529975,0.15088738031365048,0.15460913010604233,0.1437484216936436,0.1449568177849435,0.14413367028183308,0.14621240605595043,0.13428351817021197,0.14148427869529975,0.15088738031365048,0.15460913010604233,0.1437484216936436,0.1449568177849435,0.14413367028183308,0.14621240605595043,0.13428351817021197,0.14148427869529975,0.15088738031365048,0.15460913010604233,0.1437484216936436,0.1449568177849435,0.15504016489547154,0.16120117404763604,0.1516387032379045,0.14250369953092992,0.14582486139410125,0.17032147241707263,0.16879378352399635,0.13551464964248286,0.15504016489547154,0.16120117404763604,0.1516387032379045,0.14250369953092992,0.14582486139410125,0.17032147241707263,0.16879378352399635,0.13551464964248286,0.15504016489547154,0.16120117404763604,0.1516387032379045,0.14250369953092992,0.14582486139410125,0.17032147241707263,0.16879378352399635,0.13551464964248286,0.163600249107972,0.14303477928146197,0.1519655527554624,0.16143691364923815,0.14979234332272942,0.19800019699955052,0.14088846034321736,0.1536885738754813,0.16523995986253037,0.1554362883158737,0.15537689261516538,0.16013611177008966,0.1900282304571004,0.19672879518545658,0.16959272174290527,0.14144138392829075,0.16523995986253037,0.1554362883158737,0.15537689261516538,0.16013611177008966,0.1900282304571004,0.19672879518545658,0.16959272174290527,0.14144138392829075
0.03392312867268481,0.033810245501286404,0.03308549652135951,0.03804930501193444,0.03761908378685314,0.038501526719946645,0.031392654575739,0.041081841993443835,0.03392312867268481,0.033810245501286404,0.03308549652135951,0.03804930501193444,0.03761908378685314,0.038501526719946645,0.031392654575739,0.041081841993443835,0.03392312867268481,0.033810245501286404,0.03308549652135951,0.03804930501193444,0.03761908378685314,0.038501526719946645,0.031392654575739,0.041081841993443835,0.0308278966818535,0.03001439681988312,0.03092335206601784,0.025732572569123924,0.03479732038450168,0.029462618710517034,0.027350164490575424,0.027980944828675053,0.0308278966818535,0.03001439681988312,0.03092335206601784,0.025732572569123924,0.03479732038450168,0.029462618710517034,0.027350164490575424,0.027980944828675053,0.0308278966818535,0.03001439681988312,0.03092335206601784,0.025732572569123924,0.03479732038450168,0.029462618710517034,0.027350164490575424,0.027980944828675053,0.025097789071093512,0.03136732475977863,0.024218537933334245,0.0253615437396939,0.018132502984189818,0.027069409575279563,0.024954145111417535,0.026464407263559173,0.02481944520447928,0.03185656107065401,0.03026786029591172,0.028973737846168825,0.019761075023582566,0.03158013638954344,0.026567294310538867,0.02762225841128975,0.02481944520447928,0.03185656107065401,0.03026786029591172,0.028973737846168825,0.019761075023582566,0.03158013638954344,0.026567294310538867,0.02762225841128975
0.042359320291641994,0.05631406539082732,0.050544767171203965,0.04940009648647287,0.03907162555850008,0.035366791382208766,0.03663732997436108,0.03999003387233499,0.042359320291641994,0.05631406539082732,0.050544767171203965,0.04940009648647287,0.03907162555850008,0.035366791382208766,0.03663732997436108,0.03999003387233499,0.042359320291641994,0.05631406539082732,0.050544767171203965,0.04940009648647287,0.03907162555850008,0.035366791382208766,0.03663732997436108,0.03999003387233499,0.025293984132724795,0.03451476834000984,0.02999862711152983,0.03509258219735221,0.02267349258921461,0.035569866547660096,0.01813926853903775,0.016367070654582514,0.025293984132724795,0.03451476834000984,0.02999862711152983,0.03509258219735221,0.02267349258921461,0.035569866547660096,0.01813926853903775,0.016367070654582514,0.025293984132724795,0.03451476834000984,0.02999862711152983,0.03509258219735221,0.02267349258921461,0.035569866547660096,0.01813926853903775,0.016367070654582514,0.03285661931576566,0.03625978807548067,0.030686010641999512,0.04982923381431515,0.029080893710386132,0.031002056713657355,0.03402040663472542,0.04391682844532626,0.024195515109428505,0.03780404873195168,0.02128589296289766,0.022258070656533246,0.027900214699788487,0.030895941645908143,0.02419929266844229,0.030025120716488097,0.024195515109428505,0.03780404873195168,0.02128589296289766,0.022258070656533246,0.027900214699788487,0.030895941645908143,0.02419929266844229,0.030025120716488097
0.047889529235843546,0.05424387178899668,0.0541210639070152,0.055689703930112994,0.06390760211481775,0.05444028964630678,0.052347520669440636,0.06703095864990259,0.047889529235843546,0.05424387178899668,0.0541210639070152,0.055689703930112994,0.06390760211481775,0.05444028964630678,0.052347520669440636,0.06703095864990259,0.047889529235843546,0.05424387178899668,0.0541210639070152,0.055689703930112994,0.06390760211481775,0.05444028964630678,0.052347520669440636,0.06703095864990259,0.061792479610591006,0.05745259159837119,0.06109645282606706,0.062392683591727026,0.05258065331888485,0.0684200471792393,0.06477269622785645,0.06549622855140567,0.061792479610591006,0.05745259159837119,0.06109645282606706,0.062392683591727026,0.05258065331888485,0.0684200471792393,0.06477269622785645,0.06549622855140567,0.061792479610591006,0.05745259159837119,0.06109645282606706,0.062392683591727026,0.05258065331888485,0.0684200471792393,0.06477269622785645,0.06549622855140567,0.06529936447430905,0.0776120445984224,0.0753882457113721,0.06651643833982332,0.07117918261747548,0.05439479937206566,0.06281832263040389,0.0739380522074937,0.061202887069578174,0.07172993155366923,0.05877633890758564,0.06670623077610927,0.08407189911599934,0.056433171590095504,0.07338736555696328,0.053064718681259906,0.061202887069578174,0.07172993155366923,0.05877633890758564,0.06670623077610927,0.08407189911599934,0.056433171590095504,0.07338736555696328,0.053064718681259906
0.04598600184574509,0.04545544460455845,0.04482023563392472,0.04229855325130511,0.04925956625879775,0.04630464621409832,0.04233626618084341,0.04631311939045151,0.04598600184574509,0.04545544460455845,0.04482023563392472,0.04229855325130511,0.04925956625879775,0.04630464621409832,0.04233626618084341,0.04631311939045151,0.04598600184574509,0.04545544460455845,0.04482023563392472,0.04229855325130511,0.04925956625879775,0.04630464621409832,0.04233626618084341,0.04631311939045151,0.04746619348441883,0.04736346594074619,0.045769124339985715,0.04387070017988921,0.04212586519743415,0.03868984035691673,0.04788539170460206,0.043382134838528486,0.04746619348441883,0.04736346594074619,0.045769124339985715,0.04387070017988921,0.04212586519743415,0.03868984035691673,0.04788539170460206,0.043382134838528486,0.04746619348441883,0.04736346594074619,0.045769124339985715,0.04387070017988921,0.04212586519743415,0.03868984035691673,0.04788539170460206,0.043382134838528486,0.05279211806213679,0.0487408468622637,0.04968617726813329,0.052275240538360315,0.04819531800332336,0.0498413140648494,0.045713919606402004,0.0457583090150044,0.051293960540205,0.04633683796733975,0.04683595200295901,0.053938842273534834,0.04505299621771876,0.04511824652009749,0.0415963917941616,0.05261877221763211,0.051293960540205,0.04633683796733975,0.04683595200295901,0.053938842273534834,0.04505299621771876,0.04511824652009749,0.0415963917941616,0.05261877221763211
0.011274453791307221,0.01253924251365503,0.010204808752547544,0.010945119651477377,0.012271854749999046,0.01272742537038502,0.010651639231697457,0.011950216440474271,0.011274453791307221,0.01253924251365503,0.010204808752547544,0.010945119651477377,0.012271854749999046,0.01272742537038502,0.010651639231697457,0.011950216440474271,0.011274453791307221,0.01253924251365503,0.010204808752547544,0.010945119651477377,0.012271854749999046,0.01272742537038502,0.010651639231697457,0.011950216440474271,0.009435938497627916,0.00956847509646813,0.009849652008871489,0.008270219690409326,0.018698595483376095,0.013158220238571489,0.01205884732632781,0.009423348288393951,0.009435938497627916,0.00956847509646813,0.009849652008871489,0.008270219690409326,0.018698595483376095,0.013158220238571489,0.01205884732632781,0.009423348288393951,0.009435938497627916,0.00956847509646813,0.009849652008871489,0.008270219690409326,0.018698595483376095,0.013158220238571489,0.01205884732632781,0.009423348288393951,0.01012025681044039,0.009943740478899262,0.01347479977593183,0.013139682929038948,0.017437456320928364,0.00881109896800914,0.013760118297057007,0.013349996762782312,0.008303170225657302,0.011457436779652528,0.01629949241279524,0.01329926657992672,0.015654417580501626,0.010402227156536688,0.014222957472299442,0.013559981424735194,0.008303170225657302,0.011457436779652528,0.01629949241279524,0.01329926657992672,0.015654417580501626,0.010402227156536688,0.014222957472299442,0.013559981424735194
0.013244173395924699,0.011508310523048834,0.013058124643953518,0.013316149451765718,0.017012664775759034,0.019301778534869522,0.016294239241730662,0.015767737699907833,0.013244173395924699,0.011508310523048834,0.013058124643953518,0.013316149451765718,0.017012664775759034,0.019301778534869522,0.016294239241730662,0.015767737699907833,0.013244173395924699,0.011508310523048834,0.013058124643953518,0.013316149451765718,0.017012664775759034,0.019301778534869522,0.016294239241730662,0.015767737699907833,0.020212431879293915,0.012617573089185322,0.010652831467454993,0.014648549960455772,0.027954668094963612,0.023253264268363123,0.01634459365944228,0.019447168288629767,0.020212431879293915,0.012617573089185322,0.010652831467454993,0.014648549960455772,0.027954668094963612,0.023253264268363123,0.01634459365944228,0.019447168288629767,0.020212431879293915,0.012617573089185322,0.010652831467454993,0.014648549960455772,0.027954668094963612,0.023253264268363123,0.01634459365944228,0.019447168288629767,0.020871334449780333,0.01596207114414429,0.023756961824538368,0.0176818367680609,0.027930011230313682,0.025636800982348957,0.021096583392505527,0.03132705242675539,0.016573957291216492,0.01751608013420363,0.01757148277406661,0.02082392090843496,0.023062579914667324,0.01987432953622559,0.016244729426736486,0.04333011570431348,0.016573957291216492,0.01751608013420363,0.01757148277406661,0.02082392090843496,0.023062579914667324,0.01987432953622559,0.016244729426736486,0.04333011570431348
0.0389907395301964,0.036635074161607904,0.03600414971788101,0.036250019122092594,0.03934504993021731,0.04110035428446396,0.041912468352364535,0.0370371584106977,0.0389907395301964,0.036635074161607904,0.03600414971788101,0.036250019122092594,0.03934504993021731,0.04110035428446396,0.041912468352364535,0.0370371584106977,0.0389907395301964,0.036635074161607904,0.03600414971788101,0.036250019122092594,0.03934504993021731,0.04110035428446396,0.041912468352364535,0.0370371584106977,0.04016312429519576,0.04175637871403046,0.04033367693719447,0.03958066824644119,0.042486644940150566,0.04255654174515458,0.04447083359905282,0.04304393494271746,0.04016312429519576,0.04175637871403046,0.04033367693719447,0.03958066824644119,0.042486644940150566,0.04255654174515458,0.04447083359905282,0.04304393494271746,0.04016312429519576,0.04175637871403046,0.04033367693719447,0.03958066824644119,0.042486644940150566,0.04255654174515458,0.04447083359905282,0.04304393494271746,0.04649808529785593,0.0496393444325072,0.04546001544753967,0.04483609654058205,0.052160804723799414,0.05321455060131336,0.04338625002141406,0.05392903813278862,0.04588521750903516,0.04623356467750197,0.04483576448086726,0.046645833081517096,0.049807480974479734,0.04406929006820986,0.051738205806696407,0.04967349982906444,0.04588521750903516,0.04623356467750197,0.04483576448086726,0.046645833081517096,0.049807480974479734,0.04406929006820986,0.051738205806696407,0.04967349982906444
0.025225444819051313,0.027328296982199116,0.029773746421604033,0.03038109258643259,0.03585820254194605,0.03462667224770157,0.03668266387109483,0.0457483149601897,0.025225444819051313,0.027328296982199116,0.029773746421604033,0.03038109258643259,0.03585820254194605,0.03462667224770157,0.03668266387109483,0.0457483149601897,0.025225444819051313,0.027328296982199116,0.029773746421604033,0.03038109258643259,0.03585820254194605,0.03462667224770157,0.03668266387109483,0.0457483149601897,0.03942654004261801,0.03310789215936632,0.028156644205751095,0.027974668782565406,0.03464716278653506,0.03935742422438689,0.02947690700428994,0.022029660409659448,0.03942654004261801,0.03310789215936632,0.028156644205751095,0.027974668782565406,0.03464716278653506,0.03935742422438689,0.02947690700428994,0.022029660409659448,0.03942654004261801,0.03310789215936632,0.028156644205751095,0.027974668782565406,0.03464716278653506,0.03935742422438689,0.02947690700428994,0.022029660409659448,0.03135596381452064,0.029148398211706148,0.020549291687960193,0.015167577063442255,0.02087558690582965,0.01955558784401077,0.029081436541354488,0.01293721165699311,0.027027435695174663,0.031955846798960366,0.01769607742331082,0.015170222944729911,0.02787985607843517,0.018677273796586364,0.03172040000386285,0.023793438626902766,0.027027435695174663,0.031955846798960366,0.01769607742331082,0.015170222944729911,0.02787985607843517,0.018677273796586364,0.03172040000386285,0.023793438626902766
0.020160482030675234,0.020698487470329003,0.0201586510490494,0.022369884379751594,0.022292733236997455,0.02189157581275206,0.02232276064969789,0.03054202653517708,0.020160482030675234,0.020698487470329003,0.0201586510490494,0.022369884379751594,0.022292733236997455,0.02189157581275206,0.02232276064969789,0.03054202653517708,0.020160482030675234,0.020698487470329003,0.0201586510490494,0.022369884379751594,0.022292733236997455,0.02189157581275206,0.02232276064969789,0.03054202653517708,0.01903941746977001,0.02173683737848363,0.02207168434386716,0.02007419862376378,0.034110375384506196,0.034766422558312166,0.02075131686414503,0.017165626207396433,0.01903941746977001,0.02173683737848363,0.02207168434386716,0.02007419862376378,0.034110375384506196,0.034766422558312166,0.02075131686414503,0.017165626207396433,0.01903941746977001,0.02173683737848363,0.02207168434386716,0.02007419862376378,0.034110375384506196,0.034766422558312166,0.02075131686414503,0.017165626207396433,0.01640092746665857,0.018983303235289174,0.02415295093849692,0.01588702546070901,0.021873042510440678,0.018883874432055928,0.03674769635433526,0.013508780799165692,0.019829363467623762,0.023414087198507284,0.022097782677445863,0.01991560848639263,0.02979301302252395,0.023745104307653832,0.019074328323412226,0.025704462933789606,0.019829363467623762,0.023414087198507284,0.022097782677445863,0.01991560848639263,0.02979301302252395,0.023745104307653832,0.019074328323412226,0.025704462933789606
0.00912878429207256,0.0087544133031617,0.010207954472636175,0.009308858432463566,0.0143132879801381,0.012256801143148633,0.017350332331073397,0.010373504362543891,0.00912878429207256,0.0087544133031617,0.010207954472636175,0.009308858432463566,0.0143132879801381,0.012256801143148633,0.017350332331073397,0.010373504362543891,0.00912878429207256,0.0087544133031617,0.010207954472636175,0.009308858432463566,0.0143132879801381,0.012256801143148633,0.017350332331073397,0.010373504362543891,0.007314914628304655,0.005128303971854484,0.007198380571769609,0.010290575005841128,0.018475745839655566,0.006604994729475927,0.009718560797972847,0.00565982410220495,0.007314914628304655,0.005128303971854484,0.007198380571769609,0.010290575005841128,0.018475745839655566,0.006604994729475927,0.009718560797972847,0.00565982410220495,0.007314914628304655,0.005128303971854484,0.007198380571769609,0.010290575005841128,0.018475745839655566,0.006604994729475927,0.009718560797972847,0.00565982410220495,0.008141897927853019,0.010986834719497816,0.006669363741976784,0.008741696813348224,0.0100772105258597,0.015234800543710613,0.009206817959643149,0.007845177545128942,0.006007812439788549,0.010091513013013094,0.00821906400202211,0.010741996394539521,0.018403987304807544,0.017038664347272938,0.005588750502335236,0.003912977647314003,0.006007812439788549,0.010091513013013094,0.00821906400202211,0.010741996394539521,0.018403987304807544,0.017038664347272938,0.005588750502335236,0.003912977647314003
0.06512971977063907,0.06650309339188258,0.061033240926004546,0.06640722374571822,0.07072249627201323,0.06720623098381338,0.06495614009485366,0.07031869079179652,0.06512971977063907,0.06650309339188258,0.061033240926004546,0.06640722374571822,0.07072249627201323,0.06720623098381338,0.06495614009485366,0.07031869079179652,0.06512971977063907,0.06650309339188258,0.061033240926004546,0.06640722374571822,0.07072249627201323,0.06720623098381338,0.06495614009485366,0.07031869079179652,0.06668824237574618,0.06445531362670615,0.06214835350500578,0.06243227651706418,0.07401309529771583,0.06477554209194764,0.06766723646912481,0.07168993905973448,0.06668824237574618,0.06445531362670615,0.06214835350500578,0.06243227651706418,0.07401309529771583,0.06477554209194764,0.06766723646912481,0.07168993905973448,0.06668824237574618,0.06445531362670615,0.06214835350500578,0.06243227651706418,0.07401309529771583,0.06477554209194764,0.06766723646912481,0.07168993905973448,0.07013250257968567,0.0688088817573989,0.058354446150957855,0.06602170076263215,0.07773926501340535,0.06964371669895027,0.08645495862967399,0.05360843997406515,0.07068709936532344,0.06909776494711718,0.060147970590231005,0.06390012304939253,0.08509807607756041,0.08483417794293788,0.05694242746418823,0.06598319459020231,0.07068709936532344,0.06909776494711718,0.060147970590231005,0.06390012304939253,0.08509807607756041,0.08483417794293788,0.05694242746418823,0.06598319459020231
0.008914601532946103,0.00926225725942756,0.008980160407900908,0.007574223935212053,0.005520182327967681,0.0030920211924180424,0.006200143978373858,0.008188001951669827,0.008914601532946103,0.00926225725942756,0.008980160407900908,0.007574223935212053,0.005520182327967681,0.0030920211924180424,0.006200143978373858,0.008188001951669827,0.008914601532946103,0.00926225725942756,0.008980160407900908,0.007574223935212053,0.005520182327967681,0.0030920211924180424,0.006200143978373858,0.008188001951669827,0.005440687906952835,0.0045953526460896415,0.007525906190675197,0.00499619571052925,0.0028778671661405628,0.00338021244913114,0.006973918938056195,0.004079774550887324,0.005440687906952835,0.0045953526460896415,0.007525906190675197,0.00499619571052925,0.0028778671661405628,0.00338021244913114,0.006973918938056195,0.004079774550887324,0.005440687906952835,0.0045953526460896415,0.007525906190675197,0.00499619571052925,0.0028778671661405628,0.00338021244913114,0.006973918938056195,0.004079774550887324,0.00560718375105482,0.003533816142890607,0.0028040611254797664,0.002007874629933771,0.005114272910669114,0.003307823172141218,0.003407362075499412,0.0034330924212919904,0.0037417152568052234,0.002466152770899853,0.0029030080612452167,0.0019790930081883843,0.007231262629783157,0.006900334303567973,0.003493023446597138,0.0030482856608268203,0.0037417152568052234,0.002466152770899853,0.0029030080612452167,0.0019790930081883843,0.007231262629783157,0.006900334303567973,0.003493023446597138,0.0030482856608268203
0.025948435262369483,0.023027239702806204,0.027517971201962567,0.02596413146350118,0.029286804824782735,0.028010868420068797,0.029609045647193792,0.026163899997036555,0.025948435262369483,0.023027239702806204,0.027517971201962567,0.02596413146350118,0.029286804824782735,0.028010868420068797,0.029609045647193792,0.026163899997036555,0.025948435262369483,0.023027239702806204,0.027517971201962567,0.02596413146350118,0.029286804824782735,0.028010868420068797,0.029609045647193792,0.026163899997036555,0.04393181226923284,0.04533102857734414,0.03170652650975854,0.03509461008935636,0.04970573624505509,0.04624386520195119,0.0371790138703048,0.04089610447395746,0.04393181226923284,0.04533102857734414,0.03170652650975854,0.03509461008935636,0.04970573624505509,0.04624386520195119,0.0371790138703048,0.04089610447395746,0.04393181226923284,0.04533102857734414,0.03170652650975854,0.03509461008935636,0.04970573624505509,0.04624386520195119,0.0371790138703048,0.04089610447395746,0.04643697741225205,0.0473847809468603,0.04588207484858681,0.04090033340594098,0.05609133370305378,0.07267714742169962,0.06296144300114245,0.06800773240182634,0.04566816156525907,0.047208831899200464,0.040340192651575034,0.04177222485715459,0.05714776432913227,0.07426991809565296,0.05171094509445371,0.05462856638443612,0.04566816156525907,0.047208831899200464,0.040340192651575034,0.04177222485715459,0.05714776432913227,0.07426991809565296,0.05171094509445371,0.05462856638443612
0.006112424690604206,0.0044084032966036244,0.005495284127925578,0.005013651187157948,0.010868502678749118,0.005543253035450921,0.006552802619395172,0.007935251344024478,0.006112424690604206,0.0044084032966036244,0.005495284127925578,0.005013651187157948,0.010868502678749118,0.005543253035450921,0.006552802619395172,0.007935251344024478,0.006112424690604206,0.0044084032966036244,0.005495284127925578,0.005013651187157948,0.010868502678749118,0.005543253035450921,0.006552802619395172,0.007935251344024478,0.009269271876154988,0.009276106488376522,0.009582300060974255,0.010738295076515273,0.014891448142723068,0.01825226536957878,0.025532068822786663,0.019493629359141423,0.009269271876154988,0.009276106488376522,0.009582300060974255,0.010738295076515273,0.014891448142723068,0.01825226536957878,0.025532068822786663,0.019493629359141423,0.009269271876154988,0.009276106488376522,0.009582300060974255,0.010738295076515273,0.014891448142723068,0.01825226536957878,0.025532068822786663,0.019493629359141423,0.017976573296383865,0.0176035199742768,0.018261924547528074,0.01627919183787515,0.03217013915379589,0.05271704326044514,0.023238378317571064,0.031357246275539714,0.017079140514066088,0.021406573781506427,0.02192536140331065,0.021533439898435355,0.0234297112869346,0.05223861255561428,0.02868190892536599,0.04155219234716512,0.017079140514066088,0.021406573781506427,0.02192536140331065,0.021533439898435355,0.0234297112869346,0.05223861255561428,0.02868190892536599,0.04155219234716512
0.11679982271192105,0.11126792902809567,0.11934992411066475,0.1121380020167113,0.1324849891876494,0.10961274298058962,0.12288757574339539,0.12295510711541091,0.11679982271192105,0.11126792902809567,0.11934992411066475,0.1121380020167113,0.1324849891876494,0.10961274298058962,0.12288757574339539,0.12295510711541091,0.11679982271192105,0.11126792902809567,0.11934992411066475,0.1121380020167113,0.1324849891876494,0.10961274298058962,0.12288757574339539,0.12295510711541091,0.13012159659538244,0.1210995452848504,0.13274051562439595,0.14800524608106352,0.14504696048834606,0.13193648150357795,0.13408140073008967,0.15139075310340175,0.13012159659538244,0.1210995452848504,0.13274051562439595,0.14800524608106352,0.14504696048834606,0.13193648150357795,0.13408140073008967,0.15139075310340175,0.13012159659538244,0.1210995452848504,0.13274051562439595,0.14800524608106352,0.14504696048834606,0.13193648150357795,0.13408140073008967,0.15139075310340175,0.14137299397681818,0.15013941538386485,0.16649933745798093,0.1507288895961947,0.1676017904152227,0.15311393496704664,0.13928766663846553,0.1406497930166146,0.1580722036787211,0.14607578821472292,0.1647334358644811,0.15173890906895993,0.14264901274285843,0.16979278715186585,0.12971540802738288,0.1112747706840934,0.1580722036787211,0.14607578821472292,0.1647334358644811,0.15173890906895993,0.14264901274285843,0.16979278715186585,0.12971540802738288,0.1112747706840934
0.005154170420832602,0.005116309311602798,0.0051648088931714785,0.006167861410621211,0.003170628126691334,0.0042883699895301585,0.004920477006217239,0.00561247663843872,0.005154170420832602,0.005116309311602798,0.0051648088931714785,0.006167861410621211,0.003170628126691334,0.0042883699895301585,0.004920477006217239,0.00561247663843872,0.005154170420832602,0.005116309311602798,0.0051648088931714785,0.006167861410621211,0.003170628126691334,0.0042883699895301585,0.004920477006217239,0.00561247663843872,0.0031993938444322585,0.004350992633042707,0.005613551743842859,0.006495761006386631,0.0039573518954243185,0.0021330629025355587,0.002210389898337432,0.004034284887952342,0.0031993938444322585,0.004350992633042707,0.005613551743842859,0.006495761006386631,0.0039573518954243185,0.0021330629025355587,0.002210389898337432,0.004034284887952342,0.0031993938444322585,0.004350992633042707,0.005613551743842859,0.006495761006386631,0.0039573518954243185,0.0021330629025355587,0.002210389898337432,0.004034284887952342,0.002739404504884742,0.0016036227218308302,0.0028164489753200145,0.0045081312555865505,0.0036218409892769636,0.003153484069436279,0.005385839083732393,0.0034222966090412953,0.0027550072484409847,0.0019757418710546855,0.0025041230996479995,0.003164854385029456,0.0036566136555987168,0.004692308698937915,0.004361834613657059,0.0020688539050045863,0.0027550072484409847,0.0019757418710546855,0.0025041230996479995,0.003164854385029456,0.0036566136555987168,0.004692308698937915,0.004361834613657059,0.0020688539050045863
0.0023049206370854857,0.003714042308074189,0.002562459665244951,0.0036286446820744493,0.003786571371968993,0.002912052569953348,0.0032782546513021728,0.0028859739468156064,0.0023049206370854857,0.003714042308074189,0.002562459665244951,0.0036286446820744493,0.003786571371968993,0.002912052569953348,0.0032782546513021728,0.0028859739468156064,0.0023049206370854857,0.003714042308074189,0.002562459665244951,0.0036286446820744493,0.003786571371968993,0.002912052569953348,0.0032782546513021728,0.0028859739468156064,0.0012847658694001667,0.001735196146525411,0.0015866922807532627,0.0020916435586370978,0.0045938479556916064,0.005294020182437846,0.005523306851597304,0.008874128410679782,0.0012847658694001667,0.001735196146525411,0.0015866922807532627,0.0020916435586370978,0.0045938479556916064,0.005294020182437846,0.005523306851597304,0.008874128410679782,0.0012847658694001667,0.001735196146525411,0.0015866922807532627,0.0020916435586370978,0.0045938479556916064,0.005294020182437846,0.005523306851597304,0.008874128410679782,0.002645319350779139,0.0028160048604435202,0.0029252741608118416,0.00522522485009328,0.0037352365521698557,0.013111479305771124,0.004035204949539447,0.008407066104319467,0.002791286631751272,0.0031265919101249157,0.003095207780128216,0.00397711660204052,0.007616371000190488,0.012068143570902525,0.006358632181855873,0.011508913226672838,0.002791286631751272,0.0031265919101249157,0.003095207780128216,0.00397711660204052,0.007616371000190488,0.012068143570902525,0.006358632181855873,0.011508913226672838
0.006960054620046441,0.007431449688582303,0.004840655233510837,0.007819211487186213,0.005858044388537051,0.006805846098116842,0.007720552526253559,0.004531499856444476,0.006960054620046441,0.007431449688582303,0.004840655233510837,0.007819211487186213,0.005858044388537051,0.006805846098116842,0.007720552526253559,0.004531499856444476,0.006960054620046441,0.007431449688582303,0.004840655233510837,0.007819211487186213,0.005858044388537051,0.006805846098116842,0.007720552526253559,0.004531499856444476,0.005353561011615243,0.004225413183493072,0.00446266769750733,0.005809830604045571,0.006669304711998687,0.008492235924869387,0.0058704403176403205,0.005017314223622277,0.005353561011615243,0.004225413183493072,0.00446266769750733,0.005809830604045571,0.006669304711998687,0.008492235924869387,0.0058704403176403205,0.005017314223622277,0.005353561011615243,0.004225413183493072,0.00446266769750733,0.005809830604045571,0.006669304711998687,0.008492235924869387,0.0058704403176403205,0.005017314223622277,0.0029132755741822602,0.0036914959263943713,0.0025434786967651448,0.0035606896596209405,0.0067311718588125785,0.005879709984445045,0.0029685191498602247,0.011114506450910095,0.0035838739669378987,0.002549911086018404,0.002428937126799927,0.0029161406832729515,0.005942780994470067,0.007164630565898681,0.005188080903644669,0.007645865544362901,0.0035838739669378987,0.002549911086018404,0.002428937126799927,0.0029161406832729515,0.005942780994470067,0.007164630565898681,0.005188080903644669,0.007645865544362901
0.009742649458859073,0.007982514209717425,0.011204643589566144,0.010038363739022805,0.006618109727421458,0.007158473286354761,0.008025733908408451,0.007685981853633338,0.009742649458859073,0.007982514209717425,0.011204643589566144,0.010038363739022805,0.006618109727421458,0.007158473286354761,0.008025733908408451,0.007685981853633338,0.009742649458859073,0.007982514209717425,0.011204643589566144,0.010038363739022805,0.006618109727421458,0.007158473286354761,0.008025733908408451,0.007685981853633338,0.007585534533902012,0.005841797240098618,0.007962917847834271,0.006967212858228447,0.0042805445810798785,0.005264627685179007,0.005550738805829922,0.003003855553935643,0.007585534533902012,0.005841797240098618,0.007962917847834271,0.006967212858228447,0.0042805445810798785,0.005264627685179007,0.005550738805829922,0.003003855553935643,0.007585534533902012,0.005841797240098618,0.007962917847834271,0.006967212858228447,0.0042805445810798785,0.005264627685179007,0.005550738805829922,0.003003855553935643,0.005637363709504191,0.007672809237692934,0.004850571431513473,0.0067519422231737255,0.004238384839791149,0.0073937405458496,0.002934559863654056,0.004750421063326516,0.006171848308866883,0.006233657844907886,0.004715660766697835,0.00620734206001564,0.004707459542530749,0.0034380141326519533,0.0028554151388469283,0.004185191107051144,0.006171848308866883,0.006233657844907886,0.004715660766697835,0.00620734206001564,0.004707459542530749,0.0034380141326519533,0.0028554151388469283,0.004185191107051144
0.047230828863613385,0.04847843189127674,0.04829050594389547,0.05003662505723172,0.042819087156313135,0.05020047743760791,0.044958912488428565,0.046009790484415496,0.047230828863613385,0.04847843189127674,0.04829050594389547,0.05003662505723172,0.042819087156313135,0.05020047743760791,0.044958912488428565,0.046009790484415496,0.047230828863613385,0.04847843189127674,0.04829050594389547,0.05003662505723172,0.042819087156313135,0.05020047743760791,0.044958912488428565,0.046009790484415496,0.0439472812592659,0.045586900290389455,0.04442781355520491,0.04555535372976067,0.0477198217460965,0.051554943888585524,0.04409336168491248,0.04970641778686471,0.0439472812592659,0.045586900290389455,0.04442781355520491,0.04555535372976067,0.0477198217460965,0.051554943888585524,0.04409336168491248,0.04970641778686471,0.0439472812592659,0.045586900290389455,0.04442781355520491,0.04555535372976067,0.0477198217460965,0.051554943888585524,0.04409336168491248,0.04970641778686471,0.04428071878661518,0.04869018982187598,0.04627726775089535,0.04506949234192008,0.040876869518906664,0.038768593668706414,0.03774756141269941,0.047723663540509415,0.04462246078500712,0.04278439403713107,0.04393890296328463,0.04454521099307567,0.043907346190376305,0.049854654941183574,0.037960005300438616,0.042693847957695624,0.04462246078500712,0.04278439403713107,0.04393890296328463,0.04454521099307567,0.043907346190376305,0.049854654941183574,0.037960005300438616,0.042693847957695624
0.029275947940757607,0.031842122329523506,0.02936406230582911,0.029338226195560348,0.025984387875015356,0.03579882620121174,0.02954743548269785,0.03139876599526754,0.029275947940757607,0.031842122329523506,0.02936406230582911,0.029338226195560348,0.025984387875015356,0.03579882620121174,0.02954743548269785,0.03139876599526754,0.029275947940757607,0.031842122329523506,0.02936406230582911,0.029338226195560348,0.025984387875015356,0.03579882620121174,0.02954743548269785,0.03139876599526754,0.025624175278186404,0.02551691224082162,0.028044020662843318,0.028081705260757154,0.02280327022980137,0.015870732710948552,0.023801533090948648,0.022941567848589733,0.025624175278186404,0.02551691224082162,0.028044020662843318,0.028081705260757154,0.02280327022980137,0.015870732710948552,0.023801533090948648,0.022941567848589733,0.025624175278186404,0.02551691224082162,0.028044020662843318,0.028081705260757154,0.02280327022980137,0.015870732710948552,0.023801533090948648,0.022941567848589733,0.021336996835576556,0.020197800078920494,0.018919089689692817,0.014445987907815937,0.01573455031748788,0.01855569013971036,0.015858335573487155,0.01762854244584579,0.02187842373077946,0.021312593615938673,0.021077840409183948,0.01787348286726064,0.02602003276185811,0.014136468742830428,0.01607919119028422,0.017273856588013094,0.02187842373077946,0.021312593615938673,0.021077840409183948,0.01787348286726064,0.02602003276185811,0.014136468742830428,0.01607919119028422,0.017273856588013094
0.059657923014864424,0.0628455620786199,0.06307050455201403,0.06381912898538401,0.060436620618635535,0.06336013901937378,0.06441845814873404,0.06420999315409397,0.059657923014864424,0.0628455620786199,0.06307050455201403,0.06381912898538401,0.060436620618635535,0.06336013901937378,0.06441845814873404,0.06420999315409397,0.059657923014864424,0.0628455620786199,0.06307050455201403,0.06381912898538401,0.060436620618635535,0.06336013901937378,0.06441845814873404,0.06420999315409397,0.06326704968377007,0.06262223565845441,0.061544168051530894,0.07158801900881488,0.08316896811669787,0.07059902714063429,0.0678940118630003,0.07836965700641936,0.06326704968377007,0.06262223565845441,0.061544168051530894,0.07158801900881488,0.08316896811669787,0.07059902714063429,0.0678940118630003,0.07836965700641936,0.06326704968377007,0.06262223565845441,0.061544168051530894,0.07158801900881488,0.08316896811669787,0.07059902714063429,0.0678940118630003,0.07836965700641936,0.07602584892801299,0.06536937207138542,0.07072734841392805,0.06999872276818177,0.07349683486390865,0.047403420119578744,0.07559120956206028,0.08056506134974745,0.07600813444471023,0.07370749015792431,0.07611549528471424,0.07387931833035057,0.0803758715504491,0.06359159961055084,0.09571794379850933,0.09994348001767299,0.07600813444471023,0.07370749015792431,0.07611549528471424,0.07387931833035057,0.0803758715504491,0.06359159961055084,0.09571794379850933,0.09994348001767299
0.028819925066485813,0.030396655952388673,0.02907961859431389,0.031069091724144588,0.028991851140066253,0.03113134139713893,0.028326953490566062,0.029267428416214925,0.028819925066485813,0.030396655952388673,0.02907961859431389,0.031069091724144588,0.028991851140066253,0.03113134139713893,0.028326953490566062,0.029267428416214925,0.028819925066485813,0.030396655952388673,0.02907961859431389,0.031069091724144588,0.028991851140066253,0.03113134139713893,0.028326953490566062,0.029267428416214925,0.02407308431327304,0.025651721912107225,0.02361485839118618,0.026605653442948574,0.029259313134490008,0.02624472063378047,0.024747802688411657,0.025459500693182813,0.02407308431327304,0.025651721912107225,0.02361485839118618,0.026605653442948574,0.029259313134490008,0.02624472063378047,0.024747802688411657,0.025459500693182813,0.02407308431327304,0.025651721912107225,0.02361485839118618,0.026605653442948574,0.029259313134490008,0.02624472063378047,0.024747802688411657,0.025459500693182813,0.020694922678923477,0.023490813847546702,0.02480968353259259,0.0235737020199038,0.02914438950027813,0.02191687097120069,0.026566147359594675,0.021104186221259646,0.022491271684650455,0.022826703463893056,0.02480124886010086,0.02395592323677463,0.028846484342027204,0.017823982711138806,0.02148288015366275,0.01953950723197165,0.022491271684650455,0.022826703463893056,0.02480124886010086,0.02395592323677463,0.028846484342027204,0.017823982711138806,0.02148288015366275,0.01953950723197165
0.03303634432923125,0.03257341802225199,0.031393828093160124,0.03228518299311371,0.030744346972905807,0.03092526789898283,0.03028698549522395,0.03043892706346016,0.03303634432923125,0.03257341802225199,0.031393828093160124,0.03228518299311371,0.030744346972905807,0.03092526789898283,0.03028698549522395,0.03043892706346016,0.03303634432923125,0.03257341802225199,0.031393828093160124,0.03228518299311371,0.030744346972905807,0.03092526789898283,0.03028698549522395,0.03043892706346016,0.03299815239700255,0.03300905275150146,0.03245713227937529,0.031508828268873,0.0355644759169694,0.03371912434953587,0.03172266323019081,0.029561922383677,0.03299815239700255,0.03300905275150146,0.03245713227937529,0.031508828268873,0.0355644759169694,0.03371912434953587,0.03172266323019081,0.029561922383677,0.03299815239700255,0.03300905275150146,0.03245713227937529,0.031508828268873,0.0355644759169694,0.03371912434953587,0.03172266323019081,0.029561922383677,0.03210399293547688,0.030115468267474774,0.03189549900985134,0.02924703678844935,0.03249579785834902,0.02854222297963428,0.029485963145940375,0.03706588537244818,0.034643086264703915,0.02975647913822391,0.030862021068670198,0.030028899688517238,0.027268781670230502,0.038603259177691855,0.028987492712557596,0.039372979274861115,0.034643086264703915,0.02975647913822391,0.030862021068670198,0.030028899688517238,0.027268781670230502,0.038603259177691855,0.028987492712557596,0.039372979274861115
0.018625416067077523,0.02020421319202833,0.021248823934532812,0.019364717265186442,0.021947570378720197,0.019768252242921905,0.020064370815397643,0.02372681838791019,0.018625416067077523,0.02020421319202833,0.021248823934532812,0.019364717265186442,0.021947570378720197,0.019768252242921905,0.020064370815397643,0.02372681838791019,0.018625416067077523,0.02020421319202833,0.021248823934532812,0.019364717265186442,0.021947570378720197,0.019768252242921905,0.020064370815397643,0.02372681838791019,0.01917176707547843,0.02102840229450165,0.0189687200839657,0.019961342640674166,0.018949582925158182,0.01713149168628042,0.01862733494087647,0.019676255784239857,0.01917176707547843,0.02102840229450165,0.0189687200839657,0.019961342640674166,0.018949582925158182,0.01713149168628042,0.01862733494087647,0.019676255784239857,0.01917176707547843,0.02102840229450165,0.0189687200839657,0.019961342640674166,0.018949582925158182,0.01713149168628042,0.01862733494087647,0.019676255784239857,0.017633995573793294,0.01952676111576435,0.018654083664106345,0.018832210880708355,0.019124060048014747,0.019608087815679336,0.02114278089167834,0.015296194328703163,0.018439470691241952,0.019955557410808195,0.018572881583541676,0.01872694283900354,0.016911591020840465,0.015766399270637547,0.020543068486003735,0.017579154669637546,0.018439470691241952,0.019955557410808195,0.018572881583541676,0.01872694283900354,0.016911591020840465,0.015766399270637547,0.020543068486003735,0.017579154669637546
0.02396620878050255,0.027340585106028825,0.024470519483009722,0.024084049344370934,0.026630108982666444,0.026196183054336974,0.02553111919729324,0.024312549639898023,0.02396620878050255,0.027340585106028825,0.024470519483009722,0.024084049344370934,0.026630108982666444,0.026196183054336974,0.02553111919729324,0.024312549639898023,0.02396620878050255,0.027340585106028825,0.024470519483009722,0.024084049344370934,0.026630108982666444,0.026196183054336974,0.02553111919729324,0.024312549639898023,0.027369049770698314,0.02540074896005777,0.027611919424378906,0.027673023196613824,0.027891032888381784,0.022390136112988356,0.0298749002048557,0.028260414227909623,0.027369049770698314,0.02540074896005777,0.027611919424378906,0.027673023196613824,0.027891032888381784,0.022390136112988356,0.0298749002048557,0.028260414227909623,0.027369049770698314,0.02540074896005777,0.027611919424378906,0.027673023196613824,0.027891032888381784,0.022390136112988356,0.0298749002048557,0.028260414227909623,0.025025964137292245,0.029819505338985003,0.026919131477072495,0.03019981043136602,0.027890151131276016,0.03322327998104345,0.024391440001885367,0.03217772982596876,0.02519115361889505,0.030297792842707977,0.029054750583203986,0.02911500473146461,0.028487599813575334,0.029981508385773542,0.026614165309882837,0.03425949193485187,0.02519115361889505,0.030297792842707977,0.029054750583203986,0.02911500473146461,0.028487599813575334,0.029981508385773542,0.026614165309882837,0.03425949193485187
0.12434636279005207,0.13167626896025927,0.11634136102657931,0.13559449627999876,0.15790682847116766,0.13153577815212,0.1208010782072591,0.1294439764445968,0.12434636279005207,0.13167626896025927,0.11634136102657931,0.13559449627999876,0.15790682847116766,0.13153577815212,0.1208010782072591,0.1294439764445968,0.12434636279005207,0.13167626896025927,0.11634136102657931,0.13559449627999876,0.15790682847116766,0.13153577815212,0.1208010782072591,0.1294439764445968,0.13653116800531973,0.1529650268849303,0.12632522754762798,0.1344962216652952,0.1515448006586645,0.12960835371939644,0.11533941884025287,0.13563305453373242,0.13653116800531973,0.1529650268849303,0.12632522754762798,0.1344962216652952,0.1515448006586645,0.12960835371939644,0.11533941884025287,0.13563305453373242,0.13653116800531973,0.1529650268849303,0.12632522754762798,0.1344962216652952,0.1515448006586645,0.12960835371939644,0.11533941884025287,0.13563305453373242,0.1718712691977631,0.17710374032617926,0.13692366043902837,0.13632932721079172,0.13063477954238734,0.13284405889608877,0.13735467380984812,0.15234620205800042,0.14555263056133627,0.17288642914821387,0.13042603366749927,0.13888504885043595,0.1719378667520457,0.1502101622251418,0.12385306492988582,0.19718379549155526,0.14555263056133627,0.17288642914821387,0.13042603366749927,0.13888504885043595,0.1719378667520457,0.1502101622251418,0.12385306492988582,0.19718379549155526
0.0016145454853885655,0.0021043992825327167,0.0015408229784972672,0.0014818477262307083,0.0012896517273363638,0.0011570166688638398,0.001831772670428794,0.0020455989027546224,0.0016145454853885655,0.0021043992825327167,0.0015408229784972672,0.0014818477262307083,0.0012896517273363638,0.0011570166688638398,0.001831772670428794,0.0020455989027546224,0.0016145454853885655,0.0021043992825327167,0.0015408229784972672,0.0014818477262307083,0.0012896517273363638,0.0011570166688638398,0.001831772670428794,0.0020455989027546224,0.0020431115275905977,0.0015811149535643802,0.0018129055253133753,0.002159935631839623,0.0008168593739676981,0.001470852092902029,0.002192961076874987,0.0018594053270363745,0.0020431115275905977,0.0015811149535643802,0.0018129055253133753,0.002159935631839623,0.0008168593739676981,0.001470852092902029,0.002192961076874987,0.0018594053270363745,0.0020431115275905977,0.0015811149535643802,0.0018129055253133753,0.002159935631839623,0.0008168593739676981,0.001470852092902029,0.002192961076874987,0.0018594053270363745,0.001581137826512674,0.001829830457011927,0.002259189688985552,0.002377832719054109,0.0027965652435518007,0.0016911473418868268,0.0020648256290595785,0.004693201409513025,0.0028603558778909073,0.0026978933951639487,0.0030285424750365053,0.002229462605170219,0.0033587388846808165,0.0027891713716289464,0.0036497206929111217,0.0025751401224054075,0.0028603558778909073,0.0026978933951639487,0.0030285424750365053,0.002229462605170219,0.0033587388846808165,0.0027891713716289464,0.0036497206929111217,0.0025751401224054075
0.052553442092736796,0.05166958306420791,0.05188073269722512,0.049580407520635056,0.05551227150316493,0.06030212847100191,0.05689706563381971,0.05589840690521367,0.052553442092736796,0.05166958306420791,0.05188073269722512,0.049580407520635056,0.05551227150316493,0.06030212847100191,0.05689706563381971,0.05589840690521367,0.052553442092736796,0.05166958306420791,0.05188073269722512,0.049580407520635056,0.05551227150316493,0.06030212847100191,0.05689706563381971,0.05589840690521367,0.053377182796036156,0.05715721754064202,0.0566341800870778,0.057573883731498576,0.05009407628994789,0.06625774740363573,0.05605171978768574,0.0629234940665539,0.053377182796036156,0.05715721754064202,0.0566341800870778,0.057573883731498576,0.05009407628994789,0.06625774740363573,0.05605171978768574,0.0629234940665539,0.053377182796036156,0.05715721754064202,0.0566341800870778,0.057573883731498576,0.05009407628994789,0.06625774740363573,0.05605171978768574,0.0629234940665539,0.05338437921546307,0.053926645823962366,0.05605650946051286,0.05563764891988504,0.06947880538756719,0.0381403354054242,0.059323015273206235,0.052167421788650394,0.05476290019806599,0.056657799088779555,0.05889360961114865,0.05463425281647269,0.05368184770869425,0.05355603523885074,0.03755407511683114,0.0484694146435351,0.05476290019806599,0.056657799088779555,0.05889360961114865,0.05463425281647269,0.05368184770869425,0.05355603523885074,0.03755407511683114,0.0484694146435351
0.0023090954038620915,0.0015419345756961245,0.0015761207603828496,0.001698256269250814,0.001441339141135028,0.0013570555873877333,0.0019643283453619296,0.001744412481229283,0.0023090954038620915,0.0015419345756961245,0.0015761207603828496,0.001698256269250814,0.001441339141135028,0.0013570555873877333,0.0019643283453619296,0.001744412481229283,0.0023090954038620915,0.0015419345756961245,0.0015761207603828496,0.001698256269250814,0.001441339141135028,0.0013570555873877333,0.0019643283453619296,0.001744412481229283,0.0023499550064234325,0.0020417312030201204,0.0012864748002894258,0.0014045038541800477,0.0030445062698150178,0.001574846057047373,0.0032545017638701914,0.0017394824932172998,0.0023499550064234325,0.0020417312030201204,0.0012864748002894258,0.0014045038541800477,0.0030445062698150178,0.001574846057047373,0.0032545017638701914,0.0017394824932172998,0.0023499550064234325,0.0020417312030201204,0.0012864748002894258,0.0014045038541800477,0.0030445062698150178,0.001574846057047373,0.0032545017638701914,0.0017394824932172998,0.0020991950908300873,0.0018200200622665614,0.0023241601030685954,0.0016416549136834928,0.0021212310899488616,0.0016057056484614354,0.002425134216134653,0.0013974375771967538,0.002046198201612862,0.0016110504200332904,0.003076745834001867,0.002110999022166054,0.0020306927881505164,0.003077799931216365,0.00215003064403776,0.002053594337102425,0.002046198201612862,0.0016110504200332904,0.003076745834001867,0.002110999022166054,0.0020306927881505164,0.003077799931216365,0.00215003064403776,0.002053594337102425
0.0009577405736628787,0.0012156061471991215,0.0008524436899380656,0.0012152444750365631,0.0014299620838000762,0.0013060137700577005,0.0007225179757326303,0.0012021996054343215,0.0009577405736628787,0.0012156061471991215,0.0008524436899380656,0.0012152444750365631,0.0014299620838000762,0.0013060137700577005,0.0007225179757326303,0.0012021996054343215,0.0009577405736628787,0.0012156061471991215,0.0008524436899380656,0.0012152444750365631,0.0014299620838000762,0.0013060137700577005,0.0007225179757326303,0.0012021996054343215,0.001171616610863716,0.0013149304806791735,0.0015031567402529315,0.0012553521646682163,0.0010850209625475258,0.00263773438470041,0.0015397339671799608,0.0022010010906444917,0.001171616610863716,0.0013149304806791735,0.0015031567402529315,0.0012553521646682163,0.0010850209625475258,0.00263773438470041,0.0015397339671799608,0.0022010010906444917,0.001171616610863716,0.0013149304806791735,0.0015031567402529315,0.0012553521646682163,0.0010850209625475258,0.00263773438470041,0.0015397339671799608,0.0022010010906444917,0.0020528316927170905,0.0010745489395707275,0.0014402153023402784,0.0010218827982317118,0.0012963686600774565,0.001325630747066317,0.0018230678460894832,0.0012537955006560473,0.0014723285105184135,0.0009480799355399749,0.001196424490936287,0.0014472471414537036,0.0011460061511777136,0.0008231167010124114,0.0017588119964589987,0.0015743767936488332,0.0014723285105184135,0.0009480799355399749,0.001196424490936287,0.0014472471414537036,0.0011460061511777136,0.0008231167010124114,0.0017588119964589987,0.0015743767936488332
0.06168584585241543,0.053695586180782226,0.057668075259293475,0.05305795044063543,0.06058086802904364,0.051570461318644664,0.05039228002596342,0.06328007053036519,0.06168584585241543,0.053695586180782226,0.057668075259293475,0.05305795044063543,0.06058086802904364,0.051570461318644664,0.05039228002596342,0.06328007053036519,0.06168584585241543,0.053695586180782226,0.057668075259293475,0.05305795044063543,0.06058086802904364,0.051570461318644664,0.05039228002596342,0.06328007053036519,0.0493995030738561,0.04563542496352775,0.049461328579004156,0.048696288798079676,0.045723139652978334,0.037074961506429006,0.05125054952997574,0.03794111776118169,0.0493995030738561,0.04563542496352775,0.049461328579004156,0.048696288798079676,0.045723139652978334,0.037074961506429006,0.05125054952997574,0.03794111776118169,0.0493995030738561,0.04563542496352775,0.049461328579004156,0.048696288798079676,0.045723139652978334,0.037074961506429006,0.05125054952997574,0.03794111776118169,0.04817219363051239,0.049882928866878756,0.047015609865988434,0.05038187949042261,0.04663030040299871,0.03680458308518341,0.040246835097416646,0.039419821692044624,0.04932440453649985,0.046342313875093126,0.047883381377633934,0.05454331712955959,0.0441706858982343,0.0524203234220097,0.04017881902335011,0.041636616668657034,0.04932440453649985,0.046342313875093126,0.047883381377633934,0.05454331712955959,0.0441706858982343,0.0524203234220097,0.04017881902335011,0.041636616668657034
0.07336703197482518,0.06801924261757955,0.07611362448412998,0.07164280144093078,0.06582076108112235,0.07457338373891421,0.07384154308205837,0.0646853164569901,0.07336703197482518,0.06801924261757955,0.07611362448412998,0.07164280144093078,0.06582076108112235,0.07457338373891421,0.07384154308205837,0.0646853164569901,0.07336703197482518,0.06801924261757955,0.07611362448412998,0.07164280144093078,0.06582076108112235,0.07457338373891421,0.07384154308205837,0.0646853164569901,0.06721326114513088,0.06802743998487326,0.06764877536386375,0.06569462489727232,0.04987223655671687,0.05962107166017006,0.053732857517714595,0.05053192211555295,0.06721326114513088,0.06802743998487326,0.06764877536386375,0.06569462489727232,0.04987223655671687,0.05962107166017006,0.053732857517714595,0.05053192211555295,0.06721326114513088,0.06802743998487326,0.06764877536386375,0.06569462489727232,0.04987223655671687,0.05962107166017006,0.053732857517714595,0.05053192211555295,0.05873567389418433,0.06727958204914214,0.061959998524957524,0.06083965897525761,0.05822371707066525,0.05595025745311034,0.06076602305823561,0.05705783123855737,0.060104618225738655,0.06590194241044975,0.06156534638064448,0.058858791547440975,0.05793052408081311,0.043528812315448105,0.04321330749995737,0.07084706252180209,0.060104618225738655,0.06590194241044975,0.06156534638064448,0.058858791547440975,0.05793052408081311,0.043528812315448105,0.04321330749995737,0.07084706252180209
0.03127245441643555,0.03354765052052369,0.03346640137987856,0.03408651130816399,0.023398217444619965,0.024512226007354896,0.0312972656398855,0.03321816538659808,0.03127245441643555,0.03354765052052369,0.03346640137987856,0.03408651130816399,0.023398217444619965,0.024512226007354896,0.0312972656398855,0.03321816538659808,0.03127245441643555,0.03354765052052369,0.03346640137987856,0.03408651130816399,0.023398217444619965,0.024512226007354896,0.0312972656398855,0.03321816538659808,0.032709947726594725,0.0333550939815499,0.03235041366115292,0.03229954903129106,0.02803862819596316,0.02747154295930566,0.02472570942171384,0.028977744856343378,0.032709947726594725,0.0333550939815499,0.03235041366115292,0.03229954903129106,0.02803862819596316,0.02747154295930566,0.02472570942171384,0.028977744856343378,0.032709947726594725,0.0333550939815499,0.03235041366115292,0.03229954903129106,0.02803862819596316,0.02747154295930566,0.02472570942171384,0.028977744856343378,0.029294313416292603,0.029485949435127935,0.027588418596575147,0.02725756516027222,0.01573113115048416,0.02995880189096448,0.019453418434774824,0.0300351672665912,0.031129891441039302,0.024855162979801917,0.02593680992552391,0.029277462784434757,0.022715943522891306,0.026473905255703256,0.01752581858695511,0.021118850731296525,0.031129891441039302,0.024855162979801917,0.02593680992552391,0.029277462784434757,0.022715943522891306,0.026473905255703256,0.01752581858695511,0.021118850731296525
0.04411243255330156,0.04077963778711381,0.04319796697349222,0.038322884888873046,0.029453519794340476,0.03523787739515559,0.023869981143544515,0.022238610684692763,0.04411243255330156,0.04077963778711381,0.04319796697349222,0.038322884888873046,0.029453519794340476,0.03523787739515559,0.023869981143544515,0.022238610684692763,0.04411243255330156,0.04077963778711381,0.04319796697349222,0.038322884888873046,0.029453519794340476,0.03523787739515559,0.023869981143544515,0.022238610684692763,0.03987340972531605,0.04718177366477978,0.03271240966477798,0.02754210353496562,0.03069227962774037,0.058382846991601046,0.03378567310039281,0.02811113670569207,0.03987340972531605,0.04718177366477978,0.03271240966477798,0.02754210353496562,0.03069227962774037,0.058382846991601046,0.03378567310039281,0.02811113670569207,0.03987340972531605,0.04718177366477978,0.03271240966477798,0.02754210353496562,0.03069227962774037,0.058382846991601046,0.03378567310039281,0.02811113670569207,0.0621632478030423,0.04962849335699834,0.026303276000740228,0.03221000390659653,0.05756502830691666,0.05475274776661422,0.021880002869224282,0.04353721824812859,0.045810422405955,0.04729050391055844,0.03211984498205199,0.0412324530373178,0.07619974199200809,0.04429073504437226,0.028033267308867592,0.055324502683359124,0.045810422405955,0.04729050391055844,0.03211984498205199,0.0412324530373178,0.07619974199200809,0.04429073504437226,0.028033267308867592,0.055324502683359124
0.03515219178215635,0.03737576033994927,0.03702176201722709,0.04413417858929451,0.023807011328452813,0.03068804358549306,0.03657830717478276,0.031173332704246114,0.03515219178215635,0.03737576033994927,0.03702176201722709,0.04413417858929451,0.023807011328452813,0.03068804358549306,0.03657830717478276,0.031173332704246114,0.03515219178215635,0.03737576033994927,0.03702176201722709,0.04413417858929451,0.023807011328452813,0.03068804358549306,0.03657830717478276,0.031173332704246114,0.03911279840432967,0.026826695022740644,0.0465523235690366,0.05222062783070249,0.02195635142807397,0.024528646043954334,0.030257263355134394,0.05025906136731241,0.03911279840432967,0.026826695022740644,0.0465523235690366,0.05222062783070249,0.02195635142807397,0.024528646043954334,0.030257263355134394,0.05025906136731241,0.03911279840432967,0.026826695022740644,0.0465523235690366,0.05222062783070249,0.02195635142807397,0.024528646043954334,0.030257263355134394,0.05025906136731241,0.046451851976152175,0.04195572476092483,0.035815761799047836,0.09179338253980712,0.012183822336834202,0.05422303479535233,0.04552604712776254,0.06425712708540969,0.047179296909852106,0.059725652304287814,0.031389187397549104,0.07508192793269206,0.015081485865390168,0.02983349960192282,0.0634764325040426,0.0489227403053711,0.047179296909852106,0.059725652304287814,0.031389187397549104,0.07508192793269206,0.015081485865390168,0.02983349960192282,0.0634764325040426,0.0489227403053711
0.14128131146941172,0.1489160885057593,0.16224542574512663,0.16755473063818907,0.1314208127072249,0.11209772488866868,0.13771917473690748,0.16193242899639568,0.14128131146941172,0.1489160885057593,0.16224542574512663,0.16755473063818907,0.1314208127072249,0.11209772488866868,0.13771917473690748,0.16193242899639568,0.14128131146941172,0.1489160885057593,0.16224542574512663,0.16755473063818907,0.1314208127072249,0.11209772488866868,0.13771917473690748,0.16193242899639568,0.1471779338873763,0.11666492512472806,0.1342917814004187,0.15020292176374994,0.10038606534632077,0.11322991414915047,0.12900089572802406,0.11843790380856441,0.1471779338873763,0.11666492512472806,0.1342917814004187,0.15020292176374994,0.10038606534632077,0.11322991414915047,0.12900089572802406,0.11843790380856441,0.1471779338873763,0.11666492512472806,0.1342917814004187,0.15020292176374994,0.10038606534632077,0.11322991414915047,0.12900089572802406,0.11843790380856441,0.12022398677685535,0.13025983708484695,0.10544701112016308,0.10078694167812603,0.12181099638994583,0.11686746175672198,0.10211732539321769,0.08055777653119206,0.11164689467611366,0.13372695120510408,0.11603474022130371,0.1232926394012506,0.11726944022768926,0.09774439577847895,0.09198721595422152,0.0935411512017858,0.11164689467611366,0.13372695120510408,0.11603474022130371,0.1232926394012506,0.11726944022768926,0.09774439577847895,0.09198721595422152,0.0935411512017858
0.02139010811506769,0.026198229536996152,0.02973156302287398,0.022028251612733318,0.01752497756178563,0.018590500649782186,0.01670947608924849,0.018461257525286847,0.02139010811506769,0.026198229536996152,0.02973156302287398,0.022028251612733318,0.01752497756178563,0.018590500649782186,0.01670947608924849,0.018461257525286847,0.02139010811506769,0.026198229536996152,0.02973156302287398,0.022028251612733318,0.01752497756178563,0.018590500649782186,0.01670947608924849,0.018461257525286847,0.02695591768270168,0.020280050197017063,0.026175460264643603,0.024463579799032097,0.029814248671517423,0.026598642905414305,0.0401199615652782,0.01875765227039604,0.02695591768270168,0.020280050197017063,0.026175460264643603,0.024463579799032097,0.029814248671517423,0.026598642905414305,0.0401199615652782,0.01875765227039604,0.02695591768270168,0.020280050197017063,0.026175460264643603,0.024463579799032097,0.029814248671517423,0.026598642905414305,0.0401199615652782,0.01875765227039604,0.025319756062599463,0.016503866737991157,0.0233555315894848,0.03084800698525933,0.028185936029189528,0.011755248034187732,0.04059439930141482,0.02744825357266162,0.025155219961735892,0.02010839610944153,0.0357286783470246,0.02829143169244177,0.02906399439701026,0.03835010270322413,0.054594042518404065,0.040345755329499265,0.025155219961735892,0.02010839610944153,0.0357286783470246,0.02829143169244177,0.02906399439701026,0.03835010270322413,0.054594042518404065,0.040345755329499265
0.013276944955171639,0.00838863182954464,0.012092030157174175,0.011018316070511798,0.0072100052978566935,0.003924597316487215,0.010242837269668004,0.009785228587312874,0.013276944955171639,0.00838863182954464,0.012092030157174175,0.011018316070511798,0.0072100052978566935,0.003924597316487215,0.010242837269668004,0.009785228587312874,0.013276944955171639,0.00838863182954464,0.012092030157174175,0.011018316070511798,0.0072100052978566935,0.003924597316487215,0.010242837269668004,0.009785228587312874,0.00850394839262478,0.00696249419391453,0.011386631304094563,0.007979364486207018,0.006361590440934253,0.014036466568605216,0.009290420418919445,0.0064441069583255125,0.00850394839262478,0.00696249419391453,0.011386631304094563,0.007979364486207018,0.006361590440934253,0.014036466568605216,0.009290420418919445,0.0064441069583255125,0.00850394839262478,0.00696249419391453,0.011386631304094563,0.007979364486207018,0.006361590440934253,0.014036466568605216,0.009290420418919445,0.0064441069583255125,0.006509918102078417,0.0035954683768506966,0.006923229899746923,0.008277504785250581,0.011785645916112477,0.0035268419702578066,0.012090795971894452,0.009720262526203153,0.005639380365371125,0.006909644810030878,0.007810091462434725,0.00845383323667331,0.009900008467245088,0.00591628523547922,0.014057356598607856,0.010653712683386631,0.005639380365371125,0.006909644810030878,0.007810091462434725,0.00845383323667331,0.009900008467245088,0.00591628523547922,0.014057356598607856,0.010653712683386631
0.07356536593724,0.07354369127409538,0.06577261358208372,0.07222984864043926,0.06492641986385234,0.05832150594780308,0.06697465509249124,0.05952815621322438,0.07356536593724,0.07354369127409538,0.06577261358208372,0.07222984864043926,0.06492641986385234,0.05832150594780308,0.06697465509249124,0.05952815621322438,0.07356536593724,0.07354369127409538,0.06577261358208372,0.07222984864043926,0.06492641986385234,0.05832150594780308,0.06697465509249124,0.05952815621322438,0.06632017123095237,0.06313754159110412,0.06778583201084705,0.06940006111590574,0.045043511988602646,0.058603225749068226,0.05835396683035432,0.06820526040029287,0.06632017123095237,0.06313754159110412,0.06778583201084705,0.06940006111590574,0.045043511988602646,0.058603225749068226,0.05835396683035432,0.06820526040029287,0.06632017123095237,0.06313754159110412,0.06778583201084705,0.06940006111590574,0.045043511988602646,0.058603225749068226,0.05835396683035432,0.06820526040029287,0.04778125333690228,0.06448850795197156,0.05846327255949121,0.06687559956056638,0.07019383306050073,0.07094943983775691,0.05858504923611885,0.05505051903119487,0.051926519098991375,0.06270966009221746,0.05287890851335289,0.06394630139495504,0.05405085859561415,0.06886152559921246,0.048047962201877834,0.06204020412513086,0.051926519098991375,0.06270966009221746,0.05287890851335289,0.06394630139495504,0.05405085859561415,0.06886152559921246,0.048047962201877834,0.06204020412513086
0.04959944216753336,0.04647057383095647,0.05056254226070305,0.04780821598441621,0.05385398269876673,0.04687593153581307,0.04626132101470644,0.052243907353749945,0.04959944216753336,0.04647057383095647,0.05056254226070305,0.04780821598441621,0.05385398269876673,0.04687593153581307,0.04626132101470644,0.052243907353749945,0.04959944216753336,0.04647057383095647,0.05056254226070305,0.04780821598441621,0.05385398269876673,0.04687593153581307,0.04626132101470644,0.052243907353749945,0.04726152812245723,0.04720998917036556,0.04104169543715686,0.04392184798317373,0.04023030809946577,0.05416894003772241,0.053477427160836304,0.05150389043536812,0.04726152812245723,0.04720998917036556,0.04104169543715686,0.04392184798317373,0.04023030809946577,0.05416894003772241,0.053477427160836304,0.05150389043536812,0.04726152812245723,0.04720998917036556,0.04104169543715686,0.04392184798317373,0.04023030809946577,0.05416894003772241,0.053477427160836304,0.05150389043536812,0.05057785121587728,0.04895703799652254,0.05197713021209887,0.039799481650392994,0.06453897343378096,0.050496595198247556,0.04488881485045088,0.05457271869697551,0.05164914596410481,0.052112296407122956,0.049433992635694035,0.04409997738222431,0.05820765344783065,0.06550771658611844,0.04887621370429885,0.05723716693430959,0.05164914596410481,0.052112296407122956,0.049433992635694035,0.04409997738222431,0.05820765344783065,0.06550771658611844,0.04887621370429885,0.05723716693430959
0.05122332835190915,0.048469848301031064,0.05012283798240111,0.053539005115390385,0.052578956261184584,0.05536715978362319,0.046001259363024787,0.057136668894353135,0.05122332835190915,0.048469848301031064,0.05012283798240111,0.053539005115390385,0.052578956261184584,0.05536715978362319,0.046001259363024787,0.057136668894353135,0.05122332835190915,0.048469848301031064,0.05012283798240111,0.053539005115390385,0.052578956261184584,0.05536715978362319,0.046001259363024787,0.057136668894353135,0.04479037208095999,0.04109926435004094,0.044851913558213816,0.04241499054797164,0.05044630355390372,0.04553025439837761,0.041845112825552484,0.04609898868966229,0.04479037208095999,0.04109926435004094,0.044851913558213816,0.04241499054797164,0.05044630355390372,0.04553025439837761,0.041845112825552484,0.04609898868966229,0.04479037208095999,0.04109926435004094,0.044851913558213816,0.04241499054797164,0.05044630355390372,0.04553025439837761,0.041845112825552484,0.04609898868966229,0.04724341836239034,0.04186350000961982,0.03773062656290549,0.04026741192680627,0.03860686948370833,0.03852560482660789,0.035747016163892406,0.03839488201764197,0.04415075586845318,0.036196932562273666,0.03697214839047359,0.0397312414908942,0.04211887970387602,0.04380083841339504,0.03405013567617365,0.026383376919632027,0.04415075586845318,0.036196932562273666,0.03697214839047359,0.0397312414908942,0.04211887970387602,0.04380083841339504,0.03405013567617365,0.026383376919632027
0.09085303812502236,0.09103288019817982,0.09104626841027082,0.09080462650024869,0.09255524845744391,0.09506409358038076,0.09129869730373609,0.09329608303809249,0.09085303812502236,0.09103288019817982,0.09104626841027082,0.09080462650024869,0.09255524845744391,0.09506409358038076,0.09129869730373609,0.09329608303809249,0.09085303812502236,0.09103288019817982,0.09104626841027082,0.09080462650024869,0.09255524845744391,0.09506409358038076,0.09129869730373609,0.09329608303809249,0.09616950545391843,0.09142386618805863,0.10050166847370719,0.10162000293185089,0.09894038785227259,0.09761651709170209,0.09597458145504617,0.09644821947969368,0.09616950545391843,0.09142386618805863,0.10050166847370719,0.10162000293185089,0.09894038785227259,0.09761651709170209,0.09597458145504617,0.09644821947969368,0.09616950545391843,0.09142386618805863,0.10050166847370719,0.10162000293185089,0.09894038785227259,0.09761651709170209,0.09597458145504617,0.09644821947969368,0.09791436286796648,0.09086231520137279,0.10047724152603245,0.10473282958216273,0.1003358670148987,0.09401294288597058,0.1300469343890878,0.10949935631632991,0.09640077537233943,0.09236627376640315,0.09854539130866961,0.10638109857582427,0.10476498889953455,0.09364349822301082,0.13559334398216014,0.11025906590024066,0.09640077537233943,0.09236627376640315,0.09854539130866961,0.10638109857582427,0.10476498889953455,0.09364349822301082,0.13559334398216014,0.11025906590024066
0.014392162824349781,0.022592380770539818,0.009349859032805703,0.017226660625863057,0.040141079682407994,0.05442688205788741,0.01814586692007933,0.03482646372130515,0.014392162824349781,0.022592380770539818,0.009349859032805703,0.017226660625863057,0.040141079682407994,0.05442688205788741,0.01814586692007933,0.03482646372130515,0.014392162824349781,0.022592380770539818,0.009349859032805703,0.017226660625863057,0.040141079682407994,0.05442688205788741,0.01814586692007933,0.03482646372130515,0.03058800586481484,0.027053702475299157,0.030865182887423483,0.014161615388893371,0.04539173971394784,0.05916786405655882,0.03303961656459909,0.03405316183971296,0.03058800586481484,0.027053702475299157,0.030865182887423483,0.014161615388893371,0.04539173971394784,0.05916786405655882,0.03303961656459909,0.03405316183971296,0.03058800586481484,0.027053702475299157,0.030865182887423483,0.014161615388893371,0.04539173971394784,0.05916786405655882,0.03303961656459909,0.03405316183971296,0.0323628557141789,0.02693611936978455,0.021288775771311625,0.020785709991904853,0.041815040312363085,0.07100528041302777,0.047749223980836523,0.06073383376520522,0.01765700813849395,0.03792286539943343,0.03757131215571641,0.014256843638260004,0.05921407825859731,0.05962829855478325,0.05733010091172415,0.04980346951093164,0.01765700813849395,0.03792286539943343,0.03757131215571641,0.014256843638260004,0.05921407825859731,0.05962829855478325,0.05733010091172415,0.04980346951093164
0.01612419788810543,0.015803151989958533,0.015406073550431736,0.01753837785393156,0.01572197717062926,0.01370134752561015,0.021155563777534237,0.015716332619381677,0.01612419788810543,0.015803151989958533,0.015406073550431736,0.01753837785393156,0.01572197717062926,0.01370134752561015,0.021155563777534237,0.015716332619381677,0.01612419788810543,0.015803151989958533,0.015406073550431736,0.01753837785393156,0.01572197717062926,0.01370134752561015,0.021155563777534237,0.015716332619381677,0.015159422917384598,0.021798116908624543,0.016133553198748016,0.03131927991434388,0.02044178283533224,0.037719971244410434,0.02403059413297837,0.026861511438696584,0.015159422917384598,0.021798116908624543,0.016133553198748016,0.03131927991434388,0.02044178283533224,0.037719971244410434,0.02403059413297837,0.026861511438696584,0.015159422917384598,0.021798116908624543,0.016133553198748016,0.03131927991434388,0.02044178283533224,0.037719971244410434,0.02403059413297837,0.026861511438696584,0.014906538281136842,0.013489168955529027,0.0158712122158453,0.019343975313382788,0.013308524708141645,0.016737844119381406,0.018927068608535297,0.015627320841084317,0.014702954892912047,0.013923101336689848,0.016803845816740152,0.023075286898960684,0.012535596558560028,0.016840842471540114,0.009068942247278904,0.028252884943087423,0.014702954892912047,0.013923101336689848,0.016803845816740152,0.023075286898960684,0.012535596558560028,0.016840842471540114,0.009068942247278904,0.028252884943087423
0.10413069840894805,0.1119228742184471,0.11361684678768608,0.11778021176421753,0.10858345976490809,0.09938331687661965,0.11152181634286822,0.117962369377614,0.10413069840894805,0.1119228742184471,0.11361684678768608,0.11778021176421753,0.10858345976490809,0.09938331687661965,0.11152181634286822,0.117962369377614,0.10413069840894805,0.1119228742184471,0.11361684678768608,0.11778021176421753,0.10858345976490809,0.09938331687661965,0.11152181634286822,0.117962369377614,0.0941005448602124,0.10856487397821686,0.10201428641280087,0.10278717993247095,0.10374905683331666,0.1034582766656467,0.1052358800590475,0.08021201730410606,0.0941005448602124,0.10856487397821686,0.10201428641280087,0.10278717993247095,0.10374905683331666,0.1034582766656467,0.1052358800590475,0.08021201730410606,0.0941005448602124,0.10856487397821686,0.10201428641280087,0.10278717993247095,0.10374905683331666,0.1034582766656467,0.1052358800590475,0.08021201730410606,0.09387392283903455,0.09692376223764387,0.09468292296385822,0.0917595065757519,0.11625186095528876,0.09925588539366492,0.07655073190613745,0.09328088898692749,0.10046298556937318,0.0956336617843664,0.09655678080913271,0.0921860418003449,0.08609644046708996,0.07234714511536804,0.0771525360938167,0.08926629932113782,0.10046298556937318,0.0956336617843664,0.09655678080913271,0.0921860418003449,0.08609644046708996,0.07234714511536804,0.0771525360938167,0.08926629932113782
0.02375603647138261,0.023407280208659162,0.023270090070946953,0.023262437824144402,0.02399907648651585,0.025073066378661354,0.027062483131263748,0.025766811711377857,0.02375603647138261,0.023407280208659162,0.023270090070946953,0.023262437824144402,0.02399907648651585,0.025073066378661354,0.027062483131263748,0.025766811711377857,0.02375603647138261,0.023407280208659162,0.023270090070946953,0.023262437824144402,0.02399907648651585,0.025073066378661354,0.027062483131263748,0.025766811711377857,0.024876173394088777,0.026455385478878,0.02557482196090215,0.025018333551793583,0.02110882767472436,0.0265233974839529,0.023829494635832102,0.025589238522665845,0.024876173394088777,0.026455385478878,0.02557482196090215,0.025018333551793583,0.02110882767472436,0.0265233974839529,0.023829494635832102,0.025589238522665845,0.024876173394088777,0.026455385478878,0.02557482196090215,0.025018333551793583,0.02110882767472436,0.0265233974839529,0.023829494635832102,0.025589238522665845,0.025986452131826474,0.028677454473303762,0.027311695024158308,0.027153901727929766,0.03101503251335294,0.03205434576085472,0.031934497371646026,0.029157695564860944,0.02697470828377914,0.031707592156661864,0.029549835780769654,0.02757214941744227,0.028372167884505056,0.032284085699995156,0.03192900071785439,0.03322250100980058,0.02697470828377914,0.031707592156661864,0.029549835780769654,0.02757214941744227,0.028372167884505056,0.032284085699995156,0.03192900071785439,0.03322250100980058
0.01617174090376233,0.017025152586610998,0.01803545870192745,0.020013558060032483,0.014624742379679312,0.015383595812564425,0.016909452210725026,0.015308158929276686,0.01617174090376233,0.017025152586610998,0.01803545870192745,0.020013558060032483,0.014624742379679312,0.015383595812564425,0.016909452210725026,0.015308158929276686,0.01617174090376233,0.017025152586610998,0.01803545870192745,0.020013558060032483,0.014624742379679312,0.015383595812564425,0.016909452210725026,0.015308158929276686,0.015755136999068903,0.014302471559707375,0.02081475338064143,0.019546077145017188,0.01846926185319323,0.013547627250782865,0.013079989762132677,0.018136806505250597,0.015755136999068903,0.014302471559707375,0.02081475338064143,0.019546077145017188,0.01846926185319323,0.013547627250782865,0.013079989762132677,0.018136806505250597,0.015755136999068903,0.014302471559707375,0.02081475338064143,0.019546077145017188,0.01846926185319323,0.013547627250782865,0.013079989762132677,0.018136806505250597,0.011815912188331078,0.016864165163142396,0.01614584500383663,0.018416601211360826,0.017871991200912596,0.024165243804333814,0.015238963271661125,0.016762014977548815,0.012094936809048162,0.017939678869447966,0.013479938477099843,0.01924696680624317,0.014331174376617448,0.02052204763337515,0.01703933503535336,0.019290843857364938,0.012094936809048162,0.017939678869447966,0.013479938477099843,0.01924696680624317,0.014331174376617448,0.02052204763337515,0.01703933503535336,0.019290843857364938
0.07086602130482818,0.07432513575880972,0.07626109589707693,0.0775975666488594,0.07783529801718757,0.08121577517701575,0.0718126264505434,0.07469186337921477,0.07086602130482818,0.07432513575880972,0.07626109589707693,0.0775975666488594,0.07783529801718757,0.08121577517701575,0.0718126264505434,0.07469186337921477,0.07086602130482818,0.07432513575880972,0.07626109589707693,0.0775975666488594,0.07783529801718757,0.08121577517701575,0.0718126264505434,0.07469186337921477,0.08008704061137696,0.07317163942753417,0.07978466952888763,0.08045797537588534,0.08350351783231852,0.09685145563386267,0.09542387403366391,0.07825327861351486,0.08008704061137696,0.07317163942753417,0.07978466952888763,0.08045797537588534,0.08350351783231852,0.09685145563386267,0.09542387403366391,0.07825327861351486,0.08008704061137696,0.07317163942753417,0.07978466952888763,0.08045797537588534,0.08350351783231852,0.09685145563386267,0.09542387403366391,0.07825327861351486,0.07692277452102882,0.06903480005262323,0.08215800101328931,0.07985852243571748,0.0784357360121305,0.08980526459202552,0.08565790885709239,0.07265999783160594,0.07520205427734747,0.07294511636598884,0.08380267402577866,0.081409103366179,0.08446177010468292,0.09597663763570197,0.0909812217452919,0.0889965986219895,0.07520205427734747,0.07294511636598884,0.08380267402577866,0.081409103366179,0.08446177010468292,0.09597663763570197,0.0909812217452919,0.0889965986219895
0.07915085229193065,0.07833014813903219,0.07926181593157672,0.0747769204182207,0.07669746625536869,0.07599725751845003,0.07530483875548147,0.07061940330823548,0.07915085229193065,0.07833014813903219,0.07926181593157672,0.0747769204182207,0.07669746625536869,0.07599725751845003,0.07530483875548147,0.07061940330823548,0.07915085229193065,0.07833014813903219,0.07926181593157672,0.0747769204182207,0.07669746625536869,0.07599725751845003,0.07530483875548147,0.07061940330823548,0.08071841404411324,0.07829724977419045,0.08065787323359219,0.08108651121935496,0.07883355658298902,0.07539291505080813,0.07586296139279226,0.07449019538717433,0.08071841404411324,0.07829724977419045,0.08065787323359219,0.08108651121935496,0.07883355658298902,0.07539291505080813,0.07586296139279226,0.07449019538717433,0.08071841404411324,0.07829724977419045,0.08065787323359219,0.08108651121935496,0.07883355658298902,0.07539291505080813,0.07586296139279226,0.07449019538717433,0.0853451695681879,0.08260810558934645,0.08222597267667053,0.09232500756768616,0.10789396619898817,0.09374157792755261,0.08352742754973752,0.08885598295178297,0.08489875656564881,0.08100052587288874,0.09025519097637434,0.09277430638468644,0.09227781624011194,0.11656201441452282,0.08595196518936259,0.10353422443374041,0.08489875656564881,0.08100052587288874,0.09025519097637434,0.09277430638468644,0.09227781624011194,0.11656201441452282,0.08595196518936259,0.10353422443374041
0.015574108866257201,0.017300769870641528,0.015126551081378017,0.015268683408620934,0.014161242685374891,0.013144177095629676,0.015242670109118268,0.013739889806219594,0.015574108866257201,0.017300769870641528,0.015126551081378017,0.015268683408620934,0.014161242685374891,0.013144177095629676,0.015242670109118268,0.013739889806219594,0.015574108866257201,0.017300769870641528,0.015126551081378017,0.015268683408620934,0.014161242685374891,0.013144177095629676,0.015242670109118268,0.013739889806219594,0.015239334154099995,0.01345083811981211,0.017280048280184167,0.013486636181330747,0.014381192414349098,0.0167319300613448,0.012592118916148512,0.015276108756569456,0.015239334154099995,0.01345083811981211,0.017280048280184167,0.013486636181330747,0.014381192414349098,0.0167319300613448,0.012592118916148512,0.015276108756569456,0.015239334154099995,0.01345083811981211,0.017280048280184167,0.013486636181330747,0.014381192414349098,0.0167319300613448,0.012592118916148512,0.015276108756569456,0.012214803889622225,0.011212351213184047,0.014237140381582006,0.01150209259324453,0.012360097103142826,0.012492909196204188,0.01576907635123628,0.010050687495016272,0.014566132608751144,0.01566967507113183,0.013043606011967093,0.012534824140807593,0.005598696487610064,0.008922863754782373,0.010092648843495278,0.01456188850593087,0.014566132608751144,0.01566967507113183,0.013043606011967093,0.012534824140807593,0.005598696487610064,0.008922863754782373,0.010092648843495278,0.01456188850593087
0.015709827698357246,0.013046650986975418,0.01302379941136724,0.01266326470695637,0.013605023194498468,0.013731177178059701,0.013444416738807557,0.012706878303039076,0.015709827698357246,0.013046650986975418,0.01302379941136724,0.01266326470695637,0.013605023194498468,0.013731177178059701,0.013444416738807557,0.012706878303039076,0.015709827698357246,0.013046650986975418,0.01302379941136724,0.01266326470695637,0.013605023194498468,0.013731177178059701,0.013444416738807557,0.012706878303039076,0.015535264053644212,0.014201067532016838,0.015544144034943627,0.011455010486676466,0.01393551801661972,0.015368502217865817,0.015602319281593459,0.014593758628419636,0.015535264053644212,0.014201067532016838,0.015544144034943627,0.011455010486676466,0.01393551801661972,0.015368502217865817,0.015602319281593459,0.014593758628419636,0.015535264053644212,0.014201067532016838,0.015544144034943627,0.011455010486676466,0.01393551801661972,0.015368502217865817,0.015602319281593459,0.014593758628419636,0.01464263882517916,0.0183005305974259,0.014599129740044953,0.017459252422323945,0.017773982986672664,0.027040135073043457,0.017827326716335423,0.016900501772358707,0.017411067472081352,0.016062678817647332,0.013656135912733715,0.0184802146104199,0.015467508013435752,0.01719063415416411,0.012864697156739853,0.016236073934915968,0.017411067472081352,0.016062678817647332,0.013656135912733715,0.0184802146104199,0.015467508013435752,0.01719063415416411,0.012864697156739853,0.016236073934915968
0.1031924645390105,0.11068307423681539,0.10173321098465567,0.10669974201902371,0.10848336125262366,0.10614393394779366,0.10649839817877078,0.11228564812776025,0.1031924645390105,0.11068307423681539,0.10173321098465567,0.10669974201902371,0.10848336125262366,0.10614393394779366,0.10649839817877078,0.11228564812776025,0.1031924645390105,0.11068307423681539,0.10173321098465567,0.10669974201902371,0.10848336125262366,0.10614393394779366,0.10649839817877078,0.11228564812776025,0.10992384371117823,0.11122274177490281,0.10930454772824366,0.10914201061329874,0.10446470641598428,0.1007524041484066,0.10841555945458331,0.1052311379001465,0.10992384371117823,0.11122274177490281,0.10930454772824366,0.10914201061329874,0.10446470641598428,0.1007524041484066,0.10841555945458331,0.1052311379001465,0.10992384371117823,0.11122274177490281,0.10930454772824366,0.10914201061329874,0.10446470641598428,0.1007524041484066,0.10841555945458331,0.1052311379001465,0.1107567301221195,0.10747865443320477,0.10747585779854413,0.11986693116827192,0.12982905331586098,0.11142936325396308,0.102524114953295,0.11222321423186281,0.11564703096051182,0.10665634934411916,0.1057587107607665,0.11907822270991437,0.11907086005288492,0.10878910094886568,0.1096906390027194,0.10272265278955774,0.11564703096051182,0.10665634934411916,0.1057587107607665,0.11907822270991437,0.11907086005288492,0.10878910094886568,0.1096906390027194,0.10272265278955774
0.01574834631563007,0.01826018774065709,0.015788450201737945,0.017633048618124203,0.019724787240304267,0.019552284832913082,0.020889797244902527,0.01985948079575752,0.01574834631563007,0.01826018774065709,0.015788450201737945,0.017633048618124203,0.019724787240304267,0.019552284832913082,0.020889797244902527,0.01985948079575752,0.01574834631563007,0.01826018774065709,0.015788450201737945,0.017633048618124203,0.019724787240304267,0.019552284832913082,0.020889797244902527,0.01985948079575752,0.018359636318711424,0.019511201750936163,0.019336568471834775,0.021705399740114317,0.020959927048501876,0.02149925925178372,0.018189295430652255,0.020100422096393237,0.018359636318711424,0.019511201750936163,0.019336568471834775,0.021705399740114317,0.020959927048501876,0.02149925925178372,0.018189295430652255,0.020100422096393237,0.018359636318711424,0.019511201750936163,0.019336568471834775,0.021705399740114317,0.020959927048501876,0.02149925925178372,0.018189295430652255,0.020100422096393237,0.019601361979641827,0.020196439032904336,0.02056929139264968,0.02087716724568905,0.018682158242568653,0.016477904357972948,0.013738588934879123,0.01548038634687242,0.018524265246750313,0.02252551922099114,0.02104820081175605,0.020974956227273602,0.012471290322899658,0.023102386544883526,0.01993736070353175,0.01927618051707071,0.018524265246750313,0.02252551922099114,0.02104820081175605,0.020974956227273602,0.012471290322899658,0.023102386544883526,0.01993736070353175,0.01927618051707071
0.027539300833199866,0.03437621283505026,0.03005194016959525,0.032986656964173564,0.025368917809030524,0.03444230800167106,0.027369341869754378,0.02827416877170251,0.027539300833199866,0.03437621283505026,0.03005194016959525,0.032986656964173564,0.025368917809030524,0.03444230800167106,0.027369341869754378,0.02827416877170251,0.027539300833199866,0.03437621283505026,0.03005194016959525,0.032986656964173564,0.025368917809030524,0.03444230800167106,0.027369341869754378,0.02827416877170251,0.02694995955884099,0.02736378454439176,0.023850697810840465,0.025660933228967744,0.025563535753881397,0.027852556997700523,0.020583369665492107,0.024061688437114998,0.02694995955884099,0.02736378454439176,0.023850697810840465,0.025660933228967744,0.025563535753881397,0.027852556997700523,0.020583369665492107,0.024061688437114998,0.02694995955884099,0.02736378454439176,0.023850697810840465,0.025660933228967744,0.025563535753881397,0.027852556997700523,0.020583369665492107,0.024061688437114998,0.027779308811633922,0.029680032574749306,0.023887592146603374,0.024645810564954667,0.018968140278157738,0.0197587244448353,0.019276918292872845,0.023417515768590264,0.02513163368309754,0.028360836927759318,0.024936577094879547,0.025015375508297164,0.02240913712492528,0.023449365080955263,0.01954586695260772,0.023156868046680275,0.02513163368309754,0.028360836927759318,0.024936577094879547,0.025015375508297164,0.02240913712492528,0.023449365080955263,0.01954586695260772,0.023156868046680275
0.01976098715787949,0.017653339774044288,0.01918397876659275,0.017191074338098144,0.020164255000129343,0.018087318332005976,0.018451907868806686,0.016793245702029273,0.01976098715787949,0.017653339774044288,0.01918397876659275,0.017191074338098144,0.020164255000129343,0.018087318332005976,0.018451907868806686,0.016793245702029273,0.01976098715787949,0.017653339774044288,0.01918397876659275,0.017191074338098144,0.020164255000129343,0.018087318332005976,0.018451907868806686,0.016793245702029273,0.01611978206978166,0.015098087576060269,0.01756535327371087,0.014910197062846452,0.014631885790876174,0.014247249656456186,0.016083236753814276,0.01581466365298981,0.01611978206978166,0.015098087576060269,0.01756535327371087,0.014910197062846452,0.014631885790876174,0.014247249656456186,0.016083236753814276,0.01581466365298981,0.01611978206978166,0.015098087576060269,0.01756535327371087,0.014910197062846452,0.014631885790876174,0.014247249656456186,0.016083236753814276,0.01581466365298981,0.01642276783849055,0.015452195343793088,0.015439456815200557,0.01712158704146883,0.01607221685124023,0.019679708628074215,0.0157520081310284,0.017051276909388645,0.015308625711871573,0.01582199313944536,0.015430518156359844,0.017317518763013705,0.016403748825274074,0.022039329362343055,0.016664628498223474,0.01728361453632208,0.015308625711871573,0.01582199313944536,0.015430518156359844,0.017317518763013705,0.016403748825274074,0.022039329362343055,0.016664628498223474,0.01728361453632208
0.023414430810771183,0.022950434317547157,0.022545511353413022,0.02300592686633108,0.02125971448621404,0.021416983656397166,0.021932897365292896,0.02147676449848992,0.023414430810771183,0.022950434317547157,0.022545511353413022,0.02300592686633108,0.02125971448621404,0.021416983656397166,0.021932897365292896,0.02147676449848992,0.023414430810771183,0.022950434317547157,0.022545511353413022,0.02300592686633108,0.02125971448621404,0.021416983656397166,0.021932897365292896,0.02147676449848992,0.020216090582106407,0.022610866218034546,0.018394674457215755,0.021948919278745364,0.02128732274551589,0.02280396557758282,0.017298577249808465,0.022150545665675578,0.020216090582106407,0.022610866218034546,0.018394674457215755,0.021948919278745364,0.02128732274551589,0.02280396557758282,0.017298577249808465,0.022150545665675578,0.020216090582106407,0.022610866218034546,0.018394674457215755,0.021948919278745364,0.02128732274551589,0.02280396557758282,0.017298577249808465,0.022150545665675578,0.020096882097073446,0.02170134357184221,0.020375095776876073,0.02034091347962497,0.020923779313087844,0.020137949337099188,0.02349140589412946,0.022494978805596106,0.02184656566727128,0.02174929446070858,0.02072164182462937,0.022573550747742702,0.021893987596984393,0.021553898338993127,0.019102762518277874,0.020890733764263317,0.02184656566727128,0.02174929446070858,0.02072164182462937,0.022573550747742702,0.021893987596984393,0.021553898338993127,0.019102762518277874,0.020890733764263317
0.019867432651165653,0.021710195433442568,0.020943761306966305,0.022204741728969187,0.02197393108490283,0.021883327045628072,0.020469653014635804,0.020767921816424253,0.019867432651165653,0.021710195433442568,0.020943761306966305,0.022204741728969187,0.02197393108490283,0.021883327045628072,0.020469653014635804,0.020767921816424253,0.019867432651165653,0.021710195433442568,0.020943761306966305,0.022204741728969187,0.02197393108490283,0.021883327045628072,0.020469653014635804,0.020767921816424253,0.01598318852994605,0.019926779797429465,0.017964326948043615,0.02254628695917425,0.02169818888318679,0.023440445133730725,0.020184074083616214,0.01971134978015021,0.01598318852994605,0.019926779797429465,0.017964326948043615,0.02254628695917425,0.02169818888318679,0.023440445133730725,0.020184074083616214,0.01971134978015021,0.01598318852994605,0.019926779797429465,0.017964326948043615,0.02254628695917425,0.02169818888318679,0.023440445133730725,0.020184074083616214,0.01971134978015021,0.018226270561244578,0.019522531268358782,0.016285834194327085,0.020729482639195884,0.021440818554379997,0.022509198797191522,0.02092610835794582,0.019988608101698127,0.017212106006628657,0.01767408555163125,0.01673434038534383,0.02088884719033018,0.024490306149030933,0.026889434915774092,0.019727760526121615,0.021486892188655272,0.017212106006628657,0.01767408555163125,0.01673434038534383,0.02088884719033018,0.024490306149030933,0.026889434915774092,0.019727760526121615,0.021486892188655272
0.022124804215348366,0.024249729961605078,0.0246202872335979,0.025688947162983346,0.0249540830756218,0.024557839915100903,0.021579260934943594,0.022545713731081208,0.022124804215348366,0.024249729961605078,0.0246202872335979,0.025688947162983346,0.0249540830756218,0.024557839915100903,0.021579260934943594,0.022545713731081208,0.022124804215348366,0.024249729961605078,0.0246202872335979,0.025688947162983346,0.0249540830756218,0.024557839915100903,0.021579260934943594,0.022545713731081208,0.02220929824103074,0.023957844388617762,0.02313269603933834,0.02302618714730763,0.023905336340388394,0.021313081700921447,0.021157502250719603,0.019479393918542375,0.02220929824103074,0.023957844388617762,0.02313269603933834,0.02302618714730763,0.023905336340388394,0.021313081700921447,0.021157502250719603,0.019479393918542375,0.02220929824103074,0.023957844388617762,0.02313269603933834,0.02302618714730763,0.023905336340388394,0.021313081700921447,0.021157502250719603,0.019479393918542375,0.022683683072280414,0.021170568044908494,0.023087372249639936,0.021646634599699437,0.02098085846252629,0.02721804504768052,0.01987584694111998,0.020132292985370615,0.022013791749990068,0.021288734818240035,0.023332612388284355,0.021453418801572487,0.023713514810735976,0.024599312269657548,0.019599782078187,0.018511047914786045,0.022013791749990068,0.021288734818240035,0.023332612388284355,0.021453418801572487,0.023713514810735976,0.024599312269657548,0.019599782078187,0.018511047914786045
0.038784641918313996,0.034795986231276936,0.04258357849380839,0.037568751437762136,0.04044485600276338,0.04163498939985744,0.03768420533926942,0.034721999704159394,0.038784641918313996,0.034795986231276936,0.04258357849380839,0.037568751437762136,0.04044485600276338,0.04163498939985744,0.03768420533926942,0.034721999704159394,0.038784641918313996,0.034795986231276936,0.04258357849380839,0.037568751437762136,0.04044485600276338,0.04163498939985744,0.03768420533926942,0.034721999704159394,0.03803567507457641,0.03775826366608785,0.039515782673145275,0.03922959582588904,0.035466535039081294,0.04101549328669007,0.039291130256215084,0.04490786993252594,0.03803567507457641,0.03775826366608785,0.039515782673145275,0.03922959582588904,0.035466535039081294,0.04101549328669007,0.039291130256215084,0.04490786993252594,0.03803567507457641,0.03775826366608785,0.039515782673145275,0.03922959582588904,0.035466535039081294,0.04101549328669007,0.039291130256215084,0.04490786993252594,0.03939926538933968,0.0388947376552889,0.04104349741153227,0.03950653252163974,0.03720986923974521,0.047852987854800424,0.03952128506126578,0.03890992513358074,0.039103963861376254,0.03623039913843659,0.04236775469459959,0.038863272179719695,0.03915153511125383,0.04186449127866046,0.03973951245368722,0.04107855348233122,0.039103963861376254,0.03623039913843659,0.04236775469459959,0.038863272179719695,0.03915153511125383,0.04186449127866046,0.03973951245368722,0.04107855348233122
0.016705059560326804,0.01733728752647236,0.018059855373575493,0.01855963762572208,0.01707992023976486,0.01749131933819023,0.016615412812836433,0.01830085254971334,0.016705059560326804,0.01733728752647236,0.018059855373575493,0.01855963762572208,0.01707992023976486,0.01749131933819023,0.016615412812836433,0.01830085254971334,0.016705059560326804,0.01733728752647236,0.018059855373575493,0.01855963762572208,0.01707992023976486,0.01749131933819023,0.016615412812836433,0.01830085254971334,0.01788903846170637,0.016580907347644096,0.01810129076104443,0.01845283891465967,0.020438743212963958,0.019768426199342694,0.01784046706252567,0.017066653508088343,0.01788903846170637,0.016580907347644096,0.01810129076104443,0.01845283891465967,0.020438743212963958,0.019768426199342694,0.01784046706252567,0.017066653508088343,0.01788903846170637,0.016580907347644096,0.01810129076104443,0.01845283891465967,0.020438743212963958,0.019768426199342694,0.01784046706252567,0.017066653508088343,0.019821975145977215,0.017555442561305167,0.021009308575091153,0.01891026279591906,0.02246673477814319,0.023854475324989202,0.0188683633707711,0.02430193707713716,0.019732362665448012,0.01903417129346274,0.021063096737994277,0.018513798677551294,0.017249115155464165,0.01689984966619533,0.01959010756985931,0.0250391362427375,0.019732362665448012,0.01903417129346274,0.021063096737994277,0.018513798677551294,0.017249115155464165,0.01689984966619533,0.01959010756985931,0.0250391362427375
0.08186813910068044,0.0866418786955511,0.08245747572312374,0.09145867560847255,0.09676001674574718,0.08379156344898435,0.09798025516500998,0.08011014589411634,0.08186813910068044,0.0866418786955511,0.08245747572312374,0.09145867560847255,0.09676001674574718,0.08379156344898435,0.09798025516500998,0.08011014589411634,0.08186813910068044,0.0866418786955511,0.08245747572312374,0.09145867560847255,0.09676001674574718,0.08379156344898435,0.09798025516500998,0.08011014589411634,0.0889750243876302,0.10201962323718013,0.08985843987346623,0.09082217467892745,0.08366863990933997,0.12178765960655956,0.08321818721867914,0.06878892201973408,0.0889750243876302,0.10201962323718013,0.08985843987346623,0.09082217467892745,0.08366863990933997,0.12178765960655956,0.08321818721867914,0.06878892201973408,0.0889750243876302,0.10201962323718013,0.08985843987346623,0.09082217467892745,0.08366863990933997,0.12178765960655956,0.08321818721867914,0.06878892201973408,0.09026083987764685,0.08751495092461821,0.08483762379288041,0.07472701208065848,0.11256529027742093,0.11693679485370856,0.0803044271493926,0.08397354500590973,0.08836372184372779,0.0954661326556284,0.08069916720692959,0.07757398312525839,0.11081061517837446,0.09816637927219383,0.08880577732547915,0.08671663372763733,0.08836372184372779,0.0954661326556284,0.08069916720692959,0.07757398312525839,0.11081061517837446,0.09816637927219383,0.08880577732547915,0.08671663372763733
0.02440377057377609,0.025017474916934877,0.02370449553265079,0.0263644049203047,0.02644714059372863,0.02772545143773401,0.026468981169848128,0.02745078268799481,0.02440377057377609,0.025017474916934877,0.02370449553265079,0.0263644049203047,0.02644714059372863,0.02772545143773401,0.026468981169848128,0.02745078268799481,0.02440377057377609,0.025017474916934877,0.02370449553265079,0.0263644049203047,0.02644714059372863,0.02772545143773401,0.026468981169848128,0.02745078268799481,0.022865176333984962,0.028675858797745743,0.020690384421535358,0.02666787734303697,0.025653632989940948,0.023808285037953205,0.021762732886067074,0.026295244139621265,0.022865176333984962,0.028675858797745743,0.020690384421535358,0.02666787734303697,0.025653632989940948,0.023808285037953205,0.021762732886067074,0.026295244139621265,0.022865176333984962,0.028675858797745743,0.020690384421535358,0.02666787734303697,0.025653632989940948,0.023808285037953205,0.021762732886067074,0.026295244139621265,0.023169800688324606,0.02204228497236256,0.020966432229771497,0.02172178884292925,0.018395284526540264,0.02349913719329685,0.018137974537051585,0.022918194811660426,0.02103705198703772,0.02180500472674413,0.020529270791871317,0.022333764688200083,0.019279954143535356,0.023430946402481053,0.014465300148959248,0.021341712440461322,0.02103705198703772,0.02180500472674413,0.020529270791871317,0.022333764688200083,0.019279954143535356,0.023430946402481053,0.014465300148959248,0.021341712440461322
0.09156094411344473,0.09556535868987896,0.09387118451660055,0.10008494667213103,0.08939025621388963,0.09124789247477653,0.09030642071253024,0.09711596347449754,0.09156094411344473,0.09556535868987896,0.09387118451660055,0.10008494667213103,0.08939025621388963,0.09124789247477653,0.09030642071253024,0.09711596347449754,0.09156094411344473,0.09556535868987896,0.09387118451660055,0.10008494667213103,0.08939025621388963,0.09124789247477653,0.09030642071253024,0.09711596347449754,0.09097515532630952,0.09672248046702742,0.09120310781640127,0.09636382164368551,0.09388623052497824,0.09708386736366277,0.08899358146661297,0.09597349128476139,0.09097515532630952,0.09672248046702742,0.09120310781640127,0.09636382164368551,0.09388623052497824,0.09708386736366277,0.08899358146661297,0.09597349128476139,0.09097515532630952,0.09672248046702742,0.09120310781640127,0.09636382164368551,0.09388623052497824,0.09708386736366277,0.08899358146661297,0.09597349128476139,0.09339362273288547,0.08956058316434325,0.0876284796453997,0.09492846406326849,0.08816097458577993,0.08792347678305062,0.07851218771783688,0.08858778525715866,0.0903319200599035,0.08904255669114407,0.09467289199156635,0.10123402974619561,0.08362028937558297,0.09193246853106785,0.09155491703073097,0.07880346025043108,0.0903319200599035,0.08904255669114407,0.09467289199156635,0.10123402974619561,0.08362028937558297,0.09193246853106785,0.09155491703073097,0.07880346025043108
0.0007773960790865199,0.0004044540966502443,0.00035568640798660324,0.0003203030403919074,0.0004186853954935835,0.0007719778271010814,0.0005299780678713627,0.0004651157573698018,0.0007773960790865199,0.0004044540966502443,0.00035568640798660324,0.0003203030403919074,0.0004186853954935835,0.0007719778271010814,0.0005299780678713627,0.0004651157573698018,0.0007773960790865199,0.0004044540966502443,0.00035568640798660324,0.0003203030403919074,0.0004186853954935835,0.0007719778271010814,0.0005299780678713627,0.0004651157573698018,0.000355399235391208,0.000641470867459324,0.00029657405753665184,0.0004124888025946514,0.0003649682840544533,0.00048361973867658736,0.00034270311562302675,0.0006121400956016634,0.000355399235391208,0.000641470867459324,0.00029657405753665184,0.0004124888025946514,0.0003649682840544533,0.00048361973867658736,0.00034270311562302675,0.0006121400956016634,0.000355399235391208,0.000641470867459324,0.00029657405753665184,0.0004124888025946514,0.0003649682840544533,0.00048361973867658736,0.00034270311562302675,0.0006121400956016634,0.00032567635931559936,0.000644319029483695,0.0002920761082034705,0.000333055059895345,0.000279134566055037,0.00095892264291287,0.001158638032637636,0.0009250156644916256,0.00023791743840665465,0.0008380637853217716,0.00030614457750597956,0.0003915469558551738,0.00044944236340082504,0.0007490132919542098,0.001415802956765331,0.0009561632066601265,0.00023791743840665465,0.0008380637853217716,0.00030614457750597956,0.0003915469558551738,0.00044944236340082504,0.0007490132919542098,0.001415802956765331,0.0009561632066601265
0.002661374205840727,0.003614027876311659,0.0022174519977819257,0.0029878255223410866,0.0020699596138885465,0.0031498986119280433,0.0023943908152262365,0.00322289028183711,0.002661374205840727,0.003614027876311659,0.0022174519977819257,0.0029878255223410866,0.0020699596138885465,0.0031498986119280433,0.0023943908152262365,0.00322289028183711,0.002661374205840727,0.003614027876311659,0.0022174519977819257,0.0029878255223410866,0.0020699596138885465,0.0031498986119280433,0.0023943908152262365,0.00322289028183711,0.0026316391626955513,0.002919369736053773,0.002800897708614136,0.003070256967923276,0.003578595624500681,0.003453412265717885,0.0056419539358781275,0.004392884073879677,0.0026316391626955513,0.002919369736053773,0.002800897708614136,0.003070256967923276,0.003578595624500681,0.003453412265717885,0.0056419539358781275,0.004392884073879677,0.0026316391626955513,0.002919369736053773,0.002800897708614136,0.003070256967923276,0.003578595624500681,0.003453412265717885,0.0056419539358781275,0.004392884073879677,0.0024168537306122214,0.002761796291623628,0.0029556166082154636,0.002977397440682574,0.0030447678845377875,0.001787760304009212,0.004271687747732264,0.0022090823781360444,0.0025091906323688063,0.002875436733956242,0.0025428841116843263,0.003204018383699346,0.002528000032912078,0.0022139779750135423,0.00242577647978396,0.003567814984315968,0.0025091906323688063,0.002875436733956242,0.0025428841116843263,0.003204018383699346,0.002528000032912078,0.0022139779750135423,0.00242577647978396,0.003567814984315968
0.043875820868689845,0.047494024630620295,0.045694185334351343,0.043149465121040315,0.04841459864930138,0.047447927707485266,0.04693604206884896,0.04916024862664965,0.043875820868689845,0.047494024630620295,0.045694185334351343,0.043149465121040315,0.04841459864930138,0.047447927707485266,0.04693604206884896,0.04916024862664965,0.043875820868689845,0.047494024630620295,0.045694185334351343,0.043149465121040315,0.04841459864930138,0.047447927707485266,0.04693604206884896,0.04916024862664965,0.046877924504954545,0.04893199989465055,0.047958491026463,0.04709890457663481,0.052067021908865,0.04162372952478808,0.05068306645858555,0.04285941606885274,0.046877924504954545,0.04893199989465055,0.047958491026463,0.04709890457663481,0.052067021908865,0.04162372952478808,0.05068306645858555,0.04285941606885274,0.046877924504954545,0.04893199989465055,0.047958491026463,0.04709890457663481,0.052067021908865,0.04162372952478808,0.05068306645858555,0.04285941606885274,0.044302719092877585,0.05055948247398879,0.04439148196490358,0.051252957254264625,0.05898330862147184,0.05456365945446983,0.06477526680745999,0.061165836292337135,0.046444622020895304,0.05130135945454892,0.050408978626260044,0.04916788912016239,0.055163279911224626,0.054233503398336075,0.06413428064005905,0.06578223865631126,0.046444622020895304,0.05130135945454892,0.050408978626260044,0.04916788912016239,0.055163279911224626,0.054233503398336075,0.06413428064005905,0.06578223865631126
0.03960858771761611,0.034747409691461874,0.041322901345282874,0.03807979795700492,0.039868353997934196,0.037955340930851206,0.03681604525899033,0.040522713766616106,0.03960858771761611,0.034747409691461874,0.041322901345282874,0.03807979795700492,0.039868353997934196,0.037955340930851206,0.03681604525899033,0.040522713766616106,0.03960858771761611,0.034747409691461874,0.041322901345282874,0.03807979795700492,0.039868353997934196,0.037955340930851206,0.03681604525899033,0.040522713766616106,0.040565772702623154,0.03756621567121494,0.03970186765084168,0.04322105578182051,0.04355476224944212,0.036128263710206526,0.03704526995613184,0.042978990156721346,0.040565772702623154,0.03756621567121494,0.03970186765084168,0.04322105578182051,0.04355476224944212,0.036128263710206526,0.03704526995613184,0.042978990156721346,0.040565772702623154,0.03756621567121494,0.03970186765084168,0.04322105578182051,0.04355476224944212,0.036128263710206526,0.03704526995613184,0.042978990156721346,0.03084623402612159,0.03263841372268216,0.03596501708662847,0.03496267944844185,0.030830451887601515,0.027073939267966505,0.04636699730657969,0.04324224571356556,0.033796924018731106,0.03288045086157277,0.041190627296476046,0.03265628965526079,0.04088556616531048,0.03538693075450681,0.04989288454671053,0.04188122287039165,0.033796924018731106,0.03288045086157277,0.041190627296476046,0.03265628965526079,0.04088556616531048,0.03538693075450681,0.04989288454671053,0.04188122287039165
0.05697251773996617,0.055433144177961385,0.06080619207073699,0.0618614848731415,0.0556961576145063,0.06021195304371683,0.057726081619825,0.061259856521814315,0.05697251773996617,0.055433144177961385,0.06080619207073699,0.0618614848731415,0.0556961576145063,0.06021195304371683,0.057726081619825,0.061259856521814315,0.05697251773996617,0.055433144177961385,0.06080619207073699,0.0618614848731415,0.0556961576145063,0.06021195304371683,0.057726081619825,0.061259856521814315,0.05738346268783892,0.05798478085534853,0.05774268618246829,0.054181226093079266,0.05016886485888046,0.04695884396074245,0.05443760464252949,0.04935014309282704,0.05738346268783892,0.05798478085534853,0.05774268618246829,0.054181226093079266,0.05016886485888046,0.04695884396074245,0.05443760464252949,0.04935014309282704,0.05738346268783892,0.05798478085534853,0.05774268618246829,0.054181226093079266,0.05016886485888046,0.04695884396074245,0.05443760464252949,0.04935014309282704,0.05348992931134189,0.054619335464952984,0.056996964687106,0.05464394107542285,0.06511424100389072,0.04330405544632098,0.05504366977503505,0.049185588955291765,0.053262210057083266,0.0541402860211552,0.05595557085440092,0.052936529098641036,0.05403103379275396,0.05975338495984763,0.0595515259821873,0.05004980168249566,0.053262210057083266,0.0541402860211552,0.05595557085440092,0.052936529098641036,0.05403103379275396,0.05975338495984763,0.0595515259821873,0.05004980168249566
0.005408208781732929,0.005529738699923367,0.00533085239948041,0.004598688013104847,0.005912305827308978,0.005365999352969178,0.003692718644363194,0.004117409825304384,0.005408208781732929,0.005529738699923367,0.00533085239948041,0.004598688013104847,0.005912305827308978,0.005365999352969178,0.003692718644363194,0.004117409825304384,0.005408208781732929,0.005529738699923367,0.00533085239948041,0.004598688013104847,0.005912305827308978,0.005365999352969178,0.003692718644363194,0.004117409825304384,0.005134056394987509,0.004572844079791662,0.0045366279945270324,0.004192544895835505,0.0030894602100324147,0.006468137929771789,0.0030283252614227226,0.005528013050850141,0.005134056394987509,0.004572844079791662,0.0045366279945270324,0.004192544895835505,0.0030894602100324147,0.006468137929771789,0.0030283252614227226,0.005528013050850141,0.005134056394987509,0.004572844079791662,0.0045366279945270324,0.004192544895835505,0.0030894602100324147,0.006468137929771789,0.0030283252614227226,0.005528013050850141,0.003916694556915964,0.0036042793144465232,0.0050286310549074505,0.0040391465145337,0.0043083091416376285,0.00577512882465742,0.002629794428172764,0.005542311827776954,0.005467194477740974,0.004481185014018663,0.004717564108936769,0.004027185104355961,0.0037496821250732645,0.004514510860740413,0.0027527848695206272,0.005862233277320131,0.005467194477740974,0.004481185014018663,0.004717564108936769,0.004027185104355961,0.0037496821250732645,0.004514510860740413,0.0027527848695206272,0.005862233277320131
0.004629767643232125,0.004323168417980735,0.005017046182858911,0.005180174316169856,0.004720685019124059,0.006378569390975549,0.004953433868687086,0.0050169876739728355,0.004629767643232125,0.004323168417980735,0.005017046182858911,0.005180174316169856,0.004720685019124059,0.006378569390975549,0.004953433868687086,0.0050169876739728355,0.004629767643232125,0.004323168417980735,0.005017046182858911,0.005180174316169856,0.004720685019124059,0.006378569390975549,0.004953433868687086,0.0050169876739728355,0.004810705698990784,0.00502859312207447,0.004765569065562513,0.005230788563416856,0.004825431795182954,0.0035747063126617285,0.0042899971798389175,0.0032866978735557367,0.004810705698990784,0.00502859312207447,0.004765569065562513,0.005230788563416856,0.004825431795182954,0.0035747063126617285,0.0042899971798389175,0.0032866978735557367,0.004810705698990784,0.00502859312207447,0.004765569065562513,0.005230788563416856,0.004825431795182954,0.0035747063126617285,0.0042899971798389175,0.0032866978735557367,0.0035443004288172324,0.004721349249023128,0.0039042301322730942,0.004240032320339097,0.003607967487203948,0.005262551076330082,0.003742217323922882,0.004238917223423882,0.004086438747813417,0.004249225368522933,0.004092026870121613,0.004173423133300578,0.002907936516367039,0.0052273700610216,0.004104773877832791,0.005609933788531714,0.004086438747813417,0.004249225368522933,0.004092026870121613,0.004173423133300578,0.002907936516367039,0.0052273700610216,0.004104773877832791,0.005609933788531714
0.017700637573611237,0.01414027106729855,0.019527395498579306,0.01966114635976178,0.016277711572405804,0.00982613459143791,0.015766593039459327,0.01428708234898461,0.017700637573611237,0.01414027106729855,0.019527395498579306,0.01966114635976178,0.016277711572405804,0.00982613459143791,0.015766593039459327,0.01428708234898461,0.017700637573611237,0.01414027106729855,0.019527395498579306,0.01966114635976178,0.016277711572405804,0.00982613459143791,0.015766593039459327,0.01428708234898461,0.011727099658835364,0.013029443818876081,0.011032067925259488,0.014858744225679387,0.00603851479663278,0.007113851213436321,0.007022096006131132,0.007360650667966118,0.011727099658835364,0.013029443818876081,0.011032067925259488,0.014858744225679387,0.00603851479663278,0.007113851213436321,0.007022096006131132,0.007360650667966118,0.011727099658835364,0.013029443818876081,0.011032067925259488,0.014858744225679387,0.00603851479663278,0.007113851213436321,0.007022096006131132,0.007360650667966118,0.011435077495860545,0.005205950758455842,0.016457486460960954,0.012995182686491774,0.009074486808841677,0.006823193880625472,0.011923988759813016,0.009639766178206314,0.010005525533470767,0.0072643994714992645,0.014690025425213638,0.012262978306700428,0.014722140593870659,0.0072079655102468936,0.010759266484590814,0.01123409854309562,0.010005525533470767,0.0072643994714992645,0.014690025425213638,0.012262978306700428,0.014722140593870659,0.0072079655102468936,0.010759266484590814,0.01123409854309562
0.14194221906724824,0.13509348205754365,0.12666608652620298,0.13510513206042912,0.1680247338234841,0.1738004930908578,0.14653898964743364,0.17743450661729784,0.14194221906724824,0.13509348205754365,0.12666608652620298,0.13510513206042912,0.1680247338234841,0.1738004930908578,0.14653898964743364,0.17743450661729784,0.14194221906724824,0.13509348205754365,0.12666608652620298,0.13510513206042912,0.1680247338234841,0.1738004930908578,0.14653898964743364,0.17743450661729784,0.15495149938231012,0.14636979062160874,0.15283527202246255,0.14383026490256892,0.16649691142751313,0.12259575928724797,0.14315746155041376,0.1889855344343916,0.15495149938231012,0.14636979062160874,0.15283527202246255,0.14383026490256892,0.16649691142751313,0.12259575928724797,0.14315746155041376,0.1889855344343916,0.15495149938231012,0.14636979062160874,0.15283527202246255,0.14383026490256892,0.16649691142751313,0.12259575928724797,0.14315746155041376,0.1889855344343916,0.1657312991407286,0.15528093186470293,0.17959932428957984,0.17656862927756667,0.12730417004396885,0.1416920701321249,0.10401824036551952,0.16761422618007563,0.17703232424464435,0.15928643363688727,0.17846094510275076,0.14986168919304396,0.12625536070545673,0.20039416763527404,0.13591190756320734,0.1323982868909739,0.17703232424464435,0.15928643363688727,0.17846094510275076,0.14986168919304396,0.12625536070545673,0.20039416763527404,0.13591190756320734,0.1323982868909739
0.01029275356996236,0.008109444014287768,0.009746363160538342,0.00923527787132235,0.010769590422958842,0.009799716284602945,0.012758283423065599,0.008579255359368636,0.01029275356996236,0.008109444014287768,0.009746363160538342,0.00923527787132235,0.010769590422958842,0.009799716284602945,0.012758283423065599,0.008579255359368636,0.01029275356996236,0.008109444014287768,0.009746363160538342,0.00923527787132235,0.010769590422958842,0.009799716284602945,0.012758283423065599,0.008579255359368636,0.009709120117056104,0.009860956577406793,0.00880832836587811,0.008486229888467754,0.011587051580119839,0.012646468717480456,0.009394418428978323,0.010061829934543461,0.009709120117056104,0.009860956577406793,0.00880832836587811,0.008486229888467754,0.011587051580119839,0.012646468717480456,0.009394418428978323,0.010061829934543461,0.009709120117056104,0.009860956577406793,0.00880832836587811,0.008486229888467754,0.011587051580119839,0.012646468717480456,0.009394418428978323,0.010061829934543461,0.011727249730695348,0.009357780601291924,0.009097082478520068,0.007537691271598803,0.00860945651868665,0.013111543454039242,0.012933396414451527,0.009450671333358567,0.010419843141076952,0.009724934739383639,0.010196963403437686,0.008706815105861772,0.005647319693637096,0.01208189583524289,0.009707414637487172,0.013287073859710952,0.010419843141076952,0.009724934739383639,0.010196963403437686,0.008706815105861772,0.005647319693637096,0.01208189583524289,0.009707414637487172,0.013287073859710952
0.10395468520139986,0.09732076802061423,0.10066199669258379,0.09654272855790012,0.0951206346007565,0.09672912066299612,0.09721567446415862,0.10025683948231587,0.10395468520139986,0.09732076802061423,0.10066199669258379,0.09654272855790012,0.0951206346007565,0.09672912066299612,0.09721567446415862,0.10025683948231587,0.10395468520139986,0.09732076802061423,0.10066199669258379,0.09654272855790012,0.0951206346007565,0.09672912066299612,0.09721567446415862,0.10025683948231587,0.10138800115471232,0.10237636506677558,0.09623149297493816,0.09956387428320633,0.09834303263978773,0.10906889056322874,0.09695273024909389,0.09686295243903538,0.10138800115471232,0.10237636506677558,0.09623149297493816,0.09956387428320633,0.09834303263978773,0.10906889056322874,0.09695273024909389,0.09686295243903538,0.10138800115471232,0.10237636506677558,0.09623149297493816,0.09956387428320633,0.09834303263978773,0.10906889056322874,0.09695273024909389,0.09686295243903538,0.10548358404160982,0.09136911341977463,0.10053504269453596,0.09259842502998462,0.09732549267849883,0.08171758329470033,0.08728732891861417,0.08747293494836843,0.10578933000817209,0.09538858814110247,0.09706646229529349,0.08989054895260006,0.09136295430965653,0.07877922102029826,0.08617275818312348,0.08632371436990988,0.10578933000817209,0.09538858814110247,0.09706646229529349,0.08989054895260006,0.09136295430965653,0.07877922102029826,0.08617275818312348,0.08632371436990988
0.015505990061355673,0.016655121164119206,0.013768909598040826,0.01584724829531877,0.01690848958592774,0.017396987799385692,0.01515206686148816,0.015229519434966029,0.015505990061355673,0.016655121164119206,0.013768909598040826,0.01584724829531877,0.01690848958592774,0.017396987799385692,0.01515206686148816,0.015229519434966029,0.015505990061355673,0.016655121164119206,0.013768909598040826,0.01584724829531877,0.01690848958592774,0.017396987799385692,0.01515206686148816,0.015229519434966029,0.015350976232494451,0.014445307344292104,0.01585143192116997,0.01391368658420255,0.01818353769294774,0.017654587077958344,0.014419026358479714,0.015069565097672447,0.015350976232494451,0.014445307344292104,0.01585143192116997,0.01391368658420255,0.01818353769294774,0.017654587077958344,0.014419026358479714,0.015069565097672447,0.015350976232494451,0.014445307344292104,0.01585143192116997,0.01391368658420255,0.01818353769294774,0.017654587077958344,0.014419026358479714,0.015069565097672447,0.01684012009305349,0.017658427996625845,0.015679406421343602,0.015783446007329345,0.02185611020678068,0.022241004646982577,0.014029450478121435,0.015916844679811283,0.018780758479237623,0.017272080230144864,0.016071276067334803,0.01582201443603845,0.02252654582911234,0.021974280084841837,0.017300295884077194,0.016280799260291138,0.018780758479237623,0.017272080230144864,0.016071276067334803,0.01582201443603845,0.02252654582911234,0.021974280084841837,0.017300295884077194,0.016280799260291138
0.011255466954720962,0.009638963883298964,0.01004460875414803,0.00976948548177442,0.009057017716424282,0.009433247583778458,0.011250872483562881,0.011261909519321166,0.011255466954720962,0.009638963883298964,0.01004460875414803,0.00976948548177442,0.009057017716424282,0.009433247583778458,0.011250872483562881,0.011261909519321166,0.011255466954720962,0.009638963883298964,0.01004460875414803,0.00976948548177442,0.009057017716424282,0.009433247583778458,0.011250872483562881,0.011261909519321166,0.009399926228422308,0.006274265425242426,0.00858971469382676,0.007707164594968332,0.007967402029729573,0.008859614915164961,0.006786380697174158,0.0071314246636758945,0.009399926228422308,0.006274265425242426,0.00858971469382676,0.007707164594968332,0.007967402029729573,0.008859614915164961,0.006786380697174158,0.0071314246636758945,0.009399926228422308,0.006274265425242426,0.00858971469382676,0.007707164594968332,0.007967402029729573,0.008859614915164961,0.006786380697174158,0.0071314246636758945,0.00743295263298096,0.007467898395966469,0.00810049424450135,0.008809366477993073,0.010341186211346567,0.006194527726179724,0.009562994254783647,0.007930198109014425,0.007921926959484453,0.009389560915253786,0.007779417915791818,0.008479118916570499,0.008752921682928742,0.00532945506177773,0.011089781856311516,0.008533855250317713,0.007921926959484453,0.009389560915253786,0.007779417915791818,0.008479118916570499,0.008752921682928742,0.00532945506177773,0.011089781856311516,0.008533855250317713
0.0026082960596607754,0.003079848054117791,0.0021462392309133317,0.002715029438358397,0.0028623451610144744,0.0016711737024868183,0.0019659736214528403,0.002325090228244255,0.0026082960596607754,0.003079848054117791,0.0021462392309133317,0.002715029438358397,0.0028623451610144744,0.0016711737024868183,0.0019659736214528403,0.002325090228244255,0.0026082960596607754,0.003079848054117791,0.0021462392309133317,0.002715029438358397,0.0028623451610144744,0.0016711737024868183,0.0019659736214528403,0.002325090228244255,0.0014503991178896622,0.0010814496881200264,0.0012374474921868243,0.0019263570198381796,0.0012651763790536845,0.0014054456125593192,0.0008597717415628682,0.0011723419954664585,0.0014503991178896622,0.0010814496881200264,0.0012374474921868243,0.0019263570198381796,0.0012651763790536845,0.0014054456125593192,0.0008597717415628682,0.0011723419954664585,0.0014503991178896622,0.0010814496881200264,0.0012374474921868243,0.0019263570198381796,0.0012651763790536845,0.0014054456125593192,0.0008597717415628682,0.0011723419954664585,0.0006902205436098074,0.0007146407480254225,0.0007918682008446902,0.0008566472140967527,0.0005879744896187489,0.0003939121962369908,0.001442469079549713,0.0009293818077149809,0.000687731472927554,0.0003953220316554287,0.0006500422053691221,0.000893713055763153,0.000435131377892673,0.001228362813603939,0.00044137338846076345,0.0004453324741889623,0.000687731472927554,0.0003953220316554287,0.0006500422053691221,0.000893713055763153,0.000435131377892673,0.001228362813603939,0.00044137338846076345,0.0004453324741889623
0.002770388299555025,0.0025167306865186054,0.0020724651599085694,0.0019478289134266496,0.0013297544340403966,0.0012342121940851413,0.0017842955676870686,0.0019908253114447106,0.002770388299555025,0.0025167306865186054,0.0020724651599085694,0.0019478289134266496,0.0013297544340403966,0.0012342121940851413,0.0017842955676870686,0.0019908253114447106,0.002770388299555025,0.0025167306865186054,0.0020724651599085694,0.0019478289134266496,0.0013297544340403966,0.0012342121940851413,0.0017842955676870686,0.0019908253114447106,0.0010735996823881542,0.0014251629624912434,0.0016246283585735798,0.001340831856591836,0.0009283518841635135,0.0009338471159252331,0.00031122795343580065,0.0007598619642526294,0.0010735996823881542,0.0014251629624912434,0.0016246283585735798,0.001340831856591836,0.0009283518841635135,0.0009338471159252331,0.00031122795343580065,0.0007598619642526294,0.0010735996823881542,0.0014251629624912434,0.0016246283585735798,0.001340831856591836,0.0009283518841635135,0.0009338471159252331,0.00031122795343580065,0.0007598619642526294,0.0007157978663424092,0.0006247059473346591,0.0007726755597143011,0.0012110404724457327,0.0009300461994191244,0.0007694692098814374,0.0009965423510562214,0.0008810218127172028,0.0005483915734839398,0.0006714185907294377,0.0005696001759041362,0.0007800664671543284,0.0020477338983542724,0.00038818480965760113,0.0006505828653801009,0.001317481493617972,0.0005483915734839398,0.0006714185907294377,0.0005696001759041362,0.0007800664671543284,0.0020477338983542724,0.00038818480965760113,0.0006505828653801009,0.001317481493617972
0.01466594677905894,0.012771898604657411,0.01444079153118879,0.015580120765202394,0.014185430566321839,0.014521133760823717,0.0148040248159715,0.015247112197794233,0.01466594677905894,0.012771898604657411,0.01444079153118879,0.015580120765202394,0.014185430566321839,0.014521133760823717,0.0148040248159715,0.015247112197794233,0.01466594677905894,0.012771898604657411,0.01444079153118879,0.015580120765202394,0.014185430566321839,0.014521133760823717,0.0148040248159715,0.015247112197794233,0.013069400583974204,0.01400075733235558,0.014163600121993301,0.014113753005841683,0.00950659963209235,0.010481118573122302,0.01509127044562832,0.015553152510528604,0.013069400583974204,0.01400075733235558,0.014163600121993301,0.014113753005841683,0.00950659963209235,0.010481118573122302,0.01509127044562832,0.015553152510528604,0.013069400583974204,0.01400075733235558,0.014163600121993301,0.014113753005841683,0.00950659963209235,0.010481118573122302,0.01509127044562832,0.015553152510528604,0.013167751537456506,0.01274471302587173,0.011777255365089499,0.012068898949606636,0.010821460600264978,0.0060965758197030154,0.011010945082593414,0.01009352417460245,0.01289629992722131,0.013810760311946758,0.011492272164405147,0.01174515445431943,0.009998286740908512,0.010360064071986695,0.01041210986284479,0.010865929922049225,0.01289629992722131,0.013810760311946758,0.011492272164405147,0.01174515445431943,0.009998286740908512,0.010360064071986695,0.01041210986284479,0.010865929922049225
0.042989057214923104,0.04088773457588995,0.04297806494860855,0.042224680602844636,0.03571115178078996,0.03982145694625852,0.040401874149666575,0.04150813885240469,0.042989057214923104,0.04088773457588995,0.04297806494860855,0.042224680602844636,0.03571115178078996,0.03982145694625852,0.040401874149666575,0.04150813885240469,0.042989057214923104,0.04088773457588995,0.04297806494860855,0.042224680602844636,0.03571115178078996,0.03982145694625852,0.040401874149666575,0.04150813885240469,0.04149132261826175,0.045135083143134545,0.04354358586051656,0.04262365199458763,0.04132553519673378,0.057699668758412426,0.041896152665354805,0.03911333439056731,0.04149132261826175,0.045135083143134545,0.04354358586051656,0.04262365199458763,0.04132553519673378,0.057699668758412426,0.041896152665354805,0.03911333439056731,0.04149132261826175,0.045135083143134545,0.04354358586051656,0.04262365199458763,0.04132553519673378,0.057699668758412426,0.041896152665354805,0.03911333439056731,0.040518712661557585,0.04426191169853121,0.03793549526770098,0.04088716978519967,0.054841570376139535,0.065869743699324,0.03992964387225549,0.02881425868770744,0.03987151454030051,0.041861304103759635,0.04166171951279543,0.04549089747572732,0.05665855036948812,0.05089483517206535,0.03736689014979105,0.04316591838578487,0.03987151454030051,0.041861304103759635,0.04166171951279543,0.04549089747572732,0.05665855036948812,0.05089483517206535,0.03736689014979105,0.04316591838578487
0.07179713863302922,0.07165137804384558,0.07203638546847226,0.0705732456522829,0.07036823292858632,0.06541611101788201,0.0681259350065948,0.0693982457304348,0.07179713863302922,0.07165137804384558,0.07203638546847226,0.0705732456522829,0.07036823292858632,0.06541611101788201,0.0681259350065948,0.0693982457304348,0.07179713863302922,0.07165137804384558,0.07203638546847226,0.0705732456522829,0.07036823292858632,0.06541611101788201,0.0681259350065948,0.0693982457304348,0.06511176902803954,0.05936173513659041,0.06409419907542695,0.06322233825485903,0.06087461405219376,0.06071673521182216,0.06967711405431684,0.06361473192059126,0.06511176902803954,0.05936173513659041,0.06409419907542695,0.06322233825485903,0.06087461405219376,0.06071673521182216,0.06967711405431684,0.06361473192059126,0.06511176902803954,0.05936173513659041,0.06409419907542695,0.06322233825485903,0.06087461405219376,0.06071673521182216,0.06967711405431684,0.06361473192059126,0.06508999974584335,0.0659822909660633,0.06275174448946946,0.06154829064133686,0.07191112441114161,0.06223760317992005,0.04811351530019613,0.06727949754592603,0.0711416337660302,0.0636493362481611,0.06557256798062021,0.06311431244893612,0.07080295331855618,0.06858970880161301,0.052027317276808996,0.06802882714712383,0.0711416337660302,0.0636493362481611,0.06557256798062021,0.06311431244893612,0.07080295331855618,0.06858970880161301,0.052027317276808996,0.06802882714712383
0.011894785804995,0.010600932250406063,0.011430633706835567,0.010345612090965697,0.005646962746060576,0.002174456126694227,0.00840322563423752,0.00472708701408114,0.011894785804995,0.010600932250406063,0.011430633706835567,0.010345612090965697,0.005646962746060576,0.002174456126694227,0.00840322563423752,0.00472708701408114,0.011894785804995,0.010600932250406063,0.011430633706835567,0.010345612090965697,0.005646962746060576,0.002174456126694227,0.00840322563423752,0.00472708701408114,0.005677727915831357,0.005020172063560202,0.006956951840094807,0.004335256633969101,0.0009230369124500386,0.0018783654723052885,0.0016915578486741112,0.0022420551145633785,0.005677727915831357,0.005020172063560202,0.006956951840094807,0.004335256633969101,0.0009230369124500386,0.0018783654723052885,0.0016915578486741112,0.0022420551145633785,0.005677727915831357,0.005020172063560202,0.006956951840094807,0.004335256633969101,0.0009230369124500386,0.0018783654723052885,0.0016915578486741112,0.0022420551145633785,0.003676401493073032,0.0018180826968418155,0.0031423931233852008,0.0036506655780122028,0.0006004795448413984,0.009569108902135685,0.001639775728827635,0.0016979756045074645,0.0015907019982648036,0.0019448143592501264,0.004355378013701576,0.005797595600872141,0.002907191124684277,0.0034531499467626036,0.0024399783474980375,0.0007944960041333098,0.0015907019982648036,0.0019448143592501264,0.004355378013701576,0.005797595600872141,0.002907191124684277,0.0034531499467626036,0.0024399783474980375,0.0007944960041333098
0.035527923839388825,0.03703998591327341,0.03646465534602707,0.03971104133961369,0.02302902137202214,0.02290995943929502,0.024222588202473104,0.024627913658020535,0.035527923839388825,0.03703998591327341,0.03646465534602707,0.03971104133961369,0.02302902137202214,0.02290995943929502,0.024222588202473104,0.024627913658020535,0.035527923839388825,0.03703998591327341,0.03646465534602707,0.03971104133961369,0.02302902137202214,0.02290995943929502,0.024222588202473104,0.024627913658020535,0.028417391399136273,0.016829478134857506,0.027810054887773543,0.025399092074326217,0.02123356216135875,0.02185307435465849,0.012980368429615346,0.019445273823906137,0.028417391399136273,0.016829478134857506,0.027810054887773543,0.025399092074326217,0.02123356216135875,0.02185307435465849,0.012980368429615346,0.019445273823906137,0.028417391399136273,0.016829478134857506,0.027810054887773543,0.025399092074326217,0.02123356216135875,0.02185307435465849,0.012980368429615346,0.019445273823906137,0.02277016485198662,0.011741791581780812,0.025924378113704367,0.02832186157825149,0.02114910094608957,0.009319757283234344,0.009582488960259901,0.013734537812777507,0.019809081466240813,0.010401750674592845,0.025860948979621257,0.02448389657559913,0.014365355007622187,0.013749350863205802,0.016385100729375244,0.007286889008808186,0.019809081466240813,0.010401750674592845,0.025860948979621257,0.02448389657559913,0.014365355007622187,0.013749350863205802,0.016385100729375244,0.007286889008808186
0.047192523539198616,0.05123806195023663,0.045528837362914715,0.04847051425359468,0.035479255737050776,0.038119689224341675,0.040917369951966855,0.04220919990014314,0.047192523539198616,0.05123806195023663,0.045528837362914715,0.04847051425359468,0.035479255737050776,0.038119689224341675,0.040917369951966855,0.04220919990014314,0.047192523539198616,0.05123806195023663,0.045528837362914715,0.04847051425359468,0.035479255737050776,0.038119689224341675,0.040917369951966855,0.04220919990014314,0.036846636176589766,0.03671291744663406,0.02894908830482073,0.036301358383560266,0.04117885709408896,0.023731200876906205,0.02711699550747219,0.03166429784654365,0.036846636176589766,0.03671291744663406,0.02894908830482073,0.036301358383560266,0.04117885709408896,0.023731200876906205,0.02711699550747219,0.03166429784654365,0.036846636176589766,0.03671291744663406,0.02894908830482073,0.036301358383560266,0.04117885709408896,0.023731200876906205,0.02711699550747219,0.03166429784654365,0.025891110430518165,0.030216831139539446,0.024428010013317725,0.024444150424045005,0.03273225589560831,0.028491199038542657,0.01840955749044816,0.018733161954394572,0.022861283902879705,0.03012542992001192,0.02083614080765419,0.02584002053113744,0.02467456880901029,0.02675083024728716,0.020697955864002287,0.014840151259907017,0.022861283902879705,0.03012542992001192,0.02083614080765419,0.02584002053113744,0.02467456880901029,0.02675083024728716,0.020697955864002287,0.014840151259907017
0.009407608932424691,0.009477110333170391,0.009712417193205179,0.007745123786440983,0.005610266472677055,0.0024869920764549196,0.00609990582061664,0.006135714295595682,0.009407608932424691,0.009477110333170391,0.009712417193205179,0.007745123786440983,0.005610266472677055,0.0024869920764549196,0.00609990582061664,0.006135714295595682,0.009407608932424691,0.009477110333170391,0.009712417193205179,0.007745123786440983,0.005610266472677055,0.0024869920764549196,0.00609990582061664,0.006135714295595682,0.005959213900362354,0.003288351728256776,0.006001956060634148,0.0038544080020392916,0.0014803396031008481,0.0009847917475862573,0.005044548467472802,0.002915560728061113,0.005959213900362354,0.003288351728256776,0.006001956060634148,0.0038544080020392916,0.0014803396031008481,0.0009847917475862573,0.005044548467472802,0.002915560728061113,0.005959213900362354,0.003288351728256776,0.006001956060634148,0.0038544080020392916,0.0014803396031008481,0.0009847917475862573,0.005044548467472802,0.002915560728061113,0.0014218974858762508,0.0009592301807126499,0.003250935673255006,0.0016055254709583893,0.0017165549171843711,0.001164144517386502,0.0008946112808174169,0.0011588653420820006,0.0010164065597196219,0.0007598782812238416,0.002136815009905579,0.003325859260897132,0.0020769250867019987,0.001507924691150737,0.0015574298207578392,0.001537023683550846,0.0010164065597196219,0.0007598782812238416,0.002136815009905579,0.003325859260897132,0.0020769250867019987,0.001507924691150737,0.0015574298207578392,0.001537023683550846
0.05713740021891629,0.04943787047067662,0.049084772608241636,0.044506878440819214,0.058441496392456105,0.04848104478944875,0.0732234041305794,0.06405458126743745,0.05713740021891629,0.04943787047067662,0.049084772608241636,0.044506878440819214,0.058441496392456105,0.04848104478944875,0.0732234041305794,0.06405458126743745,0.05713740021891629,0.04943787047067662,0.049084772608241636,0.044506878440819214,0.058441496392456105,0.04848104478944875,0.0732234041305794,0.06405458126743745,0.058082208380615355,0.05276616022187568,0.04645991388426667,0.04606256854268388,0.053181606294466444,0.05008736886531705,0.053353078837615066,0.0420064150750917,0.058082208380615355,0.05276616022187568,0.04645991388426667,0.04606256854268388,0.053181606294466444,0.05008736886531705,0.053353078837615066,0.0420064150750917,0.058082208380615355,0.05276616022187568,0.04645991388426667,0.04606256854268388,0.053181606294466444,0.05008736886531705,0.053353078837615066,0.0420064150750917,0.046192862501660735,0.05368697984530245,0.04385362253937572,0.04434658586849051,0.0510931547685747,0.03566797476318229,0.0816946712778172,0.04606676794126392,0.048141546862214314,0.04414932731964723,0.04617557501448025,0.049821579071396185,0.04288320309917994,0.04344049565507887,0.05344031778234416,0.0459656003414637,0.048141546862214314,0.04414932731964723,0.04617557501448025,0.049821579071396185,0.04288320309917994,0.04344049565507887,0.05344031778234416,0.0459656003414637
0.034931303556517086,0.035188992180317846,0.032223623425637324,0.03207294448279792,0.049383370368424565,0.029087414626714707,0.039316021233128516,0.036979284558299505,0.034931303556517086,0.035188992180317846,0.032223623425637324,0.03207294448279792,0.049383370368424565,0.029087414626714707,0.039316021233128516,0.036979284558299505,0.034931303556517086,0.035188992180317846,0.032223623425637324,0.03207294448279792,0.049383370368424565,0.029087414626714707,0.039316021233128516,0.036979284558299505,0.036181994405155585,0.033187690542599554,0.03613099787980998,0.03637854796432008,0.043018821898674196,0.0308123894410891,0.04061598672720956,0.04721501595077119,0.036181994405155585,0.033187690542599554,0.03613099787980998,0.03637854796432008,0.043018821898674196,0.0308123894410891,0.04061598672720956,0.04721501595077119,0.036181994405155585,0.033187690542599554,0.03613099787980998,0.03637854796432008,0.043018821898674196,0.0308123894410891,0.04061598672720956,0.04721501595077119,0.038665986981710164,0.03928050899909205,0.03185132211177455,0.039233885782892844,0.04270201971261006,0.06314043352946863,0.04454285949767093,0.04525784125157243,0.0363645603015867,0.034517150573725855,0.03468489011089911,0.04366087683758622,0.04198099118833061,0.055874278718474404,0.042203376930638664,0.05255219905848378,0.0363645603015867,0.034517150573725855,0.03468489011089911,0.04366087683758622,0.04198099118833061,0.055874278718474404,0.042203376930638664,0.05255219905848378
0.06816772013789901,0.06601674443432805,0.06786476679610334,0.07437613249806432,0.058300654257722906,0.07035546677133175,0.0631973482952483,0.06857036257134878,0.06816772013789901,0.06601674443432805,0.06786476679610334,0.07437613249806432,0.058300654257722906,0.07035546677133175,0.0631973482952483,0.06857036257134878,0.06816772013789901,0.06601674443432805,0.06786476679610334,0.07437613249806432,0.058300654257722906,0.07035546677133175,0.0631973482952483,0.06857036257134878,0.064000714366921,0.07137216804855687,0.06805783544803226,0.07098441612112069,0.07847657632028304,0.07142391559041292,0.06649470798518821,0.07307641550179658,0.064000714366921,0.07137216804855687,0.06805783544803226,0.07098441612112069,0.07847657632028304,0.07142391559041292,0.06649470798518821,0.07307641550179658,0.064000714366921,0.07137216804855687,0.06805783544803226,0.07098441612112069,0.07847657632028304,0.07142391559041292,0.06649470798518821,0.07307641550179658,0.06698546751922765,0.0721400485606718,0.07904458981720218,0.06527982930750295,0.06724233043793029,0.07860653535790046,0.06027800856221812,0.06197160057468363,0.06307042042581076,0.07135046197368558,0.07445397780592262,0.06850241050900303,0.052033568878321265,0.06378514347946813,0.07588489116427659,0.06297019716617792,0.06307042042581076,0.07135046197368558,0.07445397780592262,0.06850241050900303,0.052033568878321265,0.06378514347946813,0.07588489116427659,0.06297019716617792
0.07774776153165913,0.060616897520344944,0.07589630180632223,0.06258647074605385,0.0630448943229088,0.08140265928948903,0.06595847098522901,0.054548719654797066,0.07774776153165913,0.060616897520344944,0.07589630180632223,0.06258647074605385,0.0630448943229088,0.08140265928948903,0.06595847098522901,0.054548719654797066,0.07774776153165913,0.060616897520344944,0.07589630180632223,0.06258647074605385,0.0630448943229088,0.08140265928948903,0.06595847098522901,0.054548719654797066,0.05928292141043311,0.05868032527246241,0.07116082301540855,0.07129141400070721,0.06745490410300829,0.08985694999312026,0.05492518681110759,0.06731576384839578,0.05928292141043311,0.05868032527246241,0.07116082301540855,0.07129141400070721,0.06745490410300829,0.08985694999312026,0.05492518681110759,0.06731576384839578,0.05928292141043311,0.05868032527246241,0.07116082301540855,0.07129141400070721,0.06745490410300829,0.08985694999312026,0.05492518681110759,0.06731576384839578,0.07205024271724968,0.06542417462466942,0.0625483435485516,0.0807873244844771,0.0669068576153638,0.09646273084474437,0.06993077893461826,0.06978498803044514,0.06552359253817419,0.08774609822637162,0.07372871222179263,0.07977501090319349,0.0657594891435143,0.08528640894937994,0.07622188958657782,0.05420226885956663,0.06552359253817419,0.08774609822637162,0.07372871222179263,0.07977501090319349,0.0657594891435143,0.08528640894937994,0.07622188958657782,0.05420226885956663
0.0699660960232468,0.06396481251492296,0.06786341309493481,0.06877031110091737,0.07657800628849522,0.07917345811626696,0.07677875953433405,0.09100966352600726,0.0699660960232468,0.06396481251492296,0.06786341309493481,0.06877031110091737,0.07657800628849522,0.07917345811626696,0.07677875953433405,0.09100966352600726,0.0699660960232468,0.06396481251492296,0.06786341309493481,0.06877031110091737,0.07657800628849522,0.07917345811626696,0.07677875953433405,0.09100966352600726,0.09827071641978923,0.07651724233033579,0.07665575756364591,0.09224234703772295,0.08274511883734091,0.08796694584267244,0.08286349040559411,0.0959698491579022,0.09827071641978923,0.07651724233033579,0.07665575756364591,0.09224234703772295,0.08274511883734091,0.08796694584267244,0.08286349040559411,0.0959698491579022,0.09827071641978923,0.07651724233033579,0.07665575756364591,0.09224234703772295,0.08274511883734091,0.08796694584267244,0.08286349040559411,0.0959698491579022,0.10816756058273565,0.09618320745116221,0.07942740994653368,0.07664130026319586,0.07823981177091986,0.10068520184123665,0.12875257893159542,0.10140212417023198,0.09747410027348531,0.09635775723064381,0.08563156467729466,0.09455822356216441,0.12138626250578322,0.09179481831908255,0.10107172516625772,0.08536497474807753,0.09747410027348531,0.09635775723064381,0.08563156467729466,0.09455822356216441,0.12138626250578322,0.09179481831908255,0.10107172516625772,0.08536497474807753
0.10745372816017403,0.11110309803130371,0.10926581346593782,0.10312839547080462,0.09329299468231139,0.10603771055505727,0.11740733947885666,0.09853097085583547,0.10745372816017403,0.11110309803130371,0.10926581346593782,0.10312839547080462,0.09329299468231139,0.10603771055505727,0.11740733947885666,0.09853097085583547,0.10745372816017403,0.11110309803130371,0.10926581346593782,0.10312839547080462,0.09329299468231139,0.10603771055505727,0.11740733947885666,0.09853097085583547,0.11766725937608359,0.107681967720831,0.13802515908920646,0.11181015202589072,0.147719948305457,0.11403433468691632,0.09301388546464683,0.07430561950075755,0.11766725937608359,0.107681967720831,0.13802515908920646,0.11181015202589072,0.147719948305457,0.11403433468691632,0.09301388546464683,0.07430561950075755,0.11766725937608359,0.107681967720831,0.13802515908920646,0.11181015202589072,0.147719948305457,0.11403433468691632,0.09301388546464683,0.07430561950075755,0.07734790205395416,0.1266103243661652,0.12029957256189143,0.1366662032483303,0.14782393063650223,0.061208197057017195,0.12685971680829436,0.07071287323801585,0.10642865316472387,0.1000304209307427,0.11461775039605317,0.12091928715585933,0.07973996064560869,0.10872557884006658,0.10231442507843509,0.05493298422918343,0.10642865316472387,0.1000304209307427,0.11461775039605317,0.12091928715585933,0.07973996064560869,0.10872557884006658,0.10231442507843509,0.05493298422918343
0.14168149172429964,0.14762893224203488,0.14065583600755255,0.1541552785526389,0.15447163652477977,0.13363435592584613,0.14527600646155978,0.15628975499074696,0.14168149172429964,0.14762893224203488,0.14065583600755255,0.1541552785526389,0.15447163652477977,0.13363435592584613,0.14527600646155978,0.15628975499074696,0.14168149172429964,0.14762893224203488,0.14065583600755255,0.1541552785526389,0.15447163652477977,0.13363435592584613,0.14527600646155978,0.15628975499074696,0.15258797458433132,0.13219720910454563,0.15731558089403874,0.14531296744206101,0.1414231975122803,0.08920639094111023,0.1398661966040189,0.1327584273549345,0.15258797458433132,0.13219720910454563,0.15731558089403874,0.14531296744206101,0.1414231975122803,0.08920639094111023,0.1398661966040189,0.1327584273549345,0.15258797458433132,0.13219720910454563,0.15731558089403874,0.14531296744206101,0.1414231975122803,0.08920639094111023,0.1398661966040189,0.1327584273549345,0.1567105289563483,0.14878731732117745,0.14013842035244967,0.1425459915035751,0.10805986787257359,0.23130605275879676,0.14774503153730803,0.1178420393482481,0.15344858676638504,0.14634920006512564,0.14858808854759828,0.16151687433148226,0.15519174748647127,0.09682905992996226,0.1265297791293703,0.13703402598891642,0.15344858676638504,0.14634920006512564,0.14858808854759828,0.16151687433148226,0.15519174748647127,0.09682905992996226,0.1265297791293703,0.13703402598891642
0.09207696234344583,0.07983168324236474,0.09525907456306953,0.08376986776044208,0.08465760379453746,0.06992711132097341,0.07753963880623649,0.08356744026631614,0.09207696234344583,0.07983168324236474,0.09525907456306953,0.08376986776044208,0.08465760379453746,0.06992711132097341,0.07753963880623649,0.08356744026631614,0.09207696234344583,0.07983168324236474,0.09525907456306953,0.08376986776044208,0.08465760379453746,0.06992711132097341,0.07753963880623649,0.08356744026631614,0.06595178193734014,0.07294206761219604,0.08182838380760545,0.09182728003162287,0.07472570039943432,0.07820929750911852,0.06579684757718118,0.07972191433344343,0.06595178193734014,0.07294206761219604,0.08182838380760545,0.09182728003162287,0.07472570039943432,0.07820929750911852,0.06579684757718118,0.07972191433344343,0.06595178193734014,0.07294206761219604,0.08182838380760545,0.09182728003162287,0.07472570039943432,0.07820929750911852,0.06579684757718118,0.07972191433344343,0.05702471510389529,0.05954988765037055,0.04849345615051703,0.05052572112529727,0.14819540330313444,0.1382144297369288,0.06125372257397386,0.09849666949644119,0.05680181020864112,0.05379221444152105,0.05173339746335271,0.04639540725432928,0.1400856483354341,0.06813216606099672,0.030273470407487343,0.11695489299756397,0.05680181020864112,0.05379221444152105,0.05173339746335271,0.04639540725432928,0.1400856483354341,0.06813216606099672,0.030273470407487343,0.11695489299756397
0.0069209960180201995,0.005851174701321413,0.006316130287196827,0.007394155556910495,0.006821148399439866,0.004430198953852262,0.009617007461204656,0.006867353120959604,0.0069209960180201995,0.005851174701321413,0.006316130287196827,0.007394155556910495,0.006821148399439866,0.004430198953852262,0.009617007461204656,0.006867353120959604,0.0069209960180201995,0.005851174701321413,0.006316130287196827,0.007394155556910495,0.006821148399439866,0.004430198953852262,0.009617007461204656,0.006867353120959604,0.006764595269831698,0.0058308149966970636,0.0082603695359776,0.00764239318560029,0.00726228135659356,0.007740364755974986,0.006518085393230029,0.006135479953343912,0.006764595269831698,0.0058308149966970636,0.0082603695359776,0.00764239318560029,0.00726228135659356,0.007740364755974986,0.006518085393230029,0.006135479953343912,0.006764595269831698,0.0058308149966970636,0.0082603695359776,0.00764239318560029,0.00726228135659356,0.007740364755974986,0.006518085393230029,0.006135479953343912,0.006784845117829719,0.007253746765611694,0.005729678772487012,0.006364638569630028,0.010868819906726678,0.0035246197420703705,0.007726507910071631,0.0031614725725772276,0.005468617836073195,0.007085952710890062,0.005521570440624596,0.006281495568024601,0.010571612538472257,0.007398129116483581,0.008298350680366929,0.012355626224597167,0.005468617836073195,0.007085952710890062,0.005521570440624596,0.006281495568024601,0.010571612538472257,0.007398129116483581,0.008298350680366929,0.012355626224597167
0.05606264396759009,0.05317586945767742,0.055883925731238036,0.05413563946546398,0.051533754895926605,0.058089339644574293,0.059883182292296944,0.05576040343610387,0.05606264396759009,0.05317586945767742,0.055883925731238036,0.05413563946546398,0.051533754895926605,0.058089339644574293,0.059883182292296944,0.05576040343610387,0.05606264396759009,0.05317586945767742,0.055883925731238036,0.05413563946546398,0.051533754895926605,0.058089339644574293,0.059883182292296944,0.05576040343610387,0.05852984050331994,0.0560607644671125,0.05311825989248353,0.061836158887650074,0.05221455543484115,0.05871331196010985,0.06853583766713608,0.06513685000594797,0.05852984050331994,0.0560607644671125,0.05311825989248353,0.061836158887650074,0.05221455543484115,0.05871331196010985,0.06853583766713608,0.06513685000594797,0.05852984050331994,0.0560607644671125,0.05311825989248353,0.061836158887650074,0.05221455543484115,0.05871331196010985,0.06853583766713608,0.06513685000594797,0.055153645251338194,0.059262700384042334,0.042516232878243,0.05148777585039804,0.06630052617087293,0.053853430294493056,0.04531275695602546,0.06534735259525563,0.0478702507415184,0.04925078612746509,0.052263136489202895,0.054208432499277294,0.07666488732205669,0.046724799381197286,0.05198639716901335,0.05281096167483936,0.0478702507415184,0.04925078612746509,0.052263136489202895,0.054208432499277294,0.07666488732205669,0.046724799381197286,0.05198639716901335,0.05281096167483936
0.008195258279696404,0.009177204748016136,0.008892396502450002,0.009450680165353732,0.008210817273763587,0.009184826198764677,0.00624624434269025,0.007322651725003339,0.008195258279696404,0.009177204748016136,0.008892396502450002,0.009450680165353732,0.008210817273763587,0.009184826198764677,0.00624624434269025,0.007322651725003339,0.008195258279696404,0.009177204748016136,0.008892396502450002,0.009450680165353732,0.008210817273763587,0.009184826198764677,0.00624624434269025,0.007322651725003339,0.010793052144855538,0.009132372094692035,0.010843630644091587,0.008712211640911172,0.00969421387707161,0.008197097450273043,0.009143950243988012,0.01042759893122705,0.010793052144855538,0.009132372094692035,0.010843630644091587,0.008712211640911172,0.00969421387707161,0.008197097450273043,0.009143950243988012,0.01042759893122705,0.010793052144855538,0.009132372094692035,0.010843630644091587,0.008712211640911172,0.00969421387707161,0.008197097450273043,0.009143950243988012,0.01042759893122705,0.00994025600860182,0.010291030671150232,0.009949404266819851,0.010439781121020895,0.009225138922919433,0.011672337406626737,0.01247709099456337,0.01446888613372298,0.008281409738588236,0.011193117889839871,0.0098049875417404,0.010397383100309736,0.011055343551512924,0.01490214684345572,0.02351722204232876,0.013916925909467932,0.008281409738588236,0.011193117889839871,0.0098049875417404,0.010397383100309736,0.011055343551512924,0.01490214684345572,0.02351722204232876,0.013916925909467932
0.004170173223472289,0.0030084003777047876,0.0036386965776079314,0.003312050868866389,0.003740878165543116,0.002662666227699506,0.00312324144395135,0.002965548165501365,0.004170173223472289,0.0030084003777047876,0.0036386965776079314,0.003312050868866389,0.003740878165543116,0.002662666227699506,0.00312324144395135,0.002965548165501365,0.004170173223472289,0.0030084003777047876,0.0036386965776079314,0.003312050868866389,0.003740878165543116,0.002662666227699506,0.00312324144395135,0.002965548165501365,0.003395131756019067,0.0033767945490226253,0.003180676879856222,0.0030250613703889243,0.003353080113828837,0.004151679374066076,0.0028829925630621993,0.002821464009713802,0.003395131756019067,0.0033767945490226253,0.003180676879856222,0.0030250613703889243,0.003353080113828837,0.004151679374066076,0.0028829925630621993,0.002821464009713802,0.003395131756019067,0.0033767945490226253,0.003180676879856222,0.0030250613703889243,0.003353080113828837,0.004151679374066076,0.0028829925630621993,0.002821464009713802,0.0025476814636959506,0.0026287227128084156,0.0033449297087003124,0.0022058864267054832,0.003268536961885805,0.003309183550373841,0.0025530676761959625,0.004076301994055673,0.002971488625853135,0.0038322209847350863,0.0033090782523161793,0.002518491953514155,0.0028692847937715265,0.003160410774284898,0.0030213622305001486,0.00423501918726144,0.002971488625853135,0.0038322209847350863,0.0033090782523161793,0.002518491953514155,0.0028692847937715265,0.003160410774284898,0.0030213622305001486,0.00423501918726144
0.014915310770326136,0.013241760120097288,0.01504427024707881,0.012378712658941086,0.011589960466326972,0.010926831592818426,0.010896392724070192,0.01301785077586902,0.014915310770326136,0.013241760120097288,0.01504427024707881,0.012378712658941086,0.011589960466326972,0.010926831592818426,0.010896392724070192,0.01301785077586902,0.014915310770326136,0.013241760120097288,0.01504427024707881,0.012378712658941086,0.011589960466326972,0.010926831592818426,0.010896392724070192,0.01301785077586902,0.011557276864024352,0.011514274827619613,0.013524193086275949,0.011019972684132653,0.01071304421134511,0.007564859140491169,0.007626016726813216,0.007491116086105914,0.011557276864024352,0.011514274827619613,0.013524193086275949,0.011019972684132653,0.01071304421134511,0.007564859140491169,0.007626016726813216,0.007491116086105914,0.011557276864024352,0.011514274827619613,0.013524193086275949,0.011019972684132653,0.01071304421134511,0.007564859140491169,0.007626016726813216,0.007491116086105914,0.008938372258704664,0.008683755929803735,0.010335922594521115,0.007124475071263506,0.011412921770940292,0.00980674651139733,0.009552370359931856,0.00420531596165934,0.010022399236181914,0.008800987968536119,0.009014711173892095,0.006944615153979428,0.010341133701584532,0.004670799801676187,0.0072691125704944905,0.003841281810011344,0.010022399236181914,0.008800987968536119,0.009014711173892095,0.006944615153979428,0.010341133701584532,0.004670799801676187,0.0072691125704944905,0.003841281810011344
0.015966153622122597,0.014082810005479684,0.01572567385727328,0.01410868828344489,0.0151084956878572,0.013502761310112665,0.015024489122416338,0.013984572207395048,0.015966153622122597,0.014082810005479684,0.01572567385727328,0.01410868828344489,0.0151084956878572,0.013502761310112665,0.015024489122416338,0.013984572207395048,0.015966153622122597,0.014082810005479684,0.01572567385727328,0.01410868828344489,0.0151084956878572,0.013502761310112665,0.015024489122416338,0.013984572207395048,0.014289456453796052,0.01302693356763993,0.014351693496622282,0.01341399675771007,0.014898030806371601,0.01438700978835301,0.0156408908823469,0.01446532696951926,0.014289456453796052,0.01302693356763993,0.014351693496622282,0.01341399675771007,0.014898030806371601,0.01438700978835301,0.0156408908823469,0.01446532696951926,0.014289456453796052,0.01302693356763993,0.014351693496622282,0.01341399675771007,0.014898030806371601,0.01438700978835301,0.0156408908823469,0.01446532696951926,0.016416630239544695,0.013266153446343429,0.013097849687892878,0.012949889358356243,0.014231320884599314,0.010503104809192119,0.013066651044868084,0.014589975150068879,0.015143826780955582,0.011670621025383299,0.013950346820562568,0.012741949180219665,0.016420607927978566,0.01420111189781493,0.013681648152245745,0.014652525721848964,0.015143826780955582,0.011670621025383299,0.013950346820562568,0.012741949180219665,0.016420607927978566,0.01420111189781493,0.013681648152245745,0.014652525721848964
0.011264503261312571,0.01049561853530162,0.013378598131796537,0.010616817699206436,0.008457685858740198,0.009189739939574683,0.008801886245924088,0.009621084090585525,0.011264503261312571,0.01049561853530162,0.013378598131796537,0.010616817699206436,0.008457685858740198,0.009189739939574683,0.008801886245924088,0.009621084090585525,0.011264503261312571,0.01049561853530162,0.013378598131796537,0.010616817699206436,0.008457685858740198,0.009189739939574683,0.008801886245924088,0.009621084090585525,0.013277749570470466,0.009402486885535506,0.011969523046884398,0.009190112550724995,0.00997672040707097,0.008187878813761904,0.008633905333435265,0.004714602976964636,0.013277749570470466,0.009402486885535506,0.011969523046884398,0.009190112550724995,0.00997672040707097,0.008187878813761904,0.008633905333435265,0.004714602976964636,0.013277749570470466,0.009402486885535506,0.011969523046884398,0.009190112550724995,0.00997672040707097,0.008187878813761904,0.008633905333435265,0.004714602976964636,0.011843956318918282,0.007361909079342244,0.009362556446683535,0.008701762859928516,0.006718953533959269,0.006799292366882335,0.009311424720414815,0.0068794645431669715,0.010164707024697654,0.008654602828595785,0.009586692196074477,0.009511740461416203,0.00476628030554444,0.006827083638280963,0.007141604724112442,0.00758268894246659,0.010164707024697654,0.008654602828595785,0.009586692196074477,0.009511740461416203,0.00476628030554444,0.006827083638280963,0.007141604724112442,0.00758268894246659
0.05071672176714634,0.049582118511167665,0.051716734388500586,0.05164555215369884,0.05210817251759308,0.04771395138233047,0.050892563396948816,0.05284435899104113,0.05071672176714634,0.049582118511167665,0.051716734388500586,0.05164555215369884,0.05210817251759308,0.04771395138233047,0.050892563396948816,0.05284435899104113,0.05071672176714634,0.049582118511167665,0.051716734388500586,0.05164555215369884,0.05210817251759308,0.04771395138233047,0.050892563396948816,0.05284435899104113,0.048373591941152615,0.051162554879363956,0.05460878178065821,0.05392523267927729,0.04788918091535691,0.05084843809701562,0.04840033513439726,0.05087313617159805,0.048373591941152615,0.051162554879363956,0.05460878178065821,0.05392523267927729,0.04788918091535691,0.05084843809701562,0.04840033513439726,0.05087313617159805,0.048373591941152615,0.051162554879363956,0.05460878178065821,0.05392523267927729,0.04788918091535691,0.05084843809701562,0.04840033513439726,0.05087313617159805,0.0446188826835387,0.054741126633507706,0.0492137649462051,0.053804183390322544,0.05458642116962016,0.05381055231028103,0.04081541515843482,0.04999570220787533,0.0482598234565461,0.04675012717696615,0.048609333926274305,0.053096468296647485,0.051786383728075466,0.05468790699480886,0.03881938153070253,0.05319948343333652,0.0482598234565461,0.04675012717696615,0.048609333926274305,0.053096468296647485,0.051786383728075466,0.05468790699480886,0.03881938153070253,0.05319948343333652
0.01973891583268318,0.02095913335191936,0.01966897654509195,0.020816061782135752,0.020106502234260654,0.021955377230768815,0.019859701588233105,0.02227583495420002,0.01973891583268318,0.02095913335191936,0.01966897654509195,0.020816061782135752,0.020106502234260654,0.021955377230768815,0.019859701588233105,0.02227583495420002,0.01973891583268318,0.02095913335191936,0.01966897654509195,0.020816061782135752,0.020106502234260654,0.021955377230768815,0.019859701588233105,0.02227583495420002,0.020255159433990345,0.02114008042504385,0.020908598055453604,0.020926790086719035,0.018102587787460857,0.020159733112205147,0.019412256645597495,0.01903640813650002,0.020255159433990345,0.02114008042504385,0.020908598055453604,0.020926790086719035,0.018102587787460857,0.020159733112205147,0.019412256645597495,0.01903640813650002,0.020255159433990345,0.02114008042504385,0.020908598055453604,0.020926790086719035,0.018102587787460857,0.020159733112205147,0.019412256645597495,0.01903640813650002,0.01752055414120249,0.01969551633123039,0.01975231424092572,0.019778962084763502,0.01810579421759884,0.014070259675321675,0.018407382337316435,0.018665772223980654,0.018176697419955704,0.018976259314393583,0.0191516517442902,0.019869843908427585,0.01631833739598755,0.016893550232195315,0.019527715876318155,0.019456373539121843,0.018176697419955704,0.018976259314393583,0.0191516517442902,0.019869843908427585,0.01631833739598755,0.016893550232195315,0.019527715876318155,0.019456373539121843
0.006069186017710157,0.007194045561740337,0.006535856304136122,0.007123929230531587,0.006936470347476447,0.007097296103811642,0.0055700961892292565,0.0067632790509727266,0.006069186017710157,0.007194045561740337,0.006535856304136122,0.007123929230531587,0.006936470347476447,0.007097296103811642,0.0055700961892292565,0.0067632790509727266,0.006069186017710157,0.007194045561740337,0.006535856304136122,0.007123929230531587,0.006936470347476447,0.007097296103811642,0.0055700961892292565,0.0067632790509727266,0.007660778477554858,0.008293688695921177,0.006979917272948146,0.007996828895010143,0.009189399391056076,0.009024016644955715,0.009286738383624432,0.011787081111604843,0.007660778477554858,0.008293688695921177,0.006979917272948146,0.007996828895010143,0.009189399391056076,0.009024016644955715,0.009286738383624432,0.011787081111604843,0.007660778477554858,0.008293688695921177,0.006979917272948146,0.007996828895010143,0.009189399391056076,0.009024016644955715,0.009286738383624432,0.011787081111604843,0.008515032234939143,0.009279495657772868,0.007364421280902616,0.0067056812690557,0.013363949375403972,0.01061362055654823,0.008627383007248152,0.00802368219722735,0.007482017503627489,0.007501641468797107,0.007626048864410629,0.007706938262922077,0.011581781912985976,0.011995415232195501,0.009578294285539742,0.007600975819621686,0.007482017503627489,0.007501641468797107,0.007626048864410629,0.007706938262922077,0.011581781912985976,0.011995415232195501,0.009578294285539742,0.007600975819621686
0.07446901776224378,0.06969034250452463,0.07315941381171903,0.07118315496857118,0.06603687537983643,0.06691454833258416,0.0680468302627636,0.060561524988648745,0.07446901776224378,0.06969034250452463,0.07315941381171903,0.07118315496857118,0.06603687537983643,0.06691454833258416,0.0680468302627636,0.060561524988648745,0.07446901776224378,0.06969034250452463,0.07315941381171903,0.07118315496857118,0.06603687537983643,0.06691454833258416,0.0680468302627636,0.060561524988648745,0.07278807005603884,0.06836005877326479,0.06323957412928635,0.06245131588934149,0.06225927294796194,0.06346220982748935,0.0637294837958562,0.06252622859104051,0.07278807005603884,0.06836005877326479,0.06323957412928635,0.06245131588934149,0.06225927294796194,0.06346220982748935,0.0637294837958562,0.06252622859104051,0.07278807005603884,0.06836005877326479,0.06323957412928635,0.06245131588934149,0.06225927294796194,0.06346220982748935,0.0637294837958562,0.06252622859104051,0.06411328797121242,0.05988515352318376,0.0702524811820253,0.06300960596243203,0.05828135027339431,0.05330363905355361,0.07176713112529418,0.05946708444628917,0.06269190147439474,0.05779886860363332,0.0660237562846944,0.06717392654000534,0.06115319205182892,0.052082753274171334,0.06096900564031951,0.059957691980106344,0.06269190147439474,0.05779886860363332,0.0660237562846944,0.06717392654000534,0.06115319205182892,0.052082753274171334,0.06096900564031951,0.059957691980106344
0.05362225799950108,0.053371790855597734,0.05310957894339052,0.05664152396678408,0.05134074912394,0.05536542274671089,0.05017040436267315,0.0501766073255419,0.05362225799950108,0.053371790855597734,0.05310957894339052,0.05664152396678408,0.05134074912394,0.05536542274671089,0.05017040436267315,0.0501766073255419,0.05362225799950108,0.053371790855597734,0.05310957894339052,0.05664152396678408,0.05134074912394,0.05536542274671089,0.05017040436267315,0.0501766073255419,0.055879733271371204,0.055202808519716776,0.0561119322930686,0.05159792882653084,0.04781617821597612,0.0545014418715403,0.053204322584613516,0.05240215175777765,0.055879733271371204,0.055202808519716776,0.0561119322930686,0.05159792882653084,0.04781617821597612,0.0545014418715403,0.053204322584613516,0.05240215175777765,0.055879733271371204,0.055202808519716776,0.0561119322930686,0.05159792882653084,0.04781617821597612,0.0545014418715403,0.053204322584613516,0.05240215175777765,0.05414816449109159,0.05457178541612153,0.05667383174153935,0.060348959813492795,0.05005062631290005,0.05916762951179361,0.05928466396349731,0.054269175859733856,0.054020231786872666,0.05330565063363204,0.055200767168704624,0.05677014694894681,0.05068231470216959,0.05973589686526587,0.06412467490901529,0.05616083010788826,0.054020231786872666,0.05330565063363204,0.055200767168704624,0.05677014694894681,0.05068231470216959,0.05973589686526587,0.06412467490901529,0.05616083010788826
0.01081585406953636,0.012106420671434024,0.012395472383257253,0.011008713877223169,0.01227360801171334,0.010353027511978185,0.013565090312230044,0.010414557612918391,0.01081585406953636,0.012106420671434024,0.012395472383257253,0.011008713877223169,0.01227360801171334,0.010353027511978185,0.013565090312230044,0.010414557612918391,0.01081585406953636,0.012106420671434024,0.012395472383257253,0.011008713877223169,0.01227360801171334,0.010353027511978185,0.013565090312230044,0.010414557612918391,0.009703920862058521,0.009046110993743537,0.013588935950347141,0.011801061357434193,0.008909179888278364,0.008378940511826614,0.010789730724009187,0.013944622016405927,0.009703920862058521,0.009046110993743537,0.013588935950347141,0.011801061357434193,0.008909179888278364,0.008378940511826614,0.010789730724009187,0.013944622016405927,0.009703920862058521,0.009046110993743537,0.013588935950347141,0.011801061357434193,0.008909179888278364,0.008378940511826614,0.010789730724009187,0.013944622016405927,0.0108889113384497,0.005436648655598888,0.012569650028842453,0.008780294515095564,0.012020115052315478,0.011592812036289018,0.00867430919228471,0.02192314600566572,0.011137870559490422,0.007870251907122183,0.009028590793351166,0.010957555692084866,0.013143485070250451,0.01678805770437863,0.015767781978703453,0.022697174413374904,0.011137870559490422,0.007870251907122183,0.009028590793351166,0.010957555692084866,0.013143485070250451,0.01678805770437863,0.015767781978703453,0.022697174413374904
0.04129514907507988,0.039334033268850224,0.04203170843385406,0.039664895482247456,0.028431533660909707,0.03909931719975397,0.03531076502947401,0.036412766777644795,0.04129514907507988,0.039334033268850224,0.04203170843385406,0.039664895482247456,0.028431533660909707,0.03909931719975397,0.03531076502947401,0.036412766777644795,0.04129514907507988,0.039334033268850224,0.04203170843385406,0.039664895482247456,0.028431533660909707,0.03909931719975397,0.03531076502947401,0.036412766777644795,0.03661293678717684,0.032999969112816864,0.04163695098667937,0.035204412399926055,0.02770472994931092,0.023926282523460116,0.03176593356900054,0.028061580962100437,0.03661293678717684,0.032999969112816864,0.04163695098667937,0.035204412399926055,0.02770472994931092,0.023926282523460116,0.03176593356900054,0.028061580962100437,0.03661293678717684,0.032999969112816864,0.04163695098667937,0.035204412399926055,0.02770472994931092,0.023926282523460116,0.03176593356900054,0.028061580962100437,0.03733366755038611,0.04237773780142794,0.03600930554782727,0.028154247730807887,0.019441412763388365,0.028007578596549704,0.04417646550434101,0.022742573745818725,0.03261132689322646,0.02874542891802282,0.03349914662765433,0.031432646348808366,0.033654051348894085,0.028016026387452264,0.05267555275129323,0.04275032841684801,0.03261132689322646,0.02874542891802282,0.03349914662765433,0.031432646348808366,0.033654051348894085,0.028016026387452264,0.05267555275129323,0.04275032841684801
0.059293158200542685,0.05740423424395259,0.05895572830421225,0.06093186598567439,0.055798171293929756,0.05248616926217449,0.04861269430621529,0.04925304260971357,0.059293158200542685,0.05740423424395259,0.05895572830421225,0.06093186598567439,0.055798171293929756,0.05248616926217449,0.04861269430621529,0.04925304260971357,0.059293158200542685,0.05740423424395259,0.05895572830421225,0.06093186598567439,0.055798171293929756,0.05248616926217449,0.04861269430621529,0.04925304260971357,0.05964371567464244,0.05267641944574582,0.05746015676014373,0.048771643307875985,0.058389825679873796,0.04864716091671536,0.06232103616153498,0.046209245754701075,0.05964371567464244,0.05267641944574582,0.05746015676014373,0.048771643307875985,0.058389825679873796,0.04864716091671536,0.06232103616153498,0.046209245754701075,0.05964371567464244,0.05267641944574582,0.05746015676014373,0.048771643307875985,0.058389825679873796,0.04864716091671536,0.06232103616153498,0.046209245754701075,0.05167332430978402,0.050777918050615156,0.052369112121608365,0.05018689631434645,0.05685442513041339,0.04756430689085445,0.05705465153663888,0.05480503985330078,0.05620298357191219,0.051799038541283836,0.052782187275418,0.05283356278538699,0.05556210217395262,0.03919355484661596,0.0486888782283319,0.04903093315723163,0.05620298357191219,0.051799038541283836,0.052782187275418,0.05283356278538699,0.05556210217395262,0.03919355484661596,0.0486888782283319,0.04903093315723163
0.0013700859786881933,0.002087343632591184,0.0016242782667066278,0.0016415511722694222,0.0020125200326209236,0.0013973069264030039,0.002151650103896399,0.0016135282602120595,0.0013700859786881933,0.002087343632591184,0.0016242782667066278,0.0016415511722694222,0.0020125200326209236,0.0013973069264030039,0.002151650103896399,0.0016135282602120595,0.0013700859786881933,0.002087343632591184,0.0016242782667066278,0.0016415511722694222,0.0020125200326209236,0.0013973069264030039,0.002151650103896399,0.0016135282602120595,0.002151860130103804,0.0019576705266382377,0.0016625979837056873,0.002176789127335563,0.002675801407790028,0.002041166290296012,0.0027048024313319056,0.0022915096141338004,0.002151860130103804,0.0019576705266382377,0.0016625979837056873,0.002176789127335563,0.002675801407790028,0.002041166290296012,0.0027048024313319056,0.0022915096141338004,0.002151860130103804,0.0019576705266382377,0.0016625979837056873,0.002176789127335563,0.002675801407790028,0.002041166290296012,0.0027048024313319056,0.0022915096141338004,0.001284251482349351,0.0020055640726912714,0.0021216511609299157,0.0018272767144875256,0.001566105021169207,0.0017291700091299845,0.0017163654022989824,0.0020445793617718043,0.0015764224752661635,0.0018723241656697553,0.0015524056685000253,0.0018277059158712519,0.002606040094653277,0.002307228104465127,0.0015694429933969698,0.001504945645817186,0.0015764224752661635,0.0018723241656697553,0.0015524056685000253,0.0018277059158712519,0.002606040094653277,0.002307228104465127,0.0015694429933969698,0.001504945645817186
0.01736399112301235,0.01605509384810509,0.017854122615255097,0.01723972276708758,0.016162903729386783,0.015624265036070563,0.018068596089806054,0.016160258499547133,0.01736399112301235,0.01605509384810509,0.017854122615255097,0.01723972276708758,0.016162903729386783,0.015624265036070563,0.018068596089806054,0.016160258499547133,0.01736399112301235,0.01605509384810509,0.017854122615255097,0.01723972276708758,0.016162903729386783,0.015624265036070563,0.018068596089806054,0.016160258499547133,0.014055084453541101,0.01921095897686537,0.014909524140209268,0.015052609467891255,0.01441718671794714,0.01853152599279079,0.014642954711262542,0.01521375819556102,0.014055084453541101,0.01921095897686537,0.014909524140209268,0.015052609467891255,0.01441718671794714,0.01853152599279079,0.014642954711262542,0.01521375819556102,0.014055084453541101,0.01921095897686537,0.014909524140209268,0.015052609467891255,0.01441718671794714,0.01853152599279079,0.014642954711262542,0.01521375819556102,0.01553155884310912,0.016819689514364917,0.016325947077894205,0.016047260338539256,0.011600206714521041,0.01639173884392179,0.01449110078293264,0.02049105308995317,0.015170654665538541,0.017091928467924292,0.015422992925582248,0.014708935948085736,0.015440548677756835,0.01554460569412055,0.018336914121781397,0.0194914355703918,0.015170654665538541,0.017091928467924292,0.015422992925582248,0.014708935948085736,0.015440548677756835,0.01554460569412055,0.018336914121781397,0.0194914355703918
0.0021773625516230853,0.0021826551864587997,0.0022799122508155973,0.0013699860131730476,0.002140293004650597,0.0031991827358970886,0.0020642119495215363,0.0022168016739307433,0.0021773625516230853,0.0021826551864587997,0.0022799122508155973,0.0013699860131730476,0.002140293004650597,0.0031991827358970886,0.0020642119495215363,0.0022168016739307433,0.0021773625516230853,0.0021826551864587997,0.0022799122508155973,0.0013699860131730476,0.002140293004650597,0.0031991827358970886,0.0020642119495215363,0.0022168016739307433,0.002157362977456377,0.002391334370243047,0.0013877508389226426,0.0018518155003792618,0.003278860847290933,0.0036138784415236367,0.002009997700828043,0.002507872389232196,0.002157362977456377,0.002391334370243047,0.0013877508389226426,0.0018518155003792618,0.003278860847290933,0.0036138784415236367,0.002009997700828043,0.002507872389232196,0.002157362977456377,0.002391334370243047,0.0013877508389226426,0.0018518155003792618,0.003278860847290933,0.0036138784415236367,0.002009997700828043,0.002507872389232196,0.0021955854418263606,0.0021704774554453412,0.001980966323614696,0.0022150328661848105,0.003088108009336793,0.008887949695666031,0.0043041931082244385,0.0035044205225843264,0.002772461592614149,0.002164438304013435,0.0010905415461095046,0.002184019787611351,0.003294093864909037,0.0027370941551918336,0.005571376166560769,0.002577807083751713,0.002772461592614149,0.002164438304013435,0.0010905415461095046,0.002184019787611351,0.003294093864909037,0.0027370941551918336,0.005571376166560769,0.002577807083751713
0.05526963070202672,0.05258351110869014,0.05476086296638085,0.05515916288621706,0.045189215265748074,0.0413252389551499,0.047130502306645755,0.050748363551661235,0.05526963070202672,0.05258351110869014,0.05476086296638085,0.05515916288621706,0.045189215265748074,0.0413252389551499,0.047130502306645755,0.050748363551661235,0.05526963070202672,0.05258351110869014,0.05476086296638085,0.05515916288621706,0.045189215265748074,0.0413252389551499,0.047130502306645755,0.050748363551661235,0.05110251545784231,0.054881299454931844,0.060124181103669565,0.05391699374220849,0.05081510635268443,0.04819970896462977,0.05477079165563654,0.037467220253032125,0.05110251545784231,0.054881299454931844,0.060124181103669565,0.05391699374220849,0.05081510635268443,0.04819970896462977,0.05477079165563654,0.037467220253032125,0.05110251545784231,0.054881299454931844,0.060124181103669565,0.05391699374220849,0.05081510635268443,0.04819970896462977,0.05477079165563654,0.037467220253032125,0.04749212408970569,0.053010235280798984,0.054407394502924304,0.04825364297780277,0.05096701870738873,0.04635894128650645,0.04366037747364602,0.058243514871999184,0.05590217177941855,0.04523986551347851,0.058392581902272166,0.05315013827378288,0.04495340175689644,0.04510502640618019,0.044009616172631105,0.04279280012752437,0.05590217177941855,0.04523986551347851,0.058392581902272166,0.05315013827378288,0.04495340175689644,0.04510502640618019,0.044009616172631105,0.04279280012752437
0.041768307009973,0.04296813353962353,0.04150675219154199,0.043589962546222695,0.03825879208123346,0.04043751354906793,0.034259030810694834,0.035093774876975924,0.041768307009973,0.04296813353962353,0.04150675219154199,0.043589962546222695,0.03825879208123346,0.04043751354906793,0.034259030810694834,0.035093774876975924,0.041768307009973,0.04296813353962353,0.04150675219154199,0.043589962546222695,0.03825879208123346,0.04043751354906793,0.034259030810694834,0.035093774876975924,0.0416040001356875,0.04083377013418086,0.03546824431684222,0.038123973857689585,0.0525961001768128,0.03657140134624019,0.038055062769638506,0.03613418354627395,0.0416040001356875,0.04083377013418086,0.03546824431684222,0.038123973857689585,0.0525961001768128,0.03657140134624019,0.038055062769638506,0.03613418354627395,0.0416040001356875,0.04083377013418086,0.03546824431684222,0.038123973857689585,0.0525961001768128,0.03657140134624019,0.038055062769638506,0.03613418354627395,0.030432707995993666,0.044874078912691295,0.04188985609156634,0.03699301329948831,0.05381540827761408,0.03473214057141472,0.07658960257765483,0.04234338124766587,0.03150708380516947,0.044394015990428914,0.033914498463978045,0.04517741577578155,0.0394300049743064,0.05992889228807916,0.03441329125104719,0.05600549738280769,0.03150708380516947,0.044394015990428914,0.033914498463978045,0.04517741577578155,0.0394300049743064,0.05992889228807916,0.03441329125104719,0.05600549738280769
0.03497183906295028,0.036347106184973756,0.03690466865992225,0.034037395273823684,0.03516920516316653,0.03404081860603058,0.024581701640980048,0.034192984449729444,0.03497183906295028,0.036347106184973756,0.03690466865992225,0.034037395273823684,0.03516920516316653,0.03404081860603058,0.024581701640980048,0.034192984449729444,0.03497183906295028,0.036347106184973756,0.03690466865992225,0.034037395273823684,0.03516920516316653,0.03404081860603058,0.024581701640980048,0.034192984449729444,0.02819626601445406,0.0328310196752695,0.03096693762456469,0.02612719732646637,0.026591884326071277,0.01908948993893276,0.02111802392165893,0.025659540664977065,0.02819626601445406,0.0328310196752695,0.03096693762456469,0.02612719732646637,0.026591884326071277,0.01908948993893276,0.02111802392165893,0.025659540664977065,0.02819626601445406,0.0328310196752695,0.03096693762456469,0.02612719732646637,0.026591884326071277,0.01908948993893276,0.02111802392165893,0.025659540664977065,0.02335894969955324,0.023819901539286193,0.019365598867863338,0.022768201054512143,0.011520049116436176,0.01651432909923371,0.015179864984506507,0.020030982644480718,0.02423485207147046,0.02986026120490412,0.018405019543557187,0.026172415333084596,0.01800981112509401,0.027056340908180387,0.015613690626619143,0.02357004998797181,0.02423485207147046,0.02986026120490412,0.018405019543557187,0.026172415333084596,0.01800981112509401,0.027056340908180387,0.015613690626619143,0.02357004998797181
0.017273393361997017,0.01743714311760376,0.017146850299087708,0.01826692943417529,0.01650620399783672,0.01969639361173452,0.018549539439945993,0.015922318039637465,0.017273393361997017,0.01743714311760376,0.017146850299087708,0.01826692943417529,0.01650620399783672,0.01969639361173452,0.018549539439945993,0.015922318039637465,0.017273393361997017,0.01743714311760376,0.017146850299087708,0.01826692943417529,0.01650620399783672,0.01969639361173452,0.018549539439945993,0.015922318039637465,0.014676500622907844,0.01577696323629897,0.01357187236564365,0.01660223155847494,0.020352235447314265,0.01217861431197335,0.015680608976554572,0.017742725420310586,0.014676500622907844,0.01577696323629897,0.01357187236564365,0.01660223155847494,0.020352235447314265,0.01217861431197335,0.015680608976554572,0.017742725420310586,0.014676500622907844,0.01577696323629897,0.01357187236564365,0.01660223155847494,0.020352235447314265,0.01217861431197335,0.015680608976554572,0.017742725420310586,0.0165487913262385,0.012615361949913325,0.01116736412810688,0.016936732289499903,0.01798712525106469,0.02157958167411946,0.007264989993189821,0.011068851515239671,0.01383889614451424,0.013276079939301246,0.012978736799261842,0.0169967531955565,0.011291348024129646,0.022290852062882338,0.009842186991644795,0.013803707637134077,0.01383889614451424,0.013276079939301246,0.012978736799261842,0.0169967531955565,0.011291348024129646,0.022290852062882338,0.009842186991644795,0.013803707637134077
0.005133442986333031,0.00454914117164255,0.004826502715225844,0.0044436120344683635,0.005490439859369986,0.004996976217164209,0.005361716751230673,0.005040430814153223,0.005133442986333031,0.00454914117164255,0.004826502715225844,0.0044436120344683635,0.005490439859369986,0.004996976217164209,0.005361716751230673,0.005040430814153223,0.005133442986333031,0.00454914117164255,0.004826502715225844,0.0044436120344683635,0.005490439859369986,0.004996976217164209,0.005361716751230673,0.005040430814153223,0.005789649491770776,0.0046748438421977115,0.006492693965693937,0.0063335746264078265,0.0038537278009675236,0.005171055645452586,0.004986044426168105,0.0051997375798356425,0.005789649491770776,0.0046748438421977115,0.006492693965693937,0.0063335746264078265,0.0038537278009675236,0.005171055645452586,0.004986044426168105,0.0051997375798356425,0.005789649491770776,0.0046748438421977115,0.006492693965693937,0.0063335746264078265,0.0038537278009675236,0.005171055645452586,0.004986044426168105,0.0051997375798356425,0.006999855835597126,0.005129513547779053,0.005140397103847664,0.005670223851683599,0.00668917479629824,0.00529788513346959,0.005576606364670373,0.00575981318624584,0.007791336983132736,0.0058198221067341065,0.005980060189769209,0.005546409960422842,0.005682088474419903,0.0044580014886947805,0.004567046367346028,0.005884463829760182,0.007791336983132736,0.0058198221067341065,0.005980060189769209,0.005546409960422842,0.005682088474419903,0.0044580014886947805,0.004567046367346028,0.005884463829760182
0.023545594473150928,0.02178342567045553,0.022365366452287695,0.02368734487551424,0.022799523659705577,0.02089919604993873,0.02197978015553004,0.021124272660455988,0.023545594473150928,0.02178342567045553,0.022365366452287695,0.02368734487551424,0.022799523659705577,0.02089919604993873,0.02197978015553004,0.021124272660455988,0.023545594473150928,0.02178342567045553,0.022365366452287695,0.02368734487551424,0.022799523659705577,0.02089919604993873,0.02197978015553004,0.021124272660455988,0.02308315935166264,0.02147239621565587,0.02060985678755525,0.024438404600380607,0.014360726777133927,0.021211678069743407,0.018026955544450655,0.015243227186579214,0.02308315935166264,0.02147239621565587,0.02060985678755525,0.024438404600380607,0.014360726777133927,0.021211678069743407,0.018026955544450655,0.015243227186579214,0.02308315935166264,0.02147239621565587,0.02060985678755525,0.024438404600380607,0.014360726777133927,0.021211678069743407,0.018026955544450655,0.015243227186579214,0.019796981300957913,0.021221655904286856,0.015791548207882332,0.019057341469500604,0.01408786119519573,0.01894463172568352,0.016397475020192266,0.014621491464552588,0.017693552690968284,0.019009423425872026,0.01932656377564556,0.02188541339545283,0.01416553895291586,0.01654132080998649,0.021138099042846255,0.01709758818293975,0.017693552690968284,0.019009423425872026,0.01932656377564556,0.02188541339545283,0.01416553895291586,0.01654132080998649,0.021138099042846255,0.01709758818293975
0.015669993820895,0.016231043226090962,0.015385465211174678,0.016123284405383034,0.013471783723305718,0.015392073659507299,0.012896996159016853,0.015036906843642618,0.015669993820895,0.016231043226090962,0.015385465211174678,0.016123284405383034,0.013471783723305718,0.015392073659507299,0.012896996159016853,0.015036906843642618,0.015669993820895,0.016231043226090962,0.015385465211174678,0.016123284405383034,0.013471783723305718,0.015392073659507299,0.012896996159016853,0.015036906843642618,0.014271880393554379,0.014842635104609913,0.013990727952216928,0.015358028149692228,0.01614774374722413,0.014088221359291232,0.014376260611801599,0.015987566166276366,0.014271880393554379,0.014842635104609913,0.013990727952216928,0.015358028149692228,0.01614774374722413,0.014088221359291232,0.014376260611801599,0.015987566166276366,0.014271880393554379,0.014842635104609913,0.013990727952216928,0.015358028149692228,0.01614774374722413,0.014088221359291232,0.014376260611801599,0.015987566166276366,0.015531892892972177,0.014982218462142845,0.014883822744027024,0.01692488385675186,0.017244727040818055,0.021541454264733743,0.016533551008793196,0.01965577846851663,0.014946871060714538,0.014464611178329596,0.015150874229065055,0.016838617405218737,0.016812972703484887,0.01706290757254854,0.01628352733241642,0.01575506233514367,0.014946871060714538,0.014464611178329596,0.015150874229065055,0.016838617405218737,0.016812972703484887,0.01706290757254854,0.01628352733241642,0.01575506233514367
0.014043790518514836,0.009315205097108127,0.013588588576219012,0.010862724492620802,0.014198172761929445,0.014135806551398417,0.013961393415218246,0.011598584615112638,0.014043790518514836,0.009315205097108127,0.013588588576219012,0.010862724492620802,0.014198172761929445,0.014135806551398417,0.013961393415218246,0.011598584615112638,0.014043790518514836,0.009315205097108127,0.013588588576219012,0.010862724492620802,0.014198172761929445,0.014135806551398417,0.013961393415218246,0.011598584615112638,0.010700986243794968,0.009922311532188702,0.011003560963411945,0.010590370461429376,0.012511523616263882,0.0113101044909079,0.01057017604389318,0.012915332751196091,0.010700986243794968,0.009922311532188702,0.011003560963411945,0.010590370461429376,0.012511523616263882,0.0113101044909079,0.01057017604389318,0.012915332751196091,0.010700986243794968,0.009922311532188702,0.011003560963411945,0.010590370461429376,0.012511523616263882,0.0113101044909079,0.01057017604389318,0.012915332751196091,0.012415520340998024,0.010262708582461968,0.011142211979122922,0.00953764798076038,0.025107779989099445,0.01195268046660601,0.01078180630379717,0.012706789116019431,0.011956631211078938,0.010289840208255177,0.010612537734920165,0.011448320754353696,0.012267124261918989,0.011458991853697345,0.011051571495680442,0.009547339998396633,0.011956631211078938,0.010289840208255177,0.010612537734920165,0.011448320754353696,0.012267124261918989,0.011458991853697345,0.011051571495680442,0.009547339998396633
0.03929394122656953,0.037674143235893645,0.04036174400201719,0.03823045044544272,0.04378371961031219,0.039251489779390136,0.04101903853864239,0.04057658087569272,0.03929394122656953,0.037674143235893645,0.04036174400201719,0.03823045044544272,0.04378371961031219,0.039251489779390136,0.04101903853864239,0.04057658087569272,0.03929394122656953,0.037674143235893645,0.04036174400201719,0.03823045044544272,0.04378371961031219,0.039251489779390136,0.04101903853864239,0.04057658087569272,0.041366930962133265,0.03912140355276953,0.048261127341614855,0.04205652216210006,0.03963888513137635,0.03805496544775353,0.043855858717670115,0.05066039376047316,0.041366930962133265,0.03912140355276953,0.048261127341614855,0.04205652216210006,0.03963888513137635,0.03805496544775353,0.043855858717670115,0.05066039376047316,0.041366930962133265,0.03912140355276953,0.048261127341614855,0.04205652216210006,0.03963888513137635,0.03805496544775353,0.043855858717670115,0.05066039376047316,0.04295045024004216,0.042363621507548625,0.04288658459169525,0.03706139280849617,0.048670495943164804,0.04161120727940557,0.04534987581047955,0.03619403865326855,0.0395569945094725,0.035220386642504785,0.0436221468032616,0.03819748207628292,0.04280610877163606,0.04051018882061745,0.03713017135794461,0.044662129641739,0.0395569945094725,0.035220386642504785,0.0436221468032616,0.03819748207628292,0.04280610877163606,0.04051018882061745,0.03713017135794461,0.044662129641739
0.013772226897054521,0.015877187070020428,0.013602424273667915,0.015712356853865725,0.01397693177956545,0.013863117473328449,0.012961843923248919,0.014888421408080891,0.013772226897054521,0.015877187070020428,0.013602424273667915,0.015712356853865725,0.01397693177956545,0.013863117473328449,0.012961843923248919,0.014888421408080891,0.013772226897054521,0.015877187070020428,0.013602424273667915,0.015712356853865725,0.01397693177956545,0.013863117473328449,0.012961843923248919,0.014888421408080891,0.01455807192894959,0.014344241309468693,0.01444144317565893,0.015650000193657376,0.015264047041332548,0.012829937884298957,0.014730262469985341,0.017023074292409315,0.01455807192894959,0.014344241309468693,0.01444144317565893,0.015650000193657376,0.015264047041332548,0.012829937884298957,0.014730262469985341,0.017023074292409315,0.01455807192894959,0.014344241309468693,0.01444144317565893,0.015650000193657376,0.015264047041332548,0.012829937884298957,0.014730262469985341,0.017023074292409315,0.013784577749272739,0.012113013180065477,0.016108420689681838,0.013557035749611795,0.011807394438675088,0.010536075765536472,0.01318646493089621,0.011535114974792066,0.013571585907423744,0.013137918227602567,0.014620113286699361,0.013110076414900243,0.009707191402880058,0.012238601955904595,0.012759399995320346,0.014320083893247664,0.013571585907423744,0.013137918227602567,0.014620113286699361,0.013110076414900243,0.009707191402880058,0.012238601955904595,0.012759399995320346,0.014320083893247664
0.06937307059160228,0.07239208275249512,0.06703974557457472,0.07230531231971624,0.07278749741982686,0.07368328628316159,0.07044330127347731,0.0742712362528208,0.06937307059160228,0.07239208275249512,0.06703974557457472,0.07230531231971624,0.07278749741982686,0.07368328628316159,0.07044330127347731,0.0742712362528208,0.06937307059160228,0.07239208275249512,0.06703974557457472,0.07230531231971624,0.07278749741982686,0.07368328628316159,0.07044330127347731,0.0742712362528208,0.06874300116081812,0.06667446674416148,0.0691529529935928,0.07114348434901636,0.07416438043635142,0.06596885999757869,0.07698678918113756,0.07889151570436231,0.06874300116081812,0.06667446674416148,0.0691529529935928,0.07114348434901636,0.07416438043635142,0.06596885999757869,0.07698678918113756,0.07889151570436231,0.06874300116081812,0.06667446674416148,0.0691529529935928,0.07114348434901636,0.07416438043635142,0.06596885999757869,0.07698678918113756,0.07889151570436231,0.07187598642312927,0.06914609321146621,0.06929195333299194,0.06529190495313565,0.07491620976079558,0.0692315024468344,0.076071711094474,0.0627545246449249,0.07208647961333566,0.07110763541115442,0.06423711045620095,0.06400099759229019,0.06710820123432289,0.07427059773635257,0.07239401236611841,0.05015873133291038,0.07208647961333566,0.07110763541115442,0.06423711045620095,0.06400099759229019,0.06710820123432289,0.07427059773635257,0.07239401236611841,0.05015873133291038
0.0045436435641566,0.005166948844473818,0.004607989659853983,0.004618567424553799,0.005727228743993601,0.00407215161222755,0.0053624712756136644,0.003821247321733882,0.0045436435641566,0.005166948844473818,0.004607989659853983,0.004618567424553799,0.005727228743993601,0.00407215161222755,0.0053624712756136644,0.003821247321733882,0.0045436435641566,0.005166948844473818,0.004607989659853983,0.004618567424553799,0.005727228743993601,0.00407215161222755,0.0053624712756136644,0.003821247321733882,0.005653131760791103,0.006781606769784773,0.004980476364070078,0.004463587970717087,0.0068366509488599824,0.009100184494321685,0.007200075177461577,0.007949278617949153,0.005653131760791103,0.006781606769784773,0.004980476364070078,0.004463587970717087,0.0068366509488599824,0.009100184494321685,0.007200075177461577,0.007949278617949153,0.005653131760791103,0.006781606769784773,0.004980476364070078,0.004463587970717087,0.0068366509488599824,0.009100184494321685,0.007200075177461577,0.007949278617949153,0.004820150703829081,0.005295403993215027,0.005719591196962822,0.004474211744257657,0.005823300681052925,0.006658275100224622,0.006495511042550157,0.008682183807709389,0.005233073585965328,0.00544071859910373,0.004479746470661575,0.004328508211605675,0.004814973095592524,0.008752015953317772,0.006800247641981728,0.01057990571315977,0.005233073585965328,0.00544071859910373,0.004479746470661575,0.004328508211605675,0.004814973095592524,0.008752015953317772,0.006800247641981728,0.01057990571315977
0.014187784046615075,0.01469233636685121,0.014674437329255408,0.01481602378123321,0.016825871078711238,0.015189156412274632,0.015484369028517504,0.013790999997963002,0.014187784046615075,0.01469233636685121,0.014674437329255408,0.01481602378123321,0.016825871078711238,0.015189156412274632,0.015484369028517504,0.013790999997963002,0.014187784046615075,0.01469233636685121,0.014674437329255408,0.01481602378123321,0.016825871078711238,0.015189156412274632,0.015484369028517504,0.013790999997963002,0.014524442327073755,0.013965445808649704,0.015793109781984557,0.012616853103388066,0.015243659923037703,0.015102985945878113,0.012878185753533215,0.012815402638674147,0.014524442327073755,0.013965445808649704,0.015793109781984557,0.012616853103388066,0.015243659923037703,0.015102985945878113,0.012878185753533215,0.012815402638674147,0.014524442327073755,0.013965445808649704,0.015793109781984557,0.012616853103388066,0.015243659923037703,0.015102985945878113,0.012878185753533215,0.012815402638674147,0.017032420393782933,0.014634394696373681,0.01673063912842876,0.015829079393231037,0.01967619368690575,0.017068878933293657,0.01783730980903794,0.012983812814302808,0.017914888559173694,0.014168274022372909,0.01856721877953338,0.01735529242312073,0.01711967331391048,0.018855998522084683,0.01822520053700474,0.017175367406205882,0.017914888559173694,0.014168274022372909,0.01856721877953338,0.01735529242312073,0.01711967331391048,0.018855998522084683,0.01822520053700474,0.017175367406205882
0.04689082841852857,0.04458707379491138,0.04761492126825503,0.04493177315686975,0.04933053199086447,0.04689628693676744,0.04520111936605957,0.04453940047518067,0.04689082841852857,0.04458707379491138,0.04761492126825503,0.04493177315686975,0.04933053199086447,0.04689628693676744,0.04520111936605957,0.04453940047518067,0.04689082841852857,0.04458707379491138,0.04761492126825503,0.04493177315686975,0.04933053199086447,0.04689628693676744,0.04520111936605957,0.04453940047518067,0.051144133641800926,0.046566994341384456,0.04873119900007363,0.049691938898735466,0.04743928456808904,0.05254847078451458,0.051289400049514176,0.05294903268283078,0.051144133641800926,0.046566994341384456,0.04873119900007363,0.049691938898735466,0.04743928456808904,0.05254847078451458,0.051289400049514176,0.05294903268283078,0.051144133641800926,0.046566994341384456,0.04873119900007363,0.049691938898735466,0.04743928456808904,0.05254847078451458,0.051289400049514176,0.05294903268283078,0.05582038159960517,0.05431514942020264,0.05362449753610003,0.05362576846871692,0.05245724703937212,0.0631728645588302,0.05095828357073958,0.06386725857520832,0.058473935980982994,0.051437554073990324,0.05352901444419343,0.05267564783849017,0.054525573966909865,0.04956114620955627,0.04191400389221137,0.053210501171351454,0.058473935980982994,0.051437554073990324,0.05352901444419343,0.05267564783849017,0.054525573966909865,0.04956114620955627,0.04191400389221137,0.053210501171351454
0.015797954377777347,0.018519384315123913,0.01439550166782768,0.01911195907988485,0.014325894078231984,0.017521516416863257,0.013027263368998744,0.017664789604196113,0.015797954377777347,0.018519384315123913,0.01439550166782768,0.01911195907988485,0.014325894078231984,0.017521516416863257,0.013027263368998744,0.017664789604196113,0.015797954377777347,0.018519384315123913,0.01439550166782768,0.01911195907988485,0.014325894078231984,0.017521516416863257,0.013027263368998744,0.017664789604196113,0.015482773218227169,0.01695562815671994,0.017370925823402102,0.016838489019036725,0.01656791818735938,0.016570222067893603,0.012869652061954274,0.013337439689206832,0.015482773218227169,0.01695562815671994,0.017370925823402102,0.016838489019036725,0.01656791818735938,0.016570222067893603,0.012869652061954274,0.013337439689206832,0.015482773218227169,0.01695562815671994,0.017370925823402102,0.016838489019036725,0.01656791818735938,0.016570222067893603,0.012869652061954274,0.013337439689206832,0.014949130487414248,0.01606488346688216,0.016196984650729718,0.01680026967698591,0.01571304829871205,0.015369222727382061,0.016007765131308985,0.014126775089911668,0.016327274348789025,0.01634203023857518,0.015619245265805298,0.016240658579014685,0.017030472175399877,0.015037157043649328,0.01332267365050954,0.012636210495276344,0.016327274348789025,0.01634203023857518,0.015619245265805298,0.016240658579014685,0.017030472175399877,0.015037157043649328,0.01332267365050954,0.012636210495276344
0.027594924820820824,0.030730079357166176,0.027491450207705735,0.03172184558810765,0.02331231098322933,0.030382167660150162,0.028845579922425656,0.031166551755694494,0.027594924820820824,0.030730079357166176,0.027491450207705735,0.03172184558810765,0.02331231098322933,0.030382167660150162,0.028845579922425656,0.031166551755694494,0.027594924820820824,0.030730079357166176,0.027491450207705735,0.03172184558810765,0.02331231098322933,0.030382167660150162,0.028845579922425656,0.031166551755694494,0.02479810549535887,0.022926964511302564,0.026354682218758106,0.02486675040288475,0.03971974468038346,0.02258672944531712,0.0306193365416211,0.027371150856010985,0.02479810549535887,0.022926964511302564,0.026354682218758106,0.02486675040288475,0.03971974468038346,0.02258672944531712,0.0306193365416211,0.027371150856010985,0.02479810549535887,0.022926964511302564,0.026354682218758106,0.02486675040288475,0.03971974468038346,0.02258672944531712,0.0306193365416211,0.027371150856010985,0.028287138846632344,0.027054265052861917,0.02809318519303511,0.025842143926138463,0.030906461311041897,0.029656131394192972,0.030833226127568628,0.029578029202040234,0.02827631373259731,0.0241357027730739,0.03138827524328781,0.02391162124706838,0.028255255709924824,0.029150357088852243,0.03557219106442334,0.029328529067446218,0.02827631373259731,0.0241357027730739,0.03138827524328781,0.02391162124706838,0.028255255709924824,0.029150357088852243,0.03557219106442334,0.029328529067446218
0.04477861978451727,0.04554879911955523,0.047390372060545485,0.04593663004980793,0.05057430713767166,0.04535976575807726,0.047332191398048784,0.047996178850956285,0.04477861978451727,0.04554879911955523,0.047390372060545485,0.04593663004980793,0.05057430713767166,0.04535976575807726,0.047332191398048784,0.047996178850956285,0.04477861978451727,0.04554879911955523,0.047390372060545485,0.04593663004980793,0.05057430713767166,0.04535976575807726,0.047332191398048784,0.047996178850956285,0.049191706176063096,0.050676720363541136,0.050409087406591176,0.051087235711400454,0.0500893678330216,0.04840973199320137,0.04974094414181162,0.05048393733608865,0.049191706176063096,0.050676720363541136,0.050409087406591176,0.051087235711400454,0.0500893678330216,0.04840973199320137,0.04974094414181162,0.05048393733608865,0.049191706176063096,0.050676720363541136,0.050409087406591176,0.051087235711400454,0.0500893678330216,0.04840973199320137,0.04974094414181162,0.05048393733608865,0.047302732085972646,0.04747286341179757,0.04755437639711477,0.05177826423166398,0.0523560710174698,0.05565225047925379,0.051393930874768005,0.05141881598890674,0.045480573172625216,0.048701517355991514,0.047897403290795816,0.05076354858443961,0.05221298809062953,0.05113295666152389,0.04687874587189342,0.046856475386984835,0.045480573172625216,0.048701517355991514,0.047897403290795816,0.05076354858443961,0.05221298809062953,0.05113295666152389,0.04687874587189342,0.046856475386984835
0.02186600788614166,0.02243609758861641,0.021635024599606808,0.02072648374412149,0.01879082159380272,0.021189192793079795,0.021018062756913487,0.019900630369486593,0.02186600788614166,0.02243609758861641,0.021635024599606808,0.02072648374412149,0.01879082159380272,0.021189192793079795,0.021018062756913487,0.019900630369486593,0.02186600788614166,0.02243609758861641,0.021635024599606808,0.02072648374412149,0.01879082159380272,0.021189192793079795,0.021018062756913487,0.019900630369486593,0.021470056445349998,0.019274468688060813,0.018767155808265403,0.020393693670317226,0.021582594354348124,0.014034542669115985,0.018631641783322012,0.020197338602016373,0.021470056445349998,0.019274468688060813,0.018767155808265403,0.020393693670317226,0.021582594354348124,0.014034542669115985,0.018631641783322012,0.020197338602016373,0.021470056445349998,0.019274468688060813,0.018767155808265403,0.020393693670317226,0.021582594354348124,0.014034542669115985,0.018631641783322012,0.020197338602016373,0.017441045538699802,0.020589440505130417,0.017965630640145655,0.01951621908207464,0.028551568311639713,0.01959866828094792,0.023757794832556266,0.026876005838004136,0.019688045308545343,0.02556237133131976,0.018432254861759933,0.020264354338731513,0.025649106093486713,0.027245703143244364,0.018324889291228157,0.02110922366651196,0.019688045308545343,0.02556237133131976,0.018432254861759933,0.020264354338731513,0.025649106093486713,0.027245703143244364,0.018324889291228157,0.02110922366651196
0.04701727494654265,0.047863594688921006,0.04955762574029847,0.04499747649422094,0.04065278245184077,0.04174291836738979,0.03957172720274774,0.037941536207378446,0.04701727494654265,0.047863594688921006,0.04955762574029847,0.04499747649422094,0.04065278245184077,0.04174291836738979,0.03957172720274774,0.037941536207378446,0.04701727494654265,0.047863594688921006,0.04955762574029847,0.04499747649422094,0.04065278245184077,0.04174291836738979,0.03957172720274774,0.037941536207378446,0.045345614826089085,0.04203035226232618,0.04536181331516252,0.04344301144678223,0.034267802591592664,0.03419560046037774,0.041667675753386785,0.03865366344649092,0.045345614826089085,0.04203035226232618,0.04536181331516252,0.04344301144678223,0.034267802591592664,0.03419560046037774,0.041667675753386785,0.03865366344649092,0.045345614826089085,0.04203035226232618,0.04536181331516252,0.04344301144678223,0.034267802591592664,0.03419560046037774,0.041667675753386785,0.03865366344649092,0.042203557934592906,0.04163276045994558,0.0394899597741148,0.04237123584375374,0.02890445256958509,0.03329815874040369,0.03458227534585119,0.039601038336957536,0.03924276145556586,0.042159496250266056,0.04122543197548615,0.04355192366031206,0.034644463613464065,0.036549871428610776,0.0332840037080319,0.03414831526852242,0.03924276145556586,0.042159496250266056,0.04122543197548615,0.04355192366031206,0.034644463613464065,0.036549871428610776,0.0332840037080319,0.03414831526852242
0.008045860848909615,0.008508565481427158,0.00940994126189996,0.008260238613577763,0.005643701121488189,0.0070657783094836505,0.005445440895072358,0.006824528438399052,0.008045860848909615,0.008508565481427158,0.00940994126189996,0.008260238613577763,0.005643701121488189,0.0070657783094836505,0.005445440895072358,0.006824528438399052,0.008045860848909615,0.008508565481427158,0.00940994126189996,0.008260238613577763,0.005643701121488189,0.0070657783094836505,0.005445440895072358,0.006824528438399052,0.0037735447310697553,0.004408082106660498,0.004799748228334153,0.005493553993151334,0.004925271786662889,0.0030105876112500652,0.0033102488314998733,0.004322534970983698,0.0037735447310697553,0.004408082106660498,0.004799748228334153,0.005493553993151334,0.004925271786662889,0.0030105876112500652,0.0033102488314998733,0.004322534970983698,0.0037735447310697553,0.004408082106660498,0.004799748228334153,0.005493553993151334,0.004925271786662889,0.0030105876112500652,0.0033102488314998733,0.004322534970983698,0.00334335291161457,0.0036933044842290303,0.0029307787134105656,0.003413750876469172,0.0022557210990422722,0.002345226209365589,0.002100773881927599,0.002831143385382902,0.002894975181433857,0.0021471812111603715,0.004435436615254007,0.0029081840174809467,0.001844304998974222,0.0027079107589349422,0.0020528506060619035,0.0020323992768682643,0.002894975181433857,0.0021471812111603715,0.004435436615254007,0.0029081840174809467,0.001844304998974222,0.0027079107589349422,0.0020528506060619035,0.0020323992768682643
0.023488069211359035,0.020657220228422982,0.02464303265806682,0.02066500889641487,0.021689092780574133,0.019180427542548464,0.02069045140976092,0.020758025012633165,0.023488069211359035,0.020657220228422982,0.02464303265806682,0.02066500889641487,0.021689092780574133,0.019180427542548464,0.02069045140976092,0.020758025012633165,0.023488069211359035,0.020657220228422982,0.02464303265806682,0.02066500889641487,0.021689092780574133,0.019180427542548464,0.02069045140976092,0.020758025012633165,0.023509597003918588,0.02040502114737098,0.023814574142603843,0.02294905029485798,0.021498590264792932,0.020470402462315067,0.025389185557015956,0.020814469895700294,0.023509597003918588,0.02040502114737098,0.023814574142603843,0.02294905029485798,0.021498590264792932,0.020470402462315067,0.025389185557015956,0.020814469895700294,0.023509597003918588,0.02040502114737098,0.023814574142603843,0.02294905029485798,0.021498590264792932,0.020470402462315067,0.025389185557015956,0.020814469895700294,0.01863605068412962,0.018943052743201263,0.023265504119303115,0.021682272841607477,0.017670206096710526,0.017050596629230703,0.023529806212771207,0.017788159013394065,0.018574504974608743,0.01919040572964639,0.02271171751972735,0.019451370102285297,0.021788903562894885,0.015749033166238838,0.01943482138161188,0.016568912228591283,0.018574504974608743,0.01919040572964639,0.02271171751972735,0.019451370102285297,0.021788903562894885,0.015749033166238838,0.01943482138161188,0.016568912228591283
0.024100691918938846,0.02223707167740819,0.023162534419468913,0.022743112311679598,0.02682531305419748,0.027227192822943433,0.0235563165178046,0.025062321424925538,0.024100691918938846,0.02223707167740819,0.023162534419468913,0.022743112311679598,0.02682531305419748,0.027227192822943433,0.0235563165178046,0.025062321424925538,0.024100691918938846,0.02223707167740819,0.023162534419468913,0.022743112311679598,0.02682531305419748,0.027227192822943433,0.0235563165178046,0.025062321424925538,0.026439759107814337,0.026777074856088153,0.028606769932943508,0.024909666015715995,0.030758791840996627,0.03226382061887146,0.02735140214748796,0.029599892529664898,0.026439759107814337,0.026777074856088153,0.028606769932943508,0.024909666015715995,0.030758791840996627,0.03226382061887146,0.02735140214748796,0.029599892529664898,0.026439759107814337,0.026777074856088153,0.028606769932943508,0.024909666015715995,0.030758791840996627,0.03226382061887146,0.02735140214748796,0.029599892529664898,0.02534164788620074,0.027114474011695214,0.031115830143617518,0.026169580206670144,0.02317918785583343,0.03618038042146616,0.030960384947194428,0.03393008105811765,0.025091119757228268,0.026662096727747622,0.02895166995193693,0.028352984571423785,0.027330263369696635,0.03085882544269029,0.0277587332718546,0.020262591493067604,0.025091119757228268,0.026662096727747622,0.02895166995193693,0.028352984571423785,0.027330263369696635,0.03085882544269029,0.0277587332718546,0.020262591493067604
0.02141682678204288,0.02403767108267802,0.022057583672447312,0.02297074668141334,0.024745687868533223,0.024687553412099352,0.025173078064054978,0.026607498646477247,0.02141682678204288,0.02403767108267802,0.022057583672447312,0.02297074668141334,0.024745687868533223,0.024687553412099352,0.025173078064054978,0.026607498646477247,0.02141682678204288,0.02403767108267802,0.022057583672447312,0.02297074668141334,0.024745687868533223,0.024687553412099352,0.025173078064054978,0.026607498646477247,0.0258832364036991,0.030221927162913442,0.02772715364003416,0.02859230415930118,0.02736187222210384,0.02659133399086602,0.02884559592395833,0.02811244433159127,0.0258832364036991,0.030221927162913442,0.02772715364003416,0.02859230415930118,0.02736187222210384,0.02659133399086602,0.02884559592395833,0.02811244433159127,0.0258832364036991,0.030221927162913442,0.02772715364003416,0.02859230415930118,0.02736187222210384,0.02659133399086602,0.02884559592395833,0.02811244433159127,0.033072317193067934,0.028679065794656736,0.024245936729872502,0.028874536538495303,0.027576900202177807,0.03071651280961975,0.02389891771436352,0.03043230429405206,0.03187357171154979,0.02864374340807136,0.02517517157149803,0.03053539605262052,0.023555911658019145,0.03212963604046765,0.0305323278580649,0.029455068542686893,0.03187357171154979,0.02864374340807136,0.02517517157149803,0.03053539605262052,0.023555911658019145,0.03212963604046765,0.0305323278580649,0.029455068542686893
0.01179512198307542,0.011996992650405727,0.012259779424614085,0.010286102687924877,0.011223463188271757,0.011189753710843894,0.010284561206172268,0.008438973417062989,0.01179512198307542,0.011996992650405727,0.012259779424614085,0.010286102687924877,0.011223463188271757,0.011189753710843894,0.010284561206172268,0.008438973417062989,0.01179512198307542,0.011996992650405727,0.012259779424614085,0.010286102687924877,0.011223463188271757,0.011189753710843894,0.010284561206172268,0.008438973417062989,0.011698740404698699,0.011833340052035254,0.010907869380349244,0.012202748678706,0.010954706622191807,0.01156448582442271,0.009017462834573105,0.009935505203173815,0.011698740404698699,0.011833340052035254,0.010907869380349244,0.012202748678706,0.010954706622191807,0.01156448582442271,0.009017462834573105,0.009935505203173815,0.011698740404698699,0.011833340052035254,0.010907869380349244,0.012202748678706,0.010954706622191807,0.01156448582442271,0.009017462834573105,0.009935505203173815,0.010931523067877506,0.010458865555553589,0.011461067775087397,0.008889682635047037,0.015405309593312084,0.009235986885394025,0.010760879449954843,0.01060995388704158,0.010771484514969456,0.010428844422175178,0.010946359640932974,0.0103983364664636,0.011076100184796761,0.013755337069208574,0.01114463771224052,0.011754257545641411,0.010771484514969456,0.010428844422175178,0.010946359640932974,0.0103983364664636,0.011076100184796761,0.013755337069208574,0.01114463771224052,0.011754257545641411
0.026963632264240204,0.02595506902040615,0.02461747610520196,0.02295395527381003,0.029903027471103922,0.028888653632263995,0.02941642227536358,0.028905409045319488,0.026963632264240204,0.02595506902040615,0.02461747610520196,0.02295395527381003,0.029903027471103922,0.028888653632263995,0.02941642227536358,0.028905409045319488,0.026963632264240204,0.02595506902040615,0.02461747610520196,0.02295395527381003,0.029903027471103922,0.028888653632263995,0.02941642227536358,0.028905409045319488,0.02613008891097717,0.02442153310629738,0.02856606302307705,0.030916120450525754,0.03783479946331455,0.03974122588064725,0.03514256298952147,0.03387442327475347,0.02613008891097717,0.02442153310629738,0.02856606302307705,0.030916120450525754,0.03783479946331455,0.03974122588064725,0.03514256298952147,0.03387442327475347,0.02613008891097717,0.02442153310629738,0.02856606302307705,0.030916120450525754,0.03783479946331455,0.03974122588064725,0.03514256298952147,0.03387442327475347,0.030153814749728693,0.02568224074157206,0.029723307851442112,0.02977991170624742,0.03170784676433061,0.034497408314672594,0.034957186755901454,0.031096106997580652,0.03172934075790039,0.024741148397793365,0.0329574194535675,0.032600014435913725,0.028417270531127848,0.02542116945204097,0.04206428996628373,0.028137974290477295,0.03172934075790039,0.024741148397793365,0.0329574194535675,0.032600014435913725,0.028417270531127848,0.02542116945204097,0.04206428996628373,0.028137974290477295
0.004308118584240844,0.0059547912778691306,0.003687231943836544,0.005500823831369589,0.006389761913573234,0.007682473472216656,0.006758452790976339,0.008029285087786404,0.004308118584240844,0.0059547912778691306,0.003687231943836544,0.005500823831369589,0.006389761913573234,0.007682473472216656,0.006758452790976339,0.008029285087786404,0.004308118584240844,0.0059547912778691306,0.003687231943836544,0.005500823831369589,0.006389761913573234,0.007682473472216656,0.006758452790976339,0.008029285087786404,0.006025898231080152,0.006998542667096778,0.006941365500566323,0.006453155183581385,0.007477593182525523,0.008997887749705722,0.008649619738799465,0.009429072013570223,0.006025898231080152,0.006998542667096778,0.006941365500566323,0.006453155183581385,0.007477593182525523,0.008997887749705722,0.008649619738799465,0.009429072013570223,0.006025898231080152,0.006998542667096778,0.006941365500566323,0.006453155183581385,0.007477593182525523,0.008997887749705722,0.008649619738799465,0.009429072013570223,0.007521329904305326,0.009302816493181473,0.010360915816761603,0.010329521275610537,0.008032294131230714,0.020764542916732145,0.012605031368389917,0.0222661323365428,0.008063722172377429,0.009538743662774208,0.007531869418944035,0.010520963567724974,0.009164614568969724,0.018252202948680626,0.00876023559642216,0.012623573064254276,0.008063722172377429,0.009538743662774208,0.007531869418944035,0.010520963567724974,0.009164614568969724,0.018252202948680626,0.00876023559642216,0.012623573064254276
0.00586483934651168,0.004485058941112023,0.006329929569524034,0.004112773395052221,0.005410561327880074,0.005489038146672895,0.005899425406070909,0.005034971313260112,0.00586483934651168,0.004485058941112023,0.006329929569524034,0.004112773395052221,0.005410561327880074,0.005489038146672895,0.005899425406070909,0.005034971313260112,0.00586483934651168,0.004485058941112023,0.006329929569524034,0.004112773395052221,0.005410561327880074,0.005489038146672895,0.005899425406070909,0.005034971313260112,0.004850924937259461,0.005232579806409434,0.004984314200908829,0.004533193233308096,0.00417884264140033,0.006156972835514889,0.004699977757787398,0.006491646290398115,0.004850924937259461,0.005232579806409434,0.004984314200908829,0.004533193233308096,0.00417884264140033,0.006156972835514889,0.004699977757787398,0.006491646290398115,0.004850924937259461,0.005232579806409434,0.004984314200908829,0.004533193233308096,0.00417884264140033,0.006156972835514889,0.004699977757787398,0.006491646290398115,0.0048124661180846,0.004882973761457758,0.0061017698370708215,0.005953186056807201,0.007887843475298589,0.00770354574919471,0.008725965016662241,0.005829926997237145,0.004816722129325937,0.005203361951337248,0.004375589492272712,0.005804659037123857,0.01037915334908966,0.007786357946322916,0.004730175110901882,0.006546485470618428,0.004816722129325937,0.005203361951337248,0.004375589492272712,0.005804659037123857,0.01037915334908966,0.007786357946322916,0.004730175110901882,0.006546485470618428
0.026978700566371507,0.025118312760656774,0.02742459161090404,0.026372314655014422,0.03001212881999145,0.03059159083604596,0.02791822608720744,0.03030512719167459,0.026978700566371507,0.025118312760656774,0.02742459161090404,0.026372314655014422,0.03001212881999145,0.03059159083604596,0.02791822608720744,0.03030512719167459,0.026978700566371507,0.025118312760656774,0.02742459161090404,0.026372314655014422,0.03001212881999145,0.03059159083604596,0.02791822608720744,0.03030512719167459,0.031727313922283965,0.029587171456924237,0.032563181424100834,0.029614944210645946,0.03429236318204272,0.023181150215418746,0.035623862908068266,0.03299044889191875,0.031727313922283965,0.029587171456924237,0.032563181424100834,0.029614944210645946,0.03429236318204272,0.023181150215418746,0.035623862908068266,0.03299044889191875,0.031727313922283965,0.029587171456924237,0.032563181424100834,0.029614944210645946,0.03429236318204272,0.023181150215418746,0.035623862908068266,0.03299044889191875,0.03247468307869377,0.03318859743793832,0.029847231990254797,0.029273117266614777,0.03319633548704806,0.02863675569623469,0.033591121544496345,0.029592745078631823,0.03190640235995498,0.032960385308197865,0.030287281015343868,0.027384872802861907,0.033979847453773936,0.030315543201909788,0.02516057458310716,0.033664845940022545,0.03190640235995498,0.032960385308197865,0.030287281015343868,0.027384872802861907,0.033979847453773936,0.030315543201909788,0.02516057458310716,0.033664845940022545
0.010332806884807625,0.01261536871421932,0.00847302326406984,0.008880464952914552,0.014976781569324525,0.012831830962694126,0.020056584922279578,0.011971511546811931,0.010332806884807625,0.01261536871421932,0.00847302326406984,0.008880464952914552,0.014976781569324525,0.012831830962694126,0.020056584922279578,0.011971511546811931,0.010332806884807625,0.01261536871421932,0.00847302326406984,0.008880464952914552,0.014976781569324525,0.012831830962694126,0.020056584922279578,0.011971511546811931,0.012325332116352521,0.01370599708153717,0.009647892084509231,0.010105467886131219,0.015893303590397565,0.027984529350174318,0.011456306487285677,0.01120444987931562,0.012325332116352521,0.01370599708153717,0.009647892084509231,0.010105467886131219,0.015893303590397565,0.027984529350174318,0.011456306487285677,0.01120444987931562,0.012325332116352521,0.01370599708153717,0.009647892084509231,0.010105467886131219,0.015893303590397565,0.027984529350174318,0.011456306487285677,0.01120444987931562,0.01367070342145136,0.022075760132905246,0.009704453273353628,0.018137401922784752,0.02398008465822553,0.05218953407446902,0.018175248010861303,0.01081700810296366,0.011671253050283296,0.020924542723432398,0.009134287095101029,0.01513803175216182,0.01853174564903321,0.010427561026617897,0.018316569302310355,0.010612613445582805,0.011671253050283296,0.020924542723432398,0.009134287095101029,0.01513803175216182,0.01853174564903321,0.010427561026617897,0.018316569302310355,0.010612613445582805
0.03734436862158881,0.03485456862212852,0.03812088146970828,0.03435138934731563,0.04141531297475654,0.04457831813372943,0.0418317356114865,0.038103302625995726,0.03734436862158881,0.03485456862212852,0.03812088146970828,0.03435138934731563,0.04141531297475654,0.04457831813372943,0.0418317356114865,0.038103302625995726,0.03734436862158881,0.03485456862212852,0.03812088146970828,0.03435138934731563,0.04141531297475654,0.04457831813372943,0.0418317356114865,0.038103302625995726,0.042903975693129405,0.027895719734777003,0.03379398167055616,0.03545931929465692,0.04266707746229881,0.0418410115628448,0.04045280311692048,0.037043219518284175,0.042903975693129405,0.027895719734777003,0.03379398167055616,0.03545931929465692,0.04266707746229881,0.0418410115628448,0.04045280311692048,0.037043219518284175,0.042903975693129405,0.027895719734777003,0.03379398167055616,0.03545931929465692,0.04266707746229881,0.0418410115628448,0.04045280311692048,0.037043219518284175,0.031409553306453,0.030773706061519846,0.0401663887519725,0.04071171007517572,0.038593251915300504,0.04245829822524904,0.029112972579192934,0.03343051873223075,0.030590145691340668,0.03070140035413464,0.03962469059783543,0.03973502872475427,0.047133112630830025,0.0327336046696027,0.03851504975680181,0.03840983785532013,0.030590145691340668,0.03070140035413464,0.03962469059783543,0.03973502872475427,0.047133112630830025,0.0327336046696027,0.03851504975680181,0.03840983785532013
0.038220345959061056,0.037706033498617564,0.03872498781861095,0.03790287184115692,0.04039559397118383,0.0376262494065828,0.04041057977623789,0.03943796074491243,0.038220345959061056,0.037706033498617564,0.03872498781861095,0.03790287184115692,0.04039559397118383,0.0376262494065828,0.04041057977623789,0.03943796074491243,0.038220345959061056,0.037706033498617564,0.03872498781861095,0.03790287184115692,0.04039559397118383,0.0376262494065828,0.04041057977623789,0.03943796074491243,0.035190887819250706,0.036239002232048144,0.03696377956636172,0.03930292621353478,0.03293724353139334,0.038708169618445774,0.03833023199771967,0.03932211352819796,0.035190887819250706,0.036239002232048144,0.03696377956636172,0.03930292621353478,0.03293724353139334,0.038708169618445774,0.03833023199771967,0.03932211352819796,0.035190887819250706,0.036239002232048144,0.03696377956636172,0.03930292621353478,0.03293724353139334,0.038708169618445774,0.03833023199771967,0.03932211352819796,0.035577347055917245,0.03545135193323958,0.036005497512671,0.038161147551096314,0.03435152041232153,0.04057433250003942,0.03753527570947159,0.03837722442743915,0.03617783844287289,0.03510392657463111,0.036934310054129456,0.03890723484134432,0.033658080118641756,0.03614875951049745,0.036638740398967494,0.039351691746007424,0.03617783844287289,0.03510392657463111,0.036934310054129456,0.03890723484134432,0.033658080118641756,0.03614875951049745,0.036638740398967494,0.039351691746007424
0.012641493487195822,0.010304363641476518,0.011586820092807926,0.009529308321054671,0.011421045890981823,0.010082165822013949,0.010250950978962288,0.009707234983700323,0.012641493487195822,0.010304363641476518,0.011586820092807926,0.009529308321054671,0.011421045890981823,0.010082165822013949,0.010250950978962288,0.009707234983700323,0.012641493487195822,0.010304363641476518,0.011586820092807926,0.009529308321054671,0.011421045890981823,0.010082165822013949,0.010250950978962288,0.009707234983700323,0.015235760052169305,0.014387136491656531,0.015203257889002246,0.010547270874692436,0.026585497906533088,0.01460345594992346,0.006096476893632552,0.023125064205497658,0.015235760052169305,0.014387136491656531,0.015203257889002246,0.010547270874692436,0.026585497906533088,0.01460345594992346,0.006096476893632552,0.023125064205497658,0.015235760052169305,0.014387136491656531,0.015203257889002246,0.010547270874692436,0.026585497906533088,0.01460345594992346,0.006096476893632552,0.023125064205497658,0.021884173405397844,0.012960631543416784,0.013518482677349276,0.013814810726542559,0.013988808441393292,0.020662218468170748,0.03233411960906282,0.02124419820235332,0.017419318484458494,0.010836176019058653,0.012800962342848181,0.012224893942822883,0.01728063346108141,0.014023678026643045,0.02763417808885366,0.014124996231648838,0.017419318484458494,0.010836176019058653,0.012800962342848181,0.012224893942822883,0.01728063346108141,0.014023678026643045,0.02763417808885366,0.014124996231648838
0.008794324894156809,0.007930314032646197,0.008209518076025196,0.009141030475021244,0.010151333603229217,0.009434461987846497,0.010551700572254148,0.009323288476792655,0.008794324894156809,0.007930314032646197,0.008209518076025196,0.009141030475021244,0.010151333603229217,0.009434461987846497,0.010551700572254148,0.009323288476792655,0.008794324894156809,0.007930314032646197,0.008209518076025196,0.009141030475021244,0.010151333603229217,0.009434461987846497,0.010551700572254148,0.009323288476792655,0.007663414670074377,0.008762523094256416,0.00831716585534842,0.008878632375153302,0.00849880604892745,0.006719185601396769,0.007972874515501454,0.008025241281051608,0.007663414670074377,0.008762523094256416,0.00831716585534842,0.008878632375153302,0.00849880604892745,0.006719185601396769,0.007972874515501454,0.008025241281051608,0.007663414670074377,0.008762523094256416,0.00831716585534842,0.008878632375153302,0.00849880604892745,0.006719185601396769,0.007972874515501454,0.008025241281051608,0.008132936280444909,0.009092005419203908,0.007510395599242858,0.009247343067337328,0.008551598264341445,0.009392718685591779,0.00573412295797291,0.00806541188848616,0.008891722470914666,0.009482010493654857,0.007879103410387518,0.00895567325172252,0.007510755445856985,0.007453974138430666,0.00751724925847719,0.00794366712152229,0.008891722470914666,0.009482010493654857,0.007879103410387518,0.00895567325172252,0.007510755445856985,0.007453974138430666,0.00751724925847719,0.00794366712152229
0.029069082320695997,0.026033830896208445,0.027500723373728244,0.030612416926050417,0.031808242962326025,0.03029900647585128,0.028452552582761872,0.031546842761657576,0.029069082320695997,0.026033830896208445,0.027500723373728244,0.030612416926050417,0.031808242962326025,0.03029900647585128,0.028452552582761872,0.031546842761657576,0.029069082320695997,0.026033830896208445,0.027500723373728244,0.030612416926050417,0.031808242962326025,0.03029900647585128,0.028452552582761872,0.031546842761657576,0.0352168904752795,0.03289505411720322,0.03627697155967808,0.036864663554369126,0.02936252619680886,0.03140177177802666,0.03947511696124396,0.032687967151632476,0.0352168904752795,0.03289505411720322,0.03627697155967808,0.036864663554369126,0.02936252619680886,0.03140177177802666,0.03947511696124396,0.032687967151632476,0.0352168904752795,0.03289505411720322,0.03627697155967808,0.036864663554369126,0.02936252619680886,0.03140177177802666,0.03947511696124396,0.032687967151632476,0.03454602704274779,0.0308766436524003,0.02879075791997225,0.03153928213284935,0.02829343763765145,0.021235821072316072,0.029185083489903254,0.02907623487995481,0.03389498919234396,0.03092185604903747,0.03188596726309689,0.03115763619971905,0.023045224670105207,0.016685395790204605,0.03689815142554726,0.03222285639014777,0.03389498919234396,0.03092185604903747,0.03188596726309689,0.03115763619971905,0.023045224670105207,0.016685395790204605,0.03689815142554726,0.03222285639014777
0.0064618230114769845,0.005956364292274203,0.005848269173633143,0.006189427959344455,0.00717308008048573,0.0075008554801805245,0.0077759747159798056,0.007657516572017832,0.0064618230114769845,0.005956364292274203,0.005848269173633143,0.006189427959344455,0.00717308008048573,0.0075008554801805245,0.0077759747159798056,0.007657516572017832,0.0064618230114769845,0.005956364292274203,0.005848269173633143,0.006189427959344455,0.00717308008048573,0.0075008554801805245,0.0077759747159798056,0.007657516572017832,0.007541334725881953,0.005327226308862665,0.006115708025751717,0.004976492363507129,0.005788102375079488,0.007421836216586206,0.006499776460530959,0.006934655748350611,0.007541334725881953,0.005327226308862665,0.006115708025751717,0.004976492363507129,0.005788102375079488,0.007421836216586206,0.006499776460530959,0.006934655748350611,0.007541334725881953,0.005327226308862665,0.006115708025751717,0.004976492363507129,0.005788102375079488,0.007421836216586206,0.006499776460530959,0.006934655748350611,0.00766738634679008,0.006401976615087151,0.004959836881132955,0.006308386301985747,0.007079994244436454,0.008815909504030854,0.004822839574248352,0.0071038670287999865,0.007560371363072567,0.005460143195366026,0.005155475200907635,0.006647641180410402,0.0075955843972248865,0.00809793860186209,0.007600884650045309,0.00790938969232576,0.007560371363072567,0.005460143195366026,0.005155475200907635,0.006647641180410402,0.0075955843972248865,0.00809793860186209,0.007600884650045309,0.00790938969232576
0.022185098482034333,0.02224383224425197,0.02275621460094317,0.021941397777679603,0.020517972297604162,0.01998636330071332,0.021146823262664118,0.021548317156295797,0.022185098482034333,0.02224383224425197,0.02275621460094317,0.021941397777679603,0.020517972297604162,0.01998636330071332,0.021146823262664118,0.021548317156295797,0.022185098482034333,0.02224383224425197,0.02275621460094317,0.021941397777679603,0.020517972297604162,0.01998636330071332,0.021146823262664118,0.021548317156295797,0.02305167210659249,0.02171921013952051,0.0244994314669002,0.021782188960120217,0.022212454889891365,0.02058477479087167,0.021627878213425423,0.022062206157417993,0.02305167210659249,0.02171921013952051,0.0244994314669002,0.021782188960120217,0.022212454889891365,0.02058477479087167,0.021627878213425423,0.022062206157417993,0.02305167210659249,0.02171921013952051,0.0244994314669002,0.021782188960120217,0.022212454889891365,0.02058477479087167,0.021627878213425423,0.022062206157417993,0.023045262206962028,0.022549432139064435,0.022149366381051586,0.020632617515919074,0.02116367109609282,0.02446417819542775,0.024428477856756267,0.022231372407935726,0.02333347632104726,0.02197267072634569,0.02238956757336094,0.019934835410429782,0.019621565561772653,0.02005646443840065,0.021774402900852377,0.022496848227227598,0.02333347632104726,0.02197267072634569,0.02238956757336094,0.019934835410429782,0.019621565561772653,0.02005646443840065,0.021774402900852377,0.022496848227227598
0.0017107976368813456,0.0011795207204395447,0.0018951064684116336,0.0012482885186595634,0.0013818321289647665,0.0011610764378024972,0.0013737547533278183,0.0013566493837841615,0.0017107976368813456,0.0011795207204395447,0.0018951064684116336,0.0012482885186595634,0.0013818321289647665,0.0011610764378024972,0.0013737547533278183,0.0013566493837841615,0.0017107976368813456,0.0011795207204395447,0.0018951064684116336,0.0012482885186595634,0.0013818321289647665,0.0011610764378024972,0.0013737547533278183,0.0013566493837841615,0.0018012674019504073,0.001382913378595887,0.0025668594202539695,0.0014263968987985763,0.0016745742070825064,0.0013015266990496549,0.001969908812597245,0.001156210689726552,0.0018012674019504073,0.001382913378595887,0.0025668594202539695,0.0014263968987985763,0.0016745742070825064,0.0013015266990496549,0.001969908812597245,0.001156210689726552,0.0018012674019504073,0.001382913378595887,0.0025668594202539695,0.0014263968987985763,0.0016745742070825064,0.0013015266990496549,0.001969908812597245,0.001156210689726552,0.0026127344482416667,0.0014823390702304838,0.0023204065895190066,0.0015434591081980359,0.004451596108466633,0.0025492472481251087,0.0024821582786247703,0.0014346762794338723,0.0030523332307961066,0.0017367855140355975,0.002847595543343375,0.0017708741806790268,0.003846505749374318,0.0027590054668075684,0.0027352125072414393,0.0016457581421025407,0.0030523332307961066,0.0017367855140355975,0.002847595543343375,0.0017708741806790268,0.003846505749374318,0.0027590054668075684,0.0027352125072414393,0.0016457581421025407
0.05622320592995762,0.057372943721169675,0.0555934268008702,0.05717603671758909,0.0648048089815857,0.05981254924831607,0.058039834369989406,0.058470187616620525,0.05622320592995762,0.057372943721169675,0.0555934268008702,0.05717603671758909,0.0648048089815857,0.05981254924831607,0.058039834369989406,0.058470187616620525,0.05622320592995762,0.057372943721169675,0.0555934268008702,0.05717603671758909,0.0648048089815857,0.05981254924831607,0.058039834369989406,0.058470187616620525,0.054438610113942555,0.06088687264217796,0.06026690758636939,0.0654128701244204,0.060803221684685084,0.0663125772263674,0.05099300102690025,0.06713251712829615,0.054438610113942555,0.06088687264217796,0.06026690758636939,0.0654128701244204,0.060803221684685084,0.0663125772263674,0.05099300102690025,0.06713251712829615,0.054438610113942555,0.06088687264217796,0.06026690758636939,0.0654128701244204,0.060803221684685084,0.0663125772263674,0.05099300102690025,0.06713251712829615,0.06506691330249849,0.06020124928095325,0.052627282106284604,0.06325372173002458,0.06682134620685541,0.06012950909874029,0.04951651008450444,0.06514743893509091,0.0658626974768663,0.06389550551332675,0.052392759629681825,0.061420719768563024,0.06720266571742047,0.058192546706879074,0.06507395134871564,0.05743189406122134,0.0658626974768663,0.06389550551332675,0.052392759629681825,0.061420719768563024,0.06720266571742047,0.058192546706879074,0.06507395134871564,0.05743189406122134
0.04012687705487034,0.03914267131678128,0.038737961092750864,0.040933421024657794,0.0401587666173222,0.03962473056244059,0.040175146894786934,0.04012327123904407,0.04012687705487034,0.03914267131678128,0.038737961092750864,0.040933421024657794,0.0401587666173222,0.03962473056244059,0.040175146894786934,0.04012327123904407,0.04012687705487034,0.03914267131678128,0.038737961092750864,0.040933421024657794,0.0401587666173222,0.03962473056244059,0.040175146894786934,0.04012327123904407,0.033890855528536816,0.03218876787452511,0.034049816089463385,0.030766968120311374,0.02837642335267561,0.03286378651663737,0.031621314842044855,0.029877690588494033,0.033890855528536816,0.03218876787452511,0.034049816089463385,0.030766968120311374,0.02837642335267561,0.03286378651663737,0.031621314842044855,0.029877690588494033,0.033890855528536816,0.03218876787452511,0.034049816089463385,0.030766968120311374,0.02837642335267561,0.03286378651663737,0.031621314842044855,0.029877690588494033,0.036641913785080304,0.035737223019748014,0.0361527642437534,0.033445874283747394,0.04821055060377575,0.03736862257635831,0.032237731934532395,0.03370060908178025,0.03748028965553503,0.038938877627775266,0.03432483844597604,0.03529537157898755,0.05191498298943537,0.03487591458254897,0.03747566541116604,0.04036420887953554,0.03748028965553503,0.038938877627775266,0.03432483844597604,0.03529537157898755,0.05191498298943537,0.03487591458254897,0.03747566541116604,0.04036420887953554
0.16322662671240942,0.15877103198652234,0.15826581710148419,0.15677963295303868,0.15994464225520055,0.15417258856097146,0.1461505998724513,0.16140238655418357,0.16322662671240942,0.15877103198652234,0.15826581710148419,0.15677963295303868,0.15994464225520055,0.15417258856097146,0.1461505998724513,0.16140238655418357,0.16322662671240942,0.15877103198652234,0.15826581710148419,0.15677963295303868,0.15994464225520055,0.15417258856097146,0.1461505998724513,0.16140238655418357,0.16208526712751473,0.15889211150138904,0.16068369316531123,0.15838652366187247,0.15408941956516875,0.15866652463615094,0.18331858558932837,0.17715769376881024,0.16208526712751473,0.15889211150138904,0.16068369316531123,0.15838652366187247,0.15408941956516875,0.15866652463615094,0.18331858558932837,0.17715769376881024,0.16208526712751473,0.15889211150138904,0.16068369316531123,0.15838652366187247,0.15408941956516875,0.15866652463615094,0.18331858558932837,0.17715769376881024,0.16536611929058875,0.18267730170862723,0.1844078479012273,0.17252749948075766,0.16180100430884362,0.15514973950561772,0.17398901517244106,0.17470054005877397,0.15970254932023137,0.1821006455248077,0.17307195536331435,0.18589259846347483,0.15102817440548807,0.1412673796736301,0.16832929706593636,0.16856240130088096,0.15970254932023137,0.1821006455248077,0.17307195536331435,0.18589259846347483,0.15102817440548807,0.1412673796736301,0.16832929706593636,0.16856240130088096
