"(7, 5, 0.1, 0.8, 0.8)","(7, 5, 0.1, 0.8, 1.0)","(7, 5, 0.1, 1.0, 0.8)","(7, 5, 0.1, 1.0, 1.0)","(7, 5, 0.2, 0.8, 0.8)","(7, 5, 0.2, 0.8, 1.0)","(7, 5, 0.2, 1.0, 0.8)","(7, 5, 0.2, 1.0, 1.0)","(7, 7, 0.1, 0.8, 0.8)","(7, 7, 0.1, 0.8, 1.0)","(7, 7, 0.1, 1.0, 0.8)","(7, 7, 0.1, 1.0, 1.0)","(7, 7, 0.2, 0.8, 0.8)","(7, 7, 0.2, 0.8, 1.0)","(7, 7, 0.2, 1.0, 0.8)","(7, 7, 0.2, 1.0, 1.0)","(7, 10, 0.1, 0.8, 0.8)","(7, 10, 0.1, 0.8, 1.0)","(7, 10, 0.1, 1.0, 0.8)","(7, 10, 0.1, 1.0, 1.0)","(7, 10, 0.2, 0.8, 0.8)","(7, 10, 0.2, 0.8, 1.0)","(7, 10, 0.2, 1.0, 0.8)","(7, 10, 0.2, 1.0, 1.0)","(15, 5, 0.1, 0.8, 0.8)","(15, 5, 0.1, 0.8, 1.0)","(15, 5, 0.1, 1.0, 0.8)","(15, 5, 0.1, 1.0, 1.0)","(15, 5, 0.2, 0.8, 0.8)","(15, 5, 0.2, 0.8, 1.0)","(15, 5, 0.2, 1.0, 0.8)","(15, 5, 0.2, 1.0, 1.0)","(15, 7, 0.1, 0.8, 0.8)","(15, 7, 0.1, 0.8, 1.0)","(15, 7, 0.1, 1.0, 0.8)","(15, 7, 0.1, 1.0, 1.0)","(15, 7, 0.2, 0.8, 0.8)","(15, 7, 0.2, 0.8, 1.0)","(15, 7, 0.2, 1.0, 0.8)","(15, 7, 0.2, 1.0, 1.0)","(15, 10, 0.1, 0.8, 0.8)","(15, 10, 0.1, 0.8, 1.0)","(15, 10, 0.1, 1.0, 0.8)","(15, 10, 0.1, 1.0, 1.0)","(15, 10, 0.2, 0.8, 0.8)","(15, 10, 0.2, 0.8, 1.0)","(15, 10, 0.2, 1.0, 0.8)","(15, 10, 0.2, 1.0, 1.0)","(31, 5, 0.1, 0.8, 0.8)","(31, 5, 0.1, 0.8, 1.0)","(31, 5, 0.1, 1.0, 0.8)","(31, 5, 0.1, 1.0, 1.0)","(31, 5, 0.2, 0.8, 0.8)","(31, 5, 0.2, 0.8, 1.0)","(31, 5, 0.2, 1.0, 0.8)","(31, 5, 0.2, 1.0, 1.0)","(31, 7, 0.1, 0.8, 0.8)","(31, 7, 0.1, 0.8, 1.0)","(31, 7, 0.1, 1.0, 0.8)","(31, 7, 0.1, 1.0, 1.0)","(31, 7, 0.2, 0.8, 0.8)","(31, 7, 0.2, 0.8, 1.0)","(31, 7, 0.2, 1.0, 0.8)","(31, 7, 0.2, 1.0, 1.0)","(31, 10, 0.1, 0.8, 0.8)","(31, 10, 0.1, 0.8, 1.0)","(31, 10, 0.1, 1.0, 0.8)","(31, 10, 0.1, 1.0, 1.0)","(31, 10, 0.2, 0.8, 0.8)","(31, 10, 0.2, 0.8, 1.0)","(31, 10, 0.2, 1.0, 0.8)","(31, 10, 0.2, 1.0, 1.0)"
2.021829237421203,2.125872368965827,2.181336218662245,2.239734142262587,1.9661212419608236,2.104488515822442,1.9830689470441054,2.2566377309179497,2.021829237421203,2.125872368965827,2.181336218662245,2.239734142262587,1.9661212419608236,2.104488515822442,1.9830689470441054,2.2566377309179497,2.021829237421203,2.125872368965827,2.181336218662245,2.239734142262587,1.9661212419608236,2.104488515822442,1.9830689470441054,2.2566377309179497,2.1044759906799326,1.9077169075133225,2.066872945642001,2.1767410841008203,1.949682476591897,1.911785383296599,2.000972449109959,2.0036434644392283,2.1044759906799326,1.9077169075133225,2.066872945642001,2.1767410841008203,1.949682476591897,1.911785383296599,2.000972449109959,2.0036434644392283,2.1044759906799326,1.9077169075133225,2.066872945642001,2.1767410841008203,1.949682476591897,1.911785383296599,2.000972449109959,2.0036434644392283,2.040956572595882,2.038853776883968,2.1335630787098427,2.2396065772390394,1.9544314222666717,2.3892382537574552,2.155629525318232,2.5903291870888285,2.0304010735095197,2.179883965992001,2.1253643717680033,2.3467783486954934,2.102490240367484,2.302964040596877,2.3725759975224268,2.3102697753954424,2.0304010735095197,2.179883965992001,2.1253643717680033,2.3467783486954934,2.102490240367484,2.302964040596877,2.3725759975224268,2.3102697753954424
1.0120612109669664,1.2602742471663115,1.0103259271750036,1.1318534333071375,1.24055921611789,1.0294137600966848,1.222657265960162,1.5150268120269612,1.0120612109669664,1.2602742471663115,1.0103259271750036,1.1318534333071375,1.24055921611789,1.0294137600966848,1.222657265960162,1.5150268120269612,1.0120612109669664,1.2602742471663115,1.0103259271750036,1.1318534333071375,1.24055921611789,1.0294137600966848,1.222657265960162,1.5150268120269612,1.0892026455603088,1.0526832839517088,0.9530580942478072,1.0234567908806549,1.26360669906407,1.216141142553202,1.1602848081813164,0.9187982371347757,1.0892026455603088,1.0526832839517088,0.9530580942478072,1.0234567908806549,1.26360669906407,1.216141142553202,1.1602848081813164,0.9187982371347757,1.0892026455603088,1.0526832839517088,0.9530580942478072,1.0234567908806549,1.26360669906407,1.216141142553202,1.1602848081813164,0.9187982371347757,0.9674022992964849,0.9907881700751519,0.9825743650171046,1.0042384122307635,0.9359405704481986,1.0783348044220555,0.820910647780159,1.0036510894229003,0.9753765244744462,1.1403335242109363,0.8804462644127026,1.0227516738284372,1.2156520537124742,1.0831505897273315,0.8538747120322988,0.8293200148723461,0.9753765244744462,1.1403335242109363,0.8804462644127026,1.0227516738284372,1.2156520537124742,1.0831505897273315,0.8538747120322988,0.8293200148723461
0.1292717100082902,0.05612464723265997,0.12802472902529297,0.08081565932302855,0.1203362897068304,0.03563294332745299,0.17657446764591977,0.1074525133506548,0.1292717100082902,0.05612464723265997,0.12802472902529297,0.08081565932302855,0.1203362897068304,0.03563294332745299,0.17657446764591977,0.1074525133506548,0.1292717100082902,0.05612464723265997,0.12802472902529297,0.08081565932302855,0.1203362897068304,0.03563294332745299,0.17657446764591977,0.1074525133506548,0.05314890862733306,0.07081935448387873,0.06841636790201133,0.09080420841418148,0.0656913235326228,0.052276797391045786,0.1151197538368449,0.03921690619245478,0.05314890862733306,0.07081935448387873,0.06841689574062147,0.09080420841418148,0.0656913235326228,0.052276797391045786,0.1151197538368449,0.03921690619245478,0.05314890862733306,0.07081935448387873,0.06841689574062147,0.09080420841418148,0.0656913235326228,0.052276797391045786,0.1151197538368449,0.03921690619245478,0.054309675162628655,0.05126686683390555,0.039584254427027295,0.05283930385792366,0.10309886459671962,0.14669213519426513,0.18074327312552585,0.1477774612394408,0.060088503462224684,0.08176571422117507,0.054374098647298495,0.06341907054994629,0.0626514837441625,0.13380719798741228,0.0831767273711503,0.31941281695217943,0.060088503462224684,0.08176571422117507,0.054374098647298495,0.0715916825465322,0.0626514837441625,0.13380719798741228,0.0831767273711503,0.31941281695217943
0.3917131878019234,0.39086357869005456,0.4011603685496668,0.43989144278293446,0.2792008702728793,0.514209129719052,0.27550849917857795,0.24484166980314315,0.3917131878019234,0.39086357869005456,0.4011603685496668,0.43989144278293446,0.2792008702728793,0.514209129719052,0.27550849917857795,0.24484166980314315,0.3917131878019234,0.39086357869005456,0.4011603685496668,0.43989144278293446,0.2792008702728793,0.514209129719052,0.27550849917857795,0.24484166980314315,0.2958037522666361,0.457503746739448,0.4358581028668455,0.4256434894938961,0.7154851478577676,0.44700183142292377,0.38109921523633755,0.18389242549764218,0.2958037522666361,0.457503746739448,0.4358581028668455,0.4256434894938961,0.7154851478577676,0.44700183142292377,0.38109921523633755,0.18389242549764218,0.2958037522666361,0.457503746739448,0.4358581028668455,0.4256434894938961,0.7154851478577676,0.44700183142292377,0.38109921523633755,0.18389242549764218,0.36785211710529064,0.2833505682898261,0.22918990323741972,0.2429102186294519,0.1842407581291929,0.14007544764855734,0.1548622239913856,0.42181968001999315,0.3106115383851893,0.33611322862458554,0.33936983372539403,0.17071057810166468,0.31550861583529594,0.1433171741233213,0.3045392888863605,0.20098818366159119,0.3106115383851893,0.33611322862458554,0.33936983372539403,0.17071057810166468,0.31550861583529594,0.1433171741233213,0.3045392888863605,0.20098818366159119
0.5666436520662912,0.6086312352563227,0.8707156673362565,0.7013167455423097,0.6883416950889621,0.6470620450130776,0.8344510973580967,0.6186321127434652,0.5666436520662912,0.6086312352563227,0.8707156673362565,0.7013167455423097,0.6883416950889621,0.6470620450130776,0.8344510973580967,0.6186321127434652,0.5666436520662912,0.6086312352563227,0.8707156673362565,0.7013167455423097,0.6883416950889621,0.6470620450130776,0.8344510973580967,0.6186321127434652,0.48317080613188634,0.644360541345931,0.5622799602601154,0.6100670341318435,0.436161237536334,0.579571528492969,0.6341381252418601,0.4173981737679125,0.48317080613188634,0.644360541345931,0.5622799602601154,0.6100670341318435,0.436161237536334,0.579571528492969,0.6341381252418601,0.4173981737679125,0.48317080613188634,0.644360541345931,0.5622799602601154,0.6100670341318435,0.436161237536334,0.579571528492969,0.6341381252418601,0.4173981737679125,0.38461030269672886,0.4225064869785253,0.40105237285609124,0.31737757002960976,0.3881416641528743,0.6202790615835525,0.3375519720270544,0.5999316379900933,0.5650691468213931,0.39641865248082214,0.4729393357517759,0.38695644685531627,0.42636234869539147,0.249635342704923,0.521878649310467,0.4054680768363962,0.5650691468213931,0.39641865248082214,0.4729393357517759,0.38695644685531627,0.42636234869539147,0.249635342704923,0.521878649310467,0.4054680768363962
2.3830820874113274,2.2172551398729192,2.1699936462613136,2.5246292532627845,2.0000255816471233,3.1734266021451165,3.2121712561240514,3.498221646802264,2.3830820874113274,2.2172551398729192,2.1699936462613136,2.5246292532627845,2.0000255816471233,3.1734266021451165,3.2121712561240514,3.498221646802264,2.3830820874113274,2.2172551398729192,2.1699936462613136,2.5246292532627845,2.0000255816471233,3.1734266021451165,3.2121712561240514,3.498221646802264,1.8414847972385449,2.2732910232933445,1.5689824859196038,1.6376101732412152,2.4389777124986214,2.7950848888844284,1.5463524579173236,1.5714252411292038,1.8414847972385449,2.2732910232933445,1.5689824859196038,1.6376101732412152,2.4389777124986214,2.7950848888844284,1.5463524579173236,1.5714252411292038,1.8414847972385449,2.2732910232933445,1.5689824859196038,1.6376101732412152,2.4389777124986214,2.7950848888844284,1.5463524579173236,1.5714252411292038,1.9869390718859392,1.3376566245853154,0.9626503258895205,1.347323162303702,2.7552560043189276,1.7264085833704748,1.5788188724939354,1.4886164412754093,2.156374244310526,1.4669366416002683,1.4841404414049675,0.9287262855383096,2.2486369695799544,1.379691644441009,1.0220354843444268,1.911034664694243,2.156374244310526,1.4669366416002683,1.4841404414049675,0.9287262855383096,2.2486369695799544,1.379691644441009,1.0220354843444268,1.911034664694243
2.176446459770154,2.1509445363625734,2.244659136485165,2.328935545016473,3.4453397648092707,2.6901737243601076,3.934726841279234,2.695072961415185,2.176446459770154,2.1509445363625734,2.244659136485165,2.328935545016473,3.4453397648092707,2.6901737243601076,3.934726841279234,2.695072961415185,2.176446459770154,2.1509445363625734,2.244659136485165,2.328935545016473,3.4453397648092707,2.6901737243601076,3.934726841279234,2.695072961415185,2.1978805933555394,2.302307318543363,2.2280476410007064,2.0605992426995354,4.3249348056794155,2.4318481147661437,4.0548151474734215,3.655834801590067,2.1978805933555394,2.302307318543363,2.2280476410007064,2.0605992426995354,4.3249348056794155,2.4318481147661437,4.0548151474734215,3.655834801590067,2.1978805933555394,2.302307318543363,2.2280476410007064,2.0605992426995354,4.3249348056794155,2.4318481147661437,4.0548151474734215,3.655834801590067,1.58642400685125,2.1001189557141995,2.2876269957421136,2.634204268445135,3.412220007027149,2.9004974553585887,2.731614704871278,2.5065398665018512,1.7005712507785011,2.4663397449300843,2.474235732514795,3.0486037184499013,3.0637781971819575,2.9475231045343717,2.027916210581337,2.8335022620377557,1.7005712507785011,2.4663397449300843,2.474235732514795,3.0486037184499013,3.0637781971819575,2.9475231045343717,2.027916210581337,2.8335022620377557
1.7577446841578326,1.6137556946048888,1.583566538487769,1.4157349697916317,1.4612769962715564,1.6872170748937547,1.4714614212917716,1.4508202018124594,1.7577446841578326,1.6137556946048888,1.583566538487769,1.4157349697916317,1.4612769962715564,1.6872170748937547,1.4714614212917716,1.4508202018124594,1.7577446841578326,1.6137556946048888,1.583566538487769,1.4157349697916317,1.4612769962715564,1.6872170748937547,1.4714614212917716,1.4508202018124594,1.7038304934687807,1.77396217474676,1.5979653821398785,1.5823414823907456,2.249777167619317,1.2795454608827455,1.6427403217672973,1.6240632656283387,1.7038304934687807,1.77396217474676,1.5979653821398785,1.5823414823907456,2.249777167619317,1.2795454608827455,1.6427403217672973,1.6240632656283387,1.7038304934687807,1.77396217474676,1.5979653821398785,1.5823414823907456,2.249777167619317,1.2795454608827455,1.6427403217672973,1.6240632656283387,1.7028133193878017,1.6642466714453334,1.884679242232303,1.7338851845858754,2.4245856619530604,2.3868600896522607,2.316185287969858,1.6830491527942006,1.7899323217500198,1.722784270396301,1.8710617230432902,1.8602429165587118,2.0209021630816886,2.009909080107309,1.8726743356010085,1.7724029528784833,1.7899323217500198,1.722784270396301,1.8710617230432902,1.8602429165587118,2.0209021630816886,2.009909080107309,1.8726743356010085,1.7724029528784833
1.1149455446953018,1.093580662910367,1.1583629401946098,1.0986838051616779,1.1901612927339646,0.892380135587083,1.0057064771418587,1.0693727685139123,1.1149455446953018,1.093580662910367,1.1583629401946098,1.0986838051616779,1.1901612927339646,0.892380135587083,1.0057064771418587,1.0693727685139123,1.1149455446953018,1.093580662910367,1.1583629401946098,1.0986838051616779,1.1901612927339646,0.892380135587083,1.0057064771418587,1.0693727685139123,0.8594218494323475,0.8932860319211937,1.0228007650549151,1.0627269192175284,0.8722868084176123,0.7855197594461604,0.9908129185765348,0.8932027916966337,0.8594218494323475,0.8932860319211937,1.0228007650549151,1.0627269192175284,0.8722868084176123,0.7855197594461604,0.9908129185765348,0.8932027916966337,0.8594218494323475,0.8932860319211937,1.0228007650549151,1.0627269192175284,0.8722868084176123,0.7855197594461604,0.9908129185765348,0.8932027916966337,1.0464870580521193,0.9803364697431298,1.0048556654264427,0.973286498719926,0.998040922451142,1.02971442442144,0.9387277679463201,1.032345095183478,1.0315807379363422,1.074418167404655,1.1178478122576763,1.0448798079304542,0.9033216194309994,1.1859114366867756,1.0692517942164796,0.8940108058196734,1.0315807379363422,1.074418167404655,1.1178478122576763,1.0448798079304542,0.9033216194309994,1.1859114366867756,1.0692517942164796,0.8940108058196734
0.9189859512987425,0.9198980304109281,0.9772542552450112,0.962118435186898,0.8572420207398165,0.8601233536704141,0.9072327971486545,0.9152190976186436,0.9189859512987425,0.9198980304109281,0.9772542552450112,0.962118435186898,0.8572420207398165,0.8601233536704141,0.9072327971486545,0.9152190976186436,0.9189859512987425,0.9198980304109281,0.9772542552450112,0.962118435186898,0.8572420207398165,0.8601233536704141,0.9072327971486545,0.9152190976186436,0.9115018651079472,1.0472690181141284,0.8920341268136821,0.8984203462951845,1.0087498635658392,0.8561627999544984,0.9454518457009211,1.1276658066782883,0.9115018651079472,1.0472690181141284,0.8920341268136821,0.8984203462951845,1.0087498635658392,0.8561627999544984,0.9454518457009211,1.1276658066782883,0.9115018651079472,1.0472690181141284,0.8920341268136821,0.8984203462951845,1.0087498635658392,0.8561627999544984,0.9454518457009211,1.1276658066782883,0.9320925302152404,0.9567566053207773,0.9568838401705629,1.0373460116764324,1.210766430436271,1.0331144471892455,0.8388822908377167,1.0091668111775827,1.069451723615834,0.9709111042157179,1.0595083168582895,0.9644080437513856,1.172707672891388,1.2018318014591791,0.907023538248515,1.1883609424293482,1.069451723615834,0.9709111042157179,1.0595083168582895,0.9644080437513856,1.172707672891388,1.2018318014591791,0.907023538248515,1.1148195787683435
0.6426378139669726,0.5472823246586376,0.6591227355676618,0.635946538342468,0.6106236831253004,0.5401744976679251,0.7068475505859521,0.5432822866335247,0.6426378139669726,0.5472823246586376,0.6591227355676618,0.635946538342468,0.6106236831253004,0.5401744976679251,0.7068475505859521,0.5432822866335247,0.6426378139669726,0.5472823246586376,0.6591227355676618,0.635946538342468,0.6106236831253004,0.5401744976679251,0.7068475505859521,0.5432822866335247,0.5596753409471497,0.5104833035152812,0.5203606912294743,0.5355067759139416,0.5440001723601785,0.5279575099110534,0.5328237913824839,0.5933892944606326,0.5596753409471497,0.5104833035152812,0.5203606912294743,0.5355067759139416,0.5440001723601785,0.5279575099110534,0.5328237913824839,0.5933892944606326,0.5596753409471497,0.5104833035152812,0.5203606912294743,0.5355067759139416,0.5440001723601785,0.5279575099110534,0.5328237913824839,0.5933892944606326,0.7691204874793345,0.677094248782531,0.5973986780327027,0.5437181801674128,0.7017690190471139,0.7790992193284021,0.5941162498002582,0.5793816867734265,0.6722170364872877,0.5497646205162562,0.5577964412951363,0.5874318966147621,0.5415272888694269,0.725050949121999,0.4554396551874941,0.644035976718843,0.6722170364872877,0.5497646205162562,0.5577964412951363,0.5874318966147621,0.5415272888694269,0.725050949121999,0.4554396551874941,0.644035976718843
0.1719763082902475,0.18659926134229335,0.15666003416584298,0.1636528365311188,0.2504682983130975,0.15312050894522253,0.2865635070865566,0.20163216571727693,0.1719763082902475,0.18659926134229335,0.15666003416584298,0.1636528365311188,0.2504682983130975,0.15312050894522253,0.2865635070865566,0.20163216571727693,0.1719763082902475,0.18659926134229335,0.15666003416584298,0.1636528365311188,0.2504682983130975,0.15312050894522253,0.2865635070865566,0.20163216571727693,0.13867021712436786,0.1405829151652606,0.17276817216802848,0.14125879512261055,0.15875616387883276,0.1392780559119101,0.16059647177421296,0.13405080806954348,0.13867021712436786,0.1405829151652606,0.17276817216802848,0.14125879512261055,0.15875616387883276,0.1392780559119101,0.16059647177421296,0.13405080806954348,0.13867021712436786,0.1405829151652606,0.17276817216802848,0.14125879512261055,0.15875616387883276,0.1392780559119101,0.16059647177421296,0.13405080806954348,0.07771058702816387,0.13021492916372582,0.12920485541438362,0.13854660143527806,0.13642651907611814,0.23942459666100976,0.18338595842737815,0.1088806326576597,0.13292310886469036,0.1379519598015756,0.1845765280983043,0.13094885220813246,0.14161718117888306,0.11521270018790325,0.15084000054796357,0.06429050860454626,0.13292310886469036,0.1379519598015756,0.1845765280983043,0.13094885220813246,0.14161718117888306,0.11521270018790325,0.15084000054796357,0.06429050860454626
1.9010556062488597,1.3919230987859688,2.029191925497267,2.0665734395021547,2.4970256626781646,1.313302357925272,2.1263101164155707,1.7641790088628233,1.9010556062488597,1.3919230987859688,2.029191925497267,2.0665734395021547,2.4970256626781646,1.313302357925272,2.1263101164155707,1.7641790088628233,1.9010556062488597,1.3919230987859688,2.029191925497267,2.0665734395021547,2.4970256626781646,1.313302357925272,2.1263101164155707,1.7641790088628233,1.1208765265394265,1.5632360129972798,1.247959753262053,1.1818260837009142,1.6682166366224096,2.2554670722943913,2.0988808844796045,0.9433053779167352,1.1208765265394265,1.5632360129972798,1.247959753262053,1.1818260837009142,1.6682166366224096,2.2554670722943913,2.0988808844796045,0.9433053779167352,1.1208765265394265,1.5632360129972798,1.247959753262053,1.1818260837009142,1.6682166366224096,2.2554670722943913,2.0988808844796045,0.9433053779167352,1.4903192560761287,1.543430259224928,1.6824060645949999,0.9120735710410919,1.5203916829823996,2.3374163184995234,1.0044055775919507,1.0261404278797124,1.49688300826379,1.5250672002159822,1.2851079329402666,1.07708808971919,2.0594118166213793,1.9848333627561157,1.0596908130669562,1.4176878978490541,1.49688300826379,1.5250672002159822,1.2851079329402666,1.07708808971919,2.0594118166213793,1.9848333627561157,1.0596908130669562,1.4176878978490541
1.013908352310605,1.0499689061924873,1.1176460341018817,1.0453592123406172,1.1015951742116046,1.2051485994529236,1.1224339156637273,1.0313978739073144,1.013908352310605,1.0499689061924873,1.1176460341018817,1.0453592123406172,1.1015951742116046,1.2051485994529236,1.1224339156637273,1.0313978739073144,1.013908352310605,1.0499689061924873,1.1176460341018817,1.0453592123406172,1.1015951742116046,1.2051485994529236,1.1224339156637273,1.0313978739073144,1.1147075119293781,1.0289916147652123,1.059273168782128,1.0496948526228853,1.4047979673083433,1.2013148719443736,1.127182742629558,1.1696716849149758,1.1147075119293781,1.0289916147652123,1.059273168782128,1.0496948526228853,1.4047979673083433,1.2013148719443736,1.127182742629558,1.1696716849149758,1.1147075119293781,1.0289916147652123,1.059273168782128,1.0496948526228853,1.4047979673083433,1.2013148719443736,1.127182742629558,1.1696716849149758,1.0662214822855849,1.2211909254584985,1.0341025771339223,1.2271408494252596,1.5109997962245674,1.1048754259555358,1.1894892856009878,1.4864280795492695,1.1747593943820476,1.2119158763417264,1.0895799005553146,1.2794825647312582,1.2278033240689075,1.235627057729152,1.0721180337694431,1.7875653592863046,1.1747593943820476,1.2119158763417264,1.0895799005553146,1.2794825647312582,1.2278033240689075,1.235627057729152,1.0721180337694431,1.7875653592863046
1.5252369759925086,1.6590001971315722,1.5786899162585566,1.6144610123788872,1.763819622415816,1.4273349816161258,1.7280010865125635,1.7049526394326497,1.5252369759925086,1.6590001971315722,1.5786899162585566,1.6144610123788872,1.763819622415816,1.4273349816161258,1.7280010865125635,1.7049526394326497,1.5252369759925086,1.6590001971315722,1.5786899162585566,1.6144610123788872,1.763819622415816,1.4273349816161258,1.7280010865125635,1.7049526394326497,1.4530507632199403,1.5007553381007628,1.6532543920465268,1.6416496489224779,1.7584024950087414,1.5689853999735741,1.5155996473823483,1.5592884731755134,1.4530507632199403,1.5007553381007628,1.6532543920465268,1.6416496489224779,1.7584024950087414,1.5689853999735741,1.5155996473823483,1.5592884731755134,1.4530507632199403,1.5007553381007628,1.6532543920465268,1.6416496489224779,1.7584024950087414,1.5689853999735741,1.5155996473823483,1.5592884731755134,1.6085017631602745,1.6714118112909142,1.7099627675477116,1.668654394581542,1.6829506204682274,1.7108030737175854,1.87126082871015,1.4292802411527838,1.524352982632887,1.6685067464264927,1.8070565729186479,1.593117351882422,1.668286071789883,1.635115683393821,1.8489232226398455,2.0266192914704524,1.524352982632887,1.6685067464264927,1.8070565729186479,1.593117351882422,1.668286071789883,1.635115683393821,1.8489232226398455,2.0266192914704524
0.4074354461036877,0.40815484562852367,0.3986664728657262,0.3972001334989674,0.37082682531113537,0.37587514906261854,0.3811871464316866,0.3792483621046295,0.4074354461036877,0.40815484562852367,0.3986664728657262,0.3972001334989674,0.37082682531113537,0.37587514906261854,0.3811871464316866,0.3792483621046295,0.4074354461036877,0.40815484562852367,0.3986664728657262,0.3972001334989674,0.37082682531113537,0.37587514906261854,0.3811871464316866,0.3792483621046295,0.2870851458835699,0.226740854312367,0.2900951038164671,0.25293268691786647,0.20044795045840536,0.27118426127617984,0.24229865286891444,0.22025255620095247,0.2870851458835699,0.226740854312367,0.2900951038164671,0.25293268691786647,0.20044795045840536,0.27118426127617984,0.24229865286891444,0.22025255620095247,0.2870851458835699,0.226740854312367,0.2900951038164671,0.25293268691786647,0.20044795045840536,0.27118426127617984,0.24229865286891444,0.22025255620095247,0.2558104088802107,0.22913473792917777,0.2915839519611418,0.29788595909318805,0.22849333104244524,0.2762942957764892,0.20362722478909132,0.21363476659670252,0.28980860218567656,0.3110101710630368,0.27652435639324086,0.2959038379733582,0.24414636603328319,0.36895931939150894,0.2698703812779972,0.24463661666517855,0.28980860218567656,0.3110101710630368,0.27652435639324086,0.2959038379733582,0.24414636603328319,0.36895931939150894,0.2698703812779972,0.24463661666517855
0.6957446762721106,0.6678458829687812,0.6957456918928974,0.7400880911181619,0.5193727244474451,0.6330197484765675,0.5847500039900068,0.569399517354334,0.6957446762721106,0.6678458829687812,0.6957456918928974,0.7400880911181619,0.5193727244474451,0.6330197484765675,0.5847500039900068,0.569399517354334,0.6957446762721106,0.6678458829687812,0.6957456918928974,0.7400880911181619,0.5193727244474451,0.6330197484765675,0.5847500039900068,0.569399517354334,0.6453360882593783,0.6311628528587934,0.6856600404969692,0.641480945269737,0.5221996616350529,0.6728272679124354,0.7199891811946786,0.6562080651727271,0.6453360882593783,0.6311628528587934,0.6856600404969692,0.641480945269737,0.5221996616350529,0.6728272679124354,0.7199891811946786,0.6562080651727271,0.6453360882593783,0.6311628528587934,0.6856600404969692,0.641480945269737,0.5221996616350529,0.6728272679124354,0.7199891811946786,0.6562080651727271,0.5191533557970627,0.626753287154567,0.7209734942551513,0.6963065561615713,0.6519807972752407,0.4228513592915982,0.8006168554386586,0.7003759563418804,0.5477163336307238,0.6348178073040074,0.7249077270437998,0.7160920847847714,0.6000404372973214,0.5083026176871387,0.7527726872882811,0.7100868769965233,0.5477163336307238,0.6348178073040074,0.7249077270437998,0.7160920847847714,0.6000404372973214,0.5083026176871387,0.7527726872882811,0.7100868769965233
0.37150474053110355,0.2917747675713859,0.39108906415584926,0.27227298058069294,0.8644570741614819,0.9854596148259807,0.42493311777331005,0.9560815112527112,0.37150474053110355,0.2917747675713859,0.39108906415584926,0.27227298058069294,0.8644570741614819,0.9854596148259807,0.42493311777331005,0.9560815112527112,0.37150474053110355,0.2917747675713859,0.39108906415584926,0.27227298058069294,0.8644570741614819,0.9854596148259807,0.42493311777331005,0.9560815112527112,0.5221685782977117,0.3890397396792468,0.3335083440378789,0.44971543332130093,0.3593541773905512,0.8433045026125151,0.9567122501179266,0.3930347567062427,0.5221685782977117,0.3890397396792468,0.3335083440378789,0.44971543332130093,0.3593541773905512,0.8433045026125151,0.9567122501179266,0.3930347567062427,0.5221685782977117,0.3890397396792468,0.3335083440378789,0.44971543332130093,0.3593541773905512,0.8433045026125151,0.9567122501179266,0.3930347567062427,0.6450200525615789,0.558043275243852,0.5727166751299712,0.41159551195637345,0.6254995776508588,0.9061781139095544,0.7782197182393569,0.7735369160680872,0.5481315691630071,0.8375915225423567,0.7113387396871629,0.49693542645137717,0.9153232287669846,0.7560692887649864,0.7584928924461508,0.38678508852655147,0.5481315691630071,0.8375915225423567,0.7113387396871629,0.49693542645137717,0.9153232287669846,0.7560692887649864,0.7584928924461508,0.38678508852655147
4.50929191888456,5.502279586422184,4.584192373072007,5.282748443144059,3.760475276993934,5.001999356228539,4.847810248453024,5.058084099682836,4.50929191888456,5.502279586422184,4.584192373072007,5.282748443144059,3.760475276993934,5.001999356228539,4.847810248453024,5.058084099682836,4.50929191888456,5.502279586422184,4.584192373072007,5.282748443144059,3.760475276993934,5.001999356228539,4.847810248453024,5.058084099682836,4.98172539221456,5.025883320015117,4.9994655686515905,4.957368068685321,5.129019848705135,4.741755794221025,5.105750208151038,5.337399820073676,4.98172539221456,5.025883320015117,4.9994655686515905,4.957368068685321,5.129019848705135,4.741755794221025,5.105750208151038,5.337399820073676,4.98172539221456,5.025883320015117,4.9994655686515905,4.957368068685321,5.129019848705135,4.741755794221025,5.105750208151038,5.337399820073676,4.982596485133411,6.111647754078563,4.466797813058063,5.057754070965959,4.548800504235966,4.443371219759076,5.406612775344021,5.099953225124457,5.181420300822156,6.2243944657208505,4.72247556873044,5.134327813689529,4.9457164518757875,5.427522516122041,5.600956462679586,5.174600810552378,5.181420300822156,6.2243944657208505,4.72247556873044,5.134327813689529,4.9457164518757875,5.427522516122041,5.600956462679586,5.174600810552378
1.8696880340105415,1.9056670482493019,1.8316288549463173,1.9351959640511454,2.1511895948074193,1.9614016481131546,1.8094802762503441,1.9835455854102082,1.8696880340105415,1.9056670482493019,1.8316288549463173,1.9351959640511454,2.1511895948074193,1.9614016481131546,1.8094802762503441,1.9835455854102082,1.8696880340105415,1.9056670482493019,1.8316288549463173,1.9351959640511454,2.1511895948074193,1.9614016481131546,1.8094802762503441,1.9835455854102082,2.1213765770733874,1.7637228386184816,2.060773272762611,1.8935696538599267,1.7082619343878882,1.729960696737459,2.408566529589786,1.8961652231982171,2.1213765770733874,1.7637228386184816,2.060773272762611,1.8935696538599267,1.7082619343878882,1.729960696737459,2.408566529589786,1.8961652231982171,2.1213765770733874,1.7637228386184816,2.060773272762611,1.8935696538599267,1.7082619343878882,1.729960696737459,2.408566529589786,1.8961652231982171,1.8902794482771903,1.496833442333063,2.195272473716119,2.1523916255245674,3.941296220995798,1.733836235528941,2.3352112002185983,1.6588294356398745,1.7545416492933472,1.4874664063605025,2.0235843946582337,2.1982188410686017,1.7741726821527544,2.3635265742952023,1.8947879011900475,1.990422883626692,1.7545416492933472,1.4874664063605025,2.0235843946582337,2.1982188410686017,1.7741726821527544,2.3635265742952023,1.8947879011900475,1.990422883626692
3.648859643138943,3.602487989966078,3.1030262303394642,3.6222985311482034,3.4202177006556687,3.317567703916394,3.106644792689217,3.555088308688537,3.648859643138943,3.602487989966078,3.1030262303394642,3.6222985311482034,3.4202177006556687,3.317567703916394,3.106644792689217,3.555088308688537,3.648859643138943,3.602487989966078,3.1030262303394642,3.6222985311482034,3.4202177006556687,3.317567703916394,3.106644792689217,3.555088308688537,3.0829814908372835,2.8105608036435537,3.397634115895733,3.2631988094775792,2.5838366172353435,2.636907827774214,3.061821034061817,2.298283758817986,3.0829814908372835,2.8105608036435537,3.397634115895733,3.2631988094775792,2.5838366172353435,2.636907827774214,3.061821034061817,2.298283758817986,3.0829814908372835,2.8105608036435537,3.397634115895733,3.2631988094775792,2.5838366172353435,2.636907827774214,3.061821034061817,2.298283758817986,2.998700820537212,2.685416543439775,3.2882167152333928,3.414287116627953,2.9324103778215136,2.8182899180086425,2.47314327661719,2.9865190406420314,3.1568364417272545,2.6295620768340915,3.0416424927633536,3.6465173530930457,2.5647248128671856,2.5176551111570724,2.4090540090271535,3.0721789614747554,3.1568364417272545,2.6295620768340915,3.0416424927633536,3.6465173530930457,2.5647248128671856,2.5176551111570724,2.4090540090271535,3.0721789614747554
2.067527724267762,2.227930370707141,2.0437175331415633,2.011196152089482,2.1223061995967507,2.153574581693691,2.307450036341899,2.58548937275874,2.067527724267762,2.227930370707141,2.0437175331415633,2.011196152089482,2.1223061995967507,2.153574581693691,2.307450036341899,2.58548937275874,2.067527724267762,2.227930370707141,2.0437175331415633,2.011196152089482,2.1223061995967507,2.153574581693691,2.307450036341899,2.58548937275874,1.977371694779785,2.0676760052618985,2.0772927305108384,1.8880480460440676,2.030513359136321,2.074104236439669,2.37009260622757,1.8092372432671162,1.977371694779785,2.0676760052618985,2.0772927305108384,1.8880480460440676,2.030513359136321,2.074104236439669,2.37009260622757,1.8092372432671162,1.977371694779785,2.0676760052618985,2.0772927305108384,1.8880480460440676,2.030513359136321,2.074104236439669,2.37009260622757,1.8092372432671162,2.721181842531118,1.8069389099390478,2.142796310230003,2.239940338491434,2.277278478505756,1.8963009483258506,1.9209539212134423,2.377392425096797,2.5134030627213804,1.6983955006601423,2.012093140701616,2.2133354004973764,2.1673790271860582,1.8168962486745877,1.589540907739703,2.2420244714037816,2.5134030627213804,1.6983955006601423,2.012093140701616,2.2133354004973764,2.1673790271860582,1.8168962486745877,1.589540907739703,2.2420244714037816
11.241886454707648,9.527442774427977,10.129307771230593,10.797236984817081,11.31061054165102,13.891957289303257,11.225372934948831,11.85999130091281,11.241886454707648,9.527442774427977,10.129307771230593,10.797236984817081,11.31061054165102,13.891957289303257,11.225372934948831,11.85999130091281,11.241886454707648,9.527442774427977,10.129307771230593,10.797236984817081,11.31061054165102,13.891957289303257,11.225372934948831,11.85999130091281,14.177907740747619,12.914630466175332,12.1000874941712,12.56342709687883,9.101013258695922,14.076167262590209,11.080244364025615,9.859879274288515,14.177907740747619,12.914630466175332,12.1000874941712,12.56342709687883,9.101013258695922,14.076167262590209,11.080244364025615,9.859879274288515,14.177907740747619,12.914630466175332,12.1000874941712,12.56342709687883,9.101013258695922,14.076167262590209,11.080244364025615,9.859879274288515,10.125449557361147,8.324854420610398,8.290764135288745,17.00078703915347,3.3891878082987446,10.872342947668388,8.319897225384409,9.319345562398805,8.887016103794435,10.168025393207294,9.631338094426354,11.42041283296995,6.197694013858703,8.808021862306187,12.39127640741677,5.7437777541810675,8.887016103794435,10.168025393207294,9.631338094426354,11.42041283296995,6.197694013858703,8.808021862306187,12.39127640741677,5.7437777541810675
0.9677590717982948,1.1358190703997686,0.9878397058461768,1.1189921423253073,1.4701863772211228,1.0156144266556655,1.344068919206785,1.3767763013955285,0.9677590717982948,1.1358190703997686,0.9878397058461768,1.1189921423253073,1.4701863772211228,1.0156144266556655,1.344068919206785,1.3767763013955285,0.9677590717982948,1.1358190703997686,0.9878397058461768,1.1189921423253073,1.4701863772211228,1.0156144266556655,1.344068919206785,1.3767763013955285,1.2769795048728616,1.095638697747629,1.4199292968047197,1.3645321774403687,0.5714565979094306,0.9234301859371201,1.6307114012175161,1.232607583775822,1.2769795048728616,1.095638697747629,1.4199292968047197,1.3645321774403687,0.5714565979094306,0.9234301859371201,1.6307114012175161,1.232607583775822,1.2769795048728616,1.095638697747629,1.4199292968047197,1.3645321774403687,0.5714565979094306,0.9234301859371201,1.6307114012175161,1.232607583775822,0.80150335959579,1.2471390455832116,0.965613911993075,1.0204579816560544,0.8146906106050751,1.1797375727420858,1.0417608910673843,1.182043154114768,0.8395135240542158,1.9221078973331216,1.2736407787673951,0.8676355773415083,0.7078034167247548,0.47640865027749746,0.6735467651623256,0.9774203678631743,0.8395135240542158,1.9221078973331216,1.2736407787673951,0.8676355773415083,0.7078034167247548,0.47640865027749746,0.6735467651623256,0.9774203678631743
2.099610907111217,1.9310022212965514,1.8472200199217494,1.8258036951431664,1.4084748455094283,1.9163249311362385,1.7348291651366354,1.879351782172074,2.099610907111217,1.9310022212965514,1.8472200199217494,1.8258036951431664,1.4084748455094283,1.9163249311362385,1.7348291651366354,1.879351782172074,2.099610907111217,1.9310022212965514,1.8472200199217494,1.8258036951431664,1.4084748455094283,1.9163249311362385,1.7348291651366354,1.879351782172074,1.4795848137856338,2.0086822366069406,2.269494904544561,2.787533886997897,1.2223534139887877,1.5511460602839486,2.04762424235985,2.0700427172676115,1.4795848137856338,2.0086822366069406,2.269494904544561,2.787533886997897,1.2223534139887877,1.5511460602839486,2.04762424235985,2.0700427172676115,1.4795848137856338,2.0086822366069406,2.269494904544561,2.787533886997897,1.2223534139887877,1.5511460602839486,2.04762424235985,2.0700427172676115,1.4397136739763476,1.7472763171664825,1.9363117767378668,2.34683270677902,2.4023145482992176,1.0701496308439296,2.796806905800553,0.7076386081433163,1.3182721655389782,1.6855599674015658,2.498830856653778,2.4334448929693067,1.7102619128852,1.3876236564243445,1.8531398188285715,1.3380064823209603,1.3182721655389782,1.6855599674015658,2.498830856653778,2.4334448929693067,1.7102619128852,1.3876236564243445,1.8531398188285715,1.3380064823209603
0.5258493233867991,0.4658024911501481,0.4846559736431801,0.4360138910713811,0.42427225428776033,0.5462202705754818,0.6235768209709792,0.4438995022206203,0.5258493233867991,0.4658024911501481,0.4846559736431801,0.4360138910713811,0.42427225428776033,0.5462202705754818,0.6235768209709792,0.4438995022206203,0.5258493233867991,0.4658024911501481,0.4846559736431801,0.4360138910713811,0.42427225428776033,0.5462202705754818,0.6235768209709792,0.4438995022206203,0.47546915072514,0.4383683815146224,0.5106204376843945,0.4978779435792348,0.8990123357889357,0.6416906004305323,0.7303692874993483,0.48233308898091054,0.47546915072514,0.4383683815146224,0.5106204376843945,0.4978779435792348,0.8990123357889357,0.6416906004305323,0.7303692874993483,0.48233308898091054,0.47546915072514,0.4383683815146224,0.5106204376843945,0.4978779435792348,0.8990123357889357,0.6416906004305323,0.7303692874993483,0.48233308898091054,0.664445003614472,0.6434841806040572,0.48768154943007347,0.5754585473627789,0.7177258926177368,0.3608881721347963,0.4006090857767734,0.5786979184740013,0.7264174774614274,0.4250626218884936,0.4736656273801174,0.6276595697560308,0.44532326546418627,0.5607241140354896,0.3476329936633816,0.6123971582076968,0.7264174774614274,0.4250626218884936,0.4736656273801174,0.6276595697560308,0.44532326546418627,0.5607241140354896,0.3476329936633816,0.6123971582076968
0.5800574739729705,0.5770302655462067,0.5527966853151142,0.5894707074530209,0.6124115794971303,0.6587927253218365,0.6884207926183611,0.6700416349144452,0.5800574739729705,0.5770302655462067,0.5527966853151142,0.5894707074530209,0.6124115794971303,0.6587927253218365,0.6884207926183611,0.6700416349144452,0.5800574739729705,0.5770302655462067,0.5527966853151142,0.5894707074530209,0.6124115794971303,0.6587927253218365,0.6884207926183611,0.6700416349144452,0.6268422321464301,0.6586584096016478,0.6682580908876348,0.5812165365031304,0.747544317713368,0.7407222318581247,0.5090838278899332,0.7499609775679131,0.6268422321464301,0.6586584096016478,0.6682580908876348,0.5812165365031304,0.747544317713368,0.7407222318581247,0.5090838278899332,0.7499609775679131,0.6268422321464301,0.6586584096016478,0.6682580908876348,0.5812165365031304,0.747544317713368,0.7407222318581247,0.5090838278899332,0.7499609775679131,0.6733463178561715,0.7980397913092744,0.5798296838957302,0.6103006901982546,0.7861011427726428,0.603797926183178,0.7677169069122555,0.4919180749607912,0.6583534112084538,0.7823667817812857,0.57376949971906,0.5899928846261613,0.8200353146623717,0.7727911554427713,0.7262748443838353,0.6847825049702128,0.6583534112084538,0.7823667817812857,0.57376949971906,0.5899928846261613,0.8200353146623717,0.7727911554427713,0.7262748443838353,0.6847825049702128
1.1540761265388677,1.226686327539489,1.2764664282318834,1.1488003125845991,1.2565094832306618,1.0388820218908443,1.1798315353883766,1.0809988403382556,1.1540761265388677,1.226686327539489,1.2764664282318834,1.1488003125845991,1.2565094832306618,1.0388820218908443,1.1798315353883766,1.0809988403382556,1.1540761265388677,1.226686327539489,1.2764664282318834,1.1488003125845991,1.2565094832306618,1.0388820218908443,1.1798315353883766,1.0809988403382556,1.3698896006085781,1.0276696301443071,1.341839866862491,0.9701754685964098,1.3123548001481116,0.8413849503943414,1.1545205835171721,1.0330748929574556,1.3698896006085781,1.0276696301443071,1.341839866862491,0.9701754685964098,1.3123548001481116,0.8413849503943414,1.1545205835171721,1.0330748929574556,1.3698896006085781,1.0276696301443071,1.341839866862491,0.9701754685964098,1.3123548001481116,0.8413849503943414,1.1545205835171721,1.0330748929574556,1.3243110233984174,1.261190561790953,1.1888706119258539,1.0625204620210977,0.9770393016161174,0.6394027842713118,1.068123012441602,0.9729601611297201,1.2155525904504123,1.1643916456826944,1.1604158433769807,1.0669800883107745,1.365473586736055,0.9945839300294302,0.7413968481955414,1.0202590061764136,1.2155525904504123,1.1643916456826944,1.1604158433769807,1.0669800883107745,1.365473586736055,0.9945839300294302,0.7413968481955414,1.0202590061764136
3.052286747745129,3.3003212650994915,2.792817724753008,3.1432769438242563,3.231425109879261,3.4324314638575704,3.027901889796134,3.3598598906135533,3.052286747745129,3.3003212650994915,2.792817724753008,3.1432769438242563,3.231425109879261,3.4324314638575704,3.027901889796134,3.3598598906135533,3.052286747745129,3.3003212650994915,2.792817724753008,3.1432769438242563,3.231425109879261,3.4324314638575704,3.027901889796134,3.3598598906135533,3.6480450861600526,3.6527812284235215,3.3245909077888096,3.5038571826295595,3.4164788293248267,3.88945077629548,3.706858312578663,3.3228354278489873,3.6480450861600526,3.6527812284235215,3.3245909077888096,3.5038571826295595,3.4164788293248267,3.88945077629548,3.706858312578663,3.3228354278489873,3.6480450861600526,3.6527812284235215,3.3245909077888096,3.5038571826295595,3.4164788293248267,3.88945077629548,3.706858312578663,3.3228354278489873,3.0335504471728694,3.297211429558878,3.1771465395737235,3.383906244310009,2.7852984424824183,3.586055588098114,3.290137330683343,3.262058240579299,2.9972847187383866,4.116626276172192,3.042841000701715,3.5307611732338358,3.557443358053236,4.007169167783592,2.8723577825878546,3.1116787159584516,2.9972847187383866,4.116626276172192,3.042841000701715,3.5307611732338358,3.557443358053236,4.007169167783592,2.8723577825878546,3.1116787159584516
0.24697019112352345,0.2398514803855518,0.17674823181237034,0.2587564152307012,0.2588739052579036,0.17890167277895067,0.2879515382556047,0.18806324003695532,0.24697019112352345,0.2398514803855518,0.17674823181237034,0.2587564152307012,0.2588739052579036,0.17890167277895067,0.2879515382556047,0.18806324003695532,0.24697019112352345,0.2398514803855518,0.17674823181237034,0.2587564152307012,0.2588739052579036,0.17890167277895067,0.2879515382556047,0.18806324003695532,0.2247195310792889,0.2650275335626962,0.20253176269983839,0.13715032085022788,0.26685475853401946,0.20910187004911415,0.1885824498954816,0.230491496195771,0.2247195310792889,0.2650275335626962,0.20253176269983839,0.13715032085022788,0.26685475853401946,0.20910187004911415,0.1885824498954816,0.230491496195771,0.2247195310792889,0.2650275335626962,0.20253176269983839,0.13715032085022788,0.26685475853401946,0.20910187004911415,0.1885824498954816,0.230491496195771,0.21349383677666542,0.15063420071399553,0.20195220619605703,0.27519515137672274,0.23998154240895267,0.1567141744356845,0.1175385735351588,0.24513980076819128,0.1795373607018317,0.16602731060914191,0.16573015827545276,0.17583495255284343,0.1742034305857373,0.2140750433718228,0.1284593906321244,0.15399331879275716,0.1795373607018317,0.16602731060914191,0.16573015827545276,0.17583495255284343,0.1742034305857373,0.2140750433718228,0.1284593906321244,0.15399331879275716
0.9345835518685971,0.8907573132434307,0.8659351832276082,0.933093449283119,0.9227525181152431,0.9667538273928683,0.9968247634931294,0.9378326860023559,0.9345835518685971,0.8907573132434307,0.8659351832276082,0.933093449283119,0.9227525181152431,0.9667538273928683,0.9968247634931294,0.9378326860023559,0.9345835518685971,0.8907573132434307,0.8659351832276082,0.933093449283119,0.9227525181152431,0.9667538273928683,0.9968247634931294,0.9378326860023559,0.8235707542886703,0.9673768932010468,0.9451205184801025,0.8165291535513499,0.9883732747785449,0.8925003241286845,0.9590062489135768,0.9442462184596914,0.8235707542886703,0.9673768932010468,0.9451205184801025,0.8165291535513499,0.9883732747785449,0.8925003241286845,0.9590062489135768,0.9442462184596914,0.8235707542886703,0.9673768932010468,0.9451205184801025,0.8165291535513499,0.9883732747785449,0.8925003241286845,0.9590062489135768,0.9442462184596914,0.9678236580690118,1.0205297693671285,0.9109587360985613,0.9174754338675971,1.231895193817252,0.8286833122845976,1.0233917484091417,0.9066086857991321,1.0178399330604162,1.1579342831122958,0.9283656179241779,0.8648035693499373,1.0991653121512488,0.9745972978598751,0.7260221120829731,0.8000801793884249,1.0178399330604162,1.1579342831122958,0.9283656179241779,0.8648035693499373,1.0991653121512488,0.9745972978598751,0.7260221120829731,0.8000801793884249
0.46118941524207074,0.499940390168553,0.5110636201024172,0.48905000598720805,0.5535385099001674,0.5739737731424616,0.5482782220256149,0.5065233167281772,0.46118941524207074,0.499940390168553,0.5110636201024172,0.48905000598720805,0.5535385099001674,0.5739737731424616,0.5482782220256149,0.5065233167281772,0.46118941524207074,0.499940390168553,0.5110636201024172,0.48905000598720805,0.5535385099001674,0.5739737731424616,0.5482782220256149,0.5065233167281772,0.40244929064400364,0.5413044519338688,0.3703347924591847,0.5632003099008895,0.5135102260722734,0.5015916926926928,0.8726327586617136,0.5473635521761689,0.40244929064400364,0.5413044519338688,0.3703347924591847,0.5632003099008895,0.5135102260722734,0.5015916926926928,0.8726327586617136,0.5473635521761689,0.40244929064400364,0.5413044519338688,0.3703347924591847,0.5632003099008895,0.5135102260722734,0.5015916926926928,0.8726327586617136,0.5473635521761689,0.4492796043866833,0.43111309530266156,0.3903922028699504,0.7144960494551088,0.4086349459099357,0.6571977639756008,0.7828207847018066,0.6648175170359021,0.4514910763418596,0.44796584018448504,0.7317081439122202,0.661391602867117,0.4936410895633519,0.47339408151054685,0.8479533087382091,0.6507992131372303,0.4514910763418596,0.44796584018448504,0.7317081439122202,0.661391602867117,0.4936410895633519,0.47339408151054685,0.8479533087382091,0.6507992131372303
0.6715807483234504,0.6729322053314195,0.8762796385842979,0.6868685207377357,0.6572191282848114,0.7173360515547513,0.6539632553363408,0.6421401486579941,0.6715807483234504,0.6729322053314195,0.8762796385842979,0.6868685207377357,0.6572191282848114,0.7173360515547513,0.6539632553363408,0.6421401486579941,0.6715807483234504,0.6729322053314195,0.8762796385842979,0.6868685207377357,0.6572191282848114,0.7173360515547513,0.6539632553363408,0.6421401486579941,0.5364552727685485,0.6540180047635695,0.6856213457851392,0.6758881914321605,0.42818585871489556,0.5489507566844388,0.5466258493678315,0.9040632938836168,0.5364552727685485,0.6540180047635695,0.6856213457851392,0.6758881914321605,0.42818585871489556,0.5489507566844388,0.5466258493678315,0.9040632938836168,0.5364552727685485,0.6540180047635695,0.6856213457851392,0.6758881914321605,0.42818585871489556,0.5489507566844388,0.5466258493678315,0.9040632938836168,0.5685073656627277,0.4913130238993014,0.8401752294283185,0.5001042177623528,0.5168220345525145,0.5089778988635189,0.7278240326338968,0.6250324332883969,0.6442229226209668,0.5241208277927398,0.6823580002997754,0.5901918758844988,0.3813457623573293,0.542837358314823,0.8065701834046649,0.6258661962087448,0.6442229226209668,0.5241208277927398,0.6823580002997754,0.5901918758844988,0.3813457623573293,0.542837358314823,0.8065701834046649,0.6258661962087448
2.4326062535649746,2.566920838713871,2.655126063791228,2.796478220659182,2.343039683761797,2.0954721954427673,2.289410198920923,2.439820364033935,2.4326062535649746,2.566920838713871,2.655126063791228,2.796478220659182,2.343039683761797,2.0954721954427673,2.289410198920923,2.439820364033935,2.4326062535649746,2.566920838713871,2.655126063791228,2.796478220659182,2.343039683761797,2.0954721954427673,2.289410198920923,2.439820364033935,2.4860327748881574,2.1967025476973414,2.4589669286675835,1.9558334238323491,2.2139080341724404,1.435419592294944,0.9881839685862932,1.0897997576831329,2.4860327748881574,2.1967025476973414,2.4589669286675835,1.9558334238323491,2.2139080341724404,1.435419592294944,0.9881839685862932,1.0897997576831329,2.4860327748881574,2.1967025476973414,2.4589669286675835,1.9558334238323491,2.2139080341724404,1.435419592294944,0.9881839685862932,1.0897997576831329,2.465560215784565,2.5675159542831385,1.9797434098854627,1.2600534297649848,1.1012252489385197,1.344706212212518,0.9231340691752359,3.466370109998458,2.2515820038940935,2.211166221815781,2.4518983407566144,1.7723419613323694,1.0775307141237722,1.772727902506092,1.3487963198347577,1.2370753601486537,2.2515820038940935,2.211166221815781,2.4518983407566144,1.7723419613323694,1.0775307141237722,1.772727902506092,1.3487963198347577,1.2370753601486537
1.0769551373189714,1.2447034244145947,1.190292331823325,1.1604805901417075,1.0304339584648965,0.9541631248338382,1.089985535905568,1.3548569080094979,1.0769551373189714,1.2447034244145947,1.190292331823325,1.1604805901417075,1.0304339584648965,0.9541631248338382,1.089985535905568,1.3548569080094979,1.0769551373189714,1.2447034244145947,1.190292331823325,1.1604805901417075,1.0304339584648965,0.9541631248338382,1.089985535905568,1.3548569080094979,1.1464411462703994,0.9883254476705582,1.147907934732825,1.193985355008995,1.346457015902134,0.9485366448878164,1.194815424854349,1.1669911392822576,1.1464411462703994,0.9883254476705582,1.147907934732825,1.193985355008995,1.346457015902134,0.9485366448878164,1.194815424854349,1.1669911392822576,1.1464411462703994,0.9883254476705582,1.147907934732825,1.193985355008995,1.346457015902134,0.9485366448878164,1.194815424854349,1.1669911392822576,1.0195798954436361,1.0456269732921875,1.0806809074883097,1.010262910313,1.0175947448752485,1.1361236130950156,1.165010632541761,1.0700455993485196,1.0431650651986182,1.0761975188374688,1.0914732443056667,0.9748533362836626,1.0348229869290744,1.031023407023795,1.3355903805738985,1.4607645567804504,1.0431650651986182,1.0761975188374688,1.0914732443056667,0.9748533362836626,1.0348229869290744,1.031023407023795,1.3355903805738985,1.4607645567804504
0.04218672323305456,0.058535552101795986,0.05702704572550529,0.05450830746470441,0.05629461436374344,0.04667129034754106,0.051101392753650644,0.059215225546656584,0.04218672323305456,0.058535552101795986,0.05702704572550529,0.05450830746470441,0.05629461436374344,0.04667129034754106,0.051101392753650644,0.059215225546656584,0.04218672323305456,0.058535552101795986,0.05702704572550529,0.05450830746470441,0.05629461436374344,0.04667129034754106,0.051101392753650644,0.059215225546656584,0.050752714334296754,0.042333156273805066,0.04400001201168976,0.0273372350877412,0.13934448938557864,0.100925400826176,0.08411134740799786,0.05430534013653543,0.050752714334296754,0.042333156273805066,0.04400001201168976,0.0273372350877412,0.13934448938557864,0.100925400826176,0.08411134740799786,0.05430534013653543,0.050752714334296754,0.042333156273805066,0.04400001201168976,0.0273372350877412,0.13934448938557864,0.100925400826176,0.08411134740799786,0.05430534013653543,0.03552534092797343,0.06945592148967061,0.07093654407269316,0.017123746866253016,0.12529041639900998,0.07618602001212481,0.10826493061843885,0.07362612287417634,0.05173652586386801,0.048901698188609406,0.08064195364663804,0.0281359091773274,0.07099151015234764,0.09530413542308414,0.22642799348379009,0.08903886821653541,0.05173652586386801,0.048901698188609406,0.08064195364663804,0.0281359091773274,0.07099151015234764,0.09530413542308414,0.22642799348379009,0.08903886821653541
0.853996141359103,0.7942416028633931,0.7870112950762523,0.7243821784336227,0.8360860784534441,0.7153987531318856,0.7749529155174085,0.764024948723014,0.853996141359103,0.7942416028633931,0.7870112950762523,0.7243821784336227,0.8360860784534441,0.7153987531318856,0.7749529155174085,0.764024948723014,0.853996141359103,0.7942416028633931,0.7870112950762523,0.7243821784336227,0.8360860784534441,0.7153987531318856,0.7749529155174085,0.764024948723014,0.7924499484884269,0.9228420645700556,0.8776730655227802,0.9662036950426759,0.8515878281181347,1.0763423392491116,0.8343308410315444,0.7495467170794613,0.7924499484884269,0.9228420645700556,0.8776730655227802,0.9662036950426759,0.8515878281181347,1.0763423392491116,0.8343308410315444,0.7495467170794613,0.7924499484884269,0.9228420645700556,0.8776730655227802,0.9662036950426759,0.8515878281181347,1.0763423392491116,0.8343308410315444,0.7495467170794613,0.8158809951990115,0.7077037211229342,0.7112654608554115,0.7470924429800819,0.6478072155702751,0.7592997788061004,0.7988251747939464,0.6608001910254052,0.7721760474309792,0.7880942358687185,0.6643092126684688,0.7907770999076846,0.746191287785891,0.5693267966896441,0.7427815228705027,0.7674825932393424,0.7721760474309792,0.7880942358687185,0.6643092126684688,0.7907770999076846,0.746191287785891,0.5693267966896441,0.7427815228705027,0.7674825932393424
0.6151150832493762,0.7699840662396005,0.6317239107976443,0.8024432736919275,0.6937331928773854,0.8548202313428855,0.8125897093808946,0.7133629846032593,0.6151150832493762,0.7699840662396005,0.6317239107976443,0.8024432736919275,0.6937331928773854,0.8548202313428855,0.8125897093808946,0.7133629846032593,0.6151150832493762,0.7699840662396005,0.6317239107976443,0.8024432736919275,0.6937331928773854,0.8548202313428855,0.8125897093808946,0.7133629846032593,0.6131506409865648,0.6771061073704128,0.6294331253373324,0.7064909446326806,0.5108739686662748,0.6307337581778745,0.6921439414733253,0.7379231826766341,0.6131506409865648,0.6771061073704128,0.6294331253373324,0.7064909446326806,0.5108739686662748,0.6307337581778745,0.6921439414733253,0.7379231826766341,0.6131506409865648,0.6771061073704128,0.6294331253373324,0.7064909446326806,0.5108739686662748,0.6307337581778745,0.6921439414733253,0.7379231826766341,0.48954685185537,0.5983807978706507,0.6148125808572767,0.5543895141806009,0.49414281613877314,0.5504555063402286,0.7586128735582508,0.43937866638658374,0.5777197614574274,0.5933152978415737,0.6138796030518232,0.6238869772021806,0.6453120698408062,0.5210897910363543,0.7900708898649954,0.6291024928778388,0.5777197614574274,0.5933152978415737,0.6138796030518232,0.6238869772021806,0.6453120698408062,0.5210897910363543,0.7900708898649954,0.6291024928778388
0.6236457490907111,0.5913193084251828,0.5957975317448073,0.5112175472259227,0.8068512218781586,0.5778800950779617,0.6492946811405295,0.6221425608350003,0.6236457490907111,0.5913193084251828,0.5957975317448073,0.5112175472259227,0.8068512218781586,0.5778800950779617,0.6492946811405295,0.6221425608350003,0.6236457490907111,0.5913193084251828,0.5957975317448073,0.5112175472259227,0.8068512218781586,0.5778800950779617,0.6492946811405295,0.6221425608350003,0.6353775940457177,0.5419649774654197,0.6155356211796829,0.530660784549378,0.8870584608553922,0.4911213947805519,0.7572180801425956,0.6373706994400994,0.6353775940457177,0.5419649774654197,0.6155356211796829,0.530660784549378,0.8870584608553922,0.4911213947805519,0.7572180801425956,0.6373706994400994,0.6353775940457177,0.5419649774654197,0.6155356211796829,0.530660784549378,0.8870584608553922,0.4911213947805519,0.7572180801425956,0.6373706994400994,0.6765909767924473,0.6826582976429192,0.7373535174140319,0.5803709545188745,0.9983336167707013,0.7256143993494709,0.7461700800471246,0.6511814205547811,0.5570371359443188,0.6968985170861347,0.6982234778940102,0.5898815957301912,0.7999296397229353,0.6929071235657287,0.8023075847894887,0.6048374921907407,0.5570371359443188,0.6968985170861347,0.6982234778940102,0.5898815957301912,0.7999296397229353,0.6929071235657287,0.8023075847894887,0.6048374921907407
0.42943160637937144,0.4146750280688977,0.42877723089110775,0.41818295141177003,0.5537367354983905,0.5929772160027292,0.44632250604152585,0.5712697575896502,0.42943160637937144,0.4146750280688977,0.42877723089110775,0.41818295141177003,0.5537367354983905,0.5929772160027292,0.44632250604152585,0.5712697575896502,0.42943160637937144,0.4146750280688977,0.42877723089110775,0.41818295141177003,0.5537367354983905,0.5929772160027292,0.44632250604152585,0.5712697575896502,0.4198838508735793,0.5351031508988887,0.4930877161594979,0.5633913632154854,0.700523804398851,0.673354827285606,0.5591969009418185,0.6201659557072995,0.4198838508735793,0.5351031508988887,0.4930877161594979,0.5633913632154854,0.700523804398851,0.673354827285606,0.5591969009418185,0.6201659557072995,0.4198838508735793,0.5351031508988887,0.4930877161594979,0.5633913632154854,0.700523804398851,0.673354827285606,0.5591969009418185,0.6201659557072995,0.5969013677264124,0.6627101856170048,0.5205334955768243,0.5628674283293739,0.8988511432623714,0.8646151918461306,0.7216898735941665,0.5294487972483908,0.5827986473727272,0.648758340503817,0.5507284153756579,0.5285037819548376,0.6773586832038045,0.9830990200202218,0.9673456556740935,0.9875084235571778,0.5827986473727272,0.648758340503817,0.5507284153756579,0.5285037819548376,0.6773586832038045,0.9830990200202218,0.9673456556740935,0.9875084235571778
0.0646838227110116,0.06591748113464561,0.08426393697770986,0.06484222141822547,0.06658979060651209,0.05611256357106448,0.0869707943993246,0.05362825307363917,0.0646838227110116,0.06591748113464561,0.08426393697770986,0.06484222141822547,0.06658979060651209,0.05611256357106448,0.0869707943993246,0.05362825307363917,0.0646838227110116,0.06591748113464561,0.08426393697770986,0.06484222141822547,0.06658979060651209,0.05611256357106448,0.0869707943993246,0.05362825307363917,0.0671373235775832,0.04394920335557223,0.08787784838176003,0.04999526227460522,0.07614536604529396,0.05939941351000297,0.05438502616578741,0.055570672063035176,0.0671373235775832,0.04394920335557223,0.08787784838176003,0.04999526227460522,0.07614536604529396,0.05939941351000297,0.05438502616578741,0.055570672063035176,0.0671373235775832,0.04394920335557223,0.08787784838176003,0.04999526227460522,0.07614536604529396,0.05939941351000297,0.05438502616578741,0.055570672063035176,0.06141409441334444,0.0404806785783981,0.0530111993802057,0.03928193485978631,0.04721926983571969,0.038636091126265475,0.05883124472006091,0.03576221827760729,0.0613424514474204,0.04866306338330123,0.060964217177517904,0.042092946898899315,0.06431036903219839,0.04489465309967714,0.08609793726156346,0.08072619032349967,0.0613424514474204,0.04866306338330123,0.060964217177517904,0.042092946898899315,0.06431036903219839,0.04489465309967714,0.08609793726156346,0.08072619032349967
1.1347784007007864,1.0858557788599346,1.1209862698923958,1.1443809316021836,1.0204004083743454,1.1904766677090075,1.1431771497544754,0.9620751799141855,1.1347784007007864,1.0858557788599346,1.1209862698923958,1.1443809316021836,1.0204004083743454,1.1904766677090075,1.1431771497544754,0.9620751799141855,1.1347784007007864,1.0858557788599346,1.1209862698923958,1.1443809316021836,1.0204004083743454,1.1904766677090075,1.1431771497544754,0.9620751799141855,0.9802754154380812,1.0281929550677977,1.1312891887184897,1.1265029228905323,1.1282065025559402,1.0253941738760355,1.0114799472273306,1.154176280942924,0.9802754154380812,1.0281929550677977,1.1312891887184897,1.1265029228905323,1.1282065025559402,1.0253941738760355,1.0114799472273306,1.154176280942924,0.9802754154380812,1.0281929550677977,1.1312891887184897,1.1265029228905323,1.1282065025559402,1.0253941738760355,1.0114799472273306,1.154176280942924,0.9139319193508146,1.0796287334131915,0.9859831280541705,1.1690562566197167,1.0628608039786855,1.085233856356162,0.91815154845707,1.0259924152543531,0.9430955857001561,0.8691317943859228,0.8784063214542026,0.9852108525168816,1.0233930711823847,0.9377539941141649,1.1078653444755082,0.9361007887720849,0.9430955857001561,0.8691317943859228,0.8784063214542026,0.9852108525168816,1.0233930711823847,0.9377539941141649,1.1078653444755082,0.9361007887720849
0.24081736720735802,0.2514085266147654,0.27375862541427204,0.36312942824676897,0.4377993473784754,0.25781233745504867,0.34202940555903316,0.30362094031044545,0.24081736720735802,0.2514085266147654,0.27375862541427204,0.36312942824676897,0.4377993473784754,0.25781233745504867,0.34202940555903316,0.30362094031044545,0.24081736720735802,0.2514085266147654,0.27375862541427204,0.36312942824676897,0.4377993473784754,0.25781233745504867,0.34202940555903316,0.30362094031044545,0.35119579259123895,0.262935697882155,0.3079036634894469,0.3118681832023761,0.2206855473552732,0.27889355646369973,0.18585390740347243,0.2830999620807081,0.35119579259123895,0.262935697882155,0.3079036634894469,0.3118681832023761,0.2206855473552732,0.27889355646369973,0.18585390740347243,0.2830999620807081,0.35119579259123895,0.262935697882155,0.3079036634894469,0.3118681832023761,0.2206855473552732,0.27889355646369973,0.18585390740347243,0.2830999620807081,0.34260529437151793,0.2819383010317638,0.2017968504779587,0.36166610118739,0.2371848415208097,0.40629863272841465,0.24772697870001775,0.3116702173875535,0.26387583904613227,0.2682038123303374,0.19388051366041595,0.3376815859213584,0.1577254250129547,0.2517629708523008,0.3635174979737084,0.29224258989107815,0.26387583904613227,0.2682038123303374,0.19388051366041595,0.3376815859213584,0.1577254250129547,0.2517629708523008,0.3635174979737084,0.29224258989107815
0.5810432723715736,0.527627719296304,0.6594316175521033,0.559771113712504,0.5038031748288001,0.44412963426734453,0.3889320751226152,0.33798969432255926,0.5810432723715736,0.527627719296304,0.6594316175521033,0.559771113712504,0.5038031748288001,0.44412963426734453,0.3889320751226152,0.33798969432255926,0.5810432723715736,0.527627719296304,0.6594316175521033,0.559771113712504,0.5038031748288001,0.44412963426734453,0.3889320751226152,0.33798969432255926,0.5731871786688075,0.53043071449433,0.5429828444400765,0.5008544700946669,0.3274470681330364,0.20236088616780581,0.40324392886059757,0.14066871766518502,0.5731871786688075,0.53043071449433,0.5429828444400765,0.5008544700946669,0.3274470681330364,0.20236088616780581,0.40324392886059757,0.14066871766518502,0.5731871786688075,0.53043071449433,0.5429828444400765,0.5008544700946669,0.3274470681330364,0.20236088616780581,0.40324392886059757,0.14066871766518502,0.41178855639903633,0.3550269287096675,0.39343874738970086,0.18913068157554527,0.2575098477652414,0.2295452289696173,0.1907347862619123,0.07109651735447284,0.40467908779640493,0.3037904357706801,0.3214011113216467,0.21129191330311184,0.1626110230319277,0.15086113528766615,0.15113185746348892,0.1530461594149451,0.40467908779640493,0.3037904357706801,0.3214011113216467,0.21129191330311184,0.1626110230319277,0.15086113528766615,0.15113185746348892,0.1530461594149451
2.1544184642852744,2.0095534944754574,2.1203223005126546,1.8551400194778853,2.272805538681942,2.292322390504773,2.0332807489988385,2.0588532517306994,2.1544184642852744,2.0095534944754574,2.1203223005126546,1.8551400194778853,2.272805538681942,2.292322390504773,2.0332807489988385,2.0588532517306994,2.1544184642852744,2.0095534944754574,2.1203223005126546,1.8551400194778853,2.272805538681942,2.292322390504773,2.0332807489988385,2.0588532517306994,2.394642806475487,2.5867169841458275,2.707704845270381,2.360322423537456,3.048835332386554,2.9104893853584612,2.830993131476966,2.876644449512015,2.394642806475487,2.5867169841458275,2.707704845270381,2.360322423537456,3.048835332386554,2.9104893853584612,2.830993131476966,2.876644449512015,2.394642806475487,2.5867169841458275,2.707704845270381,2.360322423537456,3.048835332386554,2.9104893853584612,2.830993131476966,2.876644449512015,2.4465751882728144,2.8215257021091396,2.6132528858165864,2.528698162109557,3.5143297900400294,2.267438869220028,2.6722811413819936,2.7925726557881223,2.607385139479294,2.520923431621334,2.8059249775404496,2.4700941636500264,2.7512951975243776,2.8377650917859523,2.0591921686131434,2.2857383531472846,2.607385139479294,2.520923431621334,2.8059249775404496,2.4700941636500264,2.7512951975243776,2.8377650917859523,2.0591921686131434,2.2857383531472846
1.8037107642095846,1.782983866788865,1.8918045097405898,1.7134324615919958,1.9574140854452513,1.8415979869987176,1.8082340568270496,1.8865775415199764,1.8037107642095846,1.782983866788865,1.8918045097405898,1.7134324615919958,1.9574140854452513,1.8415979869987176,1.8082340568270496,1.8865775415199764,1.8037107642095846,1.782983866788865,1.8918045097405898,1.7134324615919958,1.9574140854452513,1.8415979869987176,1.8082340568270496,1.8865775415199764,1.7471339343721595,1.9777089279374014,1.7541718766689223,1.7977865114844822,1.7378221085725347,1.8050119080800395,1.6705482572190526,1.6039491522309295,1.7471339343721595,1.9777089279374014,1.7541718766689223,1.7977865114844822,1.7378221085725347,1.8050119080800395,1.6705482572190526,1.6039491522309295,1.7471339343721595,1.9777089279374014,1.7541718766689223,1.7977865114844822,1.7378221085725347,1.8050119080800395,1.6705482572190526,1.6039491522309295,1.6776032370200926,1.8300041318039721,1.7646058351004483,1.7774557797400867,1.8376348310136064,1.816473581844388,1.785193912029521,1.4557307560393609,1.8102499720608798,1.7653421082636704,1.907675424696567,1.7916581390377395,1.8588988096313042,1.5545550007348394,1.6929199685844076,1.5926972273595266,1.8102499720608798,1.7653421082636704,1.907675424696567,1.7916581390377395,1.8588988096313042,1.5545550007348394,1.6929199685844076,1.5926972273595266
1.0030541714972236,1.0590297587698212,1.0851905022008357,1.0747882064633492,1.0341821893541887,1.6057836500680813,1.1923888054476681,1.0820150708635468,1.0030541714972236,1.0590297587698212,1.0851905022008357,1.0747882064633492,1.0341821893541887,1.6057836500680813,1.1923888054476681,1.0820150708635468,1.0030541714972236,1.0590297587698212,1.0851905022008357,1.0747882064633492,1.0341821893541887,1.6057836500680813,1.1923888054476681,1.0820150708635468,1.0008863541246023,1.295131542630654,1.1128749821436292,1.07977822733121,0.9562153141636052,0.830452914091004,1.0548370784497325,1.1366755521213263,1.0008863541246023,1.295131542630654,1.1128749821436292,1.07977822733121,0.9562153141636052,0.830452914091004,1.0548370784497325,1.1366755521213263,1.0008863541246023,1.295131542630654,1.1128749821436292,1.07977822733121,0.9562153141636052,0.830452914091004,1.0548370784497325,1.1366755521213263,0.873710363693834,1.1229728869346727,1.0097099491158263,0.9264223242496743,1.6896537426138731,1.2523367772393508,0.9082495351942264,1.608420805815021,0.6573636877747635,1.3164963100063756,1.0574498016276395,0.9848735991061753,1.1881279370612927,1.3974043003193197,0.7124898927584962,1.353480849203558,0.6573636877747635,1.3164963100063756,1.0574498016276395,0.9848735991061753,1.1881279370612927,1.3974043003193197,0.7124898927584962,1.353480849203558
0.268686699768513,0.21439389408482312,0.20661991729204776,0.19700244758125773,0.2873881009736382,0.1753042753424185,0.14019724944922682,0.19338908978197736,0.268686699768513,0.21439389408482312,0.20661991729204776,0.19700244758125773,0.2873881009736382,0.1753042753424185,0.14019724944922682,0.19338908978197736,0.268686699768513,0.21439389408482312,0.20661991729204776,0.19700244758125773,0.2873881009736382,0.1753042753424185,0.14019724944922682,0.19338908978197736,0.14303254011196187,0.1869956039227869,0.1286565755504089,0.1347951115669401,0.30835291890081157,0.23262663503993314,0.2073750298200081,0.1322164162060865,0.14303254011196187,0.1869956039227869,0.1286565755504089,0.1347951115669401,0.30835291890081157,0.23262663503993314,0.2073750298200081,0.1322164162060865,0.14303254011196187,0.1869956039227869,0.1286565755504089,0.1347951115669401,0.30835291890081157,0.23262663503993314,0.2073750298200081,0.1322164162060865,0.16049180112453118,0.16663814560844123,0.13278330774272912,0.2055403130625216,0.2475422458925302,0.3002798442869915,0.17211227406802476,0.0981274841609451,0.1806110097085971,0.19488820342562108,0.0846037756546517,0.14184271116678604,0.23701918244526404,0.3982216899780698,0.28138788413920673,0.0617073857372491,0.1806110097085971,0.19488820342562108,0.0846037756546517,0.14184271116678604,0.23701918244526404,0.3982216899780698,0.28138788413920673,0.0617073857372491
7.940612276366839,8.647405163734982,8.067117501022102,8.55169325612097,10.55382355721431,8.372510096825614,7.627443182551744,9.59580136737424,7.940612276366839,8.647405163734982,8.067117501022102,8.55169325612097,10.55382355721431,8.372510096825614,7.627443182551744,9.59580136737424,7.940612276366839,8.647405163734982,8.067117501022102,8.55169325612097,10.55382355721431,8.372510096825614,7.627443182551744,9.59580136737424,8.97931203364061,8.09237970893613,9.82253373510062,8.965623588317497,7.517795044117822,9.668487991676438,9.689103717123208,9.142981115048947,8.97931203364061,8.09237970893613,9.82253373510062,8.965623588317497,7.517795044117822,9.668487991676438,9.689103717123208,9.142981115048947,8.97931203364061,8.09237970893613,9.82253373510062,8.965623588317497,7.517795044117822,9.668487991676438,9.689103717123208,9.142981115048947,9.360639145787113,8.632996850877634,7.661143506307956,10.772897848244293,10.736574119539966,7.5443632450140905,10.632072031912092,10.2356880346041,8.591472465055014,8.715634807148373,8.781476347297017,8.434939820868776,10.906180708713157,7.428865589432075,9.209236978820211,10.903017990393673,8.591472465055014,8.715634807148373,8.781476347297017,8.434939820868776,10.906180708713157,7.428865589432075,9.209236978820211,10.903017990393673
3.0010231193603394,2.7674338985653355,3.101143774423597,2.80364281584035,2.9518698167261133,2.8537725986439684,2.625813842111167,2.626598843650819,3.0010231193603394,2.7674338985653355,3.101143774423597,2.80364281584035,2.9518698167261133,2.8537725986439684,2.625813842111167,2.626598843650819,3.0010231193603394,2.7674338985653355,3.101143774423597,2.80364281584035,2.9518698167261133,2.8537725986439684,2.625813842111167,2.626598843650819,3.537694484127188,3.2539265404967246,3.524483877946774,3.3647419154198692,3.3620754190773434,3.593644656635071,3.561128356649354,3.712769122671124,3.537694484127188,3.2539265404967246,3.524483877946774,3.3647419154198692,3.3620754190773434,3.593644656635071,3.561128356649354,3.712769122671124,3.537694484127188,3.2539265404967246,3.524483877946774,3.3647419154198692,3.3620754190773434,3.593644656635071,3.561128356649354,3.712769122671124,3.2704846557275715,3.337649267296162,3.7912967062591023,3.462821316307269,3.2820295112824214,3.2142923844836666,3.138181336334215,3.241828644803742,3.3936591359093833,3.322827613961006,3.4966624202273247,3.2581720434000454,2.8366736366314074,3.3186799881373794,2.7072491311913662,3.375514391229602,3.3936591359093833,3.322827613961006,3.4966624202273247,3.2581720434000454,2.8366736366314074,3.3186799881373794,2.7072491311913662,3.375514391229602
0.36387802513783907,0.4087321580839886,0.3789270320268858,0.38079719984754434,0.34572142534689515,0.38134966897234984,0.4248608917362664,0.4123847119951369,0.36387802513783907,0.4087321580839886,0.3789270320268858,0.38079719984754434,0.34572142534689515,0.38134966897234984,0.4248608917362664,0.4123847119951369,0.36387802513783907,0.4087321580839886,0.3789270320268858,0.38079719984754434,0.34572142534689515,0.38134966897234984,0.4248608917362664,0.4123847119951369,0.3615231629720734,0.4026811547475924,0.3581872068890704,0.37410616731659174,0.32581497061555637,0.6626858044818146,0.31692050159108737,0.37294120182997376,0.3615231629720734,0.4026811547475924,0.3581872068890704,0.37410616731659174,0.32581497061555637,0.6626858044818146,0.31692050159108737,0.37294120182997376,0.3615231629720734,0.4026811547475924,0.3581872068890704,0.37410616731659174,0.32581497061555637,0.6626858044818146,0.31692050159108737,0.37294120182997376,0.36823067647798596,0.34672434216907333,0.35959572600279954,0.4009859951520586,0.5385436205761203,0.446523815661009,0.48067363624286524,0.5852682255809062,0.3607325574996108,0.45125007334076545,0.3792819215757028,0.5159879552069638,0.5136895530015378,0.4865206895349572,0.49563314429601973,0.3720289218819684,0.3607325574996108,0.45125007334076545,0.3792819215757028,0.5159879552069638,0.5136895530015378,0.4865206895349572,0.49563314429601973,0.3720289218819684
1.0019233572239787,1.035095913344821,1.0009043228943078,1.0065375579985234,1.0726328426007254,0.9611601371963964,1.1384229434959392,1.1334114225348928,1.0019233572239787,1.035095913344821,1.0009043228943078,1.0065375579985234,1.0726328426007254,0.9611601371963964,1.1384229434959392,1.1334114225348928,1.0019233572239787,1.035095913344821,1.0009043228943078,1.0065375579985234,1.0726328426007254,0.9611601371963964,1.1384229434959392,1.1334114225348928,1.032596448220874,1.079397757719475,1.0371035627262086,0.9664114797416724,1.0738041460276808,1.0889213078114397,0.9046844736582588,1.000478139138812,1.032596448220874,1.079397757719475,1.0371035627262086,0.9664114797416724,1.0738041460276808,1.0889213078114397,0.9046844736582588,1.000478139138812,1.032596448220874,1.079397757719475,1.0371035627262086,0.9664114797416724,1.0738041460276808,1.0889213078114397,0.9046844736582588,1.000478139138812,1.0845739512657369,1.0691456819593137,1.0226945834639394,0.9568957442449407,0.9240400936616996,0.8789522803246869,1.0502072978078296,0.9785601552557096,1.1468395421879634,1.0138422575199102,1.0251950180599279,0.9508267068984056,0.9966290365434336,0.8768891329068783,1.0183848729267702,1.0079420912004673,1.1468395421879634,1.0138422575199102,1.0251950180599279,0.9508267068984056,0.9966290365434336,0.8768891329068783,1.0183848729267702,1.0079420912004673
1.6830719145718327,1.7367332794939498,1.6018930082574399,1.7583257529144918,1.8402086573196537,1.9713651164794002,1.5862886657024426,1.6677552540178042,1.6830719145718327,1.7367332794939498,1.6018930082574399,1.7583257529144918,1.8402086573196537,1.9713651164794002,1.5862886657024426,1.6677552540178042,1.6830719145718327,1.7367332794939498,1.6018930082574399,1.7583257529144918,1.8402086573196537,1.9713651164794002,1.5862886657024426,1.6677552540178042,1.5974350495703327,1.691217834046283,1.4686954978397673,1.6875593413335268,1.289314666954151,1.5602844785328194,1.5804065667132592,1.7952514110500304,1.5974350495703327,1.691217834046283,1.4686954978397673,1.6875593413335268,1.289314666954151,1.5602844785328194,1.5804065667132592,1.7952514110500304,1.5974350495703327,1.691217834046283,1.4686954978397673,1.6875593413335268,1.289314666954151,1.5602844785328194,1.5804065667132592,1.7952514110500304,1.4167589323230974,1.2013894022205067,1.5251595052279392,1.331537022130618,1.4460508133654457,1.1293654598771943,1.2993217549119114,1.1003946901852524,1.461775324773547,1.2362093423852665,1.2616032141676796,1.4260966906748294,0.9403470467149219,1.3482299391434431,1.4489808547428478,1.3756491153863477,1.461775324773547,1.2362093423852665,1.2616032141676796,1.4260966906748294,0.9403470467149219,1.3482299391434431,1.4489808547428478,1.3756491153863477
0.4863288528707669,0.4079975690403757,0.5766109557460319,0.46289098628724157,0.8766160464367339,0.5939832400570758,0.5695487582301982,0.8065518938620445,0.4863288528707669,0.4079975690403757,0.5766109557460319,0.46289098628724157,0.8766160464367339,0.5939832400570758,0.5695487582301982,0.8065518938620445,0.4863288528707669,0.4079975690403757,0.5766109557460319,0.46289098628724157,0.8766160464367339,0.5939832400570758,0.5695487582301982,0.8065518938620445,0.28884627620353664,0.393888552870076,0.40276565240035556,0.6490279260303139,1.0184196342600826,1.4350201609402655,0.8828606974231689,1.1417232780684412,0.28884627620353664,0.393888552870076,0.40276565240035556,0.6490279260303139,1.0184196342600826,1.4350201609402655,0.8828606974231689,1.1417232780684412,0.28884627620353664,0.393888552870076,0.40276565240035556,0.6490279260303139,1.0184196342600826,1.4350201609402655,0.8828606974231689,1.1417232780684412,0.20211497437845294,0.33934886442050854,0.3248636593863688,0.3567280478581709,0.9337645533650815,0.7588673023841103,0.14432243498202205,0.23406745163117035,0.24100691837681631,0.37814024810147784,0.6069942894657051,0.5532499336113078,1.4607854927220858,0.384135871454365,0.3046007221457851,0.7854138707743492,0.24100691837681631,0.37814024810147784,0.6069942894657051,0.5532499336113078,1.4607854927220858,0.384135871454365,0.3046007221457851,0.7854138707743492
0.5271202516315359,0.5317648415010263,0.5190295527744363,0.4334738669127888,0.4083637264333725,0.3858064095151117,0.4590727474637376,0.32237822987682635,0.5271202516315359,0.5317648415010263,0.5190295527744363,0.4334738669127888,0.4083637264333725,0.3858064095151117,0.4590727474637376,0.32237822987682635,0.5271202516315359,0.5317648415010263,0.5190295527744363,0.4334738669127888,0.4083637264333725,0.3858064095151117,0.4590727474637376,0.32237822987682635,0.36630048899074485,0.35138007820616457,0.42729659142052967,0.31598872835397396,0.34081341624873673,0.14891949039081395,0.18690764076868044,0.23141277430756874,0.36630048899074485,0.35138007820616457,0.42729659142052967,0.31598872835397396,0.34081341624873673,0.14891949039081395,0.18690764076868044,0.23141277430756874,0.36630048899074485,0.35138007820616457,0.42729659142052967,0.31598872835397396,0.34081341624873673,0.14891949039081395,0.18690764076868044,0.23141277430756874,0.2892468759289321,0.19966031645149848,0.26764040139403295,0.19560970662971044,0.18914532436384296,0.08125771691622154,0.14812315389970626,0.07212283205691278,0.3337107757377791,0.2061802127390276,0.2742592546187754,0.16963276227070417,0.1752223606380196,0.08614054967012996,0.2125574996728671,0.04642256210851232,0.3337107757377791,0.2061802127390276,0.2742592546187754,0.16963276227070417,0.1752223606380196,0.08614054967012996,0.2125574996728671,0.04642256210851232
0.3017324282834037,0.28839435600600233,0.29442487574928056,0.3565820720852831,0.2260579236510501,0.2867984604412024,0.24197149580076047,0.28465038877495413,0.3017324282834037,0.28839435600600233,0.29442487574928056,0.3565820720852831,0.2260579236510501,0.2867984604412024,0.24197149580076047,0.28465038877495413,0.3017324282834037,0.28839435600600233,0.29442487574928056,0.3565820720852831,0.2260579236510501,0.2867984604412024,0.24197149580076047,0.28465038877495413,0.1929249633229217,0.141765915702389,0.14395088120123398,0.187486637119926,0.15830975247745516,0.1950479004321117,0.13275798323640872,0.16129097070445106,0.1929249633229217,0.141765915702389,0.14395088120123398,0.187486637119926,0.15830975247745516,0.1950479004321117,0.13275798323640872,0.16129097070445106,0.1929249633229217,0.141765915702389,0.14395088120123398,0.187486637119926,0.15830975247745516,0.1950479004321117,0.13275798323640872,0.16129097070445106,0.22871309438258305,0.16855055819925746,0.1590093807567359,0.2781120993407348,0.12780184609813683,0.08304588733669335,0.17564235126606495,0.11714376600407463,0.17715256952141367,0.14498330888604333,0.15540142019546702,0.3101092636802403,0.16126821283305806,0.1682421640582982,0.21590461382909085,0.16372483802186621,0.17715256952141367,0.14498330888604333,0.15540142019546702,0.3101092636802403,0.16126821283305806,0.1682421640582982,0.21590461382909085,0.16372483802186621
0.9645936619695911,0.9201474370273496,0.9883938496811682,0.9270715058404201,1.0520257461841565,0.9399672148226296,0.9188237355357877,0.8803975981882228,0.9645936619695911,0.9201474370273496,0.9883938496811682,0.9270715058404201,1.0520257461841565,0.9399672148226296,0.9188237355357877,0.8803975981882228,0.9645936619695911,0.9201474370273496,0.9883938496811682,0.9270715058404201,1.0520257461841565,0.9399672148226296,0.9188237355357877,0.8803975981882228,0.8019758799264864,0.7746435537404863,0.8061512120390912,0.7643974427416237,0.8430698844966608,0.7201814928978773,0.8016165317436962,0.8449843241104916,0.8019758799264864,0.7746435537404863,0.8061512120390912,0.7643974427416237,0.8430698844966608,0.7201814928978773,0.8016165317436962,0.8449843241104916,0.8019758799264864,0.7746435537404863,0.8061512120390912,0.7643974427416237,0.8430698844966608,0.7201814928978773,0.8016165317436962,0.8449843241104916,0.9257514514431175,0.8302093445500065,0.7491772571219784,0.9281404425239332,1.033868032170736,0.791977059509573,0.8393528678019595,0.8220856009435955,1.0088718965276864,0.7733977166158896,0.8164552060504078,0.9333701009593927,0.7470891082991786,0.8187184896687232,0.8229263085146312,0.9172110845385822,1.0088718965276864,0.7733977166158896,0.8164552060504078,0.9333701009593927,0.7470891082991786,0.8187184896687232,0.8229263085146312,0.9172110845385822
1.0934193816991444,1.187199095318398,1.1810902433698613,1.0700408708483518,1.2113422816982842,1.0296879015993943,1.0234725989296072,0.8477273230808918,1.0934193816991444,1.187199095318398,1.1810902433698613,1.0700408708483518,1.2113422816982842,1.0296879015993943,1.0234725989296072,0.8477273230808918,1.0934193816991444,1.187199095318398,1.1810902433698613,1.0700408708483518,1.2113422816982842,1.0296879015993943,1.0234725989296072,0.8477273230808918,1.278254805142163,1.078703240871864,1.1895299028931166,1.1495651601223413,1.0375855229788493,0.8663595117797359,0.8412062933628287,0.9087369236072139,1.278254805142163,1.078703240871864,1.1895299028931166,1.1495651601223413,1.0375855229788493,0.8663595117797359,0.8412062933628287,0.9087369236072139,1.278254805142163,1.078703240871864,1.1895299028931166,1.1495651601223413,1.0375855229788493,0.8663595117797359,0.8412062933628287,0.9087369236072139,1.1334318689157374,0.9586877457126651,1.0442618158830497,0.8883918651415589,0.8675846206257419,0.7114688564764365,0.6822070840288882,0.8571026072522201,1.0657719400443983,0.8971955379471133,1.1037803072891743,0.8632623447038138,1.003214008492848,0.8904524844318822,0.8573236273901206,0.823823292703763,1.0657719400443983,0.8971955379471133,1.1037803072891743,0.8632623447038138,1.003214008492848,0.8904524844318822,0.8573236273901206,0.823823292703763
0.09102725731155088,0.07785733213037545,0.07018111710542586,0.06001730249624425,0.10373873839245454,0.11651841341073066,0.08159328643621563,0.11800475564688599,0.09102725731155088,0.07785733213037545,0.07018111710542586,0.06001730249624425,0.10373873839245454,0.11651841341073066,0.08159328643621563,0.11800475564688599,0.09102725731155088,0.07785733213037545,0.07018111710542586,0.06001730249624425,0.10373873839245454,0.11651841341073066,0.08159328643621563,0.11800475564688599,0.04311447113924281,0.05748642591499624,0.06893089839047131,0.061035385220578865,0.04798013567381997,0.06895478991900932,0.01378548966175656,0.037118370555683906,0.04311447113924281,0.05748642591499624,0.06893089839047131,0.061035385220578865,0.04798013567381997,0.06895478991900932,0.01378548966175656,0.037118370555683906,0.04311447113924281,0.05748642591499624,0.06893089839047131,0.061035385220578865,0.04798013567381997,0.06895478991900932,0.01378548966175656,0.037118370555683906,0.11056310109807,0.056768597371646,0.07953736378320213,0.04885806590550263,0.11977403614933775,0.08518239099020568,0.017618324458453353,0.0713755003405798,0.10055221106836858,0.10280108334184,0.04870403977912328,0.06885484961651549,0.0928166513428357,0.03068829720742129,0.03197199580559512,0.04184160053423397,0.10055221106836858,0.10280108334184,0.04870403977912328,0.06885484961651549,0.0928166513428357,0.03068829720742129,0.03197199580559512,0.04184160053423397
0.7987129964151921,0.6446814556200366,0.8664792594177076,0.6188312223969654,0.7447623726468274,0.6937570324017704,0.8093661320470744,0.7902906116313202,0.7987129964151921,0.6446814556200366,0.8664792594177076,0.6188312223969654,0.7447623726468274,0.6937570324017704,0.8093661320470744,0.7902906116313202,0.7987129964151921,0.6446814556200366,0.8664792594177076,0.6188312223969654,0.7447623726468274,0.6937570324017704,0.8093661320470744,0.7902906116313202,0.8214364385195866,0.654267493727441,0.7866055991051643,0.7280879442091803,0.8505938207332318,0.6000083697143214,1.00991537078469,0.9075087068849158,0.8214364385195866,0.654267493727441,0.7866055991051643,0.7280879442091803,0.8505938207332318,0.6000083697143214,1.00991537078469,0.9075087068849158,0.8214364385195866,0.654267493727441,0.7866055991051643,0.7280879442091803,0.8505938207332318,0.6000083697143214,1.00991537078469,0.9075087068849158,0.7563767330214509,0.6738135939924473,0.799590546045911,0.8920017677817997,1.003077497975562,0.5835131096261928,0.8426519606803762,0.8458916512224962,0.6103486785872339,0.6288339837077268,0.7681565749677257,0.7230714733810318,0.7171071645958906,0.642324678655301,0.7136408008678264,0.776459845281549,0.6103486785872339,0.6288339837077268,0.7681565749677257,0.7230714733810318,0.7171071645958906,0.642324678655301,0.7136408008678264,0.776459845281549
0.38492789832564167,0.36208612212542807,0.3921156649634614,0.39194899513485676,0.34538691531703825,0.3821249598885354,0.33625697430043705,0.35154872780111657,0.38492789832564167,0.36208612212542807,0.3921156649634614,0.39194899513485676,0.34538691531703825,0.3821249598885354,0.33625697430043705,0.35154872780111657,0.38492789832564167,0.36208612212542807,0.3921156649634614,0.39194899513485676,0.34538691531703825,0.3821249598885354,0.33625697430043705,0.35154872780111657,0.5430314429225723,0.5009533118900933,0.45175644490264094,0.48675214983598775,0.4533861575335141,0.4019034996327045,0.46215419971767174,0.47379466804011017,0.5430314429225723,0.5009533118900933,0.45175644490264094,0.48675214983598775,0.4533861575335141,0.4019034996327045,0.46215419971767174,0.47379466804011017,0.5430314429225723,0.5009533118900933,0.45175644490264094,0.48675214983598775,0.4533861575335141,0.4019034996327045,0.46215419971767174,0.47379466804011017,0.4572944809380888,0.555995588061577,0.48136888803193423,0.475666371843715,0.4825204865018806,0.5595239237635742,0.6135709099035552,0.3709576391880268,0.5204740189999874,0.48374944984770735,0.5030114923225235,0.4780644414229258,0.39658377987414234,0.46334401051059343,0.6537491485620472,0.4613800076990598,0.5204740189999874,0.48374944984770735,0.5030114923225235,0.4780644414229258,0.39658377987414234,0.46334401051059343,0.6537491485620472,0.4613800076990598
1.1450829611221496,1.1167851508575461,1.177390975776962,1.110246880157075,1.226243881290716,1.2664521777051136,1.0731088485803062,1.0753925494710919,1.1450829611221496,1.1167851508575461,1.177390975776962,1.110246880157075,1.226243881290716,1.2664521777051136,1.0731088485803062,1.0753925494710919,1.1450829611221496,1.1167851508575461,1.177390975776962,1.110246880157075,1.226243881290716,1.2664521777051136,1.0731088485803062,1.0753925494710919,1.2414018283636623,1.0513750296261872,1.2306292644657082,1.0830105419966496,1.255328806426828,1.1000885510647362,1.2096934073950132,1.0017210526945486,1.2414018283636623,1.0513750296261872,1.2306292644657082,1.0830105419966496,1.255328806426828,1.1000885510647362,1.2096934073950132,1.0017210526945486,1.2414018283636623,1.0513750296261872,1.2306292644657082,1.0830105419966496,1.255328806426828,1.1000885510647362,1.2096934073950132,1.0017210526945486,1.181392298369906,1.1262788743844587,1.1887529119147935,1.1154969232988396,1.2122136753761938,1.080056359004195,1.168539918490775,1.20849133302794,1.1610059069014302,1.0848937137566763,1.1480848304837898,1.1217759973053305,1.1291417149194334,1.0561045680112837,1.1926250599823554,1.0276846491637066,1.1610059069014302,1.0848937137566763,1.1480848304837898,1.1217759973053305,1.1291417149194334,1.0561045680112837,1.1926250599823554,1.0276846491637066
0.5888039951825772,0.5705514659392366,0.6218910075229955,0.743350785737495,0.4703875901703257,0.5279524106391934,0.48528776052416706,0.6290840603291965,0.5888039951825772,0.5705514659392366,0.6218910075229955,0.743350785737495,0.4703875901703257,0.5279524106391934,0.48528776052416706,0.6290840603291965,0.5888039951825772,0.5705514659392366,0.6218910075229955,0.743350785737495,0.4703875901703257,0.5279524106391934,0.48528776052416706,0.6290840603291965,0.5431829529759216,0.5836511193780922,0.47695976819463404,0.5494800303693518,0.5571281012185578,0.4473435989326416,0.41288139307639593,0.7082877457563559,0.5431829529759216,0.5836511193780922,0.47695976819463404,0.5494800303693518,0.5571281012185578,0.4473435989326416,0.41288139307639593,0.7082877457563559,0.5431829529759216,0.5836511193780922,0.47695976819463404,0.5494800303693518,0.5571281012185578,0.4473435989326416,0.41288139307639593,0.7082877457563559,0.4779746596436508,0.49157051935386153,0.3970348987170501,0.6757597481555806,0.4578267207585873,0.6740572350290366,0.3553235997310388,0.666240759203803,0.5959831427291284,0.5188607048261138,0.5168197322217783,0.4850821058123542,0.9386367596729158,0.3602448169896525,0.4107275756542118,0.4536773938316415,0.5959831427291284,0.5188607048261138,0.5168197322217783,0.4850821058123542,0.9386367596729158,0.3602448169896525,0.4107275756542118,0.4536773938316415
3.070710480361287,2.997477965943413,2.8646900616972415,2.86577080043622,3.1801783866786204,2.941945267612512,2.870726409397467,2.9200015337554337,3.070710480361287,2.997477965943413,2.8646900616972415,2.86577080043622,3.1801783866786204,2.941945267612512,2.870726409397467,2.9200015337554337,3.070710480361287,2.997477965943413,2.8646900616972415,2.86577080043622,3.1801783866786204,2.941945267612512,2.870726409397467,2.9200015337554337,3.091148318320491,3.1793215129676735,3.0088362783297673,2.877589068899217,3.4399212108875252,3.521809141492839,2.8379019109836587,2.876044391712284,3.091148318320491,3.1793215129676735,3.0088362783297673,2.877589068899217,3.4399212108875252,3.521809141492839,2.8379019109836587,2.876044391712284,3.091148318320491,3.1793215129676735,3.0088362783297673,2.877589068899217,3.4399212108875252,3.521809141492839,2.8379019109836587,2.876044391712284,3.2454766077320225,3.229609581695149,3.089353744799594,3.228274306306069,3.4622276795950335,2.6651127654627156,3.1989322038769843,2.670846617661351,3.2154879318604834,3.4361333556718305,3.315067745548181,3.0246680011874583,2.996764629478678,3.2659998224810725,2.2041977915819815,3.0952499833134954,3.2154879318604834,3.4361333556718305,3.315067745548181,3.0246680011874583,2.996764629478678,3.2659998224810725,2.2041977915819815,3.0952499833134954
0.3142498565654333,0.37753471983917913,0.3244766990375008,0.3612711400301491,0.3424159851010174,0.34427085065459034,0.2703881524049799,0.36064776089520234,0.3142498565654333,0.37753471983917913,0.3244766990375008,0.3612711400301491,0.3424159851010174,0.34427085065459034,0.2703881524049799,0.36064776089520234,0.3142498565654333,0.37753471983917913,0.3244766990375008,0.3612711400301491,0.3424159851010174,0.34427085065459034,0.2703881524049799,0.36064776089520234,0.35549229558548595,0.34594706694984545,0.2893727202032736,0.3870366937214637,0.4161206950400264,0.4562243241111648,0.31569089630702724,0.3998513743757972,0.35549229558548595,0.34594706694984545,0.2893727202032736,0.3870366937214637,0.4161206950400264,0.4562243241111648,0.31569089630702724,0.3998513743757972,0.35549229558548595,0.34594706694984545,0.2893727202032736,0.3870366937214637,0.4161206950400264,0.4562243241111648,0.31569089630702724,0.3998513743757972,0.2735271468324026,0.25945682906189504,0.3775841305279228,0.313515541147068,0.2967518600448738,0.3630586617452238,0.3539681853820042,0.36771253260652,0.269700638984214,0.28005008096832307,0.32081643797986803,0.33213203162459526,0.36575856022702374,0.2928438552434651,0.48804967255807635,0.3409003585574884,0.269700638984214,0.28005008096832307,0.32081643797986803,0.33213203162459526,0.36575856022702374,0.2928438552434651,0.48804967255807635,0.3409003585574884
1.195293785746377,1.0825589791037415,1.1180462969865872,1.0752133700009503,1.1882027630096332,1.171075287563411,1.226881556993053,1.1337913425238333,1.195293785746377,1.0825589791037415,1.1180462969865872,1.0752133700009503,1.1882027630096332,1.171075287563411,1.226881556993053,1.1337913425238333,1.195293785746377,1.0825589791037415,1.1180462969865872,1.0752133700009503,1.1882027630096332,1.171075287563411,1.226881556993053,1.1337913425238333,1.3509437125790602,1.4477407255981096,1.2934328838003821,1.4063365759264315,1.1520727835067675,1.4241608806882042,1.3191798370564343,1.2825948394546411,1.3509437125790602,1.4477407255981096,1.2934328838003821,1.4063365759264315,1.1520727835067675,1.4241608806882042,1.3191798370564343,1.2825948394546411,1.3509437125790602,1.4477407255981096,1.2934328838003821,1.4063365759264315,1.1520727835067675,1.4241608806882042,1.3191798370564343,1.2825948394546411,1.1704648374367195,1.3154476598138725,1.2196814268141605,1.2233094786268133,1.131461349918258,1.4642260892498755,1.1700852927531291,1.2782590655452444,1.2483061829768836,1.284948637957404,1.2829126182075437,1.310970513282909,1.3448074141888078,1.3798568792096038,1.1482528802775784,1.2200423450236202,1.2483061829768836,1.284948637957404,1.2829126182075437,1.310970513282909,1.3448074141888078,1.3798568792096038,1.1482528802775784,1.2200423450236202
0.8712239040950239,0.713682149921037,0.523193707217851,0.4973421845089216,0.8548173243502643,0.9474068607764895,0.8336430693008196,0.4725985683983452,0.8712239040950239,0.713682149921037,0.523193707217851,0.4973421845089216,0.8548173243502643,0.9474068607764895,0.8336430693008196,0.4725985683983452,0.8712239040950239,0.713682149921037,0.523193707217851,0.4973421845089216,0.8548173243502643,0.9474068607764895,0.8336430693008196,0.4725985683983452,0.5872563759290534,1.5021794119692995,0.5035211532290891,0.4242847692001247,1.1374660730855932,2.062212282587901,3.4067453723364167,1.5487111309694819,0.5872563759290534,1.5021794119692995,0.5035211532290891,0.4242847692001247,1.1374660730855932,2.062212282587901,3.4067453723364167,1.5487111309694819,0.5872563759290534,1.5021794119692995,0.5035211532290891,0.4242847692001247,1.1374660730855932,2.062212282587901,3.4067453723364167,1.5487111309694819,0.6557146664343151,1.1648928825713178,0.7354013161428351,0.6651843262466172,0.6631860015302824,4.7222404078893385,1.4449349035346593,2.84575961396813,0.9707461235774203,1.2915243384987014,1.9259935511428166,0.7434377777026537,2.2354236404173995,2.0114076618995336,1.6702949803280596,1.9811502947422714,0.9707461235774203,1.2915243384987014,1.9259935511428166,0.7434377777026537,2.2354236404173995,2.0114076618995336,1.6702949803280596,1.9811502947422714
0.9194481086370071,0.8270998615923998,0.7512006972401601,0.7431186946057585,0.8479618264772033,0.7620584372758769,0.7661264769884385,0.6925166750153866,0.9194481086370071,0.8270998615923998,0.7512006972401601,0.7431186946057585,0.8479618264772033,0.7620584372758769,0.7661264769884385,0.6925166750153866,0.9194481086370071,0.8270998615923998,0.7512006972401601,0.7431186946057585,0.8479618264772033,0.7620584372758769,0.7661264769884385,0.6925166750153866,0.841260364229152,0.8825478396778106,0.7559390235570164,0.7665854988479724,1.860703088170923,1.2821155406911962,1.4462492808862393,1.1428171372440952,0.841260364229152,0.8825478396778106,0.7559390235570164,0.7665854988479724,1.860703088170923,1.2821155406911962,1.4462492808862393,1.1428171372440952,0.841260364229152,0.8825478396778106,0.7559390235570164,0.7665854988479724,1.860703088170923,1.2821155406911962,1.4462492808862393,1.1428171372440952,1.0508388536087365,1.0968085473890001,1.5664743203388047,1.164882102916825,1.7861880426916448,1.387815537503271,1.7150097803631923,1.8546147512895146,1.1758335810934797,1.2570851522843587,1.1736483577610168,1.2903023021276387,1.8352282442716632,1.8519880674772444,2.2362812468842743,2.0550681568268088,1.1758335810934797,1.2570851522843587,1.1736483577610168,1.2903023021276387,1.8352282442716632,1.8519880674772444,2.2362812468842743,2.0550681568268088
0.20728766889294592,0.20454799941998994,0.2615414295389075,0.1991676083291378,0.1310873344220931,0.1577473738829571,0.1994420961408808,0.21684296582390847,0.20728766889294592,0.20454799941998994,0.2615414295389075,0.1991676083291378,0.1310873344220931,0.1577473738829571,0.1994420961408808,0.21684296582390847,0.20728766889294592,0.20454799941998994,0.2615414295389075,0.1991676083291378,0.1310873344220931,0.1577473738829571,0.1994420961408808,0.21684296582390847,0.4085682221693798,0.2684043574941483,0.39170781875606436,0.5739941167876313,0.300767724351295,0.23349255846411787,0.2623589690652755,0.4398912281502811,0.4085682221693798,0.2684043574941483,0.39170781875606436,0.5739941167876313,0.300767724351295,0.23349255846411787,0.2623589690652755,0.4398912281502811,0.4085682221693798,0.2684043574941483,0.39170781875606436,0.5739941167876313,0.300767724351295,0.23349255846411787,0.2623589690652755,0.4398912281502811,0.23159090759836343,0.33276957695166426,0.2533369183598058,0.5431166283625594,0.23797682025777203,0.3340429778385094,0.45330311668366113,0.30728968771928467,0.3141511998067178,0.23256451645815326,0.2731523098009476,0.43560380828098993,0.23634561301654036,0.22863606052793287,0.1676941471396668,0.35326354682901934,0.3141511998067178,0.23256451645815326,0.2731523098009476,0.43560380828098993,0.23634561301654036,0.22863606052793287,0.1676941471396668,0.35326354682901934
2.0919571035290883,2.019670463437515,2.2349421788832258,2.190893077527893,1.9106354454931072,2.010556404495386,1.851002893478681,2.1656558426436594,2.0919571035290883,2.019670463437515,2.2349421788832258,2.190893077527893,1.9106354454931072,2.010556404495386,1.851002893478681,2.1656558426436594,2.0919571035290883,2.019670463437515,2.2349421788832258,2.190893077527893,1.9106354454931072,2.010556404495386,1.851002893478681,2.1656558426436594,1.9588690833323226,2.1397099270754523,2.3836247206779597,2.35589543013603,2.089595809435616,2.11663758003882,2.3288379273960125,2.158037197224657,1.9588690833323226,2.1397099270754523,2.3836247206779597,2.35589543013603,2.089595809435616,2.11663758003882,2.3288379273960125,2.158037197224657,1.9588690833323226,2.1397099270754523,2.3836247206779597,2.35589543013603,2.089595809435616,2.11663758003882,2.3288379273960125,2.158037197224657,2.288543019625992,1.968160409152423,2.602969579916702,2.4539470060626356,2.3977785603145656,1.916793146956332,2.4455736288080994,1.7621344985823784,1.9295555405828841,2.190442791297018,2.3867515790040774,2.434048663291214,2.4239586789069967,1.6680776244215507,2.409626180304977,2.434817616728573,1.9295555405828841,2.190442791297018,2.3867515790040774,2.434048663291214,2.4239586789069967,1.6680776244215507,2.409626180304977,2.434817616728573
1.3425165974642097,1.1411110647019174,1.4629548313105356,1.2130647028509947,1.4423773803985724,1.002884025364333,1.3146585459462001,1.4109856165916705,1.3425165974642097,1.1411110647019174,1.4629548313105356,1.2130647028509947,1.4423773803985724,1.002884025364333,1.3146585459462001,1.4109856165916705,1.3425165974642097,1.1411110647019174,1.4629548313105356,1.2130647028509947,1.4423773803985724,1.002884025364333,1.3146585459462001,1.4109856165916705,1.6521220244233839,1.3924290415536509,1.9867798737309317,1.4685514953578451,1.60729506707049,1.7764750212138851,1.7859045163598963,1.8432964951158237,1.6521220244233839,1.3924290415536509,1.9867798737309317,1.4685514953578451,1.60729506707049,1.7764750212138851,1.7859045163598963,1.8432964951158237,1.6521220244233839,1.3924290415536509,1.9867798737309317,1.4685514953578451,1.60729506707049,1.7764750212138851,1.7859045163598963,1.8432964951158237,1.643394298046408,1.9273439024906853,1.9769958551386668,2.21641755240278,1.7656977048629996,1.4668571011791096,3.4390597092126494,2.030960108911927,1.5247928370419634,1.9179746701282776,2.3261591186715616,1.9917393626369935,1.3675257199977346,1.4422731073611466,3.297233510791114,2.5418029353005727,1.5247928370419634,1.9179746701282776,2.3261591186715616,1.9917393626369935,1.3675257199977346,1.4422731073611466,3.297233510791114,2.5418029353005727
1.5652514382537586,1.673035321019013,1.636958660414458,1.7220699615819512,1.5744779937385973,1.4783612064272666,1.6400216173700517,1.5879321090538958,1.5652514382537586,1.673035321019013,1.636958660414458,1.7220699615819512,1.5744779937385973,1.4783612064272666,1.6400216173700517,1.5879321090538958,1.5652514382537586,1.673035321019013,1.636958660414458,1.7220699615819512,1.5744779937385973,1.4783612064272666,1.6400216173700517,1.5879321090538958,1.6729539370236726,1.3977779075490009,1.4228326853438042,1.4828951367176593,1.7058998266693441,1.5073804704498357,1.417540688034258,1.3241593637008153,1.6729539370236726,1.3977779075490009,1.4228326853438042,1.4828951367176593,1.7058998266693441,1.5073804704498357,1.417540688034258,1.3241593637008153,1.6729539370236726,1.3977779075490009,1.4228326853438042,1.4828951367176593,1.7058998266693441,1.5073804704498357,1.417540688034258,1.3241593637008153,1.688591279719471,1.6204512953072527,1.2804332410915702,1.2205496917159844,1.3742281065250632,1.385437561384738,1.3500199203759846,1.3521769130018173,1.6804922045920445,1.4627817773105163,1.3982992065050128,1.3645781399136176,1.2370920327723893,1.5784099896385924,1.2635853109002313,1.3595824505717344,1.6804922045920445,1.4627817773105163,1.3982992065050128,1.3645781399136176,1.2370920327723893,1.5784099896385924,1.2635853109002313,1.3595824505717344
0.31429427137333843,0.37664291348273793,0.3189116702227466,0.3435926262297441,0.33378147032816685,0.3433908856033691,0.32797080000502177,0.3689289772740703,0.31429427137333843,0.37664291348273793,0.3189116702227466,0.3435926262297441,0.33378147032816685,0.3433908856033691,0.32797080000502177,0.3689289772740703,0.31429427137333843,0.37664291348273793,0.3189116702227466,0.3435926262297441,0.33378147032816685,0.3433908856033691,0.32797080000502177,0.3689289772740703,0.3590279096099277,0.3063483501217491,0.32594855359112157,0.34635539483083816,0.3598967123414801,0.3092210505859691,0.31557891312098935,0.3052761133018617,0.3590279096099277,0.3063483501217491,0.32594855359112157,0.34635539483083816,0.3598967123414801,0.3092210505859691,0.31557891312098935,0.3052761133018617,0.3590279096099277,0.3063483501217491,0.32594855359112157,0.34635539483083816,0.3598967123414801,0.3092210505859691,0.31557891312098935,0.3052761133018617,0.3132214580811681,0.369628742005529,0.3183573492647101,0.3109503516115334,0.3497702596125336,0.43407445254714244,0.3525562059494499,0.36179123846906525,0.3147759177805856,0.3594923980374502,0.3019735810280129,0.3184865161788519,0.3654901404075802,0.3708906297926278,0.2712204147512081,0.3171791115575342,0.3147759177805856,0.3594923980374502,0.3019735810280129,0.3184865161788519,0.3654901404075802,0.3708906297926278,0.2712204147512081,0.3171791115575342
0.2718197254583029,0.20431530595332456,0.24323427974324296,0.19112611687112926,0.2720377711673823,0.19633641246427874,0.3755001400502102,0.4012677812478714,0.2718197254583029,0.20431530595332456,0.24323427974324296,0.19112611687112926,0.2720377711673823,0.19633641246427874,0.3755001400502102,0.4012677812478714,0.2718197254583029,0.20431530595332456,0.24323427974324296,0.19112611687112926,0.2720377711673823,0.19633641246427874,0.3755001400502102,0.4012677812478714,0.22619154791827634,0.1234083263176328,0.2458859749361859,0.13889175266749607,0.3314022168344485,0.17132803440157418,0.33818579875973154,0.13402303389144304,0.22619154791827634,0.1234083263176328,0.2458859749361859,0.13889175266749607,0.3314022168344485,0.17132803440157418,0.33818579875973154,0.13402303389144304,0.22619154791827634,0.1234083263176328,0.2458859749361859,0.13889175266749607,0.3314022168344485,0.17132803440157418,0.33818579875973154,0.13402303389144304,0.3439374224222882,0.11873179474129922,0.20820164074925485,0.15891302016713785,0.1695565024024043,0.163346296913985,0.31988667176919366,0.4464999957374058,0.4103287477945804,0.15726095313873953,0.25639459560373706,0.14761600677898085,0.3522031467220966,0.1924560060301556,0.2909888211588568,0.24912170151576474,0.4103287477945804,0.15726095313873953,0.25639459560373706,0.14761600677898085,0.3522031467220966,0.1924560060301556,0.2909888211588568,0.24912170151576474
0.6100593741029606,0.7138447043705695,0.6602171188111454,0.6100186075752307,0.7320833299871573,0.8458192049143534,0.7336182953906203,0.7410412945980851,0.6100593741029606,0.7138447043705695,0.6602171188111454,0.6100186075752307,0.7320833299871573,0.8458192049143534,0.7336182953906203,0.7410412945980851,0.6100593741029606,0.7138447043705695,0.6602171188111454,0.6100186075752307,0.7320833299871573,0.8458192049143534,0.7336182953906203,0.7410412945980851,0.5968394305566406,0.5192367960605421,0.477266833315839,0.4764793292822841,0.37360780607113064,0.4447443060311671,0.6462376351584835,0.5621862350505291,0.5968394305566406,0.5192367960605421,0.477266833315839,0.4764793292822841,0.37360780607113064,0.4447443060311671,0.6462376351584835,0.5621862350505291,0.5968394305566406,0.5192367960605421,0.477266833315839,0.4764793292822841,0.37360780607113064,0.4447443060311671,0.6462376351584835,0.5621862350505291,0.5155714287152826,0.7502964849076357,0.5714745779663185,0.7007800124171204,0.622710120487538,0.9576231738364092,0.641362461163069,0.7157714818006726,0.6983655959271919,0.7147298463837863,0.6277375800441571,0.8811274195238559,0.9174630553800899,1.0222549271351797,0.8344513175300985,0.8233112910114292,0.6983655959271919,0.7147298463837863,0.6277375800441571,0.8811274195238559,0.9174630553800899,1.0222549271351797,0.8344513175300985,0.8233112910114292
0.5421356484873111,0.4195984988096159,0.561656847269859,0.45204902365862837,0.5186489633237742,0.3791604498087526,0.5713134436282337,0.406186498719535,0.5421356484873111,0.4195984988096159,0.561656847269859,0.45204902365862837,0.5186489633237742,0.3791604498087526,0.5713134436282337,0.406186498719535,0.5421356484873111,0.4195984988096159,0.561656847269859,0.45204902365862837,0.5186489633237742,0.3791604498087526,0.5713134436282337,0.406186498719535,0.5192312054308862,0.6037275506976393,0.4200529686309143,0.5971395102204601,0.5129143877470284,0.4418052395397458,0.6099229590658183,0.5021328219035265,0.5192312054308862,0.6037275506976393,0.4200529686309143,0.5971395102204601,0.5129143877470284,0.4418052395397458,0.6099229590658183,0.5021328219035265,0.5192312054308862,0.6037275506976393,0.4200529686309143,0.5971395102204601,0.5129143877470284,0.4418052395397458,0.6099229590658183,0.5021328219035265,0.5324878765641927,0.3506099861583665,0.46726740033142833,0.6490432403386177,0.39576161843794533,0.3068996638684708,0.594551789651759,0.31879142157694124,0.44164244775998757,0.3649848049473478,0.4383640115375428,0.6629345676778832,0.34397476718998077,0.1999903449537124,0.5787844360196019,0.3667970265997139,0.44164244775998757,0.3649848049473478,0.4383640115375428,0.6629345676778832,0.34397476718998077,0.1999903449537124,0.5787844360196019,0.3667970265997139
0.5122532518436663,0.589641928125394,0.5622182927234769,0.5938896938331427,0.4984970866417173,0.5370947951139764,0.6152485665656529,0.5379279122083642,0.5122532518436663,0.589641928125394,0.5622182927234769,0.5938896938331427,0.4984970866417173,0.5370947951139764,0.6152485665656529,0.5379279122083642,0.5122532518436663,0.589641928125394,0.5622182927234769,0.5938896938331427,0.4984970866417173,0.5370947951139764,0.6152485665656529,0.5379279122083642,0.455418913000826,0.48369223289304447,0.48446986431919364,0.5074965679816182,0.5728271260121788,0.42879945358372384,0.5009557900855196,0.5103512090980296,0.455418913000826,0.48369223289304447,0.48446986431919364,0.5074965679816182,0.5728271260121788,0.42879945358372384,0.5009557900855196,0.5103512090980296,0.455418913000826,0.48369223289304447,0.48446986431919364,0.5074965679816182,0.5728271260121788,0.42879945358372384,0.5009557900855196,0.5103512090980296,0.49358895403010644,0.5013758974278931,0.45684804322170847,0.46154324358405724,0.6862905119185571,0.38698122731129203,0.5021456675446688,0.4660720546689355,0.5917624553211197,0.4806329456503775,0.4560110165865707,0.498715737541567,0.6515566477528929,0.7089804474914838,0.4816080839562229,0.3944136657710596,0.5917624553211197,0.4806329456503775,0.4560110165865707,0.498715737541567,0.6515566477528929,0.7089804474914838,0.4816080839562229,0.3944136657710596
0.3173011805508126,0.3445322134341669,0.3018555795902456,0.30179342016950933,0.27430754102564076,0.2754978226853339,0.2385722046345211,0.27553305846008785,0.3173011805508126,0.3445322134341669,0.3018555795902456,0.30179342016950933,0.27430754102564076,0.2754978226853339,0.2385722046345211,0.27553305846008785,0.3173011805508126,0.3445322134341669,0.3018555795902456,0.30179342016950933,0.27430754102564076,0.2754978226853339,0.2385722046345211,0.27553305846008785,0.30205173553134435,0.3294409624118049,0.3557026759403162,0.341195133153549,0.2818130470782132,0.26416646189230164,0.33977146030631916,0.349506028064449,0.30205173553134435,0.3294409624118049,0.3557026759403162,0.341195133153549,0.2818130470782132,0.26416646189230164,0.33977146030631916,0.349506028064449,0.30205173553134435,0.3294409624118049,0.3557026759403162,0.341195133153549,0.2818130470782132,0.26416646189230164,0.33977146030631916,0.349506028064449,0.32940236460637184,0.33272582305879134,0.31185934634670526,0.3434104829054463,0.4624637030120255,0.2911217475765598,0.5341276804533845,0.40454112587438473,0.38064856844762923,0.32874631803552906,0.3111008006294879,0.33390407565149416,0.2497295806486062,0.34868250482836755,0.5079045727957323,0.40666488906801074,0.38064856844762923,0.32874631803552906,0.3111008006294879,0.33390407565149416,0.2497295806486062,0.34868250482836755,0.5079045727957323,0.40666488906801074
0.38028095725345157,0.3572695361528196,0.38389893670373404,0.24851410995884118,0.29462843699473934,0.3629964053830474,0.34743987406452853,0.42446303630771753,0.38028095725345157,0.3572695361528196,0.38389893670373404,0.24851410995884118,0.29462843699473934,0.3629964053830474,0.34743987406452853,0.42446303630771753,0.38028095725345157,0.3572695361528196,0.38389893670373404,0.24851410995884118,0.29462843699473934,0.3629964053830474,0.34743987406452853,0.42446303630771753,0.19989775403619514,0.21472607615853148,0.18098629393518498,0.29320752847233317,0.2013359837773795,0.28601729493527267,0.28010239315926827,0.43695282864729584,0.19989775403619514,0.21472607615853148,0.18098629393518498,0.29320752847233317,0.2013359837773795,0.28601729493527267,0.28010239315926827,0.43695282864729584,0.19989775403619514,0.21472607615853148,0.18098629393518498,0.29320752847233317,0.2013359837773795,0.28601729493527267,0.28010239315926827,0.43695282864729584,0.15119891088870552,0.1369301685731721,0.0766998080742905,0.08033547864340884,0.10367728223883584,0.21908284223050148,0.1108502176450928,0.14076180316552056,0.1313169106754937,0.16401800230650698,0.0927876942842879,0.08806675842909178,0.15640716006426725,0.591861200590468,0.11843348960562,0.179513429237292,0.1313169106754937,0.16401800230650698,0.0927876942842879,0.08806675842909178,0.15640716006426725,0.591861200590468,0.11843348960562,0.179513429237292
0.3503907922781811,0.3582314893595078,0.3516023695124261,0.335711147306802,0.24200313326067957,0.20066873119103748,0.344674295167641,0.32258661914138104,0.3503907922781811,0.3582314893595078,0.3516023695124261,0.335711147306802,0.24200313326067957,0.20066873119103748,0.344674295167641,0.32258661914138104,0.3503907922781811,0.3582314893595078,0.3516023695124261,0.335711147306802,0.24200313326067957,0.20066873119103748,0.344674295167641,0.32258661914138104,0.16159929112437257,0.2003626538244824,0.2193858088599597,0.10596508254036428,0.22003342402782225,0.17050682911273327,0.23096451249039474,0.13805876386079638,0.16159929112437257,0.2003626538244824,0.2193858088599597,0.10596508254036428,0.22003342402782225,0.17050682911273327,0.23096451249039474,0.13805876386079638,0.16159929112437257,0.2003626538244824,0.2193858088599597,0.10596508254036428,0.22003342402782225,0.17050682911273327,0.23096451249039474,0.13805876386079638,0.2478852421372295,0.16407090551551026,0.16181768962696372,0.09954549887890037,0.17206847317652652,0.1374855477526938,0.14595302001240246,0.1297788504592537,0.24860129513281812,0.1961180698096555,0.14662231426573294,0.08810984498928913,0.21073453406019735,0.07960529906992582,0.13165491008130348,0.15774514310796292,0.24860129513281812,0.1961180698096555,0.14662231426573294,0.08810984498928913,0.21073453406019735,0.07960529906992582,0.13165491008130348,0.15774514310796292
0.27258480248906936,0.3123862969087606,0.40068018763964136,0.3914713796629405,0.3102951452762909,0.35646213845540514,0.3240411204612545,0.35011558750829047,0.27258480248906936,0.3123862969087606,0.40068018763964136,0.3914713796629405,0.3102951452762909,0.35646213845540514,0.3240411204612545,0.35011558750829047,0.27258480248906936,0.3123862969087606,0.40068018763964136,0.3914713796629405,0.3102951452762909,0.35646213845540514,0.3240411204612545,0.35011558750829047,0.05039381021042141,0.06640437297810421,0.061018885768911485,0.025012567276852537,0.11781527586932417,0.0819156391790178,0.07786877862613896,0.06300079525006487,0.05039381021042141,0.06640437297810421,0.061018885768911485,0.025012567276852537,0.11781527586932417,0.0819156391790178,0.07786877862613896,0.06300079525006487,0.05039381021042141,0.06640437297810421,0.061018885768911485,0.025012567276852537,0.11781527586932417,0.0819156391790178,0.07786877862613896,0.06300079525006487,0.07480577249100816,0.07852243270567068,0.07253666511886948,0.08289717217924492,0.05390232529282694,0.059501663748812904,0.058744820840208045,0.11886549333070873,0.0792773538228866,0.06755680489705423,0.041162149933991844,0.03800757070078061,0.05652333853427111,0.04378497163115369,0.08669848406732594,0.12756972548488046,0.0792773538228866,0.06755680489705423,0.041162149933991844,0.03800757070078061,0.05652333853427111,0.04378497163115369,0.08669848406732594,0.12756972548488046
0.20361586165117393,0.08213329996017017,0.15839263814027363,0.09430062904730768,0.14425522498682378,0.09796317822572644,0.11369738182452342,0.07912448822483063,0.20361586165117393,0.08213329996017017,0.15839263814027363,0.09430062904730768,0.14425522498682378,0.09796317822572644,0.11369738182452342,0.07912448822483063,0.20361586165117393,0.08213329996017017,0.15839263814027363,0.09430062904730768,0.14425522498682378,0.09796317822572644,0.11369738182452342,0.07912448822483063,0.10260404429287855,0.13933896356007217,0.0755467305827375,0.07035620339965569,0.10406829836951399,0.25118967243934737,0.03835496386009995,0.08680157567403417,0.10260404429287855,0.13933896356007217,0.0755467305827375,0.07035620339965569,0.10406829836951399,0.25118967243934737,0.03835496386009995,0.08680157567403417,0.10260404429287855,0.13933896356007217,0.0755467305827375,0.07035620339965569,0.10406829836951399,0.25118967243934737,0.03835496386009995,0.08680157567403417,0.13142060812369546,0.12003912396335518,0.11561769596149352,0.12602101168727373,0.03723722458037571,0.03617403507974674,0.07191318268470535,0.0685046989966845,0.12075212518241672,0.10234619169965241,0.12828049230342478,0.08772966961443035,0.038377295130818695,0.11762645861874199,0.05215217066559635,0.1911273817131919,0.12075212518241672,0.10234619169965241,0.12828049230342478,0.08772966961443035,0.038377295130818695,0.11762645861874199,0.05215217066559635,0.1911273817131919
0.17640763783762117,0.2632433505925053,0.15977339268468913,0.16979299618266738,0.14664702249161868,0.22965559574944291,0.14552743222898254,0.2108997177398314,0.17640763783762117,0.2632433505925053,0.15977339268468913,0.16979299618266738,0.14664702249161868,0.22965559574944291,0.14552743222898254,0.2108997177398314,0.17640763783762117,0.2632433505925053,0.15977339268468913,0.16979299618266738,0.14664702249161868,0.22965559574944291,0.14552743222898254,0.2108997177398314,0.059939751763864645,0.0832825656726449,0.052380566686709006,0.050491578719356854,0.10733289794810406,0.09738526913486766,0.06226230153121436,0.04739189647063399,0.059939751763864645,0.0832825656726449,0.052380566686709006,0.050491578719356854,0.10733289794810406,0.09738526913486766,0.06226230153121436,0.04739189647063399,0.059939751763864645,0.0832825656726449,0.052380566686709006,0.050491578719356854,0.10733289794810406,0.09738526913486766,0.06226230153121436,0.04739189647063399,0.0580081030101705,0.07604651064390026,0.02544574613965489,0.06630630163707776,0.1782685351431357,0.07510804084176749,0.059094828597399084,0.10088697969680549,0.04285183876842769,0.06917242636362195,0.025518992685000838,0.10679558669579083,0.09972978953308566,0.07811527594435269,0.0631006113624665,0.1130953661558673,0.04285183876842769,0.06917242636362195,0.025518992685000838,0.10679558669579083,0.09972978953308566,0.07811527594435269,0.0631006113624665,0.1130953661558673
0.2290116712259227,0.14411161865032443,0.25814478136104824,0.08738697362422239,0.10056816154921809,0.22972873976766528,0.16372314458378248,0.22420049797940714,0.2290116712259227,0.14411161865032443,0.25814478136104824,0.08738697362422239,0.10056816154921809,0.22972873976766528,0.16372314458378248,0.22420049797940714,0.2290116712259227,0.14411161865032443,0.25814478136104824,0.08738697362422239,0.10056816154921809,0.22972873976766528,0.16372314458378248,0.22420049797940714,0.26821336368391807,0.21235675956096642,0.1632768670592609,0.08821750007748534,0.177668729049289,0.09852264066391582,0.10091307684374402,0.14446294710338983,0.26821336368391807,0.21235675956096642,0.1632768670592609,0.08821750007748534,0.177668729049289,0.09852264066391582,0.10091307684374402,0.14446294710338983,0.26821336368391807,0.21235675956096642,0.1632768670592609,0.08821750007748534,0.177668729049289,0.09852264066391582,0.10091307684374402,0.14446294710338983,0.06651361446931613,0.09426499529592407,0.11693666049281559,0.14869386938702323,0.039087350963851776,0.2383507801610775,0.10825882393160846,0.19682051601230297,0.07361044706021706,0.1231009227732671,0.11249357161749075,0.14893526596879972,0.09114812199662588,0.1754005201546752,0.12033087188940128,0.13654230033042888,0.07361044706021706,0.1231009227732671,0.11249357161749075,0.14893526596879972,0.09114812199662588,0.1754005201546752,0.12033087188940128,0.13654230033042888
0.2602544097251857,0.19328951622684362,0.21407333525376485,0.1337999551322266,0.1276005332326413,0.12356518804424717,0.12423336354561505,0.24950246340350737,0.2602544097251857,0.19328951622684362,0.21407333525376485,0.1337999551322266,0.1276005332326413,0.12356518804424717,0.12423336354561505,0.24950246340350737,0.2602544097251857,0.19328951622684362,0.21407333525376485,0.1337999551322266,0.1276005332326413,0.12356518804424717,0.12423336354561505,0.24950246340350737,0.07599306914824623,0.09279231911320836,0.09478670969533974,0.050865860493668806,0.049791624426103596,0.0962307166593599,0.025968367300265898,0.06513081542892725,0.07599306914824623,0.09279231911320836,0.09478670969533974,0.050865860493668806,0.049791624426103596,0.0962307166593599,0.025968367300265898,0.06513081542892725,0.07599306914824623,0.09279231911320836,0.09478670969533974,0.050865860493668806,0.049791624426103596,0.0962307166593599,0.025968367300265898,0.06513081542892725,0.03758209696171818,0.03876689684115656,0.05908538148188457,0.04509641947659484,0.026174146427775744,0.051785916099781726,0.034948494847010986,0.05584590192866368,0.04450479313127916,0.08051390573684435,0.0562960405179962,0.058202295809451236,0.03010949972327373,0.09147847334287317,0.04973782162432192,0.04500630219920301,0.04450479313127916,0.08051390573684435,0.0562960405179962,0.058202295809451236,0.03010949972327373,0.09147847334287317,0.04973782162432192,0.04500630219920301
0.11944246832256733,0.11823994559035055,0.09969840713890503,0.10630177527962299,0.11309485865408897,0.12721507121602318,0.07803550670559015,0.15075237682497403,0.11944246832256733,0.11823994559035055,0.09969840713890503,0.10630177527962299,0.11309485865408897,0.12721507121602318,0.07803550670559015,0.15075237682497403,0.11944246832256733,0.11823994559035055,0.09969840713890503,0.10630177527962299,0.11309485865408897,0.12721507121602318,0.07803550670559015,0.15075237682497403,0.04927913837951936,0.051643582273937255,0.04573780826351842,0.05853384679179441,0.027366271616044834,0.07400380713522407,0.02519485196351184,0.03373098551396521,0.04927913837951936,0.051643582273937255,0.04573780826351842,0.05853384679179441,0.027366271616044834,0.07400380713522407,0.02519485196351184,0.03373098551396521,0.04927913837951936,0.051643582273937255,0.04573780826351842,0.05853384679179441,0.027366271616044834,0.07400380713522407,0.02519485196351184,0.03373098551396521,0.023317701566523363,0.0486195414044312,0.025377069589851937,0.05213130242459967,0.053978587096739826,0.031371339981910905,0.03489065721861171,0.014273959367340197,0.01999036509924379,0.037212395339282396,0.02898405332131104,0.05663525511604948,0.07710322355185549,0.05530050495888137,0.026989692042580102,0.02081501109042952,0.01999036509924379,0.037212395339282396,0.02898405332131104,0.05663525511604948,0.07710322355185549,0.05530050495888137,0.026989692042580102,0.02081501109042952
0.11283762756116845,0.08482228158495586,0.07729120902833882,0.07841340645245488,0.09831321644393302,0.1365611914818624,0.0908361065548874,0.097882802479092,0.11283762756116845,0.08482228158495586,0.07729120902833882,0.07841340645245488,0.09831321644393302,0.1365611914818624,0.0908361065548874,0.097882802479092,0.11283762756116845,0.08482228158495586,0.07729120902833882,0.07841340645245488,0.09831321644393302,0.1365611914818624,0.0908361065548874,0.097882802479092,0.05762731781055991,0.08072455702030747,0.04151629709963887,0.0630546592542271,0.03340445373094057,0.08859682008898818,0.08210928765316182,0.03774275180800254,0.05762731781055991,0.08072455702030747,0.04151629709963887,0.0630546592542271,0.03340445373094057,0.08859682008898818,0.08210928765316182,0.03774275180800254,0.05762731781055991,0.08072455702030747,0.04151629709963887,0.0630546592542271,0.03340445373094057,0.08859682008898818,0.08210928765316182,0.03774275180800254,0.05702795478144426,0.03542034822739427,0.04591198686043394,0.019122533150280726,0.04004993087432019,0.025677413344546002,0.026121030248702576,0.035262815372819785,0.04433169101513079,0.03208680014139001,0.03422582802932509,0.0400475990736655,0.02756249432972137,0.023607398364317776,0.018841280845700147,0.04579879156446572,0.04433169101513079,0.03208680014139001,0.03422582802932509,0.0400475990736655,0.02756249432972137,0.023607398364317776,0.018841280845700147,0.04579879156446572
0.17298550696101644,0.15225635432944748,0.1740509987673101,0.1384274160088459,0.15876137567609339,0.13767411771376628,0.17092972380110497,0.1687612994035498,0.17298550696101644,0.15225635432944748,0.1740509987673101,0.1384274160088459,0.15876137567609339,0.13767411771376628,0.17092972380110497,0.1687612994035498,0.17298550696101644,0.15225635432944748,0.1740509987673101,0.1384274160088459,0.15876137567609339,0.13767411771376628,0.17092972380110497,0.1687612994035498,0.043981445734437095,0.06476942143488292,0.03802133259520303,0.06493150974613758,0.04992544256668765,0.0731611855965703,0.03492850556356715,0.04714901068161289,0.043981445734437095,0.06476942143488292,0.03802133259520303,0.06493150974613758,0.04992544256668765,0.0731611855965703,0.03492850556356715,0.04714901068161289,0.043981445734437095,0.06476942143488292,0.03802133259520303,0.06493150974613758,0.04992544256668765,0.0731611855965703,0.03492850556356715,0.04714901068161289,0.0579246860963834,0.04653675387994286,0.06155326591974467,0.027368901094377063,0.049895511011814025,0.012537670751362154,0.043446046062830534,0.04713147432695349,0.05704956254576726,0.042345345031608084,0.025653258214513513,0.02652535519473187,0.060980322316983526,0.029533583504410987,0.017106509758721706,0.040842929507208074,0.05704956254576726,0.042345345031608084,0.025653258214513513,0.02652535519473187,0.060980322316983526,0.029533583504410987,0.017106509758721706,0.040842929507208074
0.07539030958244364,0.06760890093980777,0.07394654094908004,0.08020045695047345,0.11990909376642532,0.07453975759202307,0.10313633149991831,0.0858626670976907,0.07539030958244364,0.06760890093980777,0.07394654094908004,0.08020045695047345,0.11990909376642532,0.07453975759202307,0.10313633149991831,0.0858626670976907,0.07539030958244364,0.06760890093980777,0.07394654094908004,0.08020045695047345,0.11990909376642532,0.07453975759202307,0.10313633149991831,0.0858626670976907,0.022494143971159824,0.033286886006093745,0.01924999167326522,0.010578824755320205,0.020942200222690336,0.019792622736296703,0.021901643065079402,0.020759533917419297,0.022494143971159824,0.033286886006093745,0.01924999167326522,0.010578824755320205,0.020942200222690336,0.019792622736296703,0.021901643065079402,0.020759533917419297,0.022494143971159824,0.033286886006093745,0.01924999167326522,0.010578824755320205,0.020942200222690336,0.019792622736296703,0.021901643065079402,0.020759533917419297,0.013543141972157035,0.008489143386399133,0.011253643425341846,0.005158316912340097,0.030346598396127755,0.013185282298073106,0.008840747570358616,0.00976561878201096,0.016703277961974086,0.018334010338992377,0.010106987298395655,0.004929924402230347,0.012172957761302191,0.038224720225579434,0.004147167990777961,0.014450949289374354,0.016703277961974086,0.018334010338992377,0.010106987298395655,0.004929924402230347,0.012172957761302191,0.038224720225579434,0.004147167990777961,0.014450949289374354
0.055541773425091014,0.055784827196469794,0.08369565745560185,0.08651052660846108,0.04902690295333114,0.06413008270986151,0.054957983234787317,0.08686023611944899,0.055541773425091014,0.055784827196469794,0.08369565745560185,0.08651052660846108,0.04902690295333114,0.06413008270986151,0.054957983234787317,0.08686023611944899,0.055541773425091014,0.055784827196469794,0.08369565745560185,0.08651052660846108,0.04902690295333114,0.06413008270986151,0.054957983234787317,0.08686023611944899,0.010628591996635822,0.030662091005947686,0.011595597526322186,0.008535533553250868,0.021651939302903062,0.01994062436474586,0.011601956194614495,0.029889253244114924,0.010628591996635822,0.030662091005947686,0.011595597526322186,0.008535533553250868,0.021651939302903062,0.01994062436474586,0.011601956194614495,0.029889253244114924,0.010628591996635822,0.030662091005947686,0.011595597526322186,0.008535533553250868,0.021651939302903062,0.01994062436474586,0.011601956194614495,0.029889253244114924,0.008085056806911158,0.03195191305040318,0.01464210699569809,0.006470400529470705,0.014337481424591557,0.06231795675927634,0.04959412508942466,0.03765669689032372,0.010141523897250699,0.004146988377216706,0.009018098952347633,0.019772809932794726,0.028098138321522203,0.010365912921631125,0.027154465770729667,0.019800536933066767,0.010141523897250699,0.004146988377216706,0.009018098952347633,0.019772809932794726,0.028098138321522203,0.010365912921631125,0.027154465770729667,0.019800536933066767
0.06910490831635835,0.11089171637893681,0.045933500932009486,0.08361024595498162,0.06914781549919187,0.10987444789865469,0.11761576774242578,0.12041019634946219,0.06910490831635835,0.11089171637893681,0.045933500932009486,0.08361024595498162,0.06914781549919187,0.10987444789865469,0.11761576774242578,0.12041019634946219,0.06910490831635835,0.11089171637893681,0.045933500932009486,0.08361024595498162,0.06914781549919187,0.10987444789865469,0.11761576774242578,0.12041019634946219,0.008285412320128228,0.00984323707993183,0.00892249525371909,0.010282125028265593,0.01813097895770182,0.026076622982669762,0.05694036603511524,0.02012763818481054,0.008285412320128228,0.00984323707993183,0.00892249525371909,0.010282125028265593,0.01813097895770182,0.026076622982669762,0.05694036603511524,0.02012763818481054,0.008285412320128228,0.00984323707993183,0.00892249525371909,0.010282125028265593,0.01813097895770182,0.026076622982669762,0.05694036603511524,0.02012763818481054,0.010388772442875316,0.003219905922308612,0.006867865859726822,0.0030811345931014583,0.023899641656615057,0.01570116880461141,0.08084934904961354,0.03943015928264256,0.01350983806222668,0.02038512947776903,0.005754958227387465,0.008310469534779187,0.012957067134597757,0.010667264694835315,0.0072858817787590895,0.021391655214694504,0.01350983806222668,0.02038512947776903,0.005754958227387465,0.008310469534779187,0.012957067134597757,0.010667264694835315,0.0072858817787590895,0.021391655214694504
0.06542161093302173,0.06879056953783595,0.07630811783690004,0.05092495840830058,0.07650919597942492,0.0502047076264181,0.09353732920375611,0.03504454652784208,0.06542161093302173,0.06879056953783595,0.07630811783690004,0.05092495840830058,0.07650919597942492,0.0502047076264181,0.09353732920375611,0.03504454652784208,0.06542161093302173,0.06879056953783595,0.07630811783690004,0.05092495840830058,0.07650919597942492,0.0502047076264181,0.09353732920375611,0.03504454652784208,0.024822656806400046,0.03032568943416611,0.019251425386518018,0.024697331041475357,0.06906593404050736,0.013992669457815299,0.034528344157578474,0.027389636168330133,0.024822656806400046,0.03032568943416611,0.019251425386518018,0.024697331041475357,0.06906593404050736,0.013992669457815299,0.034528344157578474,0.027389636168330133,0.024822656806400046,0.03032568943416611,0.019251425386518018,0.024697331041475357,0.06906593404050736,0.013992669457815299,0.034528344157578474,0.027389636168330133,0.033613018563861154,0.036374973703244246,0.021510767387537544,0.02399535405049631,0.057868496045683206,0.04877429545663844,0.03084779741304897,0.03239093826609132,0.028384963121661024,0.02205688822747903,0.022059008165925886,0.015127337047195205,0.02564553050026476,0.021027897465295025,0.018689594866723478,0.03504531887675504,0.028384963121661024,0.02205688822747903,0.022059008165925886,0.015127337047195205,0.02564553050026476,0.021027897465295025,0.018689594866723478,0.03504531887675504
0.03837336719460943,0.06393981141752432,0.08561192926375642,0.07955391996001028,0.14417467311754592,0.14469728551231,0.06724737254184027,0.12125495895434561,0.03837336719460943,0.06393981141752432,0.08561192926375642,0.07955391996001028,0.14417467311754592,0.14469728551231,0.06724737254184027,0.12125495895434561,0.03837336719460943,0.06393981141752432,0.08561192926375642,0.07955391996001028,0.14417467311754592,0.14469728551231,0.06724737254184027,0.12125495895434561,0.020353098356318832,0.03153174395374315,0.0071353357996956635,0.01691112146154729,0.10172312879988883,0.08414043509425805,0.061704188455139815,0.020347951857681904,0.020353098356318832,0.03153174395374315,0.0071353357996956635,0.01691112146154729,0.10172312879988883,0.08414043509425805,0.061704188455139815,0.020347951857681904,0.020353098356318832,0.03153174395374315,0.0071353357996956635,0.01691112146154729,0.10172312879988883,0.08414043509425805,0.061704188455139815,0.020347951857681904,0.024617582883872318,0.026208804178854007,0.005041773521190011,0.006267954284165045,0.06180360268479127,0.014801500844856395,0.030870266231564275,0.018847547847557183,0.030165090427255885,0.01672728062157621,0.006077107489463667,0.012146355366453488,0.018817824137769185,0.04035215708884529,0.07667391550137873,0.058642017643965205,0.030165090427255885,0.01672728062157621,0.006077107489463667,0.012146355366453488,0.018817824137769185,0.04035215708884529,0.07667391550137873,0.058642017643965205
0.08079055735304756,0.07080642139989196,0.06634118946831541,0.0641046694203668,0.12523551014474468,0.06359547095194329,0.0603635669061518,0.06766706415040769,0.08079055735304756,0.07080642139989196,0.06634118946831541,0.0641046694203668,0.12523551014474468,0.06359547095194329,0.0603635669061518,0.06766706415040769,0.08079055735304756,0.07080642139989196,0.06634118946831541,0.0641046694203668,0.12523551014474468,0.06359547095194329,0.0603635669061518,0.06766706415040769,0.02486397564775648,0.024024575472577053,0.014763664337239968,0.01755788772679227,0.03013134919602682,0.03022771998829347,0.014603436373236767,0.01873698932829332,0.02486397564775648,0.024024575472577053,0.014763664337239968,0.01755788772679227,0.03013134919602682,0.03022771998829347,0.014603436373236767,0.01873698932829332,0.02486397564775648,0.024024575472577053,0.014763664337239968,0.01755788772679227,0.03013134919602682,0.03022771998829347,0.014603436373236767,0.01873698932829332,0.020331198395645286,0.02133039911009839,0.01797937040637245,0.00910905343891745,0.03348128528869218,0.010458800962906613,0.013145166440497956,0.011559511482925694,0.02895740020779614,0.012366638491960286,0.011370832159959382,0.008901860032932514,0.03195837099431378,0.012239226250416069,0.014944186523830371,0.009539013981868875,0.02895740020779614,0.012366638491960286,0.011370832159959382,0.008901860032932514,0.03195837099431378,0.012239226250416069,0.014944186523830371,0.009539013981868875
0.06297041024236037,0.06169528341505006,0.06878295466860636,0.06675535675486345,0.040956283014604716,0.05168409216282734,0.1068675192161949,0.06258002318978946,0.06297041024236037,0.06169528341505006,0.06878295466860636,0.06675535675486345,0.040956283014604716,0.05168409216282734,0.1068675192161949,0.06258002318978946,0.06297041024236037,0.06169528341505006,0.06878295466860636,0.06675535675486345,0.040956283014604716,0.05168409216282734,0.1068675192161949,0.06258002318978946,0.01837418456493014,0.029299533438245245,0.01371803424419757,0.025984797453506885,0.057131381946770456,0.07111366388188554,0.05887779421190755,0.032391437839463334,0.01837418456493014,0.029299533438245245,0.01371803424419757,0.025984797453506885,0.057131381946770456,0.07111366388188554,0.05887779421190755,0.032391437839463334,0.01837418456493014,0.029299533438245245,0.01371803424419757,0.025984797453506885,0.057131381946770456,0.07111366388188554,0.05887779421190755,0.032391437839463334,0.012958299734940289,0.0078133673602745,0.018864220267539037,0.01465366713695893,0.036816380611796116,0.04476012659915931,0.020701848347148465,0.045093031663079035,0.006372532708500561,0.020540238503667745,0.00968422068478936,0.02292601001788737,0.03597113804946329,0.03968894882466738,0.026623328512010023,0.048350958731767875,0.006372532708500561,0.020540238503667745,0.00968422068478936,0.02292601001788737,0.03597113804946329,0.03968894882466738,0.026623328512010023,0.048350958731767875
0.14303006444786528,0.13875283530897944,0.15055292693529246,0.1402677566335036,0.1391927125958452,0.20962594006781643,0.11654228644885208,0.10654292115472874,0.14303006444786528,0.13875283530897944,0.15055292693529246,0.1402677566335036,0.1391927125958452,0.20962594006781643,0.11654228644885208,0.10654292115472874,0.14303006444786528,0.13875283530897944,0.15055292693529246,0.1402677566335036,0.1391927125958452,0.20962594006781643,0.11654228644885208,0.10654292115472874,0.042818034979540696,0.022856992573076173,0.024257274934307294,0.017316570203802503,0.029056078906280324,0.03763131708325737,0.026646906183240837,0.02614337209840695,0.042818034979540696,0.022856992573076173,0.024257274934307294,0.017316570203802503,0.029056078906280324,0.03763131708325737,0.026646906183240837,0.02614337209840695,0.042818034979540696,0.022856992573076173,0.024257274934307294,0.017316570203802503,0.029056078906280324,0.03763131708325737,0.026646906183240837,0.02614337209840695,0.008451915732037504,0.012861901530032733,0.02508340523040083,0.016915554336561348,0.026300483846077555,0.015519890273903304,0.05221774914942867,0.06566265686482568,0.012826450296424425,0.008790696045702533,0.012393866616364204,0.019084182258158344,0.026803140462508358,0.01355705306141175,0.034651496778802554,0.06797187641696568,0.012826450296424425,0.008790696045702533,0.012393866616364204,0.019084182258158344,0.026803140462508358,0.01355705306141175,0.034651496778802554,0.06797187641696568
0.16796658874131767,0.1305590373439048,0.13864560455937894,0.12074923238007047,0.14290390519899393,0.1576519817369587,0.11519864906344157,0.11859952890896852,0.16796658874131767,0.1305590373439048,0.13864560455937894,0.12074923238007047,0.14290390519899393,0.1576519817369587,0.11519864906344157,0.11859952890896852,0.16796658874131767,0.1305590373439048,0.13864560455937894,0.12074923238007047,0.14290390519899393,0.1576519817369587,0.11519864906344157,0.11859952890896852,0.03307853237318683,0.020643894149536563,0.0411659963516403,0.019977821175529663,0.05778999854074215,0.030566223210675047,0.06059316828067918,0.03152001643580471,0.03307853237318683,0.020643894149536563,0.0411659963516403,0.019977821175529663,0.05778999854074215,0.030566223210675047,0.06059316828067918,0.03152001643580471,0.03307853237318683,0.020643894149536563,0.0411659963516403,0.019977821175529663,0.05778999854074215,0.030566223210675047,0.06059316828067918,0.03152001643580471,0.01923968986456915,0.007536561074186501,0.013504229207224059,0.01795022042985106,0.031502734917610485,0.017696957335028646,0.04691509969152093,0.024180887333800593,0.01198609234567301,0.00653150616594039,0.008740978490657062,0.005397580398227305,0.02150934457571407,0.019954094471889484,0.017137685753438034,0.010868457229306702,0.01198609234567301,0.00653150616594039,0.008740978490657062,0.005397580398227305,0.02150934457571407,0.019954094471889484,0.017137685753438034,0.010868457229306702
0.08291007784791891,0.09946305717248786,0.07894866528306364,0.08442293744563162,0.04846017285230897,0.08142054470067207,0.03485167093993161,0.1172926307885435,0.08291007784791891,0.09946305717248786,0.07894866528306364,0.08442293744563162,0.04846017285230897,0.08142054470067207,0.03485167093993161,0.1172926307885435,0.08291007784791891,0.09946305717248786,0.07894866528306364,0.08442293744563162,0.04846017285230897,0.08142054470067207,0.03485167093993161,0.1172926307885435,0.02644134367268473,0.02411821293749275,0.021153526645446452,0.012362446578233663,0.03585421057259552,0.015368720447194053,0.029018044994005936,0.02175002714318662,0.02644134367268473,0.02411821293749275,0.021153526645446452,0.012362446578233663,0.03585421057259552,0.015368720447194053,0.029018044994005936,0.02175002714318662,0.02644134367268473,0.02411821293749275,0.021153526645446452,0.012362446578233663,0.03585421057259552,0.015368720447194053,0.029018044994005936,0.02175002714318662,0.01003546990530563,0.0054482212631858555,0.0078427977335965,0.008407047027814595,0.008471539467634103,0.013858710264024056,0.014043600082530534,0.006697221849970638,0.007852579885348564,0.011902789211756823,0.006581745432309542,0.004894995649840374,0.016747554320646636,0.023617798449883456,0.008362381447562689,0.017979496113711062,0.007852579885348564,0.011902789211756823,0.006581745432309542,0.004894995649840374,0.016747554320646636,0.023617798449883456,0.008362381447562689,0.017979496113711062
0.055159301114160925,0.07403854337084552,0.07314113300916708,0.10235195744287284,0.07745163638922399,0.09528147541549885,0.049770856338959446,0.11853430409629806,0.055159301114160925,0.07403854337084552,0.07314113300916708,0.10235195744287284,0.07745163638922399,0.09528147541549885,0.049770856338959446,0.11853430409629806,0.055159301114160925,0.07403854337084552,0.07314113300916708,0.10235195744287284,0.07745163638922399,0.09528147541549885,0.049770856338959446,0.11853430409629806,0.011429649563795679,0.01555869495405384,0.015521839807776452,0.015713354331857072,0.021744520358752347,0.016030596164340907,0.012199040018037538,0.013091163179777529,0.011429649563795679,0.01555869495405384,0.015521839807776452,0.015713354331857072,0.021744520358752347,0.016030596164340907,0.012199040018037538,0.013091163179777529,0.011429649563795679,0.01555869495405384,0.015521839807776452,0.015713354331857072,0.021744520358752347,0.016030596164340907,0.012199040018037538,0.013091163179777529,0.01483710037468105,0.0038631807652258266,0.0079580839693382,0.00572307450115037,0.014733530978437092,0.003984311273828168,0.008697653136190137,0.006940322628557362,0.012395906411344563,0.007101114981078395,0.007087090495530195,0.006395519035127911,0.01835642930636564,0.004964238373597596,0.015280484507285183,0.006303531665752128,0.012395906411344563,0.007101114981078395,0.007087090495530195,0.006395519035127911,0.01835642930636564,0.004964238373597596,0.015280484507285183,0.006303531665752128
0.059818563830491785,0.061752306342686324,0.042174086149331956,0.04370149960500511,0.029148991743737158,0.03819079647685962,0.02555424408844506,0.02063525152461049,0.059818563830491785,0.061752306342686324,0.042174086149331956,0.04370149960500511,0.029148991743737158,0.03819079647685962,0.02555424408844506,0.02063525152461049,0.059818563830491785,0.061752306342686324,0.042174086149331956,0.04370149960500511,0.029148991743737158,0.03819079647685962,0.02555424408844506,0.02063525152461049,0.017376464942482194,0.015184335544149533,0.009344658451254411,0.006706859782104085,0.012094952774695607,0.003859541623691023,0.008514106860703047,0.00909108322318297,0.017376464942482194,0.015184335544149533,0.009344658451254411,0.006706859782104085,0.012094952774695607,0.003859541623691023,0.008514106860703047,0.00909108322318297,0.017376464942482194,0.015184335544149533,0.009344658451254411,0.006706859782104085,0.012094952774695607,0.003859541623691023,0.008514106860703047,0.00909108322318297,0.0050253336154470855,0.008148381718283831,0.0037411118983153462,0.005053626185396722,0.007937910671505954,0.03730660985134613,0.009587675844088562,0.008641992402840961,0.006043629656846655,0.003477461667881652,0.008524944402351029,0.0032966885569629956,0.011036622682378238,0.011637312495490512,0.008621417129457354,0.00753624812115929,0.006043629656846655,0.003477461667881652,0.008524944402351029,0.0032966885569629956,0.011036622682378238,0.011637312495490512,0.008621417129457354,0.00753624812115929
0.05425825005285134,0.05269630758314969,0.043571171804099716,0.05097862676637854,0.02206950096872277,0.042119744447282614,0.03799112424455626,0.013297440817267803,0.05425825005285134,0.05269630758314969,0.043571171804099716,0.05097862676637854,0.02206950096872277,0.042119744447282614,0.03799112424455626,0.013297440817267803,0.05425825005285134,0.05269630758314969,0.043571171804099716,0.05097862676637854,0.02206950096872277,0.042119744447282614,0.03799112424455626,0.013297440817267803,0.0171704424602943,0.013176286794987701,0.01053919576561238,0.006783713649312317,0.01982231643823558,0.013062923203763357,0.013428977652093596,0.013453237589382133,0.0171704424602943,0.013176286794987701,0.01053919576561238,0.006783713649312317,0.01982231643823558,0.013062923203763357,0.013428977652093596,0.013453237589382133,0.0171704424602943,0.013176286794987701,0.01053919576561238,0.006783713649312317,0.01982231643823558,0.013062923203763357,0.013428977652093596,0.013453237589382133,0.0053507767913039085,0.003913830313156689,0.005879103036786691,0.0033206425375386984,0.004026089807848395,0.013886167319437608,0.004214927951272884,0.0041522042694538104,0.004907440439187478,0.003458767788064603,0.0050675772988972925,0.003496553332472748,0.009907259171356408,0.010283471717064339,0.02020479992922313,0.0037761776064447333,0.004907440439187478,0.003458767788064603,0.0050675772988972925,0.003496553332472748,0.009907259171356408,0.010283471717064339,0.02020479992922313,0.0037761776064447333
0.04912646106521454,0.03920599500386086,0.04292650457461349,0.04463925714667121,0.023558998826229527,0.031383026282710086,0.02081834516315042,0.019358712001684684,0.04912646106521454,0.03920599500386086,0.04292650457461349,0.04463925714667121,0.023558998826229527,0.031383026282710086,0.02081834516315042,0.019358712001684684,0.04912646106521454,0.03920599500386086,0.04292650457461349,0.04463925714667121,0.023558998826229527,0.031383026282710086,0.02081834516315042,0.019358712001684684,0.012822782186186562,0.013010638426983571,0.011963593324571462,0.009791509854279781,0.013938625599760493,0.01348090976360817,0.008132717014383912,0.013654758050040338,0.012822782186186562,0.013010638426983571,0.011963593324571462,0.009791509854279781,0.013938625599760493,0.01348090976360817,0.008132717014383912,0.013654758050040338,0.012822782186186562,0.013010638426983571,0.011963593324571462,0.009791509854279781,0.013938625599760493,0.01348090976360817,0.008132717014383912,0.013654758050040338,0.004962572120137061,0.0070777872141555885,0.011714664313153248,0.006441808944656614,0.008285888728711705,0.004562830606274424,0.005329982221159644,0.0076000729459437906,0.006102039089732686,0.0057182055177133735,0.007910254304205612,0.005110776568272685,0.015645916662534138,0.009927705210492722,0.0035571600759941595,0.003137983307789261,0.006102039089732686,0.0057182055177133735,0.007910254304205612,0.005110776568272685,0.015645916662534138,0.009927705210492722,0.0035571600759941595,0.003137983307789261
0.06669208951645199,0.03426319009512008,0.04426707422039452,0.04214686777998269,0.06547802197387768,0.04766741163338364,0.0270611766763252,0.033302783194180924,0.06669208951645199,0.03426319009512008,0.04426707422039452,0.04214686777998269,0.06547802197387768,0.04766741163338364,0.0270611766763252,0.033302783194180924,0.06669208951645199,0.03426319009512008,0.04426707422039452,0.04214686777998269,0.06547802197387768,0.04766741163338364,0.0270611766763252,0.033302783194180924,0.055688183007162835,0.020055677880586566,0.02333881160144356,0.0256938067139674,0.09172051459490664,0.041001529705571735,0.04806088444539966,0.02259736175702869,0.055688183007162835,0.020055677880586566,0.02333881160144356,0.0256938067139674,0.09172051459490664,0.041001529705571735,0.04806088444539966,0.02259736175702869,0.055688183007162835,0.020055677880586566,0.02333881160144356,0.0256938067139674,0.09172051459490664,0.041001529705571735,0.04806088444539966,0.02259736175702869,0.02989082541344958,0.007619838313453066,0.024403783890052336,0.0025831300242373525,0.04605741052236323,0.026975877451084308,0.015803632371458334,0.01662089561271004,0.03397256717507316,0.014947919949386176,0.026197786122162104,0.006147347574653837,0.0663810911949232,0.015126731033859373,0.014098979983194614,0.01945018129817472,0.03397256717507316,0.014947919949386176,0.026197786122162104,0.006147347574653837,0.0663810911949232,0.015126731033859373,0.014098979983194614,0.01945018129817472
0.05698529955334638,0.06400672108656345,0.03565310321662235,0.05216109079302395,0.045773210625072586,0.06389106647357189,0.033055655039767096,0.03520747542719627,0.05698529955334638,0.06400672108656345,0.03565310321662235,0.05216109079302395,0.045773210625072586,0.06389106647357189,0.033055655039767096,0.03520747542719627,0.05698529955334638,0.06400672108656345,0.03565310321662235,0.05216109079302395,0.045773210625072586,0.06389106647357189,0.033055655039767096,0.03520747542719627,0.0353460547060137,0.018961031849652088,0.011549437266687,0.024660382993452922,0.03002018837985489,0.06097471403218795,0.0053156357652691276,0.0939842630852334,0.0353460547060137,0.018961031849652088,0.011549437266687,0.024660382993452922,0.03002018837985489,0.06097471403218795,0.0053156357652691276,0.0939842630852334,0.0353460547060137,0.018961031849652088,0.011549437266687,0.024660382993452922,0.03002018837985489,0.06097471403218795,0.0053156357652691276,0.0939842630852334,0.08291454511250045,0.021659246405297997,0.024463219985594583,0.015268195713818421,0.1813594068392427,0.07649004427937446,0.012318088455562091,0.03472217651420614,0.057992706194163766,0.0382922030792476,0.042295285799334705,0.017998837533278318,0.14444077442080402,0.14899778346100614,0.0493785018686656,0.012838188302918616,0.057992706194163766,0.0382922030792476,0.042295285799334705,0.017998837533278318,0.14444077442080402,0.14899778346100614,0.0493785018686656,0.012838188302918616
0.02668579509761275,0.027856515787083824,0.031048135921732178,0.022436073322333328,0.0644099417809348,0.02890919113901949,0.029030302573102868,0.1316385581085745,0.02668579509761275,0.027856515787083824,0.031048135921732178,0.022436073322333328,0.0644099417809348,0.02890919113901949,0.029030302573102868,0.1316385581085745,0.02668579509761275,0.027856515787083824,0.031048135921732178,0.022436073322333328,0.0644099417809348,0.02890919113901949,0.029030302573102868,0.1316385581085745,0.017305851240891835,0.07250802700724518,0.03870927143046615,0.03693411296167753,0.03036892453733188,0.11593107021949556,0.051964734216461105,0.10086043135493572,0.017305851240891835,0.07250802700724518,0.03870927143046615,0.03693411296167753,0.03036892453733188,0.11593107021949556,0.051964734216461105,0.10086043135493572,0.017305851240891835,0.07250802700724518,0.03870927143046615,0.03693411296167753,0.03036892453733188,0.11593107021949556,0.051964734216461105,0.10086043135493572,0.09399487052492604,0.10438995444660863,0.03842956072546487,0.05264349011909716,0.03963684687859558,0.023469444526001124,0.15582114363022567,0.07472652185567767,0.13547761031079295,0.0727362158730572,0.030340411281234714,0.09933259710123482,0.14867546390205735,0.07786947584278676,0.03171516743434554,0.12723836465381458,0.13547761031079295,0.0727362158730572,0.030340411281234714,0.09933259710123482,0.14867546390205735,0.07786947584278676,0.03171516743434554,0.12723836465381458
0.019161001178248215,0.03453736278296929,0.013111232727057559,0.025894081295076452,0.02209640212210238,0.01726148356000613,0.034130349463950486,0.013496169015838055,0.019161001178248215,0.03453736278296929,0.013111232727057559,0.025894081295076452,0.02209640212210238,0.01726148356000613,0.034130349463950486,0.013496169015838055,0.019161001178248215,0.03453736278296929,0.013111232727057559,0.025894081295076452,0.02209640212210238,0.01726148356000613,0.034130349463950486,0.013496169015838055,0.0103196119671156,0.004642953694102899,0.00881815586619357,0.0061361768694452356,0.00906364241440189,0.011862140766642488,0.011955884860195677,0.005397546404518296,0.0103196119671156,0.004642953694102899,0.00881815586619357,0.0061361768694452356,0.00906364241440189,0.011862140766642488,0.011955884860195677,0.005397546404518296,0.0103196119671156,0.004642953694102899,0.00881815586619357,0.0061361768694452356,0.00906364241440189,0.011862140766642488,0.011955884860195677,0.005397546404518296,0.004633853285687179,0.001893888195440006,0.004869394972976175,0.0035478953738695388,0.012657136963403079,0.008019833785082461,0.01584312521152667,0.013367983642555259,0.006774797657671622,0.0029620079803754674,0.006402736635146018,0.002062887106547524,0.009938011743288648,0.011169305429525737,0.01964730136220841,0.00770275514716635,0.006774797657671622,0.0029620079803754674,0.006402736635146018,0.002062887106547524,0.009938011743288648,0.011169305429525737,0.01964730136220841,0.00770275514716635
0.045211687993111475,0.04798766057854994,0.040437406993412243,0.0398589713611928,0.027647778836969783,0.05343052877615875,0.025738764768886927,0.030309931071723684,0.045211687993111475,0.04798766057854994,0.040437406993412243,0.0398589713611928,0.027647778836969783,0.05343052877615875,0.025738764768886927,0.030309931071723684,0.045211687993111475,0.04798766057854994,0.040437406993412243,0.0398589713611928,0.027647778836969783,0.05343052877615875,0.025738764768886927,0.030309931071723684,0.006165119806981989,0.008002943269783578,0.0070477500893903,0.007649373424311853,0.009850298632830086,0.010672529502023952,0.004748684211003724,0.0038213110212876548,0.006165119806981989,0.008002943269783578,0.0070477500893903,0.007649373424311853,0.009850298632830086,0.010672529502023952,0.004748684211003724,0.0038213110212876548,0.006165119806981989,0.008002943269783578,0.0070477500893903,0.007649373424311853,0.009850298632830086,0.010672529502023952,0.004748684211003724,0.0038213110212876548,0.007146638968645036,0.001616259004228649,0.0032772205068125923,0.0043863390303625184,0.006324166102769924,0.0037578325712495537,0.004533948820633237,0.003089022973116926,0.007253926522174995,0.0036041780743484085,0.0019714216195604053,0.002778169284089428,0.008365681273816122,0.005059668413415001,0.0027036395361882868,0.0027321325237133075,0.007253926522174995,0.0036041780743484085,0.0019714216195604053,0.002778169284089428,0.008365681273816122,0.005059668413415001,0.0027036395361882868,0.0027321325237133075
0.03835938296597583,0.0361692650657506,0.03588990488216661,0.05506855126993199,0.04063510416934341,0.03903889313823208,0.02584443007533597,0.030260300345456848,0.03835938296597583,0.0361692650657506,0.03588990488216661,0.05506855126993199,0.04063510416934341,0.03903889313823208,0.02584443007533597,0.030260300345456848,0.03835938296597583,0.0361692650657506,0.03588990488216661,0.05506855126993199,0.04063510416934341,0.03903889313823208,0.02584443007533597,0.030260300345456848,0.005635061293098358,0.005760203776513016,0.002361166525946213,0.005519143476031409,0.007876494132324323,0.05437401975156852,0.0033264105048338606,0.006591649311774771,0.005635061293098358,0.005760203776513016,0.002361166525946213,0.005519143476031409,0.007876494132324323,0.05437401975156852,0.0033264105048338606,0.006591649311774771,0.005635061293098358,0.005760203776513016,0.002361166525946213,0.005519143476031409,0.007876494132324323,0.05437401975156852,0.0033264105048338606,0.006591649311774771,0.00503280383598568,0.0042724392790968275,0.004425693597602683,0.0036030777407696428,0.008374589085084367,0.036295687776212136,0.003684074667740428,0.007270868355782324,0.002204182098637699,0.004128019829076508,0.003180332492407772,0.004296681181067869,0.031125135964314047,0.008118660687096517,0.0028413336543483734,0.0048982398871195145,0.002204182098637699,0.004128019829076508,0.003180332492407772,0.004296681181067869,0.031125135964314047,0.008118660687096517,0.0028413336543483734,0.0048982398871195145
0.03568138745841897,0.028287609824592247,0.04290892963757404,0.03340673002838463,0.055437792940927655,0.07682482484565688,0.014465589839575832,0.015527398409733245,0.03568138745841897,0.028287609824592247,0.04290892963757404,0.03340673002838463,0.055437792940927655,0.07682482484565688,0.014465589839575832,0.015527398409733245,0.03568138745841897,0.028287609824592247,0.04290892963757404,0.03340673002838463,0.055437792940927655,0.07682482484565688,0.014465589839575832,0.015527398409733245,0.009224582367854244,0.004703720596136509,0.003925325893043531,0.0044502215635240485,0.018514466271826478,0.01825972962696663,0.004363217008485798,0.012693955215228564,0.009224582367854244,0.004703720596136509,0.003925325893043531,0.0044502215635240485,0.018514466271826478,0.01825972962696663,0.004363217008485798,0.012693955215228564,0.009224582367854244,0.004703720596136509,0.003925325893043531,0.0044502215635240485,0.018514466271826478,0.01825972962696663,0.004363217008485798,0.012693955215228564,0.013065986581278347,0.006731424585687225,0.007547993625771801,0.003590139566852134,0.0120896978655141,0.008864715649857703,0.009090638323489615,0.008261571614230075,0.010542464349104727,0.003020639702967507,0.0009514269394107276,0.004685552755215326,0.020609494336124638,0.006414386704563208,0.0028990386054923594,0.011559069520431467,0.010542464349104727,0.003020639702967507,0.0009514269394107276,0.004685552755215326,0.020609494336124638,0.006414386704563208,0.0028990386054923594,0.011559069520431467
1.6156304479114432,2.179423587236409,2.3544450729367568,1.9381134782729361,1.1654635819356152,1.7241227780968633,1.5052784658066614,1.5961758220255555,1.6156304479114432,2.179423587236409,2.3544450729367568,1.9381134782729361,1.1654635819356152,1.7241227780968633,1.5052784658066614,1.5961758220255555,1.6156304479114432,2.179423587236409,2.3544450729367568,1.9381134782729361,1.1654635819356152,1.7241227780968633,1.5052784658066614,1.5961758220255555,1.3257857967834294,1.1998174188747248,1.5010376359904385,1.268624242260993,1.2765870178314322,0.9861498620253252,1.355059982034986,1.100532287226122,1.3257857967834294,1.1998174188747248,1.5010376359904385,1.268624242260993,1.2765870178314322,0.9861498620253252,1.355059982034986,1.100532287226122,1.3257857967834294,1.1998174188747248,1.5010376359904385,1.268624242260993,1.2765870178314322,0.9861498620253252,1.355059982034986,1.100532287226122,1.1726529669777122,1.1971038295053489,1.1693394317959076,1.0328077652300285,1.0144926740946316,1.4037457009177923,0.9652402071755909,1.00395757833797,1.2220722051799857,1.2526610103581748,1.1994384132509215,1.0147313637970605,1.260674645783099,1.3721851638319567,1.038066080419882,1.0179974699126872,1.2220722051799857,1.2526610103581748,1.1994384132509215,1.0147313637970605,1.260674645783099,1.3721851638319567,1.038066080419882,1.0179974699126872
0.651856084832558,0.286039303616719,0.5556355954223308,0.42785677475323586,0.2131501200378747,0.16735275949894354,0.1383164392486577,0.14328936810490306,0.651856084832558,0.286039303616719,0.5556355954223308,0.42785677475323586,0.2131501200378747,0.16735275949894354,0.1383164392486577,0.14328936810490306,0.651856084832558,0.286039303616719,0.5556355954223308,0.42785677475323586,0.2131501200378747,0.16735275949894354,0.1383164392486577,0.14328936810490306,0.21765394295981538,0.1603373605853912,0.1628556529249107,0.09172369917075976,0.2082049691560684,0.08174206911929731,0.03383995073097818,0.05173552427609186,0.21765394295981538,0.1603373605853912,0.1628556529249107,0.09172369917075976,0.2082049691560684,0.08174206911929731,0.03383995073097818,0.05173552427609186,0.21765394295981538,0.1603373605853912,0.1628556529249107,0.09172369917075976,0.2082049691560684,0.08174206911929731,0.03383995073097818,0.05173552427609186,0.0418192572277344,0.046561789071808926,0.04433632100193128,0.1041095778525026,0.19516549257647173,0.09509804081219433,0.14725388371299883,0.08914971942337972,0.04070667039525958,0.039535856527746875,0.06731064922729411,0.06199337028784022,0.13211751234335514,0.0628940529929646,0.12136977354712576,0.055857424934987986,0.04070667039525958,0.039535856527746875,0.06731064922729411,0.06199337028784022,0.13211751234335514,0.0628940529929646,0.12136977354712576,0.055857424934987986
0.8524959477221147,0.9894389146799502,0.8928559688503326,0.8997318495413825,1.052267337790782,0.8595859609913673,0.45484645594243184,0.41615394737850964,0.8524959477221147,0.9894389146799502,0.8928559688503326,0.8997318495413825,1.052267337790782,0.8595859609913673,0.45484645594243184,0.41615394737850964,0.8524959477221147,0.9894389146799502,0.8928559688503326,0.8997318495413825,1.052267337790782,0.8595859609913673,0.45484645594243184,0.41615394737850964,0.5860420069071883,0.5259893161464476,0.4725381978208688,0.47381279589387026,0.38157294297656846,0.45617463360258026,0.25486965689835045,0.43284740927018844,0.5860420069071883,0.5259893161464476,0.4725381978208688,0.47381279589387026,0.38157294297656846,0.45617463360258026,0.25486965689835045,0.43284740927018844,0.5860420069071883,0.5259893161464476,0.4725381978208688,0.47381279589387026,0.38157294297656846,0.45617463360258026,0.25486965689835045,0.43284740927018844,0.359854000323689,0.38333686324602984,0.3655592844513548,0.3781764638791805,0.3187516188772948,0.34475777794440726,0.2999432530470413,0.2631921622459028,0.4042517936600266,0.3189935112673927,0.29351508518083247,0.38059813827529704,0.41699685634258044,0.23027416684574123,0.28346089221090437,0.28927323826033835,0.4042517936600266,0.3189935112673927,0.29351508518083247,0.38059813827529704,0.41699685634258044,0.23027416684574123,0.28346089221090437,0.28927323826033835
1.1665451584127633,1.134439945535395,1.1192977002361055,0.9302136590116618,0.7739405478592539,0.8835097356419709,0.8938434127998706,0.8890052980874442,1.1665451584127633,1.134439945535395,1.1192977002361055,0.9302136590116618,0.7739405478592539,0.8835097356419709,0.8938434127998706,0.8890052980874442,1.1665451584127633,1.134439945535395,1.1192977002361055,0.9302136590116618,0.7739405478592539,0.8835097356419709,0.8938434127998706,0.8890052980874442,0.9782113112176959,0.974503787112553,1.0312457306270668,1.0211613069213958,0.7669217354515317,0.7682223908904173,0.8432561387485272,0.7586510457680281,0.9782113112176959,0.974503787112553,1.0312457306270668,1.0211613069213958,0.7669217354515317,0.7682223908904173,0.8432561387485272,0.7586510457680281,0.9782113112176959,0.974503787112553,1.0312457306270668,1.0211613069213958,0.7669217354515317,0.7682223908904173,0.8432561387485272,0.7586510457680281,0.7662332011510801,0.7863723164408938,0.7360418984507746,0.7004815604654625,0.7157421039963812,0.9171746149641278,0.6148486247580338,0.5480319837628718,0.7512897422671776,0.7909560596380218,0.7105131393051428,0.6882276102639379,0.6327578897671012,0.7583635413378443,0.676181171204032,0.664291018222855,0.7512897422671776,0.7909560596380218,0.7105131393051428,0.6882276102639379,0.6327578897671012,0.7583635413378443,0.676181171204032,0.664291018222855
0.4497162132200966,0.3555837787054756,0.44033010567438263,0.372259401907015,0.3465386388166301,0.40536563663683595,0.5135919510392113,0.434487571716096,0.4497162132200966,0.3555837787054756,0.44033010567438263,0.372259401907015,0.3465386388166301,0.40536563663683595,0.5135919510392113,0.434487571716096,0.4497162132200966,0.3555837787054756,0.44033010567438263,0.372259401907015,0.3465386388166301,0.40536563663683595,0.5135919510392113,0.434487571716096,0.4224419411046559,0.49185755864690556,0.4434063706890229,0.5112361015724273,0.4677509945478033,0.39826627346164295,0.37700661580738304,0.37894255038384284,0.4224419411046559,0.49185755864690556,0.4434063706890229,0.5112361015724273,0.4677509945478033,0.39826627346164295,0.37700661580738304,0.37894255038384284,0.4224419411046559,0.49185755864690556,0.4434063706890229,0.5112361015724273,0.4677509945478033,0.39826627346164295,0.37700661580738304,0.37894255038384284,0.30951861362312033,0.30450559815768685,0.29382507519714524,0.3360255870186401,0.23915784111304456,0.3015459241819744,0.37854422633145907,0.35698463077013814,0.3341743265571044,0.35851561739637,0.27557270410899143,0.3397783275504008,0.2542066586575504,0.29321382737620716,0.25368410824839904,0.35975611285455245,0.3341743265571044,0.35851561739637,0.27557270410899143,0.3397783275504008,0.2542066586575504,0.29321382737620716,0.25368410824839904,0.35975611285455245
0.5967059628325093,0.5956514702606874,0.777927872510245,0.5174495062874097,0.23374036309974305,0.25673529419545293,0.4148680762465358,0.17210657303565383,0.5967059628325093,0.5956514702606874,0.777927872510245,0.5174495062874097,0.23374036309974305,0.25673529419545293,0.4148680762465358,0.17210657303565383,0.5967059628325093,0.5956514702606874,0.777927872510245,0.5174495062874097,0.23374036309974305,0.25673529419545293,0.4148680762465358,0.17210657303565383,0.39386757515654575,0.21994967737985768,0.1552477028708152,0.2371069469407915,0.2722878308815257,0.25384401416502805,0.21399682264510336,0.30934652645959504,0.39386757515654575,0.21994967737985768,0.1552477028708152,0.2371069469407915,0.2722878308815257,0.25384401416502805,0.21399682264510336,0.30934652645959504,0.39386757515654575,0.21994967737985768,0.1552477028708152,0.2371069469407915,0.2722878308815257,0.25384401416502805,0.21399682264510336,0.30934652645959504,0.30464802673760294,0.13798867550033808,0.15728965232604136,0.15003569888134663,0.12906118086652416,0.04145655657526868,0.07287375935507069,0.09135268982919152,0.21291937595249327,0.20927998177854606,0.21487329147514336,0.16373550833318626,0.18915616633126697,0.10494653551013346,0.16478075343930226,0.17646251981047395,0.21291937595249327,0.20927998177854606,0.21487329147514336,0.16373550833318626,0.18915616633126697,0.10494653551013346,0.16478075343930226,0.17646251981047395
0.8445520468302583,0.7077950316713927,0.9050262878057842,0.9109248752801907,0.6958833077834354,0.5419035774343176,0.5993799890377219,0.6664921356731435,0.8445520468302583,0.7077950316713927,0.9050262878057842,0.9109248752801907,0.6958833077834354,0.5419035774343176,0.5993799890377219,0.6664921356731435,0.8445520468302583,0.7077950316713927,0.9050262878057842,0.9109248752801907,0.6958833077834354,0.5419035774343176,0.5993799890377219,0.6664921356731435,0.6662902329718147,0.6292127255526282,0.5985912095548196,0.6148392877719119,0.5990635867910278,0.6366135413915444,0.6883127168138158,0.5196468768420212,0.6662902329718147,0.6292127255526282,0.5985912095548196,0.6148392877719119,0.5990635867910278,0.6366135413915444,0.6883127168138158,0.5196468768420212,0.6662902329718147,0.6292127255526282,0.5985912095548196,0.6148392877719119,0.5990635867910278,0.6366135413915444,0.6883127168138158,0.5196468768420212,0.62728751596043,0.4920712463979479,0.5191955979660199,0.5963084725888697,0.8315002877824359,0.727065644489671,0.47661731629762066,0.7105313853633141,0.5959185200111776,0.43579339712843296,0.5472447977959857,0.6227449445901401,0.7509250299340174,0.9643879318933045,0.5407689259289205,0.6854823574041494,0.5959185200111776,0.43579339712843296,0.5472447977959857,0.6227449445901401,0.7509250299340174,0.9643879318933045,0.5407689259289205,0.6854823574041494
0.6578837449317171,0.5895256375023791,0.6688618778107435,0.692920936682642,0.6275497872029572,0.6497887806563769,0.7108045235704462,0.5705366019944259,0.6578837449317171,0.5895256375023791,0.6688618778107435,0.692920936682642,0.6275497872029572,0.6497887806563769,0.7108045235704462,0.5705366019944259,0.6578837449317171,0.5895256375023791,0.6688618778107435,0.692920936682642,0.6275497872029572,0.6497887806563769,0.7108045235704462,0.5705366019944259,0.6841195383340948,0.6629932894809637,0.6255293647603196,0.6602945208632386,0.5950218369215097,0.6309094112979112,0.4779850035974724,0.589860215108086,0.6841195383340948,0.6629932894809637,0.6255293647603196,0.6602945208632386,0.5950218369215097,0.6309094112979112,0.4779850035974724,0.589860215108086,0.6841195383340948,0.6629932894809637,0.6255293647603196,0.6602945208632386,0.5950218369215097,0.6309094112979112,0.4779850035974724,0.589860215108086,0.6096371974716334,0.6659978425019883,0.6227739166837407,0.6301774555566927,0.5637881339244073,0.597539698580816,0.5336786474975187,0.6439530227889284,0.5537248991886211,0.6533024099820607,0.6514274410969377,0.651844737467955,0.5133884342155669,0.6502539517382228,0.7630918647256164,0.6959872797499195,0.5537248991886211,0.6533024099820607,0.6514274410969377,0.651844737467955,0.5133884342155669,0.6502539517382228,0.7630918647256164,0.6959872797499195
0.3781225589540168,0.5360478131488766,0.4722705702260395,0.6970531225500093,0.61974846495657,0.5203540078787433,0.486591946250717,0.6893128092056552,0.3781225589540168,0.5360478131488766,0.4722705702260395,0.6970531225500093,0.61974846495657,0.5203540078787433,0.486591946250717,0.6893128092056552,0.3781225589540168,0.5360478131488766,0.4722705702260395,0.6970531225500093,0.61974846495657,0.5203540078787433,0.486591946250717,0.6893128092056552,0.47046317036452984,0.48279657899631384,0.46485666142405785,0.49781589765650197,0.43197943912583375,0.4867750070999293,0.502094126988589,0.5982317285768272,0.47046317036452984,0.48279657899631384,0.46485666142405785,0.49781589765650197,0.43197943912583375,0.4867750070999293,0.502094126988589,0.5982317285768272,0.47046317036452984,0.48279657899631384,0.46485666142405785,0.49781589765650197,0.43197943912583375,0.4867750070999293,0.502094126988589,0.5982317285768272,0.5015438627728043,0.592763404363642,0.49644855927532305,0.5168137640145468,0.3619098247357161,0.7536113356601184,0.6582493240750811,0.6599123966538156,0.556493298220577,0.544221969003994,0.531206126336911,0.3722103913188275,0.5633989159606326,0.825641177849115,0.5166097594674014,0.41314156794752294,0.556493298220577,0.544221969003994,0.531206126336911,0.3722103913188275,0.5633989159606326,0.825641177849115,0.5166097594674014,0.41314156794752294
0.4805793622638281,0.34473243916332785,0.5813550999937681,0.48926853006510374,0.3750826920680516,0.23900548556719992,0.4502661724935201,0.29213019882742663,0.4805793622638281,0.34473243916332785,0.5813550999937681,0.48926853006510374,0.3750826920680516,0.23900548556719992,0.4502661724935201,0.29213019882742663,0.4805793622638281,0.34473243916332785,0.5813550999937681,0.48926853006510374,0.3750826920680516,0.23900548556719992,0.4502661724935201,0.29213019882742663,0.5069724325046472,0.37570305640393153,0.3036566359996892,0.3225985303123486,0.2839971750940005,0.3181829999326337,0.3103546890428923,0.2145054827288534,0.5069724325046472,0.37570305640393153,0.3036566359996892,0.3225985303123486,0.2839971750940005,0.3181829999326337,0.3103546890428923,0.2145054827288534,0.5069724325046472,0.37570305640393153,0.3036566359996892,0.3225985303123486,0.2839971750940005,0.3181829999326337,0.3103546890428923,0.2145054827288534,0.40643334876857296,0.4232132191085035,0.3049741167185087,0.32281912146369657,0.24322866434077844,0.31949512473183284,0.3586821272447993,0.5069073696336248,0.464443570693412,0.4488511171273911,0.38204754429197124,0.4154059945178227,0.30631228446650616,0.42366171363946337,0.39995906460608993,0.36286584620134865,0.464443570693412,0.4488511171273911,0.38204754429197124,0.4154059945178227,0.30631228446650616,0.42366171363946337,0.39995906460608993,0.36286584620134865
1.6185908124307036,1.5978797600598111,1.7113002468140446,1.778748496843505,1.5507362571127432,1.502244979856676,2.027861328739761,1.4807204731728012,1.6185908124307036,1.5978797600598111,1.7113002468140446,1.778748496843505,1.5507362571127432,1.502244979856676,2.027861328739761,1.4807204731728012,1.6185908124307036,1.5978797600598111,1.7113002468140446,1.778748496843505,1.5507362571127432,1.502244979856676,2.027861328739761,1.4807204731728012,1.6751478042348957,1.4061479531372714,1.649105283942559,1.6050515934050917,1.7172069371021854,1.1932589632569925,1.896741203321527,1.471029833536546,1.6751478042348957,1.4061479531372714,1.649105283942559,1.6050515934050917,1.7172069371021854,1.1932589632569925,1.896741203321527,1.471029833536546,1.6751478042348957,1.4061479531372714,1.649105283942559,1.6050515934050917,1.7172069371021854,1.1932589632569925,1.896741203321527,1.471029833536546,1.4283766887533706,1.0742959122371514,1.3213853662615784,1.7719809929919268,1.243714548567182,1.4877940197189792,1.6645133471424047,1.1761774418680337,1.3993661788304272,1.4489133052432661,1.8305985265076927,1.4345366458608837,1.485858767427808,1.883383034445611,1.2964349943650446,1.1644249137238165,1.3993661788304272,1.4489133052432661,1.8305985265076927,1.4345366458608837,1.485858767427808,1.883383034445611,1.2964349943650446,1.1644249137238165
1.010215347090106,1.0053616859931434,0.9456210264363656,0.8310781877593812,0.8081213690143212,0.8573981536600178,0.8141650899075376,0.7556360146311206,1.010215347090106,1.0053616859931434,0.9456210264363656,0.8310781877593812,0.8081213690143212,0.8573981536600178,0.8141650899075376,0.7556360146311206,1.010215347090106,1.0053616859931434,0.9456210264363656,0.8310781877593812,0.8081213690143212,0.8573981536600178,0.8141650899075376,0.7556360146311206,0.6957590433841817,0.8570418071833847,0.6225500655346382,0.8487479459841443,0.7122582008454215,0.8214146218755967,0.4460890119606688,0.6385437256722052,0.6957590433841817,0.8570418071833847,0.6225500655346382,0.8487479459841443,0.7122582008454215,0.8214146218755967,0.4460890119606688,0.6385437256722052,0.6957590433841817,0.8570418071833847,0.6225500655346382,0.8487479459841443,0.7122582008454215,0.8214146218755967,0.4460890119606688,0.6385437256722052,0.7827868368757457,0.6528691618443256,0.7474802938880979,0.6535278282543828,0.48895098924460706,0.7408076381171713,0.5679849263047604,0.5798812324038186,0.5474997361617023,0.637659678497332,0.8358349641928694,0.6323101719833607,0.6803494945103198,0.6761237785476747,0.6948096200979438,0.5736879201403341,0.5474997361617023,0.637659678497332,0.8358349641928694,0.6323101719833607,0.6803494945103198,0.6761237785476747,0.6948096200979438,0.5736879201403341
0.7859931457480183,0.919841110667175,0.7567641109730726,0.7796659152591946,0.6049841276217323,0.5949055284680184,0.8424292433838136,0.8825228925122715,0.7859931457480183,0.919841110667175,0.7567641109730726,0.7796659152591946,0.6049841276217323,0.5949055284680184,0.8424292433838136,0.8825228925122715,0.7859931457480183,0.919841110667175,0.7567641109730726,0.7796659152591946,0.6049841276217323,0.5949055284680184,0.8424292433838136,0.8825228925122715,0.8505810489005481,0.6633719756112935,0.8314636682174463,0.5991164967033169,0.8275404718910395,0.6087012122460388,2.075956204178725,0.6256733935795125,0.8505810489005481,0.6633719756112935,0.8314636682174463,0.5991164967033169,0.8275404718910395,0.6087012122460388,2.075956204178725,0.6256733935795125,0.8505810489005481,0.6633719756112935,0.8314636682174463,0.5991164967033169,0.8275404718910395,0.6087012122460388,2.075956204178725,0.6256733935795125,0.8376081385623881,1.081026466988079,1.0076560899476077,0.5793034198804472,0.4752216583786248,0.6723276656301419,0.662448466801734,0.46433872929178127,0.6665194965547645,0.849363011222165,1.0542546560709634,0.6943354436079152,1.0020296578815113,0.9254041584584826,0.745366871694084,0.607773033184624,0.6665194965547645,0.849363011222165,1.0542546560709634,0.6943354436079152,1.0020296578815113,0.9254041584584826,0.745366871694084,0.607773033184624
2.371986968412836,2.3026731168779593,2.236152626377356,2.254985748169256,2.969529039758096,2.367209962933931,2.31950647035181,2.2999566996376895,2.371986968412836,2.3026731168779593,2.236152626377356,2.254985748169256,2.969529039758096,2.367209962933931,2.31950647035181,2.2999566996376895,2.371986968412836,2.3026731168779593,2.236152626377356,2.254985748169256,2.969529039758096,2.367209962933931,2.31950647035181,2.2999566996376895,2.398839514416476,2.4553505174445953,2.593550190937604,2.376321171203226,2.45207800121217,2.6883586073708514,2.320038143995962,2.4196401311404343,2.398839514416476,2.4553505174445953,2.593550190937604,2.376321171203226,2.45207800121217,2.6883586073708514,2.320038143995962,2.4196401311404343,2.398839514416476,2.4553505174445953,2.593550190937604,2.376321171203226,2.45207800121217,2.6883586073708514,2.320038143995962,2.4196401311404343,2.2969821145568474,2.4634733922888636,2.362734947358626,2.3377702888428975,2.28078557853954,2.3268316764730574,2.4139079655423696,2.319704409953053,2.168843740492985,2.4101624042250283,2.2689228552329306,2.4183684103201424,2.2737644628979203,2.3471531921225695,2.4336140722012387,2.2895000795097387,2.168843740492985,2.4101624042250283,2.2689228552329306,2.4183684103201424,2.2737644628979203,2.3471531921225695,2.4336140722012387,2.2895000795097387
3.5712535912210264,3.9764674100743576,3.7548278141609566,3.939350837037513,4.896473295905535,3.9311239393100523,3.099815133397781,4.002022679015208,3.5712535912210264,3.9764674100743576,3.7548278141609566,3.939350837037513,4.896473295905535,3.9311239393100523,3.099815133397781,4.002022679015208,3.5712535912210264,3.9764674100743576,3.7548278141609566,3.939350837037513,4.896473295905535,3.9311239393100523,3.099815133397781,4.002022679015208,4.64063915803086,3.330335096671598,3.6161541200534772,5.227536955755622,4.255142682846738,4.631932227577809,6.759644515891443,5.8788018637502315,4.64063915803086,3.330335096671598,3.6161541200534772,5.227536955755622,4.255142682846738,4.631932227577809,6.759644515891443,5.8788018637502315,4.64063915803086,3.330335096671598,3.6161541200534772,5.227536955755622,4.255142682846738,4.631932227577809,6.759644515891443,5.8788018637502315,4.090598036696136,4.246770362991313,6.561204638433283,7.2014540075991675,4.7306598058012925,5.875838615939255,8.035070511725603,5.313125214698436,3.5102578613467066,5.008560849223049,6.205020410200409,6.61926352455164,5.9399856496878085,5.613015326382518,6.136148244505531,3.7502914282411766,3.5102578613467066,5.008560849223049,6.205020410200409,6.61926352455164,5.9399856496878085,5.613015326382518,6.136148244505531,3.7502914282411766
1.7243702876259233,1.7447456907669476,1.760990760127546,1.7592049555554161,1.9655615132132043,2.105509720637672,1.9135089294723289,1.9407714139808618,1.7243702876259233,1.7447456907669476,1.760990760127546,1.7592049555554161,1.9655615132132043,2.105509720637672,1.9135089294723289,1.9407714139808618,1.7243702876259233,1.7447456907669476,1.760990760127546,1.7592049555554161,1.9655615132132043,2.105509720637672,1.9135089294723289,1.9407714139808618,1.999056327327286,2.0294829710029143,2.121136661772476,1.9806363071583164,2.0282763286949423,2.6211963947250947,2.1292104437420885,2.294279807028712,1.999056327327286,2.0294829710029143,2.121136661772476,1.9806363071583164,2.0282763286949423,2.6211963947250947,2.1292104437420885,2.294279807028712,1.999056327327286,2.0294829710029143,2.121136661772476,1.9806363071583164,2.0282763286949423,2.6211963947250947,2.1292104437420885,2.294279807028712,2.1390179368917392,2.2841070433050024,2.0966376883589652,2.242428465328221,2.51922838266994,2.4177081426338773,1.9355785002726913,2.089359455748052,2.0541451129093087,2.2182529223600187,1.7423904753399706,2.0585030029376674,2.1591932949390515,2.2275143124818904,2.039121391406371,2.6453473490147803,2.0541451129093087,2.2182529223600187,1.7423904753399706,2.0585030029376674,2.1591932949390515,2.2275143124818904,2.039121391406371,2.6453473490147803
2.0365785863353043,1.9155177466752626,1.9715075298383524,1.926947720871633,2.011611572337763,1.89216232006096,2.371560195037811,1.8920378324406906,2.0365785863353043,1.9155177466752626,1.9715075298383524,1.926947720871633,2.011611572337763,1.89216232006096,2.371560195037811,1.8920378324406906,2.0365785863353043,1.9155177466752626,1.9715075298383524,1.926947720871633,2.011611572337763,1.89216232006096,2.371560195037811,1.8920378324406906,1.8141527817427565,1.9811902522836697,1.9667361375892327,1.8280691379229161,1.5237390658010745,1.6574613928290047,1.8640641114753327,1.982173091112616,1.8141527817427565,1.9811902522836697,1.9667361375892327,1.8280691379229161,1.5237390658010745,1.6574613928290047,1.8640641114753327,1.982173091112616,1.8141527817427565,1.9811902522836697,1.9667361375892327,1.8280691379229161,1.5237390658010745,1.6574613928290047,1.8640641114753327,1.982173091112616,2.2972811079908557,2.2580241438546107,2.634761072274412,2.2123218191693037,1.9148956907877468,2.80960090762971,1.7480248377558942,2.386779033357613,2.129789809772382,3.11407066558038,2.1331924477477227,2.4326480019339787,2.8326792880825646,2.5841012664519054,1.5642143077504704,4.730995101415508,2.129789809772382,3.11407066558038,2.1331924477477227,2.4326480019339787,2.8326792880825646,2.5841012664519054,1.5642143077504704,4.730995101415508
2.1370099347381464,1.9766448597484412,2.293398969286814,2.017324991740762,1.6678616208900683,1.0730773682604768,1.494411892209632,1.6050535802342574,2.1370099347381464,1.9766448597484412,2.293398969286814,2.017324991740762,1.6678616208900683,1.0730773682604768,1.494411892209632,1.6050535802342574,2.1370099347381464,1.9766448597484412,2.293398969286814,2.017324991740762,1.6678616208900683,1.0730773682604768,1.494411892209632,1.6050535802342574,1.7721208216484818,1.5172480673724726,1.7437083452734208,1.5426480899687243,1.5302505003774123,1.12185356419385,0.6059324812110917,0.8268695301962836,1.7721208216484818,1.5172480673724726,1.7437083452734208,1.5426480899687243,1.5302505003774123,1.12185356419385,0.6059324812110917,0.8268695301962836,1.7721208216484818,1.5172480673724726,1.7437083452734208,1.5426480899687243,1.5302505003774123,1.12185356419385,0.6059324812110917,0.8268695301962836,1.5302701632275997,1.2690819872723262,1.1971452521037214,0.989482798931957,0.7242125421496707,0.7331103380121619,0.6933507600839897,0.6827449147124824,1.529321448337546,1.0388781899892319,1.559237310929677,1.1197188226061907,0.43462947809807007,0.5901821704431598,1.2555696558997669,0.4077865773300328,1.529321448337546,1.0388781899892319,1.559237310929677,1.1197188226061907,0.43462947809807007,0.5901821704431598,1.2555696558997669,0.4077865773300328
1.993323676896329,1.824492346787441,2.169297488696,2.0397487346518464,1.3263674706630433,1.8817163606406198,1.5536771161166618,1.5587518278958308,1.993323676896329,1.824492346787441,2.169297488696,2.0397487346518464,1.3263674706630433,1.8817163606406198,1.5536771161166618,1.5587518278958308,1.993323676896329,1.824492346787441,2.169297488696,2.0397487346518464,1.3263674706630433,1.8817163606406198,1.5536771161166618,1.5587518278958308,1.7141379567812,1.5666711611171422,1.5046382206257172,1.746156134206116,2.264190413901615,2.5900356077129167,2.8054537253776295,1.762342108653799,1.7141379567812,1.5666711611171422,1.5046382206257172,1.746156134206116,2.264190413901615,2.5900356077129167,2.8054537253776295,1.762342108653799,1.7141379567812,1.5666711611171422,1.5046382206257172,1.746156134206116,2.264190413901615,2.5900356077129167,2.8054537253776295,1.762342108653799,1.9198251131237734,2.684039751895129,1.6683157886506046,1.7404261598784898,2.7757324213625707,3.882469685246183,2.5204409555859133,3.227374367316484,1.9771028469282186,2.906773662168998,1.794264218248776,1.62193979271046,3.788917792309535,4.99183757744933,2.2062502371734127,5.294425361156803,1.9771028469282186,2.906773662168998,1.794264218248776,1.62193979271046,3.788917792309535,4.99183757744933,2.2062502371734127,5.294425361156803
1.1036330502912954,1.2199554798885972,1.232890582146618,1.1742054927550454,1.269358825166779,1.3327140620714995,1.1869915919071232,1.208870740914069,1.1036330502912954,1.2199554798885972,1.232890582146618,1.1742054927550454,1.269358825166779,1.3327140620714995,1.1869915919071232,1.208870740914069,1.1036330502912954,1.2199554798885972,1.232890582146618,1.1742054927550454,1.269358825166779,1.3327140620714995,1.1869915919071232,1.208870740914069,0.9363523459210925,1.0685512213516952,0.9482896742333817,1.1224625901885406,1.1161638395125175,1.090291234494738,1.2367718182957361,1.0527376946706164,0.9363523459210925,1.0685512213516952,0.9482896742333817,1.1224625901885406,1.1161638395125175,1.090291234494738,1.2367718182957361,1.0527376946706164,0.9363523459210925,1.0685512213516952,0.9482896742333817,1.1224625901885406,1.1161638395125175,1.090291234494738,1.2367718182957361,1.0527376946706164,1.2644036488197614,1.2185311803554941,1.041173531424619,1.2426104574692547,1.0345142797678732,1.033499202000358,1.4400005689873445,1.0514351161017126,1.0716665018889335,1.0750444984442906,1.1246028621546356,1.2041744486855182,1.2348122718809988,1.235883968846972,1.4754044973886702,1.1825495093699192,1.0716665018889335,1.0750444984442906,1.1246028621546356,1.2041744486855182,1.2348122718809988,1.235883968846972,1.4754044973886702,1.1825495093699192
3.4056626748447782,3.57702492590546,3.4328068779049676,3.4022176711192853,3.17711656789988,2.647161522991335,3.0802245972929696,2.845790029627674,3.4056626748447782,3.57702492590546,3.4328068779049676,3.4022176711192853,3.17711656789988,2.647161522991335,3.0802245972929696,2.845790029627674,3.4056626748447782,3.57702492590546,3.4328068779049676,3.4022176711192853,3.17711656789988,2.647161522991335,3.0802245972929696,2.845790029627674,2.9047722139219267,2.879989316895069,2.9394409161543624,2.917005433297963,3.054172266455868,2.594931632531102,2.3261958941492153,2.561771004258754,2.9047722139219267,2.879989316895069,2.9394409161543624,2.917005433297963,3.054172266455868,2.594931632531102,2.3261958941492153,2.561771004258754,2.9047722139219267,2.879989316895069,2.9394409161543624,2.917005433297963,3.054172266455868,2.594931632531102,2.3261958941492153,2.561771004258754,2.811635481750457,3.103400882308305,2.8599600275748744,2.6205866057682248,2.968004797768361,2.1642821536604013,2.6186816210538746,2.6868785323057858,2.4686162059084378,2.675148850980262,3.0684914478242997,2.6215691258110008,2.9696555270344445,1.9169096153638738,2.661103232659614,2.2589998101026647,2.4686162059084378,2.675148850980262,3.0684914478242997,2.6215691258110008,2.9696555270344445,1.9169096153638738,2.661103232659614,2.2589998101026647
2.6542166245427246,2.64237460506904,2.4162627530188177,2.18566784124669,3.2696361360207606,3.227142293803148,3.0029597251893225,4.226729273524572,2.6542166245427246,2.64237460506904,2.4162627530188177,2.18566784124669,3.2696361360207606,3.227142293803148,3.0029597251893225,4.226729273524572,2.6542166245427246,2.64237460506904,2.4162627530188177,2.18566784124669,3.2696361360207606,3.227142293803148,3.0029597251893225,4.226729273524572,2.240416706361847,3.5525640270267522,2.243385997816134,2.4571580008369827,3.127391779455032,2.9692577714956343,2.75024225196619,2.7081131084962844,2.240416706361847,3.5525640270267522,2.243385997816134,2.4571580008369827,3.127391779455032,2.9692577714956343,2.75024225196619,2.7081131084962844,2.240416706361847,3.5525640270267522,2.243385997816134,2.4571580008369827,3.127391779455032,2.9692577714956343,2.75024225196619,2.7081131084962844,3.0759093243214775,3.042178355321859,2.5417052757733325,2.7544024271326504,3.8627538206395493,3.271868099984714,2.2577317030049175,3.2677585438445944,3.3188912642985873,2.956781405471254,3.3480634676808667,3.0400740391296455,2.276459238553906,4.499859112528991,2.324347983516151,3.054657082438738,3.3188912642985873,2.956781405471254,3.3480634676808667,3.0400740391296455,2.276459238553906,4.499859112528991,2.324347983516151,3.054657082438738
4.373411414163318,4.225257874557581,4.107377182220363,3.810168324710496,4.905233337657284,4.9118547254046865,4.625970462399731,4.859475031865355,4.373411414163318,4.225257874557581,4.107377182220363,3.810168324710496,4.905233337657284,4.9118547254046865,4.625970462399731,4.859475031865355,4.373411414163318,4.225257874557581,4.107377182220363,3.810168324710496,4.905233337657284,4.9118547254046865,4.625970462399731,4.859475031865355,5.244729598000054,5.007218762377699,5.3916336295710146,5.413192700194847,5.9593969297475375,6.336033118604021,4.800423772946136,5.991946677881281,5.244729598000054,5.007218762377699,5.3916336295710146,5.413192700194847,5.9593969297475375,6.336033118604021,4.800423772946136,5.991946677881281,5.244729598000054,5.007218762377699,5.3916336295710146,5.413192700194847,5.9593969297475375,6.336033118604021,4.800423772946136,5.991946677881281,6.03330478859244,6.064209992021307,6.5133403630871785,6.541130034652164,7.226790442373287,8.115717727263158,6.45712683077491,6.643964982385109,5.826772003709249,6.751894424521274,5.739368416357352,6.5438542120592125,7.692209472761741,10.269680967456464,6.082023917924352,5.994267143766896,5.826772003709249,6.751894424521274,5.739368416357352,6.5438542120592125,7.692209472761741,10.269680967456464,6.082023917924352,5.994267143766896
0.7784229303696238,0.6586068405297524,0.8646176050470742,0.7043399444732016,0.8430917795187276,0.7103891744970128,1.2073325687249084,0.7522618074475272,0.7784229303696238,0.6586068405297524,0.8646176050470742,0.7043399444732016,0.8430917795187276,0.7103891744970128,1.2073325687249084,0.7522618074475272,0.7784229303696238,0.6586068405297524,0.8646176050470742,0.7043399444732016,0.8430917795187276,0.7103891744970128,1.2073325687249084,0.7522618074475272,0.5397990063089216,0.5788250356316033,0.5394272434175902,0.6500091209139967,0.5063468398025702,0.6792013077603722,0.7216071452215698,0.6884869349251653,0.5397990063089216,0.5788250356316033,0.5394272434175902,0.6500091209139967,0.5063468398025702,0.6792013077603722,0.7216071452215698,0.6884869349251653,0.5397990063089216,0.5788250356316033,0.5394272434175902,0.6500091209139967,0.5063468398025702,0.6792013077603722,0.7216071452215698,0.6884869349251653,0.7912286784213285,0.675738540299534,0.7701145722709851,0.8707188764218953,1.0742673545522474,0.8174763073927023,0.4744844499889337,0.9274340337311272,0.7202108805111289,0.9193255872923984,0.8631933419767562,0.7238586669945253,0.951872200276995,0.8120459022440522,0.7850028802949258,0.8554662165110906,0.7202108805111289,0.9193255872923984,0.8631933419767562,0.7238586669945253,0.951872200276995,0.8120459022440522,0.7850028802949258,0.8554662165110906
0.5894438432227721,0.522973060585099,0.6867443315736842,0.49437000771138334,0.5224376229468719,0.48699114724713277,0.502757564489071,0.37281181171704386,0.5894438432227721,0.522973060585099,0.6867443315736842,0.49437000771138334,0.5224376229468719,0.48699114724713277,0.502757564489071,0.37281181171704386,0.5894438432227721,0.522973060585099,0.6867443315736842,0.49437000771138334,0.5224376229468719,0.48699114724713277,0.502757564489071,0.37281181171704386,0.44875014479738257,0.5131189746301478,0.43050103798782197,0.4161443973289763,0.41106248278320373,0.38680205038945953,0.41029711930638824,0.3966444206237438,0.44875014479738257,0.5131189746301478,0.43050103798782197,0.4161443973289763,0.41106248278320373,0.38680205038945953,0.41029711930638824,0.3966444206237438,0.44875014479738257,0.5131189746301478,0.43050103798782197,0.4161443973289763,0.41106248278320373,0.38680205038945953,0.41029711930638824,0.3966444206237438,0.39721034630408497,0.3764300402818774,0.4289844953173256,0.4131870098842783,0.3587040621741585,0.5331703370439537,0.40898782829342833,0.3664185118271501,0.42168026338837733,0.3294062097792562,0.3911472055658534,0.4557946026107564,0.4665121965553384,0.5718179731525883,0.45739482336821985,0.4367439098944175,0.42168026338837733,0.3294062097792562,0.3911472055658534,0.4557946026107564,0.4665121965553384,0.5718179731525883,0.45739482336821985,0.4367439098944175
0.7265102391805597,0.690551244838729,0.68413689731104,0.6908411837753422,0.6709158507138921,0.7625289944184287,0.5679162872602413,0.8146722646398821,0.7265102391805597,0.690551244838729,0.68413689731104,0.6908411837753422,0.6709158507138921,0.7625289944184287,0.5679162872602413,0.8146722646398821,0.7265102391805597,0.690551244838729,0.68413689731104,0.6908411837753422,0.6709158507138921,0.7625289944184287,0.5679162872602413,0.8146722646398821,0.5461492557594465,0.60760839469073,0.5434823138228256,0.6246048620059208,0.3880933195348514,0.6042790389185069,0.6419785409000908,0.6590656884004925,0.5461492557594465,0.60760839469073,0.5434823138228256,0.6246048620059208,0.3880933195348514,0.6042790389185069,0.6419785409000908,0.6590656884004925,0.5461492557594465,0.60760839469073,0.5434823138228256,0.6246048620059208,0.3880933195348514,0.6042790389185069,0.6419785409000908,0.6590656884004925,0.5089607496945043,0.6310938669093863,0.5599894392725967,0.6898641237478094,0.4510595560026932,0.4799459219523703,0.3976196965772226,0.4901008597295725,0.5497117738331327,0.4790184591397558,0.5232694732204278,0.6173006270965705,0.5294451296498484,0.3894977200591994,0.33145601660858787,0.5099323866177006,0.5497117738331327,0.4790184591397558,0.5232694732204278,0.6173006270965705,0.5294451296498484,0.3894977200591994,0.33145601660858787,0.5099323866177006
1.5078625749259926,1.5673091294947952,1.4951239395623899,1.5308883655664987,1.3393225576410872,1.6367289092934858,1.3433687719371312,1.5902092080266794,1.5078625749259926,1.5673091294947952,1.4951239395623899,1.5308883655664987,1.3393225576410872,1.6367289092934858,1.3433687719371312,1.5902092080266794,1.5078625749259926,1.5673091294947952,1.4951239395623899,1.5308883655664987,1.3393225576410872,1.6367289092934858,1.3433687719371312,1.5902092080266794,1.5099273240583206,1.4519038278640783,1.6982011154779713,1.4899718348757987,1.5638969674919367,1.2379509682197696,1.5964282227929731,1.368926966264613,1.5099273240583206,1.4519038278640783,1.6982011154779713,1.4899718348757987,1.5638969674919367,1.2379509682197696,1.5964282227929731,1.368926966264613,1.5099273240583206,1.4519038278640783,1.6982011154779713,1.4899718348757987,1.5638969674919367,1.2379509682197696,1.5964282227929731,1.368926966264613,0.9586118993784194,1.3927512579749615,1.410206868036123,1.3683349201187247,1.244264302637656,1.497054421531124,1.5144495344980942,0.5833961637773508,0.9859159515396165,1.1738627289836105,1.3648013418254554,1.3403440841879664,1.5600117407839422,0.7308301494654741,1.4298897537791957,1.159524359630175,0.9859159515396165,1.1738627289836105,1.3648013418254554,1.3403440841879664,1.5600117407839422,0.7308301494654741,1.4298897537791957,1.159524359630175
1.3285097924678049,1.5372739867640468,1.374150645651636,1.4184677917816333,1.3864977286107347,1.3815677798182608,1.4247088969885657,1.5044861024954945,1.3285097924678049,1.5372739867640468,1.374150645651636,1.4184677917816333,1.3864977286107347,1.3815677798182608,1.4247088969885657,1.5044861024954945,1.3285097924678049,1.5372739867640468,1.374150645651636,1.4184677917816333,1.3864977286107347,1.3815677798182608,1.4247088969885657,1.5044861024954945,1.3534398087165849,1.436705548589274,1.4130670559499372,1.4767861468020382,1.3508119877387388,1.2543476335098844,1.4370942418743673,1.5550557523891153,1.3534398087165849,1.436705548589274,1.4130670559499372,1.4767861468020382,1.3508119877387388,1.2543476335098844,1.4370942418743673,1.5550557523891153,1.3534398087165849,1.436705548589274,1.4130670559499372,1.4767861468020382,1.3508119877387388,1.2543476335098844,1.4370942418743673,1.5550557523891153,1.453263033536728,1.4927420280431793,1.5450363563804905,1.5059087289547481,1.5003742397023807,1.4443844251210058,1.5303124940526784,1.6245613334949751,1.4581188505926401,1.4677641464200553,1.4815295882187416,1.460839172666873,1.564031927672438,1.3100364412480894,1.5126722986619627,1.5560484554551806,1.4581188505926401,1.4677641464200553,1.4815295882187416,1.460839172666873,1.564031927672438,1.3100364412480894,1.5126722986619627,1.5560484554551806
0.48696668475219956,0.42855468462646373,0.3965764393221976,0.37813153676222244,0.3998270995755833,0.32426185626826715,0.39231832661578603,0.37321374356076575,0.48696668475219956,0.42855468462646373,0.3965764393221976,0.37813153676222244,0.3998270995755833,0.32426185626826715,0.39231832661578603,0.37321374356076575,0.48696668475219956,0.42855468462646373,0.3965764393221976,0.37813153676222244,0.3998270995755833,0.32426185626826715,0.39231832661578603,0.37321374356076575,0.4091383590041782,0.41025636979306984,0.5107691807467568,0.4226387063489655,0.4698718771326308,0.518021666853295,0.5244151783823878,0.5734999983287671,0.4091383590041782,0.41025636979306984,0.5107691807467568,0.4226387063489655,0.4698718771326308,0.518021666853295,0.5244151783823878,0.5734999983287671,0.4091383590041782,0.41025636979306984,0.5107691807467568,0.4226387063489655,0.4698718771326308,0.518021666853295,0.5244151783823878,0.5734999983287671,0.4372408960669289,0.4833588259256484,0.4401639375128087,0.5235532909304667,0.4961055119508638,0.4882068391860602,0.4880710336260334,0.6072850605263832,0.40394609329318915,0.4947543681535069,0.4377715514662256,0.5418281987121656,0.5609803413285724,0.5753185205329003,0.47265771227747483,0.5765378225726913,0.40394609329318915,0.4947543681535069,0.4377715514662256,0.5418281987121656,0.5609803413285724,0.5753185205329003,0.47265771227747483,0.5765378225726913
1.1999982672949374,1.0557293187220955,1.059482128913666,1.1373457405796419,1.08434922368912,1.1893193351154638,1.0597133713976743,1.102637918934375,1.1999982672949374,1.0557293187220955,1.059482128913666,1.1373457405796419,1.08434922368912,1.1893193351154638,1.0597133713976743,1.102637918934375,1.1999982672949374,1.0557293187220955,1.059482128913666,1.1373457405796419,1.08434922368912,1.1893193351154638,1.0597133713976743,1.102637918934375,1.2031034836892356,1.0716104619068125,1.2105988166249502,1.0634738410691704,1.2231187002708026,1.0545531100705365,1.0715044297496117,1.1026353480199171,1.2031034836892356,1.0716104619068125,1.2105988166249502,1.0634738410691704,1.2231187002708026,1.0545531100705365,1.0715044297496117,1.1026353480199171,1.2031034836892356,1.0716104619068125,1.2105988166249502,1.0634738410691704,1.2231187002708026,1.0545531100705365,1.0715044297496117,1.1026353480199171,1.1068570406472262,1.0825413633897727,1.0812580929108233,1.0614165389504877,1.1366853321393773,1.1831299244803997,1.0325004145787358,1.1012424541842938,1.1154440260950804,1.0502865271503612,1.0284156724635167,1.0640272974891158,0.9882500654782992,0.9857833587175776,1.051789616138762,0.9806674947090225,1.1154440260950804,1.0502865271503612,1.0284156724635167,1.0640272974891158,0.9882500654782992,0.9857833587175776,1.051789616138762,0.9806674947090225
0.2154803344256169,0.23052433889300897,0.24080013433402742,0.22969298171645738,0.3041674628823249,0.2538077063373579,0.25547785696258607,0.23042889361685331,0.2154803344256169,0.23052433889300897,0.24080013433402742,0.22969298171645738,0.3041674628823249,0.2538077063373579,0.25547785696258607,0.23042889361685331,0.2154803344256169,0.23052433889300897,0.24080013433402742,0.22969298171645738,0.3041674628823249,0.2538077063373579,0.25547785696258607,0.23042889361685331,0.2532384359079754,0.20591896209288169,0.24892498869013363,0.20600648950928657,0.22298830370604722,0.2904604552036677,0.2862130948532443,0.22851376894926487,0.2532384359079754,0.20591896209288169,0.24892498869013363,0.20600648950928657,0.22298830370604722,0.2904604552036677,0.2862130948532443,0.22851376894926487,0.2532384359079754,0.20591896209288169,0.24892498869013363,0.20600648950928657,0.22298830370604722,0.2904604552036677,0.2862130948532443,0.22851376894926487,0.2067945524104218,0.16704207353045408,0.1913111902532452,0.1977676489438604,0.3341421515412498,0.18353244502131077,0.20269793189873828,0.16043602408510485,0.2138146428341199,0.23330162673988478,0.17605403663616612,0.20620690266269207,0.2741489462326069,0.21800194517256938,0.24654692771914596,0.2719399417091342,0.2138146428341199,0.23330162673988478,0.17605403663616612,0.20620690266269207,0.2741489462326069,0.21800194517256938,0.24654692771914596,0.2719399417091342
1.0520616710538486,1.0329417325157981,0.9765190676051647,1.1080731770107415,1.095468793871436,1.0496812195929146,0.9879997778002163,1.136231983951378,1.0520616710538486,1.0329417325157981,0.9765190676051647,1.1080731770107415,1.095468793871436,1.0496812195929146,0.9879997778002163,1.136231983951378,1.0520616710538486,1.0329417325157981,0.9765190676051647,1.1080731770107415,1.095468793871436,1.0496812195929146,0.9879997778002163,1.136231983951378,0.9071027790486489,0.9814203567643218,0.8251870631495659,0.9516201893668892,0.8097927073860339,0.8913770591370913,0.8397154873935068,0.9237857568799287,0.9071027790486489,0.9814203567643218,0.8251870631495659,0.9516201893668892,0.8097927073860339,0.8913770591370913,0.8397154873935068,0.9237857568799287,0.9071027790486489,0.9814203567643218,0.8251870631495659,0.9516201893668892,0.8097927073860339,0.8913770591370913,0.8397154873935068,0.9237857568799287,0.8393768336746891,0.8838501593613496,0.8803736569219931,0.9158018383120111,0.7115220162849644,0.8418951554826599,0.754923448870218,0.7791249686620907,0.7786183187739838,0.8749032693628507,0.8658605909796039,0.8576598015131287,0.6549936904459307,0.7436071798269508,0.8379931785506739,0.7484557055313324,0.7786183187739838,0.8749032693628507,0.8658605909796039,0.8576598015131287,0.6549936904459307,0.7436071798269508,0.8379931785506739,0.7484557055313324
0.7230771496747177,0.8056963315684912,0.7806289845207677,0.8441608721193913,0.7351516010734687,0.748865631020315,0.7519656805277612,0.6697632599445366,0.7230771496747177,0.8056963315684912,0.7806289845207677,0.8441608721193913,0.7351516010734687,0.748865631020315,0.7519656805277612,0.6697632599445366,0.7230771496747177,0.8056963315684912,0.7806289845207677,0.8441608721193913,0.7351516010734687,0.748865631020315,0.7519656805277612,0.6697632599445366,0.7378097583926594,0.7241987880695745,0.7571880870208649,0.7662794960931472,0.6483675563932672,0.5873403685131596,0.6393216336934924,0.7887935377570643,0.7378097583926594,0.7241987880695745,0.7571880870208649,0.7662794960931472,0.6483675563932672,0.5873403685131596,0.6393216336934924,0.7887935377570643,0.7378097583926594,0.7241987880695745,0.7571880870208649,0.7662794960931472,0.6483675563932672,0.5873403685131596,0.6393216336934924,0.7887935377570643,0.6609003315250663,0.7318403316619142,0.7121359090947483,0.7221719659376148,0.49242710184894484,0.5270012552876149,0.5028230383417402,0.6376612433812079,0.6520891141027918,0.6914042206937288,0.7346157820950487,0.6987224355685734,0.533693892425243,0.5831578585957585,0.5054266596377602,0.6285118166500385,0.6520891141027918,0.6914042206937288,0.7346157820950487,0.6987224355685734,0.533693892425243,0.5831578585957585,0.5054266596377602,0.6285118166500385
1.410018615921326,1.473222465543473,1.40091625918222,1.4249101564165652,1.203748583120792,1.2941560031273969,1.2980315102745077,1.240164398180832,1.410018615921326,1.473222465543473,1.40091625918222,1.4249101564165652,1.203748583120792,1.2941560031273969,1.2980315102745077,1.240164398180832,1.410018615921326,1.473222465543473,1.40091625918222,1.4249101564165652,1.203748583120792,1.2941560031273969,1.2980315102745077,1.240164398180832,1.283398443447949,1.2407281598775886,1.3557627593269228,1.3486835802841197,1.2518301422756741,1.198731735231143,1.3246903558439156,1.2116227641896808,1.283398443447949,1.2407281598775886,1.3557627593269228,1.3486835802841197,1.2518301422756741,1.198731735231143,1.3246903558439156,1.2116227641896808,1.283398443447949,1.2407281598775886,1.3557627593269228,1.3486835802841197,1.2518301422756741,1.198731735231143,1.3246903558439156,1.2116227641896808,1.173225918794605,1.2135964334231775,1.1552691594257,1.182713071690661,1.4591933006049227,1.3320103020767973,1.1610786924498697,1.2521910734005401,1.3543861865743312,1.092633565912858,1.2389186409158273,1.0879511476272035,1.2294298186837347,1.2879234277672207,1.2494277787787027,1.1690034408485774,1.3543861865743312,1.092633565912858,1.2389186409158273,1.0879511476272035,1.2294298186837347,1.2879234277672207,1.2494277787787027,1.1690034408485774
1.7099410763791896,1.5091201739142321,2.0241814370509794,1.5575644918229832,1.6815419258130881,1.1410414618608173,1.4784691206882505,1.5494594096087293,1.7099410763791896,1.5091201739142321,2.0241814370509794,1.5575644918229832,1.6815419258130881,1.1410414618608173,1.4784691206882505,1.5494594096087293,1.7099410763791896,1.5091201739142321,2.0241814370509794,1.5575644918229832,1.6815419258130881,1.1410414618608173,1.4784691206882505,1.5494594096087293,1.3593153597734786,1.4795267774342145,1.3193229504254291,1.151226041394118,1.1151386597027095,1.3927884292491217,1.375366808774611,1.054450041516327,1.3593153597734786,1.4795267774342145,1.3193229504254291,1.151226041394118,1.1151386597027095,1.3927884292491217,1.375366808774611,1.054450041516327,1.3593153597734786,1.4795267774342145,1.3193229504254291,1.151226041394118,1.1151386597027095,1.3927884292491217,1.375366808774611,1.054450041516327,1.0106224305773952,0.8920165404398096,0.8189990926322928,0.9990048494575672,1.3193888802110179,0.8081178468405026,1.5446844399196316,0.949229818180845,1.0400616246154413,1.2329556594059978,0.9961079792501569,1.021328156328926,0.9819837648996432,0.7392865744264229,1.2201453844682124,1.713045763451847,1.0400616246154413,1.2329556594059978,0.9961079792501569,1.021328156328926,0.9819837648996432,0.7392865744264229,1.2201453844682124,1.713045763451847
0.16740938494175045,0.09565198749395629,0.12765113563864014,0.11498211731862204,0.12712125604762584,0.17493633904111341,0.1547139636596596,0.10086360023869187,0.16740938494175045,0.09565198749395629,0.12765113563864014,0.11498211731862204,0.12712125604762584,0.17493633904111341,0.1547139636596596,0.10086360023869187,0.16740938494175045,0.09565198749395629,0.12765113563864014,0.11498211731862204,0.12712125604762584,0.17493633904111341,0.1547139636596596,0.10086360023869187,0.12341729687103285,0.1023217933153158,0.08796514870495656,0.11250194907282524,0.17676426469170667,0.05650893271762265,0.08162253985599585,0.10150204756532256,0.12341729687103285,0.1023217933153158,0.08796514870495656,0.11250194907282524,0.17676426469170667,0.05650893271762265,0.08162253985599585,0.10150204756532256,0.12341729687103285,0.1023217933153158,0.08796514870495656,0.11250194907282524,0.17676426469170667,0.05650893271762265,0.08162253985599585,0.10150204756532256,0.07921483963237172,0.11333891977579041,0.04712497983516146,0.06835858426178917,0.09986237393128385,0.07778701593909343,0.03679295191620981,0.07266833222893535,0.11416884747133027,0.0954636371898053,0.0618025734638477,0.07038524119530741,0.06358458723298169,0.07120600638753335,0.05478898815550283,0.09993491519017071,0.11416884747133027,0.0954636371898053,0.0618025734638477,0.07038524119530741,0.06358458723298169,0.07120600638753335,0.05478898815550283,0.09993491519017071
0.45658020822928086,0.3139564346067227,0.4289081670959321,0.2880004773625607,0.3605560666874976,0.4585767680255064,0.40062842228283047,0.3343101752977559,0.45658020822928086,0.3139564346067227,0.4289081670959321,0.2880004773625607,0.3605560666874976,0.4585767680255064,0.40062842228283047,0.3343101752977559,0.45658020822928086,0.3139564346067227,0.4289081670959321,0.2880004773625607,0.3605560666874976,0.4585767680255064,0.40062842228283047,0.3343101752977559,0.294002302424155,0.369046501176241,0.29656811935722,0.3711164928165063,0.30569954771158686,0.31213620728272407,0.2828266425897464,0.2694311501037982,0.294002302424155,0.369046501176241,0.29656811935722,0.3711164928165063,0.30569954771158686,0.31213620728272407,0.2828266425897464,0.2694311501037982,0.294002302424155,0.369046501176241,0.29656811935722,0.3711164928165063,0.30569954771158686,0.31213620728272407,0.2828266425897464,0.2694311501037982,0.3730328615120205,0.2923044680323739,0.2551632378819875,0.3142138705009424,0.30635459477019883,0.28469257368525513,0.280859140654871,0.24114784507723772,0.30976609438672137,0.2897733093794903,0.26680978054316856,0.28717142144154634,0.22534462900687827,0.4106761415446168,0.3631764872732979,0.192811010177714,0.30976609438672137,0.2897733093794903,0.26680978054316856,0.28717142144154634,0.22534462900687827,0.4106761415446168,0.3631764872732979,0.192811010177714
0.3476011506412157,0.3045044276628372,0.3864267462678872,0.2951073157499082,0.2739446311972296,0.31766291331508717,0.2906204068243432,0.3614482566417145,0.3476011506412157,0.3045044276628372,0.3864267462678872,0.2951073157499082,0.2739446311972296,0.31766291331508717,0.2906204068243432,0.3614482566417145,0.3476011506412157,0.3045044276628372,0.3864267462678872,0.2951073157499082,0.2739446311972296,0.31766291331508717,0.2906204068243432,0.3614482566417145,0.2869493865684743,0.31731331537562374,0.2973802095415591,0.30886623478280834,0.29266799865604715,0.2616223860800448,0.20834655860873164,0.3292147647088319,0.2869493865684743,0.31731331537562374,0.2973802095415591,0.30886623478280834,0.29266799865604715,0.2616223860800448,0.20834655860873164,0.3292147647088319,0.2869493865684743,0.31731331537562374,0.2973802095415591,0.30886623478280834,0.29266799865604715,0.2616223860800448,0.20834655860873164,0.3292147647088319,0.28696373575400136,0.32825533680477637,0.2567744727976637,0.2844637455991128,0.3779376328882247,0.4103647846182314,0.26602849745680196,0.3984145074029168,0.3004882718850168,0.369649973476533,0.2590049151177089,0.29681609426070504,0.3833026739887199,0.3909299337792005,0.35084124572732384,0.41990066234180773,0.3004882718850168,0.369649973476533,0.2590049151177089,0.29681609426070504,0.3833026739887199,0.3909299337792005,0.35084124572732384,0.41990066234180773
2.244810173562898,2.159144217851925,1.976463098651508,2.126350504839771,2.184525567433481,1.4998672903101093,1.8460248950560851,1.7217193711665522,2.244810173562898,2.159144217851925,1.976463098651508,2.126350504839771,2.184525567433481,1.4998672903101093,1.8460248950560851,1.7217193711665522,2.244810173562898,2.159144217851925,1.976463098651508,2.126350504839771,2.184525567433481,1.4998672903101093,1.8460248950560851,1.7217193711665522,1.8004335022317708,1.6930889122555148,1.594970902825125,1.564635936074758,1.4422590000243403,1.7257829053491907,1.376478468856907,1.4979189343695085,1.8004335022317708,1.6930889122555148,1.594970902825125,1.564635936074758,1.4422590000243403,1.7257829053491907,1.376478468856907,1.4979189343695085,1.8004335022317708,1.6930889122555148,1.594970902825125,1.564635936074758,1.4422590000243403,1.7257829053491907,1.376478468856907,1.4979189343695085,1.4325470137062437,1.5133773085432416,1.3697351475458686,1.6682318748010436,1.3749792966969776,1.2229464052980041,1.3459596344817097,1.3512744706285191,1.4456110634412551,1.5523073467932769,1.430160271043757,1.600143591388634,1.4245751569728897,1.5184307555005467,1.0554875443802827,1.3639053026936845,1.4456110634412551,1.5523073467932769,1.430160271043757,1.600143591388634,1.4245751569728897,1.5184307555005467,1.0554875443802827,1.3639053026936845
4.352030048484993,4.468717771242021,4.1440003151178715,4.693679830997337,4.569597398940807,4.3068693659193364,4.596733159613619,4.118562484388001,4.352030048484993,4.468717771242021,4.1440003151178715,4.693679830997337,4.569597398940807,4.3068693659193364,4.596733159613619,4.118562484388001,4.352030048484993,4.468717771242021,4.1440003151178715,4.693679830997337,4.569597398940807,4.3068693659193364,4.596733159613619,4.118562484388001,4.4359360936683565,3.9940458403149206,4.6933022904723005,4.2406520461256525,4.371773529204922,3.917225937855078,4.777510941481795,4.175945174293843,4.4359360936683565,3.9940458403149206,4.6933022904723005,4.2406520461256525,4.371773529204922,3.917225937855078,4.777510941481795,4.175945174293843,4.4359360936683565,3.9940458403149206,4.6933022904723005,4.2406520461256525,4.371773529204922,3.917225937855078,4.777510941481795,4.175945174293843,3.9696036628981886,4.33864329399598,4.403115423647383,3.678876851773629,3.5481337576867835,3.7605251276086142,3.5555843144994244,3.4467053702981603,3.8813221722727684,4.416945010389776,4.832203930500691,4.525268159698093,2.930715930102645,3.7489517282395184,3.993098113741881,4.516709449654509,3.8813221722727684,4.416945010389776,4.832203930500691,4.525268159698093,2.930715930102645,3.7489517282395184,3.993098113741881,4.516709449654509
0.5660683155358386,0.3850438976907271,0.491170554917279,0.5058411681935134,0.5543221098364042,0.5337552151670482,0.5386775655977425,0.4045862376426318,0.5660683155358386,0.3850438976907271,0.491170554917279,0.5058411681935134,0.5543221098364042,0.5337552151670482,0.5386775655977425,0.4045862376426318,0.5660683155358386,0.3850438976907271,0.491170554917279,0.5058411681935134,0.5543221098364042,0.5337552151670482,0.5386775655977425,0.4045862376426318,0.4661484476139903,0.4333859672177517,0.4268130600238805,0.3592511482790456,0.39972814355146474,0.5145762358309194,0.756528600712051,0.3460061280201458,0.4661484476139903,0.4333859672177517,0.4268130600238805,0.3592511482790456,0.39972814355146474,0.5145762358309194,0.756528600712051,0.3460061280201458,0.4661484476139903,0.4333859672177517,0.4268130600238805,0.3592511482790456,0.39972814355146474,0.5145762358309194,0.756528600712051,0.3460061280201458,0.4809959333530974,0.42196550052991944,0.439670880660028,0.42976373280984737,0.7898736707630889,0.3996237952874612,0.9112791196049855,0.8841141839952205,0.41438406093856406,0.5062697296771883,0.44061330160292805,0.4077676893647352,0.6851884861135096,1.8483045550295025,0.4184301051842483,0.9534386250856443,0.41438406093856406,0.5062697296771883,0.44061330160292805,0.4077676893647352,0.6851884861135096,1.8483045550295025,0.4184301051842483,0.9534386250856443
0.5209346074712023,0.3800222003585399,0.48889094875478084,0.41483623481144355,0.3493322265333063,0.35843316170774947,0.3754474051915184,0.3333590862438413,0.5209346074712023,0.3800222003585399,0.48889094875478084,0.41483623481144355,0.3493322265333063,0.35843316170774947,0.3754474051915184,0.3333590862438413,0.5209346074712023,0.3800222003585399,0.48889094875478084,0.41483623481144355,0.3493322265333063,0.35843316170774947,0.3754474051915184,0.3333590862438413,0.34765766459444614,0.35498451936750186,0.3727603282327242,0.3303611621872361,0.22822422583900104,0.3634809740045931,0.28089681271232336,0.42818449483769133,0.34765766459444614,0.35498451936750186,0.3727603282327242,0.3303611621872361,0.22822422583900104,0.3634809740045931,0.28089681271232336,0.42818449483769133,0.34765766459444614,0.35498451936750186,0.3727603282327242,0.3303611621872361,0.22822422583900104,0.3634809740045931,0.28089681271232336,0.42818449483769133,0.3169516681052599,0.29414379373051086,0.24968990130525065,0.27213702524921246,0.48354129213393077,0.3142455786008562,0.40187849746042914,0.3530961339862991,0.2551376916245537,0.35487490113121767,0.3850041842757111,0.2655388494774095,0.6270579612198771,0.38849620681366503,0.25093468011770126,0.3649179419361408,0.2551376916245537,0.35487490113121767,0.3850041842757111,0.2655388494774095,0.6270579612198771,0.38849620681366503,0.25093468011770126,0.3649179419361408
0.6834621857881814,0.564580489410923,0.6892294178900802,0.6049522083227887,0.5490729202473795,0.46970021523800864,0.5737201795410743,0.5242057297362156,0.6834621857881814,0.564580489410923,0.6892294178900802,0.6049522083227887,0.5490729202473795,0.46970021523800864,0.5737201795410743,0.5242057297362156,0.6834621857881814,0.564580489410923,0.6892294178900802,0.6049522083227887,0.5490729202473795,0.46970021523800864,0.5737201795410743,0.5242057297362156,0.5545821320705298,0.4173510076314514,0.5425903771748223,0.36496897418296076,0.4840672911666509,0.7176502345258476,0.4286918330135291,0.38710351087227485,0.5545821320705298,0.4173510076314514,0.5425903771748223,0.36496897418296076,0.4840672911666509,0.7176502345258476,0.4286918330135291,0.38710351087227485,0.5545821320705298,0.4173510076314514,0.5425903771748223,0.36496897418296076,0.4840672911666509,0.7176502345258476,0.4286918330135291,0.38710351087227485,0.3436820351069565,0.47161567866756526,0.4428732380129491,0.5746276224081472,0.4258736605594411,1.1387007367800843,0.20325270543814092,0.16688533648536902,0.42347905779511164,0.8399622033176872,0.45635211019269156,0.40558547948477425,0.3332717531318574,0.6160444263284335,0.6326250112956777,0.2976571069417426,0.42347905779511164,0.8399622033176872,0.45635211019269156,0.40558547948477425,0.3332717531318574,0.6160444263284335,0.6326250112956777,0.2976571069417426
3.2590777257971353,3.732197972613662,3.4847058561414648,3.7591945593271134,3.515040406831288,3.7283708372051088,3.1547669531618734,3.1383554508220075,3.2590777257971353,3.732197972613662,3.4847058561414648,3.7591945593271134,3.515040406831288,3.7283708372051088,3.1547669531618734,3.1383554508220075,3.2590777257971353,3.732197972613662,3.4847058561414648,3.7591945593271134,3.515040406831288,3.7283708372051088,3.1547669531618734,3.1383554508220075,3.537292096502047,5.134117473197128,3.9601090582047753,4.391393155365043,5.403423079521447,6.269946435255244,3.652903095233082,4.483275235993789,3.537292096502047,5.134117473197128,3.9601090582047753,4.391393155365043,5.403423079521447,6.269946435255244,3.652903095233082,4.483275235993789,3.537292096502047,5.134117473197128,3.9601090582047753,4.391393155365043,5.403423079521447,6.269946435255244,3.652903095233082,4.483275235993789,4.096049522203468,4.375919333515777,4.6919481918618455,4.317138682754729,3.47471172326465,4.713615540952706,4.474011721053905,5.9638174836504945,3.5217310888404993,3.9778326489432674,4.309096599416814,4.405365385193988,3.615412342548884,4.736991411661785,3.7266692503181575,3.857622571506804,3.5217310888404993,3.9778326489432674,4.309096599416814,4.405365385193988,3.615412342548884,4.736991411661785,3.7266692503181575,3.857622571506804
2.461888025367764,2.3758976925013844,2.5430130292297672,2.3737267941602065,2.4543358877864905,2.803096291270662,2.661143400830104,2.4849404488466167,2.461888025367764,2.3758976925013844,2.5430130292297672,2.3737267941602065,2.4543358877864905,2.803096291270662,2.661143400830104,2.4849404488466167,2.461888025367764,2.3758976925013844,2.5430130292297672,2.3737267941602065,2.4543358877864905,2.803096291270662,2.661143400830104,2.4849404488466167,2.45588798085133,2.520334220384732,2.3803621092047718,2.131546119045894,2.810035614072093,2.335408588180427,2.6348556181005516,2.526475678611583,2.45588798085133,2.520334220384732,2.3803621092047718,2.131546119045894,2.810035614072093,2.335408588180427,2.6348556181005516,2.526475678611583,2.45588798085133,2.520334220384732,2.3803621092047718,2.131546119045894,2.810035614072093,2.335408588180427,2.6348556181005516,2.526475678611583,2.736607015572207,1.9343209770385161,3.195946953480898,2.2662969309947663,3.761760196523776,3.421056546510105,2.2268916531154805,2.7869902285094246,2.7431596704565466,2.050518424797491,2.1584969168102988,2.475751120757358,3.1585060420101425,2.354902764717712,1.5071980851036997,2.536103853838686,2.7431596704565466,2.050518424797491,2.1584969168102988,2.475751120757358,3.1585060420101425,2.354902764717712,1.5071980851036997,2.536103853838686
2.805261566591787,2.4945421592132853,2.55742549758855,2.509355335921566,2.9517605191808545,2.2903007530836237,2.2895465111978677,2.233308199538027,2.805261566591787,2.4945421592132853,2.55742549758855,2.509355335921566,2.9517605191808545,2.2903007530836237,2.2895465111978677,2.233308199538027,2.805261566591787,2.4945421592132853,2.55742549758855,2.509355335921566,2.9517605191808545,2.2903007530836237,2.2895465111978677,2.233308199538027,3.1441950478336262,2.1527767703674443,2.830507041137526,2.150995168919484,4.0103352215069075,2.3209278464791923,2.026251234577313,2.6776406366625687,3.1441950478336262,2.1527767703674443,2.830507041137526,2.150995168919484,4.0103352215069075,2.3209278464791923,2.026251234577313,2.6776406366625687,3.1441950478336262,2.1527767703674443,2.830507041137526,2.150995168919484,4.0103352215069075,2.3209278464791923,2.026251234577313,2.6776406366625687,1.9133006798028689,2.282240331484475,1.9856798439278636,1.9388412207045456,3.3541211729715497,2.217373341817201,2.094837972257573,1.3046577854247514,2.5881577070214408,2.4831267722412425,2.188305028152895,2.0522840050054025,3.9774545528175405,2.8628983572101636,1.571354249831809,1.898251956332727,2.5881577070214408,2.4831267722412425,2.188305028152895,2.0522840050054025,3.9774545528175405,2.8628983572101636,1.571354249831809,1.898251956332727
2.385297919239286,2.48508859651435,2.2613972368059305,2.418221406606653,2.2908256773094338,2.430786092300139,2.497684302813489,2.26564276720478,2.385297919239286,2.48508859651435,2.2613972368059305,2.418221406606653,2.2908256773094338,2.430786092300139,2.497684302813489,2.26564276720478,2.385297919239286,2.48508859651435,2.2613972368059305,2.418221406606653,2.2908256773094338,2.430786092300139,2.497684302813489,2.26564276720478,2.6249016400442335,2.613140944599308,2.4746536269352686,2.516916223107468,2.667124723468868,2.846028565442665,2.6489785689196967,2.5337191450130514,2.6249016400442335,2.613140944599308,2.4746536269352686,2.516916223107468,2.667124723468868,2.846028565442665,2.6489785689196967,2.5337191450130514,2.6249016400442335,2.613140944599308,2.4746536269352686,2.516916223107468,2.667124723468868,2.846028565442665,2.6489785689196967,2.5337191450130514,2.910785155732638,2.5223840547079424,2.6259191629716754,2.9368625032216844,3.24398520991704,2.7757357176735336,2.7987196803881247,3.043749861738108,2.5836582289102212,2.8254485736449504,2.494141034938714,2.82044322305401,3.3358125322773806,2.57706745829809,2.3006497140531836,2.649812127904747,2.5836582289102212,2.8254485736449504,2.494141034938714,2.82044322305401,3.3358125322773806,2.57706745829809,2.3006497140531836,2.649812127904747
0.49723916028283005,0.48849806760858033,0.45099032108630865,0.5159667830601038,0.5229569120787613,0.5269958022496367,0.4763100043727204,0.566206181281356,0.49723916028283005,0.48849806760858033,0.45099032108630865,0.5159667830601038,0.5229569120787613,0.5269958022496367,0.4763100043727204,0.566206181281356,0.49723916028283005,0.48849806760858033,0.45099032108630865,0.5159667830601038,0.5229569120787613,0.5269958022496367,0.4763100043727204,0.566206181281356,0.42803365902715845,0.39977819056924924,0.49520097837371235,0.5363175521120852,0.3381309676922138,0.4679138921299433,0.526419862609912,0.5067453130455487,0.42803365902715845,0.39977819056924924,0.49520097837371235,0.5363175521120852,0.3381309676922138,0.4679138921299433,0.526419862609912,0.5067453130455487,0.42803365902715845,0.39977819056924924,0.49520097837371235,0.5363175521120852,0.3381309676922138,0.4679138921299433,0.526419862609912,0.5067453130455487,0.43192592819138786,0.43354722309569843,0.5157311738879617,0.5382594789277638,0.4246343415719384,0.363898844762316,0.7048291320737388,0.5091595340241566,0.4290837736558308,0.40025824253943837,0.41108500193889586,0.4505929152705217,0.4521339615582374,0.4824397577957525,0.3388940232194478,0.572089500697902,0.4290837736558308,0.40025824253943837,0.41108500193889586,0.4505929152705217,0.4521339615582374,0.4824397577957525,0.3388940232194478,0.572089500697902
1.32696397826459,1.4211165936969101,1.4159395695674852,1.4007416285274126,1.3262890827815794,1.3152385764290062,1.2119825216854423,1.2789718349372623,1.32696397826459,1.4211165936969101,1.4159395695674852,1.4007416285274126,1.3262890827815794,1.3152385764290062,1.2119825216854423,1.2789718349372623,1.32696397826459,1.4211165936969101,1.4159395695674852,1.4007416285274126,1.3262890827815794,1.3152385764290062,1.2119825216854423,1.2789718349372623,1.3545306607367784,1.5958912669436573,1.4163691203529252,1.5840405336319086,1.2790813386667794,1.7887688721632806,1.4113641216037969,1.7555772253684598,1.3545306607367784,1.5958912669436573,1.4163691203529252,1.5840405336319086,1.2790813386667794,1.7887688721632806,1.4113641216037969,1.7555772253684598,1.3545306607367784,1.5958912669436573,1.4163691203529252,1.5840405336319086,1.2790813386667794,1.7887688721632806,1.4113641216037969,1.7555772253684598,1.4277126651797802,1.792224035203671,1.4955072326348133,1.511737466792969,1.7377193187922835,1.9125198424277865,1.5458999209634705,1.8145228939055753,1.4349435220912208,1.550965004726143,1.3670607211435843,1.6415136835712352,1.3354573337823166,1.7384160050104651,1.776699714289198,1.8500206139618356,1.4349435220912208,1.550965004726143,1.3670607211435843,1.6415136835712352,1.3354573337823166,1.7384160050104651,1.776699714289198,1.8500206139618356
1.713724059513601,1.4806518776088848,1.4840524431312208,1.4797454921570308,1.674078949838756,2.1703861276473355,1.8892462995425798,1.3602460488145163,1.713724059513601,1.4806518776088848,1.4840524431312208,1.4797454921570308,1.674078949838756,2.1703861276473355,1.8892462995425798,1.3602460488145163,1.713724059513601,1.4806518776088848,1.4840524431312208,1.4797454921570308,1.674078949838756,2.1703861276473355,1.8892462995425798,1.3602460488145163,1.317633682110428,1.4172136489755074,1.3596196934148292,1.142669754671106,1.1933483441939219,1.131527501358732,0.813192260652296,1.9046011318520584,1.317633682110428,1.4172136489755074,1.3596196934148292,1.142669754671106,1.1933483441939219,1.131527501358732,0.813192260652296,1.9046011318520584,1.317633682110428,1.4172136489755074,1.3596196934148292,1.142669754671106,1.1933483441939219,1.131527501358732,0.813192260652296,1.9046011318520584,0.9771159634016482,1.1921028527204685,1.7380597953203247,1.9274322626180433,0.713420664002019,1.5598639478370753,0.5924477242992495,1.0241470834476707,1.0711113933168142,1.8559743087253695,1.6847623247334378,1.3803731132099166,0.6265972234966625,1.4715764844089492,1.394617468722732,2.003574482742517,1.0711113933168142,1.8559743087253695,1.6847623247334378,1.3803731132099166,0.6265972234966625,1.4715764844089492,1.394617468722732,2.003574482742517
0.7282777368836991,0.7402549848577986,0.7187885294194408,0.6458234356297022,0.6620063962449713,0.5681598951063855,0.6841948973584399,0.5694007676604974,0.7282777368836991,0.7402549848577986,0.7187885294194408,0.6458234356297022,0.6620063962449713,0.5681598951063855,0.6841948973584399,0.5694007676604974,0.7282777368836991,0.7402549848577986,0.7187885294194408,0.6458234356297022,0.6620063962449713,0.5681598951063855,0.6841948973584399,0.5694007676604974,0.5203205499288102,0.41806514205472317,0.5426123039627755,0.4531975303094496,0.4346328807151951,0.2601878074696777,0.3359243612952243,0.29566541895383897,0.5203205499288102,0.41806514205472317,0.5426123039627755,0.4531975303094496,0.4346328807151951,0.2601878074696777,0.3359243612952243,0.29566541895383897,0.5203205499288102,0.41806514205472317,0.5426123039627755,0.4531975303094496,0.4346328807151951,0.2601878074696777,0.3359243612952243,0.29566541895383897,0.4632695568035134,0.2616369722558994,0.388420627105113,0.4120253011575575,0.19720199902827798,0.2959892267144006,0.3295856194543874,0.3153007149601467,0.3564084558201821,0.33187334415805875,0.32690988067506094,0.3161249589918121,0.17348522334526675,0.1509826511387154,0.17303377490868366,0.14594659085137215,0.3564084558201821,0.33187334415805875,0.32690988067506094,0.3161249589918121,0.17348522334526675,0.1509826511387154,0.17303377490868366,0.14594659085137215
0.20048291259073506,0.22818514392600017,0.23273888700448916,0.23462364223906182,0.30774862750729653,0.3512302567052649,0.3063257694336948,0.27598241371425564,0.20048291259073506,0.22818514392600017,0.23273888700448916,0.23462364223906182,0.30774862750729653,0.3512302567052649,0.3063257694336948,0.27598241371425564,0.20048291259073506,0.22818514392600017,0.23273888700448916,0.23462364223906182,0.30774862750729653,0.3512302567052649,0.3063257694336948,0.27598241371425564,0.3397863552126829,0.3677551181713372,0.3339651057826355,0.3177986672625365,0.44468284432717076,0.4988141204416757,0.5781452660231161,0.6314295141064921,0.3397863552126829,0.3677551181713372,0.3339651057826355,0.3177986672625365,0.44468284432717076,0.4988141204416757,0.5781452660231161,0.6314295141064921,0.3397863552126829,0.3677551181713372,0.3339651057826355,0.3177986672625365,0.44468284432717076,0.4988141204416757,0.5781452660231161,0.6314295141064921,0.6296686065304289,0.6848029611033406,0.4202679444386088,0.9551813750770598,0.709239910845397,1.3560841441781237,0.8433159912274119,0.9535218527565437,0.4506816181680871,0.6704725039013216,0.32765466266805376,0.7640366568867429,0.4275836457711498,1.0244410079558444,0.48695584708674006,0.9151648113616717,0.4506816181680871,0.6704725039013216,0.32765466266805376,0.7640366568867429,0.4275836457711498,1.0244410079558444,0.48695584708674006,0.9151648113616717
0.20933827712765737,0.21882360402179118,0.2650615850167466,0.21700734330799187,0.25571333078007574,0.212967341391545,0.2582471207279312,0.26377468087424977,0.20933827712765737,0.21882360402179118,0.2650615850167466,0.21700734330799187,0.25571333078007574,0.212967341391545,0.2582471207279312,0.26377468087424977,0.20933827712765737,0.21882360402179118,0.2650615850167466,0.21700734330799187,0.25571333078007574,0.212967341391545,0.2582471207279312,0.26377468087424977,0.1932555135632975,0.21035228068314177,0.21773694913996644,0.23823255670078325,0.20432870147468352,0.2593950608721757,0.25080652646652263,0.21940385626505413,0.1932555135632975,0.21035228068314177,0.21773694913996644,0.23823255670078325,0.20432870147468352,0.2593950608721757,0.25080652646652263,0.21940385626505413,0.1932555135632975,0.21035228068314177,0.21773694913996644,0.23823255670078325,0.20432870147468352,0.2593950608721757,0.25080652646652263,0.21940385626505413,0.2646731533101005,0.26290445157981557,0.32303551008145753,0.27895175880514816,0.3300323721296951,0.2733366976517679,0.2492796400936306,0.2479000281897373,0.25579576952948185,0.3164760888988857,0.2581919435474841,0.30841865443516503,0.3473795077594286,0.2820981930998265,0.2922787006758008,0.306651395854561,0.25579576952948185,0.3164760888988857,0.2581919435474841,0.30841865443516503,0.3473795077594286,0.2820981930998265,0.2922787006758008,0.306651395854561
0.7867994584976487,0.7840864722476236,0.7243448685053094,0.7797274260989303,0.7551324078263242,0.9691243024920125,0.6737494565038676,0.890423494536246,0.7867994584976487,0.7840864722476236,0.7243448685053094,0.7797274260989303,0.7551324078263242,0.9691243024920125,0.6737494565038676,0.890423494536246,0.7867994584976487,0.7840864722476236,0.7243448685053094,0.7797274260989303,0.7551324078263242,0.9691243024920125,0.6737494565038676,0.890423494536246,0.7348572877946037,0.7392148665863841,0.7334990639050452,0.737750342865424,0.8785460773519305,0.7615670046981536,0.7736079066015167,0.7665537122835762,0.7348572877946037,0.7392148665863841,0.7334990639050452,0.737750342865424,0.8785460773519305,0.7615670046981536,0.7736079066015167,0.7665537122835762,0.7348572877946037,0.7392148665863841,0.7334990639050452,0.737750342865424,0.8785460773519305,0.7615670046981536,0.7736079066015167,0.7665537122835762,0.7312498108560931,0.825394499445534,0.8834667009096526,0.7404280995268414,0.8509332879472093,0.5446616224712996,0.8191754817592145,0.8151428589117637,0.7602426595985937,0.6667979029614018,0.8826975136382073,0.7845783911368585,0.6811518770717339,0.3982539609155529,0.741600777446106,0.6028380539505699,0.7602426595985937,0.6667979029614018,0.8826975136382073,0.7845783911368585,0.6811518770717339,0.3982539609155529,0.741600777446106,0.6028380539505699
0.2690197039135067,0.2571242522360161,0.2566010964486936,0.24281215311326942,0.2984298875549891,0.27945372860929796,0.3132858834861525,0.3485403732419891,0.2690197039135067,0.2571242522360161,0.2566010964486936,0.24281215311326942,0.2984298875549891,0.27945372860929796,0.3132858834861525,0.3485403732419891,0.2690197039135067,0.2571242522360161,0.2566010964486936,0.24281215311326942,0.2984298875549891,0.27945372860929796,0.3132858834861525,0.3485403732419891,0.2378483043081047,0.22284174602809145,0.24930273694805966,0.24804126147198455,0.3094197783673976,0.21790471922243426,0.23728943102844996,0.24149434466434525,0.2378483043081047,0.22284174602809145,0.24930273694805966,0.24804126147198455,0.3094197783673976,0.21790471922243426,0.23728943102844996,0.24149434466434525,0.2378483043081047,0.22284174602809145,0.24930273694805966,0.24804126147198455,0.3094197783673976,0.21790471922243426,0.23728943102844996,0.24149434466434525,0.20780793058171448,0.2075919954334436,0.21084165330934404,0.2141300649914421,0.3732395709666336,0.22884872931337044,0.25448611770775825,0.22414422918048638,0.21389975683201787,0.26304997267799224,0.19599743077679002,0.2314441389389776,0.3213773359580339,0.20718079943265796,0.19663900354946343,0.22637375453191574,0.21389975683201787,0.26304997267799224,0.19599743077679002,0.2314441389389776,0.3213773359580339,0.20718079943265796,0.19663900354946343,0.22637375453191574
0.7497179349899663,0.8088034223410807,0.7943208829947938,0.8351682375648399,0.6926282796764555,0.8260423064176288,0.6989124886980332,0.7812944310385644,0.7497179349899663,0.8088034223410807,0.7943208829947938,0.8351682375648399,0.6926282796764555,0.8260423064176288,0.6989124886980332,0.7812944310385644,0.7497179349899663,0.8088034223410807,0.7943208829947938,0.8351682375648399,0.6926282796764555,0.8260423064176288,0.6989124886980332,0.7812944310385644,0.6931433794326224,0.7528970816003657,0.7129423019757518,0.7536579117029206,0.6591722547036285,0.8006880553607224,0.6753414838664344,0.7701132056236629,0.6931433794326224,0.7528970816003657,0.7129423019757518,0.7536579117029206,0.6591722547036285,0.8006880553607224,0.6753414838664344,0.7701132056236629,0.6931433794326224,0.7528970816003657,0.7129423019757518,0.7536579117029206,0.6591722547036285,0.8006880553607224,0.6753414838664344,0.7701132056236629,0.6853602677450522,0.6754602687875926,0.6431844456123321,0.6885888128968526,0.7119920436194194,0.8131981189894646,0.940796379134961,0.8192711978587826,0.6266145352966481,0.6740021483792857,0.7603066089190579,0.6470915137147694,0.7230832324919896,0.8542711002448732,0.92244378236564,0.8381105909557309,0.6266145352966481,0.6740021483792857,0.7603066089190579,0.6470915137147694,0.7230832324919896,0.8542711002448732,0.92244378236564,0.8381105909557309
0.9963908003581858,0.9139588474882506,0.9961081177571485,0.860971370316683,0.8753929062796801,0.9691419915955054,0.7347925604106038,0.8417892713871545,0.9963908003581858,0.9139588474882506,0.9961081177571485,0.860971370316683,0.8753929062796801,0.9691419915955054,0.7347925604106038,0.8417892713871545,0.9963908003581858,0.9139588474882506,0.9961081177571485,0.860971370316683,0.8753929062796801,0.9691419915955054,0.7347925604106038,0.8417892713871545,0.6273181455238396,0.6737012842061638,0.7221085233374601,0.6446402715473455,0.7368053778009326,0.6459905452569256,0.7584266076989181,1.2595358763418532,0.6273181455238396,0.6737012842061638,0.7221085233374601,0.6446402715473455,0.7368053778009326,0.6459905452569256,0.7584266076989181,1.2595358763418532,0.6273181455238396,0.6737012842061638,0.7221085233374601,0.6446402715473455,0.7368053778009326,0.6459905452569256,0.7584266076989181,1.2595358763418532,0.7762339691175683,0.8767239655468614,0.6900018214429234,0.6630539836258925,1.2154203273938282,1.0140534791872793,1.140888861865773,1.067512517727155,0.7968008737809774,0.9306471582455937,0.7187817753128692,0.8801993754635911,1.3361615280647101,1.3247210538779974,0.5573714898081705,1.13142657879662,0.7968008737809774,0.9306471582455937,0.7187817753128692,0.8801993754635911,1.3361615280647101,1.3247210538779974,0.5573714898081705,1.13142657879662
0.3251030947475469,0.32968072818388955,0.3718651220915133,0.3502622359332162,0.3764018709659797,0.407545394783189,0.39953545281922603,0.4079177246290538,0.3251030947475469,0.32968072818388955,0.3718651220915133,0.3502622359332162,0.3764018709659797,0.407545394783189,0.39953545281922603,0.4079177246290538,0.3251030947475469,0.32968072818388955,0.3718651220915133,0.3502622359332162,0.3764018709659797,0.407545394783189,0.39953545281922603,0.4079177246290538,0.45810558024060466,0.38961393814390816,0.43517086740204686,0.38282209238328496,0.4202188564817121,0.3781865679413254,0.4479342567249275,0.4455959457413648,0.45810558024060466,0.38961393814390816,0.43517086740204686,0.38282209238328496,0.4202188564817121,0.3781865679413254,0.4479342567249275,0.4455959457413648,0.45810558024060466,0.38961393814390816,0.43517086740204686,0.38282209238328496,0.4202188564817121,0.3781865679413254,0.4479342567249275,0.4455959457413648,0.453025117117383,0.47920322923304265,0.42521481825013263,0.5079610152544046,0.38644684214628283,0.560726032601872,0.4490670532789169,0.5392810542831828,0.4994733308855071,0.4332584882855187,0.44510825232442114,0.4846378149172311,0.43602507108467364,0.5103100899322534,0.45602762572808503,0.4715293444538383,0.4994733308855071,0.4332584882855187,0.44510825232442114,0.4846378149172311,0.43602507108467364,0.5103100899322534,0.45602762572808503,0.4715293444538383
0.6371402486541359,0.6389025733104454,0.6577170565666848,0.6838681690220655,0.683098219602833,0.6828619226582917,0.49514664950342624,0.6266574310199421,0.6371402486541359,0.6389025733104454,0.6577170565666848,0.6838681690220655,0.683098219602833,0.6828619226582917,0.49514664950342624,0.6266574310199421,0.6371402486541359,0.6389025733104454,0.6577170565666848,0.6838681690220655,0.683098219602833,0.6828619226582917,0.49514664950342624,0.6266574310199421,0.6222744120459971,0.6620690282834168,0.5991525250292298,0.6444580915507813,0.5514850124132398,0.5307188326631268,0.5241051006728423,0.6555662808005243,0.6222744120459971,0.6620690282834168,0.5991525250292298,0.6444580915507813,0.5514850124132398,0.5307188326631268,0.5241051006728423,0.6555662808005243,0.6222744120459971,0.6620690282834168,0.5991525250292298,0.6444580915507813,0.5514850124132398,0.5307188326631268,0.5241051006728423,0.6555662808005243,0.5389213806955344,0.5326578986140204,0.5883609112106887,0.5183624064332275,0.49729136663059254,0.44796038141383454,0.4354972459262285,0.4802489875815091,0.5560223887655041,0.5067629944790152,0.5845875896940875,0.5372377401172067,0.4641732598288609,0.48562953738846737,0.45096219874190313,0.6002910195526062,0.5560223887655041,0.5067629944790152,0.5845875896940875,0.5372377401172067,0.4641732598288609,0.48562953738846737,0.45096219874190313,0.6002910195526062
0.77126971128652,0.7168253594247355,0.6461464505929342,0.7338621157956767,0.7341891405983043,0.7094865590742406,0.6354878354392313,0.7226928195343033,0.77126971128652,0.7168253594247355,0.6461464505929342,0.7338621157956767,0.7341891405983043,0.7094865590742406,0.6354878354392313,0.7226928195343033,0.77126971128652,0.7168253594247355,0.6461464505929342,0.7338621157956767,0.7341891405983043,0.7094865590742406,0.6354878354392313,0.7226928195343033,0.7021689330395929,0.730614773276745,0.5955516061694756,0.7489101504996724,0.8761922954048413,0.8284866961403617,0.7553170763043252,0.7519248779984481,0.7021689330395929,0.730614773276745,0.5955516061694756,0.7489101504996724,0.8761922954048413,0.8284866961403617,0.7553170763043252,0.7519248779984481,0.7021689330395929,0.730614773276745,0.5955516061694756,0.7489101504996724,0.8761922954048413,0.8284866961403617,0.7553170763043252,0.7519248779984481,0.872778462008055,0.8057780516264952,0.7560852995816837,0.7793872633260437,0.7691043465543232,0.9411934551137014,0.8483499009510986,0.8080194918943595,0.7103331842314484,0.8136563170219012,0.7191801654392995,0.802336521476544,0.9356421262196631,0.9443976770487236,0.9625290591559882,1.166098557799226,0.7103331842314484,0.8136563170219012,0.7191801654392995,0.802336521476544,0.9356421262196631,0.9443976770487236,0.9625290591559882,1.166098557799226
0.4431107504611875,0.36116926554926776,0.41359164441579926,0.36251175402613306,0.25069266129227424,0.24445419686680725,0.31790345672306947,0.35263568036964993,0.4431107504611875,0.36116926554926776,0.41359164441579926,0.36251175402613306,0.25069266129227424,0.24445419686680725,0.31790345672306947,0.35263568036964993,0.4431107504611875,0.36116926554926776,0.41359164441579926,0.36251175402613306,0.25069266129227424,0.24445419686680725,0.31790345672306947,0.35263568036964993,0.3702858939177191,0.43516487755610817,0.3776971013179548,0.40494274364933996,0.7513396679471835,0.3855527970625367,0.4679713466595657,0.4344357287363551,0.3702858939177191,0.43516487755610817,0.3776971013179548,0.40494274364933996,0.7513396679471835,0.3855527970625367,0.4679713466595657,0.4344357287363551,0.3702858939177191,0.43516487755610817,0.3776971013179548,0.40494274364933996,0.7513396679471835,0.3855527970625367,0.4679713466595657,0.4344357287363551,0.520068233208523,0.4452759893073564,0.4275003660634533,0.36365426998460154,0.534764003762956,0.32126001189422376,0.37407479411910266,0.32693715485736996,0.6275540519849133,0.5129233080283447,0.4799271409290342,0.364268400091511,0.4600243816483087,0.5932830620780977,0.5122595849376413,0.8101299398678936,0.6275540519849133,0.5129233080283447,0.4799271409290342,0.364268400091511,0.4600243816483087,0.5932830620780977,0.5122595849376413,0.8101299398678936
2.19682252408557,2.3154196868668473,2.181913885775333,2.4140938134240897,2.6492774116711466,3.0048181432536065,2.5464304156838877,2.627710554892693,2.19682252408557,2.3154196868668473,2.181913885775333,2.4140938134240897,2.6492774116711466,3.0048181432536065,2.5464304156838877,2.627710554892693,2.19682252408557,2.3154196868668473,2.181913885775333,2.4140938134240897,2.6492774116711466,3.0048181432536065,2.5464304156838877,2.627710554892693,2.5870768590378996,2.5830557035234603,2.4186959576343523,2.9154512273516384,2.5980828042121478,2.4057530118577795,2.6409221131865364,2.695300854332166,2.5870768590378996,2.5830557035234603,2.4186959576343523,2.9154512273516384,2.5980828042121478,2.4057530118577795,2.6409221131865364,2.695300854332166,2.5870768590378996,2.5830557035234603,2.4186959576343523,2.9154512273516384,2.5980828042121478,2.4057530118577795,2.6409221131865364,2.695300854332166,2.6094612860615123,2.7347380568674873,2.601015476687254,2.5087841326002214,2.3999474188899685,2.6716836543374254,2.5798182185218317,2.6348388439279895,2.6352190799439423,2.92107962616422,2.6547321204794936,2.469622563205669,2.4810688452638376,2.458688295713981,2.608435768359111,2.966040283666589,2.6352190799439423,2.92107962616422,2.6547321204794936,2.469622563205669,2.4810688452638376,2.458688295713981,2.608435768359111,2.966040283666589
3.0601136184647397,3.0323165567089463,2.687295584305659,2.732115126130995,3.3400432517331278,3.3830867776482094,3.2860828159230264,3.4213326574668064,3.0601136184647397,3.0323165567089463,2.687295584305659,2.732115126130995,3.3400432517331278,3.3830867776482094,3.2860828159230264,3.4213326574668064,3.0601136184647397,3.0323165567089463,2.687295584305659,2.732115126130995,3.3400432517331278,3.3830867776482094,3.2860828159230264,3.4213326574668064,3.3487995137657696,3.6394639812991527,3.6245319916653544,3.8227522107092415,4.351116324101732,3.846255242845432,3.900114868307961,4.024816384840796,3.3487995137657696,3.6394639812991527,3.6245319916653544,3.8227522107092415,4.351116324101732,3.846255242845432,3.900114868307961,4.024816384840796,3.3487995137657696,3.6394639812991527,3.6245319916653544,3.8227522107092415,4.351116324101732,3.846255242845432,3.900114868307961,4.024816384840796,3.9841614126629237,4.211317389228652,3.54559157610628,4.128297385237077,4.153067872599046,3.6141862573494605,4.4337760383576885,3.6969670708414886,4.0867357648379095,3.8137501062975305,3.7236490921971703,3.878251682511964,3.8129022296390276,4.7516812949565015,4.018090685514219,4.738281127080383,4.0867357648379095,3.8137501062975305,3.7236490921971703,3.878251682511964,3.8129022296390276,4.7516812949565015,4.018090685514219,4.738281127080383
1.0217015678295256,1.091709677369756,1.177404642927076,1.0902987813194904,1.5011850539884373,1.3567096105700254,1.4037013976783828,1.2007520001712668,1.0217015678295256,1.091709677369756,1.177404642927076,1.0902987813194904,1.5011850539884373,1.3567096105700254,1.4037013976783828,1.2007520001712668,1.0217015678295256,1.091709677369756,1.177404642927076,1.0902987813194904,1.5011850539884373,1.3567096105700254,1.4037013976783828,1.2007520001712668,1.5569643710396364,1.5178462104223274,1.5329970416800704,1.4429936069941045,1.618163961228857,1.607238014199339,1.604133705997213,1.9692117354120682,1.5569643710396364,1.5178462104223274,1.5329970416800704,1.4429936069941045,1.618163961228857,1.607238014199339,1.604133705997213,1.9692117354120682,1.5569643710396364,1.5178462104223274,1.5329970416800704,1.4429936069941045,1.618163961228857,1.607238014199339,1.604133705997213,1.9692117354120682,1.6277931872657618,1.8026710781866802,1.9529018611646087,1.8537660478818183,1.703111312670889,1.64517945104524,1.5583300162957772,2.1195388787178713,1.5944536818417936,1.9088326464277876,1.8846095669294827,2.0301105276884748,1.1820966719262431,1.5342153030368786,2.1482595655338432,1.8572444438446885,1.5944536818417936,1.9088326464277876,1.8846095669294827,2.0301105276884748,1.1820966719262431,1.5342153030368786,2.1482595655338432,1.8572444438446885
0.6894786250005146,0.6762685687768674,0.6102860381391484,0.6466061269548234,0.7532037042813545,0.840230457244808,0.7489895994628324,0.7296704704982797,0.6894786250005146,0.6762685687768674,0.6102860381391484,0.6466061269548234,0.7532037042813545,0.840230457244808,0.7489895994628324,0.7296704704982797,0.6894786250005146,0.6762685687768674,0.6102860381391484,0.6466061269548234,0.7532037042813545,0.840230457244808,0.7489895994628324,0.7296704704982797,0.9179219769390611,0.9405450585930012,0.9007903658000441,0.9617018713290338,1.054129753735195,1.2168007378541608,1.0630488317884454,1.3053045266748895,0.9179219769390611,0.9405450585930012,0.9007903658000441,0.9617018713290338,1.054129753735195,1.2168007378541608,1.0630488317884454,1.3053045266748895,0.9179219769390611,0.9405450585930012,0.9007903658000441,0.9617018713290338,1.054129753735195,1.2168007378541608,1.0630488317884454,1.3053045266748895,1.228745914829034,1.202822460075569,1.2370229927375886,1.2697433335657762,1.1872932036269228,1.3047405798752243,1.215160687630458,1.3842454124407113,1.4607921920468547,1.3217443332940124,1.0346600388520153,1.1555722448728254,1.3681845598857179,1.0643321602287903,1.6177780007050613,1.1700522310476145,1.4607921920468547,1.3217443332940124,1.0346600388520153,1.1555722448728254,1.3681845598857179,1.0643321602287903,1.6177780007050613,1.1700522310476145
0.243401114719039,0.19705631557808154,0.23032214355876515,0.22844898175955106,0.258018793528183,0.15934481426374225,0.19248430773504793,0.23519226247826958,0.243401114719039,0.19705631557808154,0.23032214355876515,0.22844898175955106,0.258018793528183,0.15934481426374225,0.19248430773504793,0.23519226247826958,0.243401114719039,0.19705631557808154,0.23032214355876515,0.22844898175955106,0.258018793528183,0.15934481426374225,0.19248430773504793,0.23519226247826958,0.2284862668768425,0.1960909828689993,0.25974335772541834,0.15964193003387525,0.27897775246980916,0.2718552421196125,0.2078671465035978,0.2566435528767076,0.2284862668768425,0.1960909828689993,0.25974335772541834,0.15964193003387525,0.27897775246980916,0.2718552421196125,0.2078671465035978,0.2566435528767076,0.2284862668768425,0.1960909828689993,0.25974335772541834,0.15964193003387525,0.27897775246980916,0.2718552421196125,0.2078671465035978,0.2566435528767076,0.2474024469496013,0.1650483028569741,0.17485448277723017,0.19432510400843167,0.24672986713800715,0.10410923831274979,0.19628466703004843,0.19048460271321851,0.25251514214600307,0.18858239170534438,0.19953771717420538,0.13672885608771457,0.16537958237736286,0.11157119357236116,0.17378136083136583,0.15577258576412642,0.25251514214600307,0.18858239170534438,0.19953771717420538,0.13672885608771457,0.16537958237736286,0.11157119357236116,0.17378136083136583,0.15577258576412642
2.1005053285060553,2.164622149714858,2.0358736111768034,2.1620726295750132,1.9391485214301796,2.0877838734303302,2.0053045721771454,2.170453295159631,2.1005053285060553,2.164622149714858,2.0358736111768034,2.1620726295750132,1.9391485214301796,2.0877838734303302,2.0053045721771454,2.170453295159631,2.1005053285060553,2.164622149714858,2.0358736111768034,2.1620726295750132,1.9391485214301796,2.0877838734303302,2.0053045721771454,2.170453295159631,1.8496038623327375,1.9094029450637833,1.908122102338384,1.9672495190828787,1.8206723765935604,1.8301950920220258,1.7228346743877108,1.9561913017211179,1.8496038623327375,1.9094029450637833,1.908122102338384,1.9672495190828787,1.8206723765935604,1.8301950920220258,1.7228346743877108,1.9561913017211179,1.8496038623327375,1.9094029450637833,1.908122102338384,1.9672495190828787,1.8206723765935604,1.8301950920220258,1.7228346743877108,1.9561913017211179,1.6996230522434712,1.6357418766149057,1.7644879294317761,1.6243139812177976,1.5136904878314925,1.5612740510529544,1.7010185213819446,1.3521066496635854,1.6435513312726369,1.6158997734066394,1.7608866967658947,1.664725748748698,1.3460106685591957,1.837969619222827,1.5165544495684187,1.6661941502692095,1.6435513312726369,1.6158997734066394,1.7608866967658947,1.664725748748698,1.3460106685591957,1.837969619222827,1.5165544495684187,1.6661941502692095
5.4100069211107265,6.248494159775622,5.770979069239211,6.281101900272725,5.986653387433893,5.980166238393039,5.687823990281422,6.083538853566905,5.4100069211107265,6.248494159775622,5.770979069239211,6.281101900272725,5.986653387433893,5.980166238393039,5.687823990281422,6.083538853566905,5.4100069211107265,6.248494159775622,5.770979069239211,6.281101900272725,5.986653387433893,5.980166238393039,5.687823990281422,6.083538853566905,5.670114378759125,6.570560691837049,5.813426317174084,6.929145807001045,5.340403569520719,5.511456424130606,5.057279820315087,6.421992267907799,5.670114378759125,6.570560691837049,5.813426317174084,6.929145807001045,5.340403569520719,5.511456424130606,5.057279820315087,6.421992267907799,5.670114378759125,6.570560691837049,5.813426317174084,6.929145807001045,5.340403569520719,5.511456424130606,5.057279820315087,6.421992267907799,6.2571295562489215,6.052294995396049,5.0653095881827905,6.685004751178679,5.101180390595493,4.908901493677324,3.630305096073772,5.502913753323604,5.447736746564954,5.084309944970601,5.75374411904359,6.490617244332192,4.7533025322372024,4.404216703511937,5.089366260598301,5.874727024668145,5.447736746564954,5.084309944970601,5.75374411904359,6.490617244332192,4.7533025322372024,4.404216703511937,5.089366260598301,5.874727024668145
0.1481052140205298,0.12127951668721369,0.17487242915217516,0.1572714873602497,0.3145087668444299,0.25506376437783895,0.25677836910913526,0.32870900867659114,0.1481052140205298,0.12127951668721369,0.17487242915217516,0.1572714873602497,0.3145087668444299,0.25506376437783895,0.25677836910913526,0.32870900867659114,0.1481052140205298,0.12127951668721369,0.17487242915217516,0.1572714873602497,0.3145087668444299,0.25506376437783895,0.25677836910913526,0.32870900867659114,0.21244250251776506,0.1974618907433609,0.20225694828154828,0.18473414618543055,0.23951480600077676,0.1264729583509738,0.3066927206964229,0.17513364137766574,0.21244250251776506,0.1974618907433609,0.20225694828154828,0.18473414618543055,0.23951480600077676,0.1264729583509738,0.3066927206964229,0.17513364137766574,0.21244250251776506,0.1974618907433609,0.20225694828154828,0.18473414618543055,0.23951480600077676,0.1264729583509738,0.3066927206964229,0.17513364137766574,0.17323812182723633,0.15137978940246116,0.18264557005636436,0.136157140075435,0.1746786119439555,0.20516768317353418,0.3695461847568641,0.19635519400465207,0.15832160018735184,0.1642743684392769,0.15475448510711104,0.12804276566726092,0.3109279748157289,0.1677889346830467,0.3067526797473532,0.29078489590016976,0.15832160018735184,0.1642743684392769,0.15475448510711104,0.12804276566726092,0.3109279748157289,0.1677889346830467,0.3067526797473532,0.29078489590016976
0.5099577808188134,0.4419691838493257,0.4355721622575833,0.3872406192398349,0.3232509059200187,0.3846086396602734,0.26420793713625745,0.21698496268922546,0.5099577808188134,0.4419691838493257,0.4355721622575833,0.3872406192398349,0.3232509059200187,0.3846086396602734,0.26420793713625745,0.21698496268922546,0.5099577808188134,0.4419691838493257,0.4355721622575833,0.3872406192398349,0.3232509059200187,0.3846086396602734,0.26420793713625745,0.21698496268922546,0.47811981142698656,0.36300724560298325,0.32151885063781044,0.31777148713728426,0.404137194914845,0.5403101248310479,0.31642548326896447,0.03675857897856882,0.47811981142698656,0.36300724560298325,0.32151885063781044,0.31777148713728426,0.404137194914845,0.5403101248310479,0.31642548326896447,0.03675857897856882,0.47811981142698656,0.36300724560298325,0.32151885063781044,0.31777148713728426,0.404137194914845,0.5403101248310479,0.31642548326896447,0.03675857897856882,0.6259883463569567,0.7178758123329108,0.5718980920653085,0.44340457157316343,0.4837824391636377,0.2858550408934347,0.7322518951885411,0.28733233553668625,0.44584410419038223,0.6209912386843534,0.5376667762699101,0.30696231520820094,0.30117113639190796,1.0372712622321087,0.21393158500925308,0.20250844308351096,0.44584410419038223,0.6209912386843534,0.5376667762699101,0.30696231520820094,0.30117113639190796,1.0372712622321087,0.21393158500925308,0.20250844308351096
0.5770441785547447,0.5879644328135518,0.5258726440997459,0.5566178050989807,0.5539226617809145,0.5477305466942338,0.67006581312392,0.5923551688966892,0.5770441785547447,0.5879644328135518,0.5258726440997459,0.5566178050989807,0.5539226617809145,0.5477305466942338,0.67006581312392,0.5923551688966892,0.5770441785547447,0.5879644328135518,0.5258726440997459,0.5566178050989807,0.5539226617809145,0.5477305466942338,0.67006581312392,0.5923551688966892,0.3404949440838678,0.5738557151001384,0.44405292602853585,0.47106602409264103,0.4826513857314529,0.45099403845435876,0.47001659836704873,0.7665251656503564,0.3404949440838678,0.5738557151001384,0.44405292602853585,0.47106602409264103,0.4826513857314529,0.45099403845435876,0.47001659836704873,0.7665251656503564,0.3404949440838678,0.5738557151001384,0.44405292602853585,0.47106602409264103,0.4826513857314529,0.45099403845435876,0.47001659836704873,0.7665251656503564,0.2895715345394408,0.44950024928624754,0.3951074273964969,0.42923079195861824,0.475748678184903,0.5571445193185831,0.586898541556155,0.5678039300747036,0.28469081673404506,0.47712429880338003,0.5566316084419795,0.45478456019032754,0.6357334696538526,0.6333067683821384,0.6872782394315263,0.5991894605034861,0.28469081673404506,0.47712429880338003,0.5566316084419795,0.45478456019032754,0.6357334696538526,0.6333067683821384,0.6872782394315263,0.5991894605034861
0.799910121181182,0.7715056672803283,0.8608635414928448,0.7914794702880945,0.9671520929528006,0.6733140827077875,0.9385817286704154,0.765011755224142,0.799910121181182,0.7715056672803283,0.8608635414928448,0.7914794702880945,0.9671520929528006,0.6733140827077875,0.9385817286704154,0.765011755224142,0.799910121181182,0.7715056672803283,0.8608635414928448,0.7914794702880945,0.9671520929528006,0.6733140827077875,0.9385817286704154,0.765011755224142,0.5359957213123355,0.6463213937925276,0.6006621473793042,0.5636210150955152,0.7206669485512892,0.5010261056075663,0.5214218786734548,0.7402349719000823,0.5359957213123355,0.6463213937925276,0.6006621473793042,0.5636210150955152,0.7206669485512892,0.5010261056075663,0.5214218786734548,0.7402349719000823,0.5359957213123355,0.6463213937925276,0.6006621473793042,0.5636210150955152,0.7206669485512892,0.5010261056075663,0.5214218786734548,0.7402349719000823,0.5841749488614504,0.5624648538343063,0.7274580319373923,0.5839285385356668,0.6183251786554615,0.5160667525119058,0.9564175827920145,0.8088258590779456,0.6144848239601525,0.7032762423873686,0.6925359698036421,0.7505742377001893,0.9266957903302065,0.9062679376810268,0.7697246325594256,0.9512716444305793,0.6144848239601525,0.7032762423873686,0.6925359698036421,0.7505742377001893,0.9266957903302065,0.9062679376810268,0.7697246325594256,0.9512716444305793
1.2032314826425445,0.9606388700762972,1.1508613061980315,0.9871905402711075,1.0845147661849464,1.285569507808188,1.1757606259040705,1.0238951437083113,1.2032314826425445,0.9606388700762972,1.1508613061980315,0.9871905402711075,1.0845147661849464,1.285569507808188,1.1757606259040705,1.0238951437083113,1.2032314826425445,0.9606388700762972,1.1508613061980315,0.9871905402711075,1.0845147661849464,1.285569507808188,1.1757606259040705,1.0238951437083113,1.1294631767826837,0.9812053210971605,1.0564642101880757,1.062101284195139,1.1590769742276805,1.6636739765116317,0.9485715377548981,1.2647159847724825,1.1294631767826837,0.9812053210971605,1.0564642101880757,1.062101284195139,1.1590769742276805,1.6636739765116317,0.9485715377548981,1.2647159847724825,1.1294631767826837,0.9812053210971605,1.0564642101880757,1.062101284195139,1.1590769742276805,1.6636739765116317,0.9485715377548981,1.2647159847724825,0.9827666149966849,1.0704629263318923,1.0800648307050513,1.0193596033938743,1.1565436645718206,1.5957049716921683,1.3578532044470972,0.9146666876212212,1.1983658534426038,1.1373163905611678,1.1608031144422348,1.1040748412712136,1.1967569993789242,0.9035925019213256,1.1472292702852305,1.099588925846323,1.1983658534426038,1.1373163905611678,1.1608031144422348,1.1040748412712136,1.1967569993789242,0.9035925019213256,1.1472292702852305,1.099588925846323
0.7217134418464662,0.7498362433702938,0.7242445114518069,0.781788839163079,0.7023560980591396,0.6277917234091605,0.617716767379516,0.8176329944717406,0.7217134418464662,0.7498362433702938,0.7242445114518069,0.781788839163079,0.7023560980591396,0.6277917234091605,0.617716767379516,0.8176329944717406,0.7217134418464662,0.7498362433702938,0.7242445114518069,0.781788839163079,0.7023560980591396,0.6277917234091605,0.617716767379516,0.8176329944717406,0.8410793681923432,0.8703670850848261,0.8333549560636211,0.7928620347322811,0.7895243947065526,0.8588731282735633,0.8259212138670494,0.7661892703588179,0.8410793681923432,0.8703670850848261,0.8333549560636211,0.7928620347322811,0.7895243947065526,0.8588731282735633,0.8259212138670494,0.7661892703588179,0.8410793681923432,0.8703670850848261,0.8333549560636211,0.7928620347322811,0.7895243947065526,0.8588731282735633,0.8259212138670494,0.7661892703588179,0.9055368599869447,0.831787758834414,0.8301655406750592,0.9117269568705051,0.4649972434686426,0.8089858211674555,0.7270114692836445,0.8354233408154423,0.9010245096475197,0.8599918357294383,0.7551596972475819,0.7895958721854209,0.35688600006253524,0.916335652002272,0.8574117341658011,0.4813862534114209,0.9010245096475197,0.8599918357294383,0.7551596972475819,0.7895958721854209,0.35688600006253524,0.916335652002272,0.8574117341658011,0.4813862534114209
0.4610055381800023,0.48933635292910377,0.442753242514057,0.45056770738055707,0.4349781212824631,0.37560170011887767,0.4276519289743296,0.4114949590374883,0.4610055381800023,0.48933635292910377,0.442753242514057,0.45056770738055707,0.4349781212824631,0.37560170011887767,0.4276519289743296,0.4114949590374883,0.4610055381800023,0.48933635292910377,0.442753242514057,0.45056770738055707,0.4349781212824631,0.37560170011887767,0.4276519289743296,0.4114949590374883,0.3728196258385093,0.36548335251777736,0.38921555328875923,0.40673142193368167,0.38691291977427816,0.39174984216667813,0.3360615782341081,0.3245559640729789,0.3728196258385093,0.36548335251777736,0.38921555328875923,0.40673142193368167,0.38691291977427816,0.39174984216667813,0.3360615782341081,0.3245559640729789,0.3728196258385093,0.36548335251777736,0.38921555328875923,0.40673142193368167,0.38691291977427816,0.39174984216667813,0.3360615782341081,0.3245559640729789,0.35421293401550863,0.3868756977613314,0.32364579857426523,0.3906747943689714,0.3203602305414788,0.3221214599637178,0.2957638100396599,0.3812401693200534,0.3502641108178689,0.4057381719577271,0.3253886287454661,0.38819722624625513,0.35862434912746144,0.27360184124859777,0.3758099366611089,0.34207003694476035,0.3502641108178689,0.4057381719577271,0.3253886287454661,0.38819722624625513,0.35862434912746144,0.27360184124859777,0.3758099366611089,0.34207003694476035
0.06357120428112528,0.06760957623415613,0.06074350892261097,0.061066044849843584,0.08579052222532613,0.08559908052228389,0.09751323479800966,0.07760843109163132,0.06357120428112528,0.06760957623415613,0.06074350892261097,0.061066044849843584,0.08579052222532613,0.08559908052228389,0.09751323479800966,0.07760843109163132,0.06357120428112528,0.06760957623415613,0.06074350892261097,0.061066044849843584,0.08579052222532613,0.08559908052228389,0.09751323479800966,0.07760843109163132,0.0983463579870338,0.08374946018762557,0.08151138905995468,0.09681992102804764,0.10045304036637324,0.10434776772924738,0.10231633418523726,0.11896958367647745,0.0983463579870338,0.08374946018762557,0.08151138905995468,0.09681992102804764,0.10045304036637324,0.10434776772924738,0.10231633418523726,0.11896958367647745,0.0983463579870338,0.08374946018762557,0.08151138905995468,0.09681992102804764,0.10045304036637324,0.10434776772924738,0.10231633418523726,0.11896958367647745,0.0769424595774161,0.10927108082786684,0.08758714090017154,0.10027719690004036,0.12978752276324287,0.13590105706344807,0.12474679965029048,0.1655515485330728,0.08009352910189853,0.10547292499964679,0.08673534939693235,0.10688653445180231,0.19119011638254446,0.1388993474500493,0.1267993565056217,0.17274571376412143,0.08009352910189853,0.10547292499964679,0.08673534939693235,0.10688653445180231,0.19119011638254446,0.1388993474500493,0.1267993565056217,0.17274571376412143
0.4840943952058495,0.5275649259836103,0.47421572269561857,0.4448896313092275,0.5322452502623312,0.46469380883134953,0.5141514471676562,0.49696760693153647,0.4840943952058495,0.5275649259836103,0.47421572269561857,0.4448896313092275,0.5322452502623312,0.46469380883134953,0.5141514471676562,0.49696760693153647,0.4840943952058495,0.5275649259836103,0.47421572269561857,0.4448896313092275,0.5322452502623312,0.46469380883134953,0.5141514471676562,0.49696760693153647,0.4744259123892022,0.47953727858196915,0.39255060615474935,0.46248186831443167,0.4908804860781321,0.4586022832772104,0.5440941806764306,0.403353246163141,0.4744259123892022,0.47953727858196915,0.39255060615474935,0.46248186831443167,0.4908804860781321,0.4586022832772104,0.5440941806764306,0.403353246163141,0.4744259123892022,0.47953727858196915,0.39255060615474935,0.46248186831443167,0.4908804860781321,0.4586022832772104,0.5440941806764306,0.403353246163141,0.4024807467812509,0.3528629479425516,0.4073638148306093,0.4001664068397793,0.3824358319791722,0.3884276002884585,0.37865226447809597,0.42162645935095844,0.43701668732215204,0.37691066667676226,0.3915434753705785,0.3950377510547792,0.3548534737946829,0.42815650950012374,0.44201644256823397,0.3624677795051198,0.43701668732215204,0.37691066667676226,0.3915434753705785,0.3950377510547792,0.3548534737946829,0.42815650950012374,0.44201644256823397,0.3624677795051198
0.5872781875966335,0.6518140997735228,0.6319733104781301,0.5914144018731964,0.5722320116452756,0.5836084633250491,0.4738148361927665,0.6316697672984787,0.5872781875966335,0.6518140997735228,0.6319733104781301,0.5914144018731964,0.5722320116452756,0.5836084633250491,0.4738148361927665,0.6316697672984787,0.5872781875966335,0.6518140997735228,0.6319733104781301,0.5914144018731964,0.5722320116452756,0.5836084633250491,0.4738148361927665,0.6316697672984787,0.5248060605929717,0.4884882109842827,0.5400461154055942,0.5000531732196803,0.5945243253405385,0.6007400248613596,0.591497876641115,0.4839732635534897,0.5248060605929717,0.4884882109842827,0.5400461154055942,0.5000531732196803,0.5945243253405385,0.6007400248613596,0.591497876641115,0.4839732635534897,0.5248060605929717,0.4884882109842827,0.5400461154055942,0.5000531732196803,0.5945243253405385,0.6007400248613596,0.591497876641115,0.4839732635534897,0.49154987616675216,0.5782044586040005,0.5001574643282373,0.4864892681272982,0.5483044792769541,0.5218170852277415,0.5178240554896186,0.636482262388607,0.4822540880156795,0.49717373795435954,0.479051046984098,0.5041317959928437,0.5178272349397716,0.5066145208460886,0.49589405089141614,0.6806748223640942,0.4822540880156795,0.49717373795435954,0.479051046984098,0.5041317959928437,0.5178272349397716,0.5066145208460886,0.49589405089141614,0.6806748223640942
0.45145517579697075,0.49033569606375316,0.44713259392396115,0.4789280242440754,0.38107192411903557,0.44388852357957687,0.45798173466002456,0.4889431105802367,0.45145517579697075,0.49033569606375316,0.44713259392396115,0.4789280242440754,0.38107192411903557,0.44388852357957687,0.45798173466002456,0.4889431105802367,0.45145517579697075,0.49033569606375316,0.44713259392396115,0.4789280242440754,0.38107192411903557,0.44388852357957687,0.45798173466002456,0.4889431105802367,0.4242254956236428,0.4617566306385704,0.39510869207102817,0.4111445572303483,0.35934613041299807,0.40980049963199344,0.3652206666590783,0.379250771014737,0.4242254956236428,0.4617566306385704,0.39510869207102817,0.4111445572303483,0.35934613041299807,0.40980049963199344,0.3652206666590783,0.379250771014737,0.4242254956236428,0.4617566306385704,0.39510869207102817,0.4111445572303483,0.35934613041299807,0.40980049963199344,0.3652206666590783,0.379250771014737,0.3896143691933927,0.40848629283475024,0.41765725575501317,0.4712838920310944,0.3721864792803062,0.6082576251438849,0.37900247122240166,0.6008079382113154,0.37718759995540807,0.4292424139213405,0.43228682144767455,0.39828440752475824,0.391294666524385,0.49104950862632857,0.36907855091834424,0.5641739251956792,0.37718759995540807,0.4292424139213405,0.43228682144767455,0.39828440752475824,0.391294666524385,0.49104950862632857,0.36907855091834424,0.5641739251956792
1.1488909989516756,1.0755623514848052,1.1433118202346289,1.1153500508502276,1.108524221382736,1.069862051120867,1.1705979071850614,0.9760347070663149,1.1488909989516756,1.0755623514848052,1.1433118202346289,1.1153500508502276,1.108524221382736,1.069862051120867,1.1705979071850614,0.9760347070663149,1.1488909989516756,1.0755623514848052,1.1433118202346289,1.1153500508502276,1.108524221382736,1.069862051120867,1.1705979071850614,0.9760347070663149,1.1614707765697503,1.024599396605797,1.0864590157366985,1.0136812861461675,1.1105836231866422,0.8532535626938531,1.186162775701798,0.9959972497262877,1.1614707765697503,1.024599396605797,1.0864590157366985,1.0136812861461675,1.1105836231866422,0.8532535626938531,1.186162775701798,0.9959972497262877,1.1614707765697503,1.024599396605797,1.0864590157366985,1.0136812861461675,1.1105836231866422,0.8532535626938531,1.186162775701798,0.9959972497262877,1.0767269633901093,1.0020543341038144,1.1561119341403294,1.0994503319800248,1.0107755247899446,0.860401792162363,1.0285771007634106,0.9258560174975052,1.082461737637762,1.0770045389395189,1.1579056380702206,1.1005153959086713,0.8363758923198318,0.9515869340370193,0.9933062745954518,0.9312738456802399,1.082461737637762,1.0770045389395189,1.1579056380702206,1.1005153959086713,0.8363758923198318,0.9515869340370193,0.9933062745954518,0.9312738456802399
0.31344414726735426,0.24342617416582263,0.36411582593863434,0.23128167512019762,0.5470802557982987,0.3294472740031612,0.338594449307719,0.40262043419007104,0.31344414726735426,0.24342617416582263,0.36411582593863434,0.23128167512019762,0.5470802557982987,0.3294472740031612,0.338594449307719,0.40262043419007104,0.31344414726735426,0.24342617416582263,0.36411582593863434,0.23128167512019762,0.5470802557982987,0.3294472740031612,0.338594449307719,0.40262043419007104,0.2699847755573693,0.2763504672754299,0.308330015209551,0.3015239491621492,0.4511840848682289,0.2793346111595429,0.39102209006275157,0.2615781362260607,0.2699847755573693,0.2763504672754299,0.308330015209551,0.3015239491621492,0.4511840848682289,0.2793346111595429,0.39102209006275157,0.2615781362260607,0.2699847755573693,0.2763504672754299,0.308330015209551,0.3015239491621492,0.4511840848682289,0.2793346111595429,0.39102209006275157,0.2615781362260607,0.32806305064008406,0.28196660896717274,0.30289326887579204,0.27731623876625994,0.20655187833775335,0.39520168889017315,0.40686572423600564,0.3857422319048739,0.3057368234355529,0.2706109715460617,0.2518354377499393,0.2664816685645622,0.20040269195787846,0.2035480961129841,0.34375104915689486,0.3775529742819508,0.3057368234355529,0.2706109715460617,0.2518354377499393,0.2664816685645622,0.20040269195787846,0.2035480961129841,0.34375104915689486,0.3775529742819508
0.36845226839211065,0.3411721450701207,0.3561305946736287,0.38007150161774955,0.3747053258938404,0.3076118633013598,0.355747575339256,0.35461584182117295,0.36845226839211065,0.3411721450701207,0.3561305946736287,0.38007150161774955,0.3747053258938404,0.3076118633013598,0.355747575339256,0.35461584182117295,0.36845226839211065,0.3411721450701207,0.3561305946736287,0.38007150161774955,0.3747053258938404,0.3076118633013598,0.355747575339256,0.35461584182117295,0.3821257458981014,0.33393816195315307,0.382640309700014,0.30407492036241457,0.3755953271718195,0.36556357617832225,0.313050880887304,0.3348948034165935,0.3821257458981014,0.33393816195315307,0.382640309700014,0.30407492036241457,0.3755953271718195,0.36556357617832225,0.313050880887304,0.3348948034165935,0.3821257458981014,0.33393816195315307,0.382640309700014,0.30407492036241457,0.3755953271718195,0.36556357617832225,0.313050880887304,0.3348948034165935,0.3200675722901419,0.2999185335010971,0.28597087412753724,0.280757668195999,0.45951117634463773,0.3233041724422738,0.2767864445680649,0.3046870403250912,0.32093907241529296,0.29534013428832145,0.3042691628258985,0.2711435577617919,0.4320876223129337,0.37910351237704043,0.30827503689403507,0.2705195401851887,0.32093907241529296,0.29534013428832145,0.3042691628258985,0.2711435577617919,0.4320876223129337,0.37910351237704043,0.30827503689403507,0.2705195401851887
0.667363044901788,0.6913033949929636,0.6670821105622781,0.6511240789157391,0.6358132885025174,0.571162808296158,0.6326637666058291,0.5678531910318306,0.667363044901788,0.6913033949929636,0.6670821105622781,0.6511240789157391,0.6358132885025174,0.571162808296158,0.6326637666058291,0.5678531910318306,0.667363044901788,0.6913033949929636,0.6670821105622781,0.6511240789157391,0.6358132885025174,0.571162808296158,0.6326637666058291,0.5678531910318306,0.6194416103274918,0.5440071715191622,0.6308431294969619,0.6519329431250892,0.5643035470190895,0.5550271043361373,0.6381600476839614,0.573853973522813,0.6194416103274918,0.5440071715191622,0.6308431294969619,0.6519329431250892,0.5643035470190895,0.5550271043361373,0.6381600476839614,0.573853973522813,0.6194416103274918,0.5440071715191622,0.6308431294969619,0.6519329431250892,0.5643035470190895,0.5550271043361373,0.6381600476839614,0.573853973522813,0.5717336953311337,0.5765413146191202,0.5688010756811416,0.5719914720005619,0.5574338631278171,0.5270795699814183,0.5785132310060046,0.4937550808369729,0.5773063404583654,0.5754307667365562,0.5801379406770583,0.6085662932931367,0.5685386546324274,0.5760284145535063,0.572797280460417,0.5023470696945022,0.5773063404583654,0.5754307667365562,0.5801379406770583,0.6085662932931367,0.5685386546324274,0.5760284145535063,0.572797280460417,0.5023470696945022
0.6904464747356983,0.6240491824798069,0.6825287429179837,0.671000923406325,0.7261840127293924,0.7285437326240276,0.6942450300570671,0.7341979497528267,0.6904464747356983,0.6240491824798069,0.6825287429179837,0.671000923406325,0.7261840127293924,0.7285437326240276,0.6942450300570671,0.7341979497528267,0.6904464747356983,0.6240491824798069,0.6825287429179837,0.671000923406325,0.7261840127293924,0.7285437326240276,0.6942450300570671,0.7341979497528267,0.7608251278030155,0.7366387593642786,0.6972702502876991,0.682443372099532,0.7749379600068819,0.7813915838925609,0.7554287012191836,0.7239113986505209,0.7608251278030155,0.7366387593642786,0.6972702502876991,0.682443372099532,0.7749379600068819,0.7813915838925609,0.7554287012191836,0.7239113986505209,0.7608251278030155,0.7366387593642786,0.6972702502876991,0.682443372099532,0.7749379600068819,0.7813915838925609,0.7554287012191836,0.7239113986505209,0.7337738075300545,0.7769299874217985,0.7038750913396276,0.7413939374604871,0.7453769195982444,0.6917396878126498,0.8473701651228004,0.797374625231887,0.7306053688184171,0.8005527981086431,0.7262997643471929,0.71006243348368,0.7679331409515379,0.7312774617416784,0.8259133054204573,0.8103587826790635,0.7306053688184171,0.8005527981086431,0.7262997643471929,0.71006243348368,0.7679331409515379,0.7312774617416784,0.8259133054204573,0.8103587826790635
1.0201024358830184,0.9830090533947171,1.027085509021745,0.9611327320609492,0.8671621897447378,1.094819533145942,0.9895882234334836,0.9490922781413903,1.0201024358830184,0.9830090533947171,1.027085509021745,0.9611327320609492,0.8671621897447378,1.094819533145942,0.9895882234334836,0.9490922781413903,1.0201024358830184,0.9830090533947171,1.027085509021745,0.9611327320609492,0.8671621897447378,1.094819533145942,0.9895882234334836,0.9490922781413903,0.9491107349547874,0.8725214771782005,0.8553593780544305,0.8889095454401273,0.8941126124129588,0.9662495370357482,0.8771193262955737,0.8464498473074697,0.9491107349547874,0.8725214771782005,0.8553593780544305,0.8889095454401273,0.8941126124129588,0.9662495370357482,0.8771193262955737,0.8464498473074697,0.9491107349547874,0.8725214771782005,0.8553593780544305,0.8889095454401273,0.8941126124129588,0.9662495370357482,0.8771193262955737,0.8464498473074697,0.9683863830318925,0.9176402556307534,0.9990676416584509,1.001183642432942,1.0965339631697268,1.0355864156735115,0.8187769553913843,0.882145432257892,0.9530674846424145,0.9242269832928828,0.9739616326456452,0.9457288831913074,1.0114478806235159,0.7478649294757426,1.0330963292713728,0.8290321118256158,0.9530674846424145,0.9242269832928828,0.9739616326456452,0.9457288831913074,1.0114478806235159,0.7478649294757426,1.0330963292713728,0.8290321118256158
0.7540051526653766,0.7664384053717832,0.7538358051009372,0.7367800942442769,0.6932197637401812,0.5898734197241459,0.7926470778626403,0.6544146745333975,0.7540051526653766,0.7664384053717832,0.7538358051009372,0.7367800942442769,0.6932197637401812,0.5898734197241459,0.7926470778626403,0.6544146745333975,0.7540051526653766,0.7664384053717832,0.7538358051009372,0.7367800942442769,0.6932197637401812,0.5898734197241459,0.7926470778626403,0.6544146745333975,0.5912799538025284,0.6168808834400037,0.6161818152423149,0.5728913501948775,0.4427610078154143,0.576013076752309,0.5312390532809221,0.5310735324200933,0.5912799538025284,0.6168808834400037,0.6161818152423149,0.5728913501948775,0.4427610078154143,0.576013076752309,0.5312390532809221,0.5310735324200933,0.5912799538025284,0.6168808834400037,0.6161818152423149,0.5728913501948775,0.4427610078154143,0.576013076752309,0.5312390532809221,0.5310735324200933,0.5156987044084295,0.5590989165493278,0.5253113101997392,0.5169859496639339,0.5218932214099465,0.3788696409783346,0.46014247977720873,0.6141416471294084,0.46002760603133935,0.49497682845785856,0.4892685298182809,0.6053137337697049,0.4699154322214208,0.2949457184665711,0.5915994185838347,0.5401799258716721,0.46002760603133935,0.49497682845785856,0.4892685298182809,0.6053137337697049,0.4699154322214208,0.2949457184665711,0.5915994185838347,0.5401799258716721
0.4988739194206316,0.5147668765959695,0.4590334074928833,0.3808588371493719,0.5424821392497061,0.26360896290135377,0.5164257928736545,0.38254319717956764,0.4988739194206316,0.5147668765959695,0.4590334074928833,0.3808588371493719,0.5424821392497061,0.26360896290135377,0.5164257928736545,0.38254319717956764,0.4988739194206316,0.5147668765959695,0.4590334074928833,0.3808588371493719,0.5424821392497061,0.26360896290135377,0.5164257928736545,0.38254319717956764,0.43443695487863354,0.3399706041451156,0.3659638395290121,0.29823527111308623,0.37655680082628007,0.2602035585098788,0.24557937444619074,0.30772692439846366,0.43443695487863354,0.3399706041451156,0.3659638395290121,0.29823527111308623,0.37655680082628007,0.2602035585098788,0.24557937444619074,0.30772692439846366,0.43443695487863354,0.3399706041451156,0.3659638395290121,0.29823527111308623,0.37655680082628007,0.2602035585098788,0.24557937444619074,0.30772692439846366,0.2834488280030082,0.2511910302081764,0.3111702026523367,0.26702567998314847,0.3027306787277011,0.13132616593287152,0.15703441630235238,0.2202669998543306,0.22459240695294078,0.15949342996993415,0.20170266788586455,0.25103449374913533,0.3362055353457799,0.1973731899885878,0.17196009474939472,0.2596834564935096,0.22459240695294078,0.15949342996993415,0.20170266788586455,0.25103449374913533,0.3362055353457799,0.1973731899885878,0.17196009474939472,0.2596834564935096
0.8920296271261381,0.8207983506383375,0.9056307421554912,0.8212659944788491,1.0741001200685127,1.0593247568827011,1.0083342467622844,1.0166823599748254,0.8920296271261381,0.8207983506383375,0.9056307421554912,0.8212659944788491,1.0741001200685127,1.0593247568827011,1.0083342467622844,1.0166823599748254,0.8920296271261381,0.8207983506383375,0.9056307421554912,0.8212659944788491,1.0741001200685127,1.0593247568827011,1.0083342467622844,1.0166823599748254,0.9433844601766396,1.089576738846465,1.039595379250839,1.0420470369159218,0.9320613330010726,1.0634541169484277,1.1254879954698607,1.2385592165143586,0.9433844601766396,1.089576738846465,1.039595379250839,1.0420470369159218,0.9320613330010726,1.0634541169484277,1.1254879954698607,1.2385592165143586,0.9433844601766396,1.089576738846465,1.039595379250839,1.0420470369159218,0.9320613330010726,1.0634541169484277,1.1254879954698607,1.2385592165143586,1.3486291826265313,1.4669744739835964,1.1251380059573601,1.256905932943842,0.9904702340098338,1.9524675724539806,1.3361962797710978,1.2902264783890034,1.1823343469904597,1.3514049445559493,1.1903392285581573,1.2915093349704128,0.8804016636273971,1.6150547608902057,1.234000985212507,1.0464206324036276,1.1823343469904597,1.3514049445559493,1.1903392285581573,1.2915093349704128,0.8804016636273971,1.6150547608902057,1.234000985212507,1.0464206324036276
0.8237123960114878,0.8564887253866482,0.773783035683184,0.7495880019506249,0.9427519015166401,0.8587662461631526,0.8024403810974988,0.8298630673110982,0.8237123960114878,0.8564887253866482,0.773783035683184,0.7495880019506249,0.9427519015166401,0.8587662461631526,0.8024403810974988,0.8298630673110982,0.8237123960114878,0.8564887253866482,0.773783035683184,0.7495880019506249,0.9427519015166401,0.8587662461631526,0.8024403810974988,0.8298630673110982,0.943603029153744,0.797299578482897,0.8160340664210542,0.8965373361454502,0.7803363546066734,0.7781912573324024,0.929587208798492,0.9632915500751764,0.943603029153744,0.797299578482897,0.8160340664210542,0.8965373361454502,0.7803363546066734,0.7781912573324024,0.929587208798492,0.9632915500751764,0.943603029153744,0.797299578482897,0.8160340664210542,0.8965373361454502,0.7803363546066734,0.7781912573324024,0.929587208798492,0.9632915500751764,0.9259713890602868,0.8926768320189051,0.8792926670028086,0.8335411444447534,1.0140889943501024,0.8107396884988016,0.5805764239546575,0.6185513012804494,0.8497638168299078,0.9376679640706224,0.9489511465302035,0.8811331315468914,0.8728674402483723,0.8685917465640559,1.1591550704161644,0.7376640549657746,0.8497638168299078,0.9376679640706224,0.9489511465302035,0.8811331315468914,0.8728674402483723,0.8685917465640559,1.1591550704161644,0.7376640549657746
2.7924810890245926,2.8875387132561703,2.7256938334473437,2.961404245425581,2.6440402339982203,2.9261160777806046,2.533016546373568,2.8630983944238793,2.7924810890245926,2.8875387132561703,2.7256938334473437,2.961404245425581,2.6440402339982203,2.9261160777806046,2.533016546373568,2.8630983944238793,2.7924810890245926,2.8875387132561703,2.7256938334473437,2.961404245425581,2.6440402339982203,2.9261160777806046,2.533016546373568,2.8630983944238793,2.8133676788560824,2.7239596952174554,2.615170665458593,2.7318182750680164,2.7536008980615407,3.0007253195606074,2.8021419470797446,2.7503801205395333,2.8133676788560824,2.7239596952174554,2.615170665458593,2.7318182750680164,2.7536008980615407,3.0007253195606074,2.8021419470797446,2.7503801205395333,2.8133676788560824,2.7239596952174554,2.615170665458593,2.7318182750680164,2.7536008980615407,3.0007253195606074,2.8021419470797446,2.7503801205395333,2.471079281622374,2.6233031563521934,2.609910894973136,2.521458035817033,2.722624022434618,2.294833791790904,3.058902226012729,2.394088459377476,2.3540832863238563,2.657282739106356,2.6007662196479284,2.3039297418391738,2.6232317310043727,2.5474957861479988,3.093864263083646,2.333395071238966,2.3540832863238563,2.657282739106356,2.6007662196479284,2.3039297418391738,2.6232317310043727,2.5474957861479988,3.093864263083646,2.333395071238966
0.27967887093182753,0.24534220263217485,0.2843408111049658,0.2435538870079657,0.23338415582898056,0.2049084983848513,0.22909516532581642,0.1977625142268293,0.27967887093182753,0.24534220263217485,0.2843408111049658,0.2435538870079657,0.23338415582898056,0.2049084983848513,0.22909516532581642,0.1977625142268293,0.27967887093182753,0.24534220263217485,0.2843408111049658,0.2435538870079657,0.23338415582898056,0.2049084983848513,0.22909516532581642,0.1977625142268293,0.12670007475794226,0.11109533622805581,0.17074989279199984,0.1157599041320662,0.06221505305497771,0.06701851485553537,0.1477352837425212,0.06640027182924077,0.12670007475794226,0.11109533622805581,0.17074989279199984,0.1157599041320662,0.06221505305497771,0.06701851485553537,0.1477352837425212,0.06640027182924077,0.12670007475794226,0.11109533622805581,0.17074989279199984,0.1157599041320662,0.06221505305497771,0.06701851485553537,0.1477352837425212,0.06640027182924077,0.09416723446167338,0.03945384394065703,0.21308744978277566,0.0851733464207087,0.11114649254399052,0.03434480368219617,0.08623483195779294,0.05364976575087259,0.11433307234039473,0.040928573275462704,0.08936773030787296,0.07206479959915224,0.07350611466749764,0.11515569102351156,0.1229452723298611,0.05536972564253513,0.11433307234039473,0.040928573275462704,0.08936773030787296,0.07206479959915224,0.07350611466749764,0.11515569102351156,0.1229452723298611,0.05536972564253513
1.0796736476721576,1.1770940188858683,1.077456816023457,1.1125920785444907,1.0661806729226606,1.0635213654837892,1.023648101472477,1.121669110223848,1.0796736476721576,1.1770940188858683,1.077456816023457,1.1125920785444907,1.0661806729226606,1.0635213654837892,1.023648101472477,1.121669110223848,1.0796736476721576,1.1770940188858683,1.077456816023457,1.1125920785444907,1.0661806729226606,1.0635213654837892,1.023648101472477,1.121669110223848,1.1059150243089584,1.0378692679840646,0.969729100698788,0.9746204537191362,0.9883027711294685,0.8514484162318683,1.0996092997122617,1.3013283767659691,1.1059150243089584,1.0378692679840646,0.969729100698788,0.9746204537191362,0.9883027711294685,0.8514484162318683,1.0996092997122617,1.3013283767659691,1.1059150243089584,1.0378692679840646,0.969729100698788,0.9746204537191362,0.9883027711294685,0.8514484162318683,1.0996092997122617,1.3013283767659691,0.9289724480932948,1.198920340156529,1.0178106921555836,1.1443466569435456,1.428153408946405,1.2281456742134584,1.4397484785799999,1.0574412395697756,1.0511607674980874,1.0719106414096475,1.3638052324630212,0.9653428232301081,0.9370407317335365,1.4864954757206685,1.7115894635866187,1.4392129224102876,1.0511607674980874,1.0719106414096475,1.3638052324630212,0.9653428232301081,0.9370407317335365,1.4864954757206685,1.7115894635866187,1.4392129224102876
2.3480204532262263,2.358333009621774,2.421291529465468,2.304042525804135,2.311257715166613,2.659641473954235,2.170718410544804,2.2152655754182784,2.3480204532262263,2.358333009621774,2.421291529465468,2.304042525804135,2.311257715166613,2.659641473954235,2.170718410544804,2.2152655754182784,2.3480204532262263,2.358333009621774,2.421291529465468,2.304042525804135,2.311257715166613,2.659641473954235,2.170718410544804,2.2152655754182784,2.642654328431853,2.162997678260491,2.0195585893593844,2.1029150738915514,2.089731918272828,2.307216953524382,2.226311313607651,1.690813876152288,2.642654328431853,2.162997678260491,2.0195585893593844,2.1029150738915514,2.089731918272828,2.307216953524382,2.226311313607651,1.690813876152288,2.642654328431853,2.162997678260491,2.0195585893593844,2.1029150738915514,2.089731918272828,2.307216953524382,2.226311313607651,1.690813876152288,2.121588791828699,2.3751695318289427,2.5354687071182926,2.2691249536620357,3.336907814951259,3.3161002678168074,1.983774476402253,1.9561582666406503,2.5931819695905425,2.139587911182235,2.2286090372141705,2.1265010744461783,3.254127929622146,3.3906075495214667,2.0999812655781813,2.066180638087749,2.5931819695905425,2.139587911182235,2.2286090372141705,2.1265010744461783,3.254127929622146,3.3906075495214667,2.0999812655781813,2.066180638087749
1.0509115616523939,1.123735768875943,1.1087623424145578,1.06139905641439,1.0669422553381074,1.3676721465859252,1.0772976694353258,0.916792889136015,1.0509115616523939,1.123735768875943,1.1087623424145578,1.06139905641439,1.0669422553381074,1.3676721465859252,1.0772976694353258,0.916792889136015,1.0509115616523939,1.123735768875943,1.1087623424145578,1.06139905641439,1.0669422553381074,1.3676721465859252,1.0772976694353258,0.916792889136015,0.8991704808209718,0.8159941415197424,0.8071004409304104,0.8941663917917303,0.9852031526077721,0.8782159619017639,0.8685835299576921,0.8645889791495134,0.8991704808209718,0.8159941415197424,0.8071004409304104,0.8941663917917303,0.9852031526077721,0.8782159619017639,0.8685835299576921,0.8645889791495134,0.8991704808209718,0.8159941415197424,0.8071004409304104,0.8941663917917303,0.9852031526077721,0.8782159619017639,0.8685835299576921,0.8645889791495134,0.8815283469437327,0.8632401182417023,0.9721155317025838,0.7390287765627593,0.6567329632613624,0.7009798143306764,0.7606278152866048,0.8094562482430522,0.8369085104998967,0.9104923102065358,0.8953545270705362,0.7689560234278249,0.7845924856440596,0.7732742162625913,0.8870223655618766,0.6126430498682388,0.8369085104998967,0.9104923102065358,0.8953545270705362,0.7689560234278249,0.7845924856440596,0.7732742162625913,0.8870223655618766,0.6126430498682388
3.3202117715952486,3.3379199069432617,3.3227346308465946,3.206741362998183,5.15167456600092,4.900669431220019,4.605951810213814,4.526250967138505,3.3202117715952486,3.3379199069432617,3.3227346308465946,3.206741362998183,5.15167456600092,4.900669431220019,4.605951810213814,4.526250967138505,3.3202117715952486,3.3379199069432617,3.3227346308465946,3.206741362998183,5.15167456600092,4.900669431220019,4.605951810213814,4.526250967138505,3.9603537542143683,5.059621210776512,4.049495993404679,4.065854461500259,3.507218263734551,3.338993881226916,4.669289043399707,4.397942114614753,3.9603537542143683,5.059621210776512,4.049495993404679,4.065854461500259,3.507218263734551,3.338993881226916,4.669289043399707,4.397942114614753,3.9603537542143683,5.059621210776512,4.049495993404679,4.065854461500259,3.507218263734551,3.338993881226916,4.669289043399707,4.397942114614753,3.701894212179937,5.146198325898012,3.1134407986740125,3.559130819126557,2.903267800643425,4.245051142216924,3.613111836154019,3.6314012139346423,4.704021931096919,3.986690399413592,3.9235335395412085,3.5284595015114206,4.273032238351679,5.0908454481757035,2.7442197072279364,3.0125628250730325,4.704021931096919,3.986690399413592,3.9235335395412085,3.5284595015114206,4.273032238351679,5.0908454481757035,2.7442197072279364,3.0125628250730325
0.4183396498077781,0.38482939954606593,0.42691660603565884,0.36873415098792073,0.7935582167590051,1.011351897406411,0.6730279894246315,1.143839374271699,0.4183396498077781,0.38482939954606593,0.42691660603565884,0.36873415098792073,0.7935582167590051,1.011351897406411,0.6730279894246315,1.143839374271699,0.4183396498077781,0.38482939954606593,0.42691660603565884,0.36873415098792073,0.7935582167590051,1.011351897406411,0.6730279894246315,1.143839374271699,0.5191303311498705,0.8508739393347229,0.6144378515149508,1.1696516150633818,0.9502557227830355,1.7122809312723968,0.8830347657698298,0.9517577752039643,0.5191303311498705,0.8508739393347229,0.6144378515149508,1.1696516150633818,0.9502557227830355,1.7122809312723968,0.8830347657698298,0.9517577752039643,0.5191303311498705,0.8508739393347229,0.6144378515149508,1.1696516150633818,0.9502557227830355,1.7122809312723968,0.8830347657698298,0.9517577752039643,0.45708231514161035,0.6496623346226725,0.2788671991832093,0.8041808755305269,0.38424369531352637,1.0413503835839968,0.2993528681080005,0.9883270561812431,0.646719175327769,0.6557422291716704,0.458339162417397,0.465022033476681,0.3646645530285291,0.9554255705480267,0.6846505846494194,0.6432310131479281,0.646719175327769,0.6557422291716704,0.458339162417397,0.465022033476681,0.3646645530285291,0.9554255705480267,0.6846505846494194,0.6432310131479281
1.141303017203348,1.1153586907677704,1.106229134053932,1.0778476604156602,1.5923435035138214,1.7345044956172577,1.5391419989654682,1.6040016914180513,1.141303017203348,1.1153586907677704,1.106229134053932,1.0778476604156602,1.5923435035138214,1.7345044956172577,1.5391419989654682,1.6040016914180513,1.141303017203348,1.1153586907677704,1.106229134053932,1.0778476604156602,1.5923435035138214,1.7345044956172577,1.5391419989654682,1.6040016914180513,1.010618664498188,1.4548633829963133,1.0992428567976806,1.321455919063253,1.713425876370173,2.10460990895135,0.9445630162931412,1.195262472807337,1.010618664498188,1.4548633829963133,1.0992428567976806,1.321455919063253,1.713425876370173,2.10460990895135,0.9445630162931412,1.195262472807337,1.010618664498188,1.4548633829963133,1.0992428567976806,1.321455919063253,1.713425876370173,2.10460990895135,0.9445630162931412,1.195262472807337,1.0640367346428306,0.9373741489771783,0.8417847639609181,0.799054013048972,1.3040428621817302,1.063617044214449,0.8962711296047638,0.7292161873954622,1.0236556229665983,1.055998764806527,1.0249736719829714,0.7861763356788608,1.864021869816888,1.0297060423324942,0.6863110992315496,1.887867620683694,1.0236556229665983,1.055998764806527,1.0249736719829714,0.7861763356788608,1.864021869816888,1.0297060423324942,0.6863110992315496,1.887867620683694
1.6405733894234167,1.5719930989398796,1.564628963735727,1.5801346292839116,1.5534434876894634,1.5978173485866787,1.6839123717479831,1.5601452353098777,1.6405733894234167,1.5719930989398796,1.564628963735727,1.5801346292839116,1.5534434876894634,1.5978173485866787,1.6839123717479831,1.5601452353098777,1.6405733894234167,1.5719930989398796,1.564628963735727,1.5801346292839116,1.5534434876894634,1.5978173485866787,1.6839123717479831,1.5601452353098777,1.0669174566560722,1.4322064162341368,1.476875801759858,1.5241375570460471,1.134343482198604,1.071831562333497,1.729604240903184,1.3289951323099503,1.0669174566560722,1.4322064162341368,1.476875801759858,1.5241375570460471,1.134343482198604,1.071831562333497,1.729604240903184,1.3289951323099503,1.0669174566560722,1.4322064162341368,1.476875801759858,1.5241375570460471,1.134343482198604,1.071831562333497,1.729604240903184,1.3289951323099503,1.4725325119134123,1.5125813395934509,2.8093804717796735,1.7859734188031837,1.676640888703984,1.9560040681117954,2.02011621628531,2.123287842387946,1.5761353322310165,1.5069627299201442,1.802613858551031,1.8107716549689847,1.1024310856432282,1.3572729223806705,1.316313074672122,2.3423703335194825,1.5761353322310165,1.5069627299201442,1.802613858551031,1.8107716549689847,1.1024310856432282,1.3572729223806705,1.316313074672122,2.3423703335194825
2.871737673842603,2.9215808242821915,2.838728712807604,2.927486511132159,2.9634605793496633,3.4614719256929507,2.3744171850397886,2.741743691413951,2.871737673842603,2.9215808242821915,2.838728712807604,2.927486511132159,2.9634605793496633,3.4614719256929507,2.3744171850397886,2.741743691413951,2.871737673842603,2.9215808242821915,2.838728712807604,2.927486511132159,2.9634605793496633,3.4614719256929507,2.3744171850397886,2.741743691413951,2.601922070681392,2.4172550258570276,1.9192134422303713,2.0306438326314,1.7173143904448331,1.7049755318465047,2.3150605426675672,1.4041170146770179,2.601922070681392,2.4172550258570276,1.9192134422303713,2.0306438326314,1.7173143904448331,1.7049755318465047,2.3150605426675672,1.4041170146770179,2.601922070681392,2.4172550258570276,1.9192134422303713,2.0306438326314,1.7173143904448331,1.7049755318465047,2.3150605426675672,1.4041170146770179,2.04643907990259,1.1510923636692956,1.5457249456508457,1.6320101994260172,1.425794328384746,2.6201961409562777,1.0388606787884143,1.0885255614719078,1.7815581448092137,1.436844991648693,1.715922659799091,1.4419172694749223,1.5371725252009585,0.5321905801887135,0.951483420015356,1.4020048588355059,1.7815581448092137,1.436844991648693,1.715922659799091,1.4419172694749223,1.5371725252009585,0.5321905801887135,0.951483420015356,1.4020048588355059
0.29719480715986996,0.3267378365806343,0.3159178476201999,0.305190415255342,0.2554261567243551,0.2492029787253789,0.22482777238150262,0.2593506380282346,0.29719480715986996,0.3267378365806343,0.3159178476201999,0.305190415255342,0.2554261567243551,0.2492029787253789,0.22482777238150262,0.2593506380282346,0.29719480715986996,0.3267378365806343,0.3159178476201999,0.305190415255342,0.2554261567243551,0.2492029787253789,0.22482777238150262,0.2593506380282346,0.23419368836915208,0.240317882120354,0.26871320701156615,0.2059692863835542,0.30160674386317216,0.23335652853312183,0.2456481759552108,0.27936847181207203,0.23419368836915208,0.240317882120354,0.26871320701156615,0.2059692863835542,0.30160674386317216,0.23335652853312183,0.2456481759552108,0.27936847181207203,0.23419368836915208,0.240317882120354,0.26871320701156615,0.2059692863835542,0.30160674386317216,0.23335652853312183,0.2456481759552108,0.27936847181207203,0.20272139812455697,0.2283359418266175,0.2081243254673306,0.18428290407578074,0.21371246992865464,0.22614555076000567,0.16035056816402452,0.340555064408981,0.17783313148264068,0.24068623768205663,0.2106685553588123,0.24988383932273553,0.24577920175706505,0.3072695208936385,0.30518581796696437,0.39291150121791396,0.17783313148264068,0.24068623768205663,0.2106685553588123,0.24988383932273553,0.24577920175706505,0.3072695208936385,0.30518581796696437,0.39291150121791396
1.7446708526175414,1.7147874052165903,1.6941908414967677,1.8117533515673923,1.9948470991780278,1.996232630653236,2.1544155278675263,2.109295529342147,1.7446708526175414,1.7147874052165903,1.6941908414967677,1.8117533515673923,1.9948470991780278,1.996232630653236,2.1544155278675263,2.109295529342147,1.7446708526175414,1.7147874052165903,1.6941908414967677,1.8117533515673923,1.9948470991780278,1.996232630653236,2.1544155278675263,2.109295529342147,1.9678437859636257,2.0943118242869176,2.1644941789327357,2.541746470629899,3.180186560312986,3.3123285368130353,2.884054458994483,2.8620455600431813,1.9678437859636257,2.0943118242869176,2.1644941789327357,2.541746470629899,3.180186560312986,3.3123285368130353,2.884054458994483,2.8620455600431813,1.9678437859636257,2.0943118242869176,2.1644941789327357,2.541746470629899,3.180186560312986,3.3123285368130353,2.884054458994483,2.8620455600431813,2.201878437197362,2.7979345474123805,2.504804869169725,2.4533420169327527,2.4976614857885857,2.1823356092873554,1.7730091899512264,3.7182772863701516,2.515365235015584,2.7306936968517923,2.211553955597977,2.483662811036447,2.2550066454226974,2.476403651795759,3.2135859606673063,2.292289225317567,2.515365235015584,2.7306936968517923,2.211553955597977,2.483662811036447,2.2550066454226974,2.476403651795759,3.2135859606673063,2.292289225317567
0.7997076168380195,0.7063503631354238,0.7524828603060474,0.7692578589345913,0.7845180005343353,0.8078303093908126,0.7770958808902069,0.6981288604933625,0.7997076168380195,0.7063503631354238,0.7524828603060474,0.7692578589345913,0.7845180005343353,0.8078303093908126,0.7770958808902069,0.6981288604933625,0.7997076168380195,0.7063503631354238,0.7524828603060474,0.7692578589345913,0.7845180005343353,0.8078303093908126,0.7770958808902069,0.6981288604933625,0.6258237912277567,0.6541977516800576,0.6659749301987471,0.6388297885363994,0.6437968109924966,0.5218685763313448,0.651118180737568,0.6937370793837845,0.6258237912277567,0.6541977516800576,0.6659749301987471,0.6388297885363994,0.6437968109924966,0.5218685763313448,0.651118180737568,0.6937370793837845,0.6258237912277567,0.6541977516800576,0.6659749301987471,0.6388297885363994,0.6437968109924966,0.5218685763313448,0.651118180737568,0.6937370793837845,0.7230827408437764,0.6046224597266019,0.7555140362270063,0.6785975259999081,0.6309786142253749,0.6716070668001153,0.5817576327936435,0.7674465828796925,0.6639704623083915,0.6536585655753911,0.6310477501885988,0.7498186325786822,0.6916054886741909,0.533939477485728,0.6072256677022312,0.769894816884908,0.6639704623083915,0.6536585655753911,0.6310477501885988,0.7498186325786822,0.6916054886741909,0.533939477485728,0.6072256677022312,0.769894816884908
0.6691218027384457,0.5588641822929926,0.6174886810630437,0.6164190187497252,0.7495950738055269,0.6005198660881986,0.6371186799644272,0.5912237060600606,0.6691218027384457,0.5588641822929926,0.6174886810630437,0.6164190187497252,0.7495950738055269,0.6005198660881986,0.6371186799644272,0.5912237060600606,0.6691218027384457,0.5588641822929926,0.6174886810630437,0.6164190187497252,0.7495950738055269,0.6005198660881986,0.6371186799644272,0.5912237060600606,0.5757675674555928,0.5155371721286625,0.571162781177712,0.530188437688208,0.4827134276024851,0.5687405695985728,0.5515686774508215,0.5112844778363133,0.5757675674555928,0.5155371721286625,0.571162781177712,0.530188437688208,0.4827134276024851,0.5687405695985728,0.5515686774508215,0.5112844778363133,0.5757675674555928,0.5155371721286625,0.571162781177712,0.530188437688208,0.4827134276024851,0.5687405695985728,0.5515686774508215,0.5112844778363133,0.5769219562604436,0.48916353476559044,0.5935839716842126,0.4714755377721647,0.5586253248468778,0.5306534857568186,0.6493889809289526,0.5556382224045192,0.5923824100477367,0.48756040320214655,0.5580045234712846,0.49579198332619157,0.6512943526966909,0.6390442293395152,0.6064239828243474,0.5553031165792838,0.5923824100477367,0.48756040320214655,0.5580045234712846,0.49579198332619157,0.6512943526966909,0.6390442293395152,0.6064239828243474,0.5553031165792838
0.2910438246847069,0.2741972144274228,0.3688226295920433,0.2721604851282427,0.34153908513541786,0.3287041211332816,0.32861228167582984,0.2972907557350725,0.2910438246847069,0.2741972144274228,0.3688226295920433,0.2721604851282427,0.34153908513541786,0.3287041211332816,0.32861228167582984,0.2972907557350725,0.2910438246847069,0.2741972144274228,0.3688226295920433,0.2721604851282427,0.34153908513541786,0.3287041211332816,0.32861228167582984,0.2972907557350725,0.29091708359656643,0.32385422894772764,0.32573610225746863,0.25588683491052006,0.36319200324407425,0.2577987234661608,0.4263357979136368,0.3055797933612758,0.29091708359656643,0.32385422894772764,0.32573610225746863,0.25588683491052006,0.36319200324407425,0.2577987234661608,0.4263357979136368,0.3055797933612758,0.29091708359656643,0.32385422894772764,0.32573610225746863,0.25588683491052006,0.36319200324407425,0.2577987234661608,0.4263357979136368,0.3055797933612758,0.30541057096486585,0.26652528784933377,0.31147625035446985,0.2729581346423108,0.3609347336696645,0.3179546573342425,0.36122561442775813,0.4788623725401974,0.37047517786229556,0.26237516547604317,0.3564688166675792,0.27194833672202007,0.4458824390989989,0.5863965709071098,0.4066947636343673,0.6216452106600225,0.37047517786229556,0.26237516547604317,0.3564688166675792,0.27194833672202007,0.4458824390989989,0.5863965709071098,0.4066947636343673,0.6216452106600225
0.6077346996814351,0.606779354473073,0.7024656074145281,0.5730764349437761,0.6162124790919258,0.653650495902653,0.5442717345657735,0.4878480200853687,0.6077346996814351,0.606779354473073,0.7024656074145281,0.5730764349437761,0.6162124790919258,0.653650495902653,0.5442717345657735,0.4878480200853687,0.6077346996814351,0.606779354473073,0.7024656074145281,0.5730764349437761,0.6162124790919258,0.653650495902653,0.5442717345657735,0.4878480200853687,0.6319791580667985,0.527737622395343,0.5776435613661979,0.5262347531281438,0.4847290747836865,0.5698489466996709,0.48371133262499394,0.44457486848086264,0.6319791580667985,0.527737622395343,0.5776435613661979,0.5262347531281438,0.4847290747836865,0.5698489466996709,0.48371133262499394,0.44457486848086264,0.6319791580667985,0.527737622395343,0.5776435613661979,0.5262347531281438,0.4847290747836865,0.5698489466996709,0.48371133262499394,0.44457486848086264,0.553822871835204,0.4754662586450424,0.4619784258051231,0.4024871042070872,0.5596282228453263,0.4313146414978925,0.3826673945321632,0.3248880113529935,0.46773224861881385,0.43549031577037084,0.5736840425711779,0.4358886472385855,0.49959439310931986,0.49817280853615903,0.37344269694196885,0.5368082648583886,0.46773224861881385,0.43549031577037084,0.5736840425711779,0.4358886472385855,0.49959439310931986,0.49817280853615903,0.37344269694196885,0.5368082648583886
0.5600648339395945,0.6164227252693802,0.6027797362556303,0.5816283878078388,0.5998187376486221,0.4751406055406522,0.5766305240534807,0.4556351542969875,0.5600648339395945,0.6164227252693802,0.6027797362556303,0.5816283878078388,0.5998187376486221,0.4751406055406522,0.5766305240534807,0.4556351542969875,0.5600648339395945,0.6164227252693802,0.6027797362556303,0.5816283878078388,0.5998187376486221,0.4751406055406522,0.5766305240534807,0.4556351542969875,0.5379027691521562,0.4988907547752704,0.43856476510829645,0.3977931334621779,0.5619319186821404,0.4334500685165756,0.46498310255028436,0.49407636650749637,0.5379027691521562,0.4988907547752704,0.43856476510829645,0.3977931334621779,0.5619319186821404,0.4334500685165756,0.46498310255028436,0.49407636650749637,0.5379027691521562,0.4988907547752704,0.43856476510829645,0.3977931334621779,0.5619319186821404,0.4334500685165756,0.46498310255028436,0.49407636650749637,0.3259973619612549,0.39481747432116604,0.3187681613898523,0.38219202537127206,0.44788278647044405,0.3521692632860924,0.5731087810362746,0.38241140636492615,0.3282061170458465,0.2889471367091037,0.40511827822386476,0.3469539778219303,0.30899763535072955,0.26265859352438253,0.2010027650716855,0.2292190406991703,0.3282061170458465,0.2889471367091037,0.40511827822386476,0.3469539778219303,0.30899763535072955,0.26265859352438253,0.2010027650716855,0.2292190406991703
0.48513180833716013,0.5198326128116972,0.5138662726881204,0.48003152195572546,0.525713342918185,0.4190707124219454,0.4543426384871853,0.43727097300277884,0.48513180833716013,0.5198326128116972,0.5138662726881204,0.48003152195572546,0.525713342918185,0.4190707124219454,0.4543426384871853,0.43727097300277884,0.48513180833716013,0.5198326128116972,0.5138662726881204,0.48003152195572546,0.525713342918185,0.4190707124219454,0.4543426384871853,0.43727097300277884,0.386025835428011,0.4263428317890871,0.39877452828116755,0.36146675759937413,0.4511716842379467,0.4547904828931995,0.3015329464093666,0.47411035959003767,0.386025835428011,0.4263428317890871,0.39877452828116755,0.36146675759937413,0.4511716842379467,0.4547904828931995,0.3015329464093666,0.47411035959003767,0.386025835428011,0.4263428317890871,0.39877452828116755,0.36146675759937413,0.4511716842379467,0.4547904828931995,0.3015329464093666,0.47411035959003767,0.35489762594117885,0.41400206726858185,0.3988195730944417,0.44873168272545144,0.4329552012757505,0.3405926902596296,0.694125670191114,0.48656684044687726,0.27234236281600177,0.5198088998684973,0.4020883401459796,0.38632390604014805,0.30771530158806093,0.5501999182105,0.3665279912388288,0.4218678894848348,0.27234236281600177,0.5198088998684973,0.4020883401459796,0.38632390604014805,0.30771530158806093,0.5501999182105,0.3665279912388288,0.4218678894848348
0.3633249269154865,0.3706679365690425,0.3457051695214953,0.33635293192466476,0.365485765116099,0.3028605558178086,0.3615025668110086,0.3376957912271644,0.3633249269154865,0.3706679365690425,0.3457051695214953,0.33635293192466476,0.365485765116099,0.3028605558178086,0.3615025668110086,0.3376957912271644,0.3633249269154865,0.3706679365690425,0.3457051695214953,0.33635293192466476,0.365485765116099,0.3028605558178086,0.3615025668110086,0.3376957912271644,0.3048693615306724,0.2980886809614872,0.31598108995424606,0.31625583913924504,0.41006990494097006,0.289521767107725,0.34180495015789497,0.3319137427212994,0.3048693615306724,0.2980886809614872,0.31598108995424606,0.31625583913924504,0.41006990494097006,0.289521767107725,0.34180495015789497,0.3319137427212994,0.3048693615306724,0.2980886809614872,0.31598108995424606,0.31625583913924504,0.41006990494097006,0.289521767107725,0.34180495015789497,0.3319137427212994,0.28700781935906766,0.30350794984840246,0.29979369715644083,0.2602590869533412,0.2738507010097125,0.3062735504394984,0.36911369682968437,0.3414087792340363,0.37763334811077376,0.27396591637589285,0.3140624838993202,0.27513918903535733,0.2837775937570935,0.2576215994032926,0.29508843868349954,0.2096726252309827,0.37763334811077376,0.27396591637589285,0.3140624838993202,0.27513918903535733,0.2837775937570935,0.2576215994032926,0.29508843868349954,0.2096726252309827
0.7423586708605031,0.7252725084638768,0.7254238145478975,0.7022333694380095,0.7944983972567398,0.7730194697249468,0.7567827496449632,0.6935770107975234,0.7423586708605031,0.7252725084638768,0.7254238145478975,0.7022333694380095,0.7944983972567398,0.7730194697249468,0.7567827496449632,0.6935770107975234,0.7423586708605031,0.7252725084638768,0.7254238145478975,0.7022333694380095,0.7944983972567398,0.7730194697249468,0.7567827496449632,0.6935770107975234,0.6313958618456103,0.8218884156173352,0.6448521210194536,0.7599595513745695,0.8633327686625858,0.6680188338560737,0.7051034656332641,0.6565005498778256,0.6313958618456103,0.8218884156173352,0.6448521210194536,0.7599595513745695,0.8633327686625858,0.6680188338560737,0.7051034656332641,0.6565005498778256,0.6313958618456103,0.8218884156173352,0.6448521210194536,0.7599595513745695,0.8633327686625858,0.6680188338560737,0.7051034656332641,0.6565005498778256,0.6797493688267645,0.7571695232875899,0.6347894874152882,0.6258473012863285,0.6204389154198998,0.703644336964439,0.6943369409209954,0.6457428004387835,0.6382658205396332,0.7244134029018159,0.6573466754429267,0.5972286674572038,0.764380241465116,0.6169643878127928,0.5867312226538522,0.7344305437199918,0.6382658205396332,0.7244134029018159,0.6573466754429267,0.5972286674572038,0.764380241465116,0.6169643878127928,0.5867312226538522,0.7344305437199918
1.6510843210207427,1.673379758274054,1.6440998380392813,1.5356192989266462,1.7820358915276309,1.5390071008919715,1.775669815903425,1.4266589362163007,1.6510843210207427,1.673379758274054,1.6440998380392813,1.5356192989266462,1.7820358915276309,1.5390071008919715,1.775669815903425,1.4266589362163007,1.6510843210207427,1.673379758274054,1.6440998380392813,1.5356192989266462,1.7820358915276309,1.5390071008919715,1.775669815903425,1.4266589362163007,1.839691615868706,1.8723460198359152,1.9480835522792064,1.585293882700006,1.7077318422718837,1.1399714064685706,1.1137120079632037,0.8598268771100246,1.839691615868706,1.8723460198359152,1.9480835522792064,1.585293882700006,1.7077318422718837,1.1399714064685706,1.1137120079632037,0.8598268771100246,1.839691615868706,1.8723460198359152,1.9480835522792064,1.585293882700006,1.7077318422718837,1.1399714064685706,1.1137120079632037,0.8598268771100246,1.6116259025288102,1.478735263584268,1.5985605260505482,1.170964795086825,1.251318070202353,2.249681039487475,1.6367601774368765,1.104234809134045,1.4354337251449483,1.978760169650549,1.8947127784698554,1.0151770372079452,1.6636605796829298,2.527205643702706,1.5820637264420219,1.028296503681228,1.4354337251449483,1.978760169650549,1.8947127784698554,1.0151770372079452,1.6636605796829298,2.527205643702706,1.5820637264420219,1.028296503681228
0.647754930887468,0.6601890617225515,0.6093998509561576,0.634834617247337,0.7308241633571588,0.7751550714119863,0.6277130775756203,0.5821162709108655,0.647754930887468,0.6601890617225515,0.6093998509561576,0.634834617247337,0.7308241633571588,0.7751550714119863,0.6277130775756203,0.5821162709108655,0.647754930887468,0.6601890617225515,0.6093998509561576,0.634834617247337,0.7308241633571588,0.7751550714119863,0.6277130775756203,0.5821162709108655,0.724966133401715,0.7332549160547465,0.7084694993133097,0.5303209813287281,0.8253433020327041,0.730129952998794,0.6067131384029814,0.6942473474339003,0.724966133401715,0.7332549160547465,0.7084694993133097,0.5303209813287281,0.8253433020327041,0.730129952998794,0.6067131384029814,0.6942473474339003,0.724966133401715,0.7332549160547465,0.7084694993133097,0.5303209813287281,0.8253433020327041,0.730129952998794,0.6067131384029814,0.6942473474339003,0.692339903813535,0.9234443960980987,1.0242639923493533,0.7261265994248032,0.7403564403869556,1.0631787252793807,1.0684628970934427,1.3732021571930948,0.8410798646177547,0.6693291276066256,0.6792907700265657,0.6811006277549765,1.3064411542181136,0.7103276613819645,0.4671557387896584,1.3075252304038654,0.8410798646177547,0.6693291276066256,0.6792907700265657,0.6811006277549765,1.3064411542181136,0.7103276613819645,0.4671557387896584,1.3075252304038654
1.8515156152191232,1.7669520175300035,1.9049488486010084,1.876860965983995,1.5987043388276674,1.5974196708069415,1.592507404350171,1.532392833059777,1.8515156152191232,1.7669520175300035,1.9049488486010084,1.876860965983995,1.5987043388276674,1.5974196708069415,1.592507404350171,1.532392833059777,1.8515156152191232,1.7669520175300035,1.9049488486010084,1.876860965983995,1.5987043388276674,1.5974196708069415,1.592507404350171,1.532392833059777,1.2720183293334846,1.551893712865099,1.403274829173855,1.161918040918473,1.5545539279257465,1.3765731203960363,1.6156910752934504,1.6196379456953545,1.2720183293334846,1.551893712865099,1.403274829173855,1.161918040918473,1.5545539279257465,1.3765731203960363,1.6156910752934504,1.6196379456953545,1.2720183293334846,1.551893712865099,1.403274829173855,1.161918040918473,1.5545539279257465,1.3765731203960363,1.6156910752934504,1.6196379456953545,1.1137205556956506,1.3902180384022,1.2143751843731467,1.4378184750246348,1.425144151429412,1.4636522820193805,0.9095327807082002,1.443697794385503,1.2729414745064462,1.0635452786976158,1.615987146427774,1.204426042673543,1.0709238791770939,1.9588207289654178,1.0885249171396012,1.3918904080131553,1.2729414745064462,1.0635452786976158,1.615987146427774,1.204426042673543,1.0709238791770939,1.9588207289654178,1.0885249171396012,1.3918904080131553
0.6507127152367109,0.5373828080447094,0.65933733690719,0.5278589382068224,0.5222706553363452,0.39083023337379397,0.44220570089794603,0.42483087857473123,0.6507127152367109,0.5373828080447094,0.65933733690719,0.5278589382068224,0.5222706553363452,0.39083023337379397,0.44220570089794603,0.42483087857473123,0.6507127152367109,0.5373828080447094,0.65933733690719,0.5278589382068224,0.5222706553363452,0.39083023337379397,0.44220570089794603,0.42483087857473123,0.23299568187077324,0.37295703593235846,0.39798720719123215,0.42893949354456645,0.5343150401833383,1.1610109287293673,0.7972849825860164,0.7429597832602091,0.23299568187077324,0.37295703593235846,0.39798720719123215,0.42893949354456645,0.5343150401833383,1.1610109287293673,0.7972849825860164,0.7429597832602091,0.23299568187077324,0.37295703593235846,0.39798720719123215,0.42893949354456645,0.5343150401833383,1.1610109287293673,0.7972849825860164,0.7429597832602091,0.5228388198203743,1.1321275470095147,0.9498605734284741,0.2658954306470962,3.45599315295349,0.7996350033630248,0.9882474681901023,1.1742251727775015,0.6881734469955224,0.6657384153285345,0.3671009024960758,0.4501933942328069,2.6729658457932564,4.043004684693129,1.4514311470677135,0.46606682269167515,0.6881734469955224,0.6657384153285345,0.3671009024960758,0.4501933942328069,2.6729658457932564,4.043004684693129,1.4514311470677135,0.46606682269167515
1.039491243597135,1.1800226085654955,1.0343811372431948,1.1505794838831294,1.1134430023938737,1.0909132418380298,1.015322230218552,1.071917241373603,1.039491243597135,1.1800226085654955,1.0343811372431948,1.1505794838831294,1.1134430023938737,1.0909132418380298,1.015322230218552,1.071917241373603,1.039491243597135,1.1800226085654955,1.0343811372431948,1.1505794838831294,1.1134430023938737,1.0909132418380298,1.015322230218552,1.071917241373603,1.174894328382899,1.0569400258366566,1.0618169856853823,1.0396676091044532,0.932149104834989,1.1929715729440675,0.9387515693449636,1.0578090995236755,1.174894328382899,1.0569400258366566,1.0618169856853823,1.0396676091044532,0.932149104834989,1.1929715729440675,0.9387515693449636,1.0578090995236755,1.174894328382899,1.0569400258366566,1.0618169856853823,1.0396676091044532,0.932149104834989,1.1929715729440675,0.9387515693449636,1.0578090995236755,0.9613051936756611,1.1565622542206133,1.0435028646522975,0.8611583626714445,1.1484116420929031,0.6865333229716305,0.7535141960958616,0.7486296690283929,1.084662350416154,1.0002423929926396,0.8524815447216334,1.135346054824427,1.0348166841787063,0.6655878626176666,0.7012137726930621,0.7375805690331233,1.084662350416154,1.0002423929926396,0.8524815447216334,1.135346054824427,1.0348166841787063,0.6655878626176666,0.7012137726930621,0.7375805690331233
1.5459827830024422,1.5145529579608088,1.7308177475044124,1.6050855152064554,1.2994929788841196,1.7484138736925663,1.3867093895304918,1.5157391535629572,1.5459827830024422,1.5145529579608088,1.7308177475044124,1.6050855152064554,1.2994929788841196,1.7484138736925663,1.3867093895304918,1.5157391535629572,1.5459827830024422,1.5145529579608088,1.7308177475044124,1.6050855152064554,1.2994929788841196,1.7484138736925663,1.3867093895304918,1.5157391535629572,1.6198249546955508,1.8018235298646985,1.6937497996894573,1.646280967230556,1.5052041169675654,2.0281156573665204,1.7213859960820523,1.9992003268782061,1.6198249546955508,1.8018235298646985,1.6937497996894573,1.646280967230556,1.5052041169675654,2.0281156573665204,1.7213859960820523,1.9992003268782061,1.6198249546955508,1.8018235298646985,1.6937497996894573,1.646280967230556,1.5052041169675654,2.0281156573665204,1.7213859960820523,1.9992003268782061,1.8144204135723159,1.447305615971526,1.5447296298573328,1.375186204267032,1.3339215108963804,1.5590445769942904,1.788088305655313,1.8628943709740033,1.6841351282116046,1.7148575317669852,1.494532641985096,1.6402517748891812,1.1051956378657624,1.4099640311983688,1.8415608305268887,1.9556832707300416,1.6841351282116046,1.7148575317669852,1.494532641985096,1.6402517748891812,1.1051956378657624,1.4099640311983688,1.8415608305268887,1.9556832707300416
4.737860362854459,4.953987075319081,4.44994394793159,4.62517344656923,4.120376289776464,4.11292656613576,4.2219593303899865,4.279943181096167,4.737860362854459,4.953987075319081,4.44994394793159,4.62517344656923,4.120376289776464,4.11292656613576,4.2219593303899865,4.279943181096167,4.737860362854459,4.953987075319081,4.44994394793159,4.62517344656923,4.120376289776464,4.11292656613576,4.2219593303899865,4.279943181096167,3.9551590505758023,3.8281223422133523,4.118677281773907,3.7406423184240105,3.077734332145737,3.1413090880488834,3.01199858541795,2.7216314664581867,3.9551590505758023,3.8281223422133523,4.118677281773907,3.7406423184240105,3.077734332145737,3.1413090880488834,3.01199858541795,2.7216314664581867,3.9551590505758023,3.8281223422133523,4.118677281773907,3.7406423184240105,3.077734332145737,3.1413090880488834,3.01199858541795,2.7216314664581867,2.9795481429333845,2.516570338455133,2.7012528118085477,2.3330404264058022,2.113098530941693,1.5839985369149483,1.6314507687268804,2.0446529101473914,3.1867262731535897,2.6557915930852833,2.8536325586266424,2.3824538064523133,1.0901638082466347,1.0058812638167294,2.3711151907613055,2.224292154563975,3.1867262731535897,2.6557915930852833,2.8536325586266424,2.3824538064523133,1.0901638082466347,1.0058812638167294,2.3711151907613055,2.224292154563975
1.2955974056122415,1.4588218228482808,1.3438547766518285,1.4274822190343255,1.2182656593384407,1.2157633199833242,1.178034462105103,1.2320954114250335,1.2955974056122415,1.4588218228482808,1.3438547766518285,1.4274822190343255,1.2182656593384407,1.2157633199833242,1.178034462105103,1.2320954114250335,1.2955974056122415,1.4588218228482808,1.3438547766518285,1.4274822190343255,1.2182656593384407,1.2157633199833242,1.178034462105103,1.2320954114250335,1.2281016123215067,1.0687107299799623,1.166067811973728,1.1995196349111035,0.8510968407991716,0.9777703266720436,0.9057370428499052,0.9936095556410699,1.2281016123215067,1.0687107299799623,1.166067811973728,1.1995196349111035,0.8510968407991716,0.9777703266720436,0.9057370428499052,0.9936095556410699,1.2281016123215067,1.0687107299799623,1.166067811973728,1.1995196349111035,0.8510968407991716,0.9777703266720436,0.9057370428499052,0.9936095556410699,0.8653885473751974,1.134644197948173,1.1056517200319773,1.097160035697017,1.1105186903020905,0.9780276947569829,1.213962597327984,1.5953608231976737,1.046155749551371,1.1280963284214949,1.1531649738042404,1.1445761579868894,1.159701392114023,1.2660946512844957,0.985572141211255,1.0581520856096178,1.046155749551371,1.1280963284214949,1.1531649738042404,1.1445761579868894,1.159701392114023,1.2660946512844957,0.985572141211255,1.0581520856096178
0.22263496834531596,0.17601587643436867,0.17014326217333534,0.18360363592860499,0.17371609084515552,0.20033526030724505,0.1976260160941179,0.084025478361666,0.22263496834531596,0.17601587643436867,0.17014326217333534,0.18360363592860499,0.17371609084515552,0.20033526030724505,0.1976260160941179,0.084025478361666,0.22263496834531596,0.17601587643436867,0.17014326217333534,0.18360363592860499,0.17371609084515552,0.20033526030724505,0.1976260160941179,0.084025478361666,0.1727678465325144,0.11007293101085476,0.1557694877056223,0.13827760411655401,0.1588710054819438,0.2537169014001327,0.17128700788289686,0.08438730705033219,0.1727678465325144,0.11007293101085476,0.1557694877056223,0.13827760411655401,0.1588710054819438,0.2537169014001327,0.17128700788289686,0.08438730705033219,0.1727678465325144,0.11007293101085476,0.1557694877056223,0.13827760411655401,0.1588710054819438,0.2537169014001327,0.17128700788289686,0.08438730705033219,0.09585410217732572,0.09917572023605077,0.08207239566119136,0.09003369488643238,0.2792507275356487,0.1464344041747154,0.279461893193604,0.3311232488230758,0.048570590316846705,0.08669264211618662,0.08423245810846235,0.05930345081516166,0.23998730826346318,0.051843793761588014,0.21154734957815222,0.3796722152238116,0.048570590316846705,0.08669264211618662,0.08423245810846235,0.05930345081516166,0.23998730826346318,0.051843793761588014,0.21154734957815222,0.3796722152238116
0.7544234609594688,0.8188785586145868,0.69795230856902,0.7417631271190335,0.7830094205533376,0.817836994885946,0.8339179646090863,0.8320361964675194,0.7544234609594688,0.8188785586145868,0.69795230856902,0.7417631271190335,0.7830094205533376,0.817836994885946,0.8339179646090863,0.8320361964675194,0.7544234609594688,0.8188785586145868,0.69795230856902,0.7417631271190335,0.7830094205533376,0.817836994885946,0.8339179646090863,0.8320361964675194,0.8806283739466956,0.8510338592979103,0.8518229142273197,0.8909363621413878,0.990351449044143,0.8733820038281013,0.8200783446080122,1.134082480677806,0.8806283739466956,0.8510338592979103,0.8518229142273197,0.8909363621413878,0.990351449044143,0.8733820038281013,0.8200783446080122,1.134082480677806,0.8806283739466956,0.8510338592979103,0.8518229142273197,0.8909363621413878,0.990351449044143,0.8733820038281013,0.8200783446080122,1.134082480677806,0.6363348529388014,0.7128061547694574,0.744669277286617,0.753027211623987,0.7058356524784721,0.7305909511003285,0.7770709585042155,0.7160396358667561,0.8089516351078507,0.8934287307126116,0.7736835074354297,0.8676776369789335,0.9754692600882353,0.7782723993638231,0.8824364022277137,0.7042227268083535,0.8089516351078507,0.8934287307126116,0.7736835074354297,0.8676776369789335,0.9754692600882353,0.7782723993638231,0.8824364022277137,0.7042227268083535
1.5248265126585854,1.6857870457876452,1.578116342296791,1.708364772488183,1.4507039587954957,1.5301172158843543,1.6563803195154572,1.7230560645322828,1.5248265126585854,1.6857870457876452,1.578116342296791,1.708364772488183,1.4507039587954957,1.5301172158843543,1.6563803195154572,1.7230560645322828,1.5248265126585854,1.6857870457876452,1.578116342296791,1.708364772488183,1.4507039587954957,1.5301172158843543,1.6563803195154572,1.7230560645322828,1.6485219640027797,1.9344901838882496,1.6648163456608882,1.847425526238879,2.026405265004507,2.1516604026088624,1.7081298866450298,2.2979312574807507,1.6485219640027797,1.9344901838882496,1.6648163456608882,1.847425526238879,2.026405265004507,2.1516604026088624,1.7081298866450298,2.2979312574807507,1.6485219640027797,1.9344901838882496,1.6648163456608882,1.847425526238879,2.026405265004507,2.1516604026088624,1.7081298866450298,2.2979312574807507,1.7547791076522925,1.7689341778029912,1.990126519224315,2.0510908594260098,2.327520679538484,2.2293049581713413,2.359529817590441,2.0440507974464928,1.751561942750258,1.7923295973261315,1.9841143212502836,2.0990799954279074,2.164005173579487,1.8291824223976951,2.3077209102756475,1.9274622876092158,1.751561942750258,1.7923295973261315,1.9841143212502836,2.0990799954279074,2.164005173579487,1.8291824223976951,2.3077209102756475,1.9274622876092158
0.4626385005555513,0.38826919761675893,0.37107728606100593,0.46154218259971597,0.4522630095983314,0.36969224631683567,0.4037417014880353,0.3750441907331552,0.4626385005555513,0.38826919761675893,0.37107728606100593,0.46154218259971597,0.4522630095983314,0.36969224631683567,0.4037417014880353,0.3750441907331552,0.4626385005555513,0.38826919761675893,0.37107728606100593,0.46154218259971597,0.4522630095983314,0.36969224631683567,0.4037417014880353,0.3750441907331552,0.37787725076728906,0.40979598636107833,0.39167391885867114,0.42453987766180656,0.3569919851879018,0.4332533069932554,0.5518629878063401,0.3996610027311244,0.37787725076728906,0.40979598636107833,0.39167391885867114,0.42453987766180656,0.3569919851879018,0.4332533069932554,0.5518629878063401,0.3996610027311244,0.37787725076728906,0.40979598636107833,0.39167391885867114,0.42453987766180656,0.3569919851879018,0.4332533069932554,0.5518629878063401,0.3996610027311244,0.42175378934073626,0.513520134661778,0.45933536198700736,0.4021965608318928,0.44796258796051486,0.5434845747639909,0.6014962225356871,0.4056332315317274,0.42322795378714806,0.5868080536469782,0.3836590711048555,0.4454156852587128,0.45902579530022625,0.6140888732407979,0.3793868255622646,0.5480011001873233,0.42322795378714806,0.5868080536469782,0.3836590711048555,0.4454156852587128,0.45902579530022625,0.6140888732407979,0.3793868255622646,0.5480011001873233
0.1760737474955963,0.16810557508310572,0.11619351304377097,0.17227005878426213,0.22152969334664424,0.23353439947183977,0.18076957221271933,0.20679690525204705,0.1760737474955963,0.16810557508310572,0.11619351304377097,0.17227005878426213,0.22152969334664424,0.23353439947183977,0.18076957221271933,0.20679690525204705,0.1760737474955963,0.16810557508310572,0.11619351304377097,0.17227005878426213,0.22152969334664424,0.23353439947183977,0.18076957221271933,0.20679690525204705,0.18908213183167336,0.18807664919701977,0.1746711763370028,0.1481175844514859,0.15616602175266864,0.13289457107454153,0.1474372266655421,0.11345332290092112,0.18908213183167336,0.18807664919701977,0.1746711763370028,0.1481175844514859,0.15616602175266864,0.13289457107454153,0.1474372266655421,0.11345332290092112,0.18908213183167336,0.18807664919701977,0.1746711763370028,0.1481175844514859,0.15616602175266864,0.13289457107454153,0.1474372266655421,0.11345332290092112,0.1854316313502942,0.14024931886576425,0.12239586547215989,0.12073587241554543,0.09451257105160556,0.1358695075829478,0.11538477211449125,0.15321929189042646,0.1475429784593449,0.13112974415295883,0.1207748278062509,0.10343259349617513,0.13298663179942935,0.08026533942702695,0.0868130167576748,0.13440921353396493,0.1475429784593449,0.13112974415295883,0.1207748278062509,0.10343259349617513,0.13298663179942935,0.08026533942702695,0.0868130167576748,0.13440921353396493
0.97974147241644,0.9136322134435869,0.9635913661904941,0.8538082213299483,0.9709390162656234,0.8102728963079814,0.8109579506129796,0.9403962442279361,0.97974147241644,0.9136322134435869,0.9635913661904941,0.8538082213299483,0.9709390162656234,0.8102728963079814,0.8109579506129796,0.9403962442279361,0.97974147241644,0.9136322134435869,0.9635913661904941,0.8538082213299483,0.9709390162656234,0.8102728963079814,0.8109579506129796,0.9403962442279361,0.9453053735742364,0.9322311693975778,0.8453030099424368,0.9000862176426374,1.0073875032989272,0.8996159069133418,0.8427975313694135,0.9770279936746081,0.9453053735742364,0.9322311693975778,0.8453030099424368,0.9000862176426374,1.0073875032989272,0.8996159069133418,0.8427975313694135,0.9770279936746081,0.9453053735742364,0.9322311693975778,0.8453030099424368,0.9000862176426374,1.0073875032989272,0.8996159069133418,0.8427975313694135,0.9770279936746081,0.7991383824955556,0.8060554884084301,0.8670603210850442,0.8676999209463466,0.9133428760855147,0.65454398250022,0.7063514157366856,0.7570678593030821,0.8092284907577982,0.7659523188561248,0.8896785084479459,0.819495866014485,0.719938081615725,1.0269550359167405,0.8089312914431162,0.735438453882515,0.8092284907577982,0.7659523188561248,0.8896785084479459,0.819495866014485,0.719938081615725,1.0269550359167405,0.8089312914431162,0.735438453882515
0.47018659010560826,0.47696251089895375,0.45745137389577056,0.4754706571611331,0.42166929702042916,0.4514950925312305,0.36149310980482596,0.3954184617735716,0.47018659010560826,0.47696251089895375,0.45745137389577056,0.4754706571611331,0.42166929702042916,0.4514950925312305,0.36149310980482596,0.3954184617735716,0.47018659010560826,0.47696251089895375,0.45745137389577056,0.4754706571611331,0.42166929702042916,0.4514950925312305,0.36149310980482596,0.3954184617735716,0.389878667720623,0.4030258285924299,0.37718808453582536,0.3772970448489598,0.40161426210211104,0.3884909716869121,0.4552106209633799,0.42479012222857876,0.389878667720623,0.4030258285924299,0.37718808453582536,0.3772970448489598,0.40161426210211104,0.3884909716869121,0.4552106209633799,0.42479012222857876,0.389878667720623,0.4030258285924299,0.37718808453582536,0.3772970448489598,0.40161426210211104,0.3884909716869121,0.4552106209633799,0.42479012222857876,0.418900911401811,0.37314778319270403,0.37710388361434083,0.38407067617911383,0.3310672464601541,0.37405379501463354,0.3148974286078188,0.2858208984582868,0.40835313475443874,0.38034803279454016,0.37742934803611533,0.36335449901103933,0.25248250719282267,0.43157579791964146,0.47251911488891707,0.32158059830586583,0.40835313475443874,0.38034803279454016,0.37742934803611533,0.36335449901103933,0.25248250719282267,0.43157579791964146,0.47251911488891707,0.32158059830586583
1.1128177735498888,1.0748454512437524,0.995527908151755,1.0045955155237214,1.1916045338283159,1.179745174238609,1.179894750636786,1.1762163470154008,1.1128177735498888,1.0748454512437524,0.995527908151755,1.0045955155237214,1.1916045338283159,1.179745174238609,1.179894750636786,1.1762163470154008,1.1128177735498888,1.0748454512437524,0.995527908151755,1.0045955155237214,1.1916045338283159,1.179745174238609,1.179894750636786,1.1762163470154008,1.2483093423631246,1.138664393678677,1.2776056828635665,1.2629927414073947,1.197989235867714,1.1035509071253187,1.3866986235880148,1.2992505954325118,1.2483093423631246,1.138664393678677,1.2776056828635665,1.2629927414073947,1.197989235867714,1.1035509071253187,1.3866986235880148,1.2992505954325118,1.2483093423631246,1.138664393678677,1.2776056828635665,1.2629927414073947,1.197989235867714,1.1035509071253187,1.3866986235880148,1.2992505954325118,1.1250315916504474,1.1294959742692912,1.1994745126137365,1.0614166661518558,1.2515184382745654,1.227347600687538,1.1995417491339817,1.077479894265975,1.047893222700251,1.159007047158368,1.0620298995099193,1.179483172127369,1.0159007160106939,1.2174585575752088,1.0808970383825027,1.0349145417358352,1.047893222700251,1.159007047158368,1.0620298995099193,1.179483172127369,1.0159007160106939,1.2174585575752088,1.0808970383825027,1.0349145417358352
0.40740982352007266,0.5412404928063689,0.41229268706936034,0.4746240329711185,0.6142455924540612,0.8028204768627842,0.4895901882199358,0.5584238814602159,0.40740982352007266,0.5412404928063689,0.41229268706936034,0.4746240329711185,0.6142455924540612,0.8028204768627842,0.4895901882199358,0.5584238814602159,0.40740982352007266,0.5412404928063689,0.41229268706936034,0.4746240329711185,0.6142455924540612,0.8028204768627842,0.4895901882199358,0.5584238814602159,0.5725722392918814,0.5586889026062896,0.46227460129069764,0.41653581335996026,0.5196137155784747,0.6154334328999305,0.3394484577641917,0.5166143985818994,0.5725722392918814,0.5586889026062896,0.46227460129069764,0.41653581335996026,0.5196137155784747,0.6154334328999305,0.3394484577641917,0.5166143985818994,0.5725722392918814,0.5586889026062896,0.46227460129069764,0.41653581335996026,0.5196137155784747,0.6154334328999305,0.3394484577641917,0.5166143985818994,0.5524937596618429,0.5122372680006876,0.5090052563288544,0.4593156793730913,0.742842035017914,0.6531670349781274,0.31259735861704424,0.44053876830939265,0.4963522219716972,0.8082564621945141,0.49713156396153807,0.5254327496281885,0.5845495352966639,0.8192181058524248,0.6480532078150046,0.5983019657166134,0.4963522219716972,0.8082564621945141,0.49713156396153807,0.5254327496281885,0.5845495352966639,0.8192181058524248,0.6480532078150046,0.5983019657166134
0.42195654286641865,0.3812289265998938,0.37147192034974363,0.3609253710886516,0.38840031899889976,0.39242044836035955,0.4021203001590937,0.3626508305194767,0.42195654286641865,0.3812289265998938,0.37147192034974363,0.3609253710886516,0.38840031899889976,0.39242044836035955,0.4021203001590937,0.3626508305194767,0.42195654286641865,0.3812289265998938,0.37147192034974363,0.3609253710886516,0.38840031899889976,0.39242044836035955,0.4021203001590937,0.3626508305194767,0.276487142927809,0.22902201835242025,0.3223574780149476,0.267326979712052,0.2780141929786243,0.20649848424003012,0.24149890415016764,0.20184679858315946,0.276487142927809,0.22902201835242025,0.3223574780149476,0.267326979712052,0.2780141929786243,0.20649848424003012,0.24149890415016764,0.20184679858315946,0.276487142927809,0.22902201835242025,0.3223574780149476,0.267326979712052,0.2780141929786243,0.20649848424003012,0.24149890415016764,0.20184679858315946,0.27939613958632503,0.20122187981548478,0.28301784906639316,0.20176550745431265,0.163362946875545,0.22915449964487156,0.14747615916644594,0.20230206183397734,0.26602488541788977,0.17088787357048604,0.25398543019103453,0.185096115687966,0.20984363645795087,0.2315220571428158,0.1400393359030689,0.19227047411587903,0.26602488541788977,0.17088787357048604,0.25398543019103453,0.185096115687966,0.20984363645795087,0.2315220571428158,0.1400393359030689,0.19227047411587903
0.3861249760401713,0.4113683409333773,0.4093672586892309,0.42592657828303765,0.4345290327679249,0.4736086785155247,0.48323751965481154,0.4922262084289489,0.3861249760401713,0.4113683409333773,0.4093672586892309,0.42592657828303765,0.4345290327679249,0.4736086785155247,0.48323751965481154,0.4922262084289489,0.3861249760401713,0.4113683409333773,0.4093672586892309,0.42592657828303765,0.4345290327679249,0.4736086785155247,0.48323751965481154,0.4922262084289489,0.47433193012000013,0.39548288652721036,0.4899345716179578,0.3711358965914855,0.4636595429008598,0.41753418938869996,0.46877610908208506,0.45947685177384634,0.47433193012000013,0.39548288652721036,0.4899345716179578,0.3711358965914855,0.4636595429008598,0.41753418938869996,0.46877610908208506,0.45947685177384634,0.47433193012000013,0.39548288652721036,0.4899345716179578,0.3711358965914855,0.4636595429008598,0.41753418938869996,0.46877610908208506,0.45947685177384634,0.42859722012274853,0.39594102309989215,0.44314841597858945,0.3460943040886523,0.43500660095424165,0.4345922164013251,0.4736839475435249,0.4333198535447183,0.4370629192749518,0.41363770282351203,0.4846900856254415,0.39545500357938734,0.418222213436019,0.48752171366230984,0.45816837755055895,0.45344582317053034,0.4370629192749518,0.41363770282351203,0.4846900856254415,0.39545500357938734,0.418222213436019,0.48752171366230984,0.45816837755055895,0.45344582317053034
0.36057855867850486,0.49814592501982413,0.44960958547482965,0.4344981355467954,0.3877830237841326,0.5065393933679273,0.41858172141506506,0.377081198080296,0.36057855867850486,0.49814592501982413,0.44960958547482965,0.4344981355467954,0.3877830237841326,0.5065393933679273,0.41858172141506506,0.377081198080296,0.36057855867850486,0.49814592501982413,0.44960958547482965,0.4344981355467954,0.3877830237841326,0.5065393933679273,0.41858172141506506,0.377081198080296,0.5355005863321102,0.4885211032250491,0.4862755053593142,0.4444724202114611,0.621926131779314,0.6052682114010154,0.5606774295858344,0.5257328460694896,0.5355005863321102,0.4885211032250491,0.4862755053593142,0.4444724202114611,0.621926131779314,0.6052682114010154,0.5606774295858344,0.5257328460694896,0.5355005863321102,0.4885211032250491,0.4862755053593142,0.4444724202114611,0.621926131779314,0.6052682114010154,0.5606774295858344,0.5257328460694896,0.5252673662181327,0.5770587265598142,0.6074059853915962,0.5945120613628587,0.7786259178506278,0.7555693963448656,0.5328501289390403,0.6701763775814835,0.520242081933825,0.5273468904773884,0.551186572343351,0.5149512737525993,0.7927401020297524,0.5952874555829828,0.771301966753724,0.7204327635493212,0.520242081933825,0.5273468904773884,0.551186572343351,0.5149512737525993,0.7927401020297524,0.5952874555829828,0.771301966753724,0.7204327635493212
0.6173551818292127,0.6758296404201812,0.592665558542011,0.5958465071097743,0.8237303567706582,0.6933561186745677,0.7613534408975918,0.7564881720857561,0.6173551818292127,0.6758296404201812,0.592665558542011,0.5958465071097743,0.8237303567706582,0.6933561186745677,0.7613534408975918,0.7564881720857561,0.6173551818292127,0.6758296404201812,0.592665558542011,0.5958465071097743,0.8237303567706582,0.6933561186745677,0.7613534408975918,0.7564881720857561,0.7773091325786504,0.7390653805375547,0.7710505136866826,0.7255388212005071,0.8788313393897484,0.8867541870920188,0.8341784278217463,0.8297012623752819,0.7773091325786504,0.7390653805375547,0.7710505136866826,0.7255388212005071,0.8788313393897484,0.8867541870920188,0.8341784278217463,0.8297012623752819,0.7773091325786504,0.7390653805375547,0.7710505136866826,0.7255388212005071,0.8788313393897484,0.8867541870920188,0.8341784278217463,0.8297012623752819,0.8307441444548185,0.8039870147907587,0.8713919372069376,0.829513663520101,0.9646786977736475,0.988320573483088,0.6126624460661494,0.8174701381912285,0.8457031225357862,0.8078013306024914,0.817442905473778,0.8192418611605174,0.8860008795422613,1.19060770351467,0.9881711206974302,1.198456433777293,0.8457031225357862,0.8078013306024914,0.817442905473778,0.8192418611605174,0.8860008795422613,1.19060770351467,0.9881711206974302,1.198456433777293
0.2390107367861006,0.2182054303141069,0.21296779223058115,0.18590789970426283,0.20517835578122115,0.24789817470059858,0.18240202993992258,0.1933656323200079,0.2390107367861006,0.2182054303141069,0.21296779223058115,0.18590789970426283,0.20517835578122115,0.24789817470059858,0.18240202993992258,0.1933656323200079,0.2390107367861006,0.2182054303141069,0.21296779223058115,0.18590789970426283,0.20517835578122115,0.24789817470059858,0.18240202993992258,0.1933656323200079,0.17810250640451822,0.1719451586721704,0.19229551932498476,0.18584142238066778,0.21875182494413595,0.19180742431752473,0.19952521021112235,0.1165314921792399,0.17810250640451822,0.1719451586721704,0.19229551932498476,0.18584142238066778,0.21875182494413595,0.19180742431752473,0.19952521021112235,0.1165314921792399,0.17810250640451822,0.1719451586721704,0.19229551932498476,0.18584142238066778,0.21875182494413595,0.19180742431752473,0.19952521021112235,0.1165314921792399,0.16264214704029128,0.11973244013878608,0.16618420346042143,0.13564010096687515,0.13299068267774236,0.15989728935140263,0.16612438886866746,0.1524998047414344,0.16313528123417967,0.15898473643165462,0.16369464925335406,0.1386950266685167,0.15616640365555215,0.13998518600275675,0.14413547651588252,0.11635895916680676,0.16313528123417967,0.15898473643165462,0.16369464925335406,0.1386950266685167,0.15616640365555215,0.13998518600275675,0.14413547651588252,0.11635895916680676
0.08676184341197228,0.09775529114378613,0.08576320455615279,0.08701667106987328,0.098182104654135,0.12938563751917437,0.07158349139310294,0.09331056794764796,0.08676184341197228,0.09775529114378613,0.08576320455615279,0.08701667106987328,0.098182104654135,0.12938563751917437,0.07158349139310294,0.09331056794764796,0.08676184341197228,0.09775529114378613,0.08576320455615279,0.08701667106987328,0.098182104654135,0.12938563751917437,0.07158349139310294,0.09331056794764796,0.06675964233425372,0.09115661278755247,0.05794369255129579,0.0778767314287363,0.1228583881238167,0.13004848461361565,0.09394367038749735,0.11603570611088106,0.06675964233425372,0.09115661278755247,0.05794369255129579,0.0778767314287363,0.1228583881238167,0.13004848461361565,0.09394367038749735,0.11603570611088106,0.06675964233425372,0.09115661278755247,0.05794369255129579,0.0778767314287363,0.1228583881238167,0.13004848461361565,0.09394367038749735,0.11603570611088106,0.06331401622291309,0.07951651411689918,0.06617300981111571,0.07447841852038399,0.18099269561710096,0.06434131883117693,0.09269956635438327,0.11491371445773518,0.07277022361157567,0.060820502634894066,0.06818231651143826,0.07408277588091118,0.10649320285173733,0.04178281061732877,0.1101945608031704,0.06682018098506443,0.07277022361157567,0.060820502634894066,0.06818231651143826,0.07408277588091118,0.10649320285173733,0.04178281061732877,0.1101945608031704,0.06682018098506443
0.6222117268577458,0.8254276210733155,0.6171559302755922,0.8351212468248396,0.5802411837220678,0.746539288929265,0.6652516799127569,0.7299426816400849,0.6222117268577458,0.8254276210733155,0.6171559302755922,0.8351212468248396,0.5802411837220678,0.746539288929265,0.6652516799127569,0.7299426816400849,0.6222117268577458,0.8254276210733155,0.6171559302755922,0.8351212468248396,0.5802411837220678,0.746539288929265,0.6652516799127569,0.7299426816400849,0.7358675786100206,0.7541222927721029,0.6235287112079326,0.7304802785234121,0.6899935917335586,0.7191737173192083,0.6284583032088824,0.7140311139074644,0.7358675786100206,0.7541222927721029,0.6235287112079326,0.7304802785234121,0.6899935917335586,0.7191737173192083,0.6284583032088824,0.7140311139074644,0.7358675786100206,0.7541222927721029,0.6235287112079326,0.7304802785234121,0.6899935917335586,0.7191737173192083,0.6284583032088824,0.7140311139074644,0.6166755666879382,0.7990379915188768,0.6056563586436583,0.7385127138621713,0.5875826878049358,0.6760947686874001,0.5578496157495997,0.7194992953635576,0.5843111304741023,0.8053873162460885,0.5821476526614131,0.8094326257837634,0.6054317436882164,0.7273581725561246,0.6280636255212522,0.7882477883320085,0.5843111304741023,0.8053873162460885,0.5821476526614131,0.8094326257837634,0.6054317436882164,0.7273581725561246,0.6280636255212522,0.7882477883320085
0.21107374555438874,0.1650917600813296,0.22281329106997028,0.2017688645951537,0.1824856040979586,0.18136373681811185,0.20983541506681208,0.1938107465056364,0.21107374555438874,0.1650917600813296,0.22281329106997028,0.2017688645951537,0.1824856040979586,0.18136373681811185,0.20983541506681208,0.1938107465056364,0.21107374555438874,0.1650917600813296,0.22281329106997028,0.2017688645951537,0.1824856040979586,0.18136373681811185,0.20983541506681208,0.1938107465056364,0.16766673054412365,0.18254555469013184,0.21829037890591135,0.17244374186046038,0.1960671091322191,0.16630840129242214,0.20339260585902094,0.16817497423302827,0.16766673054412365,0.18254555469013184,0.21829037890591135,0.17244374186046038,0.1960671091322191,0.16630840129242214,0.20339260585902094,0.16817497423302827,0.16766673054412365,0.18254555469013184,0.21829037890591135,0.17244374186046038,0.1960671091322191,0.16630840129242214,0.20339260585902094,0.16817497423302827,0.16575388164771898,0.15453808677495992,0.16955648433166962,0.17063785597134393,0.17077682718820292,0.16359008999474067,0.12926795460777907,0.1461470467096429,0.1562286463206886,0.16889311099093224,0.17428381755706152,0.16450579339383495,0.1359517206551271,0.18121809147525714,0.14913875213132186,0.12528039803518842,0.1562286463206886,0.16889311099093224,0.17428381755706152,0.16450579339383495,0.1359517206551271,0.18121809147525714,0.14913875213132186,0.12528039803518842
1.289364013812078,1.3295929454968825,1.2040025437722517,1.2563239340390482,1.4187298998692592,1.6598177514529997,1.4215666155392828,1.4258386598249855,1.289364013812078,1.3295929454968825,1.2040025437722517,1.2563239340390482,1.4187298998692592,1.6598177514529997,1.4215666155392828,1.4258386598249855,1.289364013812078,1.3295929454968825,1.2040025437722517,1.2563239340390482,1.4187298998692592,1.6598177514529997,1.4215666155392828,1.4258386598249855,1.6568520352805927,1.6116098730786916,1.6996722179163266,1.5223622680546702,1.4613505130791618,1.3412830901647925,1.611224100875183,1.7411339175498879,1.6568520352805927,1.6116098730786916,1.6996722179163266,1.5223622680546702,1.4613505130791618,1.3412830901647925,1.611224100875183,1.7411339175498879,1.6568520352805927,1.6116098730786916,1.6996722179163266,1.5223622680546702,1.4613505130791618,1.3412830901647925,1.611224100875183,1.7411339175498879,1.5812342936915107,1.4107441446837512,1.581899429189435,1.4712876022016212,1.4505377983068157,1.4710710846800417,1.3555971791137627,1.6043571158400767,1.4757511844718032,1.7626223276424646,1.628481729186384,1.5669892090664588,1.7436798946999288,1.156221610666527,1.4522149714923762,1.5738733630179125,1.4757511844718032,1.7626223276424646,1.628481729186384,1.5669892090664588,1.7436798946999288,1.156221610666527,1.4522149714923762,1.5738733630179125
1.9992125589347645,1.8324262047634625,1.985026469418628,1.8671441543590526,1.9729021832648426,1.8322964720914763,1.8887610715586691,1.7783417920803648,1.9992125589347645,1.8324262047634625,1.985026469418628,1.8671441543590526,1.9729021832648426,1.8322964720914763,1.8887610715586691,1.7783417920803648,1.9992125589347645,1.8324262047634625,1.985026469418628,1.8671441543590526,1.9729021832648426,1.8322964720914763,1.8887610715586691,1.7783417920803648,2.0335866929904474,1.7108507127025818,2.030040120130445,1.8703187496618787,1.834634331039181,1.652924194214062,1.6835013518060449,1.6095146981637476,2.0335866929904474,1.7108507127025818,2.030040120130445,1.8703187496618787,1.834634331039181,1.652924194214062,1.6835013518060449,1.6095146981637476,2.0335866929904474,1.7108507127025818,2.030040120130445,1.8703187496618787,1.834634331039181,1.652924194214062,1.6835013518060449,1.6095146981637476,1.7590400744321606,1.6376313101047573,1.7631889238919074,1.6485823985107013,1.6725484180648054,1.4769510503064398,1.54886309019368,1.4357197637848023,1.727723991314538,1.6725397644456435,1.7526804832318232,1.7695804532334711,1.8106564692254665,1.8069334563031658,1.2501340057816448,1.503787304659133,1.727723991314538,1.6725397644456435,1.7526804832318232,1.7695804532334711,1.8106564692254665,1.8069334563031658,1.2501340057816448,1.503787304659133
2.6808961897348573,2.8915166447922114,2.7247069106202453,2.76382843851377,2.9816500530868293,2.8370256086299865,2.9972803972309334,3.193908671588433,2.6808961897348573,2.8915166447922114,2.7247069106202453,2.76382843851377,2.9816500530868293,2.8370256086299865,2.9972803972309334,3.193908671588433,2.6808961897348573,2.8915166447922114,2.7247069106202453,2.76382843851377,2.9816500530868293,2.8370256086299865,2.9972803972309334,3.193908671588433,2.8758649746776275,2.9885443782467704,2.8736664410711317,3.0608808147044253,2.809393482650168,3.198174264293593,4.762698359881026,3.359775595263223,2.8758649746776275,2.9885443782467704,2.8736664410711317,3.0608808147044253,2.809393482650168,3.198174264293593,4.762698359881026,3.359775595263223,2.8758649746776275,2.9885443782467704,2.8736664410711317,3.0608808147044253,2.809393482650168,3.198174264293593,4.762698359881026,3.359775595263223,2.68870302758414,2.935757454160024,3.076491360970795,3.3433775763685634,3.0353601381107533,2.7408742557368426,4.806163805577223,3.2724260898899216,2.8542716149231424,2.7941085651914426,2.8965053964163134,3.2077857530003926,3.027309385655536,2.8152370196603322,3.1383598402900974,3.7013459259821704,2.8542716149231424,2.7941085651914426,2.8965053964163134,3.2077857530003926,3.027309385655536,2.8152370196603322,3.1383598402900974,3.7013459259821704
1.3126839316827061,1.489930812872544,1.3813577475875205,1.4375047077022591,1.4324035301268014,1.593845405326234,1.5110088897664449,1.5431978330896696,1.3126839316827061,1.489930812872544,1.3813577475875205,1.4375047077022591,1.4324035301268014,1.593845405326234,1.5110088897664449,1.5431978330896696,1.3126839316827061,1.489930812872544,1.3813577475875205,1.4375047077022591,1.4324035301268014,1.593845405326234,1.5110088897664449,1.5431978330896696,1.451993819284811,1.6252235393907417,1.5518661493959953,1.5801931605807384,1.6063052946502723,1.6303527088363745,1.8192062633359476,1.6723638326679242,1.451993819284811,1.6252235393907417,1.5518661493959953,1.5801931605807384,1.6063052946502723,1.6303527088363745,1.8192062633359476,1.6723638326679242,1.451993819284811,1.6252235393907417,1.5518661493959953,1.5801931605807384,1.6063052946502723,1.6303527088363745,1.8192062633359476,1.6723638326679242,1.6226384814246393,1.6024305369136265,1.374793570313299,1.2997196464225722,1.253195925817189,1.703482055745171,1.554334526976097,1.4563854095674635,1.5782302302693807,1.3270607806379455,1.4610887570044853,1.6173707040054197,1.5893936530621888,1.418780196007027,1.4384346796176235,1.7332617939485793,1.5782302302693807,1.3270607806379455,1.4610887570044853,1.6173707040054197,1.5893936530621888,1.418780196007027,1.4384346796176235,1.7332617939485793
0.8718812231613466,0.9815579320077412,0.93166001383206,0.9737475998586177,0.8992825893910331,0.952829714672704,0.9614355459696163,1.1202670089023394,0.8718812231613466,0.9815579320077412,0.93166001383206,0.9737475998586177,0.8992825893910331,0.952829714672704,0.9614355459696163,1.1202670089023394,0.8718812231613466,0.9815579320077412,0.93166001383206,0.9737475998586177,0.8992825893910331,0.952829714672704,0.9614355459696163,1.1202670089023394,0.8789540349889244,0.9226300155663949,0.9096902633051613,0.9133456089241325,0.9532660792170446,1.045997636314469,0.9916110984182765,0.873867706854524,0.8789540349889244,0.9226300155663949,0.9096902633051613,0.9133456089241325,0.9532660792170446,1.045997636314469,0.9916110984182765,0.873867706854524,0.8789540349889244,0.9226300155663949,0.9096902633051613,0.9133456089241325,0.9532660792170446,1.045997636314469,0.9916110984182765,0.873867706854524,0.9818496812295645,1.0119685354096781,0.954748488620647,1.122132033401003,0.9345940756858753,1.0487792944770549,1.1215352647083594,1.0370462766230486,0.9730795090956864,1.0873050574297904,0.933436065252227,1.1816716122779167,0.9630497083777599,1.1311697982296551,1.009515517488829,1.0509808474080686,0.9730795090956864,1.0873050574297904,0.933436065252227,1.1816716122779167,0.9630497083777599,1.1311697982296551,1.009515517488829,1.0509808474080686
0.44911883375868433,0.37287975613053237,0.4190196339176753,0.35156076015532456,0.37202927481054754,0.3621789545477932,0.31841788070494037,0.3444947981276052,0.44911883375868433,0.37287975613053237,0.4190196339176753,0.35156076015532456,0.37202927481054754,0.3621789545477932,0.31841788070494037,0.3444947981276052,0.44911883375868433,0.37287975613053237,0.4190196339176753,0.35156076015532456,0.37202927481054754,0.3621789545477932,0.31841788070494037,0.3444947981276052,0.3651386590285734,0.4550737957516825,0.40162199660553155,0.3258482441426734,0.38380969668366766,0.2656113091327904,0.3053484665547537,0.2577126583845372,0.3651386590285734,0.4550737957516825,0.40162199660553155,0.3258482441426734,0.38380969668366766,0.2656113091327904,0.3053484665547537,0.2577126583845372,0.3651386590285734,0.4550737957516825,0.40162199660553155,0.3258482441426734,0.38380969668366766,0.2656113091327904,0.3053484665547537,0.2577126583845372,0.2972045246341132,0.337404763786974,0.3454774189868195,0.39852496529260156,0.2293961491744114,0.3058416008186327,0.2806854628231044,0.37209125597954507,0.3124827578264917,0.3831800173492612,0.3712459339255966,0.3971826037752393,0.23613803759713156,0.27644266541127194,0.24717787771998828,0.29289238829810677,0.3124827578264917,0.3831800173492612,0.3712459339255966,0.3971826037752393,0.23613803759713156,0.27644266541127194,0.24717787771998828,0.29289238829810677
1.1973390642843456,1.1412761204341393,1.2050565273050369,1.2197272309113354,0.9901417846144522,1.055633930467494,1.1061994366554875,1.2172206402047667,1.1973390642843456,1.1412761204341393,1.2050565273050369,1.2197272309113354,0.9901417846144522,1.055633930467494,1.1061994366554875,1.2172206402047667,1.1973390642843456,1.1412761204341393,1.2050565273050369,1.2197272309113354,0.9901417846144522,1.055633930467494,1.1061994366554875,1.2172206402047667,1.109726003720376,0.8489858021739155,1.033741712414062,1.0090389553588153,0.9386108421475914,1.0519449749090781,0.8972248145410447,0.8162177995163789,1.109726003720376,0.8489858021739155,1.033741712414062,1.0090389553588153,0.9386108421475914,1.0519449749090781,0.8972248145410447,0.8162177995163789,1.109726003720376,0.8489858021739155,1.033741712414062,1.0090389553588153,0.9386108421475914,1.0519449749090781,0.8972248145410447,0.8162177995163789,1.1086843886265865,0.84420421334738,1.0425916575656633,0.9521143189911918,0.834016151455836,0.8548581122619289,0.8691194746685288,0.9595635071367435,0.9655447781641141,0.8381725811514841,1.0762720649734447,0.9669777571593315,0.7361357654525486,0.8096695711609048,0.7763892175506247,0.9635543514318566,0.9655447781641141,0.8381725811514841,1.0762720649734447,0.9669777571593315,0.7361357654525486,0.8096695711609048,0.7763892175506247,0.9635543514318566
0.5674557750712083,0.589790477744914,0.535217590612949,0.650483954147714,0.608194355069013,0.6329325258966199,0.6066621189829713,0.5625280884822627,0.5674557750712083,0.589790477744914,0.535217590612949,0.650483954147714,0.608194355069013,0.6329325258966199,0.6066621189829713,0.5625280884822627,0.5674557750712083,0.589790477744914,0.535217590612949,0.650483954147714,0.608194355069013,0.6329325258966199,0.6066621189829713,0.5625280884822627,0.7634301773655562,0.7235425808227748,0.7305596883532185,0.7041668946814518,0.6739250157554469,0.6307194828997548,0.5926112051680693,0.6661017360388037,0.7634301773655562,0.7235425808227748,0.7305596883532185,0.7041668946814518,0.6739250157554469,0.6307194828997548,0.5926112051680693,0.6661017360388037,0.7634301773655562,0.7235425808227748,0.7305596883532185,0.7041668946814518,0.6739250157554469,0.6307194828997548,0.5926112051680693,0.6661017360388037,0.7060306151872532,0.7394171609665449,0.6609320122239541,0.631929399050062,0.7336701704463414,0.7451692346537704,0.8015726474105314,0.6970394781770064,0.7185190191092091,0.7183826496318106,0.7766858632791442,0.6566344367590817,0.7589305488850027,0.700904998473298,0.8337109443211063,0.5552573646098523,0.7185190191092091,0.7183826496318106,0.7766858632791442,0.6566344367590817,0.7589305488850027,0.700904998473298,0.8337109443211063,0.5552573646098523
0.12032904522883922,0.07267025290536996,0.13537416429045318,0.09308308082812064,0.036371960780876386,0.06381318395741442,0.08074733498943144,0.06857136607013525,0.12032904522883922,0.07267025290536996,0.13537416429045318,0.09308308082812064,0.036371960780876386,0.06381318395741442,0.08074733498943144,0.06857136607013525,0.12032904522883922,0.07267025290536996,0.13537416429045318,0.09308308082812064,0.036371960780876386,0.06381318395741442,0.08074733498943144,0.06857136607013525,0.041658312540375525,0.06185872837777647,0.046047083929451775,0.04687491806465928,0.02501516471807839,0.0819764990421637,0.03654543559154568,0.055028479859915456,0.041658312540375525,0.06185872837777647,0.046047083929451775,0.04687491806465928,0.02501516471807839,0.0819764990421637,0.03654543559154568,0.055028479859915456,0.041658312540375525,0.06185872837777647,0.046047083929451775,0.04687491806465928,0.02501516471807839,0.0819764990421637,0.03654543559154568,0.055028479859915456,0.03774076610859066,0.05217343533764292,0.1496917210915379,0.040371212923139776,0.042123861325138436,0.031108805861720094,0.571430194434913,0.031110531391392283,0.06611370520106988,0.0410030055629575,0.05733868210271995,0.115367842122682,0.026171369562972814,0.041462457473507894,0.04741569062057492,0.06060754107722967,0.06611370520106988,0.0410030055629575,0.05733868210271995,0.115367842122682,0.026171369562972814,0.041462457473507894,0.04741569062057492,0.06060754107722967
1.5444418176132746,1.3975712126372988,1.7867210784005452,1.6462404533991506,1.916732682989054,1.5148428898812902,1.606031493451998,1.7459252921456687,1.5444418176132746,1.3975712126372988,1.7867210784005452,1.6462404533991506,1.916732682989054,1.5148428898812902,1.606031493451998,1.7459252921456687,1.5444418176132746,1.3975712126372988,1.7867210784005452,1.6462404533991506,1.916732682989054,1.5148428898812902,1.606031493451998,1.7459252921456687,1.4403880193339629,1.3367572854703327,1.4340234114297423,1.3932779103659096,1.5428150991161511,1.3343190682776265,1.2218474325714341,1.3261464686801963,1.4403880193339629,1.3367572854703327,1.4340234114297423,1.3932779103659096,1.5428150991161511,1.3343190682776265,1.2218474325714341,1.3261464686801963,1.4403880193339629,1.3367572854703327,1.4340234114297423,1.3932779103659096,1.5428150991161511,1.3343190682776265,1.2218474325714341,1.3261464686801963,1.7746509205204828,1.6100625985887524,1.5881491707275424,1.336009753854084,1.7766708811527205,1.411155616921191,1.5053100280005656,1.632861131104771,1.6620662196683706,1.5193827120186854,1.4825862183849918,1.550818635127126,1.0380920274544347,1.2562021685632219,1.664016840239753,1.16396451945126,1.6620662196683706,1.5193827120186854,1.4825862183849918,1.550818635127126,1.0380920274544347,1.2562021685632219,1.664016840239753,1.16396451945126
0.09351976729145181,0.0695328303052399,0.07992932154881381,0.11595093643418881,0.03137091027194326,0.05176500450619296,0.019975656454301157,0.07883436824741,0.09351976729145181,0.0695328303052399,0.07992932154881381,0.11595093643418881,0.03137091027194326,0.05176500450619296,0.019975656454301157,0.07883436824741,0.09351976729145181,0.0695328303052399,0.07992932154881381,0.11595093643418881,0.03137091027194326,0.05176500450619296,0.019975656454301157,0.07883436824741,0.062302470159423605,0.0873699326815108,0.037513044323390234,0.03073333133552094,0.07366205013791217,0.04773084175933779,0.12224456477257224,0.034693022382972324,0.062302470159423605,0.0873699326815108,0.037513044323390234,0.03073333133552094,0.07366205013791217,0.04773084175933779,0.12224456477257224,0.034693022382972324,0.062302470159423605,0.0873699326815108,0.037513044323390234,0.03073333133552094,0.07366205013791217,0.04773084175933779,0.12224456477257224,0.034693022382972324,0.08258945927444308,0.03160471236981737,0.051468410645847215,0.0802519681051111,0.06243224250343911,0.26269413361511157,0.06350311111172056,0.12660261161655162,0.03953583175630089,0.06299584423742015,0.0811205025027448,0.051424063073377366,0.1379040714355188,0.0514927304339474,0.10999768078544436,0.07748182049763655,0.03953583175630089,0.06299584423742015,0.0811205025027448,0.051424063073377366,0.1379040714355188,0.0514927304339474,0.10999768078544436,0.07748182049763655
3.256165703652433,3.3965305734257507,3.1502877830490825,3.3845630686459374,4.572500956515055,4.325978240861476,3.5538262391979765,3.8823311563260057,3.256165703652433,3.3965305734257507,3.1502877830490825,3.3845630686459374,4.572500956515055,4.325978240861476,3.5538262391979765,3.8823311563260057,3.256165703652433,3.3965305734257507,3.1502877830490825,3.3845630686459374,4.572500956515055,4.325978240861476,3.5538262391979765,3.8823311563260057,3.8260689374250676,3.9435628846629696,3.3452426399655395,3.8729621203409677,4.847319048589712,4.592575824690169,3.9533180558070393,4.103176805621652,3.8260689374250676,3.9435628846629696,3.3452426399655395,3.8729621203409677,4.847319048589712,4.592575824690169,3.9533180558070393,4.103176805621652,3.8260689374250676,3.9435628846629696,3.3452426399655395,3.8729621203409677,4.847319048589712,4.592575824690169,3.9533180558070393,4.103176805621652,2.8925948984315673,3.6928034566193966,3.414230537262587,4.115572735522205,4.526662966806971,4.427324409235603,3.658974296192176,2.9424962351331914,3.8453292836087627,3.3005088467464807,3.38825291697209,3.1760789838047603,3.787897286338319,2.591640311053732,3.8303400543646866,3.586408411317277,3.8453292836087627,3.3005088467464807,3.38825291697209,3.1760789838047603,3.787897286338319,2.591640311053732,3.8303400543646866,3.586408411317277
0.61880641093223,0.6234951174182923,0.6878414373869123,0.5956665214175543,0.5287262760741653,0.7229246765142199,0.5963890399265603,0.5570467380534261,0.61880641093223,0.6234951174182923,0.6878414373869123,0.5956665214175543,0.5287262760741653,0.7229246765142199,0.5963890399265603,0.5570467380534261,0.61880641093223,0.6234951174182923,0.6878414373869123,0.5956665214175543,0.5287262760741653,0.7229246765142199,0.5963890399265603,0.5570467380534261,0.5496193008351968,0.6379766840475443,0.5290476472660108,0.6138915724676799,0.7973199933701898,0.6177179062909638,0.592088155872545,0.29406962518992064,0.5496193008351968,0.6379766840475443,0.5290476472660108,0.6138915724676799,0.7973199933701898,0.6177179062909638,0.592088155872545,0.29406962518992064,0.5496193008351968,0.6379766840475443,0.5290476472660108,0.6138915724676799,0.7973199933701898,0.6177179062909638,0.592088155872545,0.29406962518992064,0.6149321084952512,0.4665870582978303,0.5583340090385016,0.5784787898638376,0.6492090590950098,0.6363171401818122,0.8226230003262733,1.3683349787973398,0.46118720814392156,0.6154279494856817,0.5955184164868117,0.6961992732001069,0.4779975927308178,0.2936891785934784,0.2954694756390849,0.6500657293789087,0.46118720814392156,0.6154279494856817,0.5955184164868117,0.6961992732001069,0.4779975927308178,0.2936891785934784,0.2954694756390849,0.6500657293789087
0.15870557598866442,0.11737088106568239,0.11800053098472438,0.12113800184956891,0.11638515715677387,0.11172498230247876,0.11611181423162412,0.14221318994752344,0.15870557598866442,0.11737088106568239,0.11800053098472438,0.12113800184956891,0.11638515715677387,0.11172498230247876,0.11611181423162412,0.14221318994752344,0.15870557598866442,0.11737088106568239,0.11800053098472438,0.12113800184956891,0.11638515715677387,0.11172498230247876,0.11611181423162412,0.14221318994752344,0.09729224209637252,0.1260118383655198,0.1223774566458061,0.10374226193055795,0.194785671939782,0.29126203357152197,0.08082373577803849,0.11371001579135984,0.09729224209637252,0.1260118383655198,0.1223774566458061,0.10374226193055795,0.194785671939782,0.29126203357152197,0.08082373577803849,0.11371001579135984,0.09729224209637252,0.1260118383655198,0.1223774566458061,0.10374226193055795,0.194785671939782,0.29126203357152197,0.08082373577803849,0.11371001579135984,0.17737214198987464,0.14113466369991115,0.20817551077771632,0.23046113489384445,0.38290445215029706,0.17031749330317078,0.3791485758871884,0.15791869635255656,0.1761310239300973,0.2425880658745112,0.20821588666970053,0.22538213326016746,0.29550136787838366,0.4814028375498088,0.15563113756112507,0.1988041106664041,0.1761310239300973,0.2425880658745112,0.20821588666970053,0.22538213326016746,0.29550136787838366,0.4814028375498088,0.15563113756112507,0.1988041106664041
1.3076262080179506,1.2468100851402875,1.3858014805297394,1.2376909191414525,1.0925039378677315,1.0733227707247508,1.1068802407742226,1.3365074577831417,1.3076262080179506,1.2468100851402875,1.3858014805297394,1.2376909191414525,1.0925039378677315,1.0733227707247508,1.1068802407742226,1.3365074577831417,1.3076262080179506,1.2468100851402875,1.3858014805297394,1.2376909191414525,1.0925039378677315,1.0733227707247508,1.1068802407742226,1.3365074577831417,1.055470744165686,1.0190445652511082,1.066386871772559,0.9684271231542714,0.8899548355685716,0.8606928160748285,0.8224297061623129,1.0312820896824804,1.055470744165686,1.0190445652511082,1.066386871772559,0.9684271231542714,0.8899548355685716,0.8606928160748285,0.8224297061623129,1.0312820896824804,1.055470744165686,1.0190445652511082,1.066386871772559,0.9684271231542714,0.8899548355685716,0.8606928160748285,0.8224297061623129,1.0312820896824804,0.8631375219867574,0.843591970686802,0.8720102701529576,0.8760355496729503,0.9044565867145149,0.9507208552363623,1.0720189031590477,0.7793947709711015,0.7342370851132649,0.8137131572937926,0.9759197776408818,0.8449439053380062,0.8573791955728249,1.1826252276226854,1.0653696817096663,0.7939471280071896,0.7342370851132649,0.8137131572937926,0.9759197776408818,0.8449439053380062,0.8573791955728249,1.1826252276226854,1.0653696817096663,0.7939471280071896
1.7648193864349504,1.9277204370879937,1.8591501662721375,1.934349706504945,1.5824593803366125,1.7528958015146507,1.6391791836814058,1.903447916540756,1.7648193864349504,1.9277204370879937,1.8591501662721375,1.934349706504945,1.5824593803366125,1.7528958015146507,1.6391791836814058,1.903447916540756,1.7648193864349504,1.9277204370879937,1.8591501662721375,1.934349706504945,1.5824593803366125,1.7528958015146507,1.6391791836814058,1.903447916540756,1.9032716335950888,1.9275764863347458,2.005676230374837,2.0578741803828717,1.4932749046487044,2.094093456287968,1.9831133354766883,2.145361196017174,1.9032716335950888,1.9275764863347458,2.005676230374837,2.0578741803828717,1.4932749046487044,2.094093456287968,1.9831133354766883,2.145361196017174,1.9032716335950888,1.9275764863347458,2.005676230374837,2.0578741803828717,1.4932749046487044,2.094093456287968,1.9831133354766883,2.145361196017174,1.7205231502901595,2.0080370812914032,1.9430858249269156,1.8288815657210236,1.5245327164292015,1.9432367632115657,1.5055458678431821,1.6894537724765772,1.7050924430441206,1.7752919022420344,1.7625396799197492,2.0257765113748767,1.6940065686013326,1.7184438968706943,1.4592385499615959,1.3279652416943342,1.7050924430441206,1.7752919022420344,1.7625396799197492,2.0257765113748767,1.6940065686013326,1.7184438968706943,1.4592385499615959,1.3279652416943342
0.2605916637190013,0.2753096440608919,0.25962400932136226,0.2770726782532426,0.19397256314789812,0.3290600054674864,0.25519490707832554,0.22213270404041982,0.2605916637190013,0.2753096440608919,0.25962400932136226,0.2770726782532426,0.19397256314789812,0.3290600054674864,0.25519490707832554,0.22213270404041982,0.2605916637190013,0.2753096440608919,0.25962400932136226,0.2770726782532426,0.19397256314789812,0.3290600054674864,0.25519490707832554,0.22213270404041982,0.24369366912237111,0.3119012567449671,0.26139927722285033,0.2716963487485889,0.2942602421579454,0.29204304397520303,0.38803620715368686,0.37765851841699427,0.24369366912237111,0.3119012567449671,0.26139927722285033,0.2716963487485889,0.2942602421579454,0.29204304397520303,0.38803620715368686,0.37765851841699427,0.24369366912237111,0.3119012567449671,0.26139927722285033,0.2716963487485889,0.2942602421579454,0.29204304397520303,0.38803620715368686,0.37765851841699427,0.2532666510526495,0.23328426652708892,0.2119406318617528,0.28112477399339286,0.28084780396640796,0.33398926649550525,0.17168852902788256,0.24604312206032794,0.25191470692984924,0.20464500754969084,0.2803408655836139,0.2983649957211962,0.20114810802554342,0.29714018006942194,0.1258506777057592,0.3189328099345094,0.25191470692984924,0.20464500754969084,0.2803408655836139,0.2983649957211962,0.20114810802554342,0.29714018006942194,0.1258506777057592,0.3189328099345094
1.5275228810531234,1.438180702549855,1.4054314301803315,1.2885004244784755,1.2846140397370456,1.5575224565946706,1.174378454521736,1.136981145522049,1.5275228810531234,1.438180702549855,1.4054314301803315,1.2885004244784755,1.2846140397370456,1.5575224565946706,1.174378454521736,1.136981145522049,1.5275228810531234,1.438180702549855,1.4054314301803315,1.2885004244784755,1.2846140397370456,1.5575224565946706,1.174378454521736,1.136981145522049,1.1529270947796102,0.862301135691749,0.953680516188493,1.1300310825477697,0.8780519707598404,1.451941237710501,0.9813155138901439,1.0962383161051192,1.1529270947796102,0.862301135691749,0.953680516188493,1.1300310825477697,0.8780519707598404,1.451941237710501,0.9813155138901439,1.0962383161051192,1.1529270947796102,0.862301135691749,0.953680516188493,1.1300310825477697,0.8780519707598404,1.451941237710501,0.9813155138901439,1.0962383161051192,0.9707313464580216,0.8900057160320868,0.9777146599356266,0.7845637210563391,1.1963193559754335,0.9792744925558753,0.7418339953793764,0.6843022133772673,0.9437817985172194,1.2454636786546298,0.9064262653914523,0.658886895739662,0.9261315623571011,1.0569699150847127,0.8094315152897062,1.0321241977997109,0.9437817985172194,1.2454636786546298,0.9064262653914523,0.658886895739662,0.9261315623571011,1.0569699150847127,0.8094315152897062,1.0321241977997109
0.6964381782660674,0.7519759027143067,0.7283645059798888,0.7115479350439146,0.8188160944030686,0.7896086325659024,0.8506924058926553,0.9323470714710655,0.6964381782660674,0.7519759027143067,0.7283645059798888,0.7115479350439146,0.8188160944030686,0.7896086325659024,0.8506924058926553,0.9323470714710655,0.6964381782660674,0.7519759027143067,0.7283645059798888,0.7115479350439146,0.8188160944030686,0.7896086325659024,0.8506924058926553,0.9323470714710655,0.871635071063268,0.7986533567282956,0.81118918836538,0.8025256362178617,0.8631065706171249,0.8531019430166383,0.9175300423745699,0.9955235079407446,0.871635071063268,0.7986533567282956,0.81118918836538,0.8025256362178617,0.8631065706171249,0.8531019430166383,0.9175300423745699,0.9955235079407446,0.871635071063268,0.7986533567282956,0.81118918836538,0.8025256362178617,0.8631065706171249,0.8531019430166383,0.9175300423745699,0.9955235079407446,0.8569608645581953,0.8633357083937495,0.7552107192424966,0.8859464050489179,1.0107450456639289,0.9180389175049705,0.8639796840412642,1.0250740287904212,0.8915671225921165,0.9479229132252961,0.8554665545833122,0.8820232318406799,0.8997906039123006,0.9932403588613976,0.9529789027892975,1.0689087376840878,0.8915671225921165,0.9479229132252961,0.8554665545833122,0.8820232318406799,0.8997906039123006,0.9932403588613976,0.9529789027892975,1.0689087376840878
0.37544463537230116,0.36526622664015235,0.3363524022170066,0.36629926371610905,0.36125831188679347,0.30906510489821787,0.3341734796701821,0.3621760015121772,0.37544463537230116,0.36526622664015235,0.3363524022170066,0.36629926371610905,0.36125831188679347,0.30906510489821787,0.3341734796701821,0.3621760015121772,0.37544463537230116,0.36526622664015235,0.3363524022170066,0.36629926371610905,0.36125831188679347,0.30906510489821787,0.3341734796701821,0.3621760015121772,0.3731436240103547,0.35392964390378934,0.3598979624139223,0.41727861632510016,0.3624944878452972,0.3852004633198054,0.3591238250924968,0.4820645521914045,0.3731436240103547,0.35392964390378934,0.3598979624139223,0.41727861632510016,0.3624944878452972,0.3852004633198054,0.3591238250924968,0.4820645521914045,0.3731436240103547,0.35392964390378934,0.3598979624139223,0.41727861632510016,0.3624944878452972,0.3852004633198054,0.3591238250924968,0.4820645521914045,0.3704198570516165,0.42469306041299,0.37396744531094095,0.45898954226112904,0.32845440445557744,0.39684416303352116,0.43166935565905185,0.4495811410459237,0.3444703027876808,0.44119881415346013,0.40136862781729227,0.4398911316593973,0.34543723772589613,0.4420679142430859,0.4315846592660287,0.42386957341339515,0.3444703027876808,0.44119881415346013,0.40136862781729227,0.4398911316593973,0.34543723772589613,0.4420679142430859,0.4315846592660287,0.42386957341339515
0.43707932521669485,0.36328606164153004,0.4582436845690067,0.42299545149519974,0.4045250326597079,0.37560796087498866,0.4584270783130532,0.40183128213412983,0.43707932521669485,0.36328606164153004,0.4582436845690067,0.42299545149519974,0.4045250326597079,0.37560796087498866,0.4584270783130532,0.40183128213412983,0.43707932521669485,0.36328606164153004,0.4582436845690067,0.42299545149519974,0.4045250326597079,0.37560796087498866,0.4584270783130532,0.40183128213412983,0.42648820529837417,0.42464549255978473,0.3824267257862735,0.4141722112080987,0.4242916184835381,0.40011637270922285,0.34486603520021736,0.4288362843987517,0.42648820529837417,0.42464549255978473,0.3824267257862735,0.4141722112080987,0.4242916184835381,0.40011637270922285,0.34486603520021736,0.4288362843987517,0.42648820529837417,0.42464549255978473,0.3824267257862735,0.4141722112080987,0.4242916184835381,0.40011637270922285,0.34486603520021736,0.4288362843987517,0.4490059597805856,0.44491863711535595,0.4318430615101766,0.4496164823630899,0.4420537873899373,0.4099767253473252,0.3844175320304107,0.3651505287751505,0.4486882548037446,0.44501083953431225,0.4607049664767214,0.37540615440321295,0.36087346831830597,0.48231741202016193,0.49535048367056284,0.346902867016794,0.4486882548037446,0.44501083953431225,0.4607049664767214,0.37540615440321295,0.36087346831830597,0.48231741202016193,0.49535048367056284,0.346902867016794
1.0764725718107413,1.059368143353421,1.0379476619464545,1.065409138593821,1.2116288730495837,1.2720835257609744,1.0086619099095229,1.3993225807298049,1.0764725718107413,1.059368143353421,1.0379476619464545,1.065409138593821,1.2116288730495837,1.2720835257609744,1.0086619099095229,1.3993225807298049,1.0764725718107413,1.059368143353421,1.0379476619464545,1.065409138593821,1.2116288730495837,1.2720835257609744,1.0086619099095229,1.3993225807298049,1.0543357243427387,1.0926929600350601,1.1112809409236724,1.0824513808043659,1.2003458298529426,1.2380278523508441,1.0346965506465895,1.040735589002661,1.0543357243427387,1.0926929600350601,1.1112809409236724,1.0824513808043659,1.2003458298529426,1.2380278523508441,1.0346965506465895,1.040735589002661,1.0543357243427387,1.0926929600350601,1.1112809409236724,1.0824513808043659,1.2003458298529426,1.2380278523508441,1.0346965506465895,1.040735589002661,1.0707758458265224,1.0408367063179949,0.9972141110201427,0.9727743792908258,1.0695996523944458,0.9954013641296626,0.9938408209176283,0.9688988298600585,1.0854170024502758,1.1187862532719595,1.034291959939275,1.0157775800495226,1.089545088408992,1.0288041172403248,0.8837361981231633,1.1768989896748334,1.0854170024502758,1.1187862532719595,1.034291959939275,1.0157775800495226,1.089545088408992,1.0288041172403248,0.8837361981231633,1.1768989896748334
0.7659407661372721,0.8506058041397907,0.7434906829581044,0.8407557219930885,0.8742426599783516,0.8889349619534995,0.9653863277419331,0.9483168491427688,0.7659407661372721,0.8506058041397907,0.7434906829581044,0.8407557219930885,0.8742426599783516,0.8889349619534995,0.9653863277419331,0.9483168491427688,0.7659407661372721,0.8506058041397907,0.7434906829581044,0.8407557219930885,0.8742426599783516,0.8889349619534995,0.9653863277419331,0.9483168491427688,0.8200832489281746,0.7669084699369904,0.7818824004398481,0.7092043378480244,0.7570512953649561,0.7515297612369054,0.946247393835123,0.8161099723234906,0.8200832489281746,0.7669084699369904,0.7818824004398481,0.7092043378480244,0.7570512953649561,0.7515297612369054,0.946247393835123,0.8161099723234906,0.8200832489281746,0.7669084699369904,0.7818824004398481,0.7092043378480244,0.7570512953649561,0.7515297612369054,0.946247393835123,0.8161099723234906,0.787724988039921,0.7261567430036554,0.8624525708679139,0.7965019606117546,0.7285724452553797,0.73717386516309,0.7404351685598152,0.9168833825035242,0.8361681867104019,0.5806419959036695,0.8099828830539221,0.7648526098788773,0.8633433871438029,0.9549833736234212,0.7864398247918466,0.7320110546196581,0.8361681867104019,0.5806419959036695,0.8099828830539221,0.7648526098788773,0.8633433871438029,0.9549833736234212,0.7864398247918466,0.7320110546196581
0.47620923251417074,0.5091280089146812,0.4884090349981135,0.45189449894658756,0.4590910840869947,0.5014505194830567,0.559184477632732,0.5763806897977914,0.47620923251417074,0.5091280089146812,0.4884090349981135,0.45189449894658756,0.4590910840869947,0.5014505194830567,0.559184477632732,0.5763806897977914,0.47620923251417074,0.5091280089146812,0.4884090349981135,0.45189449894658756,0.4590910840869947,0.5014505194830567,0.559184477632732,0.5763806897977914,0.5421346115154995,0.5695947940870301,0.4852618675843637,0.5192016738037812,0.4844496336259634,0.6150260455355221,0.545013306117691,0.5257293965082251,0.5421346115154995,0.5695947940870301,0.4852618675843637,0.5192016738037812,0.4844496336259634,0.6150260455355221,0.545013306117691,0.5257293965082251,0.5421346115154995,0.5695947940870301,0.4852618675843637,0.5192016738037812,0.4844496336259634,0.6150260455355221,0.545013306117691,0.5257293965082251,0.5486338954915928,0.5627918162840547,0.5680428396445675,0.5704726424253177,0.7024084503368287,0.629309154793419,0.5940957469443556,0.5649211520167868,0.5230994074420555,0.5485185706225331,0.5340453780425575,0.6046201514165938,0.6452372970013661,0.6923875797065072,0.6551136265211114,0.517744621828595,0.5230994074420555,0.5485185706225331,0.5340453780425575,0.6046201514165938,0.6452372970013661,0.6923875797065072,0.6551136265211114,0.517744621828595
0.44425421317050834,0.4868794665829409,0.387594149628576,0.48322425885470294,0.4744264780364181,0.49693534846175325,0.4381070169973489,0.4749661968016655,0.44425421317050834,0.4868794665829409,0.387594149628576,0.48322425885470294,0.4744264780364181,0.49693534846175325,0.4381070169973489,0.4749661968016655,0.44425421317050834,0.4868794665829409,0.387594149628576,0.48322425885470294,0.4744264780364181,0.49693534846175325,0.4381070169973489,0.4749661968016655,0.4278814476107592,0.4803666656070743,0.4212327275357863,0.45747699835106737,0.3832459650931045,0.3530878975583854,0.4009596817226167,0.3510569145356889,0.4278814476107592,0.4803666656070743,0.4212327275357863,0.45747699835106737,0.3832459650931045,0.3530878975583854,0.4009596817226167,0.3510569145356889,0.4278814476107592,0.4803666656070743,0.4212327275357863,0.45747699835106737,0.3832459650931045,0.3530878975583854,0.4009596817226167,0.3510569145356889,0.4372045738500384,0.4256581327790751,0.44142515431411733,0.38859412926454523,0.2975990968057324,0.4196829298525472,0.3773633850069931,0.283992649992545,0.41131346343428904,0.4499651765784566,0.4277301935937944,0.3874346256875302,0.350185723666535,0.39728549692673554,0.3893087704723696,0.2930090941055687,0.41131346343428904,0.4499651765784566,0.4277301935937944,0.3874346256875302,0.350185723666535,0.39728549692673554,0.3893087704723696,0.2930090941055687
0.6312417573581425,0.6123532846594937,0.6111188293732488,0.5737814162481032,0.5501134275747305,0.48614169539655555,0.5802554998930682,0.5846095647891201,0.6312417573581425,0.6123532846594937,0.6111188293732488,0.5737814162481032,0.5501134275747305,0.48614169539655555,0.5802554998930682,0.5846095647891201,0.6312417573581425,0.6123532846594937,0.6111188293732488,0.5737814162481032,0.5501134275747305,0.48614169539655555,0.5802554998930682,0.5846095647891201,0.545477602746012,0.48145890267721114,0.5443680972947466,0.5061512937380706,0.5290397909629461,0.4877073325707704,0.49391495326037554,0.4993009759750564,0.545477602746012,0.48145890267721114,0.5443680972947466,0.5061512937380706,0.5290397909629461,0.4877073325707704,0.49391495326037554,0.4993009759750564,0.545477602746012,0.48145890267721114,0.5443680972947466,0.5061512937380706,0.5290397909629461,0.4877073325707704,0.49391495326037554,0.4993009759750564,0.49966468778880546,0.5327342660898973,0.5218008627906628,0.5318814573802112,0.4841293678354228,0.5856746574228648,0.5323399135655673,0.5016017585945439,0.49371517549105703,0.5069895273159192,0.5186431222468959,0.5129625909914592,0.450152875525132,0.49907483770128186,0.48953651470929693,0.5283922379840325,0.49371517549105703,0.5069895273159192,0.5186431222468959,0.5129625909914592,0.450152875525132,0.49907483770128186,0.48953651470929693,0.5283922379840325
0.6324901712784653,0.6700151999158424,0.6149933834109204,0.6221887107969687,0.6768186177014914,0.6342652079782753,0.7331521454512019,0.6594884339493193,0.6324901712784653,0.6700151999158424,0.6149933834109204,0.6221887107969687,0.6768186177014914,0.6342652079782753,0.7331521454512019,0.6594884339493193,0.6324901712784653,0.6700151999158424,0.6149933834109204,0.6221887107969687,0.6768186177014914,0.6342652079782753,0.7331521454512019,0.6594884339493193,0.6743598245725873,0.6451281842907626,0.6200985429603809,0.6555199506468402,0.7217351475695459,0.7535022971598127,0.6741518759787472,0.7228409623158593,0.6743598245725873,0.6451281842907626,0.6200985429603809,0.6555199506468402,0.7217351475695459,0.7535022971598127,0.6741518759787472,0.7228409623158593,0.6743598245725873,0.6451281842907626,0.6200985429603809,0.6555199506468402,0.7217351475695459,0.7535022971598127,0.6741518759787472,0.7228409623158593,0.7647034825297266,0.748965901720095,0.8223410961810877,0.6932284931604082,0.8449789298412106,0.8700737784949809,0.982269741562953,0.7876025475804994,0.7459047600854739,0.746131052393609,0.8063563849789183,0.6700162429656302,0.8302535977224872,0.8109046489996937,0.863163603004914,0.7706446713823923,0.7459047600854739,0.746131052393609,0.8063563849789183,0.6700162429656302,0.8302535977224872,0.8109046489996937,0.863163603004914,0.7706446713823923
0.5387922961116149,0.5169226324338502,0.5275041598490187,0.5459502175047403,0.6190614154110217,0.7440768194338939,0.6575686720916933,0.7072605403825876,0.5387922961116149,0.5169226324338502,0.5275041598490187,0.5459502175047403,0.6190614154110217,0.7440768194338939,0.6575686720916933,0.7072605403825876,0.5387922961116149,0.5169226324338502,0.5275041598490187,0.5459502175047403,0.6190614154110217,0.7440768194338939,0.6575686720916933,0.7072605403825876,0.6482186248845103,0.6289806168738282,0.6010308330417079,0.633468388585358,0.6567996251558234,0.6394622066258002,0.7723566090959196,0.6976666866370125,0.6482186248845103,0.6289806168738282,0.6010308330417079,0.633468388585358,0.6567996251558234,0.6394622066258002,0.7723566090959196,0.6976666866370125,0.6482186248845103,0.6289806168738282,0.6010308330417079,0.633468388585358,0.6567996251558234,0.6394622066258002,0.7723566090959196,0.6976666866370125,0.6619467539457322,0.7179239500787257,0.6534160080462773,0.5996656633125665,0.734836095500593,0.7612710632761387,0.7457916577632202,0.6892594957738072,0.649445351426302,0.652529260580764,0.6681919014663311,0.6731108579991892,0.8270421035675225,0.6677892505615031,0.7326515616680978,0.6647476628060773,0.649445351426302,0.652529260580764,0.6681919014663311,0.6731108579991892,0.8270421035675225,0.6677892505615031,0.7326515616680978,0.6647476628060773
1.4172552347387277,1.2637859552159634,1.4196759648033968,1.2388545285995922,1.5520168713001774,1.2722051372086822,1.4396330830831021,1.4268103729619166,1.4172552347387277,1.2637859552159634,1.4196759648033968,1.2388545285995922,1.5520168713001774,1.2722051372086822,1.4396330830831021,1.4268103729619166,1.4172552347387277,1.2637859552159634,1.4196759648033968,1.2388545285995922,1.5520168713001774,1.2722051372086822,1.4396330830831021,1.4268103729619166,1.654809347210067,1.5033307842237775,1.569247986033251,1.495280316279686,1.4401307898630908,1.4662918139189172,1.6045793322042983,1.4206875494748794,1.654809347210067,1.5033307842237775,1.569247986033251,1.495280316279686,1.4401307898630908,1.4662918139189172,1.6045793322042983,1.4206875494748794,1.654809347210067,1.5033307842237775,1.569247986033251,1.495280316279686,1.4401307898630908,1.4662918139189172,1.6045793322042983,1.4206875494748794,1.444004211615377,1.5432311472990117,1.344563609021336,1.3166751540022221,1.0918115824075272,1.1045635110521372,0.9315474208325963,1.321932218661018,1.459676295918085,1.48394712929119,1.3229577801260968,1.3063941452854169,1.0430174626680928,1.2596893730711765,1.2718250724703217,1.0728642372386932,1.459676295918085,1.48394712929119,1.3229577801260968,1.3063941452854169,1.0430174626680928,1.2596893730711765,1.2718250724703217,1.0728642372386932
2.538013967770866,2.5268029147803994,2.5836675972020937,2.7439430694725377,2.557481295392887,2.7969056881901198,2.8109247771768358,2.8463301954974023,2.538013967770866,2.5268029147803994,2.5836675972020937,2.7439430694725377,2.557481295392887,2.7969056881901198,2.8109247771768358,2.8463301954974023,2.538013967770866,2.5268029147803994,2.5836675972020937,2.7439430694725377,2.557481295392887,2.7969056881901198,2.8109247771768358,2.8463301954974023,2.688611769802335,2.649096353082796,2.649784294844736,2.821474173916013,2.467209979186111,2.6818639070724357,2.6904784889829068,2.46267727067411,2.688611769802335,2.649096353082796,2.649784294844736,2.821474173916013,2.467209979186111,2.6818639070724357,2.6904784889829068,2.46267727067411,2.688611769802335,2.649096353082796,2.649784294844736,2.821474173916013,2.467209979186111,2.6818639070724357,2.6904784889829068,2.46267727067411,2.65442558872467,2.8627180571057176,2.6898090972121973,2.7274832697538796,2.4810510567147683,2.75676729424631,2.467001996833946,2.4477618160406927,2.6508397090868887,2.8843966036484217,2.7025563725564163,2.654380417954165,2.708095622150319,2.6665340019165686,2.4866820669253427,2.798227802933253,2.6508397090868887,2.8843966036484217,2.7025563725564163,2.654380417954165,2.708095622150319,2.6665340019165686,2.4866820669253427,2.798227802933253
1.5564550064580964,1.617537620324761,1.5778705610491586,1.6629789019744903,1.655143085860408,1.6072250650621902,1.6471668589544328,1.6821521569909776,1.5564550064580964,1.617537620324761,1.5778705610491586,1.6629789019744903,1.655143085860408,1.6072250650621902,1.6471668589544328,1.6821521569909776,1.5564550064580964,1.617537620324761,1.5778705610491586,1.6629789019744903,1.655143085860408,1.6072250650621902,1.6471668589544328,1.6821521569909776,1.6126574854785907,1.6106751562036725,1.6133898505307398,1.625466563192151,1.6175623337040614,1.549925019238767,1.648286128421858,1.3889340420677228,1.6126574854785907,1.6106751562036725,1.6133898505307398,1.625466563192151,1.6175623337040614,1.549925019238767,1.648286128421858,1.3889340420677228,1.6126574854785907,1.6106751562036725,1.6133898505307398,1.625466563192151,1.6175623337040614,1.549925019238767,1.648286128421858,1.3889340420677228,1.6397619699837802,1.704751733729244,1.7342114566045586,1.6696067285353051,1.4032608711558636,1.4037398927813294,1.8543353125681987,1.6701722799718686,1.7497232619938679,1.718713741371702,1.6910836750013623,1.775998934655866,1.4800097525320803,1.376110867490706,1.8030676901258174,1.7447536720312933,1.7497232619938679,1.718713741371702,1.6910836750013623,1.775998934655866,1.4800097525320803,1.376110867490706,1.8030676901258174,1.7447536720312933
4.797760277699822,5.126946776844933,5.070413834741931,5.342974535068021,5.036470547508791,4.485516254165644,4.9167774559997355,5.064820540053213,4.797760277699822,5.126946776844933,5.070413834741931,5.342974535068021,5.036470547508791,4.485516254165644,4.9167774559997355,5.064820540053213,4.797760277699822,5.126946776844933,5.070413834741931,5.342974535068021,5.036470547508791,4.485516254165644,4.9167774559997355,5.064820540053213,4.845228851097761,5.063492568452916,4.7126961710904824,5.021756965224019,4.522630166492962,5.0582749510649645,4.220810228007099,4.038348328646674,4.845228851097761,5.063492568452916,4.7126961710904824,5.021756965224019,4.522630166492962,5.0582749510649645,4.220810228007099,4.038348328646674,4.845228851097761,5.063492568452916,4.7126961710904824,5.021756965224019,4.522630166492962,5.0582749510649645,4.220810228007099,4.038348328646674,4.263231763792093,4.428757906147346,4.147181902188827,4.618798080534545,4.406597355976211,4.277210511750217,4.098573284883075,4.441216603593138,4.444004339364842,4.607346909303027,4.185106361208269,4.427489270819148,4.086199443436276,4.263673530923446,4.538046391320643,3.7342240074737063,4.444004339364842,4.607346909303027,4.185106361208269,4.427489270819148,4.086199443436276,4.263673530923446,4.538046391320643,3.7342240074737063
1.3016728517165086,1.3711629049800402,1.3249808890945056,1.3768518924863336,1.2776958325221053,1.2025327523387603,1.2614124499471833,1.2820134544344024,1.3016728517165086,1.3711629049800402,1.3249808890945056,1.3768518924863336,1.2776958325221053,1.2025327523387603,1.2614124499471833,1.2820134544344024,1.3016728517165086,1.3711629049800402,1.3249808890945056,1.3768518924863336,1.2776958325221053,1.2025327523387603,1.2614124499471833,1.2820134544344024,1.233543930656286,1.2174955872889235,1.2133185175847438,1.2117195843103745,1.1833311442672991,1.1882204732595676,1.130408423702734,1.0136601641882022,1.233543930656286,1.2174955872889235,1.2133185175847438,1.2117195843103745,1.1833311442672991,1.1882204732595676,1.130408423702734,1.0136601641882022,1.233543930656286,1.2174955872889235,1.2133185175847438,1.2117195843103745,1.1833311442672991,1.1882204732595676,1.130408423702734,1.0136601641882022,1.1028292071794588,1.1162667960328998,1.1688294243806683,1.1842623918836617,1.1501038318549743,1.1320684207309784,1.1604806533744143,1.1521154045546993,1.0977148085544814,1.1191348581500458,1.08801272750436,1.1287643980311843,1.195472565754738,0.9611867936991145,0.9736748191268924,1.130971831689915,1.0977148085544814,1.1191348581500458,1.08801272750436,1.1287643980311843,1.195472565754738,0.9611867936991145,0.9736748191268924,1.130971831689915
2.214179362889193,2.2738490685015704,2.110062953533872,2.337180631448697,2.0169632249256866,2.2404595052979714,2.0405492820351885,2.1969794655510606,2.214179362889193,2.2738490685015704,2.110062953533872,2.337180631448697,2.0169632249256866,2.2404595052979714,2.0405492820351885,2.1969794655510606,2.214179362889193,2.2738490685015704,2.110062953533872,2.337180631448697,2.0169632249256866,2.2404595052979714,2.0405492820351885,2.1969794655510606,2.131606537464842,2.1665507812401095,2.0795721745356697,2.106846938605366,1.6436321003612253,2.1452106118086167,1.9615125544058665,1.8940988949529565,2.131606537464842,2.1665507812401095,2.0795721745356697,2.106846938605366,1.6436321003612253,2.1452106118086167,1.9615125544058665,1.8940988949529565,2.131606537464842,2.1665507812401095,2.0795721745356697,2.106846938605366,1.6436321003612253,2.1452106118086167,1.9615125544058665,1.8940988949529565,1.8855729528355365,1.9803215937051502,1.9330681307645192,2.0378898264790672,1.6434688582479509,1.635558596000808,1.8772363425591791,1.8337082853691125,1.7258901202594632,1.9914708286759002,2.007016652661197,1.9817287816092595,1.80819222645097,2.117347699335993,1.7981245426290038,2.1436981839581355,1.7258901202594632,1.9914708286759002,2.007016652661197,1.9817287816092595,1.80819222645097,2.117347699335993,1.7981245426290038,2.1436981839581355
1.824995183710671,2.040619373949603,1.9581337513698618,1.9222248914224416,2.0147572933643336,1.9774247338436133,1.880234726436015,1.8893467557875159,1.824995183710671,2.040619373949603,1.9581337513698618,1.9222248914224416,2.0147572933643336,1.9774247338436133,1.880234726436015,1.8893467557875159,1.824995183710671,2.040619373949603,1.9581337513698618,1.9222248914224416,2.0147572933643336,1.9774247338436133,1.880234726436015,1.8893467557875159,1.8755535483778634,1.9957265517234748,1.8768140336771353,1.8767117175300168,1.683253392507431,1.6607907988749542,1.5577503696791672,1.6283880283858003,1.8755535483778634,1.9957265517234748,1.8768140336771353,1.8767117175300168,1.683253392507431,1.6607907988749542,1.5577503696791672,1.6283880283858003,1.8755535483778634,1.9957265517234748,1.8768140336771353,1.8767117175300168,1.683253392507431,1.6607907988749542,1.5577503696791672,1.6283880283858003,1.569548137236867,1.6906656883663502,1.6332555163185607,1.8844597222761483,1.231558663946943,1.6959404908062812,1.6210468973443977,1.5553200925194681,1.734661202942379,1.7952882342584648,1.669869124321912,1.9414277596008638,1.7103578192586055,1.559649701197762,1.8656133008669094,1.9325539607120734,1.734661202942379,1.7952882342584648,1.669869124321912,1.9414277596008638,1.7103578192586055,1.559649701197762,1.8656133008669094,1.9325539607120734
0.3801081732357943,0.383685800741885,0.3129507355531568,0.3320920635574355,0.3009253310681047,0.27763942588995,0.269015874585234,0.35939201736910437,0.3801081732357943,0.383685800741885,0.3129507355531568,0.3320920635574355,0.3009253310681047,0.27763942588995,0.269015874585234,0.35939201736910437,0.3801081732357943,0.383685800741885,0.3129507355531568,0.3320920635574355,0.3009253310681047,0.27763942588995,0.269015874585234,0.35939201736910437,0.34755470034969516,0.33450351005052514,0.31500823625997193,0.3355413455813862,0.33584294803253684,0.2592984922891387,0.24917943236074178,0.2998437713393939,0.34755470034969516,0.33450351005052514,0.31500823625997193,0.3355413455813862,0.33584294803253684,0.2592984922891387,0.24917943236074178,0.2998437713393939,0.34755470034969516,0.33450351005052514,0.31500823625997193,0.3355413455813862,0.33584294803253684,0.2592984922891387,0.24917943236074178,0.2998437713393939,0.34439100057235256,0.26226319790295094,0.25017131529640846,0.2628260793558247,0.3086163990455829,0.25837594110981577,0.2174984436797076,0.26781484557505403,0.29081359473498364,0.27540788498661223,0.2543109644434262,0.26951867634272164,0.27794543828833607,0.26147513006670764,0.2644949080055258,0.2708469730475379,0.29081359473498364,0.27540788498661223,0.2543109644434262,0.26951867634272164,0.27794543828833607,0.26147513006670764,0.2644949080055258,0.2708469730475379
1.1377098180588892,1.1594409037420268,1.0771308158193984,1.116744939286823,1.317145818477681,1.1515174249712865,1.220387050935431,1.2206604600012214,1.1377098180588892,1.1594409037420268,1.0771308158193984,1.116744939286823,1.317145818477681,1.1515174249712865,1.220387050935431,1.2206604600012214,1.1377098180588892,1.1594409037420268,1.0771308158193984,1.116744939286823,1.317145818477681,1.1515174249712865,1.220387050935431,1.2206604600012214,1.1926034966620116,1.1497243558058563,1.0991120614812502,1.1401379572933752,1.2834262104532057,1.4113677067421542,1.1490405673850266,1.2656312386284982,1.1926034966620116,1.1497243558058563,1.0991120614812502,1.1401379572933752,1.2834262104532057,1.4113677067421542,1.1490405673850266,1.2656312386284982,1.1926034966620116,1.1497243558058563,1.0991120614812502,1.1401379572933752,1.2834262104532057,1.4113677067421542,1.1490405673850266,1.2656312386284982,1.3366169200382163,1.3892980799962484,1.3360018379205667,1.2851812083539669,1.7117425417211618,1.3898856320794917,1.4467036815722571,1.2967819403617356,1.2875983825442336,1.2237264346789514,1.356679401934246,1.2768591335874038,2.5563067596128244,1.5353559687887877,1.3119352790371022,1.2497221878268427,1.2875983825442336,1.2237264346789514,1.356679401934246,1.2768591335874038,2.5563067596128244,1.5353559687887877,1.3119352790371022,1.2497221878268427
2.5960898187696055,2.7052069534720213,2.663696991173071,2.6386458664911876,2.791829515393929,2.5731646328725786,2.6381150591723763,2.4974412570115363,2.5960898187696055,2.7052069534720213,2.663696991173071,2.6386458664911876,2.791829515393929,2.5731646328725786,2.6381150591723763,2.4974412570115363,2.5960898187696055,2.7052069534720213,2.663696991173071,2.6386458664911876,2.791829515393929,2.5731646328725786,2.6381150591723763,2.4974412570115363,2.4136616705723295,2.4095430224828966,2.433081968498352,2.3671257463713187,2.58803002557343,2.3885108728769286,2.6577734395137065,2.438531039109646,2.4136616705723295,2.4095430224828966,2.433081968498352,2.3671257463713187,2.58803002557343,2.3885108728769286,2.6577734395137065,2.438531039109646,2.4136616705723295,2.4095430224828966,2.433081968498352,2.3671257463713187,2.58803002557343,2.3885108728769286,2.6577734395137065,2.438531039109646,2.0813812995971346,2.417612894999222,2.3611466047527085,2.2503620660850134,2.4909745022150496,2.1942946836668433,2.664102473512552,2.3416303010142294,2.1806730063357276,2.1815535118538865,2.3833161457565293,2.2792237247421774,2.3697243543585977,2.193416138412433,2.579566711659375,2.2801858149205083,2.1806730063357276,2.1815535118538865,2.3833161457565293,2.2792237247421774,2.3697243543585977,2.193416138412433,2.579566711659375,2.2801858149205083
0.6602795621048949,0.6099574558627754,0.6599001382160743,0.6006666155700454,0.6590129784715584,0.624156712328253,0.7143269402574818,0.7312140311522927,0.6602795621048949,0.6099574558627754,0.6599001382160743,0.6006666155700454,0.6590129784715584,0.624156712328253,0.7143269402574818,0.7312140311522927,0.6602795621048949,0.6099574558627754,0.6599001382160743,0.6006666155700454,0.6590129784715584,0.624156712328253,0.7143269402574818,0.7312140311522927,0.5517977469501092,0.7074565420207768,0.697726043479442,0.756399905417716,0.6576787482841543,0.5262363552644311,0.961444100652237,0.6512875608597805,0.5517977469501092,0.7074565420207768,0.697726043479442,0.756399905417716,0.6576787482841543,0.5262363552644311,0.961444100652237,0.6512875608597805,0.5517977469501092,0.7074565420207768,0.697726043479442,0.756399905417716,0.6576787482841543,0.5262363552644311,0.961444100652237,0.6512875608597805,0.692156903199854,0.6991821890341015,0.627577197220112,0.701068089295745,1.1888872646992468,0.5280611915571158,0.5282071481943774,0.5961670572582558,0.684748858485588,0.846277361776778,0.8139561585643398,0.657759600240308,0.7328805546899366,1.4400971070858415,0.570410525865342,0.8275489308284865,0.684748858485588,0.846277361776778,0.8139561585643398,0.657759600240308,0.7328805546899366,1.4400971070858415,0.570410525865342,0.8275489308284865
2.4108395366434174,2.207274529172136,2.3036583992829422,2.156080937927905,2.5228153767742785,2.0149690432686893,2.14896450819296,1.5647119258183109,2.4108395366434174,2.207274529172136,2.3036583992829422,2.156080937927905,2.5228153767742785,2.0149690432686893,2.14896450819296,1.5647119258183109,2.4108395366434174,2.207274529172136,2.3036583992829422,2.156080937927905,2.5228153767742785,2.0149690432686893,2.14896450819296,1.5647119258183109,1.9112219457010444,1.7722707527285835,2.3339117483853276,2.0607110357939336,1.5717425974005876,1.4323361592885093,1.8703061728723303,2.262440119247121,1.9112219457010444,1.7722707527285835,2.3339117483853276,2.0607110357939336,1.5717425974005876,1.4323361592885093,1.8703061728723303,2.262440119247121,1.9112219457010444,1.7722707527285835,2.3339117483853276,2.0607110357939336,1.5717425974005876,1.4323361592885093,1.8703061728723303,2.262440119247121,2.5622918542273485,2.3134557798571214,2.0013568905852814,2.1584574412409494,1.623358807801421,2.6292200387707867,1.5689435622249803,2.1982047120285086,2.711444900696256,2.2032275755116055,2.020057892239037,2.7174188420813583,2.7074063677206897,2.696864053340322,2.33514572946514,1.9252864105473364,2.711444900696256,2.2032275755116055,2.020057892239037,2.7174188420813583,2.7074063677206897,2.696864053340322,2.33514572946514,1.9252864105473364
0.25504161631607264,0.23721537505179194,0.29855702702850984,0.22507219174593454,0.2430460360704021,0.408267115069804,0.2981255763672917,0.4698762160993125,0.25504161631607264,0.23721537505179194,0.29855702702850984,0.22507219174593454,0.2430460360704021,0.408267115069804,0.2981255763672917,0.4698762160993125,0.25504161631607264,0.23721537505179194,0.29855702702850984,0.22507219174593454,0.2430460360704021,0.408267115069804,0.2981255763672917,0.4698762160993125,0.20121148798978394,0.2431170781849155,0.3248966213816225,0.5083162419028202,0.8270114491451374,0.7238069636796134,0.24861065779448852,0.36816592893860706,0.20121148798978394,0.2431170781849155,0.3248966213816225,0.5083162419028202,0.8270114491451374,0.7238069636796134,0.24861065779448852,0.36816592893860706,0.20121148798978394,0.2431170781849155,0.3248966213816225,0.5083162419028202,0.8270114491451374,0.7238069636796134,0.24861065779448852,0.36816592893860706,0.29098477952182317,0.48785433089567826,0.5225369166134483,0.38609149483610244,0.3985503377540094,0.8578262396119625,0.7006572874347337,0.9163995779566545,0.28241988292797865,0.4656291078723312,0.4119560974251888,0.40191001459580766,0.4323399688049488,0.7252593773721006,0.8739359038530253,0.5398587894911999,0.28241988292797865,0.4656291078723312,0.4119560974251888,0.40191001459580766,0.4323399688049488,0.7252593773721006,0.8739359038530253,0.5398587894911999
2.5580323550563433,2.5756472007460105,2.425667066171691,2.5948309183981166,2.305657258147632,2.2875167434613,2.343235502225522,2.2283966140076017,2.5580323550563433,2.5756472007460105,2.425667066171691,2.5948309183981166,2.305657258147632,2.2875167434613,2.343235502225522,2.2283966140076017,2.5580323550563433,2.5756472007460105,2.425667066171691,2.5948309183981166,2.305657258147632,2.2875167434613,2.343235502225522,2.2283966140076017,2.1976361040693395,2.164025921884204,2.0094933966239124,2.3797694419692905,1.6968510614193693,1.8976371163492876,1.6360406593833514,1.8325877337181624,2.1976361040693395,2.164025921884204,2.0094933966239124,2.3797694419692905,1.6968510614193693,1.8976371163492876,1.6360406593833514,1.8325877337181624,2.1976361040693395,2.164025921884204,2.0094933966239124,2.3797694419692905,1.6968510614193693,1.8976371163492876,1.6360406593833514,1.8325877337181624,2.2866202381362317,2.3254260306441132,2.068135758544181,2.073331426866271,1.9143412517334215,1.4250422498502529,2.5569456505211603,1.909817725946271,2.248520334091746,2.0697623270481684,2.382960739525559,1.785132801251234,1.9519940538799134,1.4933609759095152,1.7575149137977282,2.165954759407227,2.248520334091746,2.0697623270481684,2.382960739525559,1.785132801251234,1.9519940538799134,1.4933609759095152,1.7575149137977282,2.165954759407227
4.0317964931671675,4.045022341198315,3.9102392418680165,3.8900788282826366,3.8370110163869255,3.7284534241280416,3.813662577620239,3.8000079054808165,4.0317964931671675,4.045022341198315,3.9102392418680165,3.8900788282826366,3.8370110163869255,3.7284534241280416,3.813662577620239,3.8000079054808165,4.0317964931671675,4.045022341198315,3.9102392418680165,3.8900788282826366,3.8370110163869255,3.7284534241280416,3.813662577620239,3.8000079054808165,4.139698628475266,4.289713783280301,3.9227156547559683,4.254033457116642,3.7603368928129512,3.941492617860536,4.166502592419184,4.003326295385007,4.139698628475266,4.289713783280301,3.9227156547559683,4.254033457116642,3.7603368928129512,3.941492617860536,4.166502592419184,4.003326295385007,4.139698628475266,4.289713783280301,3.9227156547559683,4.254033457116642,3.7603368928129512,3.941492617860536,4.166502592419184,4.003326295385007,3.8701304911197387,4.311460838338007,4.0435024477325445,4.449729158194923,4.285251943657651,3.997259608452573,4.538491715022951,5.18237960221697,4.031203341354705,4.280827635909654,3.9174448670014415,4.422265820160626,3.588321242384973,3.744750752389663,4.024860320999088,4.3138823267395905,4.031203341354705,4.280827635909654,3.9174448670014415,4.422265820160626,3.588321242384973,3.744750752389663,4.024860320999088,4.3138823267395905
1.2520208536858646,1.300296411033318,1.094113981180435,1.2248455562256306,1.5427010912615968,1.4743174336510152,1.4493807892544963,1.4530168932022218,1.2520208536858646,1.300296411033318,1.094113981180435,1.2248455562256306,1.5427010912615968,1.4743174336510152,1.4493807892544963,1.4530168932022218,1.2520208536858646,1.300296411033318,1.094113981180435,1.2248455562256306,1.5427010912615968,1.4743174336510152,1.4493807892544963,1.4530168932022218,1.650981789366773,1.6759760408293487,1.4663332489916137,1.6408569784559979,2.0225103971906737,2.1228293576753283,1.9197030585986996,2.0169706293262295,1.650981789366773,1.6759760408293487,1.4663332489916137,1.6408569784559979,2.0225103971906737,2.1228293576753283,1.9197030585986996,2.0169706293262295,1.650981789366773,1.6759760408293487,1.4663332489916137,1.6408569784559979,2.0225103971906737,2.1228293576753283,1.9197030585986996,2.0169706293262295,1.816229663830773,1.7670069212569208,1.7316147696636093,2.0638504939346882,2.0855834947515084,1.817050504279219,1.882555402052641,1.8864090237241697,1.8087186427379178,2.0470836738958855,1.644320194238835,1.6893203610279017,1.9942889667783006,1.5038796526235472,2.282470248324131,1.5270388681236944,1.8087186427379178,2.0470836738958855,1.644320194238835,1.6893203610279017,1.9942889667783006,1.5038796526235472,2.282470248324131,1.5270388681236944
0.685870860848658,0.6811039931044723,0.7083563330690407,0.7019811286599899,0.7455455580860758,0.703880131905067,0.5303256830217357,0.7703357567455543,0.685870860848658,0.6811039931044723,0.7083563330690407,0.7019811286599899,0.7455455580860758,0.703880131905067,0.5303256830217357,0.7703357567455543,0.685870860848658,0.6811039931044723,0.7083563330690407,0.7019811286599899,0.7455455580860758,0.703880131905067,0.5303256830217357,0.7703357567455543,0.6355522494404179,0.5374674417013764,0.5891484780290945,0.5228508145336482,0.578957779254888,0.5772236721113236,0.5831127284627475,0.6335208719721913,0.6355522494404179,0.5374674417013764,0.5891484780290945,0.5228508145336482,0.578957779254888,0.5772236721113236,0.5831127284627475,0.6335208719721913,0.6355522494404179,0.5374674417013764,0.5891484780290945,0.5228508145336482,0.578957779254888,0.5772236721113236,0.5831127284627475,0.6335208719721913,0.5506219929026159,0.5528217381240664,0.5558858929747175,0.48573773035824147,0.4561458097776008,0.6740515725753498,0.4091395292253485,0.5204556642244166,0.5512582801693069,0.559539152196316,0.5107783928771756,0.49421929777432144,0.5396390850005908,0.4735565651986655,0.45032203665388465,0.5078906627591642,0.5512582801693069,0.559539152196316,0.5107783928771756,0.49421929777432144,0.5396390850005908,0.4735565651986655,0.45032203665388465,0.5078906627591642
2.2580728842856157,2.4345213922799727,2.288826992373628,2.339019370998367,2.575714129772445,2.8083685955474658,2.3930097016567022,2.633828127547163,2.2580728842856157,2.4345213922799727,2.288826992373628,2.339019370998367,2.575714129772445,2.8083685955474658,2.3930097016567022,2.633828127547163,2.2580728842856157,2.4345213922799727,2.288826992373628,2.339019370998367,2.575714129772445,2.8083685955474658,2.3930097016567022,2.633828127547163,2.5472995089061574,2.646668946384954,2.457894649685743,2.5132303615263,2.4155747984292333,3.1031756135921227,2.7940618658845455,3.059353196213099,2.5472995089061574,2.646668946384954,2.457894649685743,2.5132303615263,2.4155747984292333,3.1031756135921227,2.7940618658845455,3.059353196213099,2.5472995089061574,2.646668946384954,2.457894649685743,2.5132303615263,2.4155747984292333,3.1031756135921227,2.7940618658845455,3.059353196213099,2.4667368424099134,2.4414391611691078,2.9769200247867613,2.5844473158960044,2.8969053564847873,2.690602030561872,2.539273097374172,2.563903491790756,2.764698464464629,2.7107040153472717,2.2817974748912837,2.4906965892148136,2.5643457644718115,2.858673108848036,2.9031920284346295,3.062667792812636,2.764698464464629,2.7107040153472717,2.2817974748912837,2.4906965892148136,2.5643457644718115,2.858673108848036,2.9031920284346295,3.062667792812636
1.251053958749464,1.2821689358823032,1.2328013246268044,1.2818911679268,1.2476456463735912,1.3165449417847586,1.2618021277432736,1.3739322226583845,1.251053958749464,1.2821689358823032,1.2328013246268044,1.2818911679268,1.2476456463735912,1.3165449417847586,1.2618021277432736,1.3739322226583845,1.251053958749464,1.2821689358823032,1.2328013246268044,1.2818911679268,1.2476456463735912,1.3165449417847586,1.2618021277432736,1.3739322226583845,1.425050846489334,1.4369464377338959,1.473269823713512,1.4680591233697733,1.8035795921436752,1.694087339179921,1.730101919786214,1.6140251829749979,1.425050846489334,1.4369464377338959,1.473269823713512,1.4680591233697733,1.8035795921436752,1.694087339179921,1.730101919786214,1.6140251829749979,1.425050846489334,1.4369464377338959,1.473269823713512,1.4680591233697733,1.8035795921436752,1.694087339179921,1.730101919786214,1.6140251829749979,1.550473661822032,1.553992513837185,1.7371480408833975,1.7847107749585895,1.9617078602272018,1.8904559618220795,1.622678240849602,2.060225801191266,1.4610466253757763,1.5035882905137528,1.705246562860917,1.6159513337628497,1.7894196647040381,1.978714930753612,1.9979031424429996,2.0115330674188043,1.4610466253757763,1.5035882905137528,1.705246562860917,1.6159513337628497,1.7894196647040381,1.978714930753612,1.9979031424429996,2.0115330674188043
0.2677790638315279,0.24713480398083634,0.21982169172465058,0.24340400106239665,0.2227355582688778,0.1917946096687372,0.17936055121283023,0.24511605858334765,0.2677790638315279,0.24713480398083634,0.21982169172465058,0.24340400106239665,0.2227355582688778,0.1917946096687372,0.17936055121283023,0.24511605858334765,0.2677790638315279,0.24713480398083634,0.21982169172465058,0.24340400106239665,0.2227355582688778,0.1917946096687372,0.17936055121283023,0.24511605858334765,0.2723049327346323,0.16677907673080572,0.20752735751179316,0.1740245359173415,0.18201690700725673,0.14557827156817477,0.13884858660745458,0.15374666360949607,0.2723049327346323,0.16677907673080572,0.20752735751179316,0.1740245359173415,0.18201690700725673,0.14557827156817477,0.13884858660745458,0.15374666360949607,0.2723049327346323,0.16677907673080572,0.20752735751179316,0.1740245359173415,0.18201690700725673,0.14557827156817477,0.13884858660745458,0.15374666360949607,0.20267328448341612,0.18090850964625346,0.14582026064255388,0.1521071185044735,0.20105666641589548,0.2134826448110937,0.21160212856029292,0.200521045001452,0.20098349835162968,0.2132836085470232,0.15512976142669718,0.16997406568441087,0.1464522805656591,0.16792785959213488,0.2679154606723968,0.22679842111020285,0.20098349835162968,0.2132836085470232,0.15512976142669718,0.16997406568441087,0.1464522805656591,0.16792785959213488,0.2679154606723968,0.22679842111020285
0.2000822214539838,0.16340534149458913,0.22891108704525345,0.14599260918631546,0.1362934384892022,0.10864770210901714,0.1535278884207562,0.12651509479320022,0.2000822214539838,0.16340534149458913,0.22891108704525345,0.14599260918631546,0.1362934384892022,0.10864770210901714,0.1535278884207562,0.12651509479320022,0.2000822214539838,0.16340534149458913,0.22891108704525345,0.14599260918631546,0.1362934384892022,0.10864770210901714,0.1535278884207562,0.12651509479320022,0.08895579062591406,0.08078045199934122,0.13720996815675984,0.09112937288039322,0.1338390790096828,0.07461746620136059,0.12363407824702057,0.10872983030960892,0.08895579062591406,0.08078045199934122,0.13720996815675984,0.09112937288039322,0.1338390790096828,0.07461746620136059,0.12363407824702057,0.10872983030960892,0.08895579062591406,0.08078045199934122,0.13720996815675984,0.09112937288039322,0.1338390790096828,0.07461746620136059,0.12363407824702057,0.10872983030960892,0.1424910673761692,0.06661707729096134,0.10370939027311797,0.0697561213932197,0.10295023129452939,0.05892945473158452,0.0381271064974842,0.0769765551011877,0.14841584200642746,0.08322870558526252,0.09798307732226717,0.07236074067422509,0.07984506894048371,0.06468316073076105,0.08637218450738217,0.03442455370982237,0.14841584200642746,0.08322870558526252,0.09798307732226717,0.07236074067422509,0.07984506894048371,0.06468316073076105,0.08637218450738217,0.03442455370982237
0.2520354501953146,0.2519646501995428,0.23443828615939832,0.2072720791525482,0.28483189085542837,0.30524510837353896,0.20879239785909873,0.21957924106543408,0.2520354501953146,0.2519646501995428,0.23443828615939832,0.2072720791525482,0.28483189085542837,0.30524510837353896,0.20879239785909873,0.21957924106543408,0.2520354501953146,0.2519646501995428,0.23443828615939832,0.2072720791525482,0.28483189085542837,0.30524510837353896,0.20879239785909873,0.21957924106543408,0.20903978841445017,0.24870003325429477,0.2218966530052501,0.26999438030987133,0.3041541882607764,0.3854789506773079,0.3214940505154638,0.44915434441472557,0.20903978841445017,0.24870003325429477,0.2218966530052501,0.26999438030987133,0.3041541882607764,0.3854789506773079,0.3214940505154638,0.44915434441472557,0.20903978841445017,0.24870003325429477,0.2218966530052501,0.26999438030987133,0.3041541882607764,0.3854789506773079,0.3214940505154638,0.44915434441472557,0.27830063122860194,0.341763789741622,0.391122848070733,0.5185317552277975,0.41639169414819094,0.3768780536375384,0.5565530986010488,0.771118210870718,0.27571729352228347,0.32143027594767,0.48435146655808614,0.5346785557316333,0.37648487991269813,0.44319341854482247,0.5794099334844722,0.7929901292078935,0.27571729352228347,0.32143027594767,0.48435146655808614,0.5346785557316333,0.37648487991269813,0.44319341854482247,0.5794099334844722,0.7929901292078935
0.7288586375330992,0.6493864271313102,0.6377810808179792,0.653340024537565,0.6213301024838767,0.58104754782255,0.6908873329546794,0.5958052258586609,0.7288586375330992,0.6493864271313102,0.6377810808179792,0.653340024537565,0.6213301024838767,0.58104754782255,0.6908873329546794,0.5958052258586609,0.7288586375330992,0.6493864271313102,0.6377810808179792,0.653340024537565,0.6213301024838767,0.58104754782255,0.6908873329546794,0.5958052258586609,0.5939421887069392,0.5409947840150617,0.5493955887218653,0.5547217963113564,0.6044961589715115,0.5281407488511898,0.570879947795201,0.6568920998637761,0.5939421887069392,0.5409947840150617,0.5493955887218653,0.5547217963113564,0.6044961589715115,0.5281407488511898,0.570879947795201,0.6568920998637761,0.5939421887069392,0.5409947840150617,0.5493955887218653,0.5547217963113564,0.6044961589715115,0.5281407488511898,0.570879947795201,0.6568920998637761,0.5641046855436325,0.6100916700591046,0.6282612330462916,0.5779829826889317,0.5048042069047924,0.6764587959685614,0.5599425658565415,0.5695094066066221,0.5771409040647718,0.5939295198382035,0.6448373658520523,0.5954082921068167,0.6259628528777323,0.630118389688566,0.5630499351434971,0.503394138505737,0.5771409040647718,0.5939295198382035,0.6448373658520523,0.5954082921068167,0.6259628528777323,0.630118389688566,0.5630499351434971,0.503394138505737
