"(7, 5, 0.1, 0.8, 0.8)","(7, 5, 0.1, 0.8, 1.0)","(7, 5, 0.1, 1.0, 0.8)","(7, 5, 0.1, 1.0, 1.0)","(7, 5, 0.2, 0.8, 0.8)","(7, 5, 0.2, 0.8, 1.0)","(7, 5, 0.2, 1.0, 0.8)","(7, 5, 0.2, 1.0, 1.0)","(7, 7, 0.1, 0.8, 0.8)","(7, 7, 0.1, 0.8, 1.0)","(7, 7, 0.1, 1.0, 0.8)","(7, 7, 0.1, 1.0, 1.0)","(7, 7, 0.2, 0.8, 0.8)","(7, 7, 0.2, 0.8, 1.0)","(7, 7, 0.2, 1.0, 0.8)","(7, 7, 0.2, 1.0, 1.0)","(7, 10, 0.1, 0.8, 0.8)","(7, 10, 0.1, 0.8, 1.0)","(7, 10, 0.1, 1.0, 0.8)","(7, 10, 0.1, 1.0, 1.0)","(7, 10, 0.2, 0.8, 0.8)","(7, 10, 0.2, 0.8, 1.0)","(7, 10, 0.2, 1.0, 0.8)","(7, 10, 0.2, 1.0, 1.0)","(15, 5, 0.1, 0.8, 0.8)","(15, 5, 0.1, 0.8, 1.0)","(15, 5, 0.1, 1.0, 0.8)","(15, 5, 0.1, 1.0, 1.0)","(15, 5, 0.2, 0.8, 0.8)","(15, 5, 0.2, 0.8, 1.0)","(15, 5, 0.2, 1.0, 0.8)","(15, 5, 0.2, 1.0, 1.0)","(15, 7, 0.1, 0.8, 0.8)","(15, 7, 0.1, 0.8, 1.0)","(15, 7, 0.1, 1.0, 0.8)","(15, 7, 0.1, 1.0, 1.0)","(15, 7, 0.2, 0.8, 0.8)","(15, 7, 0.2, 0.8, 1.0)","(15, 7, 0.2, 1.0, 0.8)","(15, 7, 0.2, 1.0, 1.0)","(15, 10, 0.1, 0.8, 0.8)","(15, 10, 0.1, 0.8, 1.0)","(15, 10, 0.1, 1.0, 0.8)","(15, 10, 0.1, 1.0, 1.0)","(15, 10, 0.2, 0.8, 0.8)","(15, 10, 0.2, 0.8, 1.0)","(15, 10, 0.2, 1.0, 0.8)","(15, 10, 0.2, 1.0, 1.0)","(31, 5, 0.1, 0.8, 0.8)","(31, 5, 0.1, 0.8, 1.0)","(31, 5, 0.1, 1.0, 0.8)","(31, 5, 0.1, 1.0, 1.0)","(31, 5, 0.2, 0.8, 0.8)","(31, 5, 0.2, 0.8, 1.0)","(31, 5, 0.2, 1.0, 0.8)","(31, 5, 0.2, 1.0, 1.0)","(31, 7, 0.1, 0.8, 0.8)","(31, 7, 0.1, 0.8, 1.0)","(31, 7, 0.1, 1.0, 0.8)","(31, 7, 0.1, 1.0, 1.0)","(31, 7, 0.2, 0.8, 0.8)","(31, 7, 0.2, 0.8, 1.0)","(31, 7, 0.2, 1.0, 0.8)","(31, 7, 0.2, 1.0, 1.0)","(31, 10, 0.1, 0.8, 0.8)","(31, 10, 0.1, 0.8, 1.0)","(31, 10, 0.1, 1.0, 0.8)","(31, 10, 0.1, 1.0, 1.0)","(31, 10, 0.2, 0.8, 0.8)","(31, 10, 0.2, 0.8, 1.0)","(31, 10, 0.2, 1.0, 0.8)","(31, 10, 0.2, 1.0, 1.0)"
1.8191504442965223,1.9374343324149554,1.7303913110570106,1.8228169041034923,1.849556856103736,1.8372410322639432,1.7690435625404648,1.8248747315916822,1.8191504442965223,1.9374343324149554,1.7303913110570106,1.8228169041034923,1.849556856103736,1.8372410322639432,1.7690435625404648,1.8248747315916822,1.8191504442965223,1.9374343324149554,1.7303913110570106,1.8228169041034923,1.849556856103736,1.8372410322639432,1.7690435625404648,1.8248747315916822,1.8403683306027199,1.9545389140443556,1.979384830503983,2.152481604409537,2.1409886806494924,1.9032684441190615,2.0430398925816844,1.9661916708145242,1.8403683306027199,1.9545416740477768,1.979384830503983,2.152481604409537,2.1409886806494924,1.9032684441190615,2.0430398925816844,1.9661916708145242,1.8403683306027199,1.9545416740477768,1.979384830503983,2.152481604409537,2.1409886806494924,1.9032684441190615,2.0430398925816844,1.9661916708145242,1.6989215132647264,2.148167309726488,1.9968630248427108,2.1845966093588327,2.206906817274157,1.9773743015814087,2.0865223279882437,2.2110386589325928,1.7812532486020853,2.2207304261665217,1.7904128968401178,2.167804209274225,2.2777173460683606,1.5770540096513779,2.1924860629957745,2.049768843966833,1.7812532486020853,2.2207304261665217,1.7904128968401178,2.167804209274225,2.2777173460683606,1.5770540096513779,2.1924860629957745,2.049768843966833
0.6163012097264422,0.7711806018076046,0.6509727200554536,0.7720873418908789,0.9280785553839878,1.2678820308531382,1.1187510622225587,1.0934537183714321,0.6163012097264422,0.7711806018076046,0.6509727200554536,0.7720873418908789,0.9280785553839878,1.2678820308531382,1.1187510622225587,1.0934537183714321,0.6163012097264422,0.7711806018076046,0.6509727200554536,0.7720873418908789,0.9280785553839878,1.2678820308531382,1.1187510622225587,1.0934537183714321,0.8800937469562605,1.101855366474481,0.9615178934606573,1.2684755237996619,1.0041679790295202,1.1776866782901059,1.7312983499995176,2.008497040374057,0.8800937469562605,1.101855366474481,0.9615178934606573,1.2684755237996619,1.0041679790295202,1.3464040086335147,1.7312983499995176,2.008497040374057,0.8800937469562605,1.101855366474481,0.9615178934606573,1.2684755237996619,1.0041679790295202,1.3464040086335147,1.7312983499995176,2.008497040374057,1.116291426735149,1.0579874904165323,1.0579501674007654,1.2359401125568754,0.8800405128891203,1.7625109863322437,1.0712760654053757,1.2952530285533919,1.0780111346710624,1.0034408317544694,0.9837045092801541,1.2263864210461775,1.153075275835593,1.4036468490273444,1.2774025798560962,0.8723854244261618,1.0780111346710624,1.0034408317544694,0.9837045092801541,1.2263864210461775,1.153075275835593,1.4036468490273444,1.2774025798560962,0.8723854244261618
0.43459694366096735,0.518898063233357,0.4969685882253163,0.5338083411501837,0.4022535196351917,0.43406648655692837,0.26491845209616066,0.3842011839955299,0.43459694366096735,0.518898063233357,0.4969685882253163,0.5338083411501837,0.4022535196351917,0.43406648655692837,0.26491845209616066,0.3842011839955299,0.43459694366096735,0.518898063233357,0.4969685882253163,0.5338083411501837,0.4022535196351917,0.43406648655692837,0.26491845209616066,0.3842011839955299,0.4349705937372667,0.530346095898397,0.44044984783556806,0.28784028198683814,0.2491217428064097,0.4501232541702103,0.17669933557098214,0.28824951620281264,0.4349705937372667,0.530346095898397,0.44044984783556806,0.28784028198683814,0.2491217428064097,0.4501232541702103,0.17669933557098214,0.28824951620281264,0.4349705937372667,0.530346095898397,0.44044984783556806,0.28784028198683814,0.2491217428064097,0.4501232541702103,0.17669933557098214,0.28824951620281264,0.3239051059149708,0.4122994320614422,0.2122565622314938,0.2405626867075381,0.36912466828944,0.2585915101416794,0.21215682010588832,0.1023844296289858,0.2524717973413017,0.28965593942425494,0.2642652590597126,0.2869359852054206,0.2978893976470976,0.21080573762473193,0.18792688743271546,0.15690489777281333,0.2524717973413017,0.28965593942425494,0.2642652590597126,0.2869359852054206,0.2978893976470976,0.21080573762473193,0.18606755952336754,0.15690489777281333
0.3600593979198205,0.448570541236335,0.4949763685285868,0.43673122378413315,0.3928148602229913,0.2772530922254029,0.4733541185483093,0.612017283998599,0.3600593979198205,0.448570541236335,0.4949763685285868,0.43673122378413315,0.3928148602229913,0.2772530922254029,0.4733541185483093,0.612017283998599,0.3600593979198205,0.448570541236335,0.4949763685285868,0.43673122378413315,0.3928148602229913,0.2772530922254029,0.4733541185483093,0.612017283998599,0.38047975413377616,0.4351582719926525,0.4346189458719385,0.34193301653548486,0.6683804950284057,0.4368668036457208,0.6209949783503343,0.4271243384540015,0.38047975413377616,0.4351582719926525,0.4346189458719385,0.34193301653548486,0.6683804950284057,0.4368668036457208,0.6209949783503343,0.4271243384540015,0.38047975413377616,0.4351582719926525,0.4346189458719385,0.34193301653548486,0.6683804950284057,0.4368668036457208,0.6209949783503343,0.4271243384540015,0.5002007489375566,0.38811792617272034,0.670017680368657,0.3747477251036299,1.093037106760997,0.47763774216533483,0.3100948733161895,0.486724146610597,0.61173033054871,0.28087411500525006,0.425076894687048,0.483883953056859,1.1987776593095856,0.5341474405601078,0.44555829293089055,0.8067108198722003,0.61173033054871,0.28087411500525006,0.425076894687048,0.483883953056859,1.1987776593095856,0.5341474405601078,0.3858058958101993,0.8067108198722003
1.5055952142422715,1.538958221315632,1.4774681837242256,1.3129341025011025,1.935342344272541,1.5526897760785032,1.776475359348797,1.88665668262719,1.5055952142422715,1.538958221315632,1.4774681837242256,1.3129341025011025,1.935342344272541,1.5526897760785032,1.776475359348797,1.88665668262719,1.5055952142422715,1.538958221315632,1.4774681837242256,1.3129341025011025,1.935342344272541,1.5526897760785032,1.776475359348797,1.88665668262719,1.8050889119206164,1.982648595162854,2.054328337273007,2.1135578947581806,2.275719788003093,2.917993551655436,1.8984512721172115,1.8258596268230005,1.8050889119206164,1.982648595162854,2.054328337273007,2.1135578947581806,2.275719788003093,2.917993551655436,1.8984512721172115,1.8258596268230005,1.8050889119206164,1.982648595162854,2.054328337273007,2.1135578947581806,2.275719788003093,2.917993551655436,1.8984512721172115,1.8258596268230005,2.116274515008225,2.0135770071744497,2.434462873739869,2.9467206605460006,1.8373774389163198,3.2108185264068623,2.5697739922227867,2.346819562275279,1.9782657205431176,2.4229327779189456,2.974801733555518,2.6349817928987225,2.378397235635897,2.5550771817137834,2.5752186288987398,2.7558121866015433,1.9782657205431176,2.4229327779189456,2.974801733555518,2.6349817928987225,2.378397235635897,2.5550771817137834,2.5752186288987398,2.7558121866015433
1.4094621322422225,1.5052249036546812,1.5277560866618711,1.516440622534455,2.0074745665494995,1.4684620774269976,1.6843632228030334,1.489479544791436,1.4094621322422225,1.5052249036546812,1.5277560866618711,1.516440622534455,2.0074745665494995,1.4684620774269976,1.6843632228030334,1.489479544791436,1.4094621322422225,1.5052249036546812,1.5277560866618711,1.516440622534455,2.0074745665494995,1.4684620774269976,1.6843632228030334,1.489479544791436,1.3385606100462617,1.373269323120135,1.2243847773855905,1.0624838283591305,1.985618097494805,0.679811450337821,0.5284651793069859,1.310223822831711,1.3385606100462617,1.373269323120135,1.2243847773855905,1.0624838283591305,1.985618097494805,0.679811450337821,0.5284651793069859,1.310223822831711,1.3385606100462617,1.373269323120135,1.2243847773855905,1.0624838283591305,1.985618097494805,0.679811450337821,0.5284651793069859,1.310223822831711,1.3747917625986026,0.9533162221248153,0.5724470120617561,1.1317133249555007,1.290853334975266,1.0988409471627285,1.475679108554433,1.1467437770945281,1.1505054455016608,0.9971323798398034,0.9552051642112925,0.8928465807955293,1.5303730987833593,1.2759392602008626,1.2027764525385023,0.8366904795939879,1.1505054455016608,0.9971323798398034,0.9552051642112925,0.8928465807955293,1.5303730987833593,1.2759392602008626,1.2027764525385023,0.8366904795939879
1.2990731130046835,1.6561118743077368,1.4216369772458282,2.191767566239408,2.742202218076377,3.3013511663795336,2.764591788414184,3.3201816440419076,1.2990731130046835,1.6561118743077368,1.4216369772458282,2.191767566239408,2.742202218076377,3.3013511663795336,2.764591788414184,3.3201816440419076,1.2990731130046835,1.6561118743077368,1.4216369772458282,2.191767566239408,2.742202218076377,3.3013511663795336,2.764591788414184,3.3201816440419076,1.4418968867978714,2.426361458284339,1.3521181088834302,1.562689248908254,1.2922458613817571,3.4021752607088067,2.057701080424538,1.8527398109556776,1.4418968867978714,2.426361458284339,1.3521181088834302,1.562689248908254,1.2922458613817571,3.4021752607088067,2.057701080424538,1.8527398109556776,1.4418968867978714,2.426361458284339,1.3521181088834302,1.562689248908254,1.2922458613817571,3.4021752607088067,2.057701080424538,1.8527398109556776,2.70128935174214,2.3542990126099776,2.7831590229570238,1.967308893515579,2.223839083320439,3.6929663127613304,2.9614980803431825,5.049998948717598,1.9870779820834252,1.9844023705943126,2.2986330699695623,2.3782007972144323,2.7501487354006433,2.7730290395359445,3.1887837991005976,3.0105650130716763,1.9870779820834252,1.9844023705943126,2.2986330699695623,2.3782007972144323,2.7501487354006433,2.7730290395359445,3.1887837991005976,2.6005600207175417
5.110232935503691,3.895227254800269,3.664078710985997,4.050293324115915,4.156412596773534,2.7684109222700153,3.1495237377015877,4.240114772973545,5.110232935503691,3.895227254800269,3.664078710985997,4.050293324115915,4.156412596773534,2.7684109222700153,3.1495237377015877,4.240114772973545,5.110232935503691,3.895227254800269,3.664078710985997,4.050293324115915,4.156412596773534,2.7684109222700153,3.1495237377015877,4.240114772973545,3.3798680107036687,3.57602331874808,3.769387139716713,4.614951415325719,3.310466210031637,2.271507617814678,2.5123126836555505,5.361762933132942,3.3798680107036687,3.57602331874808,3.769387139716713,4.614951415325719,3.310466210031637,2.271507617814678,2.5123126836555505,5.361762933132942,3.3798680107036687,3.57602331874808,3.769387139716713,4.614951415325719,3.310466210031637,2.271507617814678,2.5123126836555505,5.361762933132942,4.323366783209742,3.4213543933513013,4.363259769055834,4.449734314355798,2.0121001268906444,2.2979840566094145,5.139405368206099,5.013149427246674,4.5391301149156265,3.262217261559874,4.753488663266159,3.7527521380922133,6.301667253450448,5.124000711796461,10.031402961385705,8.144587073973849,4.5391301149156265,3.262217261559874,5.10468380240982,3.7527521380922133,6.301667253450448,5.124000711796461,10.031402961385705,8.144587073973849
0.35246425257635283,0.37144729868845433,0.3187710253050597,0.2896253268113199,0.4985962603483502,0.3017576151004209,0.47008557369393983,0.2436067205540715,0.35246425257635283,0.37144729868845433,0.3187710253050597,0.2896253268113199,0.4985962603483502,0.3017576151004209,0.47008557369393983,0.2436067205540715,0.35246425257635283,0.37144729868845433,0.3187710253050597,0.2896253268113199,0.4985962603483502,0.3017576151004209,0.47008557369393983,0.2436067205540715,0.3268448730022349,0.27732848482903766,0.43639713061059404,0.24929096525511488,0.6940597004947627,0.5707564297541935,0.3571087486104055,0.4094045872914034,0.3268448730022349,0.27732848482903766,0.43639713061059404,0.24929096525511488,0.6940597004947627,0.5707564297541935,0.3571087486104055,0.4094045872914034,0.3268448730022349,0.27732848482903766,0.43639713061059404,0.24929096525511488,0.6940597004947627,0.5707564297541935,0.3571087486104055,0.4094045872914034,0.5007147478947608,0.18259638700592262,0.4129702816388597,0.3243536573838511,0.29288117325444785,0.18197579073201497,0.29707859235295214,0.4511272533872581,0.3423042215610586,0.23455230430497395,0.38945903256357745,0.23864578313465912,0.568138857325441,0.18060620394753793,0.42934116329781563,0.23299733593905161,0.3423042215610586,0.23455230430497395,0.38945903256357745,0.23864578313465912,0.568138857325441,0.18060620394753793,0.42934116329781563,0.23299733593905161
1.2719792818109583,1.31308550603558,1.3598652479773083,1.3870891780052406,1.3549480021070819,1.2120092882361733,1.2573718997458225,1.410793140002477,1.2719792818109583,1.31308550603558,1.3598652479773083,1.3870891780052406,1.3549480021070819,1.2120092882361733,1.2573718997458225,1.410793140002477,1.2719792818109583,1.31308550603558,1.3598652479773083,1.3870891780052406,1.3549480021070819,1.2120092882361733,1.2573718997458225,1.410793140002477,1.2214936973033603,1.3195490381254218,1.2804119682221748,1.2806319025729638,1.4439297500158077,1.6421421135849406,1.3767700626489214,1.3595335711522487,1.2214936973033603,1.3195490381254218,1.2804119682221748,1.2806319025729638,1.1621923556983076,1.6421421135849406,1.3767700626489214,1.3595335711522487,1.2214936973033603,1.3195490381254218,1.2804119682221748,1.2806319025729638,1.1621923556983076,1.6421421135849406,1.3767700626489214,1.3595335711522487,1.1289382262538166,1.2956489227168098,1.3093473048647322,1.3464861866513733,1.7611947120944096,1.3720756997620596,1.1496116594103147,1.2040187724325635,1.0743134299887405,1.3579650436389985,1.2734759617334792,1.4750796280659844,1.732890611915928,1.7498123127110323,1.7343140634869043,1.6539425142286615,1.0743134299887405,1.3302796690950556,1.1720989156891106,1.4750796280659844,1.732890611915928,1.7498123127110323,1.7343140634869043,1.6539425142286615
1.8485004343341402,1.9917262547847607,1.77378495541819,1.809315679461457,1.7537493475489367,1.9053552473088053,1.7074656092852007,1.9227639795773173,1.8485004343341402,1.9917262547847607,1.77378495541819,1.809315679461457,1.7537493475489367,1.9053552473088053,1.7074656092852007,1.9227639795773173,1.8485004343341402,1.9917262547847607,1.77378495541819,1.809315679461457,1.7537493475489367,1.9053552473088053,1.7074656092852007,1.9227639795773173,1.563680701187487,1.664427342855755,1.8592203362902067,1.6015238912587562,1.5694169911640594,1.1728333153894874,2.0087254166179753,1.7074423581110254,1.563680701187487,1.6353897429428603,1.8592203362902067,1.6015238912587562,1.5694169911640594,1.1728333153894874,2.0087254166179753,1.7074423581110254,1.563680701187487,1.6353897429428603,1.8592203362902067,1.6015238912587562,1.5694169911640594,1.1728333153894874,2.0087254166179753,1.7074423581110254,1.583628956134525,1.4630086931595765,1.5748945307040405,1.624672972391771,1.4630851405817276,1.2029953278028775,1.558376264321943,1.4278805537375712,1.5151317117245544,1.5686797682308402,1.6084868335266351,1.6108120605087168,1.7075401919377753,1.5445109638155954,1.5164963568726997,1.4042838605486203,1.5151317117245544,1.546038212540679,1.6084868335266351,1.6108120605087168,1.7075401919377753,1.5445109638155954,1.5164963568726997,1.4042838605486203
0.7522569246455038,0.664814975652805,0.6847714810626648,0.6178122436438027,0.7422873686506141,0.8241448397067,0.7760561788401575,0.8161196259690443,0.7522569246455038,0.664814975652805,0.6847714810626648,0.6178122436438027,0.7422873686506141,0.8241448397067,0.7760561788401575,0.8161196259690443,0.7522569246455038,0.664814975652805,0.6847714810626648,0.6178122436438027,0.7422873686506141,0.8241448397067,0.7760561788401575,0.8161196259690443,0.4952903496729357,0.6822051262234416,0.5874513656742965,0.6259884496150695,0.5951286433932818,0.5225801274335611,0.5912922301140356,0.6718239509594087,0.4952903496729357,0.6822051262234416,0.5874513656742965,0.6259884496150695,0.5951286433932818,0.5225801274335611,0.5912922301140356,0.6718239509594087,0.4952903496729357,0.6822051262234416,0.5874513656742965,0.6259884496150695,0.5951286433932818,0.5225801274335611,0.5912922301140356,0.6718239509594087,0.6130003994577127,0.5699210729857405,0.4582031456073424,0.4571380646080615,0.6729687234363225,0.652538566289146,0.6927647532521432,0.439326743774996,0.5898429730899739,0.5678652818531378,0.4996382969682498,0.45518468894474423,0.7276035412408496,0.5356998535149867,0.5201934745407288,0.4930826774906295,0.5898429730899739,0.5678652818531378,0.4996382969682498,0.45518468894474423,0.7276035412408496,0.5356998535149867,0.5201934745407288,0.4930826774906295
0.21097223273880814,0.2217025967800044,0.24378927143717188,0.2310944534279886,0.2638363667662617,0.20444948419077288,0.23415491267274832,0.2237251369388857,0.21097223273880814,0.2217025967800044,0.24378927143717188,0.2310944534279886,0.2638363667662617,0.20444948419077288,0.23415491267274832,0.2237251369388857,0.21097223273880814,0.2217025967800044,0.24378927143717188,0.2310944534279886,0.2638363667662617,0.20444948419077288,0.23415491267274832,0.2237251369388857,0.1899173317324614,0.23340979043725285,0.19364719546834575,0.18338273072990904,0.1845367759484047,0.16804561878040705,0.1263247956922682,0.22933929071182446,0.1899173317324614,0.23340979043725285,0.19364719546834575,0.18338273072990904,0.1845367759484047,0.16804561878040705,0.1263247956922682,0.22933929071182446,0.1899173317324614,0.23340979043725285,0.19364719546834575,0.18338273072990904,0.1845367759484047,0.16804561878040705,0.1263247956922682,0.22933929071182446,0.1577842056450178,0.1359210594703754,0.199594246270051,0.140589684626377,0.14016504233423469,0.22668469347468878,0.14272596398380108,0.20868660604555045,0.13758726713012512,0.16540233476952296,0.17683013982584922,0.15082429226312002,0.13367443559710726,0.14698180844618802,0.20780351859405946,0.2242693960781368,0.13758726713012512,0.16540233476952296,0.17683013982584922,0.15082429226312002,0.13367443559710726,0.14698180844618802,0.20780351859405946,0.2242693960781368
0.4076408863579871,0.6321490419856206,0.5145019876653801,0.5248361540723205,0.6579109895068667,0.490871476325612,1.270165946753066,0.7955636883910187,0.4076408863579871,0.6321490419856206,0.5145019876653801,0.5248361540723205,0.6579109895068667,0.490871476325612,1.270165946753066,0.7955636883910187,0.4076408863579871,0.6321490419856206,0.5145019876653801,0.5248361540723205,0.6579109895068667,0.490871476325612,1.270165946753066,0.7955636883910187,0.6620579665062983,0.725062465715671,0.3304219505197409,0.6198777813048508,0.7539266524495752,0.5487580374475736,0.5143768135579723,0.4704461465934974,0.6620579665062983,0.725062465715671,0.3304219505197409,0.6198777813048508,0.7539266524495752,0.5487580374475736,0.5143768135579723,0.4704461465934974,0.6620579665062983,0.725062465715671,0.3304219505197409,0.6198777813048508,0.7539266524495752,0.5487580374475736,0.5143768135579723,0.4704461465934974,0.5946730621387017,0.4551678601447052,0.2700862044008575,0.3903280280187905,0.9969675515765875,0.4124371798569732,0.665541429853922,0.7844860428471272,0.5995659716892254,0.5252356800835247,0.3723025152198793,0.4908412706736959,0.7835396219186379,0.5825734273772751,1.0244894379768046,0.8175791475910813,0.5995659716892254,0.5252356800835247,0.3723025152198793,0.4908412706736959,0.7835396219186379,0.5825734273772751,1.0244894379768046,0.8175791475910813
1.0299332250514153,0.8280581315419712,1.0069513328172046,0.925308000281309,0.7713806049645343,0.8039118525428937,1.084079644444413,1.5070115745657604,1.0299332250514153,0.8280581315419712,1.0069513328172046,0.925308000281309,0.7713806049645343,0.8039118525428937,1.084079644444413,1.5070115745657604,1.0299332250514153,0.8280581315419712,1.0069513328172046,0.925308000281309,0.7713806049645343,0.8039118525428937,1.084079644444413,1.5070115745657604,1.1206715143377406,0.7561868188965329,1.2183987685659767,1.0914708033324865,0.8709122066404067,1.0637122955383949,1.3363575803117227,1.0157256320808252,1.1206715143377406,0.7561868188965329,1.2183987685659767,1.0914708033324865,0.8709122066404067,1.0637122955383949,1.3363575803117227,1.0157256320808252,1.1206715143377406,0.7561868188965329,1.2183987685659767,1.0914708033324865,0.8709122066404067,1.0637122955383949,1.3363575803117227,1.0157256320808252,0.5409707761065916,0.6922147938164992,0.8494606195900597,0.6899068481029521,0.4855160983805563,0.4601699317923909,0.5965701957791079,0.9171171884403081,0.49585961688158187,0.6138439976959302,0.5128667990492857,0.8385923095052702,0.5352265549172759,0.40391811838015607,0.6555738689372445,0.9238828742743211,0.49585961688158187,0.6138439976959302,0.5128667990492857,0.8385923095052702,0.5352265549172759,0.40391811838015607,0.6555738689372445,0.9238828742743211
0.5507751605900175,0.525539579278803,0.5333616260706106,0.5659915041888851,0.3660184542699341,0.5157555154661544,0.41392107269646605,0.46353491173987876,0.5507751605900175,0.525539579278803,0.5333616260706106,0.5659915041888851,0.3660184542699341,0.5157555154661544,0.41392107269646605,0.46353491173987876,0.5507751605900175,0.525539579278803,0.5333616260706106,0.5659915041888851,0.3660184542699341,0.5157555154661544,0.41392107269646605,0.46353491173987876,0.473811112567898,0.4554545222978535,0.45292217714124094,0.48282427543936757,0.40492344005722375,0.3166397155615161,0.6075561441187212,0.38515453936476923,0.473811112567898,0.4554545222978535,0.45292217714124094,0.48282427543936757,0.40492344005722375,0.3166397155615161,0.6075561441187212,0.38515453936476923,0.473811112567898,0.4554545222978535,0.45292217714124094,0.48282427543936757,0.40492344005722375,0.3166397155615161,0.6075561441187212,0.38515453936476923,0.37108803324698947,0.38472342367776763,0.3971147975388175,0.42663902191347564,0.3621938252240465,0.23539496275535637,0.5102268446595615,0.500785665001176,0.41355438133730765,0.3522176565817858,0.4698965635735988,0.4182758745978142,0.3761814327905671,0.38069460381493964,0.7008379948833472,0.4100690466253293,0.41355438133730765,0.3522176565817858,0.4698965635735988,0.4182758745978142,0.3761814327905671,0.38069460381493964,0.7008379948833472,0.4100690466253293
0.326377600215648,0.3297449131100307,0.4068445145136736,0.3239288809322322,0.43832378480336237,0.42218433665462446,0.44624036098307995,0.34643210871271396,0.326377600215648,0.3297449131100307,0.4068445145136736,0.3239288809322322,0.43832378480336237,0.42218433665462446,0.44624036098307995,0.34643210871271396,0.326377600215648,0.3297449131100307,0.4068445145136736,0.3239288809322322,0.43832378480336237,0.42218433665462446,0.44624036098307995,0.34643210871271396,0.3157698372120912,0.36966107264369674,0.40557156058328725,0.3800292639076751,0.48148240386521873,0.3495676875768039,0.396263488166619,0.3306622767285334,0.3157698372120912,0.36966107264369674,0.40557156058328725,0.3800292639076751,0.48148240386521873,0.3495676875768039,0.396263488166619,0.3306622767285334,0.3157698372120912,0.36966107264369674,0.40557156058328725,0.3800292639076751,0.48148240386521873,0.3495676875768039,0.396263488166619,0.3306622767285334,0.37344158511768444,0.3887604162086689,0.40043003934411814,0.39516143543389837,0.7091133211405494,0.6130145577984203,0.643285713270556,0.34795237557973874,0.38149184353129983,0.44679269459646537,0.4487206655776064,0.37515874059926946,0.7044325435446491,0.5435467672648798,0.6528047274305018,0.21100786125230878,0.38149184353129983,0.44679269459646537,0.4487206655776064,0.37515874059926946,0.7044325435446491,0.5435467672648798,0.6528047274305018,0.21100786125230878
0.4748139834427442,0.47972840136957384,0.4684572449542293,0.4577883042003567,0.433794562958084,0.45924828512528826,0.47357264859344944,0.4320481008337838,0.4748139834427442,0.47972840136957384,0.4684572449542293,0.4577883042003567,0.433794562958084,0.45924828512528826,0.47357264859344944,0.4320481008337838,0.4748139834427442,0.47972840136957384,0.4684572449542293,0.4577883042003567,0.433794562958084,0.45924828512528826,0.47357264859344944,0.4320481008337838,0.4110034317017631,0.3995336591320889,0.42990715971608895,0.41437527205707836,0.3862530426620462,0.42318996716265234,0.4164508785839079,0.42848169199406266,0.4110034317017631,0.3995336591320889,0.42990715971608895,0.41437527205707836,0.3862530426620462,0.42318996716265234,0.4164508785839079,0.42848169199406266,0.4110034317017631,0.3995336591320889,0.42990715971608895,0.41437527205707836,0.3862530426620462,0.42318996716265234,0.4164508785839079,0.42848169199406266,0.304020582835324,0.3383792520992692,0.41630746234715715,0.38622367177333566,0.2227665433232949,0.3168517166587993,0.39846713975701054,0.38510068905595346,0.31740320687969986,0.34423433308297285,0.41162596124302636,0.37962638558411127,0.4373654527480241,0.28200815088399045,0.4248283462246989,0.34252224107959245,0.31740320687969986,0.34423433308297285,0.41162596124302636,0.37962638558411127,0.4373654527480241,0.28200815088399045,0.4248283462246989,0.34252224107959245
0.7361306173416228,0.6859031085404838,0.6853248569577021,0.6354400823644554,0.6100809369816833,0.7375212940632979,0.5590432507243784,0.586973142629967,0.7361306173416228,0.6859031085404838,0.6853248569577021,0.6354400823644554,0.6100809369816833,0.7375212940632979,0.5590432507243784,0.586973142629967,0.7361306173416228,0.6859031085404838,0.6853248569577021,0.6354400823644554,0.6100809369816833,0.7375212940632979,0.5590432507243784,0.586973142629967,0.7657447870917471,0.6810193076955979,0.6847567986166698,0.7153936440630245,0.742582365892147,0.6710325240492278,0.6267665624561497,0.6504574274387712,0.7657447870917471,0.6810193076955979,0.6847567986166698,0.7153936440630245,0.742582365892147,0.6710325240492278,0.6267665624561497,0.6504574274387712,0.7657447870917471,0.6810193076955979,0.6847567986166698,0.7153936440630245,0.742582365892147,0.6710325240492278,0.6267665624561497,0.6504574274387712,0.7331649205011508,0.7161743741387595,0.7068106368449452,0.7480191635520169,0.9881667257860002,0.6782443533277968,0.7676592325209479,0.8325861267795762,0.6921981584948044,0.7621826599074312,0.6217464747846285,0.8503230478477218,0.9057974570479511,0.776167492287484,0.6693863852882442,0.6441897212191572,0.6921981584948044,0.7621826599074312,0.6217464747846285,0.8503230478477218,0.9057974570479511,0.776167492287484,0.6693863852882442,0.6441897212191572
0.3881282507505952,0.42930788143669646,0.43237200771166817,0.4311374042043831,0.30186277109850485,0.287093235838282,0.4003592155723738,0.3220947411852178,0.3881282507505952,0.42930788143669646,0.43237200771166817,0.4311374042043831,0.30186277109850485,0.287093235838282,0.4003592155723738,0.3220947411852178,0.3881282507505952,0.42930788143669646,0.43237200771166817,0.4311374042043831,0.30186277109850485,0.287093235838282,0.4003592155723738,0.3220947411852178,0.4029466938126373,0.35050096582817786,0.4695378288921921,0.436353422111827,0.3312308525960113,0.4033572612831286,0.40456147745569687,0.47915868425701236,0.4029466938126373,0.35050096582817786,0.4695378288921921,0.436353422111827,0.3312308525960113,0.4033572612831286,0.40456147745569687,0.47915868425701236,0.4029466938126373,0.35050096582817786,0.4695378288921921,0.436353422111827,0.3312308525960113,0.4033572612831286,0.40456147745569687,0.47915868425701236,0.4197450394335121,0.4032697369206501,0.4802963758951068,0.5423733801625965,0.5228758227321734,0.660858136489594,0.5234174293854627,0.38414177079094003,0.49906238672721615,0.4153753043443742,0.45438514371051014,0.4952692008963155,0.7002274033836923,0.5735840400663045,0.4456733588020028,0.4228889078987716,0.49906238672721615,0.4153753043443742,0.45438514371051014,0.4952692008963155,0.7002274033836923,0.5735840400663045,0.4456733588020028,0.4228889078987716
1.1931007884022657,1.3054077912048692,1.2899424538280193,1.383049825603978,1.4640590535895024,1.2553083972641172,1.430683745743214,1.5493003411287531,1.1931007884022657,1.3054077912048692,1.2899424538280193,1.383049825603978,1.4640590535895024,1.2553083972641172,1.430683745743214,1.5493003411287531,1.1931007884022657,1.3054077912048692,1.2899424538280193,1.383049825603978,1.4640590535895024,1.2553083972641172,1.430683745743214,1.5493003411287531,1.1961631657243263,1.3320257931814856,1.333209395510809,1.21477689913926,1.6526823053082509,1.481708273135216,1.480229568655658,0.9431759448460203,1.1961631657243263,1.3320257931814856,1.333209395510809,1.21477689913926,1.6526823053082509,1.481708273135216,1.480229568655658,0.9431759448460203,1.1961631657243263,1.3320257931814856,1.333209395510809,1.21477689913926,1.6526823053082509,1.481708273135216,1.480229568655658,0.9431759448460203,1.0758373018583234,1.3578511906519923,0.9689186741574985,1.184238963722004,0.7413777117542404,1.2018041628454161,1.5147919014782332,0.7735592143588459,0.9688047248216733,1.13429057065863,0.9522862178081706,1.079868543874319,0.9817527150176728,1.2751679948437469,1.5894332140996636,0.7497907916590973,0.9688047248216733,1.13429057065863,0.9522862178081706,1.079868543874319,0.9817527150176728,1.2751679948437469,1.5894332140996636,0.7497907916590973
2.0326506240819198,2.196490475930038,1.9456258394954216,2.2132626750586244,2.2203214391089916,2.1342871192926025,2.137295993078426,2.4465695083326984,2.0326506240819198,2.196490475930038,1.9456258394954216,2.2132626750586244,2.2203214391089916,2.1342871192926025,2.137295993078426,2.4465695083326984,2.0326506240819198,2.196490475930038,1.9456258394954216,2.2132626750586244,2.2203214391089916,2.1342871192926025,2.137295993078426,2.4465695083326984,2.3530886702450586,2.3555625481263207,2.295589653643073,2.6412407810316725,2.3122280648039424,2.53167946204757,2.3334476301544536,2.969009657022428,2.3530886702450586,2.3555625481263207,2.295589653643073,2.6412407810316725,2.3122280648039424,2.53167946204757,2.3334476301544536,2.969009657022428,2.3530886702450586,2.3555625481263207,2.295589653643073,2.6412407810316725,2.3122280648039424,2.53167946204757,2.3334476301544536,2.969009657022428,1.7719618849837324,2.118950288617889,1.775001570831102,2.263156709653065,1.677935740353096,1.505991818256324,1.6552279987304017,1.9840458191192225,1.8425621199341393,2.107032641456112,1.7587158616699865,2.2344864815499137,1.7788481582997138,1.4229496998923388,1.6437308169110734,2.0021069723856795,1.8425621199341393,2.107032641456112,1.7587158616699865,2.2344864815499137,1.7788481582997138,1.4229496998923388,1.6437308169110734,2.0021069723856795
0.34239310109622567,0.3061905862448251,0.36314253924094053,0.2627982710310363,0.3627852593516306,0.42516114203867084,0.38355282542656405,0.2975111707931024,0.34239310109622567,0.3061905862448251,0.36314253924094053,0.2627982710310363,0.3627852593516306,0.42516114203867084,0.38355282542656405,0.2975111707931024,0.34239310109622567,0.3061905862448251,0.36314253924094053,0.2627982710310363,0.3627852593516306,0.42516114203867084,0.38355282542656405,0.2975111707931024,0.3739813090727271,0.3927235365923082,0.3513278636691997,0.31466132239024197,0.5041341477176549,0.4556369807051564,0.6534410640279695,0.5900921584081062,0.3739813090727271,0.3927235365923082,0.3513278636691997,0.31466132239024197,0.5041341477176549,0.4556369807051564,0.6534410640279695,0.5900921584081062,0.3739813090727271,0.3927235365923082,0.3513278636691997,0.31466132239024197,0.5041341477176549,0.4556369807051564,0.6534410640279695,0.5900921584081062,0.33142483827202,0.31439057825880207,0.27965423977374954,0.3658297747283215,0.4321489875608775,0.6086907891984599,0.6073181300708379,0.5652254662496895,0.3020673275442304,0.3960837180073921,0.3424010111351439,0.3478853463832235,0.592873030543879,0.469718230267205,0.47239011139886766,0.47148256182398174,0.3020673275442304,0.3960837180073921,0.3424010111351439,0.3478853463832235,0.592873030543879,0.469718230267205,0.47239011139886766,0.47148256182398174
0.3308632842688197,0.36688958825337975,0.3379073905492209,0.3638586613147261,0.32194542993522396,0.1840411769827497,0.27243586557943966,0.23174658586530586,0.3308632842688197,0.36688958825337975,0.3379073905492209,0.3638586613147261,0.32194542993522396,0.1840411769827497,0.27243586557943966,0.23174658586530586,0.3308632842688197,0.36688958825337975,0.3379073905492209,0.3638586613147261,0.32194542993522396,0.1840411769827497,0.27243586557943966,0.23174658586530586,0.2862757632153598,0.22103240035739533,0.21929359824300465,0.20689123024212522,0.18837123456971447,0.21624682576231166,0.22536129119611828,0.17646079761099645,0.2862757632153598,0.22103240035739533,0.21929359824300465,0.20689123024212522,0.18837123456971447,0.21624682576231166,0.22536129119611828,0.17646079761099645,0.2862757632153598,0.22103240035739533,0.21929359824300465,0.20689123024212522,0.18837123456971447,0.21624682576231166,0.22536129119611828,0.17646079761099645,0.2189646103765568,0.21016184103014068,0.19019371436096003,0.18010287785719492,0.31193944317173505,0.3679520557072405,0.32307986669450095,0.24960354618507932,0.2914562300651932,0.16642360440214068,0.1922482015288717,0.17992123323272388,0.28791484677852247,0.405186874450955,0.3042473343390623,0.29742258515977277,0.2914562300651932,0.16642360440214068,0.1922482015288717,0.17992123323272388,0.28791484677852247,0.405186874450955,0.3042473343390623,0.29742258515977277
1.634014404151462,1.535600621796378,1.554956399534554,1.4378506353623404,1.521532472656407,1.6070179100414976,1.6073382084687031,1.5562549343050898,1.634014404151462,1.535600621796378,1.554956399534554,1.4378506353623404,1.521532472656407,1.6070179100414976,1.6073382084687031,1.5562549343050898,1.634014404151462,1.535600621796378,1.554956399534554,1.4378506353623404,1.521532472656407,1.6070179100414976,1.6073382084687031,1.5562549343050898,1.5060637756457438,1.6903174584745886,1.8105786555582697,1.5034142312998584,1.6100495492314948,1.5620273523326313,1.5398955523384894,1.4530856921392592,1.5060637756457438,1.6903174584745886,1.8105786555582697,1.5034142312998584,1.6100495492314948,1.5620273523326313,1.5398955523384894,1.4530856921392592,1.5060637756457438,1.6903174584745886,1.8105786555582697,1.5034142312998584,1.6100495492314948,1.5620273523326313,1.5398955523384894,1.4530856921392592,1.3281071501751474,1.5272811350350983,1.080562338860128,1.1928631276321306,1.4251770955874568,1.6283355646437927,1.7297880728585886,1.1010203743086173,1.4806131373325895,1.3879069421979258,1.3758987838036676,1.2849103584782842,1.711229428904984,1.3123999907609185,1.569615208079147,0.8610502476192152,1.4806131373325895,1.3879069421979258,1.3758987838036676,1.2849103584782842,1.711229428904984,1.3123999907609185,1.569615208079147,0.8610502476192152
0.14835917353450653,0.19366187362478776,0.18765025653590456,0.19146182742268258,0.23798210089069483,0.25512970882697905,0.2390055749081527,0.1617062378170006,0.14835917353450653,0.19366187362478776,0.18765025653590456,0.19146182742268258,0.23798210089069483,0.25512970882697905,0.2390055749081527,0.1617062378170006,0.14835917353450653,0.19366187362478776,0.18765025653590456,0.19146182742268258,0.23798210089069483,0.25512970882697905,0.2390055749081527,0.1617062378170006,0.17867712039618325,0.24832016192071368,0.22030506218065757,0.17757429976115485,0.3091977475247015,0.22061953147260902,0.2145545476384257,0.23731462804795248,0.17867712039618325,0.24832016192071368,0.22030506218065757,0.17757429976115485,0.3091977475247015,0.22061953147260902,0.2145545476384257,0.23731462804795248,0.17867712039618325,0.24832016192071368,0.22030506218065757,0.17757429976115485,0.3091977475247015,0.22061953147260902,0.2145545476384257,0.23731462804795248,0.25398643568260787,0.40310920261310146,0.2917992427016135,0.2523083531840599,0.286036430625608,0.38283245771021396,0.14042897335124865,0.36335049739604114,0.23376088259569688,0.3403389487809066,0.2530842986660982,0.31384703145464854,0.3064164759908517,0.2504822814029096,0.13316115520800334,0.31472555863468626,0.23376088259569688,0.3403389487809066,0.2530842986660982,0.31384703145464854,0.3064164759908517,0.2504822814029096,0.13316115520800334,0.31472555863468626
2.250120722467333,2.042647164338236,2.368372515580474,2.119157769845943,2.6218745041609752,2.5870467771199546,2.1610813081571347,2.2967704389572265,2.250120722467333,2.042647164338236,2.368372515580474,2.119157769845943,2.6218745041609752,2.5870467771199546,2.1610813081571347,2.2967704389572265,2.250120722467333,2.042647164338236,2.368372515580474,2.119157769845943,2.6218745041609752,2.5870467771199546,2.1610813081571347,2.2967704389572265,1.6815559841472478,1.7874398500198654,1.8449999288876193,1.8695611617727168,2.442421588190035,2.158724822695134,2.093943091760323,1.6697927712771936,1.6815559841472478,1.7874398500198654,1.8449999288876193,1.8695611617727168,2.442421588190035,2.158724822695134,2.093943091760323,1.6697927712771936,1.6815559841472478,1.7874398500198654,1.8449999288876193,1.8695611617727168,2.442421588190035,2.158724822695134,2.093943091760323,1.6697927712771936,1.4766489359916257,1.7187968507054756,1.576414919579109,1.420049895923287,2.6256520567576467,2.1866975384986946,1.755903796995333,1.3952866153346988,1.8573783621354913,1.8242937484698916,1.6973672771662078,1.2295305949591673,2.5235274630441116,2.734154896552602,2.4676947886237524,1.8524951878303397,1.8573783621354913,1.8242937484698916,1.6973672771662078,1.2295305949591673,2.5235274630441116,2.734154896552602,2.4676947886237524,1.8524951878303397
0.8405285891293602,0.9507296993709363,0.8604346216569099,0.916127730966871,0.700119508455276,0.6759110070568755,0.8463125055787727,0.8253139778825851,0.8405285891293602,0.9507296993709363,0.8604346216569099,0.916127730966871,0.700119508455276,0.6759110070568755,0.8463125055787727,0.8253139778825851,0.8405285891293602,0.9507296993709363,0.8604346216569099,0.916127730966871,0.700119508455276,0.6759110070568755,0.8463125055787727,0.8253139778825851,0.8419611580125612,0.7750701181034597,0.7780133486146393,1.058205561979763,0.7488037676945118,0.6045978429344903,0.8064684823703637,0.8302335744085902,0.8419611580125612,0.7750701181034597,0.7780133486146393,1.058205561979763,0.7488037676945118,0.6045978429344903,0.8064684823703637,0.8302335744085902,0.8419611580125612,0.7750701181034597,0.7780133486146393,1.058205561979763,0.7488037676945118,0.6045978429344903,0.8064684823703637,0.8302335744085902,0.6942102175567545,1.0398253790835783,0.8330644218812544,0.8466035398910047,1.0613434992565696,0.6413011911852343,0.8019758253443316,0.7195072320487469,0.7427815818804899,0.976331855722644,0.795122098167511,0.9032829472919672,0.6814768543678213,1.0120001846910673,0.9166560054095662,0.9956228949700279,0.7427815818804899,0.976331855722644,0.795122098167511,0.9032829472919672,0.6814768543678213,1.0120001846910673,0.9166560054095662,0.9956228949700279
1.5653499559004296,1.590575498490604,1.6097467900072118,1.6969979949888592,1.6591854141523115,1.6173380251574283,1.6339588954510729,1.694858808624075,1.5653499559004296,1.590575498490604,1.6097467900072118,1.6969979949888592,1.6591854141523115,1.6173380251574283,1.6339588954510729,1.694858808624075,1.5653499559004296,1.590575498490604,1.6097467900072118,1.6969979949888592,1.6591854141523115,1.6173380251574283,1.6339588954510729,1.694858808624075,1.4937593264901359,1.5892420324837466,1.4890823231273664,1.6538216052695056,1.6307057912819094,1.4995243886281908,1.7912005259564283,1.7316720029958734,1.4937593264901359,1.5892420324837466,1.4890823231273664,1.6538216052695056,1.6307057912819094,1.4995243886281908,1.7912005259564283,1.7316720029958734,1.4937593264901359,1.5892420324837466,1.4890823231273664,1.6538216052695056,1.6307057912819094,1.4995243886281908,1.7912005259564283,1.7316720029958734,1.350112438109362,1.614087488603956,1.5002614866236497,1.6949284159741398,1.2727490042645728,1.6491458972956388,1.537636023628728,1.5835860793464847,1.363985601014422,1.5669665506522599,1.412115812753899,1.643511143439067,1.6232822131103708,1.7879061481721585,1.4704081434441478,1.6552777452125966,1.363985601014422,1.5669665506522599,1.412115812753899,1.643511143439067,1.6232822131103708,1.7879061481721585,1.4704081434441478,1.6552777452125966
3.4632323120674147,3.1525536276687505,2.9189485991913524,2.8268813711816168,3.583430841810541,2.8757929719330555,3.1355524666386505,3.127632688192658,3.4632323120674147,3.1525536276687505,2.9189485991913524,2.8268813711816168,3.583430841810541,2.8757929719330555,3.1355524666386505,3.127632688192658,3.4632323120674147,3.1525536276687505,2.9189485991913524,2.8268813711816168,3.583430841810541,2.8757929719330555,3.1355524666386505,3.127632688192658,3.778780722268419,3.0642028297162818,3.3213383866207864,2.997095653072547,3.2265591252199535,2.762523122303738,2.852840023969748,3.147832651652251,3.778780722268419,3.0642028297162818,3.3213383866207864,2.997095653072547,3.2265591252199535,2.762523122303738,2.852840023969748,3.147832651652251,3.778780722268419,3.0642028297162818,3.3213383866207864,2.997095653072547,3.2265591252199535,2.762523122303738,2.852840023969748,3.147832651652251,2.866592515165115,3.4632277488644614,3.45111381821174,3.1207889514551543,2.368075658135042,2.024347964957226,2.053849124575882,1.1637213626897818,2.6944355347691875,3.106595197693114,3.2171599760351115,3.07325808562615,2.982389618447859,1.6294599652944803,2.4663830833872367,2.560915371701211,2.6944355347691875,3.106595197693114,3.2171599760351115,3.07325808562615,2.982389618447859,1.6294599652944803,2.4663830833872367,2.560915371701211
0.9211821385241781,0.932428213729354,0.9327680540567811,0.8407896748511559,0.7560735639875547,0.8043591098503925,0.9184805429891733,0.8618325630598567,0.9211821385241781,0.932428213729354,0.9327680540567811,0.8407896748511559,0.7560735639875547,0.8043591098503925,0.9184805429891733,0.8618325630598567,0.9211821385241781,0.932428213729354,0.9327680540567811,0.8407896748511559,0.7560735639875547,0.8043591098503925,0.9184805429891733,0.8618325630598567,0.8865440479581412,0.9098915085789163,0.9320052579867352,0.8803418917488867,0.9823267118454371,0.9613702444115916,1.0536620705290505,1.1106930031453244,0.8865440479581412,0.9098915085789163,0.9320052579867352,0.8803418917488867,0.9823267118454371,0.9613702444115916,1.0536620705290505,1.1106930031453244,0.8865440479581412,0.9098915085789163,0.9320052579867352,0.8803418917488867,0.9823267118454371,0.9613702444115916,1.0536620705290505,1.1106930031453244,0.930957662126882,1.0294244880997563,1.0442384778926785,1.08290444362388,1.1739086880486087,1.2028321547661993,1.2595716256546796,1.579078093026344,0.9919826551253255,0.9433138215224541,1.0957616525781104,1.0743096568918427,1.3274473221034964,1.272732629505542,1.3150848869565928,1.265019677410881,0.9919826551253255,0.9433138215224541,1.0957616525781104,1.0743096568918427,1.3274473221034964,1.272732629505542,1.3150848869565928,1.265019677410881
0.9082298782283825,0.8789953051538838,0.8364463548288552,0.7876037674241431,0.9256846505234106,0.9725642756815868,0.6401630532237824,0.771757372046423,0.9082298782283825,0.8789953051538838,0.8364463548288552,0.7876037674241431,0.9256846505234106,0.9725642756815868,0.6401630532237824,0.771757372046423,0.9082298782283825,0.8789953051538838,0.8364463548288552,0.7876037674241431,0.9256846505234106,0.9725642756815868,0.6401630532237824,0.771757372046423,0.7899380095683858,1.0007074677598136,0.8256944538575185,0.9560000063030297,1.488978330241567,1.4022315626735338,1.0482234048214867,1.2106229572196687,0.7899380095683858,1.0007074677598136,0.8256944538575185,0.9560000063030297,1.488978330241567,1.4022315626735338,1.0482234048214867,1.2106229572196687,0.7899380095683858,1.0007074677598136,0.8256944538575185,0.9560000063030297,1.488978330241567,1.4022315626735338,1.0482234048214867,1.2106229572196687,0.9418259443624536,0.8171812240076816,1.109133331916101,1.0479688362466555,2.4446068886613674,1.040429205112207,0.9734530845947997,1.3062035651540111,1.1390555374632187,0.9880637349228251,1.180351984249569,1.1383708129173218,0.7851888640096837,1.4939306596970316,1.4359211445216615,2.3658127421010025,1.1390555374632187,0.9880637349228251,1.180351984249569,1.1383708129173218,0.7851888640096837,1.4939306596970316,1.4359211445216615,2.3658127421010025
0.43643633509674123,0.3648468623467362,0.45973791839259504,0.3981035865512952,0.20473831066411863,0.2180546281599214,0.31065427279290403,0.30045157089626096,0.43643633509674123,0.3648468623467362,0.45973791839259504,0.3981035865512952,0.20473831066411863,0.2180546281599214,0.31065427279290403,0.30045157089626096,0.43643633509674123,0.3648468623467362,0.45973791839259504,0.3981035865512952,0.20473831066411863,0.2180546281599214,0.31065427279290403,0.30045157089626096,0.23660312751894186,0.28341770103764485,0.37652624487680275,0.28903970776221916,0.19461308824444207,0.11051838040928615,0.10973859972187877,0.20252288583483954,0.23660312751894186,0.28341770103764485,0.37652624487680275,0.28903970776221916,0.19461308824444207,0.11051838040928615,0.10973859972187877,0.20252288583483954,0.23660312751894186,0.28341770103764485,0.37652624487680275,0.28903970776221916,0.19461308824444207,0.11051838040928615,0.10973859972187877,0.20252288583483954,0.24477156064335845,0.21467652271381488,0.36773443038513776,0.32999553835716855,0.46768510571081356,0.3572599837898618,0.2553590070559797,0.5799656240119161,0.19760171080477973,0.3026753161827082,0.3531889809744499,0.20947260013795177,0.25626173894421683,0.25857356940418347,0.11999711580216944,0.7871764700048114,0.19760171080477973,0.3026753161827082,0.3531889809744499,0.20947260013795177,0.25626173894421683,0.25857356940418347,0.11999711580216944,0.7871764700048114
0.7105687274852237,0.7120491045216684,0.6887625243216056,0.6317226059429585,0.6033606533546013,0.5295139200675031,0.7012627739882673,0.703690265668689,0.7105687274852237,0.7120491045216684,0.6887625243216056,0.6317226059429585,0.6033606533546013,0.5295139200675031,0.7012627739882673,0.703690265668689,0.7105687274852237,0.7120491045216684,0.6887625243216056,0.6317226059429585,0.6033606533546013,0.5295139200675031,0.7012627739882673,0.703690265668689,0.5361320010155332,0.5157742413208496,0.6045584308601344,0.6019190172523333,1.0882234095849985,0.5965632164817551,0.5273398798638609,0.5683309558377307,0.5361320010155332,0.5157742413208496,0.6045584308601344,0.6019190172523333,1.0882234095849985,0.5965632164817551,0.5273398798638609,0.5683309558377307,0.5361320010155332,0.5157742413208496,0.6045584308601344,0.6019190172523333,1.0882234095849985,0.5965632164817551,0.5273398798638609,0.5683309558377307,0.5241448227005285,0.6740334568878134,0.561956014994936,0.5992847061344008,1.1626246393619237,0.6600109164829535,0.7728810780805555,0.4265307235378196,0.5108223958126467,0.6006028843783562,0.5049640477173527,0.6217003491686828,0.8060067775508954,0.4877999935619738,0.6763337742317722,0.5798269621360733,0.5108223958126467,0.6006028843783562,0.5049640477173527,0.6217003491686828,0.8060067775508954,0.4877999935619738,0.6763337742317722,0.5798269621360733
1.3915937057075074,1.5852440287100367,1.3685264868082783,1.7655428467825494,1.1040402137646272,0.8824207957218733,1.591304783855146,1.3485165174819822,1.3915937057075074,1.5852440287100367,1.3685264868082783,1.7655428467825494,1.1040402137646272,0.8824207957218733,1.591304783855146,1.3485165174819822,1.3915937057075074,1.5852440287100367,1.3685264868082783,1.7655428467825494,1.1040402137646272,0.8824207957218733,1.591304783855146,1.3485165174819822,1.0432580848487565,1.012912259486536,0.9884618346527212,1.264981339847706,0.5760044633145808,0.870915882962918,0.9711027136485771,1.2012389955522447,1.0432580848487565,1.012912259486536,0.9884618346527212,1.264981339847706,0.5760044633145808,0.870915882962918,0.9711027136485771,1.2012389955522447,1.0432580848487565,1.012912259486536,0.9884618346527212,1.264981339847706,0.5760044633145808,0.870915882962918,0.9711027136485771,1.2012389955522447,0.46438201711387916,0.42885932896967943,0.5621412284133748,0.5557874034841971,0.7309897033436109,0.4274255005355555,0.3446270537731039,0.5539180320013107,0.47074768089308794,0.6740417351383887,0.4720177029810896,0.7195624916731592,0.6157708425144273,0.42630485197367934,0.4584242876699257,0.540934987701046,0.47074768089308794,0.6740417351383887,0.4720177029810896,0.7195624916731592,0.6157708425144273,0.42630485197367934,0.4584242876699257,0.540934987701046
0.6786821222523123,0.7842495003971777,0.6601903686647231,0.7837813858258064,0.8045903668085197,0.39398855015853074,0.4117000168573458,0.6118027314695726,0.6786821222523123,0.7842495003971777,0.6601903686647231,0.7837813858258064,0.8045903668085197,0.39398855015853074,0.4117000168573458,0.6118027314695726,0.6786821222523123,0.7842495003971777,0.6601903686647231,0.7837813858258064,0.8045903668085197,0.39398855015853074,0.4117000168573458,0.6118027314695726,0.6426280082254257,0.5733962821300302,0.589232054058414,0.6256035371411022,0.5396558195768872,0.624656315034944,0.42029832935841915,0.4801525228166528,0.6426280082254257,0.5733962821300302,0.589232054058414,0.6256035371411022,0.5396558195768872,0.624656315034944,0.42029832935841915,0.4801525228166528,0.6426280082254257,0.5733962821300302,0.589232054058414,0.6256035371411022,0.5396558195768872,0.624656315034944,0.42029832935841915,0.4801525228166528,0.5194794093696093,0.5977895958083692,0.5116378894478822,0.35331400644167826,0.5362381576665786,0.3162092398512891,0.5497650140378691,0.5257178933396713,0.4298458986866338,0.5071571939300488,0.35111882877244827,0.33522512594884085,0.6281459430122768,0.5029802172027728,0.5458102648239429,0.5165125719068034,0.4298458986866338,0.5071571939300488,0.35111882877244827,0.33522512594884085,0.6281459430122768,0.5029802172027728,0.5458102648239429,0.5165125719068034
0.9558692579641025,0.7752606970646534,0.9601223977010171,0.7697269818429807,0.9093427970999574,0.7692277645476858,0.9926166637568975,0.79814063426163,0.9558692579641025,0.7752606970646534,0.9601223977010171,0.7697269818429807,0.9093427970999574,0.7692277645476858,0.9926166637568975,0.79814063426163,0.9558692579641025,0.7752606970646534,0.9601223977010171,0.7697269818429807,0.9093427970999574,0.7692277645476858,0.9926166637568975,0.79814063426163,0.8694635621085168,0.8060577005872219,0.8615602154281135,1.1861162863926926,0.7723125113417312,1.3621027202975882,0.8042682617600285,1.3814434531174862,0.8694635621085168,0.8060577005872219,0.8615602154281135,1.1861162863926926,0.7723125113417312,1.3621027202975882,0.8042682617600285,1.3814434531174862,0.8694635621085168,0.8060577005872219,0.8615602154281135,1.1861162863926926,0.7723125113417312,1.3621027202975882,0.8042682617600285,1.3814434531174862,0.9555698741175787,0.9562228537831877,0.8118133169339417,1.0407817221706455,0.4921604601738776,0.982985232240149,1.014581942004141,1.1141322860593263,1.4519137709746468,1.166576079766191,0.7513308347525951,0.8231054821897076,0.8703894919612031,0.6679369222065787,0.9892244993505135,1.164424733885145,1.4519137709746468,1.166576079766191,0.7513308347525951,0.8231054821897076,0.8703894919612031,0.6679369222065787,0.9892244993505135,1.164424733885145
3.242218223780971,3.202809590252206,3.5282322307146634,3.3586965726506457,2.848416300340001,2.9864888974993993,2.78016911536322,2.7067602856707143,3.242218223780971,3.202809590252206,3.5282322307146634,3.3586965726506457,2.848416300340001,2.9864888974993993,2.78016911536322,2.7067602856707143,3.242218223780971,3.202809590252206,3.5282322307146634,3.3586965726506457,2.848416300340001,2.9864888974993993,2.78016911536322,2.7067602856707143,3.0306713304116637,3.164208073023479,3.616978499739298,3.6991152808264545,3.7612423328029414,3.9657810219374143,2.7577509001080722,3.922485934027743,3.0306713304116637,3.164208073023479,3.616978499739298,3.6991152808264545,3.7612423328029414,3.9657810219374143,2.7577509001080722,3.922485934027743,3.0306713304116637,3.164208073023479,3.616978499739298,3.6991152808264545,3.7612423328029414,3.9657810219374143,2.7577509001080722,3.922485934027743,3.254996126916981,3.1435483684672985,2.7563990357157087,3.922268996641835,2.604108814364621,3.4454064473193613,3.1927631439455566,4.119885512107212,3.1785726774955405,3.376363929788943,3.1443350733189877,3.4010184269404276,2.702603379221787,3.121001366520316,2.599229612951151,4.650857579964393,3.1785726774955405,3.376363929788943,3.1443350733189877,3.4010184269404276,2.702603379221787,3.121001366520316,2.599229612951151,4.650857579964393
2.2582219916026665,2.1276701293294873,2.3267498019672677,2.2660184791567373,2.40627777912247,2.1646476597617865,2.418564680241079,2.333717335198427,2.2582219916026665,2.1276701293294873,2.3267498019672677,2.2660184791567373,2.40627777912247,2.1646476597617865,2.418564680241079,2.333717335198427,2.2582219916026665,2.1276701293294873,2.3267498019672677,2.2660184791567373,2.40627777912247,2.1646476597617865,2.418564680241079,2.333717335198427,1.6265962633749647,1.9540388375229705,1.776275535641787,1.9535908693712856,1.8500660568903327,1.8846398379179172,2.1934538290647674,2.3005122800217843,1.6265962633749647,1.9540388375229705,1.776275535641787,1.9535908693712856,1.8500660568903327,1.8846398379179172,2.1934538290647674,2.3005122800217843,1.6265962633749647,1.9540388375229705,1.776275535641787,1.9535908693712856,1.8500660568903327,1.8846398379179172,2.1934538290647674,2.3005122800217843,2.0383522979543405,1.4923359779978007,1.5846834911126344,1.2793667412747167,1.9182312636357353,1.6088534739056788,1.861458161955666,1.9809685595539035,1.809820480901667,1.442988942813655,1.8038940238183527,1.4579253213579384,2.507239345696006,1.548026375600953,1.7799113680494505,1.7861355983050002,1.809820480901667,1.442988942813655,1.8038940238183527,1.4579253213579384,2.507239345696006,1.548026375600953,1.7799113680494505,1.7861355983050002
0.2759212113480664,0.2913559243502343,0.31225870520533283,0.2770816007278435,0.28452707427706353,0.26783963770250474,0.24685648846326935,0.2968030247472787,0.2759212113480664,0.2913559243502343,0.31225870520533283,0.2770816007278435,0.28452707427706353,0.26783963770250474,0.24685648846326935,0.2968030247472787,0.2759212113480664,0.2913559243502343,0.31225870520533283,0.2770816007278435,0.28452707427706353,0.26783963770250474,0.24685648846326935,0.2968030247472787,0.2693692965359781,0.26865933474636833,0.2914772647104201,0.273354359987414,0.293483251252379,0.3596960522812422,0.37777228463025747,0.31017020227002895,0.2693692965359781,0.26865933474636833,0.2914772647104201,0.273354359987414,0.293483251252379,0.3596960522812422,0.37777228463025747,0.31017020227002895,0.2693692965359781,0.26865933474636833,0.2914772647104201,0.273354359987414,0.293483251252379,0.3596960522812422,0.37777228463025747,0.31017020227002895,0.30252075291477165,0.35253876024637076,0.3932556530547734,0.31880312748044254,0.6551419331285488,0.6929448890702766,0.3155403183545333,0.36508798807260473,0.34291906114182547,0.3569550340018952,0.42398652536344683,0.3285019387499572,0.34999574198259825,0.4732803606355943,0.3930052213582534,0.6762894276406497,0.34291906114182547,0.3569550340018952,0.42398652536344683,0.3285019387499572,0.34999574198259825,0.4732803606355943,0.3930052213582534,0.6762894276406497
1.6358650606426803,1.6984179234212664,1.514987861725447,1.661171661117298,1.6123486669666622,1.876431986034268,1.6489539856736863,1.6848837783595443,1.6358650606426803,1.6984179234212664,1.514987861725447,1.661171661117298,1.6123486669666622,1.876431986034268,1.6489539856736863,1.6848837783595443,1.6358650606426803,1.6984179234212664,1.514987861725447,1.661171661117298,1.6123486669666622,1.876431986034268,1.6489539856736863,1.6848837783595443,1.786861225797017,1.567781906880356,2.007451765698611,1.7459210496493303,1.545328052046898,1.58136974551919,1.4043798722777427,1.9728336720540975,1.786861225797017,1.567781906880356,2.007451765698611,1.7459210496493303,1.545328052046898,1.58136974551919,1.4043798722777427,1.9728336720540975,1.786861225797017,1.567781906880356,2.007451765698611,1.7459210496493303,1.545328052046898,1.58136974551919,1.4043798722777427,1.9728336720540975,2.1430078946507773,1.992979374199578,1.3330931157455346,1.7389211364395607,1.524583189500054,2.106813145051694,1.95865291165253,1.7662432177539902,2.057996047926907,1.7505603366950264,1.7182594217552651,1.5690183849219912,1.8218870981933388,2.7973977435824273,1.7626203344785614,2.183629979354782,2.057996047926907,1.7505603366950264,1.7182594217552651,1.5690183849219912,1.8218870981933388,2.7973977435824273,1.7626203344785614,2.183629979354782
0.1417230765142915,0.1722150392033094,0.14028927107251118,0.1580496282761015,0.15507865940317253,0.12730362392562525,0.0963875790933738,0.13754343691403703,0.1417230765142915,0.1722150392033094,0.14028927107251118,0.1580496282761015,0.15507865940317253,0.12730362392562525,0.0963875790933738,0.13754343691403703,0.1417230765142915,0.1722150392033094,0.14028927107251118,0.1580496282761015,0.15507865940317253,0.12730362392562525,0.0963875790933738,0.13754343691403703,0.15290716623017866,0.10882975972480603,0.10250019004080464,0.11286211699722432,0.13918278526605132,0.1354169949552462,0.07647809102580562,0.12938690617818038,0.15290716623017866,0.10882975972480603,0.10250019004080464,0.11286211699722432,0.13918278526605132,0.1354169949552462,0.07647809102580562,0.12938690617818038,0.15290716623017866,0.10882975972480603,0.10250019004080464,0.11286211699722432,0.13918278526605132,0.1354169949552462,0.07647809102580562,0.12938690617818038,0.13519691889657195,0.12070394370267606,0.07646102672007363,0.18362889903387167,0.32178396065067283,0.44099516185599286,0.21694594972845335,0.10537293047452755,0.12121544090895747,0.0948685292783237,0.08519830223706931,0.14006520525759922,0.5972939694117428,0.09291694224404584,0.24333085543903296,0.22824644836391145,0.12121544090895747,0.0948685292783237,0.08519830223706931,0.14006520525759922,0.5972939694117428,0.09291694224404584,0.24333085543903296,0.22824644836391145
1.0273024501846661,1.0688398478105687,0.9861937811206789,0.950079929996858,0.9130746121175211,0.8299566960391512,0.9330849979771823,0.8611859093233235,1.0273024501846661,1.0688398478105687,0.9861937811206789,0.950079929996858,0.9130746121175211,0.8299566960391512,0.9330849979771823,0.8611859093233235,1.0273024501846661,1.0688398478105687,0.9861937811206789,0.950079929996858,0.9130746121175211,0.8299566960391512,0.9330849979771823,0.8611859093233235,0.8389692247999817,0.7448748850944011,0.8076650894302787,0.804669467251729,0.9450664218810448,0.8030441838078424,0.6798279364169445,0.718018286821868,0.8389692247999817,0.7448748850944011,0.8076650894302787,0.804669467251729,0.9450664218810448,0.8030441838078424,0.6798279364169445,0.718018286821868,0.8389692247999817,0.7448748850944011,0.8076650894302787,0.804669467251729,0.9450664218810448,0.8030441838078424,0.6798279364169445,0.718018286821868,0.6817840330168136,0.8228495079824097,0.7765781282328146,0.752167829145101,0.8009849965424037,0.5511885388077298,0.8443502615282302,0.8081367843768195,0.6894646455411534,0.7551491755431617,0.7830407620391683,0.6737813594664518,0.5597733376824672,1.0506374359010189,0.7558294952992991,0.789662331572907,0.6894646455411534,0.7551491755431617,0.7830407620391683,0.6737813594664518,0.5597733376824672,1.0506374359010189,0.7558294952992991,0.789662331572907
0.9415844701980077,0.9978838078863838,0.9506711748746051,0.9959968746097617,1.0819924248442772,1.1165136479580826,0.9983768943816234,0.9475511023673846,0.9415844701980077,0.9978838078863838,0.9506711748746051,0.9959968746097617,1.0819924248442772,1.1165136479580826,0.9983768943816234,0.9475511023673846,0.9415844701980077,0.9978838078863838,0.9506711748746051,0.9959968746097617,1.0819924248442772,1.1165136479580826,0.9983768943816234,0.9475511023673846,0.9937047675812035,0.9920076933635082,0.9204747306811427,1.0237665126856537,0.6886809713607733,1.2704947150422896,0.9195301042019178,1.1258103846429628,0.9937047675812035,0.9920076933635082,0.9204747306811427,1.0237665126856537,0.6886809713607733,1.2704947150422896,0.9195301042019178,1.1258103846429628,0.9937047675812035,0.9920076933635082,0.9204747306811427,1.0237665126856537,0.6886809713607733,1.2704947150422896,0.9195301042019178,1.1258103846429628,1.2373814287490297,1.089782125981588,1.161948564517144,0.8970731590111412,1.3111386341215514,1.0794143063222796,1.0601551259740247,1.0357170760390295,1.1781859377751807,1.0975685186558397,1.066427787500657,0.9873175536763579,0.883148399366363,0.6237712728782824,0.6037027980464478,1.3947845192410784,1.1781859377751807,1.0975685186558397,1.066427787500657,0.9873175536763579,0.883148399366363,0.6237712728782824,0.6037027980464478,1.3947845192410784
1.2483132191559703,1.4544339273867506,1.2937990492211136,1.4442382435065204,1.0030783188454848,1.3077524095226671,1.1881633122933641,1.2584448795107626,1.2483132191559703,1.4544339273867506,1.2937990492211136,1.4442382435065204,1.0030783188454848,1.3077524095226671,1.1881633122933641,1.2584448795107626,1.2483132191559703,1.4544339273867506,1.2937990492211136,1.4442382435065204,1.0030783188454848,1.3077524095226671,1.1881633122933641,1.2584448795107626,0.9008727020626198,1.1623550259439637,0.9621907840049568,1.0845275981768399,0.942510298361551,0.8340718895197328,0.923973816903977,1.0665043573052075,0.9008727020626198,1.1623550259439637,0.9621907840049568,1.0845275981768399,0.942510298361551,0.8340718895197328,0.923973816903977,1.0665043573052075,0.9008727020626198,1.1623550259439637,0.9621907840049568,1.0845275981768399,0.942510298361551,0.8340718895197328,0.923973816903977,1.0665043573052075,0.8687272070152567,0.9495914997578105,0.9636449535678542,0.7805136082799061,0.7966461562602323,0.9552760009196675,1.1799972645116217,0.6213349644764818,1.0473287263421036,0.7098167212038752,0.999385918381817,0.8453098527314352,0.5491428657216391,0.8312720960613089,0.8674957209334329,0.9124492921143366,1.0473287263421036,0.7098167212038752,0.999385918381817,0.8453098527314352,0.5491428657216391,0.8312720960613089,0.8674957209334329,0.9124492921143366
1.0774107045745485,1.1569961922181693,0.9655214781952358,1.0806980635377246,1.1777787394327008,1.070360387614592,0.9818657052200257,1.1428187503831726,1.0774107045745485,1.1569961922181693,0.9655214781952358,1.0806980635377246,1.1777787394327008,1.070360387614592,0.9818657052200257,1.1428187503831726,1.0774107045745485,1.1569961922181693,0.9655214781952358,1.0806980635377246,1.1777787394327008,1.070360387614592,0.9818657052200257,1.1428187503831726,1.0114959829809833,1.1775406085385967,0.965388386905872,1.079286830156842,1.3651083564034505,1.4426150569885619,1.4031384527102184,1.5322894859117557,1.0114959829809833,1.1775406085385967,0.965388386905872,1.079286830156842,1.3651083564034505,1.4426150569885619,1.4031384527102184,1.5322894859117557,1.0114959829809833,1.1775406085385967,0.965388386905872,1.079286830156842,1.3651083564034505,1.4426150569885619,1.4031384527102184,1.5322894859117557,1.0611772590976782,1.034117147179893,1.127696910726838,1.0793699772360976,1.8241700966378935,1.4313012278427473,1.2400288655743563,1.451166183415882,1.0689500082278494,1.0258165841632567,1.3143340693774568,1.3031267362925694,1.2498350380755525,1.4768847356697838,1.4963251199928886,1.2886885021409256,1.0689500082278494,1.0258165841632567,1.3143340693774568,1.3031267362925694,1.2498350380755525,1.4768847356697838,1.4963251199928886,1.2886885021409256
2.3781613360919867,2.5270386764975488,2.385448693345386,2.4110760157586912,3.3409773538762577,3.2804697399613665,2.971787537509603,2.771739901407395,2.3781613360919867,2.5270386764975488,2.385448693345386,2.4110760157586912,3.3409773538762577,3.2804697399613665,2.971787537509603,2.771739901407395,2.3781613360919867,2.5270386764975488,2.385448693345386,2.4110760157586912,3.3409773538762577,3.2804697399613665,2.971787537509603,2.771739901407395,3.38581799530593,3.277450867259901,2.9816970278054016,3.092236018997172,5.305327149597999,5.135058605774794,4.647480760919697,4.501095026921632,3.38581799530593,3.277450867259901,2.9816970278054016,3.092236018997172,5.305327149597999,5.135058605774794,4.647480760919697,4.501095026921632,3.38581799530593,3.277450867259901,2.9816970278054016,3.092236018997172,5.305327149597999,5.135058605774794,4.647480760919697,4.501095026921632,3.6548495078403547,3.726275361300123,3.872843215142889,3.8289956526443696,5.3522411440488025,4.647725497976762,5.377363132384585,5.1079871032675275,3.690280601365964,3.3963226964357593,4.129630836905362,3.9016119896252484,6.2483015486223135,5.699408620114086,5.916281115217187,4.116570725481417,3.690280601365964,3.3963226964357593,4.129630836905362,3.9016119896252484,6.2483015486223135,5.699408620114086,5.916281115217187,4.116570725481417
2.690456593218342,2.73853568746805,2.6742702164636336,2.8109704376101403,2.711689186790771,3.178499438085128,2.773404412163654,2.9958660034389135,2.690456593218342,2.73853568746805,2.6742702164636336,2.8109704376101403,2.711689186790771,3.178499438085128,2.773404412163654,2.9958660034389135,2.690456593218342,2.73853568746805,2.6742702164636336,2.8109704376101403,2.711689186790771,3.178499438085128,2.773404412163654,2.9958660034389135,2.603832497928853,2.5508901112371007,2.570844185400024,2.5567532573097966,2.2394349425162923,2.574305009107909,3.1149273652324565,2.7036738067428248,2.603832497928853,2.5508901112371007,2.570844185400024,2.5567532573097966,2.2394349425162923,2.574305009107909,3.1149273652324565,2.7036738067428248,2.603832497928853,2.5508901112371007,2.570844185400024,2.5567532573097966,2.2394349425162923,2.574305009107909,3.1149273652324565,2.7036738067428248,2.78236431169878,2.802067639557822,2.9061301065847642,2.5260548196047967,2.1311683065788736,2.303825337083471,2.6714969982773114,2.5633423240233624,2.731227698594685,2.598287200753423,2.6983044250354555,2.519648067241475,2.554882007944643,2.899001356948104,2.1660245146885315,2.8009613214237756,2.731227698594685,2.598287200753423,2.6983044250354555,2.519648067241475,2.554882007944643,2.899001356948104,2.1660245146885315,2.8009613214237756
2.9712348522367673,2.973538485150391,3.158145046721309,3.070960627895529,3.25533079290841,2.6047852395866404,3.4216247582035133,2.976095491854981,2.9712348522367673,2.973538485150391,3.158145046721309,3.070960627895529,3.25533079290841,2.6047852395866404,3.4216247582035133,2.976095491854981,2.9712348522367673,2.973538485150391,3.158145046721309,3.070960627895529,3.25533079290841,2.6047852395866404,3.4216247582035133,2.976095491854981,2.692560137538744,2.9381053467142646,2.9730324642255725,2.98859225233781,1.8985735761322202,3.2620980476908623,2.7880786322514575,2.5823046597234627,2.692560137538744,2.9381053467142646,2.9730324642255725,2.98859225233781,1.8985735761322202,3.2620980476908623,2.7880786322514575,2.5823046597234627,2.692560137538744,2.9381053467142646,2.9730324642255725,2.98859225233781,1.8985735761322202,3.2620980476908623,2.7880786322514575,2.5823046597234627,2.357792260985032,2.4740286510923513,3.013802326807053,2.606903002485964,2.5419617290351364,3.0814020421007204,3.7975773420492103,3.514695690171162,2.5578167467468336,2.633204809576257,2.7296182905941113,2.359504773905692,2.3625316253659134,2.585831644078436,2.9840236751603864,3.4190201262534643,2.5578167467468336,2.633204809576257,2.7296182905941113,2.359504773905692,2.3625316253659134,2.585831644078436,2.9840236751603864,3.4190201262534643
2.126902161723096,1.964503050965713,1.929017623939167,2.2596632172436313,1.9407862061881174,2.4126372532309,2.044196987248522,2.1094508918078536,2.126902161723096,1.964503050965713,1.929017623939167,2.2596632172436313,1.9407862061881174,2.4126372532309,2.044196987248522,2.1094508918078536,2.126902161723096,1.964503050965713,1.929017623939167,2.2596632172436313,1.9407862061881174,2.4126372532309,2.044196987248522,2.1094508918078536,1.9009515374285542,2.022058863170258,2.234162537506981,2.0084907900098217,1.7146377426252466,2.0163895975301904,2.2363973896054286,2.596680073865618,1.9009515374285542,2.022058863170258,2.234162537506981,2.0084907900098217,1.7146377426252466,2.0163895975301904,2.2363973896054286,2.596680073865618,1.9009515374285542,2.022058863170258,2.234162537506981,2.0084907900098217,1.7146377426252466,2.0163895975301904,2.2363973896054286,2.596680073865618,1.734327274464288,2.3247838927876345,1.8153328145635605,2.1120035266111454,2.5885930160863535,1.8357814450691945,1.7729692705174338,1.814137460970114,1.8189970414110308,1.8853236881753779,1.7989869141619594,2.127894464835805,2.1949421434184937,1.7063608031594972,1.7599052118086262,1.8883491835465245,1.8189970414110308,1.8853236881753779,1.7989869141619594,2.127894464835805,2.1949421434184937,1.7063608031594972,1.7599052118086262,1.8883491835465245
0.36760747579480957,0.4436605395901485,0.36489481171355614,0.3959027168992319,0.386551890804524,0.4157809730915713,0.39728356817292837,0.4140875272286509,0.36760747579480957,0.4436605395901485,0.36489481171355614,0.3959027168992319,0.386551890804524,0.4157809730915713,0.39728356817292837,0.4140875272286509,0.36760747579480957,0.4436605395901485,0.36489481171355614,0.3959027168992319,0.386551890804524,0.4157809730915713,0.39728356817292837,0.4140875272286509,0.35636209809139535,0.2845216891476236,0.29400894169381825,0.4467777896160074,0.39552790773601915,0.3926221637394514,0.38680095655605373,0.43701149939057343,0.35636209809139535,0.2845216891476236,0.29400894169381825,0.4467777896160074,0.39552790773601915,0.3926221637394514,0.38680095655605373,0.43701149939057343,0.35636209809139535,0.2845216891476236,0.29400894169381825,0.4467777896160074,0.39552790773601915,0.3926221637394514,0.38680095655605373,0.43701149939057343,0.33529438666930805,0.34188902928270903,0.4722126986819895,0.37590679453695036,0.503507195972878,0.5281012538584641,0.49813998205002363,0.39408227898551873,0.37561305258743816,0.30097729488117986,0.36675044817870933,0.3659740969474785,0.5657445191756872,0.42849030502681695,0.38599325021907754,0.4379939194407569,0.37561305258743816,0.30097729488117986,0.36675044817870933,0.3659740969474785,0.5657445191756872,0.42849030502681695,0.38599325021907754,0.4379939194407569
5.229228133924559,5.254890406525541,4.8040331634552205,5.336757116379508,5.593672440442676,5.376231017086042,5.434510950974443,6.091572938246012,5.229228133924559,5.254890406525541,4.8040331634552205,5.336757116379508,5.593672440442676,5.376231017086042,5.434510950974443,6.091572938246012,5.229228133924559,5.254890406525541,4.8040331634552205,5.336757116379508,5.593672440442676,5.376231017086042,5.434510950974443,6.091572938246012,5.103909665901371,5.433877083452812,5.157894040114097,5.555466222321197,4.959821947598142,5.722391079899381,5.363461852980022,4.952492701449411,5.103909665901371,5.433877083452812,5.157894040114097,5.555466222321197,4.959821947598142,5.722391079899381,5.363461852980022,4.952492701449411,5.103909665901371,5.433877083452812,5.157894040114097,5.555466222321197,4.959821947598142,5.722391079899381,5.363461852980022,4.952492701449411,4.6533807762046795,5.623870536843766,5.115986747728415,5.782782497102926,5.77733626275515,4.613753131994516,4.19105199994281,6.281715282047114,5.022647630494537,5.360975045463407,5.033842059054253,5.6090402730146405,5.253513033241002,4.14021706893014,4.941440733781311,5.583325406700153,5.022647630494537,5.360975045463407,5.033842059054253,5.6090402730146405,5.253513033241002,4.14021706893014,4.941440733781311,5.583325406700153
0.32526399910398324,0.25455310178467766,0.28632898246710536,0.3144453409422401,0.21090017597372676,0.21827132902107413,0.21244370429115217,0.24078100318743292,0.32526399910398324,0.25455310178467766,0.28632898246710536,0.3144453409422401,0.21090017597372676,0.21827132902107413,0.21244370429115217,0.24078100318743292,0.32526399910398324,0.25455310178467766,0.28632898246710536,0.3144453409422401,0.21090017597372676,0.21827132902107413,0.21244370429115217,0.24078100318743292,0.18654710927131998,0.1488848458436487,0.15437164220635327,0.1962059684884809,0.11436758120596494,0.04144299581517,0.16695707351659467,0.1772655460330802,0.18654710927131998,0.1488848458436487,0.15437164220635327,0.1962059684884809,0.11436758120596494,0.04144299581517,0.16695707351659467,0.1772655460330802,0.18654710927131998,0.1488848458436487,0.15437164220635327,0.1962059684884809,0.11436758120596494,0.04144299581517,0.16695707351659467,0.1772655460330802,0.15944293015450628,0.054617547996855004,0.15646210202348446,0.07298697374488296,0.08412559408887009,0.23058614351100168,0.025590620446376278,0.1801939971196924,0.10355480839703209,0.1210991861083794,0.15095151502528326,0.10191559112576516,0.10882303879717509,0.32283342593144476,0.2011672964732415,0.2204520915848953,0.10355480839703209,0.1210991861083794,0.15095151502528326,0.10191559112576516,0.10882303879717509,0.32283342593144476,0.2011672964732415,0.2204520915848953
0.5207966463559563,0.4725177974387761,0.5870098906979253,0.5236494785325417,0.43350958136174655,0.4430969969314815,0.4992919516619246,0.4171013210925823,0.5207966463559563,0.4725177974387761,0.5870098906979253,0.5236494785325417,0.43350958136174655,0.4430969969314815,0.4992919516619246,0.4171013210925823,0.5207966463559563,0.4725177974387761,0.5870098906979253,0.5236494785325417,0.43350958136174655,0.4430969969314815,0.4992919516619246,0.4171013210925823,0.44006594784293307,0.41207602249047703,0.5127258867653335,0.39398119708654267,0.29446837517704266,0.2660828002685566,0.3104126430065871,0.3138351974745473,0.44006594784293307,0.41207602249047703,0.5127258867653335,0.39398119708654267,0.29446837517704266,0.2660828002685566,0.3104126430065871,0.3138351974745473,0.44006594784293307,0.41207602249047703,0.5127258867653335,0.39398119708654267,0.29446837517704266,0.2660828002685566,0.3104126430065871,0.3138351974745473,0.37919458929988215,0.2718880153042335,0.381180772278761,0.25232523498407766,0.2160433792222256,0.17461128766908612,0.2553501944567069,0.2519657647146642,0.37852996913647713,0.25823031846931666,0.40439484047768043,0.25285109350368123,0.2527948617935714,0.22019963468660633,0.27746777307040804,0.2587755516770269,0.37852996913647713,0.25823031846931666,0.40439484047768043,0.25285109350368123,0.2527948617935714,0.22019963468660633,0.27746777307040804,0.2587755516770269
2.6331246119032143,2.527615747560008,2.508841354968622,2.5481580852360257,2.4892805535104183,2.580677076031012,2.566312844857567,2.5432001803282627,2.6331246119032143,2.527615747560008,2.508841354968622,2.5481580852360257,2.4892805535104183,2.580677076031012,2.566312844857567,2.5432001803282627,2.6331246119032143,2.527615747560008,2.508841354968622,2.5481580852360257,2.4892805535104183,2.580677076031012,2.566312844857567,2.5432001803282627,2.4935209363443573,2.656640582352136,2.700869385885302,2.8295938229648914,2.5310295496074593,2.693318343651593,2.5237804349130917,2.8672659777244176,2.4935209363443573,2.656640582352136,2.700869385885302,2.8295938229648914,2.5310295496074593,2.693318343651593,2.5237804349130917,2.8672659777244176,2.4935209363443573,2.656640582352136,2.700869385885302,2.8295938229648914,2.5310295496074593,2.693318343651593,2.5237804349130917,2.8672659777244176,2.7112011436788315,2.949249205678391,2.668581489715525,3.1159635758743245,2.9028712852144274,3.0766240275980623,2.9587787063751296,3.4202742986740877,2.872019750956629,2.783119227573463,2.808266478439776,2.978991561450122,2.8554312792050616,2.8076694459849088,3.0493415494503537,3.4621516997299366,2.872019750956629,2.783119227573463,2.808266478439776,2.978991561450122,2.8554312792050616,2.8076694459849088,3.0493415494503537,3.4621516997299366
0.08238140420602334,0.06958365617028014,0.07996474811698986,0.09299639961975058,0.09198857146026344,0.08999626701415427,0.10128103623249123,0.09273650462835241,0.08238140420602334,0.06958365617028014,0.07996474811698986,0.09299639961975058,0.09198857146026344,0.08999626701415427,0.10128103623249123,0.09273650462835241,0.08238140420602334,0.06958365617028014,0.07996474811698986,0.09299639961975058,0.09198857146026344,0.08999626701415427,0.10128103623249123,0.09273650462835241,0.060440371153460695,0.04994741518613738,0.05013073004654299,0.07349079303516626,0.10294335157935565,0.06954750532199755,0.043877015729639694,0.06814110868734469,0.060440371153460695,0.04994741518613738,0.05013073004654299,0.07349079303516626,0.10294335157935565,0.06954750532199755,0.043877015729639694,0.06814110868734469,0.060440371153460695,0.04994741518613738,0.05013073004654299,0.07349079303516626,0.10294335157935565,0.06954750532199755,0.043877015729639694,0.06814110868734469,0.0710814450575658,0.07384526058326195,0.08837520429109613,0.061533278262303884,0.05102596701737514,0.033997326192945924,0.06453554555107635,0.06173440880502968,0.06192869562748389,0.07443036468051557,0.08771399579029963,0.050929116842359345,0.042155502135197066,0.07730578932597396,0.027100775610724954,0.057467640133765416,0.06192869562748389,0.07443036468051557,0.08771399579029963,0.050929116842359345,0.042155502135197066,0.07730578932597396,0.027100775610724954,0.057467640133765416
0.9916440474327624,0.8012440387957879,1.0194443730556826,0.8988624675977382,0.9814391972938924,0.9654477432476428,1.1053728511167011,0.967982984896785,0.9916440474327624,0.8012440387957879,1.0194443730556826,0.8988624675977382,0.9814391972938924,0.9654477432476428,1.1053728511167011,0.967982984896785,0.9916440474327624,0.8012440387957879,1.0194443730556826,0.8988624675977382,0.9814391972938924,0.9654477432476428,1.1053728511167011,0.967982984896785,0.8350961869165557,0.9055448653850723,0.9630359784179523,0.9854885251469881,1.0695699109449464,0.9085154705297546,1.0402918289924548,1.3054047576865242,0.8350961869165557,0.9055448653850723,0.9630359784179523,0.9854885251469881,1.0695699109449464,0.9085154705297546,1.0402918289924548,1.3054047576865242,0.8350961869165557,0.9055448653850723,0.9630359784179523,0.9854885251469881,1.0695699109449464,0.9085154705297546,1.0402918289924548,1.3054047576865242,1.0795725916474135,0.8966748725730249,1.1025224104297777,0.9151471834886344,0.9622447104189682,0.8947394813607252,1.2313720955617928,0.8543211783398852,1.0744387172571368,0.93213887764607,1.0933198501522319,0.9135238209180174,1.198238372823814,0.7684267781522062,1.1045485941286344,0.8682516875539791,1.0744387172571368,0.93213887764607,1.0933198501522319,0.9135238209180174,1.198238372823814,0.7684267781522062,1.1045485941286344,0.8682516875539791
0.8004091558294458,0.7969128275034395,0.7757622842135019,0.7982616910014718,0.7306240405723038,0.7628029101287759,0.6945380743687218,0.7248978129693684,0.8004091558294458,0.7969128275034395,0.7757622842135019,0.7982616910014718,0.7306240405723038,0.7628029101287759,0.6945380743687218,0.7248978129693684,0.8004091558294458,0.7969128275034395,0.7757622842135019,0.7982616910014718,0.7306240405723038,0.7628029101287759,0.6945380743687218,0.7248978129693684,0.7219809482216906,0.6942321472079663,0.7893792376940686,0.7242555899235844,0.7259238922835333,0.6936365162620909,0.8309381855476686,0.7244071870076392,0.7219809482216906,0.6942321472079663,0.7893792376940686,0.7242555899235844,0.7259238922835333,0.6936365162620909,0.8309381855476686,0.7244071870076392,0.7219809482216906,0.6942321472079663,0.7893792376940686,0.7242555899235844,0.7259238922835333,0.6936365162620909,0.8309381855476686,0.7244071870076392,0.7760964362216856,0.7526625511167792,0.821823552229972,0.78246078883787,0.7591708616470708,0.7670571291906342,0.7513884635703041,0.7543748931820782,0.7766277026370453,0.7610440570441968,0.8167418702108875,0.7881129458721376,0.7167156633957114,0.6794482457980271,0.7764481823605173,0.8573042517515951,0.7766277026370453,0.7610440570441968,0.8167418702108875,0.7881129458721376,0.7167156633957114,0.6794482457980271,0.7764481823605173,0.8573042517515951
1.5336101180876474,1.462317186934367,1.6850456397474003,1.3760329045473156,1.6799878395085024,1.5509011710477376,1.8450314530716794,1.6208578512338165,1.5336101180876474,1.462317186934367,1.6850456397474003,1.3760329045473156,1.6799878395085024,1.5509011710477376,1.8450314530716794,1.6208578512338165,1.5336101180876474,1.462317186934367,1.6850456397474003,1.3760329045473156,1.6799878395085024,1.5509011710477376,1.8450314530716794,1.6208578512338165,2.139959124768043,2.0731462720802134,2.1972161675175417,1.929336093761998,1.6713199139488437,2.059991562901117,1.9889798380810881,2.3088031804115685,2.139959124768043,2.0731462720802134,2.1972161675175417,1.929336093761998,1.6713199139488437,2.059991562901117,1.9889798380810881,2.3088031804115685,2.139959124768043,2.0731462720802134,2.1972161675175417,1.929336093761998,1.6713199139488437,2.059991562901117,1.9889798380810881,2.3088031804115685,2.4330847955177175,2.3066350341419857,2.0310496611083884,2.527230311062749,1.815206034045608,1.7818074379701083,2.5731008823398764,2.2073742129614446,2.17864646392784,2.101732180522192,2.0099457416820417,2.082408419918287,2.485183157335107,1.71752064584914,2.0035364212640894,2.308190619644029,2.17864646392784,2.101732180522192,2.0099457416820417,2.082408419918287,2.485183157335107,1.71752064584914,2.0035364212640894,2.308190619644029
0.397764990423788,0.365778284045705,0.37311590410067885,0.3511914042264446,0.395577143607149,0.38509523345752855,0.3632587230233477,0.3221159593597281,0.397764990423788,0.365778284045705,0.37311590410067885,0.3511914042264446,0.395577143607149,0.38509523345752855,0.3632587230233477,0.3221159593597281,0.397764990423788,0.365778284045705,0.37311590410067885,0.3511914042264446,0.395577143607149,0.38509523345752855,0.3632587230233477,0.3221159593597281,0.4561149477313959,0.42446125458242534,0.4065509704234123,0.4209553959989122,0.43271060303544134,0.7023597877917803,0.3958334269551456,0.32663942520971695,0.4561149477313959,0.42446125458242534,0.4065509704234123,0.4209553959989122,0.43271060303544134,0.7023597877917803,0.3958334269551456,0.32663942520971695,0.4561149477313959,0.42446125458242534,0.4065509704234123,0.4209553959989122,0.43271060303544134,0.7023597877917803,0.3958334269551456,0.32663942520971695,0.46512683566675883,0.44663631803566095,0.45633376378174695,0.4140597444695499,0.5334710291762909,0.5608063370134467,0.4865996976343174,0.5330814475999117,0.4484824588325734,0.49800147085614027,0.44297268187438876,0.4186616028321962,0.4574765362086497,0.5028155625566241,0.49168484375255006,0.4862050812095614,0.4484824588325734,0.49800147085614027,0.44297268187438876,0.4186616028321962,0.4574765362086497,0.5028155625566241,0.49168484375255006,0.4862050812095614
1.94166816330828,1.9975534743776144,2.0041515037537305,1.958017765102153,2.0377294188699477,1.7963495023629328,1.963432290418356,1.8917433190408544,1.94166816330828,1.9975534743776144,2.0041515037537305,1.958017765102153,2.0377294188699477,1.7963495023629328,1.963432290418356,1.8917433190408544,1.94166816330828,1.9975534743776144,2.0041515037537305,1.958017765102153,2.0377294188699477,1.7963495023629328,1.963432290418356,1.8917433190408544,2.05116747762229,2.0953154105301546,2.0828746116143484,1.922548333333889,1.885425715822026,2.000115823510699,2.0388464526911667,1.9662713725409848,2.05116747762229,2.0953154105301546,2.0828746116143484,1.922548333333889,1.885425715822026,2.000115823510699,2.0388464526911667,1.9662713725409848,2.05116747762229,2.0953154105301546,2.0828746116143484,1.922548333333889,1.885425715822026,2.000115823510699,2.0388464526911667,1.9662713725409848,1.9926761230040722,2.0696902275901663,2.246856008449418,2.3167868982540916,2.565797807069162,2.12983445705904,1.7179732541790562,2.2550786426751803,2.1437822934565625,1.9844986132111604,2.300816361993126,2.29404804516034,2.045681542915052,2.6378108335332007,1.7665281449719419,2.4349184227311516,2.1437822934565625,1.9844986132111604,2.300816361993126,2.29404804516034,2.045681542915052,2.6378108335332007,1.7665281449719419,2.4349184227311516
0.1521998590788289,0.15250901202424927,0.17991015559839088,0.18575533340795644,0.18798619725131002,0.11672073657559084,0.15176548370024662,0.11321703109491897,0.1521998590788289,0.15250901202424927,0.17991015559839088,0.18575533340795644,0.18798619725131002,0.11672073657559084,0.15176548370024662,0.11321703109491897,0.1521998590788289,0.15250901202424927,0.17991015559839088,0.18575533340795644,0.18798619725131002,0.11672073657559084,0.15176548370024662,0.11321703109491897,0.06709636657360073,0.09679344404008923,0.0929012987688773,0.08159463315904282,0.08894605266580362,0.10679312186319465,0.09694143729027792,0.12310220540938434,0.06709636657360073,0.09679344404008923,0.0929012987688773,0.08159463315904282,0.08894605266580362,0.10679312186319465,0.09694143729027792,0.12310220540938434,0.06709636657360073,0.09679344404008923,0.0929012987688773,0.08159463315904282,0.08894605266580362,0.10679312186319465,0.09694143729027792,0.12310220540938434,0.0897210889889763,0.09500562839607785,0.05513850171621871,0.0710473011226796,0.05134511247433592,0.08467496876469591,0.10291646610962805,0.07807301812453332,0.06422954360074934,0.11794985064603347,0.05463909229632072,0.1279811544135528,0.06521333419583929,0.0804927593470456,0.1728148119590147,0.10314771100844404,0.06422954360074934,0.11794985064603347,0.05463909229632072,0.1279811544135528,0.06521333419583929,0.0804927593470456,0.1728148119590147,0.10314771100844404
0.45965980515503385,0.47593044246945915,0.5588957533153983,0.4381489446065756,0.4400742177789646,0.44506964281036365,0.390174555415725,0.43350703701572346,0.45965980515503385,0.47593044246945915,0.5588957533153983,0.4381489446065756,0.4400742177789646,0.44506964281036365,0.390174555415725,0.43350703701572346,0.45965980515503385,0.47593044246945915,0.5588957533153983,0.4381489446065756,0.4400742177789646,0.44506964281036365,0.390174555415725,0.43350703701572346,0.42509993497137916,0.48245828820377507,0.513657754504224,0.4826357010692456,0.3089735738194338,0.36865855437399914,0.46483481531061377,0.3551531646767025,0.42509993497137916,0.48245828820377507,0.513657754504224,0.4826357010692456,0.3089735738194338,0.36865855437399914,0.46483481531061377,0.3551531646767025,0.42509993497137916,0.48245828820377507,0.513657754504224,0.4826357010692456,0.3089735738194338,0.36865855437399914,0.46483481531061377,0.3551531646767025,0.41454612734604845,0.43192384166493153,0.4951629981605695,0.39032296833880464,0.43227305054791076,0.4260862221083377,0.3137881258033557,0.7182739867966383,0.454722680698399,0.42145579544745404,0.4999956953334791,0.44057065123173605,0.27835872682527596,0.3700321324116499,0.4123137453366308,0.4698197740059891,0.454722680698399,0.42145579544745404,0.4999956953334791,0.44057065123173605,0.27835872682527596,0.3700321324116499,0.4123137453366308,0.4698197740059891
0.8213864708386416,0.6881608578514736,0.8447167820144426,0.7473641374627058,1.0581263370843066,0.7324745347774573,0.8585977677390421,0.7443763655844383,0.8213864708386416,0.6881608578514736,0.8447167820144426,0.7473641374627058,1.0581263370843066,0.7324745347774573,0.8585977677390421,0.7443763655844383,0.8213864708386416,0.6881608578514736,0.8447167820144426,0.7473641374627058,1.0581263370843066,0.7324745347774573,0.8585977677390421,0.7443763655844383,0.8066608809501377,0.846560167513019,0.9436779491483817,0.8566947871748958,0.9005977768690018,0.8227325122205331,0.9161142308176137,0.7777952667662391,0.8066608809501377,0.846560167513019,0.9436779491483817,0.8566947871748958,0.9005977768690018,0.8227325122205331,0.9161142308176137,0.7777952667662391,0.8066608809501377,0.846560167513019,0.9436779491483817,0.8566947871748958,0.9005977768690018,0.8227325122205331,0.9161142308176137,0.7777952667662391,0.9995459809546918,0.8869208804545936,0.8298153931938697,0.9002474359258837,1.074881334829588,0.9227621209796011,1.0188964084405538,1.1323196847686103,0.9820795520912361,0.776588634685476,0.9164019248487139,0.8344228397570564,1.4529206100067693,0.7347083639390093,0.8301289763979968,0.8258830302773255,0.9820795520912361,0.776588634685476,0.9164019248487139,0.8344228397570564,1.4529206100067693,0.7347083639390093,0.8301289763979968,0.8258830302773255
0.26236217197659284,0.21095472494385895,0.20905693217318938,0.2448452707922098,0.19011870820245497,0.14797204764775945,0.1832840154131968,0.20181728162893955,0.26236217197659284,0.21095472494385895,0.20905693217318938,0.2448452707922098,0.19011870820245497,0.14797204764775945,0.1832840154131968,0.20181728162893955,0.26236217197659284,0.21095472494385895,0.20905693217318938,0.2448452707922098,0.19011870820245497,0.14797204764775945,0.1832840154131968,0.20181728162893955,0.190222672232027,0.13808999580341957,0.1857010229619218,0.21301132883993015,0.11483036927332133,0.1277048189389401,0.12407761193666836,0.1300698237321929,0.190222672232027,0.13808999580341957,0.1857010229619218,0.21301132883993015,0.11483036927332133,0.1277048189389401,0.12407761193666836,0.1300698237321929,0.190222672232027,0.13808999580341957,0.1857010229619218,0.21301132883993015,0.11483036927332133,0.1277048189389401,0.12407761193666836,0.1300698237321929,0.11147838618090915,0.08748592640852712,0.14627339963121394,0.10055383857997158,0.11413656633669471,0.13871257606351783,0.0825093326099264,0.2329873524446419,0.1326293347809396,0.08822612928953265,0.18029518830180832,0.11018984632527122,0.11399525929692615,0.24176106991287524,0.14167218583784558,0.13376163829366872,0.1326293347809396,0.08822612928953265,0.18029518830180832,0.11018984632527122,0.11399525929692615,0.24176106991287524,0.14167218583784558,0.13376163829366872
2.4548230472849992,2.78438984036291,2.5523864096650053,2.5802655896936852,2.4032825626055567,2.4113207703594,2.2230625388981897,2.1090602493654567,2.4548230472849992,2.78438984036291,2.5523864096650053,2.5802655896936852,2.4032825626055567,2.4113207703594,2.2230625388981897,2.1090602493654567,2.4548230472849992,2.78438984036291,2.5523864096650053,2.5802655896936852,2.4032825626055567,2.4113207703594,2.2230625388981897,2.1090602493654567,2.032637777950474,2.6644705864230174,2.313600311497124,2.3747050187411243,2.6444429606254034,3.348893399895933,3.4938604114954357,2.1477489351844503,2.032637777950474,2.6644705864230174,2.313600311497124,2.3747050187411243,2.6444429606254034,3.348893399895933,3.4938604114954357,2.1477489351844503,2.032637777950474,2.6644705864230174,2.313600311497124,2.3747050187411243,2.6444429606254034,3.348893399895933,3.4938604114954357,2.1477489351844503,2.313497405499361,2.7658327579130675,2.280642505791952,2.6495761114201013,2.343181458213967,2.2776390966251454,4.3185990783309,4.925301834152548,2.462110250858088,2.2098629930870985,2.1752069140251766,2.732329528800831,3.4574002433348183,2.2889995188401704,4.737561356499701,4.817743971049697,2.462110250858088,2.2098629930870985,2.1752069140251766,2.732329528800831,3.4574002433348183,2.2889995188401704,4.737561356499701,4.817743971049697
1.2367677985103955,1.2249940126540273,1.311263693585722,1.1169382145691824,1.2160709035922312,1.0914516683677746,1.0037008198668782,1.0281262673003515,1.2367677985103955,1.2249940126540273,1.311263693585722,1.1169382145691824,1.2160709035922312,1.0914516683677746,1.0037008198668782,1.0281262673003515,1.2367677985103955,1.2249940126540273,1.311263693585722,1.1169382145691824,1.2160709035922312,1.0914516683677746,1.0037008198668782,1.0281262673003515,1.1328683597635885,1.1501599164530831,1.0388691399187815,1.2581845535159515,0.7576010284294374,1.1610413971524765,1.1551003582770687,1.2111119581507164,1.1328683597635885,1.1501599164530831,1.0388691399187815,1.2581845535159515,0.7576010284294374,1.1610413971524765,1.1551003582770687,1.2111119581507164,1.1328683597635885,1.1501599164530831,1.0388691399187815,1.2581845535159515,0.7576010284294374,1.1610413971524765,1.1551003582770687,1.2111119581507164,1.1458387075891607,1.0979400171379798,1.3175227255242359,1.2259759605876117,0.7955823519826799,1.0001044412929492,1.0285217776368987,1.0672657019527478,1.0369952438071544,1.050378815236218,1.2804672634223808,1.1843737849371974,0.9806562504290094,1.151882905209529,0.982726119238625,1.0063044632561333,1.0369952438071544,1.050378815236218,1.2804672634223808,1.1843737849371974,0.9806562504290094,1.151882905209529,0.982726119238625,1.0063044632561333
1.243575708398785,1.3560756634174296,1.269290100176532,1.2579633653331808,1.1139639992512085,1.1556194300946947,1.234103371956092,1.2806119735463366,1.243575708398785,1.3560756634174296,1.269290100176532,1.2579633653331808,1.1139639992512085,1.1556194300946947,1.234103371956092,1.2806119735463366,1.243575708398785,1.3560756634174296,1.269290100176532,1.2579633653331808,1.1139639992512085,1.1556194300946947,1.234103371956092,1.2806119735463366,1.1758730761229623,1.0948382720813348,1.1649574395572169,1.2218852017463953,1.1401107464206566,1.1506154141566978,1.0051040785872827,1.3237370135710749,1.1758730761229623,1.0948382720813348,1.1649574395572169,1.2218852017463953,1.1401107464206566,1.1506154141566978,1.0051040785872827,1.3237370135710749,1.1758730761229623,1.0948382720813348,1.1649574395572169,1.2218852017463953,1.1401107464206566,1.1506154141566978,1.0051040785872827,1.3237370135710749,1.2845943198173118,1.1292015691574584,1.1939603234348624,1.1986032805878313,1.3655984291151733,0.9878022705719393,1.229859323274456,1.3652649040800067,1.2609801178683644,1.0156947401814664,1.2272450943642834,1.154871695056576,0.9918490712550002,1.4211518137555224,1.137341540750928,1.1710806103307183,1.2609801178683644,1.0156947401814664,1.2272450943642834,1.154871695056576,0.9918490712550002,1.4211518137555224,1.137341540750928,1.1710806103307183
6.075036946125547,6.227220615985733,6.015481373591012,6.075444116598228,6.027446622641052,6.812282504933264,6.413868167504898,6.403310142642476,6.075036946125547,6.227220615985733,6.015481373591012,6.075444116598228,6.027446622641052,6.812282504933264,6.413868167504898,6.403310142642476,6.075036946125547,6.227220615985733,6.015481373591012,6.075444116598228,6.027446622641052,6.812282504933264,6.413868167504898,6.403310142642476,6.2410127796993855,6.207310859643634,6.102572502450069,5.932767981408838,6.56875174603066,5.3180085045448005,5.58411410130422,5.918545229035655,6.2410127796993855,6.207310859643634,6.102572502450069,5.932767981408838,6.56875174603066,5.3180085045448005,5.58411410130422,5.918545229035655,6.2410127796993855,6.207310859643634,6.102572502450069,5.932767981408838,6.56875174603066,5.3180085045448005,5.58411410130422,5.918545229035655,5.655392091084029,6.233228601031013,6.236039315283734,5.91426156788287,6.953358205650221,7.453478559572503,6.64917195517911,6.121072100402365,6.0977690699114975,5.804442946612326,6.0372594384628195,6.074568324158123,5.752625408675719,6.714530641498697,7.168600614508299,6.295388851855011,6.0977690699114975,5.804442946612326,6.0372594384628195,6.074568324158123,5.752625408675719,6.714530641498697,7.168600614508299,6.295388851855011
0.45630246168614486,0.4738476336307988,0.4371466436261855,0.4613437169060662,0.40476305870531776,0.4647255865841037,0.3861232217593245,0.4214372509461371,0.45630246168614486,0.4738476336307988,0.4371466436261855,0.4613437169060662,0.40476305870531776,0.4647255865841037,0.3861232217593245,0.4214372509461371,0.45630246168614486,0.4738476336307988,0.4371466436261855,0.4613437169060662,0.40476305870531776,0.4647255865841037,0.3861232217593245,0.4214372509461371,0.45944311999227155,0.5203980963625522,0.4576311714975886,0.49273879394541625,0.47198010104673055,0.42248964371638825,0.4599329164146231,0.4854602348745272,0.45944311999227155,0.5203980963625522,0.4576311714975886,0.49273879394541625,0.47198010104673055,0.42248964371638825,0.4599329164146231,0.4854602348745272,0.45944311999227155,0.5203980963625522,0.4576311714975886,0.49273879394541625,0.47198010104673055,0.42248964371638825,0.4599329164146231,0.4854602348745272,0.45022575861011677,0.42594794293223714,0.42245772833592116,0.4329192312320405,0.506946210207016,0.4901854271635656,0.5384706308528253,0.4926139358611497,0.4354527834193506,0.44640268315787646,0.42587102244883185,0.4457643523380092,0.4870497872478223,0.48011489763164344,0.4752761756243261,0.43266862575023124,0.4354527834193506,0.44640268315787646,0.42587102244883185,0.4457643523380092,0.4870497872478223,0.48011489763164344,0.4752761756243261,0.43266862575023124
1.02010151598601,0.9815542547719277,1.0527676544834241,0.9914001911994074,0.8832782998280209,0.8650878866420394,0.941280847789257,0.9674465768388937,1.02010151598601,0.9815542547719277,1.0527676544834241,0.9914001911994074,0.8832782998280209,0.8650878866420394,0.941280847789257,0.9674465768388937,1.02010151598601,0.9815542547719277,1.0527676544834241,0.9914001911994074,0.8832782998280209,0.8650878866420394,0.941280847789257,0.9674465768388937,0.9676791819269729,0.9307964994602951,0.9367968590464224,0.9241784999761611,0.9204607426651917,0.8942590789796224,0.9624281474943708,0.8914535238191306,0.9676791819269729,0.9307964994602951,0.9367968590464224,0.9241784999761611,0.9204607426651917,0.8942590789796224,0.9624281474943708,0.8914535238191306,0.9676791819269729,0.9307964994602951,0.9367968590464224,0.9241784999761611,0.9204607426651917,0.8942590789796224,0.9624281474943708,0.8914535238191306,0.971035410426139,0.865748405439539,0.9807487520480158,0.9420649208973406,0.7751635644092288,0.9092760123219664,1.0043176556636395,1.0109805313931726,0.9475266926605527,0.8766371868730822,1.012748418934598,0.8817328084472107,0.8615278367227975,0.8667443757222928,0.9900097008895956,0.9918520591793687,0.9475266926605527,0.8766371868730822,1.012748418934598,0.8817328084472107,0.8615278367227975,0.8667443757222928,0.9900097008895956,0.9918520591793687
0.09874646087456769,0.1381255383649554,0.10190145141495878,0.139971806469758,0.1499373655506359,0.18940777422120528,0.13243046475736267,0.14619986817290778,0.09874646087456769,0.1381255383649554,0.10190145141495878,0.139971806469758,0.1499373655506359,0.18940777422120528,0.13243046475736267,0.14619986817290778,0.09874646087456769,0.1381255383649554,0.10190145141495878,0.139971806469758,0.1499373655506359,0.18940777422120528,0.13243046475736267,0.14619986817290778,0.13362021115137093,0.154519105677949,0.12927274774964026,0.11942932097687049,0.12069671375814917,0.12860037524087017,0.1671088931032891,0.14381220694026411,0.13362021115137093,0.154519105677949,0.12927274774964026,0.11942932097687049,0.12069671375814917,0.12860037524087017,0.1671088931032891,0.14381220694026411,0.13362021115137093,0.154519105677949,0.12927274774964026,0.11942932097687049,0.12069671375814917,0.12860037524087017,0.1671088931032891,0.14381220694026411,0.13674691201777492,0.19756928400897383,0.11415525983236963,0.13212812369209387,0.08252849706139999,0.20337838763534405,0.18174017208882973,0.1811357743617172,0.1335558943643166,0.18278040766537085,0.1081267961665798,0.12903714772710873,0.10808999145512269,0.20718567361890183,0.11650528173709056,0.13699284997740177,0.1335558943643166,0.18278040766537085,0.1081267961665798,0.12903714772710873,0.10808999145512269,0.20718567361890183,0.11650528173709056,0.13699284997740177
0.445898607496944,0.3478698970211911,0.4270951237118267,0.374176222050845,0.4676834870979227,0.42782606510672877,0.4765630717980181,0.4103198038477679,0.445898607496944,0.3478698970211911,0.4270951237118267,0.374176222050845,0.4676834870979227,0.42782606510672877,0.4765630717980181,0.4103198038477679,0.445898607496944,0.3478698970211911,0.4270951237118267,0.374176222050845,0.4676834870979227,0.42782606510672877,0.4765630717980181,0.4103198038477679,0.4604296643305302,0.41980600067705737,0.42866551349597576,0.5263133451314137,0.47051485110344754,0.4911908711239851,0.40805478014785834,0.5244182733859636,0.4604296643305302,0.41980600067705737,0.42866551349597576,0.5263133451314137,0.47051485110344754,0.4911908711239851,0.40805478014785834,0.5244182733859636,0.4604296643305302,0.41980600067705737,0.42866551349597576,0.5263133451314137,0.47051485110344754,0.4911908711239851,0.40805478014785834,0.5244182733859636,0.5227242290112023,0.45164410005965194,0.5161430597578603,0.49556221030127917,0.5425180713587705,0.455364347484914,0.4995207038792891,0.5915907925336746,0.4708623806202646,0.4909223736538394,0.3767152724859688,0.5275960797263611,0.6135416037703906,0.5786453296105445,0.45257677866194135,0.5140318948739996,0.4708623806202646,0.4909223736538394,0.3767152724859688,0.5275960797263611,0.6135416037703906,0.5786453296105445,0.45257677866194135,0.5140318948739996
0.7673489371681886,0.9341065815158504,0.7736980703362971,0.8350185181264179,0.7286523646440249,0.8788585601353821,0.7600206412701808,0.6901123340141,0.7673489371681886,0.9341065815158504,0.7736980703362971,0.8350185181264179,0.7286523646440249,0.8788585601353821,0.7600206412701808,0.6901123340141,0.7673489371681886,0.9341065815158504,0.7736980703362971,0.8350185181264179,0.7286523646440249,0.8788585601353821,0.7600206412701808,0.6901123340141,0.674752855738468,0.6289145171135347,0.7633064706672132,0.8238257527039932,0.4272432308159353,0.5919596762771265,0.6873985374057853,0.8572107939452803,0.674752855738468,0.6289145171135347,0.7633064706672132,0.8238257527039932,0.4272432308159353,0.5919596762771265,0.6873985374057853,0.8572107939452803,0.674752855738468,0.6289145171135347,0.7633064706672132,0.8238257527039932,0.4272432308159353,0.5919596762771265,0.6873985374057853,0.8572107939452803,0.5627695516963666,0.6242675375608867,0.6496918616055706,0.5378590133727627,0.5094507369768255,1.1162106479314777,0.6771938394120061,0.6575474287413597,0.6589831946851141,0.6220998262322738,0.6641968508293654,0.7656489770866561,1.0480990419186635,0.9410310227035324,0.881315254188262,1.0681733526176518,0.6589831946851141,0.6220998262322738,0.6641968508293654,0.7656489770866561,1.0480990419186635,0.9410310227035324,0.881315254188262,1.0681733526176518
0.9103612998269194,0.9264737968328256,0.973476934298951,0.9061172263992415,0.8772056989923055,0.9283877665890071,0.9126060505587037,0.9525967975707724,0.9103612998269194,0.9264737968328256,0.973476934298951,0.9061172263992415,0.8772056989923055,0.9283877665890071,0.9126060505587037,0.9525967975707724,0.9103612998269194,0.9264737968328256,0.973476934298951,0.9061172263992415,0.8772056989923055,0.9283877665890071,0.9126060505587037,0.9525967975707724,0.7627951017013742,0.7465326090460419,0.7883075851737021,0.6342661843901934,0.5874441592915999,0.5896114177417985,0.7429081390289937,0.5160223167793051,0.7627951017013742,0.7465326090460419,0.7883075851737021,0.6342661843901934,0.5874441592915999,0.5896114177417985,0.7429081390289937,0.5160223167793051,0.7627951017013742,0.7465326090460419,0.7883075851737021,0.6342661843901934,0.5874441592915999,0.5896114177417985,0.7429081390289937,0.5160223167793051,0.6656165791268324,0.5706281938917293,0.5521869632357842,0.4806432768607252,0.407167731045023,0.6739231468244959,0.7193049736540394,0.34382437703198304,0.6556370822353992,0.5550234805683899,0.5095595106626759,0.5018959566780552,0.5349059139174374,0.5107242117835159,0.6235042692879964,0.4339879598703948,0.6556370822353992,0.5550234805683899,0.5095595106626759,0.5018959566780552,0.5349059139174374,0.5107242117835159,0.6235042692879964,0.4339879598703948
0.8613045260151536,1.0050280334843267,0.9714659247867959,0.9265484317805495,0.7180380682287418,0.9266666251323525,0.8977288763627248,1.0373736281194514,0.8613045260151536,1.0050280334843267,0.9714659247867959,0.9265484317805495,0.7180380682287418,0.9266666251323525,0.8977288763627248,1.0373736281194514,0.8613045260151536,1.0050280334843267,0.9714659247867959,0.9265484317805495,0.7180380682287418,0.9266666251323525,0.8977288763627248,1.0373736281194514,0.7644793894943963,0.8676912723284912,0.9016582159080232,0.8649937083575691,0.9300634292367009,0.7336952801627924,0.8082919881227019,0.8617664263737094,0.7644793894943963,0.8676912723284912,0.9016582159080232,0.8649937083575691,0.9300634292367009,0.7336952801627924,0.8082919881227019,0.8617664263737094,0.7644793894943963,0.8676912723284912,0.9016582159080232,0.8649937083575691,0.9300634292367009,0.7336952801627924,0.8082919881227019,0.8617664263737094,0.8482942965932008,0.8379102105710595,1.014977526671499,0.8044696234204487,0.9333386428224798,0.7704999601796515,0.8304503573238627,0.9272339653938743,0.8304343949666372,0.8357023864767662,0.8756201956207094,0.7909918327472991,0.7225661133617455,0.849621192665095,0.8174597021733182,1.0143597557563593,0.8304343949666372,0.8357023864767662,0.8756201956207094,0.7909918327472991,0.7225661133617455,0.849621192665095,0.8174597021733182,1.0143597557563593
0.3013137421485637,0.40046918851703817,0.27034185652071757,0.2983728408300831,0.3077107828217644,0.3060698771233757,0.3210004963495792,0.3721528419956471,0.3013137421485637,0.40046918851703817,0.27034185652071757,0.2983728408300831,0.3077107828217644,0.3060698771233757,0.3210004963495792,0.3721528419956471,0.3013137421485637,0.40046918851703817,0.27034185652071757,0.2983728408300831,0.3077107828217644,0.3060698771233757,0.3210004963495792,0.3721528419956471,0.3316591105436553,0.278777973198222,0.2767736760869232,0.28460964428147223,0.2514130363244282,0.5473281874089412,0.31679370648431043,0.4050055865789939,0.3316591105436553,0.278777973198222,0.2767736760869232,0.28460964428147223,0.2514130363244282,0.5473281874089412,0.31679370648431043,0.4050055865789939,0.3316591105436553,0.278777973198222,0.2767736760869232,0.28460964428147223,0.2514130363244282,0.5473281874089412,0.31679370648431043,0.4050055865789939,0.33172188417880794,0.34956805810901,0.309476254081439,0.3551679852667006,0.45866890196223226,0.40927724926571024,0.4241469036484175,0.39519617834200343,0.3684220819475656,0.34162640872463457,0.3440012143398774,0.32425418915742404,0.4183648934916977,0.3241159183179157,0.48704807923884513,0.4395101537394866,0.3684220819475656,0.34162640872463457,0.3440012143398774,0.32425418915742404,0.4183648934916977,0.3241159183179157,0.48704807923884513,0.4395101537394866
0.23867015687010085,0.20839052193018331,0.2548567898077074,0.23924284313678645,0.18829993905624648,0.23105095995215041,0.30375494620677806,0.28493070782148666,0.23867015687010085,0.20839052193018331,0.2548567898077074,0.23924284313678645,0.18829993905624648,0.23105095995215041,0.30375494620677806,0.28493070782148666,0.23867015687010085,0.20839052193018331,0.2548567898077074,0.23924284313678645,0.18829993905624648,0.23105095995215041,0.30375494620677806,0.28493070782148666,0.15595041226886122,0.215434701799905,0.19366117263405264,0.1987985991284889,0.20746514171245292,0.24719995635389932,0.10082215652155782,0.2663279852734258,0.15595041226886122,0.215434701799905,0.19366117263405264,0.1987985991284889,0.20746514171245292,0.24719995635389932,0.10082215652155782,0.2663279852734258,0.15595041226886122,0.215434701799905,0.19366117263405264,0.1987985991284889,0.20746514171245292,0.24719995635389932,0.10082215652155782,0.2663279852734258,0.21199464451283614,0.20551579092222969,0.2102706701185734,0.20873448275635553,0.23169988169919542,0.14501195663782837,0.25892399902716706,0.20062017632353582,0.20532841253618497,0.19662133852660538,0.2056086874197006,0.20711427443709615,0.2340885773774552,0.19708255699168475,0.24884534392652322,0.18468497504613898,0.20532841253618497,0.19662133852660538,0.2056086874197006,0.20711427443709615,0.2340885773774552,0.19708255699168475,0.24884534392652322,0.18468497504613898
0.8254143100559684,1.0821195994701744,0.8461799025137265,0.9634739216872221,0.8640745798821644,0.95633976434658,0.9366545894966807,0.8588668011293888,0.8254143100559684,1.0821195994701744,0.8461799025137265,0.9634739216872221,0.8640745798821644,0.95633976434658,0.9366545894966807,0.8588668011293888,0.8254143100559684,1.0821195994701744,0.8461799025137265,0.9634739216872221,0.8640745798821644,0.95633976434658,0.9366545894966807,0.8588668011293888,0.8202743083457031,0.9092980286787012,0.8536058944124069,1.0096252821216605,0.8835805315721167,0.819962771722697,0.9234767658461793,0.7563957346055951,0.8202743083457031,0.9092980286787012,0.8536058944124069,1.0096252821216605,0.8835805315721167,0.819962771722697,0.9234767658461793,0.7563957346055951,0.8202743083457031,0.9092980286787012,0.8536058944124069,1.0096252821216605,0.8835805315721167,0.819962771722697,0.9234767658461793,0.7563957346055951,0.8875970927138477,0.8471936356604557,0.81249641982132,1.0049122187441415,0.6041497870644523,0.7149581091950808,0.8766820169164999,0.873201493558034,0.952020584626775,0.730948711569262,0.93470455769118,0.9174710619408841,0.7331411697851868,0.8641956546541107,0.8214412502061836,0.9273130365166147,0.952020584626775,0.730948711569262,0.93470455769118,0.9174710619408841,0.7331411697851868,0.8641956546541107,0.8214412502061836,0.9273130365166147
2.468903804779245,2.2012957827532045,2.4191097975678693,2.284541403754903,2.4763688069169247,2.4050594860129033,2.345714240111625,2.3498134538237188,2.468903804779245,2.2012957827532045,2.4191097975678693,2.284541403754903,2.4763688069169247,2.4050594860129033,2.345714240111625,2.3498134538237188,2.468903804779245,2.2012957827532045,2.4191097975678693,2.284541403754903,2.4763688069169247,2.4050594860129033,2.345714240111625,2.3498134538237188,2.2176593144828467,1.8262536031557512,2.237271606779758,2.2312622496299483,1.9720115212197846,2.460315794220249,1.7982627543646064,2.3820481530732964,2.2176593144828467,1.8262536031557512,2.237271606779758,2.2312622496299483,1.9720115212197846,2.460315794220249,1.7982627543646064,2.3820481530732964,2.2176593144828467,1.8262536031557512,2.237271606779758,2.2312622496299483,1.9720115212197846,2.460315794220249,1.7982627543646064,2.3820481530732964,2.4302348010983073,1.8660857752756943,2.1707029533448994,2.229979051904616,2.1637249012259927,1.9409371624989613,2.2066027580373495,1.9973075487366585,2.3356725671265384,1.9229809206359083,2.139662686033528,2.193224264212471,2.0411922923944745,1.794930181239145,2.28036784843606,2.5308182353755884,2.3356725671265384,1.9229809206359083,2.139662686033528,2.193224264212471,2.0411922923944745,1.794930181239145,2.28036784843606,2.5308182353755884
0.943390258844814,0.7827435901411178,0.8939543842845128,0.6712949183623101,1.2166210585745483,1.7660393319194305,0.6513282863804568,0.8048057376896713,0.943390258844814,0.7827435901411178,0.8939543842845128,0.6712949183623101,1.2166210585745483,1.7660393319194305,0.6513282863804568,0.8048057376896713,0.943390258844814,0.7827435901411178,0.8939543842845128,0.6712949183623101,1.2166210585745483,1.7660393319194305,0.6513282863804568,0.8048057376896713,0.5705357548274439,0.7558531209609525,0.8372282829298857,0.6657096691682682,1.63849836941299,0.7411302329464762,1.2369514742747145,0.7034525155105943,0.5705357548274439,0.7558531209609525,0.8372282829298857,0.6657096691682682,1.63849836941299,0.7411302329464762,1.2369514742747145,0.7034525155105943,0.5705357548274439,0.7558531209609525,0.8372282829298857,0.6657096691682682,1.63849836941299,0.7411302329464762,1.2369514742747145,0.7034525155105943,0.591533011006163,0.6626586457008974,0.7657494045407964,0.47683474924541996,1.1619915546368857,1.0125365247429947,0.6031786899663375,0.4706587539160073,0.7948132132548326,0.7026522904594371,0.6984323789351574,0.6069786341342356,0.883896938265581,0.8678600376207772,0.940927520652448,0.6163408458167677,0.7948132132548326,0.7026522904594371,0.6984323789351574,0.6069786341342356,0.883896938265581,0.8678600376207772,0.940927520652448,0.6163408458167677
0.3661553595802061,0.4459587146123924,0.40719330593463127,0.3629303163592447,0.5337325465325523,0.47530095665364736,0.47349190226213905,0.45742342824619936,0.3661553595802061,0.4459587146123924,0.40719330593463127,0.3629303163592447,0.5337325465325523,0.47530095665364736,0.47349190226213905,0.45742342824619936,0.3661553595802061,0.4459587146123924,0.40719330593463127,0.3629303163592447,0.5337325465325523,0.47530095665364736,0.47349190226213905,0.45742342824619936,0.46650137767803357,0.34010624078072327,0.36090867637959795,0.31065084025057565,0.4850672231280004,0.4113445598241218,0.6365251293821156,0.5543603013841546,0.46650137767803357,0.34010624078072327,0.36090867637959795,0.31065084025057565,0.4850672231280004,0.4113445598241218,0.6365251293821156,0.5543603013841546,0.46650137767803357,0.34010624078072327,0.36090867637959795,0.31065084025057565,0.4850672231280004,0.4113445598241218,0.6365251293821156,0.5543603013841546,0.3096009473574035,0.3866870221059372,0.3072724163281097,0.2522286619429783,0.43470837978136934,0.3746090968551272,0.3018226183428702,0.17318398555436015,0.2836316741109202,0.5716667673408223,0.2521624241908306,0.2538307354293703,0.5835917289659847,0.39656225127699185,0.25881544673626966,0.45215904937961254,0.2836316741109202,0.5716667673408223,0.2521624241908306,0.2538307354293703,0.5835917289659847,0.39656225127699185,0.25881544673626966,0.45215904937961254
0.34568739489452144,0.3034239855852825,0.5483631792978868,0.7374380784295561,0.705940817219122,0.5119802107951014,0.6432461297531243,0.7160055775310908,0.34568739489452144,0.3034239855852825,0.5483631792978868,0.7374380784295561,0.705940817219122,0.5119802107951014,0.6432461297531243,0.7160055775310908,0.34568739489452144,0.3034239855852825,0.5483631792978868,0.7374380784295561,0.705940817219122,0.5119802107951014,0.6432461297531243,0.7160055775310908,0.5234454634619213,0.41909821248489204,0.41664664863415757,0.43484771254462934,0.5167598409019337,0.6399578829762839,0.4244505310936884,0.868504336047245,0.5234454634619213,0.41909821248489204,0.41664664863415757,0.43484771254462934,0.5167598409019337,0.6399578829762839,0.4244505310936884,0.868504336047245,0.5234454634619213,0.41909821248489204,0.41664664863415757,0.43484771254462934,0.5167598409019337,0.6399578829762839,0.4244505310936884,0.868504336047245,0.44714900669418034,0.32781416935782004,0.5127440944178773,0.45076230809872836,0.4680356109474472,0.5953563345186027,0.4498147185905959,0.44708613338052866,0.5081861800486527,0.5125754192081293,0.37750828277718523,0.3807427220044283,0.4351226182807472,0.3856385336158182,0.32232053441516556,0.3558943246954572,0.5081861800486527,0.5125754192081293,0.37750828277718523,0.3807427220044283,0.4351226182807472,0.3856385336158182,0.32232053441516556,0.3558943246954572
0.2196527645079092,0.16088239089354145,0.22042374055670247,0.2574852995958347,0.3286770059956255,0.3184806047776713,0.40472657294212616,0.20751512909516098,0.2196527645079092,0.16088239089354145,0.22042374055670247,0.2574852995958347,0.3286770059956255,0.3184806047776713,0.40472657294212616,0.20751512909516098,0.2196527645079092,0.16088239089354145,0.22042374055670247,0.2574852995958347,0.3286770059956255,0.3184806047776713,0.40472657294212616,0.20751512909516098,0.11620666843817622,0.07619691981872334,0.17880681508339533,0.11321246205776879,0.35132773284574764,0.09619222696098628,0.47016666321626305,0.25775752523655143,0.11620666843817622,0.07619691981872334,0.17880681508339533,0.11321246205776879,0.35132773284574764,0.09619222696098628,0.47016666321626305,0.25775752523655143,0.11620666843817622,0.07619691981872334,0.17880681508339533,0.11321246205776879,0.35132773284574764,0.09619222696098628,0.47016666321626305,0.25775752523655143,0.16288610164005002,0.05369360447695055,0.12974419870180212,0.10874324762077736,0.13259989407565095,0.13936962519999582,0.1912893181496209,0.23631393238311751,0.2703698941294948,0.11337567001050013,0.16549759261751754,0.06955603511153689,0.0857622299380608,0.14014458449870315,0.1442803374544011,0.14111738087804754,0.2703698941294948,0.11337567001050013,0.16549759261751754,0.06955603511153689,0.0857622299380608,0.14014458449870315,0.1442803374544011,0.14111738087804754
1.7581432336008356,2.0343032426342775,1.880554549463704,1.902873713610039,1.9714125850878856,2.2925989007150935,2.117713161506983,1.9433493675010356,1.7581432336008356,2.0343032426342775,1.880554549463704,1.902873713610039,1.9714125850878856,2.2925989007150935,2.117713161506983,1.9433493675010356,1.7581432336008356,2.0343032426342775,1.880554549463704,1.902873713610039,1.9714125850878856,2.2925989007150935,2.117713161506983,1.9433493675010356,2.1251470427283206,1.9515690535025765,1.8840883913784268,1.8860586348987651,2.1920691407926554,1.8966676370284077,2.0336136820179855,2.2170385668136414,2.1251470427283206,1.9515690535025765,1.8840883913784268,1.8860586348987651,2.1920691407926554,1.8966676370284077,2.0336136820179855,2.2170385668136414,2.1251470427283206,1.9515690535025765,1.8840883913784268,1.8860586348987651,2.1920691407926554,1.8966676370284077,2.0336136820179855,2.2170385668136414,2.1430049045608195,1.7005734703319084,1.673019266242399,1.8765214992967145,2.4048475160841876,1.995936838224748,1.904525207636908,1.5344122667944693,2.173804509041312,2.0959197576252837,1.6204965849099802,1.8928339882878715,2.6570263098508535,2.500106938402491,1.3327999651214193,3.3621860637201895,2.173804509041312,2.0959197576252837,1.6204965849099802,1.8928339882878715,2.6570263098508535,2.500106938402491,1.3327999651214193,3.3621860637201895
0.35909711914408915,0.3933260914577047,0.335261245512156,0.38514318736763437,0.33773197266241806,0.36952583691940205,0.4049771763504566,0.38262584253129034,0.35909711914408915,0.3933260914577047,0.335261245512156,0.38514318736763437,0.33773197266241806,0.36952583691940205,0.4049771763504566,0.38262584253129034,0.35909711914408915,0.3933260914577047,0.335261245512156,0.38514318736763437,0.33773197266241806,0.36952583691940205,0.4049771763504566,0.38262584253129034,0.42476921429654313,0.418377241892554,0.37334917716065547,0.3993527740846775,0.478419288659814,0.4445718321836674,0.37619751520722117,0.36117212550045164,0.42476921429654313,0.418377241892554,0.37334917716065547,0.3993527740846775,0.478419288659814,0.4445718321836674,0.37619751520722117,0.36117212550045164,0.42476921429654313,0.418377241892554,0.37334917716065547,0.3993527740846775,0.478419288659814,0.4445718321836674,0.37619751520722117,0.36117212550045164,0.3784060432321326,0.39280220999221516,0.38881875840013885,0.42804256884931885,0.35166030190556785,0.42674472089523846,0.347076692723574,0.2882051490800209,0.4735082513752716,0.45032777051079415,0.4282620761213799,0.4044279253386648,0.3596661013244398,0.45272598334304615,0.37159064669859204,0.29525120447155084,0.4735082513752716,0.45032777051079415,0.4282620761213799,0.4044279253386648,0.3596661013244398,0.45272598334304615,0.37159064669859204,0.29525120447155084
0.2462220495318717,0.24800746869187767,0.215961162400174,0.2624089039389875,0.18861069533292713,0.31252824422526404,0.27512228315801057,0.27013795158726867,0.2462220495318717,0.24800746869187767,0.215961162400174,0.2624089039389875,0.18861069533292713,0.31252824422526404,0.27512228315801057,0.27013795158726867,0.2462220495318717,0.24800746869187767,0.215961162400174,0.2624089039389875,0.18861069533292713,0.31252824422526404,0.27512228315801057,0.27013795158726867,0.3610518638283639,0.3664651546283236,0.28200747638125323,0.374011540586464,0.5076401165106222,0.41860593290883774,0.4576002750966498,0.43325822192816704,0.3610518638283639,0.3664651546283236,0.28200747638125323,0.374011540586464,0.5076401165106222,0.41860593290883774,0.4576002750966498,0.43325822192816704,0.3610518638283639,0.3664651546283236,0.28200747638125323,0.374011540586464,0.5076401165106222,0.41860593290883774,0.4576002750966498,0.43325822192816704,0.24668571186656593,0.318107877002835,0.23946159185450852,0.2595079333639782,0.30043751237758354,0.36929996056655756,0.38493484871012573,0.2919044858731926,0.2537069682785464,0.3195807992716775,0.2193307721899411,0.25606646476153444,0.4623965870809753,0.3319190937277469,0.37128805538124354,0.3208336969100401,0.2537069682785464,0.3195807992716775,0.2193307721899411,0.25606646476153444,0.4623965870809753,0.3319190937277469,0.37128805538124354,0.3208336969100401
0.5926499191874967,0.5603339779105257,0.5477340749400643,0.5642101727537333,0.4937101743852897,0.47566487860780476,0.45406301431049884,0.5533336217479704,0.5926499191874967,0.5603339779105257,0.5477340749400643,0.5642101727537333,0.4937101743852897,0.47566487860780476,0.45406301431049884,0.5533336217479704,0.5926499191874967,0.5603339779105257,0.5477340749400643,0.5642101727537333,0.4937101743852897,0.47566487860780476,0.45406301431049884,0.5533336217479704,0.4724704312406255,0.44293097632145767,0.44051077454907883,0.4036334828827962,0.5129167218337254,0.45629963681966085,0.4415807301840352,0.3845308816588571,0.4724704312406255,0.44293097632145767,0.44051077454907883,0.4036334828827962,0.5129167218337254,0.45629963681966085,0.4415807301840352,0.3845308816588571,0.4724704312406255,0.44293097632145767,0.44051077454907883,0.4036334828827962,0.5129167218337254,0.45629963681966085,0.4415807301840352,0.3845308816588571,0.45533115317604494,0.4374564530362299,0.45003960994430187,0.43710388409185585,0.5010793291167576,0.4519341546573248,0.4554453029997558,0.39455869385601583,0.42652417260545755,0.4140250530367436,0.4188090846072564,0.45626972955290834,0.4777328028230788,0.4517134001874273,0.45298551550771887,0.37414093388374803,0.42652417260545755,0.4140250530367436,0.4188090846072564,0.45626972955290834,0.4777328028230788,0.4517134001874273,0.45298551550771887,0.37414093388374803
2.162384175359691,2.4138535538496653,2.7820809452231248,2.3535396091941907,2.9877711753921887,2.4023938891218806,2.162893899709999,2.2062574146582272,2.162384175359691,2.4138535538496653,2.7820809452231248,2.3535396091941907,2.9877711753921887,2.4023938891218806,2.162893899709999,2.2062574146582272,2.162384175359691,2.4138535538496653,2.7820809452231248,2.3535396091941907,2.9877711753921887,2.4023938891218806,2.162893899709999,2.2062574146582272,2.215823902639831,2.4384483647683135,1.6591321836661321,2.1253964976416864,1.9494017419050942,2.1557914536594094,1.7641871866237933,1.5685917458542193,2.215823902639831,2.4384483647683135,1.6591321836661321,2.1253964976416864,1.9494017419050942,2.1557914536594094,1.7641871866237933,1.5685917458542193,2.215823902639831,2.4384483647683135,1.6591321836661321,2.1253964976416864,1.9494017419050942,2.1557914536594094,1.7641871866237933,1.5685917458542193,1.9241121030634865,1.5999427693573707,1.355629208186245,1.4816422274448477,0.9355228568234341,1.1083433599521069,1.1292847130974417,2.021171005456527,1.5426115011532604,1.6865184138609124,1.7371057069035347,1.9099222436301324,1.0826002895246392,1.5361368507075162,2.053251339957274,1.4770282765036362,1.5426115011532604,1.6865184138609124,1.7371057069035347,1.9099222436301324,1.0826002895246392,1.5361368507075162,2.053251339957274,1.4770282765036362
1.2195737961778763,1.2504696969240712,1.2808128327181516,1.18087353503449,1.3851582955664272,0.9683712522198554,1.4399909990160988,1.0527642483703938,1.2195737961778763,1.2504696969240712,1.2808128327181516,1.18087353503449,1.3851582955664272,0.9683712522198554,1.4399909990160988,1.0527642483703938,1.2195737961778763,1.2504696969240712,1.2808128327181516,1.18087353503449,1.3851582955664272,0.9683712522198554,1.4399909990160988,1.0527642483703938,1.215202670433477,1.14983017780949,1.2704492985410492,1.365607949167041,1.118304561621642,1.1614259832738265,1.2170889504384446,1.040093211963082,1.215202670433477,1.14983017780949,1.2704492985410492,1.365607949167041,1.118304561621642,1.1614259832738265,1.2170889504384446,1.040093211963082,1.215202670433477,1.14983017780949,1.2704492985410492,1.365607949167041,1.118304561621642,1.1614259832738265,1.2170889504384446,1.040093211963082,1.2126187055711315,1.2342929995559353,1.3789490617964733,1.1550795224322872,1.1905110117681683,1.4137569589037406,1.4185794292705993,1.0875971322871634,1.230232716291695,1.1659844406439892,1.5739440157752391,1.1452229496666302,1.388220813550904,1.5754090406602523,1.2910928769256718,1.1768399889964773,1.230232716291695,1.1659844406439892,1.5739440157752391,1.1452229496666302,1.388220813550904,1.5754090406602523,1.2910928769256718,1.1768399889964773
1.5929104784598065,1.695795731459117,1.538558566550096,1.6889707978219832,1.7387367995780962,1.6124279098165029,1.6215242740690772,1.4773616576466506,1.5929104784598065,1.695795731459117,1.538558566550096,1.6889707978219832,1.7387367995780962,1.6124279098165029,1.6215242740690772,1.4773616576466506,1.5929104784598065,1.695795731459117,1.538558566550096,1.6889707978219832,1.7387367995780962,1.6124279098165029,1.6215242740690772,1.4773616576466506,1.4695710852492263,1.8450934754463137,1.5336300293086924,1.777179776604542,1.6093334263890924,1.7130804302781235,1.6098687570707821,1.4822764243326296,1.4695710852492263,1.8450934754463137,1.5336300293086924,1.777179776604542,1.6093334263890924,1.7130804302781235,1.6098687570707821,1.4822764243326296,1.4695710852492263,1.8450934754463137,1.5336300293086924,1.777179776604542,1.6093334263890924,1.7130804302781235,1.6098687570707821,1.4822764243326296,1.6235768748365698,1.9075802999422655,1.557368946449413,1.7025820102532,1.5829546388611369,1.545528814710385,1.7583678359149364,1.3900379220604484,1.5774280645004297,1.8454769400007578,1.5528555919330258,1.6160154888951639,1.6080021742403374,1.402998280880324,1.5374277060305435,1.6123486005925998,1.5774280645004297,1.8454769400007578,1.5528555919330258,1.6160154888951639,1.6080021742403374,1.402998280880324,1.5374277060305435,1.6123486005925998
1.0920674598237583,1.2953896157623874,1.2733508155228797,1.27488135613671,1.1165927942410157,1.1929397710957585,1.3470748464404396,1.1462048690977624,1.0920674598237583,1.2953896157623874,1.2733508155228797,1.27488135613671,1.1165927942410157,1.1929397710957585,1.3470748464404396,1.1462048690977624,1.0920674598237583,1.2953896157623874,1.2733508155228797,1.27488135613671,1.1165927942410157,1.1929397710957585,1.3470748464404396,1.1462048690977624,1.081444112485308,1.175080475517777,0.9992838546760403,1.131808751078227,1.1505308586889949,1.3722027602535238,1.009995174930088,1.2683773081126697,1.081444112485308,1.175080475517777,0.9992838546760403,1.131808751078227,1.1505308586889949,1.3722027602535238,1.009995174930088,1.2683773081126697,1.081444112485308,1.175080475517777,0.9992838546760403,1.131808751078227,1.1505308586889949,1.3722027602535238,1.009995174930088,1.2683773081126697,1.2646221718612742,1.4890505757046835,1.2100439122615474,1.1669087998121,1.1605190890739403,1.697595558710391,1.4915880034101396,1.3442617630622493,1.051276750403987,1.2949082798030631,1.3386453335059731,1.0814692784391404,1.4744860089655543,1.3766474720135569,1.50820345019608,2.1664381221883877,1.051276750403987,1.2949082798030631,1.3386453335059731,1.0814692784391404,1.4744860089655543,1.3766474720135569,1.50820345019608,2.1664381221883877
3.4917341765124426,4.083242833102181,3.7486072632099066,3.83063278865814,3.626647156283019,3.9199108253893558,3.4260106471060006,3.9714048872607615,3.4917341765124426,4.083242833102181,3.7486072632099066,3.83063278865814,3.626647156283019,3.9199108253893558,3.4260106471060006,3.9714048872607615,3.4917341765124426,4.083242833102181,3.7486072632099066,3.83063278865814,3.626647156283019,3.9199108253893558,3.4260106471060006,3.9714048872607615,3.6273055816623803,3.6626790203473143,3.3660175492168043,3.5728129149634817,3.6333212018550953,3.9344919890730212,3.528965575124507,3.7064762772241098,3.6273055816623803,3.6626790203473143,3.3660175492168043,3.5728129149634817,3.6333212018550953,3.9344919890730212,3.528965575124507,3.7064762772241098,3.6273055816623803,3.6626790203473143,3.3660175492168043,3.5728129149634817,3.6333212018550953,3.9344919890730212,3.528965575124507,3.7064762772241098,3.568314575718117,3.706986712878524,3.279815956007242,3.617288249410391,3.2781799668760825,3.7066684980467492,3.395774004038242,3.767024136864953,3.5542960232008136,3.713616017843114,3.2201456198549456,3.703306651429215,2.96259636511637,3.273737969409788,3.3568883329769483,3.846463140124476,3.5542960232008136,3.713616017843114,3.2201456198549456,3.703306651429215,2.96259636511637,3.273737969409788,3.3568883329769483,3.846463140124476
0.6631499837475838,0.697110561905377,0.5631338479512057,0.567102754836972,0.20521363358989042,0.34075206762377125,0.18037987690866147,0.10613711841187287,0.6631499837475838,0.697110561905377,0.5631338479512057,0.567102754836972,0.20521363358989042,0.34075206762377125,0.18037987690866147,0.10613711841187287,0.6631499837475838,0.697110561905377,0.5631338479512057,0.567102754836972,0.20521363358989042,0.34075206762377125,0.18037987690866147,0.10613711841187287,0.47947825091489477,0.5099241115852159,0.23656096503089277,0.4404849980842404,0.15296365578534424,0.5056577318085986,0.28906235839127314,0.0750750882863904,0.47947825091489477,0.5099241115852159,0.23656096503089277,0.4404849980842404,0.15296365578534424,0.5056577318085986,0.28906235839127314,0.0750750882863904,0.47947825091489477,0.5099241115852159,0.23656096503089277,0.4404849980842404,0.15296365578534424,0.5056577318085986,0.28906235839127314,0.0750750882863904,0.7893411999210811,1.3623492381825764,0.7278040757305786,0.3082392417918009,0.5524560535589942,1.0036478223145116,0.26132834920697195,0.21580264944254504,0.903886790149752,0.9507760370835708,0.37899553045837736,0.3147929057141109,0.28475718099879516,0.786575157564214,0.3888284804828869,0.47145153711899274,0.903886790149752,0.9507760370835708,0.37899553045837736,0.3147929057141109,0.28475718099879516,0.786575157564214,0.3888284804828869,0.47145153711899274
0.2708865866746212,0.3361909147489404,0.3032411852471168,0.3396110755811597,0.33589377944804083,0.3907482057731702,0.2512828555289778,0.30176416257952876,0.2708865866746212,0.3361909147489404,0.3032411852471168,0.3396110755811597,0.33589377944804083,0.3907482057731702,0.2512828555289778,0.30176416257952876,0.2708865866746212,0.3361909147489404,0.3032411852471168,0.3396110755811597,0.33589377944804083,0.3907482057731702,0.2512828555289778,0.30176416257952876,0.349633061558977,0.5146527050852168,0.23701734821916678,0.30879807715818924,0.39909001907158015,0.40191383644028633,0.4084110883875821,0.29426074915522904,0.349633061558977,0.5146527050852168,0.23701734821916678,0.30879807715818924,0.39909001907158015,0.40191383644028633,0.4084110883875821,0.29426074915522904,0.349633061558977,0.5146527050852168,0.23701734821916678,0.30879807715818924,0.39909001907158015,0.40191383644028633,0.4084110883875821,0.29426074915522904,0.20045489338196423,0.37119339974912,0.20210368661789152,0.322606770760783,0.312205082459526,0.4727973887534224,0.2867819715216723,0.3851836228990385,0.3003923604123452,0.4060824878787318,0.2318553503044253,0.3909232967155779,0.26434888238248894,0.4667722876274244,0.3602556749773634,0.3427812719174787,0.3003923604123452,0.4060824878787318,0.2318553503044253,0.3909232967155779,0.26434888238248894,0.4667722876274244,0.3602556749773634,0.3427812719174787
2.562336049996043,2.639540139466796,2.8475393082213816,2.4608049188232113,1.6135179673848445,3.054670787366767,1.7742158738186407,2.6720778586666554,2.562336049996043,2.639540139466796,2.8475393082213816,2.4608049188232113,1.6135179673848445,3.054670787366767,1.7742158738186407,2.6720778586666554,2.562336049996043,2.639540139466796,2.8475393082213816,2.4608049188232113,1.6135179673848445,3.054670787366767,1.7742158738186407,2.6720778586666554,3.1863533546839817,2.555734322456908,2.4286195771822516,2.5325173292049015,2.867488807271775,2.6662058825136863,1.7497152872460973,2.848417464160255,3.1863533546839817,2.555734322456908,2.4286195771822516,2.5325173292049015,2.867488807271775,2.6662058825136863,1.7497152872460973,2.848417464160255,3.1863533546839817,2.555734322456908,2.4286195771822516,2.5325173292049015,2.867488807271775,2.6662058825136863,1.7497152872460973,2.848417464160255,2.572397421066259,1.8414744043152866,2.3254998690930955,2.349711251896692,1.7720167835122878,1.5700389086107411,2.0986268211818078,2.0916414589248657,2.1427496851258807,2.163579825415444,2.0987027557624613,2.6261224532654373,1.5997355900498793,1.4423692772883738,1.4634346097276891,1.3163485302941558,2.1427496851258807,2.163579825415444,2.0987027557624613,2.6261224532654373,1.5997355900498793,1.4423692772883738,1.4634346097276891,1.3163485302941558
2.1275557971140997,2.035284532026508,2.2087269545681703,2.189586316882852,2.084921205793032,1.9162554377386192,2.027755836044461,2.0690274981519474,2.1275557971140997,2.035284532026508,2.2087269545681703,2.189586316882852,2.084921205793032,1.9162554377386192,2.027755836044461,2.0690274981519474,2.1275557971140997,2.035284532026508,2.2087269545681703,2.189586316882852,2.084921205793032,1.9162554377386192,2.027755836044461,2.0690274981519474,2.2169425697890364,2.1957243552640566,2.39259139851088,2.139186549767084,2.21916495716553,2.0883363019831886,2.2437425184663407,2.414607507701778,2.2169425697890364,2.1957243552640566,2.39259139851088,2.139186549767084,2.21916495716553,2.0883363019831886,2.2437425184663407,2.414607507701778,2.2169425697890364,2.1957243552640566,2.39259139851088,2.139186549767084,2.21916495716553,2.0883363019831886,2.2437425184663407,2.414607507701778,2.329324469780459,2.0457283410671505,2.3126359550338558,2.2317801019968986,2.5565044039673475,3.6152244256848975,2.9086940606319542,1.9723851127878178,2.210764681920239,1.883127050613535,2.108649154079678,2.132787536726181,2.1448076445143514,2.9125818810710613,2.1309874283340817,2.494269543542891,2.210764681920239,1.883127050613535,2.108649154079678,2.132787536726181,2.1448076445143514,2.9125818810710613,2.1309874283340817,2.494269543542891
0.4479205238595283,0.4776950952531284,0.41641263779407717,0.46241592861614755,0.4025004959901824,0.4059267385945258,0.410536063356272,0.3805422335207829,0.4479205238595283,0.4776950952531284,0.41641263779407717,0.46241592861614755,0.4025004959901824,0.4059267385945258,0.410536063356272,0.3805422335207829,0.4479205238595283,0.4776950952531284,0.41641263779407717,0.46241592861614755,0.4025004959901824,0.4059267385945258,0.410536063356272,0.3805422335207829,0.36365087434806925,0.375245633715574,0.30118277910851854,0.38673790123111984,0.3278009999539316,0.38301240957103616,0.23531039328777317,0.36793539420994015,0.36365087434806925,0.375245633715574,0.30118277910851854,0.38673790123111984,0.3278009999539316,0.38301240957103616,0.23531039328777317,0.36793539420994015,0.36365087434806925,0.375245633715574,0.30118277910851854,0.38673790123111984,0.3278009999539316,0.38301240957103616,0.23531039328777317,0.36793539420994015,0.34432142699570695,0.3158634552985603,0.2986446977993035,0.3169961561527335,0.396078608034516,0.30826667794992096,0.31666561856498465,0.24861198385164207,0.33276642266805356,0.2984112122976953,0.2687424838277375,0.27265161799844156,0.3640292864696795,0.2960378422577123,0.3539683412526153,0.26958840907936393,0.33276642266805356,0.2984112122976953,0.2687424838277375,0.27265161799844156,0.3640292864696795,0.2960378422577123,0.3539683412526153,0.26958840907936393
0.6050642895678854,0.6710211095021784,0.7528965584813334,0.6188290554003333,0.6663295310339504,0.7020612101259629,0.6478021597829801,0.7623982773857167,0.6050642895678854,0.6710211095021784,0.7528965584813334,0.6188290554003333,0.6663295310339504,0.7020612101259629,0.6478021597829801,0.7623982773857167,0.6050642895678854,0.6710211095021784,0.7528965584813334,0.6188290554003333,0.6663295310339504,0.7020612101259629,0.6478021597829801,0.7623982773857167,0.940382021193,0.6251974882332682,0.8806666638897346,0.8456475255763292,0.7030842472699766,0.7184901655720979,0.6201984218095857,0.9142091942966726,0.940382021193,0.6251974882332682,0.8806666638897346,0.8456475255763292,0.7030842472699766,0.7184901655720979,0.6201984218095857,0.9142091942966726,0.940382021193,0.6251974882332682,0.8806666638897346,0.8456475255763292,0.7030842472699766,0.7184901655720979,0.6201984218095857,0.9142091942966726,0.685405163291128,1.0463084912566805,0.8705620880297892,0.8671148877273356,0.9806131996413753,1.180370212596512,0.8272992679886727,1.0130519224441679,0.6359336022140111,0.8467154625587302,1.1145784295902512,0.9196407309958293,0.5114589974991398,0.9706935670677067,0.7123375793625981,0.8369392308542446,0.6359336022140111,0.8467154625587302,1.1145784295902512,0.9196407309958293,0.5114589974991398,0.9706935670677067,0.7123375793625981,0.8369392308542446
1.6617156797947896,1.72374999487872,1.600722379870762,1.5140433700979812,1.647946721004001,1.4486848875467278,1.6858118727000393,1.6078558029301995,1.6617156797947896,1.72374999487872,1.600722379870762,1.5140433700979812,1.647946721004001,1.4486848875467278,1.6858118727000393,1.6078558029301995,1.6617156797947896,1.72374999487872,1.600722379870762,1.5140433700979812,1.647946721004001,1.4486848875467278,1.6858118727000393,1.6078558029301995,1.7056310849678316,1.576878563281826,1.585179465197751,1.5159254523134476,1.4667144994419257,1.3765472642175645,1.4351255138479253,1.3995541962661135,1.7056310849678316,1.576878563281826,1.585179465197751,1.5159254523134476,1.4667144994419257,1.3765472642175645,1.4351255138479253,1.3995541962661135,1.7056310849678316,1.576878563281826,1.585179465197751,1.5159254523134476,1.4667144994419257,1.3765472642175645,1.4351255138479253,1.3995541962661135,1.658164385416221,1.5162033477606538,1.5461306361328453,1.4591302160123167,1.5514574629914555,1.2294886260943438,1.3546686250853723,1.3273364324344965,1.638693383735205,1.4971341140043428,1.728997368973632,1.5257117238872093,1.5402661928494876,1.1459968566165046,1.3521975804480657,1.4471610558372212,1.638693383735205,1.4971341140043428,1.728997368973632,1.5257117238872093,1.5402661928494876,1.1459968566165046,1.3521975804480657,1.4471610558372212
0.7409723933367917,0.7289498369921785,0.703246358071439,0.7568872248599952,0.7739427754803562,0.7644324882418474,0.7438550952575411,0.7817653097158634,0.7409723933367917,0.7289498369921785,0.703246358071439,0.7568872248599952,0.7739427754803562,0.7644324882418474,0.7438550952575411,0.7817653097158634,0.7409723933367917,0.7289498369921785,0.703246358071439,0.7568872248599952,0.7739427754803562,0.7644324882418474,0.7438550952575411,0.7817653097158634,0.7502715700548763,0.7467727208483801,0.7286422952277273,0.733533461985959,0.6877667948317959,0.7199238435143094,0.6416585421649612,0.7325111704698044,0.7502715700548763,0.7467727208483801,0.7286422952277273,0.733533461985959,0.6877667948317959,0.7199238435143094,0.6416585421649612,0.7325111704698044,0.7502715700548763,0.7467727208483801,0.7286422952277273,0.733533461985959,0.6877667948317959,0.7199238435143094,0.6416585421649612,0.7325111704698044,0.7006605736304057,0.6320464843618672,0.6682024279423983,0.7003101619122716,0.7614727707058498,0.8083433767466677,0.6066039486055737,0.7581193857747639,0.7088290996547068,0.6022039518530606,0.6934627178263267,0.6520056721069226,0.7256785016918342,0.9223597596336197,0.7432266236468685,0.752813621795849,0.7088290996547068,0.6022039518530606,0.6934627178263267,0.6520056721069226,0.7256785016918342,0.9223597596336197,0.7432266236468685,0.752813621795849
0.2505117049887572,0.2489140590244759,0.2973944039748286,0.22749860526965449,0.22232523412134417,0.2839778496297937,0.2397407777460399,0.2374843003175785,0.2505117049887572,0.2489140590244759,0.2973944039748286,0.22749860526965449,0.22232523412134417,0.2839778496297937,0.2397407777460399,0.2374843003175785,0.2505117049887572,0.2489140590244759,0.2973944039748286,0.22749860526965449,0.22232523412134417,0.2839778496297937,0.2397407777460399,0.2374843003175785,0.3416440727291361,0.3427130877546907,0.33082915893779113,0.2881296437812287,0.33037231574070913,0.29379969278670914,0.3548942023915049,0.435166590530054,0.3416440727291361,0.3427130877546907,0.33082915893779113,0.2881296437812287,0.33037231574070913,0.29379969278670914,0.3548942023915049,0.435166590530054,0.3416440727291361,0.3427130877546907,0.33082915893779113,0.2881296437812287,0.33037231574070913,0.29379969278670914,0.3548942023915049,0.435166590530054,0.398811591495653,0.2675666075340883,0.3179466330312057,0.40097266280764454,0.4019806269088926,0.34005421658861074,0.20078962021901148,0.3735186769467287,0.3636062799232531,0.24465347181817304,0.33461299894395746,0.371776252087677,0.36125214169583014,0.34456102755420076,0.3109327631645914,0.4016828593699196,0.3636062799232531,0.24465347181817304,0.33461299894395746,0.371776252087677,0.36125214169583014,0.34456102755420076,0.3109327631645914,0.4016828593699196
0.6498542029973434,0.5691729714106156,0.6069362989574884,0.5916193085944641,0.6100913321487255,0.5718682335927804,0.6124569658812794,0.6090022245518687,0.6498542029973434,0.5691729714106156,0.6069362989574884,0.5916193085944641,0.6100913321487255,0.5718682335927804,0.6124569658812794,0.6090022245518687,0.6498542029973434,0.5691729714106156,0.6069362989574884,0.5916193085944641,0.6100913321487255,0.5718682335927804,0.6124569658812794,0.6090022245518687,0.6390072838748382,0.5547281256123463,0.550803237619193,0.5561746690773284,0.5704789473876426,0.3972223513824593,0.549827412465726,0.48298676478629615,0.6390072838748382,0.5547281256123463,0.550803237619193,0.5561746690773284,0.5704789473876426,0.3972223513824593,0.549827412465726,0.48298676478629615,0.6390072838748382,0.5547281256123463,0.550803237619193,0.5561746690773284,0.5704789473876426,0.3972223513824593,0.549827412465726,0.48298676478629615,0.6294568475100241,0.5997586828148983,0.6267540645908961,0.6926342832712201,0.5707278507815127,0.5911364826457862,0.6599090171085502,0.6682866584405636,0.5835879982219071,0.5588046616554782,0.6257753169277882,0.6539002736738534,0.6938480293064601,0.5637215830992037,0.6079872655940082,0.6989525851442461,0.5835879982219071,0.5588046616554782,0.6257753169277882,0.6539002736738534,0.6938480293064601,0.5637215830992037,0.6079872655940082,0.6989525851442461
0.7009899571272941,0.6442342716318014,0.6547918483218093,0.621020097032356,0.692851919039455,0.6173481233947924,0.7660983656812044,0.6730872130334364,0.7009899571272941,0.6442342716318014,0.6547918483218093,0.621020097032356,0.692851919039455,0.6173481233947924,0.7660983656812044,0.6730872130334364,0.7009899571272941,0.6442342716318014,0.6547918483218093,0.621020097032356,0.692851919039455,0.6173481233947924,0.7660983656812044,0.6730872130334364,0.6976638477010991,0.71081434656952,0.7307418769601366,0.6866932654006718,0.5496824453154846,0.5761391588842097,0.5926661309482676,0.640631842922507,0.6976638477010991,0.71081434656952,0.7307418769601366,0.6866932654006718,0.5496824453154846,0.5761391588842097,0.5926661309482676,0.640631842922507,0.6976638477010991,0.71081434656952,0.7307418769601366,0.6866932654006718,0.5496824453154846,0.5761391588842097,0.5926661309482676,0.640631842922507,0.6816688188200968,0.6249485378620322,0.6505553763932159,0.5765740724394292,0.9146313231271385,0.5472062393121281,0.6776371569838192,0.6494021053042182,0.6092999667513015,0.556898871849664,0.6908463432778345,0.5642254527826553,0.7505292842750546,0.6348637910403926,0.7528584235195155,0.5829540276772458,0.6092999667513015,0.556898871849664,0.6908463432778345,0.5642254527826553,0.7505292842750546,0.6348637910403926,0.7528584235195155,0.5829540276772458
0.4700576906458088,0.3948255364908566,0.40256217840887204,0.391945662811772,0.5829002918956212,0.4646212850536508,0.40149073499709864,0.41282248038624303,0.4700576906458088,0.3948255364908566,0.40256217840887204,0.391945662811772,0.5829002918956212,0.4646212850536508,0.40149073499709864,0.41282248038624303,0.4700576906458088,0.3948255364908566,0.40256217840887204,0.391945662811772,0.5829002918956212,0.4646212850536508,0.40149073499709864,0.41282248038624303,0.39499155863811175,0.3462826752850151,0.35152645283371986,0.39669953490033893,0.29539257453965334,0.26405624296536434,0.2922876903154369,0.26983208215962184,0.39499155863811175,0.3462826752850151,0.35152645283371986,0.39669953490033893,0.29539257453965334,0.26405624296536434,0.2922876903154369,0.26983208215962184,0.39499155863811175,0.3462826752850151,0.35152645283371986,0.39669953490033893,0.29539257453965334,0.26405624296536434,0.2922876903154369,0.26983208215962184,0.350703551869466,0.4244404002288754,0.3035267241099636,0.30658483529805,0.08344831825988475,0.4023639405164621,0.35303017094430117,0.3906650088656602,0.40294595463899785,0.24598911863080591,0.3416133255321211,0.32654729315609105,0.1666945964471993,0.4201233532540914,0.3064150732382835,0.4212070617783835,0.40294595463899785,0.24598911863080591,0.3416133255321211,0.32654729315609105,0.1666945964471993,0.4201233532540914,0.3064150732382835,0.4212070617783835
0.5350157586410698,0.7544811034196287,0.701759006654133,0.660637132840203,1.3047048466461493,0.6485867054146327,0.6897084101397039,0.7087377402371994,0.5350157586410698,0.7544811034196287,0.701759006654133,0.660637132840203,1.3047048466461493,0.6485867054146327,0.6897084101397039,0.7087377402371994,0.5350157586410698,0.7544811034196287,0.701759006654133,0.660637132840203,1.3047048466461493,0.6485867054146327,0.6897084101397039,0.7087377402371994,1.1106556642318397,1.3681968526385335,0.6297823753419455,0.7503459136194643,1.1530580828151809,0.7486035915013963,1.0009525116293991,0.5339753724708297,1.1106556642318397,1.3681968526385335,0.6297823753419455,0.7503459136194643,1.1530580828151809,0.7486035915013963,1.0009525116293991,0.5339753724708297,1.1106556642318397,1.3681968526385335,0.6297823753419455,0.7503459136194643,1.1530580828151809,0.7486035915013963,1.0009525116293991,0.5339753724708297,0.9695250885861211,1.019730389043817,0.7921016269577182,0.8335608000182607,0.9455238110177864,0.8907594287826704,1.155461211610943,0.7643165993584682,0.8170310297052166,1.3791372324359505,1.171115925404303,0.6081727875380166,1.4783313334358035,1.1374594423408575,1.2992687787669346,1.1395495320294096,0.8170310297052166,1.3791372324359505,1.171115925404303,0.6081727875380166,1.4783313334358035,1.1374594423408575,1.2992687787669346,1.1395495320294096
4.042471805035411,4.294553253405891,4.036755343884788,4.11056727886756,3.8160323180208633,3.944599140045058,3.7231823471892453,3.665127092156025,4.042471805035411,4.294553253405891,4.036755343884788,4.11056727886756,3.8160323180208633,3.944599140045058,3.7231823471892453,3.665127092156025,4.042471805035411,4.294553253405891,4.036755343884788,4.11056727886756,3.8160323180208633,3.944599140045058,3.7231823471892453,3.665127092156025,3.913160415127516,4.350670146012127,4.515692848505505,3.9877555482751816,3.0456150809348177,2.911076166174925,3.54109884866199,3.6754897697618243,3.913160415127516,4.350670146012127,4.515692848505505,3.9877555482751816,3.0456150809348177,2.911076166174925,3.54109884866199,3.6754897697618243,3.913160415127516,4.350670146012127,4.515692848505505,3.9877555482751816,3.0456150809348177,2.911076166174925,3.54109884866199,3.6754897697618243,3.4842171116554894,3.1535703629935496,3.626880565765025,3.383562403795804,3.6973817015921697,2.376014181258915,1.6818649097794776,3.70970343090605,3.252921574687939,3.110326235733328,3.8028119262033973,4.132839851508257,3.385265467065125,3.7140074543064077,2.7799861398567622,2.374114816338711,3.252921574687939,3.110326235733328,3.8028119262033973,4.132839851508257,3.385265467065125,3.7140074543064077,2.7799861398567622,2.374114816338711
0.6755128942978764,0.7019550561875966,0.7166644109838264,0.6922334256142094,0.6647443972693234,0.7065261881991393,0.7990393356296572,0.653468918973707,0.6755128942978764,0.7019550561875966,0.7166644109838264,0.6922334256142094,0.6647443972693234,0.7065261881991393,0.7990393356296572,0.653468918973707,0.6755128942978764,0.7019550561875966,0.7166644109838264,0.6922334256142094,0.6647443972693234,0.7065261881991393,0.7990393356296572,0.653468918973707,0.8945283551523994,0.8388995764466061,0.8269287678811861,0.846174148182365,0.9135157914575,0.8701976096831898,0.9253826654831272,0.919696595192394,0.8945283551523994,0.8388995764466061,0.8269287678811861,0.846174148182365,0.9135157914575,0.8701976096831898,0.9253826654831272,0.919696595192394,0.8945283551523994,0.8388995764466061,0.8269287678811861,0.846174148182365,0.9135157914575,0.8701976096831898,0.9253826654831272,0.919696595192394,1.0099572721248598,1.0699633858923283,0.964717491490089,1.0724082293201045,1.1798717262932321,1.1952582660780797,1.1332038701546667,1.1057712161204256,0.9682277078674736,1.0588762471221793,0.9335452318642616,1.0113605731630664,1.3758610702353995,1.2010368337635797,1.049397632037907,1.1368110502182487,0.9682277078674736,1.0588762471221793,0.9335452318642616,1.0113605731630664,1.3758610702353995,1.2010368337635797,1.049397632037907,1.1368110502182487
1.542145785118234,1.5358499701420305,1.6810007928670274,1.6793805448295538,1.5343462511074362,1.3297683488702836,1.5851575107973561,1.5926113124111616,1.542145785118234,1.5358499701420305,1.6810007928670274,1.6793805448295538,1.5343462511074362,1.3297683488702836,1.5851575107973561,1.5926113124111616,1.542145785118234,1.5358499701420305,1.6810007928670274,1.6793805448295538,1.5343462511074362,1.3297683488702836,1.5851575107973561,1.5926113124111616,1.33656335831885,1.4488495722913932,1.4646240714684637,1.5761042187824288,1.4204906843693068,1.3685632505979333,2.6172934936731718,2.1565593178968947,1.33656335831885,1.4488495722913932,1.4646240714684637,1.5761042187824288,1.4204906843693068,1.3685632505979333,2.6172934936731718,2.1565593178968947,1.33656335831885,1.4488495722913932,1.4646240714684637,1.5761042187824288,1.4204906843693068,1.3685632505979333,2.6172934936731718,2.1565593178968947,1.624433036853574,1.4235237375660896,1.7233394554308297,1.4707863252616342,1.328451642992588,1.662393709350186,1.271893577164894,1.7399268020040595,1.5529997693228559,1.319932709708519,1.6898510477213107,1.4835688148835466,1.674158397879516,1.355959258751116,1.6450152544746701,2.9450254439099255,1.5529997693228559,1.319932709708519,1.6898510477213107,1.4835688148835466,1.674158397879516,1.355959258751116,1.6450152544746701,2.9450254439099255
0.4628736433280169,0.3686430310225925,0.4668819022262561,0.3448209889300436,0.2771560096930777,0.29673946810093943,0.3360658989861831,0.2772771020948331,0.4628736433280169,0.3686430310225925,0.4668819022262561,0.3448209889300436,0.2771560096930777,0.29673946810093943,0.3360658989861831,0.2772771020948331,0.4628736433280169,0.3686430310225925,0.4668819022262561,0.3448209889300436,0.2771560096930777,0.29673946810093943,0.3360658989861831,0.2772771020948331,0.4055896367891723,0.35311600496667855,0.48654320070341056,0.3037075338726352,0.2587392295747199,0.23642060112619656,0.21951262571422,0.14845246327847514,0.4055896367891723,0.35311600496667855,0.48654320070341056,0.3037075338726352,0.2587392295747199,0.23642060112619656,0.21951262571422,0.14845246327847514,0.4055896367891723,0.35311600496667855,0.48654320070341056,0.3037075338726352,0.2587392295747199,0.23642060112619656,0.21951262571422,0.14845246327847514,0.3827583916192301,0.34871793250125566,0.33792383146795796,0.36397808635124407,0.3202198413477388,0.2651000878182063,0.2743651320901258,0.2233573896512895,0.35144873438112734,0.33999394342948847,0.34984573127705165,0.33114900214280324,0.32406837073461553,0.28255379191166624,0.11114854326591414,0.1942130641212885,0.35144873438112734,0.33999394342948847,0.34984573127705165,0.33114900214280324,0.32406837073461553,0.28255379191166624,0.11114854326591414,0.1942130641212885
0.07765920190459892,0.0687371261201933,0.10010102251894516,0.07086655278134059,0.05674404545598117,0.05591459204956783,0.048371676856178096,0.02889122495916119,0.07765920190459892,0.0687371261201933,0.10010102251894516,0.07086655278134059,0.05674404545598117,0.05591459204956783,0.048371676856178096,0.02889122495916119,0.07765920190459892,0.0687371261201933,0.10010102251894516,0.07086655278134059,0.05674404545598117,0.05591459204956783,0.048371676856178096,0.02889122495916119,0.025009481073737624,0.026699464391511454,0.027483892338521835,0.021547000357226672,0.054815395423830786,0.033028371459140254,0.041896658807759474,0.06432093536212095,0.025009481073737624,0.026699464391511454,0.027483892338521835,0.021547000357226672,0.054815395423830786,0.033028371459140254,0.041896658807759474,0.06432093536212095,0.025009481073737624,0.026699464391511454,0.027483892338521835,0.021547000357226672,0.054815395423830786,0.033028371459140254,0.041896658807759474,0.06432093536212095,0.020962420781797244,0.013355740897772209,0.012522362198503148,0.031129425213153424,0.07415925001721506,0.05243360080320744,0.09381593148625367,0.012887554311215478,0.019361324836181585,0.012297926976648846,0.02477612519765522,0.021547127781150376,0.06650892244135606,0.020230547764343364,0.058960572464466565,0.013863419001508408,0.019361324836181585,0.012297926976648846,0.02477612519765522,0.021547127781150376,0.06650892244135606,0.020230547764343364,0.058960572464466565,0.013863419001508408
0.3460057529365215,0.29630285394354755,0.4266773433144094,0.3608376991681674,0.4131886044393236,0.4232446168666766,0.4222972983060171,0.4111514198029973,0.3460057529365215,0.29630285394354755,0.4266773433144094,0.3608376991681674,0.4131886044393236,0.4232446168666766,0.4222972983060171,0.4111514198029973,0.3460057529365215,0.29630285394354755,0.4266773433144094,0.3608376991681674,0.4131886044393236,0.4232446168666766,0.4222972983060171,0.4111514198029973,0.3762329446589145,0.2559110890098503,0.33709063333594563,0.2964665317501036,0.1836866430138622,0.39594112426897937,0.2879539395649967,0.1685426030745768,0.3762329446589145,0.2559110890098503,0.33709063333594563,0.2964665317501036,0.1836866430138622,0.39594112426897937,0.2879539395649967,0.1685426030745768,0.3762329446589145,0.2559110890098503,0.33709063333594563,0.2964665317501036,0.1836866430138622,0.39594112426897937,0.2879539395649967,0.1685426030745768,0.21192223295425736,0.10668545704922777,0.14121160066543112,0.14829527897482295,0.28556774395716955,0.24311939414396566,0.2563923515483153,0.10836299217338342,0.1856215190196351,0.18797294042311155,0.1939981265861875,0.21212577994566198,0.09555517740027601,0.3074137566657482,0.16799068785148952,0.2030699458675512,0.1856215190196351,0.18797294042311155,0.1939981265861875,0.21212577994566198,0.09555517740027601,0.3074137566657482,0.16799068785148952,0.2030699458675512
1.7434383341521624,1.8568270094889716,1.6975665501296753,1.8763294983646166,1.6677383347025891,1.929949582870041,1.7684496926435758,1.8375120335546784,1.7434383341521624,1.8568270094889716,1.6975665501296753,1.8763294983646166,1.6677383347025891,1.929949582870041,1.7684496926435758,1.8375120335546784,1.7434383341521624,1.8568270094889716,1.6975665501296753,1.8763294983646166,1.6677383347025891,1.929949582870041,1.7684496926435758,1.8375120335546784,1.6776742347044127,1.941059990000262,1.748203820727091,1.7494646158762335,1.8694916652307407,2.4857226752812793,2.434740074988046,2.4159649306327875,1.6776742347044127,1.941059990000262,1.748203820727091,1.7494646158762335,1.8694916652307407,2.4857226752812793,2.434740074988046,2.4159649306327875,1.6776742347044127,1.941059990000262,1.748203820727091,1.7494646158762335,1.8694916652307407,2.4857226752812793,2.434740074988046,2.4159649306327875,1.9275955768116277,1.797142280214846,1.5940398760941463,1.7211545079223785,2.2731247094842155,2.8477769624610443,1.8353226456937441,2.553141276074842,1.772815878866403,1.6861077763292822,1.5102013650088395,1.6958832394730192,2.4230827287414227,3.126090705355674,2.5532937479408657,1.6661373250322666,1.772815878866403,1.6861077763292822,1.5102013650088395,1.6958832394730192,2.4230827287414227,3.126090705355674,2.5532937479408657,1.6661373250322666
0.9697058829877961,0.8952440917684813,0.8834116154311467,0.9490619415216969,0.8463559990026364,0.8158176928568162,0.7603380747206039,0.8514034410918329,0.9697058829877961,0.8952440917684813,0.8834116154311467,0.9490619415216969,0.8463559990026364,0.8158176928568162,0.7603380747206039,0.8514034410918329,0.9697058829877961,0.8952440917684813,0.8834116154311467,0.9490619415216969,0.8463559990026364,0.8158176928568162,0.7603380747206039,0.8514034410918329,0.811164311347753,0.9904512992722062,0.8843114160091153,0.9799208822150139,0.8057918591096113,0.8136497556690062,0.8159348822197974,0.8566364550984836,0.811164311347753,0.9904512992722062,0.8843114160091153,0.9799208822150139,0.8057918591096113,0.8136497556690062,0.8159348822197974,0.8566364550984836,0.811164311347753,0.9904512992722062,0.8843114160091153,0.9799208822150139,0.8057918591096113,0.8136497556690062,0.8159348822197974,0.8566364550984836,0.8822947860048148,0.8161327552963871,0.8636733826854434,0.9173015059576729,0.7753182078862128,0.7537625162829568,0.8409275562663521,0.8233555682500132,0.8829024660912594,0.8807149489308349,0.8855911910496144,0.8575818208684353,0.8487324684808056,0.8432043884180063,0.8498579377045525,0.8707440084826523,0.8829024660912594,0.8807149489308349,0.8855911910496144,0.8575818208684353,0.8487324684808056,0.8432043884180063,0.8498579377045525,0.8707440084826523
0.340757547034895,0.2915227590071119,0.3169456757666365,0.2991817804026633,0.25384556999448904,0.24917897438999445,0.2392320171637147,0.2483354714875621,0.340757547034895,0.2915227590071119,0.3169456757666365,0.2991817804026633,0.25384556999448904,0.24917897438999445,0.2392320171637147,0.2483354714875621,0.340757547034895,0.2915227590071119,0.3169456757666365,0.2991817804026633,0.25384556999448904,0.24917897438999445,0.2392320171637147,0.2483354714875621,0.2599464235422455,0.2640087366006995,0.28583225120764494,0.20006990403483174,0.21615695589619208,0.1792015439649309,0.28015054154917407,0.19767930937163175,0.2599464235422455,0.2640087366006995,0.28583225120764494,0.20006990403483174,0.21615695589619208,0.1792015439649309,0.28015054154917407,0.19767930937163175,0.2599464235422455,0.2640087366006995,0.28583225120764494,0.20006990403483174,0.21615695589619208,0.1792015439649309,0.28015054154917407,0.19767930937163175,0.2684537781025724,0.2598621474102251,0.35013689693810895,0.25424585087732626,0.12764617831845188,0.25750109391915027,0.23888864019185224,0.21610652574044417,0.2709557513370361,0.2514387706100528,0.33365239726104745,0.23845237542872794,0.14598398527241171,0.1661175218022238,0.17320676499130613,0.2300148819983428,0.2709557513370361,0.2514387706100528,0.33365239726104745,0.23845237542872794,0.14598398527241171,0.1661175218022238,0.17320676499130613,0.2300148819983428
0.6656562874529578,0.585628462560544,0.6744006704592601,0.605910418389301,0.7695971013578157,0.6541431474761268,0.7873151942499129,0.6401091658789838,0.6656562874529578,0.585628462560544,0.6744006704592601,0.605910418389301,0.7695971013578157,0.6541431474761268,0.7873151942499129,0.6401091658789838,0.6656562874529578,0.585628462560544,0.6744006704592601,0.605910418389301,0.7695971013578157,0.6541431474761268,0.7873151942499129,0.6401091658789838,0.7263332402646634,0.7020365640822851,0.6964192368917876,0.7416542044734484,0.7420501970700772,0.7816140728863514,0.7313761530701933,0.8715166586963635,0.7263332402646634,0.7020365640822851,0.6964192368917876,0.7416542044734484,0.7420501970700772,0.7816140728863514,0.7313761530701933,0.8715166586963635,0.7263332402646634,0.7020365640822851,0.6964192368917876,0.7416542044734484,0.7420501970700772,0.7816140728863514,0.7313761530701933,0.8715166586963635,0.7129119708360417,0.7548803404382858,0.6768755814252085,0.7231598501855601,0.7351859176882055,0.8699791765901964,0.7393255223542428,0.8348269009823113,0.6925659769260726,0.772933505909014,0.6947019105341833,0.7547189429250102,0.8650877573316279,0.7850611356479604,0.753677250598343,0.7652298813801369,0.6925659769260726,0.772933505909014,0.6947019105341833,0.7547189429250102,0.8650877573316279,0.7850611356479604,0.753677250598343,0.7652298813801369
1.4906755598745964,0.4538750712693766,1.177691715231401,0.9135621070958944,1.943043439316677,1.6133009190075693,3.2751287551850146,0.6543164827577694,1.4906755598745964,0.4538750712693766,1.177691715231401,0.9135621070958944,1.943043439316677,1.6133009190075693,3.2751287551850146,0.6543164827577694,1.4906755598745964,0.4538750712693766,1.177691715231401,0.9135621070958944,1.943043439316677,1.6133009190075693,3.2751287551850146,0.6543164827577694,0.5020791696915509,0.47878962763875405,1.4763728988823108,1.3836201523286922,2.721310643821638,0.8975204509356149,3.057872745463673,2.2056366927464834,0.5020791696915509,0.47878962763875405,1.4763728988823108,1.3836201523286922,2.721310643821638,0.8975204509356149,3.057872745463673,2.2056366927464834,0.5020791696915509,0.47878962763875405,1.4763728988823108,1.3836201523286922,2.721310643821638,0.8975204509356149,3.057872745463673,2.2056366927464834,1.4881530888824492,0.4958924328879285,0.9907842565012184,1.257091753668504,1.7101380524408178,1.1117100140545022,1.8960878842570017,0.8059485237215691,0.7687549750722014,0.3577101086323634,0.9336973909474658,1.3485970887469805,0.9760664339003803,0.17601662439978535,2.125897955536021,0.7121427840750599,0.7687549750722014,0.3577101086323634,0.9336973909474658,1.3485970887469805,0.9760664339003803,0.17601662439978535,2.125897955536021,0.7121427840750599
1.2726935588972375,1.3511416370662022,1.2197221980303645,1.3443324551848526,1.293848905066662,1.4020163672987136,1.427559698433424,1.378303811278911,1.2726935588972375,1.3511416370662022,1.2197221980303645,1.3443324551848526,1.293848905066662,1.4020163672987136,1.427559698433424,1.378303811278911,1.2726935588972375,1.3511416370662022,1.2197221980303645,1.3443324551848526,1.293848905066662,1.4020163672987136,1.427559698433424,1.378303811278911,1.289360252393142,1.3516429830212062,1.290829559446266,1.3787210002138948,1.3741835247635583,1.2795246046540607,1.3530464922516123,1.3435839444118627,1.289360252393142,1.3516429830212062,1.290829559446266,1.3787210002138948,1.3741835247635583,1.2795246046540607,1.3530464922516123,1.3435839444118627,1.289360252393142,1.3516429830212062,1.290829559446266,1.3787210002138948,1.3741835247635583,1.2795246046540607,1.3530464922516123,1.3435839444118627,1.2972563812005808,1.3570666961653008,1.2998887108428958,1.3759735880871569,1.532784931123229,1.4468933639425166,1.271056226576506,1.2453419118189142,1.2767139368976048,1.422609751902416,1.3186173136827501,1.3905165652816376,1.5683859632304429,1.1813560113516663,1.073350849642719,1.4623630124237188,1.2767139368976048,1.422609751902416,1.3186173136827501,1.3905165652816376,1.5683859632304429,1.1813560113516663,1.073350849642719,1.4623630124237188
0.06944410625280681,0.08343536408973741,0.0866003138610761,0.09347949609253843,0.09458163256478816,0.07445488746016693,0.10687325053415178,0.09961221214391343,0.06944410625280681,0.08343536408973741,0.0866003138610761,0.09347949609253843,0.09458163256478816,0.07445488746016693,0.10687325053415178,0.09961221214391343,0.06944410625280681,0.08343536408973741,0.0866003138610761,0.09347949609253843,0.09458163256478816,0.07445488746016693,0.10687325053415178,0.09961221214391343,0.09371322178119894,0.08839715666857641,0.08160646415971826,0.0768016019065593,0.08451716084536123,0.08692895835563927,0.09278038719304744,0.10844056516822406,0.09371322178119894,0.08839715666857641,0.08160646415971826,0.0768016019065593,0.08451716084536123,0.08692895835563927,0.09278038719304744,0.10844056516822406,0.09371322178119894,0.08839715666857641,0.08160646415971826,0.0768016019065593,0.08451716084536123,0.08692895835563927,0.09278038719304744,0.10844056516822406,0.09190430667197211,0.07153975434173654,0.06686094918219661,0.09408564988150903,0.06644729943106913,0.07640742310337886,0.07188683788823912,0.07110998264139332,0.08292541053748978,0.08344287965700184,0.07195570466130297,0.08632237428136125,0.09012949855799664,0.1089926281922575,0.06327567593183119,0.07871673781443068,0.08292541053748978,0.08344287965700184,0.07195570466130297,0.08632237428136125,0.09012949855799664,0.1089926281922575,0.06327567593183119,0.07871673781443068
0.45603457357720345,0.5084687572441527,0.5149221211220483,0.5448073656861916,0.45343166164147475,0.49801251031207383,0.49182598920819826,0.46545628653340226,0.45603457357720345,0.5084687572441527,0.5149221211220483,0.5448073656861916,0.45343166164147475,0.49801251031207383,0.49182598920819826,0.46545628653340226,0.45603457357720345,0.5084687572441527,0.5149221211220483,0.5448073656861916,0.45343166164147475,0.49801251031207383,0.49182598920819826,0.46545628653340226,0.439163917028832,0.46389424337589014,0.4852523732022285,0.4683979779969299,0.47524992901147645,0.4198717673340223,0.5154648527542759,0.49242457327438266,0.439163917028832,0.46389424337589014,0.4852523732022285,0.4683979779969299,0.47524992901147645,0.4198717673340223,0.5154648527542759,0.49242457327438266,0.439163917028832,0.46389424337589014,0.4852523732022285,0.4683979779969299,0.47524992901147645,0.4198717673340223,0.5154648527542759,0.49242457327438266,0.44052319432997467,0.43796081413605786,0.4158875462961842,0.43176733989678934,0.4221936103659861,0.4277770735369275,0.38223396063238446,0.3956060129930419,0.4582904704576759,0.4755117827387057,0.440143285139916,0.4112155122532084,0.39233661547955256,0.4139932385440874,0.5079657968744494,0.38190289116077625,0.4582904704576759,0.4755117827387057,0.440143285139916,0.4112155122532084,0.39233661547955256,0.4139932385440874,0.5079657968744494,0.38190289116077625
0.7518397188743965,0.6693144581021216,0.6798887723216122,0.682685259706376,0.7183580255350372,0.6964571748183753,0.5163938055239835,0.6652441531420795,0.7518397188743965,0.6693144581021216,0.6798887723216122,0.682685259706376,0.7183580255350372,0.6964571748183753,0.5163938055239835,0.6652441531420795,0.7518397188743965,0.6693144581021216,0.6798887723216122,0.682685259706376,0.7183580255350372,0.6964571748183753,0.5163938055239835,0.6652441531420795,0.6057204367365439,0.6091713130379138,0.5392389340227244,0.5508616319658686,0.4187427830782058,0.5120387107493266,0.5955290111938101,0.4913456732521609,0.6057204367365439,0.6091713130379138,0.5392389340227244,0.5508616319658686,0.4187427830782058,0.5120387107493266,0.5955290111938101,0.4913456732521609,0.6057204367365439,0.6091713130379138,0.5392389340227244,0.5508616319658686,0.4187427830782058,0.5120387107493266,0.5955290111938101,0.4913456732521609,0.4727113584864463,0.4440016362736765,0.5577267419597559,0.5529451975089698,0.49396372253128257,0.3953144412655768,0.3485052516476349,0.4006550958620236,0.5048561916628989,0.43757975108768415,0.5226650751749125,0.5246064475333275,0.44804244017539174,0.29912332602379504,0.4614169733863704,0.3575066853251031,0.5048561916628989,0.43757975108768415,0.5226650751749125,0.5246064475333275,0.44804244017539174,0.29912332602379504,0.4614169733863704,0.3575066853251031
0.7073481539635118,0.7648441889799205,0.7452863023260202,0.7943549168808606,0.699258978403068,0.6568407986755238,0.7145002107784411,0.6780536657699215,0.7073481539635118,0.7648441889799205,0.7452863023260202,0.7943549168808606,0.699258978403068,0.6568407986755238,0.7145002107784411,0.6780536657699215,0.7073481539635118,0.7648441889799205,0.7452863023260202,0.7943549168808606,0.699258978403068,0.6568407986755238,0.7145002107784411,0.6780536657699215,0.5891030281779662,0.5869295214318626,0.5864210329998522,0.5755504141267952,0.4981048032311622,0.5960000978414662,0.580475911620611,0.6698761937552707,0.5891030281779662,0.5869295214318626,0.5864210329998522,0.5755504141267952,0.4981048032311622,0.5960000978414662,0.580475911620611,0.6698761937552707,0.5891030281779662,0.5869295214318626,0.5864210329998522,0.5755504141267952,0.4981048032311622,0.5960000978414662,0.580475911620611,0.6698761937552707,0.5565055713206343,0.5032361141220295,0.6609257745314286,0.4298668415601261,0.40617235833620924,0.5157753871381436,0.4631234264671152,0.45678958568888994,0.501369872391166,0.5522198982084178,0.5863754111145635,0.43314555225956786,0.3226100460941947,0.7050628012774592,0.47882073501359806,0.3418097507042103,0.501369872391166,0.5522198982084178,0.5863754111145635,0.43314555225956786,0.3226100460941947,0.7050628012774592,0.47882073501359806,0.3418097507042103
0.42970125169097123,0.393662797891782,0.38851712769044777,0.3637468764551333,0.37817790045914673,0.41613596754644994,0.31492825260657764,0.30468338084338714,0.42970125169097123,0.393662797891782,0.38851712769044777,0.3637468764551333,0.37817790045914673,0.41613596754644994,0.31492825260657764,0.30468338084338714,0.42970125169097123,0.393662797891782,0.38851712769044777,0.3637468764551333,0.37817790045914673,0.41613596754644994,0.31492825260657764,0.30468338084338714,0.45800419000427633,0.3794694542521115,0.40598390708608995,0.43610573934282104,0.5004737224303241,0.44227390025156355,0.39896952573843153,0.5368659989594101,0.45800419000427633,0.3794694542521115,0.40598390708608995,0.43610573934282104,0.5004737224303241,0.44227390025156355,0.39896952573843153,0.5368659989594101,0.45800419000427633,0.3794694542521115,0.40598390708608995,0.43610573934282104,0.5004737224303241,0.44227390025156355,0.39896952573843153,0.5368659989594101,0.5588628311447961,0.4826822046565881,0.4900907641570235,0.4771479622179293,0.5593840637483257,0.5464698854046789,0.6688711613226271,0.5454372166741824,0.5615744533892383,0.5562727927105188,0.5270792362774642,0.5249586601604728,0.6132331548677525,0.4872355530206584,0.6175350701487522,0.4611159044662036,0.5615744533892383,0.5562727927105188,0.5270792362774642,0.5249586601604728,0.6132331548677525,0.4872355530206584,0.6175350701487522,0.4611159044662036
0.14267347146995343,0.15243403725231675,0.1264125018188718,0.13427517686025972,0.16654817002270503,0.15668813182495914,0.1652916000468059,0.13336729073481432,0.14267347146995343,0.15243403725231675,0.1264125018188718,0.13427517686025972,0.16654817002270503,0.15668813182495914,0.1652916000468059,0.13336729073481432,0.14267347146995343,0.15243403725231675,0.1264125018188718,0.13427517686025972,0.16654817002270503,0.15668813182495914,0.1652916000468059,0.13336729073481432,0.19785066299625587,0.2507926313599491,0.17225750595278808,0.20616888429449054,0.2551194548892295,0.27281270980778266,0.14679718157492896,0.36671743750135727,0.19785066299625587,0.2507926313599491,0.17225750595278808,0.20616888429449054,0.2551194548892295,0.27281270980778266,0.14679718157492896,0.36671743750135727,0.19785066299625587,0.2507926313599491,0.17225750595278808,0.20616888429449054,0.2551194548892295,0.27281270980778266,0.14679718157492896,0.36671743750135727,0.15462269488302155,0.2111130708803206,0.2237373469840481,0.27568548583782143,0.10858553491400057,0.2045663556246112,0.64531255826054,0.2023145982950418,0.17062432587156498,0.2330489196185015,0.2743455932770195,0.31682746957522523,0.13670418021628397,0.178666721550216,0.3280815315295148,0.18683779476941761,0.17062432587156498,0.2330489196185015,0.2743455932770195,0.31682746957522523,0.13670418021628397,0.178666721550216,0.3280815315295148,0.18683779476941761
0.9201992960090214,1.0137568352136619,0.8713126762614946,0.8262236916848155,0.7501326108270593,0.6119243723724977,0.9292181790703226,0.6118922930356449,0.9201992960090214,1.0137568352136619,0.8713126762614946,0.8262236916848155,0.7501326108270593,0.6119243723724977,0.9292181790703226,0.6118922930356449,0.9201992960090214,1.0137568352136619,0.8713126762614946,0.8262236916848155,0.7501326108270593,0.6119243723724977,0.9292181790703226,0.6118922930356449,0.5548138192540631,0.5242335117385505,0.5918154001533931,0.6029512977828794,0.5571469938737644,0.3658646657005433,0.44477112650361234,0.3664801375031141,0.5548138192540631,0.5242335117385505,0.5918154001533931,0.6029512977828794,0.5571469938737644,0.3658646657005433,0.44477112650361234,0.3664801375031141,0.5548138192540631,0.5242335117385505,0.5918154001533931,0.6029512977828794,0.5571469938737644,0.3658646657005433,0.44477112650361234,0.3664801375031141,0.500928919004752,0.6223920205372596,0.5277403496771195,0.48533112919953436,0.48873858804847287,0.4106811917456586,0.4029587005561548,0.472418113970517,0.5122188717291701,0.5352514069800102,0.47809299491074264,0.44259946316847604,0.4480618640562474,0.6024553119371698,0.5236602114818941,0.4191296394352557,0.5122188717291701,0.5352514069800102,0.47809299491074264,0.44259946316847604,0.4480618640562474,0.6024553119371698,0.5236602114818941,0.4191296394352557
1.8077838723323203,1.8051631666899808,1.7495710027577822,1.6661636214247346,1.3825170225128036,1.1505594048105607,1.0863130984020328,1.310566808491034,1.8077838723323203,1.8051631666899808,1.7495710027577822,1.6661636214247346,1.3825170225128036,1.1505594048105607,1.0863130984020328,1.310566808491034,1.8077838723323203,1.8051631666899808,1.7495710027577822,1.6661636214247346,1.3825170225128036,1.1505594048105607,1.0863130984020328,1.310566808491034,1.155899544713727,0.9147783723375699,1.1551325823685028,0.8337502430767484,1.0087349393794318,0.530096841585072,0.822295324156122,1.0353914739433272,1.155899544713727,0.9147783723375699,1.1551325823685028,0.8337502430767484,1.0087349393794318,0.530096841585072,0.822295324156122,1.0353914739433272,1.155899544713727,0.9147783723375699,1.1551325823685028,0.8337502430767484,1.0087349393794318,0.530096841585072,0.822295324156122,1.0353914739433272,1.0371101240980805,0.735553202413183,0.7260364109086646,0.7072089184441153,1.414947076121778,0.9105424132904832,0.6007329910115956,0.580127974095567,0.8273988684257284,0.6744491806640879,0.8986479773938495,0.8235771459070323,1.1675442052518028,1.4250079123828812,1.0852746631226544,0.5781412292837493,0.8273988684257284,0.6744491806640879,0.8986479773938495,0.8235771459070323,1.1675442052518028,1.4250079123828812,1.0852746631226544,0.5781412292837493
0.3507115453987821,0.30463638024858475,0.2894965938845276,0.2868489143659688,0.6119435949336782,0.3766590860677709,0.3861439354111593,0.34970670693855427,0.3507115453987821,0.30463638024858475,0.2894965938845276,0.2868489143659688,0.6119435949336782,0.3766590860677709,0.3861439354111593,0.34970670693855427,0.3507115453987821,0.30463638024858475,0.2894965938845276,0.2868489143659688,0.6119435949336782,0.3766590860677709,0.3861439354111593,0.34970670693855427,0.16045887253864347,0.2533518368748762,0.15777904229000864,0.23470461118728841,0.3420054798530276,0.31756959536101415,0.21957848986778558,0.17738810206405137,0.16045887253864347,0.2533518368748762,0.15777904229000864,0.23470461118728841,0.3420054798530276,0.31756959536101415,0.21957848986778558,0.17738810206405137,0.16045887253864347,0.2533518368748762,0.15777904229000864,0.23470461118728841,0.3420054798530276,0.31756959536101415,0.21957848986778558,0.17738810206405137,0.1671012863531944,0.2551384457271507,0.14556737957079233,0.2595618423254345,0.5189582872862876,0.23533517508534532,0.31065901938665563,0.33711647384097815,0.1712861111125853,0.2512395669964066,0.15899157458171959,0.3410580492556229,0.29075766159842387,0.3915196122571549,0.3137574571611944,0.41635297937846827,0.1712861111125853,0.2512395669964066,0.15899157458171959,0.3410580492556229,0.29075766159842387,0.3915196122571549,0.3137574571611944,0.41635297937846827
0.511494731451292,0.6399456059234733,0.5623259831960227,0.482942086416606,0.4114412458927322,0.26320891453559736,0.4530162285465044,0.5119812833212809,0.511494731451292,0.6399456059234733,0.5623259831960227,0.482942086416606,0.4114412458927322,0.26320891453559736,0.4530162285465044,0.5119812833212809,0.511494731451292,0.6399456059234733,0.5623259831960227,0.482942086416606,0.4114412458927322,0.26320891453559736,0.4530162285465044,0.5119812833212809,0.3139441255307724,0.28787671954426963,0.5121712565167083,0.3002190936780855,0.2374333964820877,0.23790709179398012,0.18409603214569092,0.2433996695594379,0.3139441255307724,0.28787671954426963,0.5121712565167083,0.3002190936780855,0.2374333964820877,0.23790709179398012,0.18409603214569092,0.2433996695594379,0.3139441255307724,0.28787671954426963,0.5121712565167083,0.3002190936780855,0.2374333964820877,0.23790709179398012,0.18409603214569092,0.2433996695594379,0.24345444570655855,0.30105540850883494,0.26246041205762244,0.3780651293255124,0.15331035382916847,0.25413241753121024,0.18280460000089963,0.5383772787343363,0.22208868938205767,0.30209870758697643,0.2925544961414588,0.38313528828369736,0.18911763456056113,0.23676472916249428,0.1731694547834074,0.5536958804803834,0.22208868938205767,0.30209870758697643,0.2925544961414588,0.38313528828369736,0.18911763456056113,0.23676472916249428,0.1731694547834074,0.5536958804803834
0.5353425233984723,0.5466740601525094,0.5282668753782331,0.5938419797776786,0.5613175216385076,0.7358578252965171,0.5195917635099699,0.594428750289946,0.5353425233984723,0.5466740601525094,0.5282668753782331,0.5938419797776786,0.5613175216385076,0.7358578252965171,0.5195917635099699,0.594428750289946,0.5353425233984723,0.5466740601525094,0.5282668753782331,0.5938419797776786,0.5613175216385076,0.7358578252965171,0.5195917635099699,0.594428750289946,0.5098869761762024,0.6086364264000654,0.4718534901844419,0.566451115182018,0.8406028015574718,0.6547514038352018,0.6229112423720031,0.5768640978642116,0.5098869761762024,0.6086364264000654,0.4718534901844419,0.566451115182018,0.8406028015574718,0.6547514038352018,0.6229112423720031,0.5768640978642116,0.5098869761762024,0.6086364264000654,0.4718534901844419,0.566451115182018,0.8406028015574718,0.6547514038352018,0.6229112423720031,0.5768640978642116,0.48366318364128724,0.8255263570348548,0.5174338612550327,0.6402422279107813,0.40717340480173686,1.017488739348102,0.40422494117167246,0.6713005481019481,0.4707482469280204,0.8193639039611509,0.4746793635609172,0.6464450887215564,0.6820583636551477,1.5903725834135967,0.3462774583765552,0.6635743521815951,0.4707482469280204,0.8193639039611509,0.4746793635609172,0.6464450887215564,0.6820583636551477,1.5903725834135967,0.3462774583765552,0.6635743521815951
1.0461920259047932,1.0663211704369606,1.0581014441777823,1.110039695841296,1.0824518381464476,1.5838390312601844,1.017362060552511,1.0608159109108926,1.0461920259047932,1.0663211704369606,1.0581014441777823,1.110039695841296,1.0824518381464476,1.5838390312601844,1.017362060552511,1.0608159109108926,1.0461920259047932,1.0663211704369606,1.0581014441777823,1.110039695841296,1.0824518381464476,1.5838390312601844,1.017362060552511,1.0608159109108926,1.0347175881999022,1.294572147401668,1.1221599461795209,1.3711799067072092,0.7539198649104782,1.3062715440985937,0.953453381657941,1.259754635779374,1.0347175881999022,1.294572147401668,1.1221599461795209,1.3711799067072092,0.7539198649104782,1.3062715440985937,0.953453381657941,1.259754635779374,1.0347175881999022,1.294572147401668,1.1221599461795209,1.3711799067072092,0.7539198649104782,1.3062715440985937,0.953453381657941,1.259754635779374,1.136253204645613,0.9738805013610337,0.8245429315038516,0.5189655305586904,0.41544470923614996,1.269223687940076,0.57088282629171,1.1518437645709956,1.070677747727962,0.8343005098989285,0.7477628115888204,0.5916825922216975,0.6583237692023391,1.3558897635250913,0.7343068197625606,0.7309077157936579,1.070677747727962,0.8343005098989285,0.7477628115888204,0.5916825922216975,0.6583237692023391,1.3558897635250913,0.7343068197625606,0.7309077157936579
2.7213376915497838,2.751506494240571,2.3733416059179144,2.6725439946941187,2.0881541003861295,2.1564454892541995,1.8797075913341574,1.4380871781227,2.7213376915497838,2.751506494240571,2.3733416059179144,2.6725439946941187,2.0881541003861295,2.1564454892541995,1.8797075913341574,1.4380871781227,2.7213376915497838,2.751506494240571,2.3733416059179144,2.6725439946941187,2.0881541003861295,2.1564454892541995,1.8797075913341574,1.4380871781227,1.7090603867091287,2.393895991547828,1.8745340886052189,2.9329236848029736,1.048921685379265,0.2805261345642532,1.1642730420175587,1.3399717056920073,1.7090603867091287,2.393895991547828,1.8745340886052189,2.9329236848029736,1.048921685379265,0.2805261345642532,1.1642730420175587,1.3399717056920073,1.7090603867091287,2.393895991547828,1.8745340886052189,2.9329236848029736,1.048921685379265,0.2805261345642532,1.1642730420175587,1.3399717056920073,0.563032233883861,0.6775602164767467,0.784340528879909,0.5643847459796034,0.4312020590608656,0.30491439174798934,0.5624104220663081,0.3054668920622243,0.7496739078065265,0.4596210746228068,0.6290899717514166,0.7872419666732565,0.9709004239354356,0.8159099505010595,0.6947873101802527,0.49549331259739193,0.7496739078065265,0.4596210746228068,0.6290899717514166,0.7872419666732565,0.9709004239354356,0.8159099505010595,0.6947873101802527,0.49549331259739193
1.170436034254712,1.2157683777166013,1.3460418952666504,1.264871428414147,1.0931771881808356,1.2016053028841691,1.2604282769904422,1.1003606787003297,1.170436034254712,1.2157683777166013,1.3460418952666504,1.264871428414147,1.0931771881808356,1.2016053028841691,1.2604282769904422,1.1003606787003297,1.170436034254712,1.2157683777166013,1.3460418952666504,1.264871428414147,1.0931771881808356,1.2016053028841691,1.2604282769904422,1.1003606787003297,1.0862311285084647,1.250804117386249,1.3133578402479913,1.4409735855581067,1.1677652213413183,1.218770592565833,1.1471957808656001,1.3543054306377147,1.0862311285084647,1.250804117386249,1.3133578402479913,1.4409735855581067,1.1677652213413183,1.218770592565833,1.1471957808656001,1.3543054306377147,1.0862311285084647,1.250804117386249,1.3133578402479913,1.4409735855581067,1.1677652213413183,1.218770592565833,1.1471957808656001,1.3543054306377147,1.0762109232037347,1.3500675100386526,1.1569711687121214,1.2738890304150938,1.2674388588158811,1.2076941212980228,1.0626975465604935,1.3925376118415853,1.238836982328637,1.3574901334591702,1.196955864392855,1.2605313969095355,1.2460895864656092,1.1724195404600408,1.1853856704402423,1.6480377164099969,1.238836982328637,1.3574901334591702,1.196955864392855,1.2605313969095355,1.2460895864656092,1.1724195404600408,1.1853856704402423,1.6480377164099969
0.7667781398146051,0.8212237012493798,0.9649520122526772,1.4809297128879755,0.5832418028729506,0.45489919677290475,0.3871414152630894,0.4699139600052941,0.7667781398146051,0.8212237012493798,0.9649520122526772,1.4809297128879755,0.5832418028729506,0.45489919677290475,0.3871414152630894,0.4699139600052941,0.7667781398146051,0.8212237012493798,0.9649520122526772,1.4809297128879755,0.5832418028729506,0.45489919677290475,0.3871414152630894,0.4699139600052941,0.26816996336210797,0.4185949600504937,0.24406728566221936,0.305899832771471,0.4821924135527635,0.32784312040390895,0.42042743161131857,0.521205203016926,0.26816996336210797,0.4185949600504937,0.24406728566221936,0.305899832771471,0.4821924135527635,0.32784312040390895,0.42042743161131857,0.521205203016926,0.26816996336210797,0.4185949600504937,0.24406728566221936,0.305899832771471,0.4821924135527635,0.32784312040390895,0.42042743161131857,0.521205203016926,0.2230837366031963,0.23348297710116095,0.16484117035832535,0.25264544007723394,0.441061002534539,0.41696157675245016,0.3053632000677435,0.2508346219478318,0.21383197245801464,0.25080313082909983,0.17756177071139453,0.24506030710940382,0.47141762474864884,0.2704280126377603,0.3070617771050339,0.2799320568619985,0.21383197245801464,0.25080313082909983,0.17756177071139453,0.24506030710940382,0.47141762474864884,0.2704280126377603,0.3070617771050339,0.2799320568619985
0.6955796353562566,0.6874498442465374,0.8748827187556758,0.6096857664542176,0.7218715520683884,0.3762172699626864,0.7295184035688996,0.5289620843602038,0.6955796353562566,0.6874498442465374,0.8748827187556758,0.6096857664542176,0.7218715520683884,0.3762172699626864,0.7295184035688996,0.5289620843602038,0.6955796353562566,0.6874498442465374,0.8748827187556758,0.6096857664542176,0.7218715520683884,0.3762172699626864,0.7295184035688996,0.5289620843602038,0.4257367764884435,0.47727682532173255,0.4901428780467918,0.33873206038072,0.3580389446474586,0.38833761216667245,0.4367204028369794,0.31971020116639776,0.4257367764884435,0.47727682532173255,0.4901428780467918,0.33873206038072,0.3580389446474586,0.38833761216667245,0.4367204028369794,0.31971020116639776,0.4257367764884435,0.47727682532173255,0.4901428780467918,0.33873206038072,0.3580389446474586,0.38833761216667245,0.4367204028369794,0.31971020116639776,0.373926814807466,0.38048592831623756,0.455730089302864,0.4650668458087637,0.663168204900275,0.44896176895006895,0.7075164775964079,0.36399077937244906,0.3821296143326476,0.43614850048479775,0.47907434154331646,0.5212930317422633,0.4751252664322692,0.7613627758973659,0.38585998329253096,0.4512936201331694,0.3821296143326476,0.43614850048479775,0.47907434154331646,0.5212930317422633,0.4751252664322692,0.7613627758973659,0.38585998329253096,0.4512936201331694
0.997570247133895,0.7677479450231608,0.8784685963749131,0.7220879312324222,0.4325646203907164,0.34349423185730527,0.7550092064391394,0.5220889088800793,0.997570247133895,0.7677479450231608,0.8784685963749131,0.7220879312324222,0.4325646203907164,0.34349423185730527,0.7550092064391394,0.5220889088800793,0.997570247133895,0.7677479450231608,0.8784685963749131,0.7220879312324222,0.4325646203907164,0.34349423185730527,0.7550092064391394,0.5220889088800793,0.47936979254572637,0.4889078617654246,0.5021678381224499,0.5377486268209632,0.2762666676644428,0.2760031332827936,0.3710068265743213,0.4049168072096792,0.47936979254572637,0.4889078617654246,0.5021678381224499,0.5377486268209632,0.2762666676644428,0.2760031332827936,0.3710068265743213,0.4049168072096792,0.47936979254572637,0.4889078617654246,0.5021678381224499,0.5377486268209632,0.2762666676644428,0.2760031332827936,0.3710068265743213,0.4049168072096792,0.30177040012631656,0.28694416723229116,0.3477258377764203,0.3722314232349166,0.17427168280168162,0.24096382736314903,0.23549370167528,0.326064014399192,0.41965768408349263,0.30263578112252537,0.29307759253126425,0.37829500384318815,0.28895194445525074,0.26147055443497685,0.30961629133792634,0.19969608930573482,0.41965768408349263,0.30263578112252537,0.29307759253126425,0.37829500384318815,0.28895194445525074,0.26147055443497685,0.30961629133792634,0.19969608930573482
0.4452864772976593,0.5459911643066921,0.43329141981185065,0.5468112904231076,0.5576402304534699,0.728433784364439,0.6397476863561833,0.7024442169866009,0.4452864772976593,0.5459911643066921,0.43329141981185065,0.5468112904231076,0.5576402304534699,0.728433784364439,0.6397476863561833,0.7024442169866009,0.4452864772976593,0.5459911643066921,0.43329141981185065,0.5468112904231076,0.5576402304534699,0.728433784364439,0.6397476863561833,0.7024442169866009,0.5455340124868723,0.5903852862094736,0.5538226195829968,0.6272590422901119,0.681869709756363,0.9043536035955301,0.6558733514703361,0.7525882005035262,0.5455340124868723,0.5903852862094736,0.5538226195829968,0.6272590422901119,0.681869709756363,0.9043536035955301,0.6558733514703361,0.7525882005035262,0.5455340124868723,0.5903852862094736,0.5538226195829968,0.6272590422901119,0.681869709756363,0.9043536035955301,0.6558733514703361,0.7525882005035262,0.5941946915568671,0.5983292868914485,0.5175907671302572,0.7227700992967376,0.6600433346658762,0.5922775796847698,0.5833948219323856,0.6396693298773126,0.6539699127944415,0.5997558519552768,0.5324938807652403,0.7131062365827886,0.6996248724565874,0.5963922662945121,0.47581299490933354,0.6940562431287841,0.6539699127944415,0.5997558519552768,0.5324938807652403,0.7131062365827886,0.6996248724565874,0.5963922662945121,0.47581299490933354,0.6940562431287841
0.26265133685090464,0.2675177497381273,0.29462338424806755,0.2975748376026068,0.21856421889111238,0.16193424174671495,0.298958871627666,0.23607175027829747,0.26265133685090464,0.2675177497381273,0.29462338424806755,0.2975748376026068,0.21856421889111238,0.16193424174671495,0.298958871627666,0.23607175027829747,0.26265133685090464,0.2675177497381273,0.29462338424806755,0.2975748376026068,0.21856421889111238,0.16193424174671495,0.298958871627666,0.23607175027829747,0.2879917474565962,0.38110025574888645,0.31637297696392974,0.28709766698992917,0.32336137806881937,0.30186701413418093,0.24013244462672717,0.2518932964697815,0.2879917474565962,0.38110025574888645,0.31637297696392974,0.28709766698992917,0.32336137806881937,0.30186701413418093,0.24013244462672717,0.2518932964697815,0.2879917474565962,0.38110025574888645,0.31637297696392974,0.28709766698992917,0.32336137806881937,0.30186701413418093,0.24013244462672717,0.2518932964697815,0.3095786221351118,0.21024397771923986,0.32986206732574025,0.21738942300695493,0.3095267523709228,0.25140953357543944,0.24101054274826847,0.3872208339203071,0.3389838717194654,0.1938397097808681,0.32251911852108495,0.20973556016553688,0.3399953995373285,0.3275309298193102,0.34857960433739016,0.34931981851806165,0.3389838717194654,0.1938397097808681,0.32251911852108495,0.20973556016553688,0.3399953995373285,0.3275309298193102,0.34857960433739016,0.34931981851806165
0.8420797514614174,0.8484908799705578,1.0539357566887153,0.9281856349190776,0.8520485017700905,0.7595629470360231,0.7021242799623746,0.9152900064087993,0.8420797514614174,0.8484908799705578,1.0539357566887153,0.9281856349190776,0.8520485017700905,0.7595629470360231,0.7021242799623746,0.9152900064087993,0.8420797514614174,0.8484908799705578,1.0539357566887153,0.9281856349190776,0.8520485017700905,0.7595629470360231,0.7021242799623746,0.9152900064087993,1.0809562476542989,0.9187842640760578,0.8623421031926988,0.853725496096386,0.8526335671782975,0.9782961843066321,0.7793356107355175,0.5519701758441148,1.0809562476542989,0.9187842640760578,0.8623421031926988,0.853725496096386,0.8526335671782975,0.9782961843066321,0.7793356107355175,0.5519701758441148,1.0809562476542989,0.9187842640760578,0.8623421031926988,0.853725496096386,0.8526335671782975,0.9782961843066321,0.7793356107355175,0.5519701758441148,1.0910300786220841,1.2096985568627907,0.9892317037168056,0.9806959114223887,0.9521321159888952,0.9959988791105726,0.49527699269072756,1.0688678260825828,1.1484030168267474,1.2085965862087105,0.9425254294096651,1.0756764841957476,1.1488954526152682,1.057661332875441,1.1758186315483063,1.0757590971490605,1.1484030168267474,1.2085965862087105,0.9425254294096651,1.0756764841957476,1.1488954526152682,1.057661332875441,1.1758186315483063,1.0757590971490605
0.30481459022869134,0.276537525207515,0.2893550875710034,0.20522649535040066,0.42849123848583415,0.32104758148140156,0.3487332029949066,0.4226977752218459,0.30481459022869134,0.276537525207515,0.2893550875710034,0.20522649535040066,0.42849123848583415,0.32104758148140156,0.3487332029949066,0.4226977752218459,0.30481459022869134,0.276537525207515,0.2893550875710034,0.20522649535040066,0.42849123848583415,0.32104758148140156,0.3487332029949066,0.4226977752218459,0.2951574414889485,0.23603512983018599,0.2070500144888971,0.1868284866011883,0.18853707311937917,0.09193618695140562,0.1956604909132296,0.14657194228227008,0.2951574414889485,0.23603512983018599,0.2070500144888971,0.1868284866011883,0.18853707311937917,0.09193618695140562,0.1956604909132296,0.14657194228227008,0.2951574414889485,0.23603512983018599,0.2070500144888971,0.1868284866011883,0.18853707311937917,0.09193618695140562,0.1956604909132296,0.14657194228227008,0.2989237917075107,0.24924893589842162,0.3054039395189899,0.2993298342580341,0.13766693707302788,0.21379879575824046,0.1853494767046392,0.2529242506136583,0.26882463759953107,0.17971412671312653,0.30814199294023,0.298924445864089,0.11869498940299904,0.1968053654859768,0.12120859714355679,0.27663072847334164,0.26882463759953107,0.17971412671312653,0.30814199294023,0.298924445864089,0.11869498940299904,0.1968053654859768,0.12120859714355679,0.27663072847334164
0.9913616138297173,0.7533960912317487,1.028356983195739,0.8608280774662405,1.1664723802366403,0.8908020146977723,1.2755080967025325,1.4031126202134767,0.9913616138297173,0.7533960912317487,1.028356983195739,0.8608280774662405,1.1664723802366403,0.8908020146977723,1.2755080967025325,1.4031126202134767,0.9913616138297173,0.7533960912317487,1.028356983195739,0.8608280774662405,1.1664723802366403,0.8908020146977723,1.2755080967025325,1.4031126202134767,0.9965651103013583,1.0312858586463345,1.4396035406959362,1.2458393249623028,1.5562114016144997,1.5107067567111323,1.20141382785015,1.5620922577301175,0.9965651103013583,1.0312858586463345,1.4396035406959362,1.2458393249623028,1.5562114016144997,1.5107067567111323,1.20141382785015,1.5620922577301175,0.9965651103013583,1.0312858586463345,1.4396035406959362,1.2458393249623028,1.5562114016144997,1.5107067567111323,1.20141382785015,1.5620922577301175,0.7170236063377761,0.7439781584709843,0.9351311962468297,1.642138962315476,0.7809443268797603,1.2249789965381734,1.2182416740033204,1.3559790333109112,0.7075281782102537,0.9185576283394291,1.1328990877171363,1.1084109457924551,0.8143731269772633,0.8631537777821982,2.2906666503202735,1.1755102719390533,0.7075281782102537,0.9185576283394291,1.1328990877171363,1.1084109457924551,0.8143731269772633,0.8631537777821982,2.2906666503202735,1.1755102719390533
0.6974292735311767,0.8458123849171175,0.7140146896571054,0.829861440247846,0.46955480385419673,0.7860390435127943,0.8737688403443562,0.656907723340392,0.6974292735311767,0.8458123849171175,0.7140146896571054,0.829861440247846,0.46955480385419673,0.7860390435127943,0.8737688403443562,0.656907723340392,0.6974292735311767,0.8458123849171175,0.7140146896571054,0.829861440247846,0.46955480385419673,0.7860390435127943,0.8737688403443562,0.656907723340392,0.8695692984427488,0.7857130240099263,0.8707424844269311,0.7308262968253094,0.6189395218041602,0.5125487632527416,0.8379547974821266,0.7214370816477917,0.8695692984427488,0.7857130240099263,0.8707424844269311,0.7308262968253094,0.6189395218041602,0.5125487632527416,0.8379547974821266,0.7214370816477917,0.8695692984427488,0.7857130240099263,0.8707424844269311,0.7308262968253094,0.6189395218041602,0.5125487632527416,0.8379547974821266,0.7214370816477917,0.6292851582016065,0.5231601052920062,0.6797585928116934,0.6754729266142065,0.7895506052603825,0.4732103567234664,0.5203942698085571,0.7822365548642987,0.6945365405744591,0.4384593156075139,0.634189778240574,0.6570820940942104,0.9330501499433449,0.7206184699974136,0.6473742617569581,0.8144498654837732,0.6945365405744591,0.4384593156075139,0.634189778240574,0.6570820940942104,0.9330501499433449,0.7206184699974136,0.6473742617569581,0.8144498654837732
0.8328421816163902,0.763514162027721,0.9067275710444188,0.8539376587012969,0.8364775447009192,0.8946381562980075,0.803503587115969,0.8051963640827726,0.8328421816163902,0.763514162027721,0.9067275710444188,0.8539376587012969,0.8364775447009192,0.8946381562980075,0.803503587115969,0.8051963640827726,0.8328421816163902,0.763514162027721,0.9067275710444188,0.8539376587012969,0.8364775447009192,0.8946381562980075,0.803503587115969,0.8051963640827726,0.7913076188718302,0.7269322950753444,0.7364854571480824,0.6826291131420673,0.6016569024008148,0.6235441051205746,0.5223534383144183,0.5249344150347844,0.7913076188718302,0.7269322950753444,0.7364854571480824,0.6826291131420673,0.6016569024008148,0.6235441051205746,0.5223534383144183,0.5249344150347844,0.7913076188718302,0.7269322950753444,0.7364854571480824,0.6826291131420673,0.6016569024008148,0.6235441051205746,0.5223534383144183,0.5249344150347844,0.6811241454576749,0.6672001927707674,0.6865303426612896,0.7600839581376216,0.5309688714097435,0.6457904331916597,0.43025239839853036,0.557555485374289,0.6931357139508728,0.6221655948048295,0.6569132132860832,0.6628155548929242,0.5243070320492047,0.6380868119945521,0.4556968466282524,0.634648293253712,0.6931357139508728,0.6221655948048295,0.6569132132860832,0.6628155548929242,0.5243070320492047,0.6380868119945521,0.4556968466282524,0.634648293253712
0.16224676499118423,0.2011797839872186,0.2019809392916064,0.18684755068146988,0.223238268519962,0.19829683223141434,0.29856593467963916,0.22534816547714523,0.16224676499118423,0.2011797839872186,0.2019809392916064,0.18684755068146988,0.223238268519962,0.19829683223141434,0.29856593467963916,0.22534816547714523,0.16224676499118423,0.2011797839872186,0.2019809392916064,0.18684755068146988,0.223238268519962,0.19829683223141434,0.29856593467963916,0.22534816547714523,0.1415256646136005,0.10220249775588341,0.1614604719110369,0.1355883481580821,0.13004447797207855,0.12693621869136937,0.13551089239257394,0.16228336515312314,0.1415256646136005,0.10220249775588341,0.1614604719110369,0.1355883481580821,0.13004447797207855,0.12693621869136937,0.13551089239257394,0.16228336515312314,0.1415256646136005,0.10220249775588341,0.1614604719110369,0.1355883481580821,0.13004447797207855,0.12693621869136937,0.13551089239257394,0.16228336515312314,0.1951239473263835,0.20728855954242123,0.17103045401043135,0.1737216601632066,0.1195980379164871,0.2192777493616538,0.15376181039675021,0.21449628234530907,0.18782385412342448,0.20053893492227337,0.19325534887132234,0.1914892833151937,0.15016430887480728,0.23887984304205978,0.14865934158022934,0.22797199314526836,0.18782385412342448,0.20053893492227337,0.19325534887132234,0.1914892833151937,0.15016430887480728,0.23887984304205978,0.14865934158022934,0.22797199314526836
0.9222099043934485,0.7540282978164092,0.8215751727809538,0.640201427975932,0.6857281477074536,0.6003613816631312,0.5802567877718532,0.943911782824465,0.9222099043934485,0.7540282978164092,0.8215751727809538,0.640201427975932,0.6857281477074536,0.6003613816631312,0.5802567877718532,0.943911782824465,0.9222099043934485,0.7540282978164092,0.8215751727809538,0.640201427975932,0.6857281477074536,0.6003613816631312,0.5802567877718532,0.943911782824465,0.37073569433753745,0.5170763471833575,0.8705235136048418,0.6533666377948502,0.4768917348858294,0.36401978668446006,0.30160742651061806,0.37288978136007095,0.37073569433753745,0.5170763471833575,0.8705235136048418,0.6533666377948502,0.4768917348858294,0.36401978668446006,0.30160742651061806,0.37288978136007095,0.37073569433753745,0.5170763471833575,0.8705235136048418,0.6533666377948502,0.4768917348858294,0.36401978668446006,0.30160742651061806,0.37288978136007095,0.6213497737344,0.490683160546117,0.5163897843244137,0.4030509965284435,0.32969280728288486,0.3064853343200027,0.2199036374337304,0.5937928344677944,0.7154514412414491,0.280388717988193,0.4696350545047594,0.40560106577864485,0.22326169460037898,0.24608026456871757,0.3653542635820765,0.49602603205462026,0.7154514412414491,0.280388717988193,0.4696350545047594,0.40560106577864485,0.22326169460037898,0.24608026456871757,0.3653542635820765,0.49602603205462026
1.775806589632474,1.794915864142259,1.7445619565119503,1.878368260162499,1.6977918875351723,1.6883021494507149,1.5235427778561004,1.632416874661175,1.775806589632474,1.794915864142259,1.7445619565119503,1.878368260162499,1.6977918875351723,1.6883021494507149,1.5235427778561004,1.632416874661175,1.775806589632474,1.794915864142259,1.7445619565119503,1.878368260162499,1.6977918875351723,1.6883021494507149,1.5235427778561004,1.632416874661175,1.5437858432453992,1.4813093668870936,1.4687791332719309,1.6620334417277294,1.5895643444807679,1.2653014876005717,1.5348676028811408,1.58867102625258,1.5437858432453992,1.4813093668870936,1.4687791332719309,1.6620334417277294,1.5895643444807679,1.2653014876005717,1.5348676028811408,1.58867102625258,1.5437858432453992,1.4813093668870936,1.4687791332719309,1.6620334417277294,1.5895643444807679,1.2653014876005717,1.5348676028811408,1.58867102625258,1.5280322380771034,1.4394094624285276,1.4489146610429582,1.635934901610096,1.6707625732757292,1.4148131878174468,1.8898573557743985,1.849912950362528,1.5424363828115393,1.5310356191954873,1.5330797597454942,1.645184491169416,1.790869647754849,1.3400358053469292,1.6284279883613573,1.7905185333748264,1.5424363828115393,1.5310356191954873,1.5330797597454942,1.645184491169416,1.790869647754849,1.3400358053469292,1.6284279883613573,1.7905185333748264
1.6559737961220484,1.8560704266314574,1.6405080355284636,1.5480567693760137,1.6844951178480052,1.5920349293330514,2.1860755641529876,2.0512865436436676,1.6559737961220484,1.8560704266314574,1.6405080355284636,1.5480567693760137,1.6844951178480052,1.5920349293330514,2.1860755641529876,2.0512865436436676,1.6559737961220484,1.8560704266314574,1.6405080355284636,1.5480567693760137,1.6844951178480052,1.5920349293330514,2.1860755641529876,2.0512865436436676,1.294202105637149,1.8661448609550018,1.679412301276469,2.2875801464318424,0.893030300061208,2.2917008959758207,1.207030511261559,2.6762234867604344,1.294202105637149,1.8661448609550018,1.679412301276469,2.2875801464318424,0.893030300061208,2.2917008959758207,1.207030511261559,2.6762234867604344,1.294202105637149,1.8661448609550018,1.679412301276469,2.2875801464318424,0.893030300061208,2.2917008959758207,1.207030511261559,2.6762234867604344,1.2921293075730793,2.133365893946436,1.76041100686178,1.8182611824660588,1.6295312352833868,1.5092969677141381,1.198527410330983,1.7517686134997579,1.241920200246955,2.3527684080776496,1.6298807299953142,1.975116704188042,1.0449388668589579,2.0291054915476905,0.9650125861308805,2.9353836440794487,1.241920200246955,2.3527684080776496,1.6298807299953142,1.975116704188042,1.0449388668589579,2.0291054915476905,0.9650125861308805,2.9353836440794487
2.9015171925892598,3.2227657055370758,2.572067961733903,3.346207308863143,2.932461970503736,2.0279874525399824,2.042691636244679,1.9261254054173897,2.9015171925892598,3.2227657055370758,2.572067961733903,3.346207308863143,2.932461970503736,2.0279874525399824,2.042691636244679,1.9261254054173897,2.9015171925892598,3.2227657055370758,2.572067961733903,3.346207308863143,2.932461970503736,2.0279874525399824,2.042691636244679,1.9261254054173897,3.715510395948591,3.4557771522528995,4.20242558405018,3.454577966178553,2.6944232394792818,2.7896515013950625,3.6736282255967114,2.630352065203064,3.715510395948591,3.4557771522528995,4.20242558405018,3.454577966178553,2.6944232394792818,2.7896515013950625,3.6736282255967114,2.630352065203064,3.715510395948591,3.4557771522528995,4.20242558405018,3.454577966178553,2.6944232394792818,2.7896515013950625,3.6736282255967114,2.630352065203064,2.6013617264965587,2.4196268720096956,2.1505579059857007,2.1816478837988003,1.2814621417539138,1.6646765479072643,2.177055245505725,2.7302810275934957,2.6052413784032127,2.4299050323560367,2.629860066497454,2.0473813692220255,1.1538264689241347,2.1935652276436177,2.7286901358278404,2.2345135210018476,2.6052413784032127,2.4299050323560367,2.629860066497454,2.0473813692220255,1.1538264689241347,2.1935652276436177,2.7286901358278404,2.2345135210018476
1.5886548237997413,1.5086793261052567,1.6348704858943681,1.789388851113057,1.3019269041706438,1.1069722072490211,1.2704506868468366,0.8667822028283758,1.5886548237997413,1.5086793261052567,1.6348704858943681,1.789388851113057,1.3019269041706438,1.1069722072490211,1.2704506868468366,0.8667822028283758,1.5886548237997413,1.5086793261052567,1.6348704858943681,1.789388851113057,1.3019269041706438,1.1069722072490211,1.2704506868468366,0.8667822028283758,1.7634502611746943,1.8930062481015415,1.3158401369218007,1.5355755514218319,1.3251175171850762,0.8729061736705361,1.3271394447600215,1.077636205204766,1.7634502611746943,1.8930062481015415,1.3158401369218007,1.5355755514218319,1.3251175171850762,0.8729061736705361,1.3271394447600215,1.077636205204766,1.7634502611746943,1.8930062481015415,1.3158401369218007,1.5355755514218319,1.3251175171850762,0.8729061736705361,1.3271394447600215,1.077636205204766,0.9828645214996268,1.1784411884971295,1.0481010667376403,0.8102206487584487,0.7581992972667216,1.0128065643365178,0.8713145449474947,0.7750467885784832,1.011501119174124,1.1990418488722123,1.0866528033279843,0.8551773286006874,0.7961480095068904,0.7843917723606855,0.7720709568179718,0.7376664501195036,1.011501119174124,1.1990418488722123,1.0866528033279843,0.8551773286006874,0.7961480095068904,0.7843917723606855,0.7720709568179718,0.7376664501195036
2.3475301546215688,2.225781197483399,2.246360244379839,2.2311286457681296,1.9828087804720504,2.1010057809380878,2.086202937640237,2.248779172000745,2.3475301546215688,2.225781197483399,2.246360244379839,2.2311286457681296,1.9828087804720504,2.1010057809380878,2.086202937640237,2.248779172000745,2.3475301546215688,2.225781197483399,2.246360244379839,2.2311286457681296,1.9828087804720504,2.1010057809380878,2.086202937640237,2.248779172000745,2.295531787899068,2.209416827563318,2.0657658158325427,1.977123342208251,2.156237499722317,2.3073902565475923,2.8445971890085127,2.146296864161748,2.295531787899068,2.209416827563318,2.0657658158325427,1.977123342208251,2.156237499722317,2.3073902565475923,2.8445971890085127,2.146296864161748,2.295531787899068,2.209416827563318,2.0657658158325427,1.977123342208251,2.156237499722317,2.3073902565475923,2.8445971890085127,2.146296864161748,2.1025460959613778,2.070606593324168,2.0775891909078,2.243698148000809,2.0214870590854144,2.103508166287291,2.5067960288776985,2.77392909076234,2.0587847591949417,2.1398430785647586,2.146214926822498,2.081029836172181,2.0801446823649012,2.222731680593278,2.356581612311136,2.7488681869051086,2.0587847591949417,2.1398430785647586,2.146214926822498,2.081029836172181,2.0801446823649012,2.222731680593278,2.356581612311136,2.7488681869051086
4.300757190768384,5.156397577654166,4.314890476183338,5.102281967774407,5.660970564076985,6.01965953322348,5.132053269926716,4.6952459834542895,4.300757190768384,5.156397577654166,4.314890476183338,5.102281967774407,5.660970564076985,6.01965953322348,5.132053269926716,4.6952459834542895,4.300757190768384,5.156397577654166,4.314890476183338,5.102281967774407,5.660970564076985,6.01965953322348,5.132053269926716,4.6952459834542895,5.116715014319377,5.819887221000957,4.495996516166724,5.179353690538412,5.269418280635852,6.002127453669054,5.809799771656051,5.203777070561527,5.116715014319377,5.819887221000957,4.495996516166724,5.179353690538412,5.269418280635852,6.002127453669054,5.809799771656051,5.203777070561527,5.116715014319377,5.819887221000957,4.495996516166724,5.179353690538412,5.269418280635852,6.002127453669054,5.809799771656051,5.203777070561527,5.075263054460445,5.313020731583189,4.937423194677209,4.9093732699302555,5.805193632605269,5.993802681455249,7.230024139360724,5.989285258880819,5.035079713628048,5.633287455594205,5.247648792749375,4.658078999645281,5.186506888809612,5.995873367578993,6.536707992272608,4.973474160971322,5.035079713628048,5.633287455594205,5.247648792749375,4.658078999645281,5.186506888809612,5.995873367578993,6.536707992272608,4.973474160971322
4.482714367744703,4.901714654556491,5.415096811046821,5.489585517416225,5.382278259648672,4.5247972074484935,5.345539266377015,5.1010877397592385,4.482714367744703,4.901714654556491,5.415096811046821,5.489585517416225,5.382278259648672,4.5247972074484935,5.345539266377015,5.1010877397592385,4.482714367744703,4.901714654556491,5.415096811046821,5.489585517416225,5.382278259648672,4.5247972074484935,5.345539266377015,5.1010877397592385,4.477396945752497,5.612982539835816,4.790017508755982,4.65816996531893,4.011705771233002,4.486614929591752,4.697864746454362,5.054478678078697,4.477396945752497,5.612982539835816,4.790017508755982,4.65816996531893,4.011705771233002,4.486614929591752,4.697864746454362,5.054478678078697,4.477396945752497,5.612982539835816,4.790017508755982,4.65816996531893,4.011705771233002,4.486614929591752,4.697864746454362,5.054478678078697,4.586531738247557,3.932194860726027,4.2522289902878905,4.451604541069832,3.587303757371383,3.33125038109319,4.453706898036049,4.929259550391196,4.299630427149654,4.7463157730936105,3.8108179140167238,4.274013278294036,4.74718375639007,3.7656348705505245,3.938814277018211,4.814741349027003,4.299630427149654,4.7463157730936105,3.8108179140167238,4.274013278294036,4.74718375639007,3.7656348705505245,3.938814277018211,4.814741349027003
1.1035902468005225,0.9413258228427998,1.037057619079615,0.9339218453785857,1.1963236177342795,1.0049820048980407,1.022423303763552,1.2202651724110545,1.1035902468005225,0.9413258228427998,1.037057619079615,0.9339218453785857,1.1963236177342795,1.0049820048980407,1.022423303763552,1.2202651724110545,1.1035902468005225,0.9413258228427998,1.037057619079615,0.9339218453785857,1.1963236177342795,1.0049820048980407,1.022423303763552,1.2202651724110545,0.534113629942785,0.6750566904888129,0.6197753898883914,0.5472652363838427,0.6173732861268415,0.41700635074320824,0.5067687348591332,0.6883158898883113,0.534113629942785,0.6750566904888129,0.6197753898883914,0.5472652363838427,0.6173732861268415,0.41700635074320824,0.5067687348591332,0.6883158898883113,0.534113629942785,0.6750566904888129,0.6197753898883914,0.5472652363838427,0.6173732861268415,0.41700635074320824,0.5067687348591332,0.6883158898883113,0.6879381162821541,0.7441102801164601,0.6018560568205911,0.5172529986651558,0.507285288697221,0.541808248865849,0.46491571785547464,0.5899059589080927,0.6274949141835354,0.6912849311315314,0.4975002963882777,0.46325011032297186,0.49053647666554023,0.8333907626619221,0.46831123352315135,0.44068105876128105,0.6274949141835354,0.6912849311315314,0.4975002963882777,0.46325011032297186,0.49053647666554023,0.8333907626619221,0.46831123352315135,0.44068105876128105
0.4906384900085781,0.4281903946188841,0.48199116389672786,0.42860275665720604,0.6059978167724723,0.4785593752567793,0.7008163251050058,0.6219576508207781,0.4906384900085781,0.4281903946188841,0.48199116389672786,0.42860275665720604,0.6059978167724723,0.4785593752567793,0.7008163251050058,0.6219576508207781,0.4906384900085781,0.4281903946188841,0.48199116389672786,0.42860275665720604,0.6059978167724723,0.4785593752567793,0.7008163251050058,0.6219576508207781,0.5150552834133202,0.5951865919348569,0.5832692162723447,0.6942043627232131,0.5765044462364564,0.8164797092712484,0.6295646565061966,0.7591864098941346,0.5150552834133202,0.5951865919348569,0.5832692162723447,0.6942043627232131,0.5765044462364564,0.8164797092712484,0.6295646565061966,0.7591864098941346,0.5150552834133202,0.5951865919348569,0.5832692162723447,0.6942043627232131,0.5765044462364564,0.8164797092712484,0.6295646565061966,0.7591864098941346,0.5166001555860229,0.597075358716432,0.6767084069188675,0.7625125844900554,0.8062936084143283,0.8541449855977874,0.9946897428877909,0.6832336051504798,0.5982261803479269,0.5789639912593478,0.48916264332613224,0.5913882777392307,0.7163458422206481,0.9258207090931474,0.6169076631852882,1.001132229011519,0.5982261803479269,0.5789639912593478,0.48916264332613224,0.5913882777392307,0.7163458422206481,0.9258207090931474,0.6169076631852882,1.001132229011519
1.2593887106367487,1.0711473990638376,1.2329815500721597,1.4672983742700707,1.1174437072660595,0.9439060570237926,1.1282963990326689,1.0820556613548213,1.2593887106367487,1.0711473990638376,1.2329815500721597,1.4672983742700707,1.1174437072660595,0.9439060570237926,1.1282963990326689,1.0820556613548213,1.2593887106367487,1.0711473990638376,1.2329815500721597,1.4672983742700707,1.1174437072660595,0.9439060570237926,1.1282963990326689,1.0820556613548213,0.8588348082364566,1.2380998156715597,1.2565910825585271,1.087812407514381,0.8937119322893533,1.3219842303437648,1.6742283240454305,2.394351651355563,0.8588348082364566,1.2380998156715597,1.2565910825585271,1.087812407514381,0.8937119322893533,1.3219842303437648,1.6742283240454305,2.394351651355563,0.8588348082364566,1.2380998156715597,1.2565910825585271,1.087812407514381,0.8937119322893533,1.3219842303437648,1.6742283240454305,2.394351651355563,0.8898511232180578,0.9989667878889887,1.031781246891574,1.6888293813380997,1.7759696360625825,0.9025377398683212,1.9988832724709353,2.201120276521852,0.9495896894125112,1.0741567050096799,1.1866979454483872,1.0761695331007444,1.2757160373454244,0.9414983216784506,1.0154763082540876,1.336397938533314,0.9495896894125112,1.0741567050096799,1.1866979454483872,1.0761695331007444,1.2757160373454244,0.9414983216784506,1.0154763082540876,1.336397938533314
0.6475980673087294,0.5568601778933673,0.7815423802638971,0.7253787231820217,0.9020747456817236,0.5234005713657688,1.0305785112387718,0.5663965541523199,0.6475980673087294,0.5568601778933673,0.7815423802638971,0.7253787231820217,0.9020747456817236,0.5234005713657688,1.0305785112387718,0.5663965541523199,0.6475980673087294,0.5568601778933673,0.7815423802638971,0.7253787231820217,0.9020747456817236,0.5234005713657688,1.0305785112387718,0.5663965541523199,0.6533300924917113,0.6377075210447815,1.1887493586227733,0.9657219271779184,0.6880800512160954,0.8341572011672052,0.6871713855640473,0.8117681496924106,0.6533300924917113,0.6377075210447815,1.1887493586227733,0.9657219271779184,0.6880800512160954,0.8341572011672052,0.6871713855640473,0.8117681496924106,0.6533300924917113,0.6377075210447815,1.1887493586227733,0.9657219271779184,0.6880800512160954,0.8341572011672052,0.6871713855640473,0.8117681496924106,0.7317278277832218,0.7264754049181765,1.0128648592205067,0.7397974022448817,0.4465048814191032,0.8807216842033314,1.2104199129643365,0.9234215264409551,0.804995334779181,0.6340065163685206,1.4921506472605635,0.8163188549558382,0.738114781068464,0.8750864374167271,0.749197805693747,0.6786414763631385,0.804995334779181,0.6340065163685206,1.4921506472605635,0.8163188549558382,0.738114781068464,0.8750864374167271,0.749197805693747,0.6786414763631385
2.689475016860456,3.407158325057068,3.673715305872352,3.862517000273213,3.7407847648117696,4.23916789603415,5.135909444182638,4.0447484874155375,2.689475016860456,3.407158325057068,3.673715305872352,3.862517000273213,3.7407847648117696,4.23916789603415,5.135909444182638,4.0447484874155375,2.689475016860456,3.407158325057068,3.673715305872352,3.862517000273213,3.7407847648117696,4.23916789603415,5.135909444182638,4.0447484874155375,3.1704854262919087,3.816254154242586,4.654516051881705,3.682975980354935,5.709541164599033,3.89547324849857,4.965999122094219,3.4129685529493154,3.1704854262919087,3.816254154242586,4.654516051881705,3.682975980354935,5.709541164599033,3.89547324849857,4.965999122094219,3.4129685529493154,3.1704854262919087,3.816254154242586,4.654516051881705,3.682975980354935,5.709541164599033,3.89547324849857,4.965999122094219,3.4129685529493154,3.0169992354408945,3.2816616951290527,3.520539679206422,3.0787711298750384,3.707030403274598,3.4258738419036674,3.2896167585227243,3.9876685260970692,3.6479993993573916,4.048495185833063,3.5828557989240695,2.967760934863478,3.585893185663409,4.569341209153574,5.002869979303402,4.289466193925937,3.6479993993573916,4.048495185833063,3.5828557989240695,2.967760934863478,3.585893185663409,4.569341209153574,5.002869979303402,4.289466193925937
0.9058118431117026,0.7398269232936782,0.861695435586129,0.7840202569596705,0.8127196439634347,0.4919046474179494,0.600765781716641,0.7122811284916044,0.9058118431117026,0.7398269232936782,0.861695435586129,0.7840202569596705,0.8127196439634347,0.4919046474179494,0.600765781716641,0.7122811284916044,0.9058118431117026,0.7398269232936782,0.861695435586129,0.7840202569596705,0.8127196439634347,0.4919046474179494,0.600765781716641,0.7122811284916044,0.6272992214420958,0.5237956150325439,0.7983907205883137,0.5985703100487578,1.016685170607458,0.6046646075138231,0.7747858482924529,0.7118972781893254,0.6272992214420958,0.5237956150325439,0.7983907205883137,0.5985703100487578,1.016685170607458,0.6046646075138231,0.7747858482924529,0.7118972781893254,0.6272992214420958,0.5237956150325439,0.7983907205883137,0.5985703100487578,1.016685170607458,0.6046646075138231,0.7747858482924529,0.7118972781893254,0.7472487321139205,0.5589730216849275,0.6609586749390587,0.5427726804733352,0.7177105197507093,0.6543608621593986,1.043039575265436,0.5717143409485448,0.7169398029631436,0.5836243288714197,0.5751663940691393,0.5427608432191259,0.8815028400143295,0.2769510145102328,1.0464424531776355,0.6532017871439674,0.7169398029631436,0.5836243288714197,0.5751663940691393,0.5427608432191259,0.8815028400143295,0.2769510145102328,1.0464424531776355,0.6532017871439674
1.0271049787748452,1.0615601190080282,1.040248322815996,1.0062495190211058,1.1268105217486464,1.1096648979691197,1.0115805627056214,0.9716541807118872,1.0271049787748452,1.0615601190080282,1.040248322815996,1.0062495190211058,1.1268105217486464,1.1096648979691197,1.0115805627056214,0.9716541807118872,1.0271049787748452,1.0615601190080282,1.040248322815996,1.0062495190211058,1.1268105217486464,1.1096648979691197,1.0115805627056214,0.9716541807118872,0.9467560851627272,1.1437441831026811,1.0579519601300615,1.0044845079751645,0.9117872879930554,0.9920870949399213,1.2138442664298215,1.10703336551283,0.9467560851627272,1.1437441831026811,1.0579519601300615,1.0044845079751645,0.9117872879930554,0.9920870949399213,1.2138442664298215,1.10703336551283,0.9467560851627272,1.1437441831026811,1.0579519601300615,1.0044845079751645,0.9117872879930554,0.9920870949399213,1.2138442664298215,1.10703336551283,1.1024849659801352,0.9708223877218041,1.0086474256464506,1.0500109663799064,1.0261178243009594,1.2791898518655311,0.8537668462626095,1.0111132548908708,1.0777415276730742,1.0355851753129313,1.143090616347015,1.2233662999924644,0.916976779028278,1.0208454264239883,0.8192701875563663,1.2394268099855097,1.0777415276730742,1.0355851753129313,1.143090616347015,1.2233662999924644,0.916976779028278,1.0208454264239883,0.8192701875563663,1.2394268099855097
0.30882808260923905,0.23535938895538264,0.254431026577649,0.20597335650430967,0.2261577047087204,0.22772027243201468,0.244378789303097,0.20902552926962212,0.30882808260923905,0.23535938895538264,0.254431026577649,0.20597335650430967,0.2261577047087204,0.22772027243201468,0.244378789303097,0.20902552926962212,0.30882808260923905,0.23535938895538264,0.254431026577649,0.20597335650430967,0.2261577047087204,0.22772027243201468,0.244378789303097,0.20902552926962212,0.2339971214175405,0.18311813851467876,0.20134320901225436,0.18845500934005918,0.17068707379896084,0.22375126602177212,0.1978454333582153,0.1389416512943728,0.2339971214175405,0.18311813851467876,0.20134320901225436,0.18845500934005918,0.17068707379896084,0.22375126602177212,0.1978454333582153,0.1389416512943728,0.2339971214175405,0.18311813851467876,0.20134320901225436,0.18845500934005918,0.17068707379896084,0.22375126602177212,0.1978454333582153,0.1389416512943728,0.2646611514108143,0.2005516756125281,0.2372872479885281,0.2005908248569079,0.2874781999018497,0.17078331042301914,0.2126391236535961,0.1272801843773336,0.2459757530370589,0.2337615713732862,0.23613510789010714,0.19006786686841687,0.16745732154529613,0.16451993644427715,0.22835513001765181,0.17774848980941743,0.2459757530370589,0.2337615713732862,0.23613510789010714,0.19006786686841687,0.16745732154529613,0.16451993644427715,0.22835513001765181,0.17774848980941743
0.5378237328076837,0.4743407332313735,0.39170782794545084,0.38451086894446135,0.3518628882047021,0.505516293249232,0.33340836688415393,0.4138289741238757,0.5378237328076837,0.4743407332313735,0.39170782794545084,0.38451086894446135,0.3518628882047021,0.505516293249232,0.33340836688415393,0.4138289741238757,0.5378237328076837,0.4743407332313735,0.39170782794545084,0.38451086894446135,0.3518628882047021,0.505516293249232,0.33340836688415393,0.4138289741238757,0.5792056470814654,0.5569852221050318,0.5077758440606038,0.5030989165291497,0.8469833454086,0.4785240083042243,0.3303983885242296,0.38297941115725365,0.5792056470814654,0.5569852221050318,0.5077758440606038,0.5030989165291497,0.8469833454086,0.4785240083042243,0.3303983885242296,0.38297941115725365,0.5792056470814654,0.5569852221050318,0.5077758440606038,0.5030989165291497,0.8469833454086,0.4785240083042243,0.3303983885242296,0.38297941115725365,0.5299081817653649,0.5797887018240957,0.4003825752449423,0.5555336830333454,0.6471756888707648,0.31886805479509067,0.5147687930361843,0.40972306299536504,0.5122912290439076,0.5372542433544385,0.36125270187387637,0.5275981714996839,0.3306531566839227,0.30736344000519594,0.44362386717874974,0.4466919230996179,0.5122912290439076,0.5372542433544385,0.36125270187387637,0.5275981714996839,0.3306531566839227,0.30736344000519594,0.44362386717874974,0.4466919230996179
0.5333119105004965,0.5137169534846733,0.47755282129398247,0.5431507536084814,0.6334604135480385,0.564704215946907,0.5326088258264888,0.48716468147830233,0.5333119105004965,0.5137169534846733,0.47755282129398247,0.5431507536084814,0.6334604135480385,0.564704215946907,0.5326088258264888,0.48716468147830233,0.5333119105004965,0.5137169534846733,0.47755282129398247,0.5431507536084814,0.6334604135480385,0.564704215946907,0.5326088258264888,0.48716468147830233,0.47527017041155345,0.4102422646661327,0.4663933001296342,0.47465432946165315,0.6696948812600242,0.5658699564134709,0.44725453845410257,0.5111331094929642,0.47527017041155345,0.4102422646661327,0.4663933001296342,0.47465432946165315,0.6696948812600242,0.5658699564134709,0.44725453845410257,0.5111331094929642,0.47527017041155345,0.4102422646661327,0.4663933001296342,0.47465432946165315,0.6696948812600242,0.5658699564134709,0.44725453845410257,0.5111331094929642,0.4533011219508419,0.43888039429720643,0.5156600914135505,0.4430208331171916,0.974520438831786,0.7049494510934764,0.7098848368839182,0.5048449867488464,0.47253734715385487,0.5044630271043943,0.5420234398946356,0.48300752208170744,0.650645055343829,0.6504655905311668,0.6999389486801952,0.631272844157657,0.47253734715385487,0.5044630271043943,0.5420234398946356,0.48300752208170744,0.650645055343829,0.6504655905311668,0.6999389486801952,0.631272844157657
1.0007552870282044,1.0515540179224774,1.0613910373361068,1.043279966012194,1.2679715054911507,1.2343248796606774,1.2791143515658814,1.3335674096836294,1.0007552870282044,1.0515540179224774,1.0613910373361068,1.043279966012194,1.2679715054911507,1.2343248796606774,1.2791143515658814,1.3335674096836294,1.0007552870282044,1.0515540179224774,1.0613910373361068,1.043279966012194,1.2679715054911507,1.2343248796606774,1.2791143515658814,1.3335674096836294,1.16950753828999,1.1949428456317472,1.2640806348805593,1.2799046562121217,1.2711811429046416,1.2352167376748855,1.3159402733949335,1.4413374760401716,1.16950753828999,1.1949428456317472,1.2640806348805593,1.2799046562121217,1.2711811429046416,1.2352167376748855,1.3159402733949335,1.4413374760401716,1.16950753828999,1.1949428456317472,1.2640806348805593,1.2799046562121217,1.2711811429046416,1.2352167376748855,1.3159402733949335,1.4413374760401716,1.1502610236872,1.4844569185852612,1.4627618903260244,1.5773091354521311,1.4294593209526645,1.6128676412486995,1.3148332646098446,1.5452089114708278,1.1598223342849054,1.382270256961945,1.352773265733619,1.409268786105361,1.7540553915822206,1.4404665383528321,1.4868890550631377,1.2080854977388693,1.1598223342849054,1.382270256961945,1.352773265733619,1.409268786105361,1.7540553915822206,1.4404665383528321,1.4868890550631377,1.2080854977388693
0.46203970009431494,0.48648646463332357,0.4753143572512554,0.4857891751272042,0.5346472482260962,0.498772749074002,0.47836451558525855,0.5205956530195743,0.46203970009431494,0.48648646463332357,0.4753143572512554,0.4857891751272042,0.5346472482260962,0.498772749074002,0.47836451558525855,0.5205956530195743,0.46203970009431494,0.48648646463332357,0.4753143572512554,0.4857891751272042,0.5346472482260962,0.498772749074002,0.47836451558525855,0.5205956530195743,0.5032701948200454,0.42271789259953507,0.44358094128881115,0.4670464289581727,0.4321668186301672,0.5810075315335227,0.4458945763217743,0.40257813249252117,0.5032701948200454,0.42271789259953507,0.44358094128881115,0.4670464289581727,0.4321668186301672,0.5810075315335227,0.4458945763217743,0.40257813249252117,0.5032701948200454,0.42271789259953507,0.44358094128881115,0.4670464289581727,0.4321668186301672,0.5810075315335227,0.4458945763217743,0.40257813249252117,0.43307823976970095,0.44956000073316005,0.3857668710260788,0.39350396524447484,0.490775995292657,0.3698964023299223,0.3812206204311419,0.49759516805676346,0.45711806685883566,0.47804311454202697,0.35422099375365607,0.4286895039275439,0.5424668043588229,0.3592246734347156,0.36605853473576644,0.44728616415322936,0.45711806685883566,0.47804311454202697,0.35422099375365607,0.4286895039275439,0.5424668043588229,0.3592246734347156,0.36605853473576644,0.44728616415322936
0.9929936746079048,0.9789944973465532,1.0114035735992797,1.0163526717533808,0.902042203232628,0.8767416805856036,0.9794830977564226,0.8687968606133907,0.9929936746079048,0.9789944973465532,1.0114035735992797,1.0163526717533808,0.902042203232628,0.8767416805856036,0.9794830977564226,0.8687968606133907,0.9929936746079048,0.9789944973465532,1.0114035735992797,1.0163526717533808,0.902042203232628,0.8767416805856036,0.9794830977564226,0.8687968606133907,0.9218622804992936,0.8293333893300447,0.8508101760794043,0.8231064388844693,0.8689057836187871,0.7798978618472906,0.8516057927883157,0.813813517831777,0.9218622804992936,0.8293333893300447,0.8508101760794043,0.8231064388844693,0.8689057836187871,0.7798978618472906,0.8516057927883157,0.813813517831777,0.9218622804992936,0.8293333893300447,0.8508101760794043,0.8231064388844693,0.8689057836187871,0.7798978618472906,0.8516057927883157,0.813813517831777,0.8818499466780867,0.8445922492636427,0.7936417262452906,0.8532016870139957,0.9546212908311745,0.8396399102304759,0.869449270770445,0.9125095582771285,0.9260608192439009,0.8022099999380792,0.74037827200855,0.8658830519960189,0.8981932021010922,0.8621797693754376,0.9464042194245791,0.9146233385117216,0.9260608192439009,0.8022099999380792,0.74037827200855,0.8658830519960189,0.8981932021010922,0.8621797693754376,0.9464042194245791,0.9146233385117216
0.49188596433306264,0.38676085723981884,0.3987579678349706,0.412163601936264,0.3624679143632858,0.5180272792940998,0.41541270802641733,0.3820880734180206,0.49188596433306264,0.38676085723981884,0.3987579678349706,0.412163601936264,0.3624679143632858,0.5180272792940998,0.41541270802641733,0.3820880734180206,0.49188596433306264,0.38676085723981884,0.3987579678349706,0.412163601936264,0.3624679143632858,0.5180272792940998,0.41541270802641733,0.3820880734180206,0.24147716375491485,0.3061928594465123,0.38959138017874545,0.2893204781425477,0.36086197064649866,0.23009095317768308,0.23082054110386002,0.2892137164888057,0.24147716375491485,0.3061928594465123,0.38959138017874545,0.2893204781425477,0.36086197064649866,0.23009095317768308,0.23082054110386002,0.2892137164888057,0.24147716375491485,0.3061928594465123,0.38959138017874545,0.2893204781425477,0.36086197064649866,0.23009095317768308,0.23082054110386002,0.2892137164888057,0.2803995152949852,0.2718840654024826,0.2750330417540093,0.22589622596959882,0.19486188618281894,0.2131772408526107,0.23581848579614048,0.17612689695843256,0.22583083877681984,0.2594911525699059,0.24362140584705677,0.21925303715818023,0.23820046024374045,0.19667305806205343,0.3225307189461753,0.1927117938576929,0.22583083877681984,0.2594911525699059,0.24362140584705677,0.21925303715818023,0.23820046024374045,0.19667305806205343,0.3225307189461753,0.1927117938576929
0.5196360389361475,0.44197252955148864,0.4201142174672302,0.4435129992685324,0.525378381704253,0.46163117869015224,0.5084148472077678,0.4873907794791486,0.5196360389361475,0.44197252955148864,0.4201142174672302,0.4435129992685324,0.525378381704253,0.46163117869015224,0.5084148472077678,0.4873907794791486,0.5196360389361475,0.44197252955148864,0.4201142174672302,0.4435129992685324,0.525378381704253,0.46163117869015224,0.5084148472077678,0.4873907794791486,0.6547632624427615,0.6319986449175801,0.6031794276173256,0.5042760138424381,0.5719793994831271,0.5143176723106172,0.540288913608442,0.5630878465718802,0.6547632624427615,0.6319986449175801,0.6031794276173256,0.5042760138424381,0.5719793994831271,0.5143176723106172,0.540288913608442,0.5630878465718802,0.6547632624427615,0.6319986449175801,0.6031794276173256,0.5042760138424381,0.5719793994831271,0.5143176723106172,0.540288913608442,0.5630878465718802,0.5579156290169498,0.5192139094343232,0.5841208840609234,0.47948376532052395,0.4364797564869078,0.3142731606535106,0.35359835585897337,0.5655326265655122,0.5694674304990996,0.5163294755414395,0.5110799817470214,0.4605002633759894,0.3623155026840273,0.4264026651240004,0.5214193337781162,0.6946762181400904,0.5694674304990996,0.5163294755414395,0.5110799817470214,0.4605002633759894,0.3623155026840273,0.4264026651240004,0.5214193337781162,0.6946762181400904
0.6411012774036543,0.6414852233839171,0.6600445519610664,0.6296045034404346,0.6085548695669368,0.6994829125680817,0.5888713084157927,0.7135958608944065,0.6411012774036543,0.6414852233839171,0.6600445519610664,0.6296045034404346,0.6085548695669368,0.6994829125680817,0.5888713084157927,0.7135958608944065,0.6411012774036543,0.6414852233839171,0.6600445519610664,0.6296045034404346,0.6085548695669368,0.6994829125680817,0.5888713084157927,0.7135958608944065,0.6700243997129178,0.5922971549208141,0.6397234904219405,0.6385860599063771,0.5979652038991757,0.6467268510720942,0.6752009941587407,0.6015305021435123,0.6700243997129178,0.5922971549208141,0.6397234904219405,0.6385860599063771,0.5979652038991757,0.6467268510720942,0.6752009941587407,0.6015305021435123,0.6700243997129178,0.5922971549208141,0.6397234904219405,0.6385860599063771,0.5979652038991757,0.6467268510720942,0.6752009941587407,0.6015305021435123,0.5908241509296984,0.6889001156951354,0.62073257379692,0.6781156969825684,0.6589469360823041,0.648453473396054,0.64634268475968,0.7331310710764339,0.5967641433317579,0.6927175089017484,0.6004269999468337,0.6557745604603196,0.6575011582522429,0.674369346785546,0.6881624000206495,0.7276083473842071,0.5967641433317579,0.6927175089017484,0.6004269999468337,0.6557745604603196,0.6575011582522429,0.674369346785546,0.6881624000206495,0.7276083473842071
1.2260051495468576,1.19391664342711,1.3415650144450764,1.2227082969762222,1.2840362627087987,1.3767257940970896,1.340686294675293,1.2085831438605195,1.2260051495468576,1.19391664342711,1.3415650144450764,1.2227082969762222,1.2840362627087987,1.3767257940970896,1.340686294675293,1.2085831438605195,1.2260051495468576,1.19391664342711,1.3415650144450764,1.2227082969762222,1.2840362627087987,1.3767257940970896,1.340686294675293,1.2085831438605195,0.9301915019660885,1.267771204307792,1.142218989009096,1.1466952964044377,1.1128087332834518,1.2414331515204435,1.1547642048689313,1.0382125529312274,0.9301915019660885,1.267771204307792,1.142218989009096,1.1466952964044377,1.1128087332834518,1.2414331515204435,1.1547642048689313,1.0382125529312274,0.9301915019660885,1.267771204307792,1.142218989009096,1.1466952964044377,1.1128087332834518,1.2414331515204435,1.1547642048689313,1.0382125529312274,1.2306789459978404,1.4974126849175116,1.319698067284821,1.1748968786069085,1.175436379092141,1.323613447505166,1.073582553863585,1.937936800521032,1.1149254218088052,1.5253393922992429,1.2189586418451916,1.279276591468158,1.1622253115008536,1.576284667773909,1.0219074431653439,1.0479781164418638,1.1149254218088052,1.5253393922992429,1.2189586418451916,1.279276591468158,1.1622253115008536,1.576284667773909,1.0219074431653439,1.0479781164418638
2.36602237672111,2.433871943764816,2.24077906431041,2.670055093947026,2.0409312151438286,2.022618087355226,2.1099401258088903,2.3268244279088024,2.36602237672111,2.433871943764816,2.24077906431041,2.670055093947026,2.0409312151438286,2.022618087355226,2.1099401258088903,2.3268244279088024,2.36602237672111,2.433871943764816,2.24077906431041,2.670055093947026,2.0409312151438286,2.022618087355226,2.1099401258088903,2.3268244279088024,2.2714204374978086,2.211038390396742,2.260107838293843,2.3800528286668756,1.817817261429489,2.0440835763687275,1.9128836671550395,1.9967060625754982,2.2714204374978086,2.211038390396742,2.260107838293843,2.3800528286668756,1.817817261429489,2.0440835763687275,1.9128836671550395,1.9967060625754982,2.2714204374978086,2.211038390396742,2.260107838293843,2.3800528286668756,1.817817261429489,2.0440835763687275,1.9128836671550395,1.9967060625754982,1.7960097855222021,2.026934653172907,1.739312561470745,1.960906056937588,2.036410869102741,1.812374208525678,1.6938763739180245,2.3796426110143263,1.7212076029848233,2.1735802050977124,1.766598052420814,1.9435375922550722,1.9450553713168688,1.3747998603309122,1.870938379926733,2.025516343049749,1.7212076029848233,2.1735802050977124,1.766598052420814,1.9435375922550722,1.9450553713168688,1.3747998603309122,1.870938379926733,2.025516343049749
1.375779591936486,1.342035467262836,1.3059100095079974,1.2724905037493597,1.2065062272172185,1.1139986052976905,0.7612049149220211,1.0105275098418087,1.375779591936486,1.342035467262836,1.3059100095079974,1.2724905037493597,1.2065062272172185,1.1139986052976905,0.7612049149220211,1.0105275098418087,1.375779591936486,1.342035467262836,1.3059100095079974,1.2724905037493597,1.2065062272172185,1.1139986052976905,0.7612049149220211,1.0105275098418087,1.0859210179159868,1.0737243944000086,0.791962083963478,0.964621239174661,0.7296174838019452,0.8881846655228618,0.7127860127443949,0.6164256235593254,1.0859210179159868,1.0737243944000086,0.791962083963478,0.964621239174661,0.7296174838019452,0.8881846655228618,0.7127860127443949,0.6164256235593254,1.0859210179159868,1.0737243944000086,0.791962083963478,0.964621239174661,0.7296174838019452,0.8881846655228618,0.7127860127443949,0.6164256235593254,0.6548105409317704,0.6705086590278209,0.6917013998279569,0.7005745373315484,0.4164908562009705,0.6653701742985432,0.5575091470677059,0.7609629398776045,0.7727299002965489,0.8544086164677008,0.614708401613284,0.6733194435832283,0.4596178420086542,0.7710149826321553,0.41691612685876545,0.4778169257276293,0.7727299002965489,0.8544086164677008,0.614708401613284,0.6733194435832283,0.4596178420086542,0.7710149826321553,0.41691612685876545,0.4778169257276293
3.871433885895761,3.639774549828713,3.5723985890057954,3.871028348991877,3.6752973852094826,3.4698042163648375,3.772276211830179,3.5893975482594103,3.871433885895761,3.639774549828713,3.5723985890057954,3.871028348991877,3.6752973852094826,3.4698042163648375,3.772276211830179,3.5893975482594103,3.871433885895761,3.639774549828713,3.5723985890057954,3.871028348991877,3.6752973852094826,3.4698042163648375,3.772276211830179,3.5893975482594103,3.701900287125729,3.7540987788718874,3.830054952504659,3.6879998669851575,3.97091081352409,3.556581239150514,3.913678143905036,4.161525695543014,3.701900287125729,3.7540987788718874,3.830054952504659,3.6879998669851575,3.97091081352409,3.556581239150514,3.913678143905036,4.161525695543014,3.701900287125729,3.7540987788718874,3.830054952504659,3.6879998669851575,3.97091081352409,3.556581239150514,3.913678143905036,4.161525695543014,3.9873695110136027,3.85540842099068,3.7723332644526373,3.827103081676327,4.358322966605602,3.8964724750190336,3.3876520485091355,3.6476746149145853,3.8853950758747144,3.9573697841203725,3.980761173679442,3.911355321244676,4.044615042307074,4.836879490787055,3.710702332366136,3.9149999806670572,3.8853950758747144,3.9573697841203725,3.980761173679442,3.911355321244676,4.044615042307074,4.836879490787055,3.710702332366136,3.9149999806670572
1.3561011483191296,1.4346568105239597,1.2839045275934355,1.3082018073898425,1.505758121860199,1.324840312278478,1.5907963389404989,1.3816765768459256,1.3561011483191296,1.4346568105239597,1.2839045275934355,1.3082018073898425,1.505758121860199,1.324840312278478,1.5907963389404989,1.3816765768459256,1.3561011483191296,1.4346568105239597,1.2839045275934355,1.3082018073898425,1.505758121860199,1.324840312278478,1.5907963389404989,1.3816765768459256,1.4523861978092527,1.3868476689497113,1.2482541231648114,1.4550199829299042,1.3128833970412257,1.6220723811163815,1.5472578375873545,1.57391226229113,1.4523861978092527,1.3868476689497113,1.2482541231648114,1.4550199829299042,1.3128833970412257,1.6220723811163815,1.5472578375873545,1.57391226229113,1.4523861978092527,1.3868476689497113,1.2482541231648114,1.4550199829299042,1.3128833970412257,1.6220723811163815,1.5472578375873545,1.57391226229113,1.3037994898849796,1.5131962798435823,1.3779429125341782,1.3031347181913575,1.3311873288618057,1.439919763508302,1.2563905879469672,1.3850724407127895,1.3227650934725632,1.4657724473829412,1.3434101375260188,1.3461186012455184,1.1796686571306245,1.6449901592933152,1.284716154483297,1.3620485366933344,1.3227650934725632,1.4657724473829412,1.3434101375260188,1.3461186012455184,1.1796686571306245,1.6449901592933152,1.284716154483297,1.3620485366933344
1.1015688189917374,1.0169083925869855,1.0969571911814278,0.9575288733103378,1.3520364083212555,1.1811464748051987,1.3208661107090067,1.4596360614530477,1.1015688189917374,1.0169083925869855,1.0969571911814278,0.9575288733103378,1.3520364083212555,1.1811464748051987,1.3208661107090067,1.4596360614530477,1.1015688189917374,1.0169083925869855,1.0969571911814278,0.9575288733103378,1.3520364083212555,1.1811464748051987,1.3208661107090067,1.4596360614530477,1.4169271598251238,1.6150876393949272,1.3637962651729487,1.1200794766422066,1.0560526062421427,1.609011019087107,1.1282841899454485,2.2869707858570933,1.4169271598251238,1.6150876393949272,1.3637962651729487,1.1200794766422066,1.0560526062421427,1.609011019087107,1.1282841899454485,2.2869707858570933,1.4169271598251238,1.6150876393949272,1.3637962651729487,1.1200794766422066,1.0560526062421427,1.609011019087107,1.1282841899454485,2.2869707858570933,1.818965962023708,1.4077100752603862,1.7267800046657649,1.5410619007252566,1.2981450720047878,1.3031000674502213,2.0455608816998945,1.310418740307426,1.8595822831415476,1.4137316215604128,1.673302686334623,1.4712853518503723,2.016365290344351,1.538479931231574,1.8731473141952109,1.5238326321831805,1.8595822831415476,1.4137316215604128,1.673302686334623,1.4712853518503723,2.016365290344351,1.538479931231574,1.8731473141952109,1.5238326321831805
2.373929503952403,1.8757113026161805,2.481362276463143,2.331026130603282,2.3889157589945325,3.013100691149267,2.2998684560633738,2.838066693507659,2.373929503952403,1.8757113026161805,2.481362276463143,2.331026130603282,2.3889157589945325,3.013100691149267,2.2998684560633738,2.838066693507659,2.373929503952403,1.8757113026161805,2.481362276463143,2.331026130603282,2.3889157589945325,3.013100691149267,2.2998684560633738,2.838066693507659,2.9226760252445882,3.082943538181881,2.0737954870922204,2.990379288441022,3.8296276460315353,2.8158408548689953,3.503765898358182,3.244722724976403,2.9226760252445882,3.082943538181881,2.0737954870922204,2.990379288441022,3.8296276460315353,2.8158408548689953,3.503765898358182,3.244722724976403,2.9226760252445882,3.082943538181881,2.0737954870922204,2.990379288441022,3.8296276460315353,2.8158408548689953,3.503765898358182,3.244722724976403,2.2958968031001796,2.704998013025618,2.4595837229811366,3.0126398621517825,1.7549269692141594,2.5042191095280915,2.669511354694285,3.3269230811440194,2.502721902090033,2.7891576234281943,2.2419973209251545,3.0513146044362074,2.138555737215716,3.3484228853297964,2.8746693724954024,3.156920621261576,2.502721902090033,2.7891576234281943,2.2419973209251545,3.0513146044362074,2.138555737215716,3.3484228853297964,2.8746693724954024,3.156920621261576
2.5227787138348132,2.517787065098192,2.8408964367731344,2.8564600951685146,2.118476619986512,1.9189701739695966,3.079302621137436,2.175239546432052,2.5227787138348132,2.517787065098192,2.8408964367731344,2.8564600951685146,2.118476619986512,1.9189701739695966,3.079302621137436,2.175239546432052,2.5227787138348132,2.517787065098192,2.8408964367731344,2.8564600951685146,2.118476619986512,1.9189701739695966,3.079302621137436,2.175239546432052,2.3379858009197227,2.792996501806415,2.9589039857820705,2.300268334386543,2.7536258969513954,2.1536922866549615,2.768595637711384,2.8471340347449514,2.3379858009197227,2.792996501806415,2.9589039857820705,2.300268334386543,2.7536258969513954,2.1536922866549615,2.768595637711384,2.8471340347449514,2.3379858009197227,2.792996501806415,2.9589039857820705,2.300268334386543,2.7536258969513954,2.1536922866549615,2.768595637711384,2.8471340347449514,2.8860463317819987,2.845220392489836,2.5244556480211107,2.02529537779674,2.3861335585941057,3.2915585558078844,1.3560000373873706,2.1452619771891945,2.510595986380892,2.5633641816352517,2.4776169200373577,1.8779708872676681,2.0180335170042456,1.2367075597585218,2.424922895644515,2.772592850513182,2.510595986380892,2.5633641816352517,2.4776169200373577,1.8779708872676681,2.0180335170042456,1.2367075597585218,2.424922895644515,2.772592850513182
1.7881626190666315,2.0042810913989,1.6470661744612132,1.7146649193392085,2.5804229951672,2.261926626967825,2.168745663812091,2.5554951866774105,1.7881626190666315,2.0042810913989,1.6470661744612132,1.7146649193392085,2.5804229951672,2.261926626967825,2.168745663812091,2.5554951866774105,1.7881626190666315,2.0042810913989,1.6470661744612132,1.7146649193392085,2.5804229951672,2.261926626967825,2.168745663812091,2.5554951866774105,1.8917634772662983,1.8491002684657276,1.9598647130802034,2.3699424779834604,2.1054778137379397,1.946659260123355,1.766448374245922,2.0732199921084553,1.8917634772662983,1.8491002684657276,1.9598647130802034,2.3699424779834604,2.1054778137379397,1.946659260123355,1.766448374245922,2.0732199921084553,1.8917634772662983,1.8491002684657276,1.9598647130802034,2.3699424779834604,2.1054778137379397,1.946659260123355,1.766448374245922,2.0732199921084553,1.892601679919659,1.5626783105031672,2.023374487359301,1.6696428935825816,1.2751663113285527,2.65130728653585,1.7680222771139662,2.555673175217587,1.7988843433366002,1.6379204597688506,2.1347045282218975,1.7772094557346287,2.8714426173060805,2.1741142437014003,2.49827989405936,2.5228305649797633,1.7988843433366002,1.6379204597688506,2.1347045282218975,1.7772094557346287,2.8714426173060805,2.1741142437014003,2.49827989405936,2.5228305649797633
5.758835475765019,5.917660175829536,6.372184392071958,6.013099527721983,7.6997076134644225,7.134558407481495,7.181457868127555,7.008981052190495,5.758835475765019,5.917660175829536,6.372184392071958,6.013099527721983,7.6997076134644225,7.134558407481495,7.181457868127555,7.008981052190495,5.758835475765019,5.917660175829536,6.372184392071958,6.013099527721983,7.6997076134644225,7.134558407481495,7.181457868127555,7.008981052190495,5.451533258309767,6.157692086423584,6.2298029025735095,6.079296937545039,7.042791077226321,6.843449129662866,7.8773541961186195,6.493419730566577,5.451533258309767,6.157692086423584,6.2298029025735095,6.079296937545039,7.042791077226321,6.843449129662866,7.8773541961186195,6.493419730566577,5.451533258309767,6.157692086423584,6.2298029025735095,6.079296937545039,7.042791077226321,6.843449129662866,7.8773541961186195,6.493419730566577,5.066571473051749,6.675079272422902,4.854750502818033,5.778663302568471,4.707167853342961,5.677525254000627,7.164350518943615,5.8394172665651745,5.548166505440147,5.882019674764553,5.459717438355628,5.773987254052883,6.303274873277672,7.38959158193488,6.218494235114424,6.184715202737963,5.548166505440147,5.882019674764553,5.459717438355628,5.773987254052883,6.303274873277672,7.38959158193488,6.218494235114424,6.184715202737963
0.49683907856146936,0.47606478688750214,0.44773378248768597,0.49036612651030814,0.49738583925488183,0.5096655009558263,0.5820824489797235,0.5722955787403071,0.49683907856146936,0.47606478688750214,0.44773378248768597,0.49036612651030814,0.49738583925488183,0.5096655009558263,0.5820824489797235,0.5722955787403071,0.49683907856146936,0.47606478688750214,0.44773378248768597,0.49036612651030814,0.49738583925488183,0.5096655009558263,0.5820824489797235,0.5722955787403071,0.42932000246073726,0.3960741480004501,0.34165780359753745,0.5336931886252659,0.12636475971628283,0.2732352260351134,0.4519572935972973,0.2185503462803854,0.42932000246073726,0.3960741480004501,0.34165780359753745,0.5336931886252659,0.12636475971628283,0.2732352260351134,0.4519572935972973,0.2185503462803854,0.42932000246073726,0.3960741480004501,0.34165780359753745,0.5336931886252659,0.12636475971628283,0.2732352260351134,0.4519572935972973,0.2185503462803854,0.3646793444975676,0.25367463963079495,0.1700082581479909,0.2512887257556801,0.27702333110200683,0.26631565249612127,0.19222771779738576,0.37037388780273517,0.3568126807885084,0.2026150719000991,0.23085183451551664,0.18685478689871504,0.18689882294192853,0.11016524470339382,0.25627114547019986,0.2948005815389661,0.3568126807885084,0.2026150719000991,0.23085183451551664,0.18685478689871504,0.18689882294192853,0.11016524470339382,0.25627114547019986,0.2948005815389661
2.8020754584693446,2.7705676142302287,2.5359678419856064,2.612673447000011,2.8697997872645717,2.801397042469426,3.064999574878385,2.8084706655618925,2.8020754584693446,2.7705676142302287,2.5359678419856064,2.612673447000011,2.8697997872645717,2.801397042469426,3.064999574878385,2.8084706655618925,2.8020754584693446,2.7705676142302287,2.5359678419856064,2.612673447000011,2.8697997872645717,2.801397042469426,3.064999574878385,2.8084706655618925,3.0059314788867297,2.7045699226747257,3.1797923547501834,3.0672746096948895,3.482166324586389,3.1993606173408002,2.84807980467028,3.1090262303283045,3.0059314788867297,2.7045699226747257,3.1797923547501834,3.0672746096948895,3.482166324586389,3.1993606173408002,2.84807980467028,3.1090262303283045,3.0059314788867297,2.7045699226747257,3.1797923547501834,3.0672746096948895,3.482166324586389,3.1993606173408002,2.84807980467028,3.1090262303283045,2.895903888453131,3.0782756287095245,2.7653601748567214,3.110872727340736,2.8917627556495225,3.4140330383170334,3.1508534824790404,3.3856728300774317,3.007509752590769,3.007841295809903,2.972226047651423,2.9595515121595266,3.010847037074863,3.1267493661509627,3.1862274865721156,3.6301801082124334,3.007509752590769,3.007841295809903,2.972226047651423,2.9595515121595266,3.010847037074863,3.1267493661509627,3.1862274865721156,3.6301801082124334
0.544745658186434,0.5756946741966203,0.5942569765441841,0.617649179491305,0.546744891188293,0.5887602296332023,0.5443727644497821,0.5323350324455445,0.544745658186434,0.5756946741966203,0.5942569765441841,0.617649179491305,0.546744891188293,0.5887602296332023,0.5443727644497821,0.5323350324455445,0.544745658186434,0.5756946741966203,0.5942569765441841,0.617649179491305,0.546744891188293,0.5887602296332023,0.5443727644497821,0.5323350324455445,0.5154053069165332,0.548008171806893,0.514705940423892,0.6004488011667092,0.5148369959742659,0.6723596366866498,0.5617257274142159,0.5437804791366238,0.5154053069165332,0.548008171806893,0.514705940423892,0.6004488011667092,0.5148369959742659,0.6723596366866498,0.5617257274142159,0.5437804791366238,0.5154053069165332,0.548008171806893,0.514705940423892,0.6004488011667092,0.5148369959742659,0.6723596366866498,0.5617257274142159,0.5437804791366238,0.43345536800917056,0.559101487224393,0.4393203179554605,0.5440330187174317,0.558845925097886,0.7342520069701173,0.6307069884642438,0.5929645018228911,0.4868866242788742,0.5316837031193178,0.4482308367166097,0.5339644833701823,0.5912014571337976,0.7317890438842609,0.5658614199708845,0.48591841710340655,0.4868866242788742,0.5316837031193178,0.4482308367166097,0.5339644833701823,0.5912014571337976,0.7317890438842609,0.5658614199708845,0.48591841710340655
1.1162781794531698,1.188752450211416,1.1980495381184482,1.1394757572488394,1.2447175806485193,1.4234685007273407,1.3381693842772902,1.3522195094628022,1.1162781794531698,1.188752450211416,1.1980495381184482,1.1394757572488394,1.2447175806485193,1.4234685007273407,1.3381693842772902,1.3522195094628022,1.1162781794531698,1.188752450211416,1.1980495381184482,1.1394757572488394,1.2447175806485193,1.4234685007273407,1.3381693842772902,1.3522195094628022,1.1738412713490312,1.5161533722376699,1.1753404871564481,1.5520828073527944,1.4802884431473549,1.695577308821576,1.607534848262915,1.6332753371856545,1.1738412713490312,1.5161533722376699,1.1753404871564481,1.5520828073527944,1.4802884431473549,1.695577308821576,1.607534848262915,1.6332753371856545,1.1738412713490312,1.5161533722376699,1.1753404871564481,1.5520828073527944,1.4802884431473549,1.695577308821576,1.607534848262915,1.6332753371856545,1.3406314749099795,1.7169441775024368,1.5650566272377622,1.5833043485455458,1.9533705322852077,2.129387604739596,1.5992163522548049,1.5080567977913908,1.540845396918159,1.576916828784105,1.5561598356644468,1.5417160314317566,2.1208983584241037,1.62500417791658,1.4132678520017874,1.6253362171942654,1.540845396918159,1.576916828784105,1.5561598356644468,1.5417160314317566,2.1208983584241037,1.62500417791658,1.4132678520017874,1.6253362171942654
1.0236488461199538,0.921187851321372,1.0052381873478764,0.9173763298884107,1.0647858937458357,0.930891349780828,0.9059889235187141,0.8813543392190508,1.0236488461199538,0.921187851321372,1.0052381873478764,0.9173763298884107,1.0647858937458357,0.930891349780828,0.9059889235187141,0.8813543392190508,1.0236488461199538,0.921187851321372,1.0052381873478764,0.9173763298884107,1.0647858937458357,0.930891349780828,0.9059889235187141,0.8813543392190508,0.9848010667188508,0.9136951511294702,0.8828140852481996,0.8351451012002177,0.9282870323759524,0.8753828398645733,1.0252430023441206,0.8540087669390588,0.9848010667188508,0.9136951511294702,0.8828140852481996,0.8351451012002177,0.9282870323759524,0.8753828398645733,1.0252430023441206,0.8540087669390588,0.9848010667188508,0.9136951511294702,0.8828140852481996,0.8351451012002177,0.9282870323759524,0.8753828398645733,1.0252430023441206,0.8540087669390588,1.0434596073525038,0.9813011374608962,0.9758708970753134,0.9603466255268608,0.8763233274013948,0.9380979887651363,0.9836418242712507,0.9117905789112212,1.067722823495984,1.000973151879718,0.9967807418749801,1.0065287054098453,1.0160284245562445,0.789193535896525,1.0640057089235306,0.9747262732747839,1.067722823495984,1.000973151879718,0.9967807418749801,1.0065287054098453,1.0160284245562445,0.789193535896525,1.0640057089235306,0.9747262732747839
3.0484997686712565,2.936413971395254,3.1511552073627023,3.045961955976367,3.5996507390891055,3.1517507193930534,2.9172638855966304,2.6623755732445282,3.0484997686712565,2.936413971395254,3.1511552073627023,3.045961955976367,3.5996507390891055,3.1517507193930534,2.9172638855966304,2.6623755732445282,3.0484997686712565,2.936413971395254,3.1511552073627023,3.045961955976367,3.5996507390891055,3.1517507193930534,2.9172638855966304,2.6623755732445282,3.3217207674263385,3.039535331496833,3.075924814846413,3.331435621541605,2.5397283713670964,2.895388402121441,2.8094749258618243,2.3986405060962688,3.3217207674263385,3.039535331496833,3.075924814846413,3.331435621541605,2.5397283713670964,2.895388402121441,2.8094749258618243,2.3986405060962688,3.3217207674263385,3.039535331496833,3.075924814846413,3.331435621541605,2.5397283713670964,2.895388402121441,2.8094749258618243,2.3986405060962688,3.061305510584377,2.9323756109579833,2.491185946967786,2.6748127928712635,2.9729558170480277,2.1266456944300685,2.6475700368540336,2.7971142781649445,3.041060303256952,3.005147560660389,2.416959601905465,2.691349753050392,2.968063123067232,2.7568933602585646,2.3774930621148957,2.8300437617380285,3.041060303256952,3.005147560660389,2.416959601905465,2.691349753050392,2.968063123067232,2.7568933602585646,2.3774930621148957,2.8300437617380285
1.0401762698605004,1.0292504322764864,1.058823401314501,1.112338484116801,1.209374917201225,1.1313249636930278,1.086441297481403,1.0619770619953017,1.0401762698605004,1.0292504322764864,1.058823401314501,1.112338484116801,1.209374917201225,1.1313249636930278,1.086441297481403,1.0619770619953017,1.0401762698605004,1.0292504322764864,1.058823401314501,1.112338484116801,1.209374917201225,1.1313249636930278,1.086441297481403,1.0619770619953017,1.1071739723463694,1.1255551804696589,1.0040283483805044,1.118173848900507,1.1484744106884819,1.0451078549885284,1.178368620824546,1.197999783383266,1.1071739723463694,1.1255551804696589,1.0040283483805044,1.118173848900507,1.1484744106884819,1.0451078549885284,1.178368620824546,1.197999783383266,1.1071739723463694,1.1255551804696589,1.0040283483805044,1.118173848900507,1.1484744106884819,1.0451078549885284,1.178368620824546,1.197999783383266,1.1104986104270642,1.1074235289061751,1.150811141946863,1.2254116370029167,0.9957589839798014,1.4241446889470992,1.3921684792712827,1.0425272963680456,1.0324037004344506,1.2106826902248495,1.1386127996082982,1.1095627510103785,0.9774967992709275,1.3108104648140153,1.5545448085124456,1.1860089940140095,1.0324037004344506,1.2106826902248495,1.1386127996082982,1.1095627510103785,0.9774967992709275,1.3108104648140153,1.5545448085124456,1.1860089940140095
0.651409662125891,0.6812519419476475,0.6362508883525805,0.6490256609120422,0.6432692394657104,0.483344471135048,0.6835742181353429,0.5972917041215142,0.651409662125891,0.6812519419476475,0.6362508883525805,0.6490256609120422,0.6432692394657104,0.483344471135048,0.6835742181353429,0.5972917041215142,0.651409662125891,0.6812519419476475,0.6362508883525805,0.6490256609120422,0.6432692394657104,0.483344471135048,0.6835742181353429,0.5972917041215142,0.6779492371728083,0.6499237845178386,0.6441522286525644,0.6171206136168699,0.5642104436929632,0.5591302875425372,0.6696373185279958,0.4717570721036859,0.6779492371728083,0.6499237845178386,0.6441522286525644,0.6171206136168699,0.5642104436929632,0.5591302875425372,0.6696373185279958,0.4717570721036859,0.6779492371728083,0.6499237845178386,0.6441522286525644,0.6171206136168699,0.5642104436929632,0.5591302875425372,0.6696373185279958,0.4717570721036859,0.7077098222679254,0.485076899068488,0.6551901812582533,0.5773675114174351,0.47764917213251235,0.591990253916849,0.5152138452779719,0.5056761344770023,0.6961284366111908,0.5580568422759805,0.6706989731034696,0.5132368048584353,0.5002451336434441,0.957509788726968,0.6145459199765737,0.43501000448744176,0.6961284366111908,0.5580568422759805,0.6706989731034696,0.5132368048584353,0.5002451336434441,0.957509788726968,0.6145459199765737,0.43501000448744176
0.8146929022651281,0.8145464760593721,0.7657946981192526,0.797283995052694,0.7673211412261361,0.7372948483581939,0.7198163074539946,0.7654508042558834,0.8146929022651281,0.8145464760593721,0.7657946981192526,0.797283995052694,0.7673211412261361,0.7372948483581939,0.7198163074539946,0.7654508042558834,0.8146929022651281,0.8145464760593721,0.7657946981192526,0.797283995052694,0.7673211412261361,0.7372948483581939,0.7198163074539946,0.7654508042558834,0.7051204853205246,0.7450396791635676,0.7644514380748083,0.7419357067569885,0.7306537710440235,0.7548479570096485,0.7727836053337143,0.8230374895215284,0.7051204853205246,0.7450396791635676,0.7644514380748083,0.7419357067569885,0.7306537710440235,0.7548479570096485,0.7727836053337143,0.8230374895215284,0.7051204853205246,0.7450396791635676,0.7644514380748083,0.7419357067569885,0.7306537710440235,0.7548479570096485,0.7727836053337143,0.8230374895215284,0.8379242197445531,0.7436367465789009,0.710764373196546,0.7188335301142138,0.9484375203096549,0.8003445706682094,1.0388494403451212,0.8196832722089629,0.7918869681964218,0.8478803919517719,0.7491807023322077,0.7663564593278414,0.7857763312238415,0.895110261471715,0.931855244462545,0.8445034307987741,0.7918869681964218,0.8478803919517719,0.7491807023322077,0.7663564593278414,0.7857763312238415,0.895110261471715,0.931855244462545,0.8445034307987741
0.2711942401933992,0.2486264168991021,0.235206599838001,0.2500296154973019,0.2710143144416884,0.28240591852745894,0.3209803282379746,0.25584568476260033,0.2711942401933992,0.2486264168991021,0.235206599838001,0.2500296154973019,0.2710143144416884,0.28240591852745894,0.3209803282379746,0.25584568476260033,0.2711942401933992,0.2486264168991021,0.235206599838001,0.2500296154973019,0.2710143144416884,0.28240591852745894,0.3209803282379746,0.25584568476260033,0.28332759538611546,0.3832778646147726,0.30623261287924775,0.34296813069602233,0.5256044029012924,0.5687644953291443,0.3744980256049515,0.37884471446527807,0.28332759538611546,0.3832778646147726,0.30623261287924775,0.34296813069602233,0.5256044029012924,0.5687644953291443,0.3744980256049515,0.37884471446527807,0.28332759538611546,0.3832778646147726,0.30623261287924775,0.34296813069602233,0.5256044029012924,0.5687644953291443,0.3744980256049515,0.37884471446527807,0.5631455722684219,0.5183061705351905,0.5213781664243939,0.4132307677141842,0.8315185019313613,0.6419820086181319,0.5528049478403154,0.4676381629544476,0.5727584995442736,0.46940088856145973,0.48970902487646845,0.4064650390354897,0.6397328321213921,0.6616832537080973,0.6715995353245983,0.4781388904048022,0.5727584995442736,0.46940088856145973,0.48970902487646845,0.4064650390354897,0.6397328321213921,0.6616832537080973,0.6715995353245983,0.4781388904048022
0.997784685527483,0.9496333261222788,0.9077873088417282,0.8915288605832351,1.0490665614676633,1.055868154256714,0.9274492104743222,1.0255835040260382,0.997784685527483,0.9496333261222788,0.9077873088417282,0.8915288605832351,1.0490665614676633,1.055868154256714,0.9274492104743222,1.0255835040260382,0.997784685527483,0.9496333261222788,0.9077873088417282,0.8915288605832351,1.0490665614676633,1.055868154256714,0.9274492104743222,1.0255835040260382,1.1079863002938457,1.0014142614680894,0.9502621847791375,0.9192641497138491,1.1477249951618056,0.9235971468057068,1.0322536228336654,0.9817046654297594,1.1079863002938457,1.0014142614680894,0.9502621847791375,0.9192641497138491,1.1477249951618056,0.9235971468057068,1.0322536228336654,0.9817046654297594,1.1079863002938457,1.0014142614680894,0.9502621847791375,0.9192641497138491,1.1477249951618056,0.9235971468057068,1.0322536228336654,0.9817046654297594,1.151318865670315,0.9301395910790047,0.9588958432093974,1.0118999322377749,0.9194522821661473,1.1204974425711887,0.9731584121337539,1.216823465193382,1.0393371969644742,0.935942743296003,0.9905012756281333,1.0153912395919222,0.8341376616259437,1.0981947165527892,1.2687587049865066,1.0467169662666955,1.0393371969644742,0.935942743296003,0.9905012756281333,1.0153912395919222,0.8341376616259437,1.0981947165527892,1.2687587049865066,1.0467169662666955
1.3373478039662134,1.4261582645843442,1.4497982215450944,1.409429732039006,0.5731079100561491,1.1619419283280639,0.7678523433277349,0.5860490389640873,1.3373478039662134,1.4261582645843442,1.4497982215450944,1.409429732039006,0.5731079100561491,1.1619419283280639,0.7678523433277349,0.5860490389640873,1.3373478039662134,1.4261582645843442,1.4497982215450944,1.409429732039006,0.5731079100561491,1.1619419283280639,0.7678523433277349,0.5860490389640873,1.0640715453880372,1.0841174854221571,0.5545076948755321,0.8852357204125452,1.7561658284695754,1.0121924579943213,0.5086707187423286,1.8072240682179959,1.0640715453880372,1.0841174854221571,0.5545076948755321,0.8852357204125452,1.7561658284695754,1.0121924579943213,0.5086707187423286,1.8072240682179959,1.0640715453880372,1.0841174854221571,0.5545076948755321,0.8852357204125452,1.7561658284695754,1.0121924579943213,0.5086707187423286,1.8072240682179959,1.0780883262482652,1.2584770004358112,0.6516007330083333,0.5638318391300324,1.5698604106725746,0.725356731641112,0.8542552584499143,0.7836704372996175,1.2809030164341133,1.443788154203729,0.6127345508947982,0.4657069477460475,1.1109127129380882,0.5434631388751072,0.984580386826708,0.6478097767735465,1.2809030164341133,1.443788154203729,0.6127345508947982,0.4657069477460475,1.1109127129380882,0.5434631388751072,0.984580386826708,0.6478097767735465
0.5534036295722007,0.5371918935110528,0.5130316638902105,0.534226381065218,0.8311925421046549,0.5472586714547926,0.5804993797192715,0.6050114453294275,0.5534036295722007,0.5371918935110528,0.5130316638902105,0.534226381065218,0.8311925421046549,0.5472586714547926,0.5804993797192715,0.6050114453294275,0.5534036295722007,0.5371918935110528,0.5130316638902105,0.534226381065218,0.8311925421046549,0.5472586714547926,0.5804993797192715,0.6050114453294275,0.604852369259956,0.6815323409650689,0.45025874565099605,0.5876952847901058,0.4259021985188859,0.48115201679283065,1.2177822884906337,0.4988555827753564,0.604852369259956,0.6815323409650689,0.45025874565099605,0.5876952847901058,0.4259021985188859,0.48115201679283065,1.2177822884906337,0.4988555827753564,0.604852369259956,0.6815323409650689,0.45025874565099605,0.5876952847901058,0.4259021985188859,0.48115201679283065,1.2177822884906337,0.4988555827753564,0.49101262016340624,0.45581464791839477,0.9619734360506123,0.6601049992101835,0.5437044425787045,0.7098058325828693,1.0730750329553134,0.549178077007864,0.5491596037860118,0.7920646960617954,0.7210283304477179,0.8328572103235341,0.7593662614938187,1.015674035839243,0.9145280267735355,1.0691185982409595,0.5491596037860118,0.7920646960617954,0.7210283304477179,0.8328572103235341,0.7593662614938187,1.015674035839243,0.9145280267735355,1.0691185982409595
1.7151032653796883,1.8301323750558958,1.7548133151340732,1.5173202535560906,1.2938214987119658,1.530953435954533,1.307088071863228,1.2232208836864567,1.7151032653796883,1.8301323750558958,1.7548133151340732,1.5173202535560906,1.2938214987119658,1.530953435954533,1.307088071863228,1.2232208836864567,1.7151032653796883,1.8301323750558958,1.7548133151340732,1.5173202535560906,1.2938214987119658,1.530953435954533,1.307088071863228,1.2232208836864567,1.3750216121103924,1.369896627493476,1.277248143027412,1.558281854456545,1.8156340043856072,0.8900489759837592,1.084438849153236,1.4330650434965733,1.3750216121103924,1.369896627493476,1.277248143027412,1.558281854456545,1.8156340043856072,0.8900489759837592,1.084438849153236,1.4330650434965733,1.3750216121103924,1.369896627493476,1.277248143027412,1.558281854456545,1.8156340043856072,0.8900489759837592,1.084438849153236,1.4330650434965733,1.3856388555163588,1.2835221757794826,1.737803098586479,1.3204825285171888,2.142554697610668,1.4497397719478915,1.2385424415796618,1.0528999911519208,1.7457589572863674,1.4793409847564012,1.4976614115823306,1.4619450610638771,1.2617259791267055,1.5037378173912477,1.3450754114245287,1.7350307611712623,1.7457589572863674,1.4793409847564012,1.4976614115823306,1.4619450610638771,1.2617259791267055,1.5037378173912477,1.3450754114245287,1.7350307611712623
0.5880669452265502,0.5770232129712789,0.5387597880678903,0.5348099216616924,0.3576659290353195,1.015005153269607,0.39644354792167463,0.384394036989118,0.5880669452265502,0.5770232129712789,0.5387597880678903,0.5348099216616924,0.3576659290353195,1.015005153269607,0.39644354792167463,0.384394036989118,0.5880669452265502,0.5770232129712789,0.5387597880678903,0.5348099216616924,0.3576659290353195,1.015005153269607,0.39644354792167463,0.384394036989118,0.5347343152184154,0.8132982133383851,0.2503139647715298,0.398480442013756,1.7044483677354527,0.642410780923421,0.3570063872911816,0.44876981458754467,0.5347343152184154,0.8132982133383851,0.2503139647715298,0.398480442013756,1.7044483677354527,0.642410780923421,0.3570063872911816,0.44876981458754467,0.5347343152184154,0.8132982133383851,0.2503139647715298,0.398480442013756,1.7044483677354527,0.642410780923421,0.3570063872911816,0.44876981458754467,0.9354118814115558,1.3400352689703017,0.6261146117693329,0.4596719040844074,4.471812731292435,1.4602053331528004,0.6545412696747028,2.010211605711267,0.8479823760707811,1.7442304451202322,0.3764093835583835,0.2691287644297905,1.3506224881810134,2.925350660079299,1.6267424500984053,1.7599251373694127,0.8479823760707811,1.7442304451202322,0.3764093835583835,0.2691287644297905,1.3506224881810134,2.925350660079299,1.6267424500984053,1.7599251373694127
1.0300463226998953,0.9390108690965853,0.9441439398415254,0.9988470821849486,1.065735246386822,0.9757780620642379,1.0499351719220313,1.0829324314662687,1.0300463226998953,0.9390108690965853,0.9441439398415254,0.9988470821849486,1.065735246386822,0.9757780620642379,1.0499351719220313,1.0829324314662687,1.0300463226998953,0.9390108690965853,0.9441439398415254,0.9988470821849486,1.065735246386822,0.9757780620642379,1.0499351719220313,1.0829324314662687,1.0300357042586346,0.8628725462048326,1.0137109182904747,1.0202240066520625,1.070050200939362,1.1033281814465434,0.8905364697096971,0.8133947568053553,1.0300357042586346,0.8628725462048326,1.0137109182904747,1.0202240066520625,1.070050200939362,1.1033281814465434,0.8905364697096971,0.8133947568053553,1.0300357042586346,0.8628725462048326,1.0137109182904747,1.0202240066520625,1.070050200939362,1.1033281814465434,0.8905364697096971,0.8133947568053553,1.0187219040030528,1.2832386198480963,1.09500893078419,0.9239863058064085,1.155622756920108,1.241911888482834,1.216063325003882,1.1018314768444368,0.7642869622579437,1.1433563168603598,1.030076319463599,0.9164630972845861,1.0044569339953258,1.4998306838107534,0.9652850264532193,1.255956299712526,0.7642869622579437,1.1433563168603598,1.030076319463599,0.9164630972845861,1.0044569339953258,1.4998306838107534,0.9652850264532193,1.255956299712526
1.7641105700356399,1.5366759596419375,1.7231720145523652,1.6088281650074574,1.700288271087782,1.2779908178947565,2.431790761453967,2.1124395782296044,1.7641105700356399,1.5366759596419375,1.7231720145523652,1.6088281650074574,1.700288271087782,1.2779908178947565,2.431790761453967,2.1124395782296044,1.7641105700356399,1.5366759596419375,1.7231720145523652,1.6088281650074574,1.700288271087782,1.2779908178947565,2.431790761453967,2.1124395782296044,1.7989391321343533,1.838280825798697,2.014804124353405,1.8432457839063776,1.9678864990383131,1.3133172503936403,1.8153201255233127,1.9716626444919305,1.7989391321343533,1.838280825798697,2.014804124353405,1.8432457839063776,1.9678864990383131,1.3133172503936403,1.8153201255233127,1.9716626444919305,1.7989391321343533,1.838280825798697,2.014804124353405,1.8432457839063776,1.9678864990383131,1.3133172503936403,1.8153201255233127,1.9716626444919305,1.7726369369838961,1.2553376615098204,1.9506420711458354,1.8227712225489288,1.6100472922759792,1.7847932423223813,1.1732284546416258,1.806536862091867,1.9788506187906878,1.5401261830276727,1.900757021372845,1.7732537410871545,1.3630091961263784,1.0914834918443421,2.0653218953676133,1.3003230233317156,1.9788506187906878,1.5401261830276727,1.900757021372845,1.7732537410871545,1.3630091961263784,1.0914834918443421,2.0653218953676133,1.3003230233317156
4.091381684818553,3.7317366996233163,3.561759552467514,3.754554137271871,4.226374008330069,3.1443881620002965,3.836101341172764,4.1516698520742406,4.091381684818553,3.7317366996233163,3.561759552467514,3.754554137271871,4.226374008330069,3.1443881620002965,3.836101341172764,4.1516698520742406,4.091381684818553,3.7317366996233163,3.561759552467514,3.754554137271871,4.226374008330069,3.1443881620002965,3.836101341172764,4.1516698520742406,2.8340767620076943,2.979300848953357,2.7485502266425472,3.0866473119312454,2.9716373868104236,2.381988606141027,2.4652562794899935,1.9356937417970486,2.8340767620076943,2.979300848953357,2.7485502266425472,3.0866473119312454,2.9716373868104236,2.381988606141027,2.4652562794899935,1.9356937417970486,2.8340767620076943,2.979300848953357,2.7485502266425472,3.0866473119312454,2.9716373868104236,2.381988606141027,2.4652562794899935,1.9356937417970486,2.095530613467205,2.464029576388646,1.456486525643337,1.4898285564603586,1.0995200160244214,1.2772680315313942,1.3978056077361871,1.8852646395167105,2.3154175602172558,1.9446707203812668,1.800539188411329,1.6932994207733558,1.5018333639269217,1.6549800991252532,1.282711773562752,1.9231363090331253,2.3154175602172558,1.9446707203812668,1.800539188411329,1.6932994207733558,1.5018333639269217,1.6549800991252532,1.282711773562752,1.9231363090331253
1.107663271061953,1.1473791006995036,1.1537401459881067,1.147549740849628,1.033764303815902,0.9997649795125213,1.0556154801948698,1.0298574951657373,1.107663271061953,1.1473791006995036,1.1537401459881067,1.147549740849628,1.033764303815902,0.9997649795125213,1.0556154801948698,1.0298574951657373,1.107663271061953,1.1473791006995036,1.1537401459881067,1.147549740849628,1.033764303815902,0.9997649795125213,1.0556154801948698,1.0298574951657373,1.0593357891131578,1.114182279302506,1.3442607002354194,1.175895604427181,0.9634632866361398,1.0341793932348506,1.224626874060298,1.0581338403934517,1.0593357891131578,1.114182279302506,1.3442607002354194,1.175895604427181,0.9634632866361398,1.0341793932348506,1.224626874060298,1.0581338403934517,1.0593357891131578,1.114182279302506,1.3442607002354194,1.175895604427181,0.9634632866361398,1.0341793932348506,1.224626874060298,1.0581338403934517,1.0662270658009938,1.1769772917685708,1.201968626900771,1.2384826410388838,1.1776357982583276,0.8843813461459779,1.3090558930470426,1.0731619391720868,1.1520908751302434,1.222770139678021,1.0907129813250391,1.26869231944385,1.103389630578832,0.8957543250564842,1.1992751597985678,1.2946295523864861,1.1520908751302434,1.222770139678021,1.0907129813250391,1.26869231944385,1.103389630578832,0.8957543250564842,1.1992751597985678,1.2946295523864861
0.16417777590646482,0.14426851818332423,0.14431847930675373,0.17241772853568862,0.12215240000288606,0.1398554206123556,0.09355476296472624,0.12522041709956389,0.16417777590646482,0.14426851818332423,0.14431847930675373,0.17241772853568862,0.12215240000288606,0.1398554206123556,0.09355476296472624,0.12522041709956389,0.16417777590646482,0.14426851818332423,0.14431847930675373,0.17241772853568862,0.12215240000288606,0.1398554206123556,0.09355476296472624,0.12522041709956389,0.03973396206991459,0.0649624094950091,0.03713565709134171,0.04949199454954196,0.16769207727368585,0.290619970891314,0.07589345509235738,0.09487776245794373,0.03973396206991459,0.0649624094950091,0.03713565709134171,0.04949199454954196,0.16769207727368585,0.290619970891314,0.07589345509235738,0.09487776245794373,0.03973396206991459,0.0649624094950091,0.03713565709134171,0.04949199454954196,0.16769207727368585,0.290619970891314,0.07589345509235738,0.09487776245794373,0.05930089688575816,0.1571603466277711,0.09824414382176212,0.22534831062943053,0.0698863298308431,0.19974867649285866,0.27338959087842857,0.4076482412070543,0.03131169608163028,0.11260978318538373,0.13423957177113144,0.1715539150088861,0.22675942424931306,0.08197239412288071,0.14375102817078658,0.4045957933093997,0.03131169608163028,0.11260978318538373,0.13423957177113144,0.1715539150088861,0.22675942424931306,0.08197239412288071,0.14375102817078658,0.4045957933093997
0.2666666052377521,0.2481915250517303,0.3795854293457133,0.293350235943953,0.3652477286804644,0.24244913995183226,0.35322114421075657,0.3193612711898514,0.2666666052377521,0.2481915250517303,0.3795854293457133,0.293350235943953,0.3652477286804644,0.24244913995183226,0.35322114421075657,0.3193612711898514,0.2666666052377521,0.2481915250517303,0.3795854293457133,0.293350235943953,0.3652477286804644,0.24244913995183226,0.35322114421075657,0.3193612711898514,0.26887775622422855,0.27476479343725235,0.3644800125071939,0.33924812860333026,0.4447066911446778,0.36066543856200123,0.7881068560792098,0.4316590683969386,0.26887775622422855,0.27476479343725235,0.3644800125071939,0.33924812860333026,0.4447066911446778,0.36066543856200123,0.7881068560792098,0.4316590683969386,0.26887775622422855,0.27476479343725235,0.3644800125071939,0.33924812860333026,0.4447066911446778,0.36066543856200123,0.7881068560792098,0.4316590683969386,0.44823619600850184,0.7159713199676369,0.43686895702272166,0.36613100380406255,0.4967488564742982,0.5507063393673692,0.8036484011222255,0.48887525426287065,0.3715150594507759,0.6668591384912695,0.48661509332178604,0.5240726806334844,0.43958561092075826,0.6903554915087867,0.5652172611962778,0.6806810960606393,0.3715150594507759,0.6668591384912695,0.48661509332178604,0.5240726806334844,0.43958561092075826,0.6903554915087867,0.5652172611962778,0.6806810960606393
0.6656035193362014,0.6096058244702811,0.6760861303794558,0.6065074826057675,0.6560085736288129,0.6064878560053582,0.6223764028606165,0.6165883678418325,0.6656035193362014,0.6096058244702811,0.6760861303794558,0.6065074826057675,0.6560085736288129,0.6064878560053582,0.6223764028606165,0.6165883678418325,0.6656035193362014,0.6096058244702811,0.6760861303794558,0.6065074826057675,0.6560085736288129,0.6064878560053582,0.6223764028606165,0.6165883678418325,0.5709491082424031,0.580830472260284,0.5746001786397038,0.5058822363774321,0.6531659688470502,0.5333189019650381,0.6440846215948557,0.4594402207895778,0.5709491082424031,0.580830472260284,0.5746001786397038,0.5058822363774321,0.6531659688470502,0.5333189019650381,0.6440846215948557,0.4594402207895778,0.5709491082424031,0.580830472260284,0.5746001786397038,0.5058822363774321,0.6531659688470502,0.5333189019650381,0.6440846215948557,0.4594402207895778,0.48111426181212025,0.7089651433287076,0.638521530327684,0.683214938473121,0.6620317738426446,0.49988274678032024,0.649749204198388,0.6019945495174146,0.5340217053944714,0.655342633740537,0.6124157527544946,0.675336515024141,0.7227467810487538,0.5301232272895394,0.6257407447372489,0.5883694995158003,0.5340217053944714,0.655342633740537,0.6124157527544946,0.675336515024141,0.7227467810487538,0.5301232272895394,0.6257407447372489,0.5883694995158003
0.06532282913069745,0.05992318817564927,0.06919694837603173,0.06919912977288507,0.0959493318460876,0.08713550193123322,0.07976541079744548,0.07468914173875149,0.06532282913069745,0.05992318817564927,0.06919694837603173,0.06919912977288507,0.0959493318460876,0.08713550193123322,0.07976541079744548,0.07468914173875149,0.06532282913069745,0.05992318817564927,0.06919694837603173,0.06919912977288507,0.0959493318460876,0.08713550193123322,0.07976541079744548,0.07468914173875149,0.06996137332995798,0.044733664181389625,0.04255713839092267,0.04494659516343759,0.07192824440067115,0.08578028309684617,0.06167789036465009,0.05934229507897414,0.06996137332995798,0.044733664181389625,0.04255713839092267,0.04494659516343759,0.07192824440067115,0.08578028309684617,0.06167789036465009,0.05934229507897414,0.06996137332995798,0.044733664181389625,0.04255713839092267,0.04494659516343759,0.07192824440067115,0.08578028309684617,0.06167789036465009,0.05934229507897414,0.06787594128394056,0.08249882737292888,0.07591093316776736,0.07055619380062428,0.05124382101041524,0.07029034088370188,0.1320850429905075,0.10302828705372558,0.0566675296605096,0.07520803167451394,0.0754507618482473,0.06960307398460325,0.07077873335704471,0.08802626609258071,0.13901795437943976,0.05912443807481311,0.0566675296605096,0.07520803167451394,0.0754507618482473,0.06960307398460325,0.07077873335704471,0.08802626609258071,0.13901795437943976,0.05912443807481311
0.5543933606565506,0.4987921001330861,0.5089102641909651,0.4798885035512127,0.5948297517048678,0.633582272285367,0.5729385526121462,0.6554456720790185,0.5543933606565506,0.4987921001330861,0.5089102641909651,0.4798885035512127,0.5948297517048678,0.633582272285367,0.5729385526121462,0.6554456720790185,0.5543933606565506,0.4987921001330861,0.5089102641909651,0.4798885035512127,0.5948297517048678,0.633582272285367,0.5729385526121462,0.6554456720790185,0.6113773250205901,0.7196184752427431,0.5826585522112173,0.5863380761504307,0.6653519236580809,0.7713991495213817,0.661900101873844,0.8235275911990341,0.6113773250205901,0.7196184752427431,0.5826585522112173,0.5863380761504307,0.6653519236580809,0.7713991495213817,0.661900101873844,0.8235275911990341,0.6113773250205901,0.7196184752427431,0.5826585522112173,0.5863380761504307,0.6653519236580809,0.7713991495213817,0.661900101873844,0.8235275911990341,0.5913395548613253,0.7480998863114581,0.7958261976214912,0.730863543753252,0.6854113659207868,0.8737789825853896,0.7704413537013215,0.9018786508042647,0.5663708573595403,0.6980086797639091,0.6945612806246102,0.7357473196552542,0.7190024865751816,0.882761666186743,1.5083126785711118,0.6483652614252216,0.5663708573595403,0.6980086797639091,0.6945612806246102,0.7357473196552542,0.7190024865751816,0.882761666186743,1.5083126785711118,0.6483652614252216
1.0932370357650132,1.1019827718258124,1.0517133231501128,1.0619222926064997,1.0916535694142573,1.311394104549653,1.270468167591088,1.1689445324631762,1.0932370357650132,1.1019827718258124,1.0517133231501128,1.0619222926064997,1.0916535694142573,1.311394104549653,1.270468167591088,1.1689445324631762,1.0932370357650132,1.1019827718258124,1.0517133231501128,1.0619222926064997,1.0916535694142573,1.311394104549653,1.270468167591088,1.1689445324631762,1.0125691332676767,1.1208326833710782,1.0161963543094878,1.1353791719390476,1.1762843924800601,1.5380306950840872,1.0658957202118322,1.3098240580546625,1.0125691332676767,1.1208326833710782,1.0161963543094878,1.1353791719390476,1.1762843924800601,1.5380306950840872,1.0658957202118322,1.3098240580546625,1.0125691332676767,1.1208326833710782,1.0161963543094878,1.1353791719390476,1.1762843924800601,1.5380306950840872,1.0658957202118322,1.3098240580546625,1.2174370103503682,1.204782994194552,1.2912983972305714,1.406979451370027,1.0105728001473606,1.6891020996478745,1.1042447713874397,0.8484699478801743,1.2051608941347227,1.3311712570193708,1.2998869792688252,1.4350563218836645,1.1346306434952595,1.350651293225059,1.079508046983986,1.3219509928815611,1.2051608941347227,1.3311712570193708,1.2998869792688252,1.4350563218836645,1.1346306434952595,1.350651293225059,1.079508046983986,1.3219509928815611
0.6724340177452455,0.6328729226996928,0.697134234668128,0.6356357381293284,0.6483488281657838,0.616933207249554,0.6316115163392887,0.5921429795215817,0.6724340177452455,0.6328729226996928,0.697134234668128,0.6356357381293284,0.6483488281657838,0.616933207249554,0.6316115163392887,0.5921429795215817,0.6724340177452455,0.6328729226996928,0.697134234668128,0.6356357381293284,0.6483488281657838,0.616933207249554,0.6316115163392887,0.5921429795215817,0.5929236349900745,0.625860044246828,0.6984479018550189,0.6395707382599702,0.655385109401055,0.6789533272519624,0.5818690490528071,0.6862916722283312,0.5929236349900745,0.625860044246828,0.6984479018550189,0.6395707382599702,0.655385109401055,0.6789533272519624,0.5818690490528071,0.6862916722283312,0.5929236349900745,0.625860044246828,0.6984479018550189,0.6395707382599702,0.655385109401055,0.6789533272519624,0.5818690490528071,0.6862916722283312,0.6973397686733959,0.7034264185949214,0.7122854591749019,0.682094728947433,0.732492166200985,0.7855512412204817,0.7424932389697806,0.677929026279798,0.7140743448502688,0.6844610381606462,0.7189454625410365,0.6711795715096189,0.6823123938119197,0.8190926667637152,0.6581128985806679,0.6424627347910181,0.7140743448502688,0.6844610381606462,0.7189454625410365,0.6711795715096189,0.6823123938119197,0.8190926667637152,0.6581128985806679,0.6424627347910181
0.39542299735117453,0.39430342470426194,0.4291988739837565,0.3785943259693987,0.4139310070680768,0.49630151377968224,0.44879972198363277,0.4127393752962237,0.39542299735117453,0.39430342470426194,0.4291988739837565,0.3785943259693987,0.4139310070680768,0.49630151377968224,0.44879972198363277,0.4127393752962237,0.39542299735117453,0.39430342470426194,0.4291988739837565,0.3785943259693987,0.4139310070680768,0.49630151377968224,0.44879972198363277,0.4127393752962237,0.2618217333752256,0.28136415670123427,0.31193488730774577,0.3265550006750457,0.33712475771525446,0.4058855751536604,0.33167919301748616,0.40775909680116756,0.2618217333752256,0.28136415670123427,0.31193488730774577,0.3265550006750457,0.33712475771525446,0.4058855751536604,0.33167919301748616,0.40775909680116756,0.2618217333752256,0.28136415670123427,0.31193488730774577,0.3265550006750457,0.33712475771525446,0.4058855751536604,0.33167919301748616,0.40775909680116756,0.27326143808567693,0.28012573149251707,0.34652336264201905,0.35304730477827667,0.3372052632231987,0.31258431892795707,0.2024034946835171,0.28252344557289144,0.30289867029346257,0.3138178515245203,0.35451224494010064,0.34430208766830434,0.31028034366300095,0.3488970501557097,0.24403665374388428,0.25980287946811625,0.30289867029346257,0.3138178515245203,0.35451224494010064,0.34430208766830434,0.31028034366300095,0.3488970501557097,0.24403665374388428,0.25980287946811625
1.1369223799776935,1.117742000798231,1.0968132346246542,1.1020600704891776,1.1528193872863517,1.1559937970371306,1.188974268677059,1.195893069426627,1.1369223799776935,1.117742000798231,1.0968132346246542,1.1020600704891776,1.1528193872863517,1.1559937970371306,1.188974268677059,1.195893069426627,1.1369223799776935,1.117742000798231,1.0968132346246542,1.1020600704891776,1.1528193872863517,1.1559937970371306,1.188974268677059,1.195893069426627,1.2300106001349804,1.3398700458944846,1.2874287133609763,1.3986323330749875,1.3456055739628658,1.4545828392398916,1.4133829503914108,1.5078884431328283,1.2300106001349804,1.3398700458944846,1.2874287133609763,1.3986323330749875,1.3456055739628658,1.4545828392398916,1.4133829503914108,1.5078884431328283,1.2300106001349804,1.3398700458944846,1.2874287133609763,1.3986323330749875,1.3456055739628658,1.4545828392398916,1.4133829503914108,1.5078884431328283,1.3007300798678638,1.3801245957532196,1.2802477245026318,1.417630700717891,1.2671739113663043,1.5122506827729292,1.306230257967356,1.3427584825014796,1.2500290415093074,1.4191219725226667,1.2988825150802066,1.4825733246007387,1.0300050053023744,1.33436346975084,1.227606013284213,1.2173006431258455,1.2500290415093074,1.4191219725226667,1.2988825150802066,1.4825733246007387,1.0300050053023744,1.33436346975084,1.227606013284213,1.2173006431258455
0.2344364113162382,0.23762026863319177,0.2494526970525823,0.26587689038764173,0.2165166962323966,0.24739999987090192,0.22759398593178296,0.1929028532477389,0.2344364113162382,0.23762026863319177,0.2494526970525823,0.26587689038764173,0.2165166962323966,0.24739999987090192,0.22759398593178296,0.1929028532477389,0.2344364113162382,0.23762026863319177,0.2494526970525823,0.26587689038764173,0.2165166962323966,0.24739999987090192,0.22759398593178296,0.1929028532477389,0.17236921629188606,0.16273653660436826,0.1561208526758239,0.1637035969169845,0.1760029197052672,0.11417741851337414,0.20645806578366035,0.18335282812846873,0.17236921629188606,0.16273653660436826,0.1561208526758239,0.1637035969169845,0.1760029197052672,0.11417741851337414,0.20645806578366035,0.18335282812846873,0.17236921629188606,0.16273653660436826,0.1561208526758239,0.1637035969169845,0.1760029197052672,0.11417741851337414,0.20645806578366035,0.18335282812846873,0.21720975033506054,0.182215954441921,0.14209673806100914,0.18904279781674546,0.240616629918306,0.20544837975274452,0.1513605717548278,0.20250808076371568,0.2891091944871007,0.14446574291960895,0.15710236571963626,0.18987274357839617,0.2746183682661947,0.15234412576615453,0.16558794263830662,0.16073676498160874,0.2891091944871007,0.14446574291960895,0.15710236571963626,0.18987274357839617,0.2746183682661947,0.15234412576615453,0.16558794263830662,0.16073676498160874
0.7740341908786059,0.8929513867029905,0.7489654982034977,0.7924928681344389,0.7042139755405503,0.9239837359004367,0.7854718310201467,0.851693091894746,0.7740341908786059,0.8929513867029905,0.7489654982034977,0.7924928681344389,0.7042139755405503,0.9239837359004367,0.7854718310201467,0.851693091894746,0.7740341908786059,0.8929513867029905,0.7489654982034977,0.7924928681344389,0.7042139755405503,0.9239837359004367,0.7854718310201467,0.851693091894746,0.7146721651507857,0.8432789252252836,0.6465419309087198,0.7064643093036014,0.6786049015812731,0.6120535349574767,0.8891762885896417,0.8207791057038519,0.7146721651507857,0.8432789252252836,0.6465419309087198,0.7064643093036014,0.6786049015812731,0.6120535349574767,0.8891762885896417,0.8207791057038519,0.7146721651507857,0.8432789252252836,0.6465419309087198,0.7064643093036014,0.6786049015812731,0.6120535349574767,0.8891762885896417,0.8207791057038519,0.7717396171192866,0.6730387454255188,0.6575627986411555,0.9055996509044769,0.6883277300904426,0.7331028284491014,0.7889149189344545,0.8964640358099236,0.7801765876525747,0.6959733821093519,0.6626600636373072,0.7623993201684827,0.703759238359128,0.6412152382033702,0.7554618429196331,0.5824570263458664,0.7801765876525747,0.6959733821093519,0.6626600636373072,0.7623993201684827,0.703759238359128,0.6412152382033702,0.7554618429196331,0.5824570263458664
0.4772094920545137,0.481699211594409,0.46619203215343374,0.528207076913451,0.5326015686923433,0.5353605317665376,0.5807624641620043,0.5691612273697283,0.4772094920545137,0.481699211594409,0.46619203215343374,0.528207076913451,0.5326015686923433,0.5353605317665376,0.5807624641620043,0.5691612273697283,0.4772094920545137,0.481699211594409,0.46619203215343374,0.528207076913451,0.5326015686923433,0.5353605317665376,0.5807624641620043,0.5691612273697283,0.44265200156361983,0.4710890002416607,0.4537446416954425,0.4555591282307598,0.46889758604876697,0.4887219852279824,0.47094262379997043,0.4847895792842642,0.44265200156361983,0.4710890002416607,0.4537446416954425,0.4555591282307598,0.46889758604876697,0.4887219852279824,0.47094262379997043,0.4847895792842642,0.44265200156361983,0.4710890002416607,0.4537446416954425,0.4555591282307598,0.46889758604876697,0.4887219852279824,0.47094262379997043,0.4847895792842642,0.4900095054004982,0.4562147245181511,0.4541743382103639,0.4893302011866649,0.541843989255203,0.44222509486303124,0.5350204168544647,0.5474055573594295,0.49121046037582566,0.4325487454051128,0.48891230231323457,0.45781251093523734,0.5092339250816124,0.42664724738190507,0.46172333404760163,0.6240633244480549,0.49121046037582566,0.4325487454051128,0.48891230231323457,0.45781251093523734,0.5092339250816124,0.42664724738190507,0.46172333404760163,0.6240633244480549
0.8074022397856451,0.731192225866801,0.6902729670266171,0.7899760327673675,0.6784457348822696,0.7914733966386683,0.6757332009597415,0.740694617411816,0.8074022397856451,0.731192225866801,0.6902729670266171,0.7899760327673675,0.6784457348822696,0.7914733966386683,0.6757332009597415,0.740694617411816,0.8074022397856451,0.731192225866801,0.6902729670266171,0.7899760327673675,0.6784457348822696,0.7914733966386683,0.6757332009597415,0.740694617411816,0.581839677285632,0.7546402405235982,0.6400276098439439,0.6384590195604415,0.9659869296933826,0.7520585593876284,0.7268909393669373,0.6907766809962081,0.581839677285632,0.7546402405235982,0.6400276098439439,0.6384590195604415,0.9659869296933826,0.7520585593876284,0.7268909393669373,0.6907766809962081,0.581839677285632,0.7546402405235982,0.6400276098439439,0.6384590195604415,0.9659869296933826,0.7520585593876284,0.7268909393669373,0.6907766809962081,0.6758700877800484,0.6520642918483244,0.714374937523616,0.5804553041068375,0.7131258688564781,0.740709120067334,0.8418819043450054,0.8021074751978602,0.6214397817149211,0.6713590490812779,0.6560883726679196,0.5824910115379264,0.612455384519076,0.7245832658770035,0.6523547830871215,0.7227502457642678,0.6214397817149211,0.6713590490812779,0.6560883726679196,0.5824910115379264,0.612455384519076,0.7245832658770035,0.6523547830871215,0.7227502457642678
0.5578403652221063,0.4888565347737254,0.5077781381786475,0.4992115850309264,0.5512995729049494,0.568906516947005,0.6094578889493901,0.6255241882900684,0.5578403652221063,0.4888565347737254,0.5077781381786475,0.4992115850309264,0.5512995729049494,0.568906516947005,0.6094578889493901,0.6255241882900684,0.5578403652221063,0.4888565347737254,0.5077781381786475,0.4992115850309264,0.5512995729049494,0.568906516947005,0.6094578889493901,0.6255241882900684,0.5066562829931074,0.469695551011132,0.49032867980695943,0.5075645919961118,0.4660405275904985,0.42850296414067823,0.6055313753377836,0.47224037187520895,0.5066562829931074,0.469695551011132,0.49032867980695943,0.5075645919961118,0.4660405275904985,0.42850296414067823,0.6055313753377836,0.47224037187520895,0.5066562829931074,0.469695551011132,0.49032867980695943,0.5075645919961118,0.4660405275904985,0.42850296414067823,0.6055313753377836,0.47224037187520895,0.5379470166313214,0.5112368236440784,0.5702445459172557,0.45788252235332905,0.44926851955534136,0.5330711012921338,0.4673382200058453,0.3811729489226519,0.5118017100756728,0.5170454247897303,0.5600827011233019,0.465463454832245,0.4380403684151895,0.562632419051226,0.46874780056613263,0.4623275574284518,0.5118017100756728,0.5170454247897303,0.5600827011233019,0.465463454832245,0.4380403684151895,0.562632419051226,0.46874780056613263,0.4623275574284518
1.3353792859235512,1.1705463421664748,1.2479316311594888,1.2055208725926432,1.029334362939917,1.2666483498225019,0.9763842072941529,0.868271229092572,1.3353792859235512,1.1705463421664748,1.2479316311594888,1.2055208725926432,1.029334362939917,1.2666483498225019,0.9763842072941529,0.868271229092572,1.3353792859235512,1.1705463421664748,1.2479316311594888,1.2055208725926432,1.029334362939917,1.2666483498225019,0.9763842072941529,0.868271229092572,1.2614379549269097,1.1693839250631366,1.111053302461994,1.031693724037765,1.0000393102363634,0.8809923282565676,0.9819136100638868,0.9340572947375951,1.2614379549269097,1.1693839250631366,1.111053302461994,1.031693724037765,1.0000393102363634,0.8809923282565676,0.9819136100638868,0.9340572947375951,1.2614379549269097,1.1693839250631366,1.111053302461994,1.031693724037765,1.0000393102363634,0.8809923282565676,0.9819136100638868,0.9340572947375951,1.3375016644079798,1.0939921484510131,1.0635201088087738,1.0913905443288274,0.7349134523035887,0.7718244514962312,0.7143016687880238,0.6323524783959645,1.2203563779621012,0.8977610803108779,1.0571038582958352,1.0454093729593346,1.021955661204902,0.948782694847001,0.9314159123872111,0.5329543567572694,1.2203563779621012,0.8977610803108779,1.0571038582958352,1.0454093729593346,1.021955661204902,0.948782694847001,0.9314159123872111,0.5329543567572694
1.0050795398558585,0.9941170694096338,0.9341598801078921,1.1230003366664565,0.9578676187078033,0.9051964742405705,0.8185227873434998,0.8277049114918605,1.0050795398558585,0.9941170694096338,0.9341598801078921,1.1230003366664565,0.9578676187078033,0.9051964742405705,0.8185227873434998,0.8277049114918605,1.0050795398558585,0.9941170694096338,0.9341598801078921,1.1230003366664565,0.9578676187078033,0.9051964742405705,0.8185227873434998,0.8277049114918605,0.912559790677562,0.9485787223097261,0.8293688155119976,0.9488143885775545,0.7067819652987465,0.8445317987227994,0.6770520613138147,0.7147896682270045,0.912559790677562,0.9485787223097261,0.8293688155119976,0.9488143885775545,0.7067819652987465,0.8445317987227994,0.6770520613138147,0.7147896682270045,0.912559790677562,0.9485787223097261,0.8293688155119976,0.9488143885775545,0.7067819652987465,0.8445317987227994,0.6770520613138147,0.7147896682270045,0.7680487217902181,0.8823784523612067,0.8046929217721789,0.7915470208680636,0.7291222606410733,0.844208040937683,0.7875152506582666,0.7431187662480694,0.6851406845746845,0.9343598225190481,0.7840240926981071,0.8523025025577677,0.7163202812606607,0.8327016940937538,0.8626906558226596,1.048726849521645,0.6851406845746845,0.9343598225190481,0.7840240926981071,0.8523025025577677,0.7163202812606607,0.8327016940937538,0.8626906558226596,1.048726849521645
0.3129828383526401,0.27201482569013485,0.36942041690903893,0.37436698853152683,0.2996970164120112,0.3318777666945593,0.34621597950696614,0.31907530273585777,0.3129828383526401,0.27201482569013485,0.36942041690903893,0.37436698853152683,0.2996970164120112,0.3318777666945593,0.34621597950696614,0.31907530273585777,0.3129828383526401,0.27201482569013485,0.36942041690903893,0.37436698853152683,0.2996970164120112,0.3318777666945593,0.34621597950696614,0.31907530273585777,0.2510882057693869,0.25706893770865313,0.30126284630988587,0.2948653412784938,0.33214507429314366,0.28410302294565926,0.2849798823106246,0.2598332979761111,0.2510882057693869,0.25706893770865313,0.30126284630988587,0.2948653412784938,0.33214507429314366,0.28410302294565926,0.2849798823106246,0.2598332979761111,0.2510882057693869,0.25706893770865313,0.30126284630988587,0.2948653412784938,0.33214507429314366,0.28410302294565926,0.2849798823106246,0.2598332979761111,0.17999118298463396,0.2322290952929428,0.23154546051792657,0.2640018988504899,0.1665960594439531,0.35060717368339167,0.2718216114228502,0.15083287987010968,0.16655720430853493,0.22815354369220195,0.20109399320719998,0.271398442199791,0.1964121196064241,0.2601206599797878,0.19996122205532116,0.19948443396747356,0.16655720430853493,0.22815354369220195,0.20109399320719998,0.271398442199791,0.1964121196064241,0.2601206599797878,0.19996122205532116,0.19948443396747356
3.265722201435519,3.200774281899488,3.0545783300379115,3.1558589707841502,3.14726477766525,2.761863802007246,2.8426406901680523,2.7809456238494223,3.265722201435519,3.200774281899488,3.0545783300379115,3.1558589707841502,3.14726477766525,2.761863802007246,2.8426406901680523,2.7809456238494223,3.265722201435519,3.200774281899488,3.0545783300379115,3.1558589707841502,3.14726477766525,2.761863802007246,2.8426406901680523,2.7809456238494223,3.0812701253609505,2.989226804257944,2.901528638022768,2.9811441410321264,3.0431761355856626,2.989207319130234,2.538783185288551,2.4932818074644976,3.0812701253609505,2.989226804257944,2.901528638022768,2.9811441410321264,3.0431761355856626,2.989207319130234,2.538783185288551,2.4932818074644976,3.0812701253609505,2.989226804257944,2.901528638022768,2.9811441410321264,3.0431761355856626,2.989207319130234,2.538783185288551,2.4932818074644976,2.8948654205899884,3.1878554445865532,2.9997744516772062,2.9359943988776465,2.7747657971285236,3.2710737151477187,2.86856172919868,2.8250623634481524,2.846610976487835,3.145349313929693,3.148156353533975,3.0500284049622923,2.7287669228619946,2.5950442949025727,2.1854634880834607,2.8554857992910994,2.846610976487835,3.145349313929693,3.148156353533975,3.0500284049622923,2.7287669228619946,2.5950442949025727,2.1854634880834607,2.8554857992910994
1.154103549016026,0.9716499360094838,1.1103571173390023,1.0843922456450026,1.1113299767453733,1.0767647477409683,0.8544840875425114,1.1116178479895527,1.154103549016026,0.9716499360094838,1.1103571173390023,1.0843922456450026,1.1113299767453733,1.0767647477409683,0.8544840875425114,1.1116178479895527,1.154103549016026,0.9716499360094838,1.1103571173390023,1.0843922456450026,1.1113299767453733,1.0767647477409683,0.8544840875425114,1.1116178479895527,1.097506860419941,0.9101026728741997,1.0368224356955638,0.9946888416752656,1.2476918127412486,1.028137421916982,1.0820097613282644,0.994087059035699,1.097506860419941,0.9101026728741997,1.0368224356955638,0.9946888416752656,1.2476918127412486,1.028137421916982,1.0820097613282644,0.994087059035699,1.097506860419941,0.9101026728741997,1.0368224356955638,0.9946888416752656,1.2476918127412486,1.028137421916982,1.0820097613282644,0.994087059035699,0.9833447256827003,0.8646247962710296,1.0004841700438722,0.8973302967774496,0.9636412176915387,0.9997691723216694,1.3844293086620925,1.0881414570086612,0.9779011901109355,1.0848014742179726,1.124028294415268,0.7707266957740981,0.7412523593330582,0.7697093528830671,0.9183776834116192,0.9594496101405362,0.9779011901109355,1.0848014742179726,1.124028294415268,0.7707266957740981,0.7412523593330582,0.7697093528830671,0.9183776834116192,0.9594496101405362
1.9287047771642902,1.7029028295547957,1.680982746237623,1.8776759302278538,1.8330133811817273,1.5751654882587312,1.7070706426645337,1.6762014353287984,1.9287047771642902,1.7029028295547957,1.680982746237623,1.8776759302278538,1.8330133811817273,1.5751654882587312,1.7070706426645337,1.6762014353287984,1.9287047771642902,1.7029028295547957,1.680982746237623,1.8776759302278538,1.8330133811817273,1.5751654882587312,1.7070706426645337,1.6762014353287984,1.486177722760597,1.4791186436908024,1.5255669844676447,1.565494522437075,1.3533135307916337,1.4466336177057944,1.2806963321367109,1.636417962339168,1.486177722760597,1.4791186436908024,1.5255669844676447,1.565494522437075,1.3533135307916337,1.4466336177057944,1.2806963321367109,1.636417962339168,1.486177722760597,1.4791186436908024,1.5255669844676447,1.565494522437075,1.3533135307916337,1.4466336177057944,1.2806963321367109,1.636417962339168,1.4435835994720925,1.547008226753104,1.3658247484201835,1.5479192736625746,1.3223922767439567,1.2639277939678821,1.2917497464555068,1.3652644017654525,1.4499818669326847,1.4801936292415878,1.4467676854836806,1.6100072136344412,1.184115908725379,1.3859336413427952,1.3166097325098367,1.6171595757910362,1.4499818669326847,1.4801936292415878,1.4467676854836806,1.6100072136344412,1.184115908725379,1.3859336413427952,1.3166097325098367,1.6171595757910362
0.38072466470723026,0.4237026759419227,0.32827358283323593,0.38882931806046606,0.3251206193583922,0.28118421152,0.2739110147882236,0.2634620182012486,0.38072466470723026,0.4237026759419227,0.32827358283323593,0.38882931806046606,0.3251206193583922,0.28118421152,0.2739110147882236,0.2634620182012486,0.38072466470723026,0.4237026759419227,0.32827358283323593,0.38882931806046606,0.3251206193583922,0.28118421152,0.2739110147882236,0.2634620182012486,0.24965417827084616,0.19633169134667663,0.21068868800219046,0.2377939902643236,0.30352536838457156,0.28920019431408045,0.12224819993112236,0.21084549761970742,0.24965417827084616,0.19633169134667663,0.21068868800219046,0.2377939902643236,0.30352536838457156,0.28920019431408045,0.12224819993112236,0.21084549761970742,0.24965417827084616,0.19633169134667663,0.21068868800219046,0.2377939902643236,0.30352536838457156,0.28920019431408045,0.12224819993112236,0.21084549761970742,0.1718424242928111,0.14826062720753058,0.17532167272635513,0.26277628473342624,0.3820718498016414,0.4603014396623101,0.22816039763100868,0.25500603586922604,0.2175373155817761,0.1694627087662932,0.24187874162251752,0.16088654374782235,0.20214374576246777,0.16514992345167287,0.17286749758699538,0.25042978996857607,0.2175373155817761,0.1694627087662932,0.24187874162251752,0.16088654374782235,0.20214374576246777,0.16514992345167287,0.17286749758699538,0.25042978996857607
0.1796250304776777,0.20168005543540712,0.14733273232713237,0.2477037031942961,0.26673740269294915,0.19571584287730925,0.23112577925946345,0.2657832707881329,0.1796250304776777,0.20168005543540712,0.14733273232713237,0.2477037031942961,0.26673740269294915,0.19571584287730925,0.23112577925946345,0.2657832707881329,0.1796250304776777,0.20168005543540712,0.14733273232713237,0.2477037031942961,0.26673740269294915,0.19571584287730925,0.23112577925946345,0.2657832707881329,0.17508372892908028,0.20142248568839466,0.16981762018257412,0.192938592181488,0.1979543543019302,0.14042584984667256,0.19332131837803657,0.22318522024889287,0.17508372892908028,0.20142248568839466,0.16981762018257412,0.192938592181488,0.1979543543019302,0.14042584984667256,0.19332131837803657,0.22318522024889287,0.17508372892908028,0.20142248568839466,0.16981762018257412,0.192938592181488,0.1979543543019302,0.14042584984667256,0.19332131837803657,0.22318522024889287,0.1860461643038841,0.20394577300566183,0.19619382816219832,0.16765635707448873,0.3209815181996873,0.20388317780217122,0.24449365917011914,0.3515599325711389,0.1848995359085227,0.17881799310487564,0.21141910244802978,0.1764413993537267,0.25129615657250987,0.23536837034960706,0.16582827544926673,0.27750807427369095,0.1848995359085227,0.17881799310487564,0.21141910244802978,0.1764413993537267,0.25129615657250987,0.23536837034960706,0.16582827544926673,0.27750807427369095
1.1719476651709224,1.2150658951489417,1.2849490066162845,1.1168556408871568,0.9742308470726289,0.8704226650371184,0.963457639167635,1.1154184117845272,1.1719476651709224,1.2150658951489417,1.2849490066162845,1.1168556408871568,0.9742308470726289,0.8704226650371184,0.963457639167635,1.1154184117845272,1.1719476651709224,1.2150658951489417,1.2849490066162845,1.1168556408871568,0.9742308470726289,0.8704226650371184,0.963457639167635,1.1154184117845272,0.9557201636845445,1.0375342957935965,1.1051557812383612,0.923964221149406,1.0295145571452269,0.6351795782663635,0.5596118818720488,0.7238663859414481,0.9557201636845445,1.0375342957935965,1.1051557812383612,0.923964221149406,1.0295145571452269,0.6351795782663635,0.5596118818720488,0.7238663859414481,0.9557201636845445,1.0375342957935965,1.1051557812383612,0.923964221149406,1.0295145571452269,0.6351795782663635,0.5596118818720488,0.7238663859414481,0.6391980374703174,0.8214989889491192,0.8673638730551839,0.851257466472935,0.6957474607357544,0.613572515382686,0.7608961157504711,0.46748007586901347,0.7670561269065949,0.7198608263498799,0.7552488618610645,0.858322671493351,0.7611994732098971,0.43609145313223424,0.5246644852729893,0.383484045308348,0.7670561269065949,0.7198608263498799,0.7552488618610645,0.858322671493351,0.7611994732098971,0.43609145313223424,0.5246644852729893,0.383484045308348
1.0795614104735307,1.0303081548535689,1.0009958891671598,0.8914234590401588,0.9426400378746019,0.8616066103989592,0.7540097454356173,0.8622333051406934,1.0795614104735307,1.0303081548535689,1.0009958891671598,0.8914234590401588,0.9426400378746019,0.8616066103989592,0.7540097454356173,0.8622333051406934,1.0795614104735307,1.0303081548535689,1.0009958891671598,0.8914234590401588,0.9426400378746019,0.8616066103989592,0.7540097454356173,0.8622333051406934,0.7609462774022243,0.8625513234483377,0.8538557422223061,1.0209337631904485,0.6635177601122999,0.7682104174268415,0.8207310651672479,0.7966958706287617,0.7609462774022243,0.8625513234483377,0.8538557422223061,1.0209337631904485,0.6635177601122999,0.7682104174268415,0.8207310651672479,0.7966958706287617,0.7609462774022243,0.8625513234483377,0.8538557422223061,1.0209337631904485,0.6635177601122999,0.7682104174268415,0.8207310651672479,0.7966958706287617,0.6737006074802406,0.6870264597570418,0.6279563468612408,0.6255991094831457,0.7642996080241375,0.5651629669475914,0.4178621736632209,0.5641047721907794,0.6842162154496765,0.6530354950378618,0.4923131014977349,0.668036751014172,0.8105595739942458,0.5445162196513771,0.4986218368712932,0.45734044738865004,0.6842162154496765,0.6530354950378618,0.4923131014977349,0.668036751014172,0.8105595739942458,0.5445162196513771,0.4986218368712932,0.45734044738865004
0.7911068313678945,0.7993881551116281,0.8354115099257702,0.7526147648915458,0.9119958983114684,0.8104275204747321,0.6838705648243143,0.7565621118553565,0.7911068313678945,0.7993881551116281,0.8354115099257702,0.7526147648915458,0.9119958983114684,0.8104275204747321,0.6838705648243143,0.7565621118553565,0.7911068313678945,0.7993881551116281,0.8354115099257702,0.7526147648915458,0.9119958983114684,0.8104275204747321,0.6838705648243143,0.7565621118553565,0.8022677370069463,0.9073431797379768,0.8073859507387385,0.8287457650962021,1.1184370717065328,1.0228192758431374,0.8080403393893071,0.8882499887433628,0.8022677370069463,0.9073431797379768,0.8073859507387385,0.8287457650962021,1.1184370717065328,1.0228192758431374,0.8080403393893071,0.8882499887433628,0.8022677370069463,0.9073431797379768,0.8073859507387385,0.8287457650962021,1.1184370717065328,1.0228192758431374,0.8080403393893071,0.8882499887433628,0.8421653138141718,1.127894476534101,0.9422132375997836,1.0786025774364825,1.2243579733100733,1.720548033086673,1.4172511941338364,1.4130157105285381,0.887760550337291,1.0764005522210938,0.9402524685925662,0.8973456894096217,1.0108579941292015,1.2651904061006727,1.431592070238465,1.2816986701001085,0.887760550337291,1.0764005522210938,0.9402524685925662,0.8973456894096217,1.0108579941292015,1.2651904061006727,1.431592070238465,1.2816986701001085
0.5068688977440432,0.3576923498153073,0.5192611157512285,0.37895481711178164,0.2931250985142986,0.3913067533840632,0.34962012121965663,0.3192459404190944,0.5068688977440432,0.3576923498153073,0.5192611157512285,0.37895481711178164,0.2931250985142986,0.3913067533840632,0.34962012121965663,0.3192459404190944,0.5068688977440432,0.3576923498153073,0.5192611157512285,0.37895481711178164,0.2931250985142986,0.3913067533840632,0.34962012121965663,0.3192459404190944,0.244598499040254,0.1588735510907009,0.20466570685571925,0.18327827125605098,0.08270167207537138,0.0849840343649432,0.13167555264686587,0.06053857719726172,0.244598499040254,0.1588735510907009,0.20466570685571925,0.18327827125605098,0.08270167207537138,0.0849840343649432,0.13167555264686587,0.06053857719726172,0.244598499040254,0.1588735510907009,0.20466570685571925,0.18327827125605098,0.08270167207537138,0.0849840343649432,0.13167555264686587,0.06053857719726172,0.07688226140113162,0.06759950778435721,0.08172983755822537,0.01840696521613279,0.065515941746511,0.06284690371999063,0.022021941157400637,0.02020854219759863,0.06868548204675613,0.07123691676153357,0.05752892558307435,0.03316838459784252,0.16828859918119288,0.04602233005659972,0.011354560314469936,0.04429391422404611,0.06868548204675613,0.07123691676153357,0.05752892558307435,0.03316838459784252,0.16828859918119288,0.04602233005659972,0.011354560314469936,0.04429391422404611
0.9582882687192605,0.9540664852345716,0.9384210309515134,0.9476932110080271,0.6189912421646384,0.7843327952275051,0.6405242824897762,0.6845077574684536,0.9582882687192605,0.9540664852345716,0.9384210309515134,0.9476932110080271,0.6189912421646384,0.7843327952275051,0.6405242824897762,0.6845077574684536,0.9582882687192605,0.9540664852345716,0.9384210309515134,0.9476932110080271,0.6189912421646384,0.7843327952275051,0.6405242824897762,0.6845077574684536,0.6493401763453508,0.755923525863112,0.662124107406359,0.6944938214428403,0.5755293156745553,0.6389684292832618,0.4166700272162009,0.5153364433083061,0.6493401763453508,0.755923525863112,0.662124107406359,0.6944938214428403,0.5755293156745553,0.6389684292832618,0.4166700272162009,0.5153364433083061,0.6493401763453508,0.755923525863112,0.662124107406359,0.6944938214428403,0.5755293156745553,0.6389684292832618,0.4166700272162009,0.5153364433083061,0.6367781386414707,0.7457854478692455,0.6004899043882861,0.6129769839074621,0.5254333886186936,0.5485755600914471,0.50327587785634,0.537288566893548,0.6363811019800353,0.6874663719494868,0.6042503645485845,0.6241394271819274,0.6626789160681161,0.5585913037877547,0.4986690180190065,0.5710278566345399,0.6363811019800353,0.6874663719494868,0.6042503645485845,0.6241394271819274,0.6626789160681161,0.5585913037877547,0.4986690180190065,0.5710278566345399
2.6726936172971434,2.968655112649659,2.8458415936356736,2.9068309642455263,2.263575896331808,2.3853113296696775,2.6605725839417227,2.1478852571006013,2.6726936172971434,2.968655112649659,2.8458415936356736,2.9068309642455263,2.263575896331808,2.3853113296696775,2.6605725839417227,2.1478852571006013,2.6726936172971434,2.968655112649659,2.8458415936356736,2.9068309642455263,2.263575896331808,2.3853113296696775,2.6605725839417227,2.1478852571006013,2.223106508920133,2.5485463928245733,2.4800577628441425,2.6892097332451463,2.046917657771032,1.6411397800985987,1.9750558204903534,1.874181930572724,2.223106508920133,2.5485463928245733,2.4800577628441425,2.6892097332451463,2.046917657771032,1.6411397800985987,1.9750558204903534,1.874181930572724,2.223106508920133,2.5485463928245733,2.4800577628441425,2.6892097332451463,2.046917657771032,1.6411397800985987,1.9750558204903534,1.874181930572724,1.8599414809902264,1.871832256721257,1.6274170824828027,2.2231839779336573,1.943250660995119,1.602812831190534,1.4110893213240918,1.8974749144668561,1.702826290264023,1.9516580289023584,1.742554061822677,1.797567228373469,1.7241535845055505,1.9428938216997331,1.3615163518585416,1.6903725994004202,1.702826290264023,1.9516580289023584,1.742554061822677,1.797567228373469,1.7241535845055505,1.9428938216997331,1.3615163518585416,1.6903725994004202
0.7977596943449232,0.8709251601471386,0.9000102456934549,0.9027280956607171,0.3631571174247264,0.4894201934638621,0.4761217907100829,0.653864188005239,0.7977596943449232,0.8709251601471386,0.9000102456934549,0.9027280956607171,0.3631571174247264,0.4894201934638621,0.4761217907100829,0.653864188005239,0.7977596943449232,0.8709251601471386,0.9000102456934549,0.9027280956607171,0.3631571174247264,0.4894201934638621,0.4761217907100829,0.653864188005239,0.4701961028061835,0.2753197729765384,0.5424805073678202,0.39005491845821016,0.2923457630515597,0.1862489043273103,0.42947102166752327,0.34487899526413474,0.4701961028061835,0.2753197729765384,0.5424805073678202,0.39005491845821016,0.2923457630515597,0.1862489043273103,0.42947102166752327,0.34487899526413474,0.4701961028061835,0.2753197729765384,0.5424805073678202,0.39005491845821016,0.2923457630515597,0.1862489043273103,0.42947102166752327,0.34487899526413474,0.17978853224955865,0.21948721849523295,0.07328865227223899,0.18598283190823373,0.14383460323419034,0.10526210922791371,0.1435715664143144,0.12379795229560428,0.11115052376226972,0.14396448911542273,0.112621160680458,0.10309500729350582,0.17420368432413197,0.22305906760510022,0.19132655285013975,0.10471318110330959,0.11115052376226972,0.14396448911542273,0.112621160680458,0.10309500729350582,0.17420368432413197,0.22305906760510022,0.19132655285013975,0.10471318110330959
1.586360754844101,1.712406172139567,1.7119485881920995,1.771391087234654,1.4428766192262932,1.5977788982996566,1.631692047377334,1.7267533544091136,1.586360754844101,1.712406172139567,1.7119485881920995,1.771391087234654,1.4428766192262932,1.5977788982996566,1.631692047377334,1.7267533544091136,1.586360754844101,1.712406172139567,1.7119485881920995,1.771391087234654,1.4428766192262932,1.5977788982996566,1.631692047377334,1.7267533544091136,1.393266873517524,1.4486048057538778,1.4799495924436274,1.4238880934901665,1.7322959088639802,1.6935689697236296,1.7697109124824604,1.516623092657318,1.393266873517524,1.4486048057538778,1.4799495924436274,1.4238880934901665,1.7322959088639802,1.6935689697236296,1.7697109124824604,1.516623092657318,1.393266873517524,1.4486048057538778,1.4799495924436274,1.4238880934901665,1.7322959088639802,1.6935689697236296,1.7697109124824604,1.516623092657318,1.3204845709714184,1.7289381382450206,1.3599778879645958,1.4060316696130932,1.953402692743769,1.5397057459964014,1.410969869487104,1.7109044500495973,1.4112142611985141,1.6625770388050676,1.370222897800038,1.4009794277707326,1.8337754768835772,1.5888923915210085,1.7419504422798766,1.594306700046838,1.4112142611985141,1.6625770388050676,1.370222897800038,1.4009794277707326,1.8337754768835772,1.5888923915210085,1.7419504422798766,1.594306700046838
1.0138226169617832,0.9910406694531726,1.0090356422408175,1.0648895249849881,1.0147988880282488,1.096844442756086,1.1329686189754593,1.120959134390573,1.0138226169617832,0.9910406694531726,1.0090356422408175,1.0648895249849881,1.0147988880282488,1.096844442756086,1.1329686189754593,1.120959134390573,1.0138226169617832,0.9910406694531726,1.0090356422408175,1.0648895249849881,1.0147988880282488,1.096844442756086,1.1329686189754593,1.120959134390573,1.1757094965046586,1.2313298934152517,1.0578142769841525,1.1677888716612785,1.6783407386665334,1.3916473443539181,1.4157822077310063,1.9545936620133872,1.1757094965046586,1.2313298934152517,1.0578142769841525,1.1677888716612785,1.6783407386665334,1.3916473443539181,1.4157822077310063,1.9545936620133872,1.1757094965046586,1.2313298934152517,1.0578142769841525,1.1677888716612785,1.6783407386665334,1.3916473443539181,1.4157822077310063,1.9545936620133872,1.5847545315371876,1.436025690330522,2.14362702335353,1.4863348043152314,2.0630846395056555,1.6054715490396088,1.3998907934820128,1.9205970777765693,1.3264550990707042,1.46270616352081,1.7662700737898605,1.4112385247976582,1.5937824335598232,2.0655011207964065,1.7976260897192162,1.9090442744825757,1.3264550990707042,1.46270616352081,1.7662700737898605,1.4112385247976582,1.5937824335598232,2.0655011207964065,1.7976260897192162,1.9090442744825757
0.32792648812666275,0.35790270085369386,0.36145760108499775,0.43235108301616043,0.3974803897228992,0.4883130313456617,0.2567001849146888,0.3166587321414618,0.32792648812666275,0.35790270085369386,0.36145760108499775,0.43235108301616043,0.3974803897228992,0.4883130313456617,0.2567001849146888,0.3166587321414618,0.32792648812666275,0.35790270085369386,0.36145760108499775,0.43235108301616043,0.3974803897228992,0.4883130313456617,0.2567001849146888,0.3166587321414618,0.21380158188505313,0.3318844146861737,0.2631602260768965,0.4063872533433745,0.3247418849170161,0.32593399574532167,0.4217705947167674,0.3262148494882427,0.21380158188505313,0.3318844146861737,0.2631602260768965,0.4063872533433745,0.3247418849170161,0.32593399574532167,0.4217705947167674,0.3262148494882427,0.21380158188505313,0.3318844146861737,0.2631602260768965,0.4063872533433745,0.3247418849170161,0.32593399574532167,0.4217705947167674,0.3262148494882427,0.37550783310316943,0.4726737735901994,0.2054535654777272,0.5150055729365199,0.3731416844991305,0.47984167749436696,0.4387518102240126,0.725121345152086,0.3566086312317017,0.41398001616148095,0.33518263737869547,0.587085496212553,0.3954772081954289,0.6282563233735193,0.32551860879595523,0.15367163668440734,0.3566086312317017,0.41398001616148095,0.33518263737869547,0.587085496212553,0.3954772081954289,0.6282563233735193,0.32551860879595523,0.15367163668440734
1.1449637667348795,1.1454592515076836,1.1761573260741778,1.2812002461130274,1.426291239208215,1.543158651040168,1.330314872289198,1.39086780989968,1.1449637667348795,1.1454592515076836,1.1761573260741778,1.2812002461130274,1.426291239208215,1.543158651040168,1.330314872289198,1.39086780989968,1.1449637667348795,1.1454592515076836,1.1761573260741778,1.2812002461130274,1.426291239208215,1.543158651040168,1.330314872289198,1.39086780989968,1.4329858867089509,1.4477684774549684,1.4668153702324718,1.3060598300754762,1.7146566326744241,1.4410647673871175,1.4254421201093097,1.0543200741372738,1.4329858867089509,1.4477684774549684,1.4668153702324718,1.3060598300754762,1.7146566326744241,1.4410647673871175,1.4254421201093097,1.0543200741372738,1.4329858867089509,1.4477684774549684,1.4668153702324718,1.3060598300754762,1.7146566326744241,1.4410647673871175,1.4254421201093097,1.0543200741372738,1.4981765806056864,1.6294975472354185,1.6161461340372174,1.5972728844535005,1.642480107081683,1.402733485758123,1.8131083662636143,1.916123445953526,1.4942949989366654,1.457008804398698,1.558681496892545,1.6061619992020286,1.274853764580656,1.3888537632491529,1.818006914303686,1.629148632217302,1.4942949989366654,1.457008804398698,1.558681496892545,1.6061619992020286,1.274853764580656,1.3888537632491529,1.818006914303686,1.629148632217302
0.20697875173334568,0.2662292174127888,0.24984239614940543,0.21309694218265587,0.1690920061367582,0.22125982610925862,0.1505622638963002,0.20704283746714872,0.20697875173334568,0.2662292174127888,0.24984239614940543,0.21309694218265587,0.1690920061367582,0.22125982610925862,0.1505622638963002,0.20704283746714872,0.20697875173334568,0.2662292174127888,0.24984239614940543,0.21309694218265587,0.1690920061367582,0.22125982610925862,0.1505622638963002,0.20704283746714872,0.14189631838316372,0.05713748210603092,0.06732207231229732,0.06968543593062315,0.17728530576911775,0.03181872814220459,0.12541020790051005,0.1446486086714582,0.14189631838316372,0.05713748210603092,0.06732207231229732,0.06968543593062315,0.17728530576911775,0.03181872814220459,0.12541020790051005,0.1446486086714582,0.14189631838316372,0.05713748210603092,0.06732207231229732,0.06968543593062315,0.17728530576911775,0.03181872814220459,0.12541020790051005,0.1446486086714582,0.10698267826205687,0.11156360753155603,0.18220197562591187,0.07623283678398415,0.12318985907149971,0.20140667816296726,0.07798537335659367,0.15287847180796177,0.09421164419380093,0.05963800456792894,0.07100864177055553,0.02531490829917131,0.4239812453470535,0.3474214967258026,0.12716047362519692,0.10555315719836922,0.09421164419380093,0.05963800456792894,0.07100864177055553,0.02531490829917131,0.4239812453470535,0.3474214967258026,0.12716047362519692,0.10555315719836922
1.3165079819287666,1.0999343217041606,1.4805735884928397,1.2268579183839305,0.9232003313257054,0.9123093907539338,1.0472155047257128,1.2656712789486138,1.3165079819287666,1.0999343217041606,1.4805735884928397,1.2268579183839305,0.9232003313257054,0.9123093907539338,1.0472155047257128,1.2656712789486138,1.3165079819287666,1.0999343217041606,1.4805735884928397,1.2268579183839305,0.9232003313257054,0.9123093907539338,1.0472155047257128,1.2656712789486138,1.0626050073392042,0.9565156027388385,0.9348480018960897,0.9445515188140403,0.6997072779213619,0.8363190913658404,0.6285078342336995,0.7922460237767243,1.0626050073392042,0.9565156027388385,0.9348480018960897,0.9445515188140403,0.6997072779213619,0.8363190913658404,0.6285078342336995,0.7922460237767243,1.0626050073392042,0.9565156027388385,0.9348480018960897,0.9445515188140403,0.6997072779213619,0.8363190913658404,0.6285078342336995,0.7922460237767243,0.7104697615919885,0.9150684812176882,0.7954911807235732,0.8613481076647651,0.74195704782607,0.9216196097335443,0.6410387166332506,0.908917396110132,0.6900303217826799,0.8022713471278236,0.8678337387027506,0.9509021260463864,0.7206208701601079,0.9693899644779721,0.6446259853364823,0.8513520893609962,0.6900303217826799,0.8022713471278236,0.8678337387027506,0.9509021260463864,0.7206208701601079,0.9693899644779721,0.6446259853364823,0.8513520893609962
2.4469684939155685,2.335080402806356,2.543800515571836,2.239452708670609,2.339220908730708,2.2408960420550703,2.270895429921595,2.139768991945963,2.4469684939155685,2.335080402806356,2.543800515571836,2.239452708670609,2.339220908730708,2.2408960420550703,2.270895429921595,2.139768991945963,2.4469684939155685,2.335080402806356,2.543800515571836,2.239452708670609,2.339220908730708,2.2408960420550703,2.270895429921595,2.139768991945963,2.122734360063023,2.4686096396677217,2.5102171638145374,2.27955734826416,2.061314784712451,1.9908587764958678,2.8537287236231186,2.218364258009927,2.122734360063023,2.4686096396677217,2.5102171638145374,2.27955734826416,2.061314784712451,1.9908587764958678,2.8537287236231186,2.218364258009927,2.122734360063023,2.4686096396677217,2.5102171638145374,2.27955734826416,2.061314784712451,1.9908587764958678,2.8537287236231186,2.218364258009927,2.4281808753864493,2.494567606537752,1.9879864864452552,2.2419193872701033,1.974975949276619,1.9010948515887494,1.8657578144190532,2.016842258313246,2.301111521259371,2.50744341114645,2.3418619503142595,2.1222038970888812,2.0213624056193136,2.2255865665517276,2.369981767105274,2.0732627832198003,2.301111521259371,2.50744341114645,2.3418619503142595,2.1222038970888812,2.0213624056193136,2.2255865665517276,2.369981767105274,2.0732627832198003
0.4434833765043516,0.5340077239203197,0.47110947169595613,0.45683837061428084,0.48852956021258137,0.47449599915028234,0.4786489708603546,0.479105045546732,0.4434833765043516,0.5340077239203197,0.47110947169595613,0.45683837061428084,0.48852956021258137,0.47449599915028234,0.4786489708603546,0.479105045546732,0.4434833765043516,0.5340077239203197,0.47110947169595613,0.45683837061428084,0.48852956021258137,0.47449599915028234,0.4786489708603546,0.479105045546732,0.47610897343812486,0.5180966166014673,0.4203622633345038,0.4474672689358041,0.5184523456463014,0.4747691914710642,0.5337529869425607,0.5450454555291121,0.47610897343812486,0.5180966166014673,0.4203622633345038,0.4474672689358041,0.5184523456463014,0.4747691914710642,0.5337529869425607,0.5450454555291121,0.47610897343812486,0.5180966166014673,0.4203622633345038,0.4474672689358041,0.5184523456463014,0.4747691914710642,0.5337529869425607,0.5450454555291121,0.4754108878306395,0.5206924026154219,0.4941227606189104,0.48696985660500564,0.3579196166410768,0.6100523530537795,0.5048837223278675,0.5166703788099891,0.48990104686001656,0.5083877184016254,0.48394926276645206,0.5180713871643828,0.5014571055907306,0.6157615960228023,0.46879948374205144,0.518473131648263,0.48990104686001656,0.5083877184016254,0.48394926276645206,0.5180713871643828,0.5014571055907306,0.6157615960228023,0.46879948374205144,0.518473131648263
0.4781100085807378,0.5389125034928941,0.5170469229849977,0.6004207813464718,0.46636985519533847,0.5667853917934313,0.5349990276717298,0.49529242225771336,0.4781100085807378,0.5389125034928941,0.5170469229849977,0.6004207813464718,0.46636985519533847,0.5667853917934313,0.5349990276717298,0.49529242225771336,0.4781100085807378,0.5389125034928941,0.5170469229849977,0.6004207813464718,0.46636985519533847,0.5667853917934313,0.5349990276717298,0.49529242225771336,0.5418741648755306,0.640309528742885,0.5286523483398377,0.5923183123608673,0.48787972982883115,0.5919730151998788,0.6187520202011012,0.6315057047869485,0.5418741648755306,0.640309528742885,0.5286523483398377,0.5923183123608673,0.48787972982883115,0.5919730151998788,0.6187520202011012,0.6315057047869485,0.5418741648755306,0.640309528742885,0.5286523483398377,0.5923183123608673,0.48787972982883115,0.5919730151998788,0.6187520202011012,0.6315057047869485,0.6195353532798439,0.6781953791096541,0.5046005173341123,0.6611771960683949,0.5556061787905583,0.658814497351068,0.5127136715961198,0.47998447672424727,0.5778653378841574,0.6430719196163937,0.5223600319489331,0.6393989544721832,0.6621678050159145,0.6266985698621756,0.5566137855708954,0.7433908537834931,0.5778653378841574,0.6430719196163937,0.5223600319489331,0.6393989544721832,0.6621678050159145,0.6266985698621756,0.5566137855708954,0.7433908537834931
1.0404102083342348,1.0822943764813255,1.0483015892754806,1.118019974185458,1.124808813294035,1.2236297884131853,1.0575311321719882,1.2434825788841708,1.0404102083342348,1.0822943764813255,1.0483015892754806,1.118019974185458,1.124808813294035,1.2236297884131853,1.0575311321719882,1.2434825788841708,1.0404102083342348,1.0822943764813255,1.0483015892754806,1.118019974185458,1.124808813294035,1.2236297884131853,1.0575311321719882,1.2434825788841708,1.0649777367397577,1.0631064531860164,1.0103883158242764,1.065680301211354,1.1534669801271649,0.9052026903987618,0.9596820062394318,1.1028397736821494,1.0649777367397577,1.0631064531860164,1.0103883158242764,1.065680301211354,1.1534669801271649,0.9052026903987618,0.9596820062394318,1.1028397736821494,1.0649777367397577,1.0631064531860164,1.0103883158242764,1.065680301211354,1.1534669801271649,0.9052026903987618,0.9596820062394318,1.1028397736821494,1.0508446842339965,1.1145457295054797,0.8794865487949483,1.0163182137475426,1.1172543342677546,1.1968539375447944,0.8964781482691273,0.8331500622881387,0.9667919037570333,1.0919169865871128,1.0957426057363506,1.0173087238562024,0.9794945665355079,1.1806006183260116,1.0972142549478547,1.066925915575883,0.9667919037570333,1.0919169865871128,1.0957426057363506,1.0173087238562024,0.9794945665355079,1.1806006183260116,1.0972142549478547,1.066925915575883
0.8844986780027211,0.8875965777890558,0.8145847735155144,0.7712049569532133,0.9214238738705799,0.9879220931705799,0.9936861051406194,0.8983026762777551,0.8844986780027211,0.8875965777890558,0.8145847735155144,0.7712049569532133,0.9214238738705799,0.9879220931705799,0.9936861051406194,0.8983026762777551,0.8844986780027211,0.8875965777890558,0.8145847735155144,0.7712049569532133,0.9214238738705799,0.9879220931705799,0.9936861051406194,0.8983026762777551,0.7986808442866447,1.0046791462255589,0.9711436423291239,0.8598752077966648,0.8720886552378825,1.1445568429864819,0.646157656093827,0.8164465868944694,0.7986808442866447,1.0046791462255589,0.9711436423291239,0.8598752077966648,0.8720886552378825,1.1445568429864819,0.646157656093827,0.8164465868944694,0.7986808442866447,1.0046791462255589,0.9711436423291239,0.8598752077966648,0.8720886552378825,1.1445568429864819,0.646157656093827,0.8164465868944694,0.8382724590116591,0.6563907961058253,0.6647811142235238,0.9107264269523371,0.9467048815601093,1.063614329238084,0.6332451498155549,0.9018998803339036,0.9031311667598173,0.680956621841913,0.5054350467461034,0.7987438825164637,0.4761222935074873,0.7073038547321487,1.0028689122256267,0.5015514119994134,0.9031311667598173,0.680956621841913,0.5054350467461034,0.7987438825164637,0.4761222935074873,0.7073038547321487,1.0028689122256267,0.5015514119994134
0.5548809793789486,0.5228643890921799,0.5789826439127328,0.5864215184586891,0.5299507655382024,0.5389078080894,0.5213474345464595,0.5464808225496327,0.5548809793789486,0.5228643890921799,0.5789826439127328,0.5864215184586891,0.5299507655382024,0.5389078080894,0.5213474345464595,0.5464808225496327,0.5548809793789486,0.5228643890921799,0.5789826439127328,0.5864215184586891,0.5299507655382024,0.5389078080894,0.5213474345464595,0.5464808225496327,0.607741721834232,0.6410009560049453,0.5761675794490406,0.588848152291587,0.6435093817204773,0.6219058524242013,0.6294605737709837,0.5898859564643174,0.607741721834232,0.6410009560049453,0.5761675794490406,0.588848152291587,0.6435093817204773,0.6219058524242013,0.6294605737709837,0.5898859564643174,0.607741721834232,0.6410009560049453,0.5761675794490406,0.588848152291587,0.6435093817204773,0.6219058524242013,0.6294605737709837,0.5898859564643174,0.6621691423351121,0.6780179183395265,0.6552381593295857,0.6360716990216345,0.6177812325834957,0.6876428585116017,0.6918082660462221,0.6394233879482103,0.6212574408856468,0.6577844235851958,0.6151102535612337,0.6298750345880012,0.6190937643054031,0.712832112414045,0.740234747057244,0.7516526871779055,0.6212574408856468,0.6577844235851958,0.6151102535612337,0.6298750345880012,0.6190937643054031,0.712832112414045,0.740234747057244,0.7516526871779055
1.0765923126337158,1.0924430838012507,1.017091421342033,1.0843213434077483,1.0716324474418897,1.1046179314133922,0.9989205329275013,1.012100238580047,1.0765923126337158,1.0924430838012507,1.017091421342033,1.0843213434077483,1.0716324474418897,1.1046179314133922,0.9989205329275013,1.012100238580047,1.0765923126337158,1.0924430838012507,1.017091421342033,1.0843213434077483,1.0716324474418897,1.1046179314133922,0.9989205329275013,1.012100238580047,1.0056063338726373,1.0974796334037311,1.0025028685697261,1.0149254366975538,1.2288210041591827,0.9990529849212867,1.0280450911415688,0.9815175258914496,1.0056063338726373,1.0974796334037311,1.0025028685697261,1.0149254366975538,1.2288210041591827,0.9990529849212867,1.0280450911415688,0.9815175258914496,1.0056063338726373,1.0974796334037311,1.0025028685697261,1.0149254366975538,1.2288210041591827,0.9990529849212867,1.0280450911415688,0.9815175258914496,0.9820520459231992,1.1486218794906953,1.054823397122384,1.1010138962409746,0.824474869949975,1.1937122251237038,1.0501109193935056,1.0084349636717707,1.0872023517266747,1.065806873882731,0.9202184485747592,1.101480690045821,1.0818558537356258,0.9323872290834807,1.074992472155881,0.9111381199519515,1.0872023517266747,1.065806873882731,0.9202184485747592,1.101480690045821,1.0818558537356258,0.9323872290834807,1.074992472155881,0.9111381199519515
0.5802659906575772,0.5164803925797907,0.5375188973447205,0.5134894726208051,0.4715664839702283,0.44584169828152315,0.565918431851311,0.5105703106891759,0.5802659906575772,0.5164803925797907,0.5375188973447205,0.5134894726208051,0.4715664839702283,0.44584169828152315,0.565918431851311,0.5105703106891759,0.5802659906575772,0.5164803925797907,0.5375188973447205,0.5134894726208051,0.4715664839702283,0.44584169828152315,0.565918431851311,0.5105703106891759,0.45395441113018614,0.4828351459659918,0.5166509013794968,0.4919833736760856,0.5347862427548031,0.4796970447941323,0.5291992322044801,0.4653237550312312,0.45395441113018614,0.4828351459659918,0.5166509013794968,0.4919833736760856,0.5347862427548031,0.4796970447941323,0.5291992322044801,0.4653237550312312,0.45395441113018614,0.4828351459659918,0.5166509013794968,0.4919833736760856,0.5347862427548031,0.4796970447941323,0.5291992322044801,0.4653237550312312,0.5628742738779161,0.5514829984130357,0.5340163812984822,0.4583120961519027,0.5683896399840546,0.4464799810467427,0.6232823547712731,0.53526422605751,0.550770596603473,0.5569096334716505,0.5026878118581888,0.5090755939873889,0.5786010880351178,0.5583519066520453,0.5036990068245498,0.462378107356331,0.550770596603473,0.5569096334716505,0.5026878118581888,0.5090755939873889,0.5786010880351178,0.5583519066520453,0.5036990068245498,0.462378107356331
1.2055723531432125,1.2036379067763932,1.2903619711836205,1.2363745974504057,1.289288351858175,1.007057331185839,1.1782211484039886,1.2960109278925844,1.2055723531432125,1.2036379067763932,1.2903619711836205,1.2363745974504057,1.289288351858175,1.007057331185839,1.1782211484039886,1.2960109278925844,1.2055723531432125,1.2036379067763932,1.2903619711836205,1.2363745974504057,1.289288351858175,1.007057331185839,1.1782211484039886,1.2960109278925844,1.3304276049684252,1.1849004649189685,1.322899476568431,1.2747705307779316,1.1472213555375357,0.9787433817361506,1.114502050653484,1.1351420236808472,1.3304276049684252,1.1849004649189685,1.322899476568431,1.2747705307779316,1.1472213555375357,0.9787433817361506,1.114502050653484,1.1351420236808472,1.3304276049684252,1.1849004649189685,1.322899476568431,1.2747705307779316,1.1472213555375357,0.9787433817361506,1.114502050653484,1.1351420236808472,1.1805741159288043,1.1493992513852538,1.229669403539267,1.083675370543864,1.3976915041846516,0.8672529947350055,0.991438046589754,1.1337798494680764,1.1376368339040999,1.1070663879913225,1.1421680820036373,1.167052995712337,1.349112706314536,0.984444060566732,0.9757104340976434,1.1072019973161593,1.1376368339040999,1.1070663879913225,1.1421680820036373,1.167052995712337,1.349112706314536,0.984444060566732,0.9757104340976434,1.1072019973161593
0.3624899022007462,0.2600760807983012,0.28466122421854284,0.2735150414181447,0.2873395999200349,0.26046706082860255,0.29567975617612896,0.25891747981796637,0.3624899022007462,0.2600760807983012,0.28466122421854284,0.2735150414181447,0.2873395999200349,0.26046706082860255,0.29567975617612896,0.25891747981796637,0.3624899022007462,0.2600760807983012,0.28466122421854284,0.2735150414181447,0.2873395999200349,0.26046706082860255,0.29567975617612896,0.25891747981796637,0.29933206630525694,0.32325060991544363,0.30713286479843,0.30362257629924533,0.298622313488542,0.3096811915268553,0.3383754663649956,0.3446052997332698,0.29933206630525694,0.32325060991544363,0.30713286479843,0.30362257629924533,0.298622313488542,0.3096811915268553,0.3383754663649956,0.3446052997332698,0.29933206630525694,0.32325060991544363,0.30713286479843,0.30362257629924533,0.298622313488542,0.3096811915268553,0.3383754663649956,0.3446052997332698,0.2354870904315267,0.30645231797675054,0.2538993177393264,0.2616238548380694,0.3019878736214846,0.26695958935301173,0.21993817921146622,0.3061033739228681,0.23297350671578293,0.25988660214781517,0.22648697401127418,0.25567782961761165,0.2887332827201178,0.2493127783177321,0.2422308027658624,0.30078163915477113,0.23297350671578293,0.25988660214781517,0.22648697401127418,0.25567782961761165,0.2887332827201178,0.2493127783177321,0.2422308027658624,0.30078163915477113
0.4966879391557266,0.509016865517866,0.6219569684251799,0.5588618829273598,0.640272145647083,0.5455703791721136,0.6051470651180616,0.5749700407136813,0.4966879391557266,0.509016865517866,0.6219569684251799,0.5588618829273598,0.640272145647083,0.5455703791721136,0.6051470651180616,0.5749700407136813,0.4966879391557266,0.509016865517866,0.6219569684251799,0.5588618829273598,0.640272145647083,0.5455703791721136,0.6051470651180616,0.5749700407136813,0.5814506794760794,0.5227419914775158,0.54961983027388,0.6196493666033362,0.7227943470753531,0.713358579461179,0.5529733875203539,0.42003045633716524,0.5814506794760794,0.5227419914775158,0.54961983027388,0.6196493666033362,0.7227943470753531,0.713358579461179,0.5529733875203539,0.42003045633716524,0.5814506794760794,0.5227419914775158,0.54961983027388,0.6196493666033362,0.7227943470753531,0.713358579461179,0.5529733875203539,0.42003045633716524,0.575453413429821,0.620962175334907,0.5521101240109079,0.5923489563197817,0.7092662237674122,0.5650414109072692,0.500362805654741,0.5441587471384792,0.5481445397018339,0.613234623042098,0.5555024112605201,0.5974482696588361,0.6938476119582699,0.5485114337012921,0.6286700166553816,0.5553346467887232,0.5481445397018339,0.613234623042098,0.5555024112605201,0.5974482696588361,0.6938476119582699,0.5485114337012921,0.6286700166553816,0.5553346467887232
1.2206436004410626,1.048522288764473,1.2393504523076126,1.1510284533526387,1.020413870283473,0.9223242736783125,1.0008129589047523,0.833964206851227,1.2206436004410626,1.048522288764473,1.2393504523076126,1.1510284533526387,1.020413870283473,0.9223242736783125,1.0008129589047523,0.833964206851227,1.2206436004410626,1.048522288764473,1.2393504523076126,1.1510284533526387,1.020413870283473,0.9223242736783125,1.0008129589047523,0.833964206851227,0.9346738238493518,0.7881441781677093,0.9885066808358897,0.9041376054508645,0.7572274664471508,0.8396345861364107,0.7699228978738181,0.8362488451966203,0.9346738238493518,0.7881441781677093,0.9885066808358897,0.9041376054508645,0.7572274664471508,0.8396345861364107,0.7699228978738181,0.8362488451966203,0.9346738238493518,0.7881441781677093,0.9885066808358897,0.9041376054508645,0.7572274664471508,0.8396345861364107,0.7699228978738181,0.8362488451966203,0.9301502318971919,0.8832392567659896,0.8128954796209986,0.8212343029779,0.8936458416846083,0.7987568594455702,1.0227430514558906,0.6293804433633438,0.6525967799013537,0.8557372571066885,0.7795832727081496,0.7622109108044256,0.9351338271787636,0.8438446305947361,0.8549817222345741,0.698623140612916,0.6525967799013537,0.8557372571066885,0.7795832727081496,0.7622109108044256,0.9351338271787636,0.8438446305947361,0.8549817222345741,0.698623140612916
0.3216278422788425,0.3393925322918737,0.347220573301582,0.3310248276215332,0.4209984537289563,0.31413879751906043,0.3486570213793638,0.32559714136415646,0.3216278422788425,0.3393925322918737,0.347220573301582,0.3310248276215332,0.4209984537289563,0.31413879751906043,0.3486570213793638,0.32559714136415646,0.3216278422788425,0.3393925322918737,0.347220573301582,0.3310248276215332,0.4209984537289563,0.31413879751906043,0.3486570213793638,0.32559714136415646,0.3100817071818878,0.36260893264775285,0.34853186667437375,0.33292487571240725,0.3603286680701427,0.3616304930300145,0.3137417521802319,0.36955891483291514,0.3100817071818878,0.36260893264775285,0.34853186667437375,0.33292487571240725,0.3603286680701427,0.3616304930300145,0.3137417521802319,0.36955891483291514,0.3100817071818878,0.36260893264775285,0.34853186667437375,0.33292487571240725,0.3603286680701427,0.3616304930300145,0.3137417521802319,0.36955891483291514,0.33198519527350107,0.3400951308657982,0.3487655577672125,0.34930728769866154,0.34677508771034543,0.35725812089566195,0.3265156383221704,0.4849054586730687,0.3335163148699443,0.35534109366627126,0.373310566680393,0.3541237230709965,0.40629080764958586,0.3839832066945514,0.3147800443351107,0.41179809012387414,0.3335163148699443,0.35534109366627126,0.373310566680393,0.3541237230709965,0.40629080764958586,0.3839832066945514,0.3147800443351107,0.41179809012387414
0.4801420077041964,0.4694939285741212,0.5261052814320945,0.5076048216845146,0.453221208316766,0.466527650214029,0.5216427059229263,0.5943616301776744,0.4801420077041964,0.4694939285741212,0.5261052814320945,0.5076048216845146,0.453221208316766,0.466527650214029,0.5216427059229263,0.5943616301776744,0.4801420077041964,0.4694939285741212,0.5261052814320945,0.5076048216845146,0.453221208316766,0.466527650214029,0.5216427059229263,0.5943616301776744,0.5161297908319906,0.43456079502294964,0.5300309418408362,0.42350641469674305,0.45570846963561645,0.5389362290335341,0.5220902568152976,0.5343503504039638,0.5161297908319906,0.43456079502294964,0.5300309418408362,0.42350641469674305,0.45570846963561645,0.5389362290335341,0.5220902568152976,0.5343503504039638,0.5161297908319906,0.43456079502294964,0.5300309418408362,0.42350641469674305,0.45570846963561645,0.5389362290335341,0.5220902568152976,0.5343503504039638,0.6375445930832361,0.5933360887323649,0.5662373586813924,0.5385490236483287,0.6687330455593203,0.5177580470417993,0.49757178747096065,0.5185281815221174,0.6491584087066304,0.6052441950161201,0.5537094891323813,0.5264754664332909,0.5535510192041333,0.5615648061698308,0.6816746327595513,0.5252644767699042,0.6491584087066304,0.6052441950161201,0.5537094891323813,0.5264754664332909,0.5535510192041333,0.5615648061698308,0.6816746327595513,0.5252644767699042
2.0141278549150754,2.111456918918015,1.9584733628578803,2.0574586145856886,2.0430347106359976,2.2392528778427296,2.2472421653586263,2.1473301084743364,2.0141278549150754,2.111456918918015,1.9584733628578803,2.0574586145856886,2.0430347106359976,2.2392528778427296,2.2472421653586263,2.1473301084743364,2.0141278549150754,2.111456918918015,1.9584733628578803,2.0574586145856886,2.0430347106359976,2.2392528778427296,2.2472421653586263,2.1473301084743364,1.8710715627331342,1.8481949703960487,1.9949476013613805,1.7926996735619412,1.8434960426155846,1.5517438084904567,1.6174146719768874,1.648636433032875,1.8710715627331342,1.8481949703960487,1.9949476013613805,1.7926996735619412,1.8434960426155846,1.5517438084904567,1.6174146719768874,1.648636433032875,1.8710715627331342,1.8481949703960487,1.9949476013613805,1.7926996735619412,1.8434960426155846,1.5517438084904567,1.6174146719768874,1.648636433032875,1.7777547815214032,1.6434632225819996,1.8280825194555406,1.910526813503181,1.5540617360365192,1.706518864739444,1.6003867762992847,1.9855518574822983,1.6570430349212546,1.6742687868639634,1.7740557866763726,1.7193551436721257,1.3491730083679625,1.804759351145498,1.6742612543164797,2.2305837147650394,1.6570430349212546,1.6742687868639634,1.7740557866763726,1.7193551436721257,1.3491730083679625,1.804759351145498,1.6742612543164797,2.2305837147650394
1.6493608008840315,1.642570684978196,1.765731767811274,1.7307289972795754,1.3602469840046658,1.645084126948414,1.5083491366860338,1.427851620276662,1.6493608008840315,1.642570684978196,1.765731767811274,1.7307289972795754,1.3602469840046658,1.645084126948414,1.5083491366860338,1.427851620276662,1.6493608008840315,1.642570684978196,1.765731767811274,1.7307289972795754,1.3602469840046658,1.645084126948414,1.5083491366860338,1.427851620276662,1.3792669893364549,1.4265930321703453,1.2162946202854323,1.48817334743029,1.122902128587956,1.4081198150673937,1.2272710220618823,1.4095676446534289,1.3792669893364549,1.4265930321703453,1.2162946202854323,1.48817334743029,1.122902128587956,1.4081198150673937,1.2272710220618823,1.4095676446534289,1.3792669893364549,1.4265930321703453,1.2162946202854323,1.48817334743029,1.122902128587956,1.4081198150673937,1.2272710220618823,1.4095676446534289,1.1947589380865167,1.3734234993395025,1.1923712707348442,1.2589055402281488,1.3746171952860393,1.2429868060818312,1.1742914029885605,1.1339268012096606,1.1828473313550194,1.3531711844493803,1.222483082426863,1.1316091729976525,1.3165042514174936,1.2086464364466674,1.3061700414265827,1.2499539314046593,1.1828473313550194,1.3531711844493803,1.222483082426863,1.1316091729976525,1.3165042514174936,1.2086464364466674,1.3061700414265827,1.2499539314046593
3.922642232574863,4.112411228036178,4.017006629720795,3.881235243527115,3.7923149886871115,3.7260423038686894,3.6759815759797236,3.839412856064839,3.922642232574863,4.112411228036178,4.017006629720795,3.881235243527115,3.7923149886871115,3.7260423038686894,3.6759815759797236,3.839412856064839,3.922642232574863,4.112411228036178,4.017006629720795,3.881235243527115,3.7923149886871115,3.7260423038686894,3.6759815759797236,3.839412856064839,3.638068588254158,3.4037818715613617,3.654669904646275,3.5521982379265253,3.4823797796532254,3.551121202883125,3.5606703583478576,3.7873622017134734,3.638068588254158,3.4037818715613617,3.654669904646275,3.5521982379265253,3.4823797796532254,3.551121202883125,3.5606703583478576,3.7873622017134734,3.638068588254158,3.4037818715613617,3.654669904646275,3.5521982379265253,3.4823797796532254,3.551121202883125,3.5606703583478576,3.7873622017134734,3.5355047269417135,3.7758266499809827,3.584728562141911,3.4814641141853344,3.945805658433494,4.000696994233936,3.773402377676394,3.667139193470683,3.7160401488580943,3.7134580439985383,3.512612365290481,3.413377572328038,3.700582376138366,3.3387721584631636,3.7167382480748588,3.624583449193225,3.7160401488580943,3.7134580439985383,3.512612365290481,3.413377572328038,3.700582376138366,3.3387721584631636,3.7167382480748588,3.624583449193225
0.6438855846700362,0.7199764457193758,0.6667498513640232,0.7885208174338615,0.39220817307607875,0.34391741071367676,0.5152531083301413,0.4733743055431516,0.6438855846700362,0.7199764457193758,0.6667498513640232,0.7885208174338615,0.39220817307607875,0.34391741071367676,0.5152531083301413,0.4733743055431516,0.6438855846700362,0.7199764457193758,0.6667498513640232,0.7885208174338615,0.39220817307607875,0.34391741071367676,0.5152531083301413,0.4733743055431516,0.4301784638380485,0.29640833562075614,0.20502866174970902,0.36188069967471204,0.1356049019084448,0.20564656559094252,0.08225660038158208,0.07675492370333409,0.4301784638380485,0.29640833562075614,0.20502866174970902,0.36188069967471204,0.1356049019084448,0.20564656559094252,0.08225660038158208,0.07675492370333409,0.4301784638380485,0.29640833562075614,0.20502866174970902,0.36188069967471204,0.1356049019084448,0.20564656559094252,0.08225660038158208,0.07675492370333409,0.20372322401436277,0.1487239318373716,0.17365132318118845,0.17658723330644105,0.4989421220102012,0.11177098305731714,0.2821222883235695,0.2778894581317812,0.2100899513239054,0.15184589647422725,0.11888328800516416,0.2098310986444456,0.3434138986836498,0.15943870874176863,0.15612729205295867,0.2412813689133614,0.2100899513239054,0.15184589647422725,0.11888328800516416,0.2098310986444456,0.3434138986836498,0.15943870874176863,0.15612729205295867,0.2412813689133614
2.1655473121666176,1.920777010443317,1.9623686944129548,1.7091625815517917,1.9692430708217792,1.8515376819336353,1.8469581489218143,1.6157035022693649,2.1655473121666176,1.920777010443317,1.9623686944129548,1.7091625815517917,1.9692430708217792,1.8515376819336353,1.8469581489218143,1.6157035022693649,2.1655473121666176,1.920777010443317,1.9623686944129548,1.7091625815517917,1.9692430708217792,1.8515376819336353,1.8469581489218143,1.6157035022693649,1.3835864261563267,1.7431377538128507,1.6325651441818587,1.6957820216060528,1.3588783385178766,1.867231774632096,1.8955756789680696,1.5944382425110293,1.3835864261563267,1.7431377538128507,1.6325651441818587,1.6957820216060528,1.3588783385178766,1.867231774632096,1.8955756789680696,1.5944382425110293,1.3835864261563267,1.7431377538128507,1.6325651441818587,1.6957820216060528,1.3588783385178766,1.867231774632096,1.8955756789680696,1.5944382425110293,2.064627495422945,1.4903493989955399,1.7158008446793969,1.5411137179261984,2.475255351495873,2.0758347223269715,1.4417996237286834,2.1460547876605487,2.1222840166457213,1.270815043415074,1.8642916794333186,1.6848633588072426,2.425220644624856,2.1586837757693442,1.7562695274576485,1.7263634437317108,2.1222840166457213,1.270815043415074,1.8642916794333186,1.6848633588072426,2.425220644624856,2.1586837757693442,1.7562695274576485,1.7263634437317108
0.25866721408913707,0.40043213178072784,0.2459137117739409,0.3608333943670254,0.32954512699471816,0.14868197515786666,0.3266657973375757,0.3117231423328498,0.25866721408913707,0.40043213178072784,0.2459137117739409,0.3608333943670254,0.32954512699471816,0.14868197515786666,0.3266657973375757,0.3117231423328498,0.25866721408913707,0.40043213178072784,0.2459137117739409,0.3608333943670254,0.32954512699471816,0.14868197515786666,0.3266657973375757,0.3117231423328498,0.04003975978572043,0.0949117609373982,0.2624601656460526,0.2244079670029929,0.2662185828121253,0.2546376739937427,0.7415175436579008,0.5399577657648766,0.04003975978572043,0.0949117609373982,0.2624601656460526,0.2244079670029929,0.2662185828121253,0.2546376739937427,0.7415175436579008,0.5399577657648766,0.04003975978572043,0.0949117609373982,0.2624601656460526,0.2244079670029929,0.2662185828121253,0.2546376739937427,0.7415175436579008,0.5399577657648766,0.05452363898088937,0.04891583670396426,0.11605495896843436,0.3258028933463232,0.1894171105409726,0.19019031704292272,0.4426755452014547,0.7425910531494089,0.09039381069212661,0.02903343103917739,0.20315105509409168,0.41254565766954265,0.13928102819096927,0.18755013225155248,0.25547120090597775,0.49004708642121164,0.09039381069212661,0.02903343103917739,0.20315105509409168,0.41254565766954265,0.13928102819096927,0.18755013225155248,0.25547120090597775,0.49004708642121164
0.8713138340998002,0.9253258594479774,0.810235229930403,0.8297101112025119,0.8241588175923864,0.5768793678489589,0.7600427049063556,0.673576450609266,0.8713138340998002,0.9253258594479774,0.810235229930403,0.8297101112025119,0.8241588175923864,0.5768793678489589,0.7600427049063556,0.673576450609266,0.8713138340998002,0.9253258594479774,0.810235229930403,0.8297101112025119,0.8241588175923864,0.5768793678489589,0.7600427049063556,0.673576450609266,0.597626678340808,0.7303445575365961,0.6278336055881871,0.7679889081556096,0.6142642436799892,0.5583308602884933,0.520726880387884,0.6710772052500515,0.597626678340808,0.7303445575365961,0.6278336055881871,0.7679889081556096,0.6142642436799892,0.5583308602884933,0.520726880387884,0.6710772052500515,0.597626678340808,0.7303445575365961,0.6278336055881871,0.7679889081556096,0.6142642436799892,0.5583308602884933,0.520726880387884,0.6710772052500515,0.5915240260879611,0.5243106114313002,0.5725113078999164,0.611378305307869,0.7901299568722641,0.6189711124672527,0.3515470908146349,0.6375343652913295,0.5914688398307598,0.544474077059074,0.5619497601016086,0.4995956740261132,0.6703874541311791,0.6937562023442443,0.49634980761861314,0.6469217555073272,0.5914688398307598,0.544474077059074,0.5619497601016086,0.4995956740261132,0.6703874541311791,0.6937562023442443,0.49634980761861314,0.6469217555073272
1.0534952745111363,0.898573348724532,0.9611487061027368,0.8499260148281046,1.0514070778544413,0.7843333539838818,0.9823410451019414,1.0703049138212877,1.0534952745111363,0.898573348724532,0.9611487061027368,0.8499260148281046,1.0514070778544413,0.7843333539838818,0.9823410451019414,1.0703049138212877,1.0534952745111363,0.898573348724532,0.9611487061027368,0.8499260148281046,1.0514070778544413,0.7843333539838818,0.9823410451019414,1.0703049138212877,1.3070421310412814,0.9891818116272335,1.123548887199552,0.9888128053896583,1.3790188357968676,1.0924048019281682,1.042831273033863,1.0035637317809447,1.3070421310412814,0.9891818116272335,1.123548887199552,0.9888128053896583,1.3790188357968676,1.0924048019281682,1.042831273033863,1.0035637317809447,1.3070421310412814,0.9891818116272335,1.123548887199552,0.9888128053896583,1.3790188357968676,1.0924048019281682,1.042831273033863,1.0035637317809447,1.1553803386537231,0.9983061230007684,1.1298311620028016,0.9903373138932634,1.5175629846093706,1.4834076235390596,1.2303514377024123,1.1629081307291096,1.0953258734751425,1.0491741444159497,1.1511529612546707,1.0719079402478813,1.5500313198256879,1.6780252628540477,1.296925026946378,1.3272927071980343,1.0953258734751425,1.0491741444159497,1.1511529612546707,1.0719079402478813,1.5500313198256879,1.6780252628540477,1.296925026946378,1.3272927071980343
3.3843603337402697,3.580909061432294,3.6713775587348847,3.6369623432776566,3.6925913669571577,4.149370664336156,4.224134571378135,3.7471376894142394,3.3843603337402697,3.580909061432294,3.6713775587348847,3.6369623432776566,3.6925913669571577,4.149370664336156,4.224134571378135,3.7471376894142394,3.3843603337402697,3.580909061432294,3.6713775587348847,3.6369623432776566,3.6925913669571577,4.149370664336156,4.224134571378135,3.7471376894142394,3.400882486044675,3.343245722105086,3.4944719169412153,4.251923096814783,3.2636049723493357,4.544954377454141,3.912921535662325,4.004366542313256,3.400882486044675,3.343245722105086,3.4944719169412153,4.251923096814783,3.2636049723493357,4.544954377454141,3.912921535662325,4.004366542313256,3.400882486044675,3.343245722105086,3.4944719169412153,4.251923096814783,3.2636049723493357,4.544954377454141,3.912921535662325,4.004366542313256,4.519973825368149,4.244490094408258,3.923936998483564,4.025536778796326,4.237140310828098,4.851668579862985,5.152847625036129,5.57729111135506,4.484836427874265,3.960581998163943,3.8942006950596655,4.05332604303658,5.482567737419856,4.2909363197433,4.008758692645321,5.534235982089573,4.484836427874265,3.960581998163943,3.8942006950596655,4.05332604303658,5.482567737419856,4.2909363197433,4.008758692645321,5.534235982089573
1.4365402357930435,1.7736345685627566,1.4196529139102554,1.6075870982291958,3.2705591864688217,2.4722575515856935,1.6570983071088203,3.9380819876264272,1.4365402357930435,1.7736345685627566,1.4196529139102554,1.6075870982291958,3.2705591864688217,2.4722575515856935,1.6570983071088203,3.9380819876264272,1.4365402357930435,1.7736345685627566,1.4196529139102554,1.6075870982291958,3.2705591864688217,2.4722575515856935,1.6570983071088203,3.9380819876264272,1.9877172339366418,2.6636229101034243,1.5110051324498606,1.677475477128865,3.511729270861125,4.009986642213174,2.2703846840099104,3.750156433769124,1.9877172339366418,2.6636229101034243,1.5110051324498606,1.677475477128865,3.511729270861125,4.009986642213174,2.2703846840099104,3.750156433769124,1.9877172339366418,2.6636229101034243,1.5110051324498606,1.677475477128865,3.511729270861125,4.009986642213174,2.2703846840099104,3.750156433769124,2.23201373776569,2.8389330126336847,1.882839783660996,1.7919481373510984,2.345983228692307,4.253013105463119,2.634755023064405,2.649687072623134,3.1177460447859713,3.021978793702869,2.081378694070395,2.576931378507894,3.3082382727475466,5.148317611546525,3.153331928082636,2.570625539999105,3.1177460447859713,3.021978793702869,2.081378694070395,2.576931378507894,3.3082382727475466,5.148317611546525,3.153331928082636,2.570625539999105
1.9756608002765619,1.7322397324584908,1.8150023904887316,1.5411041832143824,2.2233322730931753,1.773661163901501,2.199907790812406,1.6930980527593296,1.9756608002765619,1.7322397324584908,1.8150023904887316,1.5411041832143824,2.2233322730931753,1.773661163901501,2.199907790812406,1.6930980527593296,1.9756608002765619,1.7322397324584908,1.8150023904887316,1.5411041832143824,2.2233322730931753,1.773661163901501,2.199907790812406,1.6930980527593296,1.7895550620453473,1.8514006126074225,1.8454793353721826,1.7737307477883606,1.9035649949258904,2.0300109851866868,2.5832223163374195,2.320163459043442,1.7895550620453473,1.8514006126074225,1.8454793353721826,1.7737307477883606,1.9035649949258904,2.0300109851866868,2.5832223163374195,2.320163459043442,1.7895550620453473,1.8514006126074225,1.8454793353721826,1.7737307477883606,1.9035649949258904,2.0300109851866868,2.5832223163374195,2.320163459043442,1.539228774207282,2.182166723851977,1.981724833495872,2.152437809616227,2.104288748601816,2.1285732339283148,2.106239447216872,2.220939871628362,1.3832608959165322,2.0413958678853206,2.178542107863597,2.0812150789393886,2.370079509263801,2.1649242566629705,1.6456686905640894,1.6485576768319568,1.3832608959165322,2.0413958678853206,2.178542107863597,2.0812150789393886,2.370079509263801,2.1649242566629705,1.6456686905640894,1.6485576768319568
0.36064955672609633,0.2956613730029278,0.31064520697044734,0.33042737141639583,0.2644195136685242,0.27372309311486104,0.30104898647001715,0.2602909235112441,0.36064955672609633,0.2956613730029278,0.31064520697044734,0.33042737141639583,0.2644195136685242,0.27372309311486104,0.30104898647001715,0.2602909235112441,0.36064955672609633,0.2956613730029278,0.31064520697044734,0.33042737141639583,0.2644195136685242,0.27372309311486104,0.30104898647001715,0.2602909235112441,0.28153280930145014,0.18135841549977139,0.2451201535216233,0.16650233108980275,0.14200269161156992,0.0884163339423532,0.12463108922521976,0.21372488994337283,0.28153280930145014,0.18135841549977139,0.2451201535216233,0.16650233108980275,0.14200269161156992,0.0884163339423532,0.12463108922521976,0.21372488994337283,0.28153280930145014,0.18135841549977139,0.2451201535216233,0.16650233108980275,0.14200269161156992,0.0884163339423532,0.12463108922521976,0.21372488994337283,0.09550171145571608,0.20545410664893324,0.1957498190607733,0.12493338441926415,0.08511016631476677,0.08939811028380328,0.12282094681278967,0.1245170605089581,0.1525754650571956,0.13704000794511195,0.10441330780558257,0.14054378854692848,0.12891110222868352,0.08592026083544847,0.09065245347120805,0.1292446071663134,0.1525754650571956,0.13704000794511195,0.10441330780558257,0.14054378854692848,0.12891110222868352,0.08592026083544847,0.09065245347120805,0.1292446071663134
1.183365383745392,1.09401748826082,1.1195275387928656,1.1559052405331753,1.1768235808516558,1.2000716334966912,1.1289810840647816,1.136885997850439,1.183365383745392,1.09401748826082,1.1195275387928656,1.1559052405331753,1.1768235808516558,1.2000716334966912,1.1289810840647816,1.136885997850439,1.183365383745392,1.09401748826082,1.1195275387928656,1.1559052405331753,1.1768235808516558,1.2000716334966912,1.1289810840647816,1.136885997850439,1.240181274688754,1.2480160845696786,1.2392887381771691,1.068679300473107,1.0964966097030446,1.3014332368770243,0.932343313183866,1.0516274624217787,1.240181274688754,1.2480160845696786,1.2392887381771691,1.068679300473107,1.0964966097030446,1.3014332368770243,0.932343313183866,1.0516274624217787,1.240181274688754,1.2480160845696786,1.2392887381771691,1.068679300473107,1.0964966097030446,1.3014332368770243,0.932343313183866,1.0516274624217787,1.2373152739584863,1.2335356249278395,1.2959902529445169,1.059733866406625,1.1125874107667488,0.8692036346793353,1.3892183510294716,0.6124613212353924,1.2112037265023685,1.1798771299165123,1.181144541953332,1.0721109132587137,1.1395303086984572,0.8289552167108513,1.2533254537616132,1.0184025594550592,1.2112037265023685,1.1798771299165123,1.181144541953332,1.0721109132587137,1.1395303086984572,0.8289552167108513,1.2533254537616132,1.0184025594550592
