"(7, -1, 0.1, 100, 0.8, 0.8)","(7, -1, 0.1, 100, 0.8, 1.0)","(7, -1, 0.1, 100, 1.0, 0.8)","(7, -1, 0.1, 100, 1.0, 1.0)","(7, -1, 0.2, 100, 0.8, 0.8)","(7, -1, 0.2, 100, 0.8, 1.0)","(7, -1, 0.2, 100, 1.0, 0.8)","(7, -1, 0.2, 100, 1.0, 1.0)","(7, 5, 0.1, 100, 0.8, 0.8)","(7, 5, 0.1, 100, 0.8, 1.0)","(7, 5, 0.1, 100, 1.0, 0.8)","(7, 5, 0.1, 100, 1.0, 1.0)","(7, 5, 0.2, 100, 0.8, 0.8)","(7, 5, 0.2, 100, 0.8, 1.0)","(7, 5, 0.2, 100, 1.0, 0.8)","(7, 5, 0.2, 100, 1.0, 1.0)","(7, 7, 0.1, 100, 0.8, 0.8)","(7, 7, 0.1, 100, 0.8, 1.0)","(7, 7, 0.1, 100, 1.0, 0.8)","(7, 7, 0.1, 100, 1.0, 1.0)","(7, 7, 0.2, 100, 0.8, 0.8)","(7, 7, 0.2, 100, 0.8, 1.0)","(7, 7, 0.2, 100, 1.0, 0.8)","(7, 7, 0.2, 100, 1.0, 1.0)","(15, -1, 0.1, 100, 0.8, 0.8)","(15, -1, 0.1, 100, 0.8, 1.0)","(15, -1, 0.1, 100, 1.0, 0.8)","(15, -1, 0.1, 100, 1.0, 1.0)","(15, -1, 0.2, 100, 0.8, 0.8)","(15, -1, 0.2, 100, 0.8, 1.0)","(15, -1, 0.2, 100, 1.0, 0.8)","(15, -1, 0.2, 100, 1.0, 1.0)","(15, 5, 0.1, 100, 0.8, 0.8)","(15, 5, 0.1, 100, 0.8, 1.0)","(15, 5, 0.1, 100, 1.0, 0.8)","(15, 5, 0.1, 100, 1.0, 1.0)","(15, 5, 0.2, 100, 0.8, 0.8)","(15, 5, 0.2, 100, 0.8, 1.0)","(15, 5, 0.2, 100, 1.0, 0.8)","(15, 5, 0.2, 100, 1.0, 1.0)","(15, 7, 0.1, 100, 0.8, 0.8)","(15, 7, 0.1, 100, 0.8, 1.0)","(15, 7, 0.1, 100, 1.0, 0.8)","(15, 7, 0.1, 100, 1.0, 1.0)","(15, 7, 0.2, 100, 0.8, 0.8)","(15, 7, 0.2, 100, 0.8, 1.0)","(15, 7, 0.2, 100, 1.0, 0.8)","(15, 7, 0.2, 100, 1.0, 1.0)","(31, -1, 0.1, 100, 0.8, 0.8)","(31, -1, 0.1, 100, 0.8, 1.0)","(31, -1, 0.1, 100, 1.0, 0.8)","(31, -1, 0.1, 100, 1.0, 1.0)","(31, -1, 0.2, 100, 0.8, 0.8)","(31, -1, 0.2, 100, 0.8, 1.0)","(31, -1, 0.2, 100, 1.0, 0.8)","(31, -1, 0.2, 100, 1.0, 1.0)","(31, 5, 0.1, 100, 0.8, 0.8)","(31, 5, 0.1, 100, 0.8, 1.0)","(31, 5, 0.1, 100, 1.0, 0.8)","(31, 5, 0.1, 100, 1.0, 1.0)","(31, 5, 0.2, 100, 0.8, 0.8)","(31, 5, 0.2, 100, 0.8, 1.0)","(31, 5, 0.2, 100, 1.0, 0.8)","(31, 5, 0.2, 100, 1.0, 1.0)","(31, 7, 0.1, 100, 0.8, 0.8)","(31, 7, 0.1, 100, 0.8, 1.0)","(31, 7, 0.1, 100, 1.0, 0.8)","(31, 7, 0.1, 100, 1.0, 1.0)","(31, 7, 0.2, 100, 0.8, 0.8)","(31, 7, 0.2, 100, 0.8, 1.0)","(31, 7, 0.2, 100, 1.0, 0.8)","(31, 7, 0.2, 100, 1.0, 1.0)"
353.77808892144606,344.4322483272171,353.77808892144606,344.4322483272171,149.51748214290842,247.8428406853371,149.51748214290842,247.8428406853371,393.2023716144142,391.0031582220079,393.2023716144142,391.0031582220079,138.61398568587128,341.5874482339974,138.61398568587128,341.5874482339974,353.77808892144606,344.4322483272171,353.77808892144606,344.4322483272171,149.51748214290842,247.8428406853371,149.51748214290842,247.8428406853371,140.37088091835923,100.71473908064397,140.37088091835923,100.71473908064397,82.01823611342158,269.2695322234471,82.01823611342158,269.2695322234471,170.50352656419324,84.26963902749239,170.50352656419324,84.26963902749239,107.08947126586308,232.01721866479275,107.08947126586308,232.01721866479275,88.9577486762917,79.12037285234234,88.9577486762917,79.12037285234234,185.80434311867134,205.5364993675244,185.80434311867134,205.5364993675244,121.98996421081526,123.05869155250221,121.98996421081526,123.05869155250221,128.90906529152,184.9446011408666,128.90906529152,184.9446011408666,130.99651976784904,74.69662871163807,130.99651976784904,74.69662871163807,195.06345178841906,197.92603140596083,195.06345178841906,197.92603140596083,84.83944501898016,121.34703419729787,84.83944501898016,121.34703419729787,327.1665600644723,140.81335881152742,327.1665600644723,140.81335881152742
2597.376394630701,3582.6435061845777,2597.376394630701,3582.6435061845777,1718.6234918233981,4207.042647364585,1718.6234918233981,4207.042647364585,2887.5907251707035,3601.3021779787096,2887.5907251707035,3601.3021779787096,3172.2515814593185,2842.649397166499,3172.2515814593185,2842.649397166499,2597.376394630701,3582.6435061845777,2597.376394630701,3582.6435061845777,1718.6234918233981,4207.042647364585,1718.6234918233981,4207.042647364585,3103.1257797478165,3811.414795712394,3103.1257797478165,3811.414795712394,4390.229754286472,2594.146645098136,4390.229754286472,2594.146645098136,3651.298180466153,3159.9180785681556,3651.298180466153,3159.9180785681556,2516.137985710027,4127.99973814345,2516.137985710027,4127.99973814345,2918.4213568905157,2719.5873094746253,2918.4213568905157,2719.5873094746253,4192.412276917261,5742.237752091276,4192.412276917261,5742.237752091276,2208.5426994454706,2564.14682403196,2208.5426994454706,2564.14682403196,7561.18658902816,5555.798604206349,7561.18658902816,5555.798604206349,2076.789647338769,2645.3330800000485,2076.789647338769,2645.3330800000485,2592.7388114554274,5266.071898497942,2592.7388114554274,5266.071898497942,2068.0168145486655,3119.380451753432,2068.0168145486655,3119.380451753432,3583.5378095360306,4629.475714344231,3583.5378095360306,4629.475714344231
1867.1099157024157,1605.8495882273676,1867.1099157024157,1605.8495882273676,1924.9450157887434,1339.258955914344,1924.9450157887434,1339.258955914344,1777.1749015099795,1742.9547690041338,1777.1749015099795,1742.9547690041338,1756.1499490128451,1847.3482916680427,1756.1499490128451,1847.3482916680427,1867.1099157024157,1605.8495882273676,1867.1099157024157,1605.8495882273676,1924.9450157887434,1339.258955914344,1924.9450157887434,1339.258955914344,1658.4944993562135,1622.7650087226089,1658.4944993562135,1622.7650087226089,1785.6702491954973,1493.078246740373,1785.6702491954973,1493.078246740373,1715.0907944362475,1378.675521060691,1715.0907944362475,1378.675521060691,1731.8273718876437,2197.7623776604564,1731.8273718876437,2197.7623776604564,1534.4870533734397,1419.0399826318057,1534.4870533734397,1419.0399826318057,1594.0533329124462,1240.2667149484128,1594.0533329124462,1240.2667149484128,1641.474062450677,1447.8228258707609,1641.474062450677,1447.8228258707609,1673.947235571807,1420.911002522363,1673.947235571807,1420.911002522363,1731.5882152246763,1473.1747684875875,1731.5882152246763,1473.1747684875875,1806.3304879481032,2439.4497536512163,1806.3304879481032,2439.4497536512163,1911.7865717651239,1572.4382703114466,1911.7865717651239,1572.4382703114466,2179.924687861322,2195.946926211098,2179.924687861322,2195.946926211098
1446.1093876318607,1595.9925109131577,1446.1093876318607,1595.9925109131577,1513.9477450146326,1039.5154948323625,1513.9477450146326,1039.5154948323625,1196.1831447080192,1592.286708700294,1196.1831447080192,1592.286708700294,1994.7252304236274,1089.7397127521908,1994.7252304236274,1089.7397127521908,1446.1093876318607,1595.9925109131577,1446.1093876318607,1595.9925109131577,1513.9477450146326,1039.5154948323625,1513.9477450146326,1039.5154948323625,1292.4493995302696,1278.0681396792343,1292.4493995302696,1278.0681396792343,2076.4432861049063,1141.4381653691942,2076.4432861049063,1141.4381653691942,1285.454963053799,1165.0601567587582,1285.454963053799,1165.0601567587582,1322.313747706527,1562.0780962341792,1322.313747706527,1562.0780962341792,1218.8980490807223,1176.914351885962,1218.8980490807223,1176.914351885962,714.0704982400013,1488.7531789186269,714.0704982400013,1488.7531789186269,1036.073468922763,743.7538248390397,1036.073468922763,743.7538248390397,1617.0827466061883,2314.8662804145633,1617.0827466061883,2314.8662804145633,1256.3564893478076,715.4498126946003,1256.3564893478076,715.4498126946003,819.6407932226377,2111.806359404864,819.6407932226377,2111.806359404864,1049.374549364609,751.688413695506,1049.374549364609,751.688413695506,1064.3122954924816,1564.9619940065409,1064.3122954924816,1564.9619940065409
5539.306388891003,5305.196211114226,5539.306388891003,5305.196211114226,4846.582958629538,4165.224364868586,4846.582958629538,4165.224364868586,5855.094406742826,5289.114608897333,5855.094406742826,5289.114608897333,5273.137253483989,4562.273923105318,5273.137253483989,4562.273923105318,5539.306388891003,5305.196211114226,5539.306388891003,5305.196211114226,4846.582958629538,4165.224364868586,4846.582958629538,4165.224364868586,4066.379829727523,4229.180889511201,4066.379829727523,4229.180889511201,3773.5715120896266,3676.991114302792,3773.5715120896266,3676.991114302792,4162.713965029265,4750.911149091543,4162.713965029265,4750.911149091543,3919.7664540507553,4941.447606935161,3919.7664540507553,4941.447606935161,4518.1271033671255,4031.4515127776117,4518.1271033671255,4031.4515127776117,5876.642960184269,4276.047913048176,5876.642960184269,4276.047913048176,3278.142308840149,5079.904552590024,3278.142308840149,5079.904552590024,3547.6047569710636,3749.4844574425188,3547.6047569710636,3749.4844574425188,4981.661311783632,5227.372201466229,4981.661311783632,5227.372201466229,4405.751943233977,4110.8832328160015,4405.751943233977,4110.8832328160015,4020.5311331095363,4311.899946499111,4020.5311331095363,4311.899946499111,3947.6961858836453,4330.433466370589,3947.6961858836453,4330.433466370589
2998.1646089208407,3831.133935123754,2998.1646089208407,3831.133935123754,5611.391427738896,4236.356014021827,5611.391427738896,4236.356014021827,3181.1489376311993,3219.2799297540114,3181.1489376311993,3219.2799297540114,2577.4760457658053,5041.296696526038,2577.4760457658053,5041.296696526038,2998.1646089208407,3831.133935123754,2998.1646089208407,3831.133935123754,5611.391427738896,4236.356014021827,5611.391427738896,4236.356014021827,3740.6842865142853,5082.759851194716,3740.6842865142853,5082.759851194716,3195.6888688152567,5592.623480595569,3195.6888688152567,5592.623480595569,3933.352442986684,3603.7771925209317,3933.352442986684,3603.7771925209317,3452.9574019670786,5108.444783570037,3452.9574019670786,5108.444783570037,3812.6303456319847,5107.3960268026385,3812.6303456319847,5107.3960268026385,7083.1991894235525,5136.816574601011,7083.1991894235525,5136.816574601011,5166.113240034728,4022.835854363783,5166.113240034728,4022.835854363783,4405.852668933835,2955.031203203006,4405.852668933835,2955.031203203006,4486.870169480767,3468.84915473098,4486.870169480767,3468.84915473098,4658.532738532608,5431.31528810923,4658.532738532608,5431.31528810923,4083.350336220437,5774.029540095099,4083.350336220437,5774.029540095099,4621.274188930122,5118.3463758845155,4621.274188930122,5118.3463758845155
8741.424074205383,8151.6717236147015,8741.424074205383,8151.6717236147015,7055.296809175755,9837.040925798903,7055.296809175755,9837.040925798903,8413.965417701731,9577.476939393315,8413.965417701731,9577.476939393315,10947.537977485474,9523.253810711632,10947.537977485474,9523.253810711632,8741.424074205383,8151.6717236147015,8741.424074205383,8151.6717236147015,7055.296809175755,9837.040925798903,7055.296809175755,9837.040925798903,9560.683872520598,5534.268082546808,9560.683872520598,5534.268082546808,4576.845044533454,5138.795691800502,4576.845044533454,5138.795691800502,8954.76822988605,7250.432907465095,8954.76822988605,7250.432907465095,3573.6201195110357,5377.101004871128,3573.6201195110357,5377.101004871128,7440.706271426695,6975.133896121474,7440.706271426695,6975.133896121474,5732.474894973112,4639.110350551101,5732.474894973112,4639.110350551101,7033.765430523494,7093.138583165611,7033.765430523494,7093.138583165611,8316.546884325462,7496.2701057476115,8316.546884325462,7496.2701057476115,8415.82886527343,7797.291809336894,8415.82886527343,7797.291809336894,4227.573752951701,4149.871359816734,4227.573752951701,4149.871359816734,7214.500354222032,5015.443770744407,7214.500354222032,5015.443770744407,6831.241400879478,5432.913259410848,6831.241400879478,5432.913259410848
4985.226015481662,5628.030928849553,4985.226015481662,5628.030928849553,4732.733488327103,4849.082914875976,4732.733488327103,4849.082914875976,4852.067356145626,5121.6128680160355,4852.067356145626,5121.6128680160355,5155.8861879658625,3638.126216204009,5155.8861879658625,3638.126216204009,4985.226015481662,5628.030928849553,4985.226015481662,5628.030928849553,4732.733488327103,4849.082914875976,4732.733488327103,4849.082914875976,4769.497257096911,3719.2770637288363,4769.497257096911,3719.2770637288363,2333.4335412408263,4812.481920033614,2333.4335412408263,4812.481920033614,6040.594065810739,3694.988109422871,6040.594065810739,3694.988109422871,4760.829183062468,2527.8701450097583,4760.829183062468,2527.8701450097583,4458.909054101492,4271.524715139801,4458.909054101492,4271.524715139801,3460.1269119721323,3098.136502042233,3460.1269119721323,3098.136502042233,4196.863026343845,3240.596665138079,4196.863026343845,3240.596665138079,4155.055810561019,2733.184236919604,4155.055810561019,2733.184236919604,4971.449069218947,3591.737202868126,4971.449069218947,3591.737202868126,2747.6389235695883,3824.2380764519125,2747.6389235695883,3824.2380764519125,4109.210828753361,3501.7771515364234,4109.210828753361,3501.7771515364234,2369.3007185160927,3371.460019906934,2369.3007185160927,3371.460019906934
990.2311015635694,792.5715995545039,990.2311015635694,792.5715995545039,866.9968083839786,528.9661625911269,866.9968083839786,528.9661625911269,984.3753477842146,771.0473003940727,984.3753477842146,771.0473003940727,712.0799034699874,557.4654767347479,712.0799034699874,557.4654767347479,990.2311015635694,792.5715995545039,990.2311015635694,792.5715995545039,866.9968083839786,528.9661625911269,866.9968083839786,528.9661625911269,755.4334813703372,658.4341292142632,755.4334813703372,658.4341292142632,773.8603253684352,872.0385457155957,773.8603253684352,872.0385457155957,573.9548764928123,776.9332442855996,573.9548764928123,776.9332442855996,686.5193657459955,771.9151763000227,686.5193657459955,771.9151763000227,725.365813001293,667.7753211331044,725.365813001293,667.7753211331044,653.5023357863316,809.5525007265106,653.5023357863316,809.5525007265106,587.791341055151,624.5123559245533,587.791341055151,624.5123559245533,694.4577170062518,712.3080515286139,694.4577170062518,712.3080515286139,758.1969844987251,792.1805458581866,758.1969844987251,792.1805458581866,1107.551378900623,702.4156208439736,1107.551378900623,702.4156208439736,637.8341593255118,587.0427313337119,637.8341593255118,587.0427313337119,794.711319432883,869.463329014386,794.711319432883,869.463329014386
2486.4401234232328,1858.0169268452112,2486.4401234232328,1858.0169268452112,3321.2543621388522,2322.336032505616,3321.2543621388522,2322.336032505616,1995.561580899129,1767.555207047476,1995.561580899129,1767.555207047476,2258.230859235952,2193.0647832692107,2258.230859235952,2193.0647832692107,2486.4401234232328,1858.0169268452112,2486.4401234232328,1858.0169268452112,3321.2543621388522,2322.336032505616,3321.2543621388522,2322.336032505616,2225.5854200145113,2426.95916860864,2225.5854200145113,2426.95916860864,3537.7465597230494,3783.7580289160146,3537.7465597230494,3783.7580289160146,3156.8724520028227,2533.0730523445195,3156.8724520028227,2533.0730523445195,3128.357020578789,2848.308181042485,3128.357020578789,2848.308181042485,2207.7744600182064,2057.0184987315456,2207.7744600182064,2057.0184987315456,4325.713896322261,3295.986994947756,4325.713896322261,3295.986994947756,3723.2171571271865,2575.2011124740734,3723.2171571271865,2575.2011124740734,2863.0469450126348,3492.879759475791,2863.0469450126348,3492.879759475791,2027.388256824509,2751.605895170187,2027.388256824509,2751.605895170187,4669.524571293579,3464.496128396507,4669.524571293579,3464.496128396507,2700.581931339921,2562.854083352812,2700.581931339921,2562.854083352812,3437.9924171175644,3964.9856228782087,3437.9924171175644,3964.9856228782087
7076.190650344635,7532.877975567536,7076.190650344635,7532.877975567536,8194.196913853268,11540.690402405473,8194.196913853268,11540.690402405473,6682.971856313003,7186.034607669338,6682.971856313003,7186.034607669338,8862.502785497663,11954.724669637926,8862.502785497663,11954.724669637926,7076.190650344635,7532.877975567536,7076.190650344635,7532.877975567536,8194.196913853268,11540.690402405473,8194.196913853268,11540.690402405473,7392.808247945921,10005.510445561975,7392.808247945921,10005.510445561975,8822.760925971426,10339.042123858844,8822.760925971426,10339.042123858844,8038.358036456301,9267.499315491756,8038.358036456301,9267.499315491756,8635.566682044593,12345.470989635776,8635.566682044593,12345.470989635776,8272.034436619913,9093.743336262209,8272.034436619913,9093.743336262209,8181.7619664962485,9994.984308050492,8181.7619664962485,9994.984308050492,6953.561310745348,10153.18675209076,6953.561310745348,10153.18675209076,6881.60192851285,10113.803209192198,6881.60192851285,10113.803209192198,8529.211651041573,10703.714968433153,8529.211651041573,10703.714968433153,8016.344042248008,8670.703713901106,8016.344042248008,8670.703713901106,7110.603380592484,10004.078128414001,7110.603380592484,10004.078128414001,8144.458798800299,9451.942951929008,8144.458798800299,9451.942951929008
6285.786615141318,7817.3519872238685,6285.786615141318,7817.3519872238685,8565.343747858875,6966.413603319153,8565.343747858875,6966.413603319153,6583.606667123337,7760.602123415523,6583.606667123337,7760.602123415523,6837.5107003965095,6896.993769219484,6837.5107003965095,6896.993769219484,6285.786615141318,7817.3519872238685,6285.786615141318,7817.3519872238685,8565.343747858875,6966.413603319153,8565.343747858875,6966.413603319153,7252.3782353798615,7181.653020286772,7252.3782353798615,7181.653020286772,7007.574127068413,5727.544312110868,7007.574127068413,5727.544312110868,6296.816016244975,5850.995477470673,6296.816016244975,5850.995477470673,9114.164613068739,4504.600584824737,9114.164613068739,4504.600584824737,7404.156623157318,6849.460070577999,7404.156623157318,6849.460070577999,6851.659693138524,6057.417811902977,6851.659693138524,6057.417811902977,5182.909376407381,7752.465311290918,5182.909376407381,7752.465311290918,3037.8495315036175,7379.481456511525,3037.8495315036175,7379.481456511525,6976.627187068413,5006.653032623817,6976.627187068413,5006.653032623817,6996.273939179513,6530.663424182772,6996.273939179513,6530.663424182772,5363.094663938755,4636.932971382544,5363.094663938755,4636.932971382544,3187.8841256818723,5684.386657007348,3187.8841256818723,5684.386657007348
4430.5061183772,3882.7645186083114,4430.5061183772,3882.7645186083114,3695.5082986378957,4230.232926650289,3695.5082986378957,4230.232926650289,4062.484442027897,3373.426575297522,4062.484442027897,3373.426575297522,4405.211501096696,4319.214345738535,4405.211501096696,4319.214345738535,4430.5061183772,3882.7645186083114,4430.5061183772,3882.7645186083114,3695.5082986378957,4230.232926650289,3695.5082986378957,4230.232926650289,4430.147907562143,2936.5667722213198,4430.147907562143,2936.5667722213198,6165.310967463312,4341.442296281738,6165.310967463312,4341.442296281738,5955.463213035345,3882.8468020605374,5955.463213035345,3882.8468020605374,3858.688233714516,3083.392782803564,3858.688233714516,3083.392782803564,2822.6415363747014,2744.878633090885,2822.6415363747014,2744.878633090885,5995.5937962307025,2602.9172915434265,5995.5937962307025,2602.9172915434265,4750.980109795779,2636.743974001067,4750.980109795779,2636.743974001067,7083.60054037326,6666.528837484702,7083.60054037326,6666.528837484702,3341.253813772673,4669.615621877275,3341.253813772673,4669.615621877275,8041.141872255799,4266.58390205334,8041.141872255799,4266.58390205334,4552.94903228941,4077.789121051702,4552.94903228941,4077.789121051702,3192.1901268063298,3404.2427160008133,3192.1901268063298,3404.2427160008133
2110.7876006983743,2012.1384195701137,2110.7876006983743,2012.1384195701137,3232.30062771491,2493.8480920145944,3232.30062771491,2493.8480920145944,1853.099692709304,2033.8079241366745,1853.099692709304,2033.8079241366745,2165.4788977154776,2088.1218442022305,2165.4788977154776,2088.1218442022305,2110.7876006983743,2012.1384195701137,2110.7876006983743,2012.1384195701137,3232.30062771491,2493.8480920145944,3232.30062771491,2493.8480920145944,2017.1885834989591,3003.5817967692274,2017.1885834989591,3003.5817967692274,4879.7799316878,2963.5508997243514,4879.7799316878,2963.5508997243514,1551.6872165249372,2580.016889429988,1551.6872165249372,2580.016889429988,3095.471851920746,1604.2943564470058,3095.471851920746,1604.2943564470058,2625.044090308586,2873.4114235128036,2625.044090308586,2873.4114235128036,2759.670099570915,4272.703021981956,2759.670099570915,4272.703021981956,2126.424399674575,2772.5658087898382,2126.424399674575,2772.5658087898382,2287.044077216146,3607.6719536773885,2287.044077216146,3607.6719536773885,2444.327646230402,3060.4580980973337,2444.327646230402,3060.4580980973337,3066.787423062502,2827.3211460371394,3066.787423062502,2827.3211460371394,2720.2423382686716,3146.62302274068,2720.2423382686716,3146.62302274068,2619.4164085440525,2986.9843107145607,2619.4164085440525,2986.9843107145607
4872.177755708909,4392.9929845387205,4872.177755708909,4392.9929845387205,6632.405704717175,5282.166216791763,6632.405704717175,5282.166216791763,5667.263846448788,4932.879298556769,5667.263846448788,4932.879298556769,5463.976447235271,5915.193151711646,5463.976447235271,5915.193151711646,4872.177755708909,4392.9929845387205,4872.177755708909,4392.9929845387205,6632.405704717175,5282.166216791763,6632.405704717175,5282.166216791763,5497.164226157861,5569.651954917288,5497.164226157861,5569.651954917288,4047.764374297739,5812.555422294003,4047.764374297739,5812.555422294003,4843.3282796467165,4689.879287728683,4843.3282796467165,4689.879287728683,4537.472513745242,3743.264062977711,4537.472513745242,3743.264062977711,6378.885534871499,4814.426103446999,6378.885534871499,4814.426103446999,5959.164056007884,7003.196904043221,5959.164056007884,7003.196904043221,4951.856053582209,4259.981298481771,4951.856053582209,4259.981298481771,6547.483623785878,5686.21022357785,6547.483623785878,5686.21022357785,5607.895129582171,4545.565265704867,5607.895129582171,4545.565265704867,4542.305621422607,3930.4766153726164,4542.305621422607,3930.4766153726164,4936.722779960158,3842.8992663450813,4936.722779960158,3842.8992663450813,6347.571577569449,3789.234918500523,6347.571577569449,3789.234918500523
8062.717545618677,7141.221988190707,8062.717545618677,7141.221988190707,6622.628100562375,6041.305002171075,6622.628100562375,6041.305002171075,8114.757834812872,7422.195346339983,8114.757834812872,7422.195346339983,6085.407325761587,5505.21920239407,6085.407325761587,5505.21920239407,8062.717545618677,7141.221988190707,8062.717545618677,7141.221988190707,6622.628100562375,6041.305002171075,6622.628100562375,6041.305002171075,6990.580698201166,5821.00126114515,6990.580698201166,5821.00126114515,7088.90702135506,6224.153694821497,7088.90702135506,6224.153694821497,7333.334857528289,7583.368213568977,7333.334857528289,7583.368213568977,6448.766998935819,6732.56337124773,6448.766998935819,6732.56337124773,7619.782637818996,7734.463936965438,7619.782637818996,7734.463936965438,5072.487131514337,6756.844774458464,5072.487131514337,6756.844774458464,8882.468587232834,5677.134892798655,8882.468587232834,5677.134892798655,7611.848969363133,5578.900906732886,7611.848969363133,5578.900906732886,6052.630638056409,8293.46140893531,6052.630638056409,8293.46140893531,5952.310196388428,5681.128661884856,5952.310196388428,5681.128661884856,8061.577839834811,5285.646646673276,8061.577839834811,5285.646646673276,6185.689568921652,4708.9282983184185,6185.689568921652,4708.9282983184185
9745.560251844274,9749.478190521937,9745.560251844274,9749.478190521937,10751.982671035614,7640.595500550931,10751.982671035614,7640.595500550931,9521.099871351564,9219.986269471628,9521.099871351564,9219.986269471628,9452.843219910641,9862.510053436863,9452.843219910641,9862.510053436863,9745.560251844274,9749.478190521937,9745.560251844274,9749.478190521937,10751.982671035614,7640.595500550931,10751.982671035614,7640.595500550931,6865.562477242632,6268.522663167744,6865.562477242632,6268.522663167744,5531.408180708901,9223.734384534193,5531.408180708901,9223.734384534193,8253.573812924686,8436.870125445315,8253.573812924686,8436.870125445315,7980.75666334314,10093.275130382248,7980.75666334314,10093.275130382248,7692.5225931221485,7223.034668889609,7692.5225931221485,7223.034668889609,7151.56066155395,7318.068143406438,7151.56066155395,7318.068143406438,7008.162823635585,7032.105456944307,7008.162823635585,7032.105456944307,10447.39308364273,6597.619786382583,10447.39308364273,6597.619786382583,7687.271528737637,8329.496022669644,7687.271528737637,8329.496022669644,7355.0020691805985,7867.742075808508,7355.0020691805985,7867.742075808508,8495.591038888953,10144.29428034877,8495.591038888953,10144.29428034877,6575.279965758391,8818.849643559442,6575.279965758391,8818.849643559442
1484.7250489907174,1456.3617415872764,1484.7250489907174,1456.3617415872764,1567.1299348833986,1925.420638512856,1567.1299348833986,1925.420638512856,1175.8641125456375,1835.9933753073337,1175.8641125456375,1835.9933753073337,988.8447552173285,1845.2421310435705,988.8447552173285,1845.2421310435705,1484.7250489907174,1456.3617415872764,1484.7250489907174,1456.3617415872764,1567.1299348833986,1925.420638512856,1567.1299348833986,1925.420638512856,764.1932755653294,700.5174860204454,764.1932755653294,700.5174860204454,1365.2498732164568,1022.659866877507,1365.2498732164568,1022.659866877507,1414.0869236255824,1200.9909692846709,1414.0869236255824,1200.9909692846709,1072.3176165685732,1480.6445363628231,1072.3176165685732,1480.6445363628231,828.5420457715221,651.0800808768821,828.5420457715221,651.0800808768821,883.4412762762461,1740.5931263358282,883.4412762762461,1740.5931263358282,1763.6517709738046,2575.8292780424476,1763.6517709738046,2575.8292780424476,2456.7488244253195,3844.0567236595143,2456.7488244253195,3844.0567236595143,1242.405700666202,666.0264973208053,1242.405700666202,666.0264973208053,708.7144784795572,1377.0836796762414,708.7144784795572,1377.0836796762414,1249.4935326502853,1216.0364876442884,1249.4935326502853,1216.0364876442884,1297.076928853227,1211.483645439535,1297.076928853227,1211.483645439535
8536.779587175715,8187.640259407123,8536.779587175715,8187.640259407123,8358.715899966615,9717.414114574503,8358.715899966615,9717.414114574503,9365.006453701624,7506.123847330365,9365.006453701624,7506.123847330365,7634.641943770694,7988.9799525036915,7634.641943770694,7988.9799525036915,8536.779587175715,8187.640259407123,8536.779587175715,8187.640259407123,8358.715899966615,9717.414114574503,8358.715899966615,9717.414114574503,9175.131841706087,9703.355679830263,9175.131841706087,9703.355679830263,11171.96989901626,12564.189477702803,11171.96989901626,12564.189477702803,7903.866682024257,7195.9069471959065,7903.866682024257,7195.9069471959065,12558.66752845016,7790.77197123298,12558.66752845016,7790.77197123298,10048.23281138475,8370.856397239311,10048.23281138475,8370.856397239311,9772.948244232179,11413.77138595822,9772.948244232179,11413.77138595822,10006.862438078142,9980.174448611195,10006.862438078142,9980.174448611195,9911.385459462592,11384.477773069135,9911.385459462592,11384.477773069135,10419.801627760666,9112.425121723201,10419.801627760666,9112.425121723201,13103.298175456724,9216.207852777201,13103.298175456724,9216.207852777201,14037.685106807034,9185.083283578319,14037.685106807034,9185.083283578319,11549.38099667768,13226.569329223244,11549.38099667768,13226.569329223244
8282.599667222257,7558.355897955889,8282.599667222257,7558.355897955889,10152.500381282367,7588.209261790884,10152.500381282367,7588.209261790884,9035.271846744443,7060.2692277635315,9035.271846744443,7060.2692277635315,8708.756912509723,7602.998718452378,8708.756912509723,7602.998718452378,8282.599667222257,7558.355897955889,8282.599667222257,7558.355897955889,10152.500381282367,7588.209261790884,10152.500381282367,7588.209261790884,9136.201656171053,6611.988695845482,9136.201656171053,6611.988695845482,6780.808915046962,8275.922529749068,6780.808915046962,8275.922529749068,9052.552508313769,9972.45452638684,9052.552508313769,9972.45452638684,9317.655927876287,8714.694179436072,9317.655927876287,8714.694179436072,9564.178036562598,7438.938175695979,9564.178036562598,7438.938175695979,7992.549067189039,8904.702142661974,7992.549067189039,8904.702142661974,7479.714891349967,7882.599488036941,7479.714891349967,7882.599488036941,8655.544313862885,8372.500437063423,8655.544313862885,8372.500437063423,8376.09180975372,10346.066304733971,8376.09180975372,10346.066304733971,9287.472863935875,10530.564274292332,9287.472863935875,10530.564274292332,7513.300342419102,9031.939023171622,7513.300342419102,9031.939023171622,9400.719460232178,8820.40433545796,9400.719460232178,8820.40433545796
895.5237107802451,763.5508390426313,895.5237107802451,763.5508390426313,327.66414968220937,348.8931510082261,327.66414968220937,348.8931510082261,1172.5382665968095,874.4988925042372,1172.5382665968095,874.4988925042372,655.7802407182336,423.1269167101679,655.7802407182336,423.1269167101679,895.5237107802451,763.5508390426313,895.5237107802451,763.5508390426313,327.66414968220937,348.8931510082261,327.66414968220937,348.8931510082261,579.6648130161219,502.12983554146496,579.6648130161219,502.12983554146496,508.53088625826337,584.0251493072373,508.53088625826337,584.0251493072373,631.4326971753378,426.7244112603242,631.4326971753378,426.7244112603242,397.74494350396765,514.781634099175,397.74494350396765,514.781634099175,599.7981065630313,233.23469054813953,599.7981065630313,233.23469054813953,1073.040328671694,646.0690665319173,1073.040328671694,646.0690665319173,591.476364746224,590.5377845504771,591.476364746224,590.5377845504771,616.5949862185952,1152.3937076027864,616.5949862185952,1152.3937076027864,523.1108961380268,483.643490280747,523.1108961380268,483.643490280747,785.2097816700127,786.7234300733006,785.2097816700127,786.7234300733006,431.72115987352976,415.9824989992079,431.72115987352976,415.9824989992079,715.737049363281,778.8068823166242,715.737049363281,778.8068823166242
5145.282479970128,5554.3301669642005,5145.282479970128,5554.3301669642005,4342.543495013232,3466.6207559797062,4342.543495013232,3466.6207559797062,5297.053490252287,5439.150844352273,5297.053490252287,5439.150844352273,3688.7374747809713,4420.984915029169,3688.7374747809713,4420.984915029169,5145.282479970128,5554.3301669642005,5145.282479970128,5554.3301669642005,4342.543495013232,3466.6207559797062,4342.543495013232,3466.6207559797062,4172.5566750058815,4409.910125481742,4172.5566750058815,4409.910125481742,4169.343386221583,4027.4950873887346,4169.343386221583,4027.4950873887346,4085.8207379826563,4227.1575967581475,4085.8207379826563,4227.1575967581475,5057.886558202673,4754.930198528541,5057.886558202673,4754.930198528541,5011.895688790351,4231.168675836605,5011.895688790351,4231.168675836605,4222.523034067018,4393.29790855878,4222.523034067018,4393.29790855878,5063.012209238592,4281.379708622872,5063.012209238592,4281.379708622872,3814.8314595374445,3350.2042519018364,3814.8314595374445,3350.2042519018364,4730.032025125512,4362.180033857642,4730.032025125512,4362.180033857642,4087.3983386170053,3527.8095582487013,4087.3983386170053,3527.8095582487013,4257.37333288671,4101.393348412169,4257.37333288671,4101.393348412169,4037.022265392701,3702.535105250279,4037.022265392701,3702.535105250279
1998.2591870536448,2311.6602514738493,1998.2591870536448,2311.6602514738493,2637.1309273586,1443.0581100113347,2637.1309273586,1443.0581100113347,2081.1606574031766,2196.2405136499565,2081.1606574031766,2196.2405136499565,2188.1768994782383,1958.1184314029067,2188.1768994782383,1958.1184314029067,1998.2591870536448,2311.6602514738493,1998.2591870536448,2311.6602514738493,2637.1309273586,1443.0581100113347,2637.1309273586,1443.0581100113347,2251.104242934091,2941.5587494936412,2251.104242934091,2941.5587494936412,1587.2120805312993,2105.6989060825813,1587.2120805312993,2105.6989060825813,3603.143338222726,2837.319789788355,3603.143338222726,2837.319789788355,1442.6672888984956,2807.9938418556417,1442.6672888984956,2807.9938418556417,2669.56626572101,2671.5873394922246,2669.56626572101,2671.5873394922246,1961.9832385677764,1875.4399835710633,1961.9832385677764,1875.4399835710633,1529.462600857423,1404.1293668677483,1529.462600857423,1404.1293668677483,1115.5933160266588,2269.2686646815455,1115.5933160266588,2269.2686646815455,2296.208855235507,3001.995802072734,2296.208855235507,3001.995802072734,1649.189198385833,2659.0909558087233,1649.189198385833,2659.0909558087233,2227.1511443229992,2212.357323147623,2227.1511443229992,2212.357323147623,1558.0468749062227,3131.2968294784578,1558.0468749062227,3131.2968294784578
1794.3732435873524,1408.8228309695455,1794.3732435873524,1408.8228309695455,1431.5308263979914,1608.7256870354533,1431.5308263979914,1608.7256870354533,1597.0322801435075,1633.5794999818677,1597.0322801435075,1633.5794999818677,1773.7552100671671,1420.912137514487,1773.7552100671671,1420.912137514487,1794.3732435873524,1408.8228309695455,1794.3732435873524,1408.8228309695455,1431.5308263979914,1608.7256870354533,1431.5308263979914,1608.7256870354533,1327.817752304745,1169.3131247306248,1327.817752304745,1169.3131247306248,1371.9713142988082,1469.7366836649187,1371.9713142988082,1469.7366836649187,1467.1357802751666,1068.4909709193319,1467.1357802751666,1068.4909709193319,1321.614497133982,1139.146079611299,1321.614497133982,1139.146079611299,1249.117936415891,1231.676046284605,1249.117936415891,1231.676046284605,1152.5872622543804,1415.8129581333226,1152.5872622543804,1415.8129581333226,1420.8603694238604,1243.4592841202027,1420.8603694238604,1243.4592841202027,1672.2941104766742,1497.7839221164124,1672.2941104766742,1497.7839221164124,1420.0048981400091,1450.7899323903118,1420.0048981400091,1450.7899323903118,1263.0628479219772,1248.6317465686911,1263.0628479219772,1248.6317465686911,1799.4199726226748,1826.9243507303602,1799.4199726226748,1826.9243507303602,1383.3387831740508,1934.9075414457288,1383.3387831740508,1934.9075414457288
1214.305309212127,1262.6783882658733,1214.305309212127,1262.6783882658733,912.3778770493373,729.2242132110341,912.3778770493373,729.2242132110341,1137.9032571595474,1194.967430295291,1137.9032571595474,1194.967430295291,1290.0702800868025,946.8074126735283,1290.0702800868025,946.8074126735283,1214.305309212127,1262.6783882658733,1214.305309212127,1262.6783882658733,912.3778770493373,729.2242132110341,912.3778770493373,729.2242132110341,915.385342543322,767.1948622869907,915.385342543322,767.1948622869907,731.8148567896902,935.9091070640998,731.8148567896902,935.9091070640998,850.5311967607684,944.8324808233835,850.5311967607684,944.8324808233835,701.1203003343401,931.0175737393483,701.1203003343401,931.0175737393483,941.5607273468042,789.2360586190485,941.5607273468042,789.2360586190485,727.1984716085287,749.8925283445142,727.1984716085287,749.8925283445142,595.7732063273672,430.3979149453697,595.7732063273672,430.3979149453697,529.1484039526739,726.6773566474556,529.1484039526739,726.6773566474556,810.3498065759369,739.570853938823,810.3498065759369,739.570853938823,719.2478605756158,690.2870883932288,719.2478605756158,690.2870883932288,784.1097980042026,944.1598619232485,784.1097980042026,944.1598619232485,1520.990130711299,445.51909687046617,1520.990130711299,445.51909687046617
2736.3282391535117,2717.5457155578592,2736.3282391535117,2717.5457155578592,3021.42388766293,2670.876865011947,3021.42388766293,2670.876865011947,2833.8689554057883,2631.701401471803,2833.8689554057883,2631.701401471803,2740.003555254282,2626.5836798510395,2740.003555254282,2626.5836798510395,2736.3282391535117,2717.5457155578592,2736.3282391535117,2717.5457155578592,3021.42388766293,2670.876865011947,3021.42388766293,2670.876865011947,2808.6052124634375,3066.8759191255217,2808.6052124634375,3066.8759191255217,3161.0409039387255,3288.4354998546914,3161.0409039387255,3288.4354998546914,3120.7877075755937,2718.304001094815,3120.7877075755937,2718.304001094815,3121.285806752248,3112.790596475727,3121.285806752248,3112.790596475727,2697.381437063753,3046.88010205892,2697.381437063753,3046.88010205892,2483.814386261171,3582.7848035210636,2483.814386261171,3582.7848035210636,2919.7173506385743,2251.537213463777,2919.7173506385743,2251.537213463777,2936.7500339160856,3892.242796325309,2936.7500339160856,3892.242796325309,2229.6891300359634,2819.972603241063,2229.6891300359634,2819.972603241063,3548.7074029454993,2713.467157239465,3548.7074029454993,2713.467157239465,2564.9704704207356,2765.3015498680984,2564.9704704207356,2765.3015498680984,3110.2916691957357,3499.1596639272334,3110.2916691957357,3499.1596639272334
2372.5609069750544,2402.8925195498455,2372.5609069750544,2402.8925195498455,2527.9881757692565,1855.6674544518523,2527.9881757692565,1855.6674544518523,2373.4564744135932,2045.8848349221864,2373.4564744135932,2045.8848349221864,1970.4297544876438,2187.2079584944563,1970.4297544876438,2187.2079584944563,2372.5609069750544,2402.8925195498455,2372.5609069750544,2402.8925195498455,2527.9881757692565,1855.6674544518523,2527.9881757692565,1855.6674544518523,1823.085578589323,1951.090452909602,1823.085578589323,1951.090452909602,1352.058441804363,891.9517642780031,1352.058441804363,891.9517642780031,2012.9230900451769,1785.4707735345999,2012.9230900451769,1785.4707735345999,1916.836303777566,995.0225778451785,1916.836303777566,995.0225778451785,1530.7575212462932,2147.1401267722586,1530.7575212462932,2147.1401267722586,1119.6129304649353,1298.5234979380366,1119.6129304649353,1298.5234979380366,1601.1866092390778,882.4341972264845,1601.1866092390778,882.4341972264845,479.7715296264123,1158.9200588135304,479.7715296264123,1158.9200588135304,1385.3520405398501,1526.3025087391159,1385.3520405398501,1526.3025087391159,2290.065694604083,1217.7912630268706,2290.065694604083,1217.7912630268706,1103.7192467263692,1574.9562654048075,1103.7192467263692,1574.9562654048075,381.21437073800337,909.9605610843292,381.21437073800337,909.9605610843292
5820.698089986663,5159.464693889442,5820.698089986663,5159.464693889442,5358.68316545659,5348.571776705073,5358.68316545659,5348.571776705073,6243.221699109659,5667.385852918355,6243.221699109659,5667.385852918355,5561.435914830702,5576.54697825267,5561.435914830702,5576.54697825267,5820.698089986663,5159.464693889442,5820.698089986663,5159.464693889442,5358.68316545659,5348.571776705073,5358.68316545659,5348.571776705073,5644.72672189075,5784.364634070081,5644.72672189075,5784.364634070081,6420.103216081849,5481.105801246216,6420.103216081849,5481.105801246216,5364.004157552965,5097.252700698383,5364.004157552965,5097.252700698383,5625.05238721184,5136.666320900186,5625.05238721184,5136.666320900186,5144.576421353245,5449.437801031027,5144.576421353245,5449.437801031027,5539.5550449991815,5179.80805376046,5539.5550449991815,5179.80805376046,5377.8206147134415,4956.066604438563,5377.8206147134415,4956.066604438563,5792.998109991529,6080.278628913117,5792.998109991529,6080.278628913117,5689.692174574498,5787.754328955769,5689.692174574498,5787.754328955769,5031.885993245722,5827.067039295332,5031.885993245722,5827.067039295332,5084.348578610472,5746.0507397715455,5084.348578610472,5746.0507397715455,5406.514382032598,4838.481723343133,5406.514382032598,4838.481723343133
2580.515876430504,2975.7720536362754,2580.515876430504,2975.7720536362754,1481.3640137269224,2748.4121225290155,1481.3640137269224,2748.4121225290155,2536.7608629949805,3018.990516755116,2536.7608629949805,3018.990516755116,2243.558716412984,2763.1956769357375,2243.558716412984,2763.1956769357375,2580.515876430504,2975.7720536362754,2580.515876430504,2975.7720536362754,1481.3640137269224,2748.4121225290155,1481.3640137269224,2748.4121225290155,2712.1059643099925,3206.6864979472466,2712.1059643099925,3206.6864979472466,3596.4533791007384,2278.22911988374,3596.4533791007384,2278.22911988374,3094.4542493848026,3487.1113039256525,3094.4542493848026,3487.1113039256525,3314.6753221672775,3753.664370876476,3314.6753221672775,3753.664370876476,2721.3802998793685,3189.8471400477033,2721.3802998793685,3189.8471400477033,2925.4551124097407,2968.0665306431665,2925.4551124097407,2968.0665306431665,3123.82006370512,3258.9433908797623,3123.82006370512,3258.9433908797623,2592.9308421957676,3949.829912362696,2592.9308421957676,3949.829912362696,3124.2278792825136,3012.0625580351607,3124.2278792825136,3012.0625580351607,3175.0239313570223,2171.166817932378,3175.0239313570223,2171.166817932378,2844.789639153521,3189.6071618909914,2844.789639153521,3189.6071618909914,3203.920996886931,3577.429457728749,3203.920996886931,3577.429457728749
2110.4232570425625,2397.2445043702937,2110.4232570425625,2397.2445043702937,2508.1487211922677,3651.687836427855,2508.1487211922677,3651.687836427855,2099.7050111757176,2437.1714183767563,2099.7050111757176,2437.1714183767563,2025.8932121810951,2459.6660326477086,2025.8932121810951,2459.6660326477086,2110.4232570425625,2397.2445043702937,2110.4232570425625,2397.2445043702937,2508.1487211922677,3651.687836427855,2508.1487211922677,3651.687836427855,2159.722532283064,2711.3841893967774,2159.722532283064,2711.3841893967774,1616.5290683966386,1796.6142867014676,1616.5290683966386,1796.6142867014676,1964.650669373042,2106.205972165104,1964.650669373042,2106.205972165104,1856.7403865328133,1483.9613992613147,1856.7403865328133,1483.9613992613147,2088.5023298547685,3125.926110527483,2088.5023298547685,3125.926110527483,2098.2037162403612,2202.1278667431607,2098.2037162403612,2202.1278667431607,2174.6733553685144,2238.585376465449,2174.6733553685144,2238.585376465449,1662.110886311659,3682.41928279402,1662.110886311659,3682.41928279402,2045.534460893898,2323.5077218893084,2045.534460893898,2323.5077218893084,1440.7238665886339,1895.93376319327,1440.7238665886339,1895.93376319327,2273.237183071373,1908.9640972015213,2273.237183071373,1908.9640972015213,1965.357503679545,1782.5452098852595,1965.357503679545,1782.5452098852595
2752.3923044002754,2663.580219305108,2752.3923044002754,2663.580219305108,2054.750197969602,3103.8833946693026,2054.750197969602,3103.8833946693026,2870.356128288926,2929.8561549021047,2870.356128288926,2929.8561549021047,2094.375533709897,3043.815980680972,2094.375533709897,3043.815980680972,2752.3923044002754,2663.580219305108,2752.3923044002754,2663.580219305108,2054.750197969602,3103.8833946693026,2054.750197969602,3103.8833946693026,2356.12684603341,2484.572233931525,2356.12684603341,2484.572233931525,2641.5229898346174,3260.669930133275,2641.5229898346174,3260.669930133275,2592.10581404498,2891.7580967058143,2592.10581404498,2891.7580967058143,2837.672038606288,2556.1444666027387,2837.672038606288,2556.1444666027387,2506.536257896999,3046.905333747776,2506.536257896999,3046.905333747776,3338.985482495586,2855.535523853896,3338.985482495586,2855.535523853896,2756.019620948969,2600.820166406531,2756.019620948969,2600.820166406531,3069.7889838452925,2940.490491976658,3069.7889838452925,2940.490491976658,3256.151972893316,3380.3662432200813,3256.151972893316,3380.3662432200813,3025.9462004351094,2856.8492769035124,3025.9462004351094,2856.8492769035124,2969.9545404056867,2927.7366746551957,2969.9545404056867,2927.7366746551957,2488.900232014877,1787.5719249700899,2488.900232014877,1787.5719249700899
1897.7646954318323,2087.948336036741,1897.7646954318323,2087.948336036741,1761.7482950973451,2694.6277629458323,1761.7482950973451,2694.6277629458323,1916.5798264235154,2114.384307740031,1916.5798264235154,2114.384307740031,1832.6957661081995,1918.1415962370002,1832.6957661081995,1918.1415962370002,1897.7646954318323,2087.948336036741,1897.7646954318323,2087.948336036741,1761.7482950973451,2694.6277629458323,1761.7482950973451,2694.6277629458323,2124.634656833525,2056.2739442982484,2124.634656833525,2056.2739442982484,1564.8429429803111,1660.289957612956,1564.8429429803111,1660.289957612956,1725.3829640507076,1800.2336910777058,1725.3829640507076,1800.2336910777058,1483.9612056550034,1783.9472610952917,1483.9612056550034,1783.9472610952917,2126.1891485906312,1796.9904893184141,2126.1891485906312,1796.9904893184141,1908.717899943422,1743.0052616449727,1908.717899943422,1743.0052616449727,2061.7299505353544,1514.294367165943,2061.7299505353544,1514.294367165943,1889.7402056076787,1622.4032210952407,1889.7402056076787,1622.4032210952407,1743.589729942137,1706.3217144486023,1743.589729942137,1706.3217144486023,1487.9126290486938,1887.0604231172158,1487.9126290486938,1887.0604231172158,1895.4253582997155,1677.3653431893936,1895.4253582997155,1677.3653431893936,2229.895991577323,1686.1555837133383,2229.895991577323,1686.1555837133383
527.0668846368795,1187.556303270761,527.0668846368795,1187.556303270761,735.901633418634,504.0912155526439,735.901633418634,504.0912155526439,563.5686622724132,721.0921106667125,563.5686622724132,721.0921106667125,797.311127431794,600.5478748540546,797.311127431794,600.5478748540546,527.0668846368795,1187.556303270761,527.0668846368795,1187.556303270761,735.901633418634,504.0912155526439,735.901633418634,504.0912155526439,832.9004838655563,779.3457801694404,832.9004838655563,779.3457801694404,2805.615895861556,484.8540312919165,2805.615895861556,484.8540312919165,504.05054067988993,946.6832407993312,504.05054067988993,946.6832407993312,708.2358361757985,892.7505449827354,708.2358361757985,892.7505449827354,662.9561523685686,887.2261223301281,662.9561523685686,887.2261223301281,2138.3949176982906,1762.9446212454902,2138.3949176982906,1762.9446212454902,1159.991560476369,537.8646654532735,1159.991560476369,537.8646654532735,561.9807141543145,952.3283737772705,561.9807141543145,952.3283737772705,681.5070174698491,611.3873195463991,681.5070174698491,611.3873195463991,1331.0484176108146,1309.6908490890194,1331.0484176108146,1309.6908490890194,882.5451027739274,1209.3459044252968,882.5451027739274,1209.3459044252968,864.204248859553,744.2759616717796,864.204248859553,744.2759616717796
1433.5175738741343,798.881080482282,1433.5175738741343,798.881080482282,1108.1781232852707,1548.1928594572203,1108.1781232852707,1548.1928594572203,446.436262603735,1147.4105492140452,446.436262603735,1147.4105492140452,2163.6318029383724,1621.787529160688,2163.6318029383724,1621.787529160688,1433.5175738741343,798.881080482282,1433.5175738741343,798.881080482282,1108.1781232852707,1548.1928594572203,1108.1781232852707,1548.1928594572203,280.5246358578448,471.0801495913072,280.5246358578448,471.0801495913072,1212.977658563507,676.8370478782307,1212.977658563507,676.8370478782307,911.9830753177056,1122.4074749812107,911.9830753177056,1122.4074749812107,1494.8960603453272,701.4630393671941,1494.8960603453272,701.4630393671941,586.8064488875282,665.1922521642563,586.8064488875282,665.1922521642563,955.0902124084329,571.9669434669734,955.0902124084329,571.9669434669734,715.366695931415,350.4903779236879,715.366695931415,350.4903779236879,1334.437798080318,821.0811819796204,1334.437798080318,821.0811819796204,983.4491951916444,760.4054784586511,983.4491951916444,760.4054784586511,358.1847866924193,998.9224527006489,358.1847866924193,998.9224527006489,693.3280146014255,442.50214919622937,693.3280146014255,442.50214919622937,658.9637284582677,1782.223018753212,658.9637284582677,1782.223018753212
1506.9862804843635,1132.846603687481,1506.9862804843635,1132.846603687481,992.0459418781561,1210.7015451012714,992.0459418781561,1210.7015451012714,1358.1194627201496,991.9682431678457,1358.1194627201496,991.9682431678457,1456.7303153771456,1001.5688857060553,1456.7303153771456,1001.5688857060553,1506.9862804843635,1132.846603687481,1506.9862804843635,1132.846603687481,992.0459418781561,1210.7015451012714,992.0459418781561,1210.7015451012714,1128.1011078187698,681.3509744265742,1128.1011078187698,681.3509744265742,1539.0831453034916,1129.4563056333986,1539.0831453034916,1129.4563056333986,1869.3437644864382,1349.918775588762,1869.3437644864382,1349.918775588762,2020.3959489742401,865.6631895072102,2020.3959489742401,865.6631895072102,1085.9609355597995,1829.0293315860247,1085.9609355597995,1829.0293315860247,1476.533422967371,2089.8058597682175,1476.533422967371,2089.8058597682175,1480.197970481199,1389.9578939118073,1480.197970481199,1389.9578939118073,2715.9529926148457,1751.7588439223045,2715.9529926148457,1751.7588439223045,1616.2755624876447,949.3255806588904,1616.2755624876447,949.3255806588904,2052.3423199987055,1662.3166845880205,2052.3423199987055,1662.3166845880205,1313.878563847426,1437.507402744429,1313.878563847426,1437.507402744429,2836.919371935122,1547.6707987565571,2836.919371935122,1547.6707987565571
3687.609693816205,2955.3260998677447,3687.609693816205,2955.3260998677447,2663.0566438250376,2016.1484785468538,2663.0566438250376,2016.1484785468538,3392.970121272531,2764.859409460383,3392.970121272531,2764.859409460383,2781.2509792748283,2484.8144668713157,2781.2509792748283,2484.8144668713157,3687.609693816205,2955.3260998677447,3687.609693816205,2955.3260998677447,2663.0566438250376,2016.1484785468538,2663.0566438250376,2016.1484785468538,3102.024925737147,3657.178521307289,3102.024925737147,3657.178521307289,3728.4122459061214,2958.695502538538,3728.4122459061214,2958.695502538538,3239.9035912843774,3105.801680209546,3239.9035912843774,3105.801680209546,3555.855128514763,2270.2115149559168,3555.855128514763,2270.2115149559168,3274.617175228818,3456.983373167297,3274.617175228818,3456.983373167297,4234.610243798556,2946.023922074841,4234.610243798556,2946.023922074841,3133.7236560784136,2855.7025230254853,3133.7236560784136,2855.7025230254853,2506.8749887293757,2484.714599455649,2506.8749887293757,2484.714599455649,2734.0444538672837,2805.3277489135344,2734.0444538672837,2805.3277489135344,2661.442214554076,3072.640446139034,2661.442214554076,3072.640446139034,2898.0962531259847,3600.2058371329454,2898.0962531259847,3600.2058371329454,2323.282303241844,3545.1761820061347,2323.282303241844,3545.1761820061347
976.797360511715,1273.7295441403742,976.797360511715,1273.7295441403742,631.7211373464398,1008.9221448651319,631.7211373464398,1008.9221448651319,917.430720160605,1400.843574283508,917.430720160605,1400.843574283508,786.1424408932075,812.2115400443639,786.1424408932075,812.2115400443639,976.797360511715,1273.7295441403742,976.797360511715,1273.7295441403742,631.7211373464398,1008.9221448651319,631.7211373464398,1008.9221448651319,608.8374656978349,919.1874253418086,608.8374656978349,919.1874253418086,731.8025771710091,629.7473124895004,731.8025771710091,629.7473124895004,870.5222715261156,1333.621714820139,870.5222715261156,1333.621714820139,476.0379374211389,1510.4928415772579,476.0379374211389,1510.4928415772579,1135.6654234636496,975.53183869655,1135.6654234636496,975.53183869655,412.3951014978069,609.512002931219,412.3951014978069,609.512002931219,963.1303552775637,1103.7363504205662,963.1303552775637,1103.7363504205662,1142.2259674218428,487.4560006265765,1142.2259674218428,487.4560006265765,916.8613445763847,1135.0091985357749,916.8613445763847,1135.0091985357749,723.0031882074722,1113.994042050885,723.0031882074722,1113.994042050885,839.5769123336001,785.7205023536263,839.5769123336001,785.7205023536263,1037.7114721141595,859.5445920467341,1037.7114721141595,859.5445920467341
3853.2643407920405,4037.349803970093,3853.2643407920405,4037.349803970093,4026.9842954033625,3430.653138150184,4026.9842954033625,3430.653138150184,3617.7142589463374,4023.8563839950407,3617.7142589463374,4023.8563839950407,4322.55913093815,2870.987635403311,4322.55913093815,2870.987635403311,3853.2643407920405,4037.349803970093,3853.2643407920405,4037.349803970093,4026.9842954033625,3430.653138150184,4026.9842954033625,3430.653138150184,3072.3772451384375,2167.932436923876,3072.3772451384375,2167.932436923876,3092.1282597499867,2243.5433476904323,3092.1282597499867,2243.5433476904323,3504.1089220686863,2698.4172180631554,3504.1089220686863,2698.4172180631554,3005.3044087702556,2513.3549125371433,3005.3044087702556,2513.3549125371433,3181.1166703134227,2534.4723283819617,3181.1166703134227,2534.4723283819617,2613.097834179347,2018.2676391667244,2613.097834179347,2018.2676391667244,2302.232882022927,1784.3625419800214,2302.232882022927,1784.3625419800214,1508.688275208785,1400.8159727467378,1508.688275208785,1400.8159727467378,3258.075520730876,2914.869916968257,3258.075520730876,2914.869916968257,1915.161757304651,3337.648531828356,1915.161757304651,3337.648531828356,2402.636421802339,3068.364192892255,2402.636421802339,3068.364192892255,2868.255751641323,1878.094640546856,2868.255751641323,1878.094640546856
853.983270682384,1079.2122872795967,853.983270682384,1079.2122872795967,985.0514038137385,1123.880445336773,985.0514038137385,1123.880445336773,875.1571643249231,1191.2310219233716,875.1571643249231,1191.2310219233716,1076.335042186366,1270.0432153102174,1076.335042186366,1270.0432153102174,853.983270682384,1079.2122872795967,853.983270682384,1079.2122872795967,985.0514038137385,1123.880445336773,985.0514038137385,1123.880445336773,476.6736114586547,584.7509379563685,476.6736114586547,584.7509379563685,516.0124019770616,231.5558724358836,516.0124019770616,231.5558724358836,537.5931051092754,496.00684231790814,537.5931051092754,496.00684231790814,650.399258503597,359.325813751311,650.399258503597,359.325813751311,468.5957238175086,479.03009697362813,468.5957238175086,479.03009697362813,464.9817488717486,310.6460385376079,464.9817488717486,310.6460385376079,347.45119745852395,258.6391666149391,347.45119745852395,258.6391666149391,207.41097028864024,354.03115415789796,207.41097028864024,354.03115415789796,300.82824406245805,351.6257039877481,300.82824406245805,351.6257039877481,622.2526254035025,270.44188192910025,622.2526254035025,270.44188192910025,305.64818289215003,237.45753336638063,305.64818289215003,237.45753336638063,162.09185023061954,311.3467564141506,162.09185023061954,311.3467564141506
4100.638463341675,4282.864443841657,4100.638463341675,4282.864443841657,2721.249613359423,3434.312361979191,2721.249613359423,3434.312361979191,5303.363371747869,4230.461530986323,5303.363371747869,4230.461530986323,3585.370414931013,3400.6437467973665,3585.370414931013,3400.6437467973665,4100.638463341675,4282.864443841657,4100.638463341675,4282.864443841657,2721.249613359423,3434.312361979191,2721.249613359423,3434.312361979191,3453.9919193710807,2729.104430878197,3453.9919193710807,2729.104430878197,2366.07216072638,1796.6171398921545,2366.07216072638,1796.6171398921545,3519.5648164581085,2912.356320618036,3519.5648164581085,2912.356320618036,2055.318806275994,1796.2257053642743,2055.318806275994,1796.2257053642743,3055.316353061388,3077.6302276756887,3055.316353061388,3077.6302276756887,1827.8525752996889,1709.3951977108184,1827.8525752996889,1709.3951977108184,1677.651634109932,2010.8761477329406,1677.651634109932,2010.8761477329406,1586.119210535386,1632.3478484230304,1586.119210535386,1632.3478484230304,2690.7634694431126,2961.2958663845925,2690.7634694431126,2961.2958663845925,1393.953453783909,1900.9654919837878,1393.953453783909,1900.9654919837878,1941.4675730761933,1635.4938279553592,1941.4675730761933,1635.4938279553592,1606.1118098916743,1855.0715107078397,1606.1118098916743,1855.0715107078397
4166.927948105807,4271.391363624599,4166.927948105807,4271.391363624599,4802.979591693687,5033.649081651549,4802.979591693687,5033.649081651549,4113.942092451561,4182.760834457142,4113.942092451561,4182.760834457142,4557.295607815493,5427.566960884572,4557.295607815493,5427.566960884572,4166.927948105807,4271.391363624599,4166.927948105807,4271.391363624599,4802.979591693687,5033.649081651549,4802.979591693687,5033.649081651549,4603.063706886806,5790.704805791956,4603.063706886806,5790.704805791956,6346.245139190091,7488.738977307312,6346.245139190091,7488.738977307312,3903.691675251182,4608.062445518678,3903.691675251182,4608.062445518678,6056.125776787152,6374.140608579586,6056.125776787152,6374.140608579586,4786.034077711131,4527.966257986386,4786.034077711131,4527.966257986386,5551.364177711143,7764.163008397454,5551.364177711143,7764.163008397454,7067.756648790854,7381.0212244547965,7067.756648790854,7381.0212244547965,7321.049615382711,6698.490561752766,7321.049615382711,6698.490561752766,4897.223167932147,5342.8974595215495,4897.223167932147,5342.8974595215495,6933.233146480155,6072.567186834093,6933.233146480155,6072.567186834093,6621.061058883084,6295.6682908368375,6621.061058883084,6295.6682908368375,7807.230898182605,9746.658891744257,7807.230898182605,9746.658891744257
2383.937625487927,1683.8978362258954,2383.937625487927,1683.8978362258954,1704.6906739715755,1801.233103361442,1704.6906739715755,1801.233103361442,2236.8059537729637,1876.1554914634214,2236.8059537729637,1876.1554914634214,2069.4121365481865,1362.4581602110625,2069.4121365481865,1362.4581602110625,2383.937625487927,1683.8978362258954,2383.937625487927,1683.8978362258954,1704.6906739715755,1801.233103361442,1704.6906739715755,1801.233103361442,1810.7618553159416,1654.101346793645,1810.7618553159416,1654.101346793645,1759.1602727115946,1679.269903510158,1759.1602727115946,1679.269903510158,929.8087715204696,1040.389938940052,929.8087715204696,1040.389938940052,1135.6454078775996,1016.2524600178428,1135.6454078775996,1016.2524600178428,914.4286805074604,1305.0997302299463,914.4286805074604,1305.0997302299463,1089.3642279024562,1126.9947393862728,1089.3642279024562,1126.9947393862728,1194.8733496812192,1529.9099811302578,1194.8733496812192,1529.9099811302578,828.0172389576848,549.0905078009811,828.0172389576848,549.0905078009811,1140.6324841354008,1088.6290271603134,1140.6324841354008,1088.6290271603134,1465.2960575234176,1567.7242917040794,1465.2960575234176,1567.7242917040794,1496.9535711691608,720.6701816888599,1496.9535711691608,720.6701816888599,955.5522630447886,1175.530019231116,955.5522630447886,1175.530019231116
484.69795012835607,571.2315337428646,484.69795012835607,571.2315337428646,722.501744869241,322.66296764905775,722.501744869241,322.66296764905775,461.9647581976288,523.5738353189872,461.9647581976288,523.5738353189872,647.8268420576193,395.6046609486843,647.8268420576193,395.6046609486843,484.69795012835607,571.2315337428646,484.69795012835607,571.2315337428646,722.501744869241,322.66296764905775,722.501744869241,322.66296764905775,491.74773865972435,231.24960138147372,491.74773865972435,231.24960138147372,507.0357031512921,187.4459691195275,507.0357031512921,187.4459691195275,391.65352448294976,386.9096515250084,391.65352448294976,386.9096515250084,151.04725557613563,315.99648027550614,151.04725557613563,315.99648027550614,368.42713593236454,288.5185839084758,368.42713593236454,288.5185839084758,579.3392809886537,424.2871668008076,579.3392809886537,424.2871668008076,80.64202612683405,183.17728992961278,80.64202612683405,183.17728992961278,352.78327026176726,91.86409965988642,352.78327026176726,91.86409965988642,338.89595845184346,237.36271692384506,338.89595845184346,237.36271692384506,272.21809586818193,107.74912179679342,272.21809586818193,107.74912179679342,203.1682263467408,243.87649021565696,203.1682263467408,243.87649021565696,140.39467306384628,398.8364429221232,140.39467306384628,398.8364429221232
142.74235638156952,141.0147943566339,142.74235638156952,141.0147943566339,121.6521045821432,158.19574829399428,121.6521045821432,158.19574829399428,162.92974418281557,170.60400834598403,162.92974418281557,170.60400834598403,240.84348000510414,142.34782101487366,240.84348000510414,142.34782101487366,142.74235638156952,141.0147943566339,142.74235638156952,141.0147943566339,121.6521045821432,158.19574829399428,121.6521045821432,158.19574829399428,163.75004663192794,162.74701974989495,163.75004663192794,162.74701974989495,294.85921536292466,464.0759700376928,294.85921536292466,464.0759700376928,147.43466684339108,67.04112933138057,147.43466684339108,67.04112933138057,186.75069071617995,864.6521075309495,186.75069071617995,864.6521075309495,118.46988988531575,139.1374210910558,118.46988988531575,139.1374210910558,640.8469136884786,465.77069292399756,640.8469136884786,465.77069292399756,502.10223709754456,465.46689784515667,502.10223709754456,465.46689784515667,233.6481077138306,635.4373202466699,233.6481077138306,635.4373202466699,141.8856012668367,87.84679323110052,141.8856012668367,87.84679323110052,786.2410558736399,73.56877091509541,786.2410558736399,73.56877091509541,337.1084933586423,285.04272863416656,337.1084933586423,285.04272863416656,102.59676680193336,239.54083341117763,102.59676680193336,239.54083341117763
4574.614860397336,3617.5293107606185,4574.614860397336,3617.5293107606185,4440.4799553039165,3767.1850432296283,4440.4799553039165,3767.1850432296283,4193.390394692843,3577.4691940305856,4193.390394692843,3577.4691940305856,4112.696842377876,2931.378707223665,4112.696842377876,2931.378707223665,4574.614860397336,3617.5293107606185,4574.614860397336,3617.5293107606185,4440.4799553039165,3767.1850432296283,4440.4799553039165,3767.1850432296283,4035.4886658447786,3514.4953268742256,4035.4886658447786,3514.4953268742256,4413.437712571637,4189.431526377242,4413.437712571637,4189.431526377242,4329.507485443617,3933.2853757868397,4329.507485443617,3933.2853757868397,3681.7980824304736,4248.702257685536,3681.7980824304736,4248.702257685536,5055.121287282808,2986.85160305133,5055.121287282808,2986.85160305133,4771.747680644072,4516.732804990776,4771.747680644072,4516.732804990776,3865.1398625857373,4203.146658575816,3865.1398625857373,4203.146658575816,4710.741172848276,3961.005046494869,4710.741172848276,3961.005046494869,4863.6602843340925,3415.055686609435,4863.6602843340925,3415.055686609435,5543.9864799441475,3458.1067309086197,5543.9864799441475,3458.1067309086197,4815.378177841319,3704.3947980778453,4815.378177841319,3704.3947980778453,3613.9935925483014,4027.0239646092136,3613.9935925483014,4027.0239646092136
867.2575093085567,712.0984607017729,867.2575093085567,712.0984607017729,528.7265645392201,510.13986359358614,528.7265645392201,510.13986359358614,891.8862159411558,742.7348474219978,891.8862159411558,742.7348474219978,391.12294472427465,461.28296574273116,391.12294472427465,461.28296574273116,867.2575093085567,712.0984607017729,867.2575093085567,712.0984607017729,528.7265645392201,510.13986359358614,528.7265645392201,510.13986359358614,612.097712787675,599.297385972199,612.097712787675,599.297385972199,385.76894751827774,535.2181930971697,385.76894751827774,535.2181930971697,356.32608862993163,524.8816921668688,356.32608862993163,524.8816921668688,139.28337810595576,421.42742189310576,139.28337810595576,421.42742189310576,550.3969364119798,487.5703333041204,550.3969364119798,487.5703333041204,296.11295060598627,422.8420610644495,296.11295060598627,422.8420610644495,467.6429305731766,526.9750137272443,467.6429305731766,526.9750137272443,395.37065228160714,430.1212010681103,395.37065228160714,430.1212010681103,523.7473571796359,418.38376149519036,523.7473571796359,418.38376149519036,332.54565947551225,340.5382498560717,332.54565947551225,340.5382498560717,328.47506828869507,481.058008281034,328.47506828869507,481.058008281034,395.75348657942976,64.24404586879271,395.75348657942976,64.24404586879271
11075.997660001047,11489.448921386356,11075.997660001047,11489.448921386356,11631.53503224072,10508.499181144636,11631.53503224072,10508.499181144636,10512.022332995339,10837.987175417451,10512.022332995339,10837.987175417451,9287.137394585377,11077.486930012572,9287.137394585377,11077.486930012572,11075.997660001047,11489.448921386356,11075.997660001047,11489.448921386356,11631.53503224072,10508.499181144636,11631.53503224072,10508.499181144636,11066.980848480038,8144.999682699517,11066.980848480038,8144.999682699517,12806.508219696649,10857.484770375668,12806.508219696649,10857.484770375668,10006.387933385438,13221.325440179942,10006.387933385438,13221.325440179942,14288.394062076704,7810.583413197488,14288.394062076704,7810.583413197488,10255.414941157835,10980.239110818855,10255.414941157835,10980.239110818855,6619.632505524383,6294.079690548079,6619.632505524383,6294.079690548079,7579.60349266653,7503.950402395698,7579.60349266653,7503.950402395698,7862.341271175158,8923.170345384286,7862.341271175158,8923.170345384286,8782.125918208838,12027.333932999483,8782.125918208838,12027.333932999483,10612.084440857825,8630.566596994411,10612.084440857825,8630.566596994411,7683.710414232665,6316.978771963973,7683.710414232665,6316.978771963973,7265.664699812577,7665.957382556833,7265.664699812577,7665.957382556833
6113.587650399845,6921.605382882972,6113.587650399845,6921.605382882972,4853.845394155578,2777.429313236274,4853.845394155578,2777.429313236274,4790.739302688154,7724.5777064774,4790.739302688154,7724.5777064774,4759.670541344294,2286.145772110955,4759.670541344294,2286.145772110955,6113.587650399845,6921.605382882972,6113.587650399845,6921.605382882972,4853.845394155578,2777.429313236274,4853.845394155578,2777.429313236274,3560.1753080406443,3926.5504835341885,3560.1753080406443,3926.5504835341885,2888.5552635989625,2018.714631210829,2888.5552635989625,2018.714631210829,4978.809453131889,4928.292009071698,4978.809453131889,4928.292009071698,2652.3072891298825,4046.316346783048,2652.3072891298825,4046.316346783048,2637.737538349893,4610.148945041591,2637.737538349893,4610.148945041591,3523.249977959409,3306.645659293792,3523.249977959409,3306.645659293792,2364.065648354655,1460.7864267960053,2364.065648354655,1460.7864267960053,1561.3346296128134,1555.722227111736,1561.3346296128134,1555.722227111736,3571.0495925823143,5327.337352436139,3571.0495925823143,5327.337352436139,2309.1848206660097,2855.2324822148566,2309.1848206660097,2855.2324822148566,1894.9931590822007,1812.744216344667,1894.9931590822007,1812.744216344667,3199.2195265716205,1177.8625235455108,3199.2195265716205,1177.8625235455108
9321.652186891157,11612.489010638956,9321.652186891157,11612.489010638956,9270.906328226594,9372.776784012067,9270.906328226594,9372.776784012067,10606.0197059334,10665.566053272692,10606.0197059334,10665.566053272692,9159.306436015637,8103.93966726796,9159.306436015637,8103.93966726796,9321.652186891157,11612.489010638956,9321.652186891157,11612.489010638956,9270.906328226594,9372.776784012067,9270.906328226594,9372.776784012067,9666.983584059317,9735.93790278869,9666.983584059317,9735.93790278869,10360.629113719075,8326.910211411825,10360.629113719075,8326.910211411825,11161.572806212127,9215.380917901624,11161.572806212127,9215.380917901624,11754.030618608587,9334.180232452834,11754.030618608587,9334.180232452834,9727.631400703018,9280.360711848976,9727.631400703018,9280.360711848976,11940.16843720355,10286.062922849878,11940.16843720355,10286.062922849878,9294.71897867189,8194.745775343854,9294.71897867189,8194.745775343854,7653.108096704896,6829.3187550563425,7653.108096704896,6829.3187550563425,10145.257527902962,11128.880774911711,10145.257527902962,11128.880774911711,9392.75829187178,8136.419565672478,9392.75829187178,8136.419565672478,8603.23393809331,8826.052384399749,8603.23393809331,8826.052384399749,10424.00223875363,9346.022147992151,10424.00223875363,9346.022147992151
2763.223301802351,2733.4653632400186,2763.223301802351,2733.4653632400186,2932.5121440821863,3967.8136089943223,2932.5121440821863,3967.8136089943223,2986.0755610556303,2936.790797693769,2986.0755610556303,2936.790797693769,2887.4806773217297,5286.463073123224,2887.4806773217297,5286.463073123224,2763.223301802351,2733.4653632400186,2763.223301802351,2733.4653632400186,2932.5121440821863,3967.8136089943223,2932.5121440821863,3967.8136089943223,2334.7412196851674,3108.101014306171,2334.7412196851674,3108.101014306171,3292.7896649629442,4424.005280263181,3292.7896649629442,4424.005280263181,2748.3908760518657,3966.2114456646273,2748.3908760518657,3966.2114456646273,4792.74145963536,4227.5710195561605,4792.74145963536,4227.5710195561605,2968.6376625205817,4260.794832465942,2968.6376625205817,4260.794832465942,4345.818210805,3143.590523397172,4345.818210805,3143.590523397172,3100.5187951813436,3421.955535486572,3100.5187951813436,3421.955535486572,3158.788914107496,2074.8289943857094,3158.788914107496,2074.8289943857094,4711.565650718626,2703.7325347468436,4711.565650718626,2703.7325347468436,3430.4855260535896,4861.648451378672,3430.4855260535896,4861.648451378672,4504.053067605535,3102.6027643025377,4504.053067605535,3102.6027643025377,1701.8520551454715,2811.3703862180846,1701.8520551454715,2811.3703862180846
1632.2707391266201,1608.7448226889226,1632.2707391266201,1608.7448226889226,1453.419961268604,1988.311612722624,1453.419961268604,1988.311612722624,1051.2179272412102,1647.591076267456,1051.2179272412102,1647.591076267456,705.5100769853051,1109.8876590288603,705.5100769853051,1109.8876590288603,1632.2707391266201,1608.7448226889226,1632.2707391266201,1608.7448226889226,1453.419961268604,1988.311612722624,1453.419961268604,1988.311612722624,727.9358105470795,878.3412018651184,727.9358105470795,878.3412018651184,1035.1131523357155,355.5108886845664,1035.1131523357155,355.5108886845664,624.0699196820298,1055.227137737192,624.0699196820298,1055.227137737192,488.51105589389863,1155.9742571767931,488.51105589389863,1155.9742571767931,996.5386533904606,662.6146148918156,996.5386533904606,662.6146148918156,1076.202016296527,772.3997856342638,1076.202016296527,772.3997856342638,811.8526524460353,451.4195907326219,811.8526524460353,451.4195907326219,738.6614777098549,410.9735308752802,738.6614777098549,410.9735308752802,1336.2650844894322,593.9959390138275,1336.2650844894322,593.9959390138275,859.9692412972727,795.808325843248,859.9692412972727,795.808325843248,651.4868283439392,919.0809430274794,651.4868283439392,919.0809430274794,714.1728752250405,2103.427121449899,714.1728752250405,2103.427121449899
3361.2651272407606,2906.914364615488,3361.2651272407606,2906.914364615488,3287.8255734280906,2032.028365164748,3287.8255734280906,2032.028365164748,2848.93320430205,2898.815656427527,2848.93320430205,2898.815656427527,2891.5460516136227,2256.4868970225816,2891.5460516136227,2256.4868970225816,3361.2651272407606,2906.914364615488,3361.2651272407606,2906.914364615488,3287.8255734280906,2032.028365164748,3287.8255734280906,2032.028365164748,2449.713499893529,2612.028873638398,2449.713499893529,2612.028873638398,2775.729477874794,2299.825750579064,2775.729477874794,2299.825750579064,2875.8970744135263,2208.701654603516,2875.8970744135263,2208.701654603516,2049.8683508414438,2386.1907385669488,2049.8683508414438,2386.1907385669488,2214.0032855055842,2782.7500064465653,2214.0032855055842,2782.7500064465653,2682.4635921012637,2529.231020818577,2682.4635921012637,2529.231020818577,2559.0210400925857,2565.768015120752,2559.0210400925857,2565.768015120752,2805.538401523432,2983.3643259582936,2805.538401523432,2983.3643259582936,2767.871379187813,2833.3287142509703,2767.871379187813,2833.3287142509703,3197.8885434932035,3140.434319269553,3197.8885434932035,3140.434319269553,2728.895705363304,2401.220434977658,2728.895705363304,2401.220434977658,2660.536086364915,2375.8371843386462,2660.536086364915,2375.8371843386462
7001.883736286341,7341.209964437443,7001.883736286341,7341.209964437443,5700.62424066506,7109.110833347951,5700.62424066506,7109.110833347951,7138.134530360946,7980.963156809796,7138.134530360946,7980.963156809796,7412.044375585316,7513.3047370260565,7412.044375585316,7513.3047370260565,7001.883736286341,7341.209964437443,7001.883736286341,7341.209964437443,5700.62424066506,7109.110833347951,5700.62424066506,7109.110833347951,5284.806654479543,5201.041791392931,5284.806654479543,5201.041791392931,5253.570785420294,4880.948899651241,5253.570785420294,4880.948899651241,6110.687889696881,4936.276229518097,6110.687889696881,4936.276229518097,4232.72603867566,5446.8145377272895,4232.72603867566,5446.8145377272895,6058.916323155519,6291.133347311078,6058.916323155519,6291.133347311078,5712.454303043176,4498.335991009767,5712.454303043176,4498.335991009767,5218.811396749384,4778.362963997008,5218.811396749384,4778.362963997008,5693.168606189274,2225.801326808607,5693.168606189274,2225.801326808607,5136.1713410542825,5138.120292006969,5136.1713410542825,5138.120292006969,4041.813395840886,5823.8325128060615,4041.813395840886,5823.8325128060615,3940.2828216820485,4424.272350646605,3940.2828216820485,4424.272350646605,3759.3338246483736,2617.824730120516,3759.3338246483736,2617.824730120516
3676.0147756667384,3804.6575550805373,3676.0147756667384,3804.6575550805373,3691.657060118135,3608.9508970966294,3691.657060118135,3608.9508970966294,3410.2286361733522,3799.670294319791,3410.2286361733522,3799.670294319791,3183.8482670275703,3483.813008455873,3183.8482670275703,3483.813008455873,3676.0147756667384,3804.6575550805373,3676.0147756667384,3804.6575550805373,3691.657060118135,3608.9508970966294,3691.657060118135,3608.9508970966294,2911.763860755474,3433.665478615433,2911.763860755474,3433.665478615433,4324.557965378957,4623.721898720589,4324.557965378957,4623.721898720589,3035.6263481110445,3710.6801738960285,3035.6263481110445,3710.6801738960285,3684.451498226712,4908.531845734128,3684.451498226712,4908.531845734128,3005.0964701205958,3304.568745576675,3005.0964701205958,3304.568745576675,5093.762652348839,2799.9373076947472,5093.762652348839,2799.9373076947472,3915.61627038649,3287.741176477713,3915.61627038649,3287.741176477713,3927.477120589565,4318.626890835736,3927.477120589565,4318.626890835736,4039.5985618505456,3373.7640698483756,4039.5985618505456,3373.7640698483756,5284.3122034535245,3834.6488820521427,5284.3122034535245,3834.6488820521427,3521.5822083732423,3353.2080558776424,3521.5822083732423,3353.2080558776424,3444.4207699357034,3492.5714031240564,3444.4207699357034,3492.5714031240564
711.7822226508385,1015.0094930828608,711.7822226508385,1015.0094930828608,931.7170778505098,1417.8247978519455,931.7170778505098,1417.8247978519455,629.1753359027538,1173.099676565684,629.1753359027538,1173.099676565684,996.8041614778984,1063.8003852342158,996.8041614778984,1063.8003852342158,711.7822226508385,1015.0094930828608,711.7822226508385,1015.0094930828608,931.7170778505098,1417.8247978519455,931.7170778505098,1417.8247978519455,888.8075121732046,908.8807134022989,888.8075121732046,908.8807134022989,1334.1705339379728,1224.58451116117,1334.1705339379728,1224.58451116117,1101.2403854211211,981.7184385705569,1101.2403854211211,981.7184385705569,1088.5258447629074,1378.6357257071809,1088.5258447629074,1378.6357257071809,846.8786759650147,986.0927594689587,846.8786759650147,986.0927594689587,1358.62919925799,2239.199857585198,1358.62919925799,2239.199857585198,1145.2135720731524,827.889355589121,1145.2135720731524,827.889355589121,1852.7335754502549,1405.7804388087043,1852.7335754502549,1405.7804388087043,1088.8591745240033,1083.9856289748047,1088.8591745240033,1083.9856289748047,1207.5223939416742,1554.6483882239997,1207.5223939416742,1554.6483882239997,1173.3149277247724,1108.5921202166676,1173.3149277247724,1108.5921202166676,1518.3913057888979,1185.4818248591503,1518.3913057888979,1185.4818248591503
4252.596397113278,3839.382823494402,4252.596397113278,3839.382823494402,4061.3999387837134,4212.27892985222,4061.3999387837134,4212.27892985222,4013.697860761765,3979.2282245648084,4013.697860761765,3979.2282245648084,3741.513654986721,3328.0396306121615,3741.513654986721,3328.0396306121615,4252.596397113278,3839.382823494402,4252.596397113278,3839.382823494402,4061.3999387837134,4212.27892985222,4061.3999387837134,4212.27892985222,3678.565686885162,3938.9177315938264,3678.565686885162,3938.9177315938264,3928.7538637032826,4949.378473065617,3928.7538637032826,4949.378473065617,4573.905256570737,3950.5543636707366,4573.905256570737,3950.5543636707366,3225.5707352182553,3344.656212449382,3225.5707352182553,3344.656212449382,4518.791926468884,4336.745037434895,4518.791926468884,4336.745037434895,2729.1049383430213,3009.2558619393826,2729.1049383430213,3009.2558619393826,4439.881192597238,4462.766673636096,4439.881192597238,4462.766673636096,3441.2740139368193,5374.941151387667,3441.2740139368193,5374.941151387667,3528.621613727943,3374.8689268640637,3528.621613727943,3374.8689268640637,5161.373609837,5865.236720334137,5161.373609837,5865.236720334137,3589.7549174095466,3648.820839463349,3589.7549174095466,3648.820839463349,2688.007730134126,3818.4438995262676,2688.007730134126,3818.4438995262676
1976.06461722072,2251.759941119608,1976.06461722072,2251.759941119608,1792.8773829804684,1634.0489653402547,1792.8773829804684,1634.0489653402547,1997.8843594670186,2006.0224308481447,1997.8843594670186,2006.0224308481447,1773.4730196800294,1728.882311803404,1773.4730196800294,1728.882311803404,1976.06461722072,2251.759941119608,1976.06461722072,2251.759941119608,1792.8773829804684,1634.0489653402547,1792.8773829804684,1634.0489653402547,1986.1336971190674,2001.347586042043,1986.1336971190674,2001.347586042043,2768.2728473025886,2375.550628070646,2768.2728473025886,2375.550628070646,1738.6935734523674,1509.6736693374341,1738.6935734523674,1509.6736693374341,1736.6812895699006,2136.8505812120434,1736.6812895699006,2136.8505812120434,2015.8509561411367,2215.577874983692,2015.8509561411367,2215.577874983692,1762.248851158812,1856.355877696117,1762.248851158812,1856.355877696117,1780.8137727183541,1488.0893268455532,1780.8137727183541,1488.0893268455532,2109.736969625618,2956.828445260457,2109.736969625618,2956.828445260457,1980.8806067794478,1727.9936088485385,1980.8806067794478,1727.9936088485385,2452.062597958865,2228.124094529741,2452.062597958865,2228.124094529741,1845.6092607392436,1725.0774222330747,1845.6092607392436,1725.0774222330747,1675.5897470064717,1926.2479432633147,1675.5897470064717,1926.2479432633147
7116.8203847914965,6265.148407488932,7116.8203847914965,6265.148407488932,7427.985235361959,6691.354119350794,7427.985235361959,6691.354119350794,7080.827282814638,6363.374989087276,7080.827282814638,6363.374989087276,7549.986502316114,7690.244766601214,7549.986502316114,7690.244766601214,7116.8203847914965,6265.148407488932,7116.8203847914965,6265.148407488932,7427.985235361959,6691.354119350794,7427.985235361959,6691.354119350794,7576.210088318519,8296.28275973051,7576.210088318519,8296.28275973051,6790.410223811419,11525.17395226358,6790.410223811419,11525.17395226358,7135.775820889697,8300.421615749981,7135.775820889697,8300.421615749981,8205.12251034698,6583.5450209609335,8205.12251034698,6583.5450209609335,7119.95153685473,9837.946883878218,7119.95153685473,9837.946883878218,8895.457651884819,8425.080976837939,8895.457651884819,8425.080976837939,7553.315164211531,6257.840750143819,7553.315164211531,6257.840750143819,8447.482097167333,13450.059970115797,8447.482097167333,13450.059970115797,6932.078392020766,7877.910789127482,6932.078392020766,7877.910789127482,6928.36946300941,7008.282039077363,6928.36946300941,7008.282039077363,5274.738106336255,8176.746452615405,5274.738106336255,8176.746452615405,8097.973114649733,6985.435810253628,8097.973114649733,6985.435810253628
1890.9595890567623,1776.8133117916182,1890.9595890567623,1776.8133117916182,1251.7078990651137,2674.6324576390953,1251.7078990651137,2674.6324576390953,2197.888372681752,1465.6103864054046,2197.888372681752,1465.6103864054046,2201.7425911013806,1610.5955118746729,2201.7425911013806,1610.5955118746729,1890.9595890567623,1776.8133117916182,1890.9595890567623,1776.8133117916182,1251.7078990651137,2674.6324576390953,1251.7078990651137,2674.6324576390953,1458.514085767289,1587.9622455451822,1458.514085767289,1587.9622455451822,1333.7338442983041,1591.0918218084964,1333.7338442983041,1591.0918218084964,1591.514434880007,1406.1587643417392,1591.514434880007,1406.1587643417392,2023.470245224325,3060.6700388452705,2023.470245224325,3060.6700388452705,1499.0459034142589,1730.5679341802331,1499.0459034142589,1730.5679341802331,1359.3110939778946,1419.8022403398807,1359.3110939778946,1419.8022403398807,1316.7530951353006,1946.2586080269461,1316.7530951353006,1946.2586080269461,2207.425394422424,3027.6277580743454,2207.425394422424,3027.6277580743454,1599.907747165155,1600.0799124252098,1599.907747165155,1600.0799124252098,2207.2029388788296,1418.2077454827581,2207.2029388788296,1418.2077454827581,1664.525797769482,1506.6239875447448,1664.525797769482,1506.6239875447448,1283.7826195313005,1122.1311636606038,1283.7826195313005,1122.1311636606038
4311.813405365234,4577.993911953606,4311.813405365234,4577.993911953606,3746.9033850221194,3948.9394267917314,3746.9033850221194,3948.9394267917314,4396.808715891756,4799.65222669872,4396.808715891756,4799.65222669872,4293.328388403132,4255.4277874552,4293.328388403132,4255.4277874552,4311.813405365234,4577.993911953606,4311.813405365234,4577.993911953606,3746.9033850221194,3948.9394267917314,3746.9033850221194,3948.9394267917314,4348.874347077032,4693.990403406048,4348.874347077032,4693.990403406048,5123.159991710294,3190.196208916554,5123.159991710294,3190.196208916554,4211.051048358798,3923.159005397915,4211.051048358798,3923.159005397915,3506.3427822370686,3243.263434036286,3506.3427822370686,3243.263434036286,4097.339954210184,4082.54126629733,4097.339954210184,4082.54126629733,3389.3300404623346,3928.049118970211,3389.3300404623346,3928.049118970211,4179.098564227195,3969.9072159671164,4179.098564227195,3969.9072159671164,4623.061054925388,4581.718291403608,4623.061054925388,4581.718291403608,4601.731648436762,3855.0317267574223,4601.731648436762,3855.0317267574223,3992.4953944351255,3607.5781832442035,3992.4953944351255,3607.5781832442035,3512.914582151429,3556.2476285194944,3512.914582151429,3556.2476285194944,4927.49272125662,3441.1194136259874,4927.49272125662,3441.1194136259874
6205.563129608865,6461.0941489515435,6205.563129608865,6461.0941489515435,5816.688418439969,6084.9624967844675,5816.688418439969,6084.9624967844675,6070.199592584557,6231.8273059725825,6070.199592584557,6231.8273059725825,5523.1157375051935,6258.720407908339,5523.1157375051935,6258.720407908339,6205.563129608865,6461.0941489515435,6205.563129608865,6461.0941489515435,5816.688418439969,6084.9624967844675,5816.688418439969,6084.9624967844675,5732.951592456085,7247.742374377891,5732.951592456085,7247.742374377891,4540.167810501201,7356.250497755162,4540.167810501201,7356.250497755162,6292.485201741623,5644.056447629895,6292.485201741623,5644.056447629895,5050.975677076815,4671.607168963253,5050.975677076815,4671.607168963253,6013.170741141735,7476.349134571023,6013.170741141735,7476.349134571023,5899.020575412549,5238.291365309999,5899.020575412549,5238.291365309999,6200.091422596632,6374.015554681193,6200.091422596632,6374.015554681193,7816.576310425799,4442.036503568697,7816.576310425799,4442.036503568697,5111.740237550147,5373.082687691154,5111.740237550147,5373.082687691154,4219.948590967763,4527.506718549519,4219.948590967763,4527.506718549519,5221.595436128663,5287.579005669399,5221.595436128663,5287.579005669399,4198.417025014076,4283.301978764189,4198.417025014076,4283.301978764189
3662.978468490837,3701.884653065737,3662.978468490837,3701.884653065737,3837.321896641122,4684.461939476065,3837.321896641122,4684.461939476065,3647.614900143865,4398.582699156006,3647.614900143865,4398.582699156006,4374.868259486234,6145.246627761785,4374.868259486234,6145.246627761785,3662.978468490837,3701.884653065737,3662.978468490837,3701.884653065737,3837.321896641122,4684.461939476065,3837.321896641122,4684.461939476065,4322.379705487631,4143.0789833783265,4322.379705487631,4143.0789833783265,4512.358412663846,5708.9713897157735,4512.358412663846,5708.9713897157735,4589.059989194043,3903.6096193899843,4589.059989194043,3903.6096193899843,4761.541548558106,7153.985058525309,4761.541548558106,7153.985058525309,4063.2174911438283,4048.219752099181,4063.2174911438283,4048.219752099181,4924.258889245426,4859.62317860118,4924.258889245426,4859.62317860118,4472.026947853422,4104.430816965156,4472.026947853422,4104.430816965156,5316.437036477241,4961.767391029315,5316.437036477241,4961.767391029315,4433.2409138846715,4068.416636846984,4433.2409138846715,4068.416636846984,4441.941507718729,4804.7843692920715,4441.941507718729,4804.7843692920715,4150.737016522015,4149.3452123939405,4150.737016522015,4149.3452123939405,5719.3992593082885,4575.143692288979,5719.3992593082885,4575.143692288979
5827.900730943071,7725.79877994803,5827.900730943071,7725.79877994803,7397.553597755655,7434.613142788251,7397.553597755655,7434.613142788251,6085.232947594163,6745.728910437811,6085.232947594163,6745.728910437811,7753.129351626035,6863.870392115722,7753.129351626035,6863.870392115722,5827.900730943071,7725.79877994803,5827.900730943071,7725.79877994803,7397.553597755655,7434.613142788251,7397.553597755655,7434.613142788251,7710.976285332155,6831.01008109257,7710.976285332155,6831.01008109257,14374.174079366967,7178.724408927616,14374.174079366967,7178.724408927616,10725.04489804724,6693.548727253186,10725.04489804724,6693.548727253186,15805.836008525015,12424.799324883048,15805.836008525015,12424.799324883048,8074.884354753715,7159.147929929979,8074.884354753715,7159.147929929979,12042.127903919276,8449.017491989236,12042.127903919276,8449.017491989236,12190.48529968317,14797.516185389197,12190.48529968317,14797.516185389197,11068.452088590455,10379.238410177286,11068.452088590455,10379.238410177286,7122.031627519799,10841.6859554418,7122.031627519799,10841.6859554418,13889.903468722552,13430.546315694211,13889.903468722552,13430.546315694211,9720.903939330792,14122.335886019484,9720.903939330792,14122.335886019484,14211.26395984934,8137.79475730141,14211.26395984934,8137.79475730141
2501.571574033114,915.3385837929413,2501.571574033114,915.3385837929413,2015.949781582247,1190.6989629486418,2015.949781582247,1190.6989629486418,2564.5615874733567,1029.790205108532,2564.5615874733567,1029.790205108532,2192.4210386670215,1437.3732340698564,2192.4210386670215,1437.3732340698564,2501.571574033114,915.3385837929413,2501.571574033114,915.3385837929413,2015.949781582247,1190.6989629486418,2015.949781582247,1190.6989629486418,3834.668105059271,611.9049891745567,3834.668105059271,611.9049891745567,1984.0816139927695,518.5661892053544,1984.0816139927695,518.5661892053544,3503.8981498180524,1173.4641338375889,3503.8981498180524,1173.4641338375889,3047.9197799660983,955.8695193264144,3047.9197799660983,955.8695193264144,3645.179735536361,1071.7613368276723,3645.179735536361,1071.7613368276723,1846.928794323513,303.33370709952464,1846.928794323513,303.33370709952464,3296.301593302293,1994.2892290635275,3296.301593302293,1994.2892290635275,3164.0772613932,1205.7448593463203,3164.0772613932,1205.7448593463203,2517.7223306559617,996.791987394335,2517.7223306559617,996.791987394335,2106.246137625421,650.1415817696444,2106.246137625421,650.1415817696444,2874.8831983117943,2597.9433599841827,2874.8831983117943,2597.9433599841827,4145.624145201308,1053.9172542345484,4145.624145201308,1053.9172542345484
285.30782583033726,271.81238677934715,285.30782583033726,271.81238677934715,675.7808785960659,1403.3916817916795,675.7808785960659,1403.3916817916795,212.45094637780608,212.0042804467022,212.45094637780608,212.0042804467022,1413.417557211722,907.7000887203666,1413.417557211722,907.7000887203666,285.30782583033726,271.81238677934715,285.30782583033726,271.81238677934715,675.7808785960659,1403.3916817916795,675.7808785960659,1403.3916817916795,900.3335596210777,196.1083790625569,900.3335596210777,196.1083790625569,832.0403098219431,316.5668298771106,832.0403098219431,316.5668298771106,796.5175865302135,373.6164762685966,796.5175865302135,373.6164762685966,806.4158170992363,1353.093531428055,806.4158170992363,1353.093531428055,911.3681501206328,304.2845794198068,911.3681501206328,304.2845794198068,841.1106210525963,370.1483530358145,841.1106210525963,370.1483530358145,1375.9600552843913,181.8471756804208,1375.9600552843913,181.8471756804208,1152.7915195764554,333.6897330128458,1152.7915195764554,333.6897330128458,1575.7656691940526,171.15096669809247,1575.7656691940526,171.15096669809247,1014.3000211584655,759.4506264120988,1014.3000211584655,759.4506264120988,1993.4839016565604,584.6254172800843,1993.4839016565604,584.6254172800843,1536.0710487746499,439.66324285813715,1536.0710487746499,439.66324285813715
13.825203210796436,72.22427289218554,13.825203210796436,72.22427289218554,47.64309294717591,34.611128123210364,47.64309294717591,34.611128123210364,26.364079783905037,55.22616900679451,26.364079783905037,55.22616900679451,46.98929255956074,38.880944765007484,46.98929255956074,38.880944765007484,13.825203210796436,72.22427289218554,13.825203210796436,72.22427289218554,47.64309294717591,34.611128123210364,47.64309294717591,34.611128123210364,26.355261363317148,3.558488521422183,26.355261363317148,3.558488521422183,56.626430485445994,16.760375596420772,56.626430485445994,16.760375596420772,41.31352747657809,18.465607429239252,41.31352747657809,18.465607429239252,35.54568218839244,37.62020490378762,35.54568218839244,37.62020490378762,26.655361183484608,11.643737617694121,26.655361183484608,11.643737617694121,55.09095706817361,29.814373875255292,55.09095706817361,29.814373875255292,10.548520466557752,6.344832113735756,10.548520466557752,6.344832113735756,36.70466559199107,25.045760391030164,36.70466559199107,25.045760391030164,36.33600475088416,18.84377507729475,36.33600475088416,18.84377507729475,74.41544010581063,24.379795894262216,74.41544010581063,24.379795894262216,11.898224942375819,7.08584527291247,11.898224942375819,7.08584527291247,21.235497581416308,28.277365049257035,21.235497581416308,28.277365049257035
37.54612114632475,20.12320057981198,37.54612114632475,20.12320057981198,70.12397725876575,24.521151066749574,70.12397725876575,24.521151066749574,37.38927906487875,39.96661953339074,37.38927906487875,39.96661953339074,71.85083493131478,69.25999291638797,71.85083493131478,69.25999291638797,37.54612114632475,20.12320057981198,37.54612114632475,20.12320057981198,70.12397725876575,24.521151066749574,70.12397725876575,24.521151066749574,39.964858061666995,14.553870647330948,39.964858061666995,14.553870647330948,45.176480194254054,52.507961387525896,45.176480194254054,52.507961387525896,20.347339033185655,24.696048669010246,20.347339033185655,24.696048669010246,135.12960899690037,68.34393694343336,135.12960899690037,68.34393694343336,44.13864609992569,18.665041070461445,44.13864609992569,18.665041070461445,82.69354756871782,87.71701693440949,82.69354756871782,87.71701693440949,22.867556479973544,7.599784093929406,22.867556479973544,7.599784093929406,174.26667781417407,19.098916559720696,174.26667781417407,19.098916559720696,52.45820130403409,86.10408869383582,52.45820130403409,86.10408869383582,77.80693174396887,65.9127369002526,77.80693174396887,65.9127369002526,22.403372555657548,61.95491948645933,22.403372555657548,61.95491948645933,244.48911011573054,151.39821553964163,244.48911011573054,151.39821553964163
61.04586183195257,45.210913828957146,61.04586183195257,45.210913828957146,43.47295426942982,115.81500771514735,43.47295426942982,115.81500771514735,75.70915686986085,54.419193378439275,75.70915686986085,54.419193378439275,38.86308004819859,231.33664975837746,38.86308004819859,231.33664975837746,61.04586183195257,45.210913828957146,61.04586183195257,45.210913828957146,43.47295426942982,115.81500771514735,43.47295426942982,115.81500771514735,20.248626166322694,11.28599810140939,20.248626166322694,11.28599810140939,44.449783289401616,33.541539837993234,44.449783289401616,33.541539837993234,16.66567060813841,4.819837464711602,16.66567060813841,4.819837464711602,56.953950625751915,39.053816606179,56.953950625751915,39.053816606179,13.191092059306673,7.483907314697197,13.191092059306673,7.483907314697197,180.926458165244,81.63754337865261,180.926458165244,81.63754337865261,7.84946511101851,14.986663825802802,7.84946511101851,14.986663825802802,59.4537697438552,14.1477922716248,59.4537697438552,14.1477922716248,7.98311884917309,5.147236042408794,7.98311884917309,5.147236042408794,51.921234452953726,116.25132111240316,51.921234452953726,116.25132111240316,36.30541973148431,7.142038865304467,36.30541973148431,7.142038865304467,35.81217287298559,20.243320082879855,35.81217287298559,20.243320082879855
63.18381521426401,12.921062761237227,63.18381521426401,12.921062761237227,84.75897105056781,21.76200879990261,84.75897105056781,21.76200879990261,85.13907699908073,21.75596712598152,85.13907699908073,21.75596712598152,103.83731758061866,30.262418655901556,103.83731758061866,30.262418655901556,63.18381521426401,12.921062761237227,63.18381521426401,12.921062761237227,84.75897105056781,21.76200879990261,84.75897105056781,21.76200879990261,9.251243077575467,6.008743122093646,9.251243077575467,6.008743122093646,44.40706610649877,11.00176015016438,44.40706610649877,11.00176015016438,16.260940214264167,9.020620339173492,16.260940214264167,9.020620339173492,93.64895400981408,16.035927507750262,93.64895400981408,16.035927507750262,8.364555636466271,12.153549886151923,8.364555636466271,12.153549886151923,42.538661112984755,19.03358587280147,42.538661112984755,19.03358587280147,10.48886237496505,1.5727315904724124,10.48886237496505,1.5727315904724124,15.515314754683267,11.297423773454204,15.515314754683267,11.297423773454204,14.602028351824051,22.29228127706068,14.602028351824051,22.29228127706068,67.72433247534543,40.877267137209735,67.72433247534543,40.877267137209735,12.04453851918219,3.500646544051683,12.04453851918219,3.500646544051683,68.18631556110569,24.3687531110714,68.18631556110569,24.3687531110714
89.76783377319902,26.25364219954829,89.76783377319902,26.25364219954829,74.79116708878523,25.90874972071448,74.79116708878523,25.90874972071448,86.61524984675874,47.32446327346629,86.61524984675874,47.32446327346629,37.559217671786904,26.979985245072385,37.559217671786904,26.979985245072385,89.76783377319902,26.25364219954829,89.76783377319902,26.25364219954829,74.79116708878523,25.90874972071448,74.79116708878523,25.90874972071448,36.07326158051101,4.858347749023917,36.07326158051101,4.858347749023917,71.0514871503681,34.48711739514622,71.0514871503681,34.48711739514622,22.922081198091846,7.44053477493942,22.922081198091846,7.44053477493942,48.060798428341535,13.460235618607504,48.060798428341535,13.460235618607504,18.616541386568674,6.720199580001832,18.616541386568674,6.720199580001832,43.27683708952105,35.58803108172268,43.27683708952105,35.58803108172268,47.43570596745296,7.334574195099286,47.43570596745296,7.334574195099286,156.81503172527204,17.57223080703791,156.81503172527204,17.57223080703791,12.371194941129568,9.747264791214288,12.371194941129568,9.747264791214288,50.82644555268913,20.792948626622834,50.82644555268913,20.792948626622834,13.082946948451871,8.57423627497557,13.082946948451871,8.57423627497557,103.11590117151727,14.838026753006227,103.11590117151727,14.838026753006227
98.50065953397976,26.65035982462021,98.50065953397976,26.65035982462021,101.12230696111264,50.37012028046774,101.12230696111264,50.37012028046774,87.07250553139063,26.743568543561302,87.07250553139063,26.743568543561302,144.61239757742968,61.12259654554125,144.61239757742968,61.12259654554125,98.50065953397976,26.65035982462021,98.50065953397976,26.65035982462021,101.12230696111264,50.37012028046774,101.12230696111264,50.37012028046774,42.13829877228302,28.752136192431937,42.13829877228302,28.752136192431937,121.5056264267381,42.12019902009116,121.5056264267381,42.12019902009116,22.828734855287742,94.03369839595149,22.828734855287742,94.03369839595149,152.65322034374046,164.9322381401472,152.65322034374046,164.9322381401472,21.256280705903265,5.339740154383793,21.256280705903265,5.339740154383793,129.6929300674576,76.09541115894459,129.6929300674576,76.09541115894459,41.24935198220311,31.934507110960787,41.24935198220311,31.934507110960787,18.884450702060253,56.3058758309769,18.884450702060253,56.3058758309769,48.825911558087206,60.86970554946787,48.825911558087206,60.86970554946787,52.39889031557743,58.397068639725,52.39889031557743,58.397068639725,29.818297287237698,12.120905054439115,29.818297287237698,12.120905054439115,164.62886993360775,41.28554922772634,164.62886993360775,41.28554922772634
121.36382014374058,113.6834138267407,121.36382014374058,113.6834138267407,149.9377523222659,150.96054026518493,149.9377523222659,150.96054026518493,132.12968816298073,216.25884938630358,132.12968816298073,216.25884938630358,247.89029172623395,147.50214584806227,247.89029172623395,147.50214584806227,121.36382014374058,113.6834138267407,121.36382014374058,113.6834138267407,149.9377523222659,150.96054026518493,149.9377523222659,150.96054026518493,21.171981085848923,7.645804493334839,21.171981085848923,7.645804493334839,23.341872982686343,73.58495589786675,23.341872982686343,73.58495589786675,8.229199158646871,9.897787505658876,8.229199158646871,9.897787505658876,41.54181917537306,112.25446475613946,41.54181917537306,112.25446475613946,23.421161719667225,8.641207784065559,23.421161719667225,8.641207784065559,86.36358813438669,18.535495337520782,86.36358813438669,18.535495337520782,14.588881073148535,40.50680884277103,14.588881073148535,40.50680884277103,12.424902525284649,141.89866688000973,12.424902525284649,141.89866688000973,20.728118052814043,28.710686972040016,20.728118052814043,28.710686972040016,44.801988248871176,15.04146550841885,44.801988248871176,15.04146550841885,10.051632586883255,3.4052457335620407,10.051632586883255,3.4052457335620407,44.46682280719961,29.627525835303242,44.46682280719961,29.627525835303242
87.38650511568926,230.19933801751603,87.38650511568926,230.19933801751603,143.29694336517113,94.10332175513287,143.29694336517113,94.10332175513287,46.34376744058578,173.5666404626724,46.34376744058578,173.5666404626724,52.61340196802874,106.56255517881733,52.61340196802874,106.56255517881733,87.38650511568926,230.19933801751603,87.38650511568926,230.19933801751603,143.29694336517113,94.10332175513287,143.29694336517113,94.10332175513287,17.260765292119856,2.751714336062634,17.260765292119856,2.751714336062634,83.25312983996774,39.83288261632861,83.25312983996774,39.83288261632861,6.385507211955289,9.709891125065637,6.385507211955289,9.709891125065637,18.641310764081403,33.96055829086429,18.641310764081403,33.96055829086429,6.485130712520415,8.830324347919726,6.485130712520415,8.830324347919726,17.05894308556827,63.365349179072815,17.05894308556827,63.365349179072815,5.412074978010511,23.859646488871,5.412074978010511,23.859646488871,28.180251984446397,7.866109985799368,28.180251984446397,7.866109985799368,4.820229415254748,38.78099624099506,4.820229415254748,38.78099624099506,147.44013281371758,183.60998584224393,147.44013281371758,183.60998584224393,36.982119301937544,18.410858510019658,36.982119301937544,18.410858510019658,106.6622878093761,134.18144875081214,106.6622878093761,134.18144875081214
77.02169010886288,115.58682012592432,77.02169010886288,115.58682012592432,183.23738482667807,43.045456280993854,183.23738482667807,43.045456280993854,217.11423051110253,122.26470782085649,217.11423051110253,122.26470782085649,64.70443077399993,307.9779617513247,64.70443077399993,307.9779617513247,77.02169010886288,115.58682012592432,77.02169010886288,115.58682012592432,183.23738482667807,43.045456280993854,183.23738482667807,43.045456280993854,10.439249564297265,12.251773712002084,10.439249564297265,12.251773712002084,39.6170738307373,37.04979484015868,39.6170738307373,37.04979484015868,16.20745905285753,19.899534437047606,16.20745905285753,19.899534437047606,37.06942519152354,158.1740012659049,37.06942519152354,158.1740012659049,16.68247658978572,6.2872292795913785,16.68247658978572,6.2872292795913785,124.2676829341889,16.686323092078744,124.2676829341889,16.686323092078744,28.216442832824217,5.833516887546577,28.216442832824217,5.833516887546577,8.299758970993464,52.56333721300469,8.299758970993464,52.56333721300469,12.98394532724316,14.027153154384292,12.98394532724316,14.027153154384292,35.84386692061593,41.38424316437471,35.84386692061593,41.38424316437471,22.714354619237227,41.62750003619893,22.714354619237227,41.62750003619893,57.58217739089457,22.42379061885814,57.58217739089457,22.42379061885814
153.01889438047343,39.9176538958596,153.01889438047343,39.9176538958596,86.64924887408206,33.768100983417916,86.64924887408206,33.768100983417916,228.33509218574827,113.26651396424496,228.33509218574827,113.26651396424496,183.2044797040891,97.90900788018145,183.2044797040891,97.90900788018145,153.01889438047343,39.9176538958596,153.01889438047343,39.9176538958596,86.64924887408206,33.768100983417916,86.64924887408206,33.768100983417916,35.21023656717006,42.05659590966316,35.21023656717006,42.05659590966316,30.249186078105996,20.660947256745967,30.249186078105996,20.660947256745967,42.822588217731315,5.652888516933907,42.822588217731315,5.652888516933907,43.05030504151194,52.93925143228759,43.05030504151194,52.93925143228759,24.36598573298593,14.373455964739476,24.36598573298593,14.373455964739476,71.30983561028285,172.10393934900011,71.30983561028285,172.10393934900011,59.77907877060478,13.711060068395364,59.77907877060478,13.711060068395364,135.5221986994324,8.509296831501818,135.5221986994324,8.509296831501818,9.006737402168197,6.400452070783123,9.006737402168197,6.400452070783123,21.646850590841883,6.302454104188038,21.646850590841883,6.302454104188038,114.59478535293943,2.3244736134392756,114.59478535293943,2.3244736134392756,38.998887355377036,115.06439879984553,38.998887355377036,115.06439879984553
93.33416066150826,82.49959438227755,93.33416066150826,82.49959438227755,53.2087473004407,104.93981596881659,53.2087473004407,104.93981596881659,100.77850322506812,143.11250773715662,100.77850322506812,143.11250773715662,52.94114577424746,141.0219385487467,52.94114577424746,141.0219385487467,93.33416066150826,82.49959438227755,93.33416066150826,82.49959438227755,53.2087473004407,104.93981596881659,53.2087473004407,104.93981596881659,104.15042611570647,13.489319946846143,104.15042611570647,13.489319946846143,363.2566580501601,21.85310149652495,363.2566580501601,21.85310149652495,15.421759169804751,5.774877723383155,15.421759169804751,5.774877723383155,253.50517879338358,199.92856641159815,253.50517879338358,199.92856641159815,5.803879363781736,14.047524723178872,5.803879363781736,14.047524723178872,399.33213980502876,822.7827666734968,399.33213980502876,822.7827666734968,10.693617986708231,205.97968082714257,10.693617986708231,205.97968082714257,99.45642620045761,12.542168089195826,99.45642620045761,12.542168089195826,30.80091895009541,39.057192140278744,30.80091895009541,39.057192140278744,301.4958907822495,37.85676937810708,301.4958907822495,37.85676937810708,14.882893638574654,602.5191468926491,14.882893638574654,602.5191468926491,1154.7842534986412,148.1344061133534,1154.7842534986412,148.1344061133534
197.02243631542646,96.06332511223847,197.02243631542646,96.06332511223847,116.04158301272182,96.78758916255508,116.04158301272182,96.78758916255508,287.8709235450405,85.52777747864758,287.8709235450405,85.52777747864758,151.6283269558858,50.06635715884597,151.6283269558858,50.06635715884597,197.02243631542646,96.06332511223847,197.02243631542646,96.06332511223847,116.04158301272182,96.78758916255508,116.04158301272182,96.78758916255508,97.39661894935065,40.22310696880132,97.39661894935065,40.22310696880132,42.64321750996034,114.85160723061438,42.64321750996034,114.85160723061438,40.11820761614124,115.00047497364885,40.11820761614124,115.00047497364885,74.26281787409269,499.3345903482179,74.26281787409269,499.3345903482179,91.89286039324551,41.00571916105709,91.89286039324551,41.00571916105709,38.85795979121728,58.21946146817352,38.85795979121728,58.21946146817352,80.19376215578879,35.95996788104968,80.19376215578879,35.95996788104968,19.550767328851,67.55520206886352,19.550767328851,67.55520206886352,34.03936551000415,74.26902451322363,34.03936551000415,74.26902451322363,99.82448405429895,140.27772408465364,99.82448405429895,140.27772408465364,34.15861310503945,18.291441385818096,34.15861310503945,18.291441385818096,136.48217148435657,76.89565972883796,136.48217148435657,76.89565972883796
63.86718114316441,84.03435256463548,63.86718114316441,84.03435256463548,42.84007851499569,79.86324527792775,42.84007851499569,79.86324527792775,93.73693162654924,82.42627758881927,93.73693162654924,82.42627758881927,47.16703981386996,106.26157006425863,47.16703981386996,106.26157006425863,63.86718114316441,84.03435256463548,63.86718114316441,84.03435256463548,42.84007851499569,79.86324527792775,42.84007851499569,79.86324527792775,52.98691369860003,14.25379500442398,52.98691369860003,14.25379500442398,44.181566335531016,29.98349972692438,44.181566335531016,29.98349972692438,31.85878152852419,9.325836446608582,31.85878152852419,9.325836446608582,22.826782888267058,106.18122779425302,22.826782888267058,106.18122779425302,79.89337616756181,36.21904750070099,79.89337616756181,36.21904750070099,92.70160933958671,65.17509756746577,92.70160933958671,65.17509756746577,57.17664840659872,23.17956389734856,57.17664840659872,23.17956389734856,14.081113866681628,61.404039626537845,14.081113866681628,61.404039626537845,38.604029737923675,56.879378406411924,38.604029737923675,56.879378406411924,108.01765025125194,25.512798168265146,108.01765025125194,25.512798168265146,8.921978225723024,37.40305129569664,8.921978225723024,37.40305129569664,35.04455834055441,182.35446295566052,35.04455834055441,182.35446295566052
60.680166448600666,120.58512936691135,60.680166448600666,120.58512936691135,34.239065565399635,37.30991744057807,34.239065565399635,37.30991744057807,131.35479388003287,144.47442983470037,131.35479388003287,144.47442983470037,36.729878496669436,82.18967709627178,36.729878496669436,82.18967709627178,60.680166448600666,120.58512936691135,60.680166448600666,120.58512936691135,34.239065565399635,37.30991744057807,34.239065565399635,37.30991744057807,34.966630227604476,13.584849635613402,34.966630227604476,13.584849635613402,52.05496670384431,12.997886787899697,52.05496670384431,12.997886787899697,30.36507726814906,11.37844393315553,30.365077268149033,11.37844393315553,36.47954781132183,54.45591857216552,36.47954781132183,54.45591857216552,23.26974641768992,32.65805253166083,23.26974641768992,32.65805253166083,24.419259723882174,20.322938270748306,24.419259723882174,20.322938270748306,11.9284544014029,5.742490486599962,11.9284544014029,5.742490486599962,5.407543814464521,26.743230947402868,5.407543814464521,26.743230947402868,26.18293988102566,82.3574619344877,26.18293988102566,82.3574619344877,21.949569031841023,66.04619620705945,21.949569031841023,66.04619620705945,24.643853515814474,9.609703130456612,24.643853515814474,9.609703130456612,17.03355783407176,155.57706314737,17.03355783407176,155.57706314737
54.32351076924241,50.4608532113322,54.32351076924241,50.4608532113322,56.27750807744055,38.58800341787761,56.27750807744055,38.58800341787761,163.20994562041088,52.64742486676889,163.20994562041088,52.64742486676889,53.28088343942873,58.495164319867904,53.28088343942873,58.495164319867904,54.32351076924241,50.4608532113322,54.32351076924241,50.4608532113322,56.27750807744055,38.58800341787761,56.27750807744055,38.58800341787761,50.503791696103285,15.796159559645142,50.503791696103285,15.796159559645142,28.518026505916527,13.130732808281424,28.518026505916527,13.130732808281424,40.824269831587266,33.336832312453694,40.824269831587266,33.336832312453694,21.381761960116847,19.286350675426885,21.381761960116847,19.286350675426885,26.926510045260233,12.215987332412382,26.926510045260233,12.215987332412382,16.072185028478543,6.786167344801022,16.072185028478543,6.786167344801022,23.33534377073808,6.728222501188316,23.33534377073808,6.728222501188316,10.889261530588298,12.194507391355705,10.889261530588298,12.194507391355705,12.50397089363362,5.9690268786474805,12.50397089363362,5.9690268786474805,37.89581259915074,16.01502940368793,37.89581259915074,16.01502940368793,15.358581076898899,10.737930548254859,15.358581076898899,10.737930548254859,11.660076615508912,17.473365442387404,11.660076615508912,17.473365442387404
27.285566566167635,39.444559964937476,27.285566566167635,39.444559964937476,42.445296849297385,44.42468304157012,42.445296849297385,44.42468304157012,32.85191544748113,54.05552497110998,32.85191544748113,54.05552497110998,47.29626109099178,78.61748276063538,47.29626109099178,78.61748276063538,27.285566566167635,39.444559964937476,27.285566566167635,39.444559964937476,42.445296849297385,44.42468304157012,42.445296849297385,44.42468304157012,26.273844203387895,9.779346774387536,26.273844203387895,9.779346774387536,14.229068142089206,25.755059058117833,14.229068142089206,25.755059058117833,17.68063775045297,5.85037022404752,17.68063775045297,5.85037022404752,18.371020268220818,91.48928566731958,18.371020268220818,91.48928566731958,24.287599632928462,8.619915967577517,24.287599632928462,8.619915967577517,13.129336856130871,17.67749148548995,13.129336856130871,17.67749148548995,13.150445155943764,20.64508591588276,13.150445155943764,20.64508591588276,25.440056876390088,21.776698156569797,25.440056876390088,21.776698156569797,31.079469447397845,57.25574735399334,31.079469447397845,57.25574735399334,203.8994206088255,42.40044968424469,203.8994206088255,42.40044968424469,26.025009749435103,14.230392426700599,26.025009749435103,14.230392426700599,47.648048233665115,50.69303818592047,47.648048233665115,50.69303818592047
33.544253399324774,56.94172394852078,33.544253399324774,56.94172394852078,79.8776158639805,40.894804777904206,79.8776158639805,40.894804777904206,36.59504539842493,49.9279962422608,36.59504539842493,49.9279962422608,17.617344349066535,61.42040892914931,17.617344349066535,61.42040892914931,33.544253399324774,56.94172394852078,33.544253399324774,56.94172394852078,79.8776158639805,40.894804777904206,79.8776158639805,40.894804777904206,11.990242274128525,19.520074924209926,11.990242274128525,19.520074924209926,47.090034057370424,224.61878891099263,47.090034057370424,224.61878891099263,21.241659770490298,21.166283252100797,21.241659770490298,21.166283252100797,308.1450245020859,155.21837160033408,308.1450245020859,155.21837160033408,11.344100437669821,13.200936041206935,11.344100437669821,13.200936041206935,311.492052303728,42.760136810898665,311.492052303728,42.760136810898665,55.143545811633004,4.65402500283959,55.143545811633004,4.65402500283959,150.03612720883936,68.05663571389611,150.03612720883936,68.05663571389611,78.88877994691606,32.805307402663075,78.88877994691606,32.805307402663075,31.15804668097734,67.22936609790786,31.15804668097734,67.22936609790786,7.363891690632193,5.484120231765268,7.363891690632193,5.484120231765268,43.49520365867951,69.38361031370265,43.49520365867951,69.38361031370265
54.167865117835305,16.501162398951774,54.167865117835305,16.501162398951774,52.39430596748294,22.89751431220979,52.39430596748294,22.89751431220979,49.780605535785206,17.03432091833815,49.780605535785206,17.03432091833815,69.51164567472863,19.631829838486777,69.51164567472863,19.631829838486777,54.167865117835305,16.501162398951774,54.167865117835305,16.501162398951774,52.39430596748294,22.89751431220979,52.39430596748294,22.89751431220979,22.652667606115823,8.824498878288798,22.652667606115823,8.824498878288798,29.16421758211133,18.50596742075424,29.16421758211133,18.50596742075424,19.630465090726048,22.8594473803031,19.630465090726048,22.8594473803031,38.41395381295362,23.07745434301701,38.41395381295362,23.07745434301701,39.978670804940485,8.129679975283757,39.978670804940485,8.129679975283757,34.790296135550356,15.58228206923591,34.790296135550356,15.58228206923591,5.816568221044385,6.9752301872480365,5.816568221044385,6.9752301872480365,29.339054711112457,13.9083586018019,29.339054711112457,13.9083586018019,72.12490854120587,20.414311895690506,72.12490854120587,20.414311895690506,51.16503012885278,36.517573922759134,51.16503012885278,36.517573922759134,16.11995414402757,20.243985612155267,16.11995414402757,20.243985612155267,19.925449193586132,51.222610280543506,19.925449193586132,51.222610280543506
82.97752404364662,63.928331412271405,82.97752404364662,63.928331412271405,163.5545647857054,117.45256522123168,163.5545647857054,117.45256522123168,97.858263971708,72.73871345950162,97.858263971708,72.73871345950162,259.0137483150262,110.91415442005434,259.0137483150262,110.91415442005434,82.97752404364662,63.928331412271405,82.97752404364662,63.928331412271405,163.5545647857054,117.45256522123168,163.5545647857054,117.45256522123168,50.04944136130025,30.67471286613894,50.04944136130025,30.67471286613894,52.83357806936134,15.518862110483525,52.83357806936134,15.518862110483525,52.86282598567448,42.87344088164953,52.86282598567448,42.87344088164953,56.94588788993309,123.96468467289192,56.94588788993309,123.96468467289192,96.78743435427135,31.322518538647426,96.78743435427135,31.322518538647426,143.53478641333894,44.853319669661275,143.53478641333894,44.853319669661275,44.14389641332499,4.917662959296421,44.14389641332499,4.917662959296421,147.1336360412204,32.26619927705233,147.1336360412204,32.26619927705233,55.6382608344525,33.269039962652066,55.6382608344525,33.269039962652066,28.9150819329968,35.88221879038708,28.9150819329968,35.88221879038708,65.2394309911887,14.275830677702059,65.2394309911887,14.275830677702059,19.91930256312106,115.22038787961716,19.91930256312106,115.22038787961716
46.24238148016643,16.62856970842909,46.24238148016643,16.62856970842909,104.56254827491125,22.762554733956033,104.56254827491125,22.762554733956033,22.53299313294936,13.478143800883979,22.53299313294936,13.478143800883979,63.76490185268884,25.151811988884642,63.76490185268884,25.151811988884642,46.24238148016643,16.62856970842909,46.24238148016643,16.62856970842909,104.56254827491125,22.762554733956033,104.56254827491125,22.762554733956033,9.741538364644217,13.678172078455445,9.741538364644217,13.678172078455445,14.603435571013335,18.258703625094707,14.603435571013335,18.258703625094707,10.15473593429192,18.92953139325664,10.15473593429192,18.92953139325664,42.825688119277736,11.638214991694658,42.825688119277736,11.638214991694658,9.121806330782956,20.1305195744517,9.121806330782956,20.1305195744517,38.300228642310465,18.086472279164816,38.300228642310465,18.086472279164816,9.552187481568666,3.6627380223850663,9.552187481568666,3.6627380223850663,11.279485219215495,3.499423823030383,11.279485219215495,3.499423823030383,27.142115662296018,6.474706204543788,27.142115662296018,6.474706204543788,19.896263184902857,22.895283420900032,19.896263184902857,22.895283420900032,9.008485835254326,3.091976831303732,9.008485835254326,3.091976831303732,42.43038281581402,46.4558690404125,42.43038281581402,46.4558690404125
32.049756649924085,16.375733367352066,32.049756649924085,16.375733367352066,45.182235428169115,21.59116206561618,45.182235428169115,21.59116206561618,47.79755524668484,21.281893297610136,47.79755524668484,21.281893297610136,267.22770861964773,54.650045284185865,267.22770861964773,54.650045284185865,32.049756649924085,16.375733367352066,32.049756649924085,16.375733367352066,45.182235428169115,21.59116206561618,45.182235428169115,21.59116206561618,11.24354322593633,5.791951363077428,11.24354322593633,5.791951363077428,55.16777961737501,15.130949548176945,55.16777961737501,15.130949548176945,18.94240672596964,28.909289512712803,18.94240672596964,28.909289512712803,26.213525571979147,38.483840969040905,26.213525571979147,38.483840969040905,6.730143418271508,9.791189932083668,6.730143418271508,9.791189932083668,20.30582848494002,9.521322708648665,20.30582848494002,9.521322708648665,29.941130195973848,5.023883474067431,29.941130195973848,5.023883474067431,174.4199177125816,20.410851491885726,174.4199177125816,20.410851491885726,10.918388178858901,15.974286144209616,10.918388178858901,15.974286144209616,87.5752408589548,37.99668598792032,87.5752408589548,37.99668598792032,34.8343322015461,5.878000559809921,34.8343322015461,5.878000559809921,52.37479189474452,264.30466000406255,52.37479189474452,264.30466000406255
67.62402690168379,48.43088344575578,67.62402690168379,48.43088344575578,45.601303110471,55.43911454259476,45.601303110471,55.43911454259476,59.60850632314621,49.36212441197212,59.60850632314621,49.36212441197212,45.41995090021583,27.40570629717235,45.41995090021583,27.40570629717235,67.62402690168379,48.43088344575578,67.62402690168379,48.43088344575578,45.601303110471,55.43911454259476,45.601303110471,55.43911454259476,22.451363290276873,15.870962698452034,22.451363290276873,15.870962698452034,25.712836937884894,17.960805181997564,25.712836937884894,17.960805181997564,51.62456533061443,38.701468681535154,51.62456533061443,38.701468681535154,30.297481707174416,69.44796707166122,30.297481707174416,69.44796707166122,25.397409192147755,23.742844706409365,25.397409192147755,23.742844706409365,76.88973273499202,13.825247338825369,76.88973273499202,13.825247338825369,15.797255362946032,8.49534893026662,15.797255362946032,8.49534893026662,71.32694420896289,44.79489236793828,71.32694420896289,44.79489236793828,40.606119193338465,9.752562385859664,40.606119193338465,9.752562385859664,37.42110760947572,50.810204176625625,37.42110760947572,50.810204176625625,11.97774117917625,10.623105681664887,11.97774117917625,10.623105681664887,72.96186228766199,46.816940803310715,72.96186228766199,46.816940803310715
106.24318108952198,103.79662136314612,106.24318108952198,103.79662136314612,75.6853894361983,77.8075024416761,75.6853894361983,77.8075024416761,74.87535753128256,194.0694900633645,74.87535753128256,194.0694900633645,210.0499381633345,74.89614881850174,210.0499381633345,74.89614881850174,106.24318108952198,103.79662136314612,106.24318108952198,103.79662136314612,75.6853894361983,77.8075024416761,75.6853894361983,77.8075024416761,31.031428159903804,22.528720015340607,31.031428159903804,22.528720015340607,84.08079691284436,22.298205148535146,84.08079691284436,22.298205148535146,44.4032341609045,27.983492337439827,44.4032341609045,27.983492337439827,81.0076681221464,40.98351036991618,81.0076681221464,40.98351036991618,55.58762727801969,33.05070894830236,55.58762727801969,33.05070894830236,78.11080120906345,29.813856634892762,78.11080120906345,29.813856634892762,20.497592193625145,15.823067416073016,20.497592193625145,15.823067416073016,81.05258701610407,86.9610161863139,81.05258701610407,86.9610161863139,31.76064242049182,27.504923944600815,31.76064242049182,27.504923944600815,96.5743074157352,74.9289895282824,96.5743074157352,74.9289895282824,51.75367066398808,51.415563282727085,51.75367066398808,51.415563282727085,68.97160652958037,106.14996897693531,68.97160652958037,106.14996897693531
71.01406432032573,63.349896390529416,71.01406432032573,63.349896390529416,51.85901461137344,65.7494769695845,51.85901461137344,65.7494769695845,71.64153055110157,106.01631221466614,71.64153055110157,106.01631221466614,52.324071148842044,59.262242781297026,52.324071148842044,59.262242781297026,71.01406432032573,63.349896390529416,71.01406432032573,63.349896390529416,51.85901461137344,65.7494769695845,51.85901461137344,65.7494769695845,28.849066835855158,17.312906938985332,28.849066835855158,17.312906938985332,21.137608746514683,68.25330110629767,21.137608746514683,68.25330110629767,18.175647477762617,49.83499541688343,18.175647477762617,49.83499541688343,20.574748441301843,50.59719268321881,20.574748441301843,50.59719268321881,41.71995548559615,22.232651919857336,41.71995548559615,22.232651919857336,65.00202596473626,79.22489188370739,65.00202596473626,79.22489188370739,66.9650859624887,87.67366904267489,66.9650859624887,87.67366904267489,62.49075640209471,27.959324978032424,62.49075640209471,27.959324978032424,11.196566879024887,66.71046653714036,11.196566879024887,66.71046653714036,94.69808034045352,74.68407595864478,94.69808034045352,74.68407595864478,38.72323079550798,37.95296559928668,38.72323079550798,37.95296559928668,130.5760509538099,38.05264697607767,130.5760509538099,38.05264697607767
99.9005765278358,45.625826266209565,99.9005765278358,45.625826266209565,49.23451936101106,60.2065396494625,49.23451936101106,60.2065396494625,112.92731567473353,49.1944001936623,112.92731567473353,49.1944001936623,37.032791120760386,60.66208919673483,37.032791120760386,60.66208919673483,99.9005765278358,45.625826266209565,99.9005765278358,45.625826266209565,49.23451936101106,60.2065396494625,49.23451936101106,60.2065396494625,19.029599529690522,17.399166444641377,19.029599529690522,17.399166444641377,89.14493814556059,33.884482332541424,89.14493814556059,33.884482332541424,14.5929568213633,13.697777661130024,14.5929568213633,13.697777661130024,35.95950586556135,12.67358185762671,35.95950586556135,12.67358185762671,27.61558696980321,17.102442138430185,27.61558696980321,17.102442138430185,23.246531582477637,9.630860680078886,23.246531582477637,9.630860680078886,7.677547391354545,11.398979209249925,7.677547391354545,11.398979209249925,38.12897443033098,61.65648933597145,38.12897443033098,61.65648933597145,9.370576853703808,13.90387547241649,9.370576853703808,13.90387547241649,46.193165459707146,91.7007570834663,46.193165459707146,91.7007570834663,14.1957128238963,8.86503723631322,14.1957128238963,8.86503723631322,21.55844163069292,24.495922742515887,21.55844163069292,24.495922742515887
1392.5019103139725,1349.942000637965,1392.5019103139725,1349.942000637965,3738.1351272643533,2482.543219252913,3738.1351272643533,2482.543219252913,702.9234937007865,945.584899715503,702.9234937007865,945.584899715503,2144.618707359603,2892.062004456384,2144.618707359603,2892.062004456384,1392.5019103139725,1349.942000637965,1392.5019103139725,1349.942000637965,3738.1351272643533,2482.543219252913,3738.1351272643533,2482.543219252913,738.883511707485,430.71901485869273,738.883511707485,430.71901485869273,2214.8975958522146,2177.320804872952,2214.8975958522146,2177.320804872952,1756.2485767915293,1729.991632964727,1756.2485767915293,1729.991632964727,5088.784717533355,4725.684976611987,5088.784717533355,4725.684976611987,1301.257916444108,864.4628681424642,1301.257916444108,864.4628681424642,3042.1429886775495,3661.5814608901665,3042.1429886775495,3661.5814608901665,730.9018599213156,670.2883243325628,730.9018599213156,670.2883243325628,1178.4955790491338,1297.1856045279615,1178.4955790491338,1297.1856045279615,2367.6160712156125,2269.6045450404467,2367.6160712156125,2269.6045450404467,3668.147311290411,5650.002441961555,3668.147311290411,5650.002441961555,1409.6362458011479,1122.7950236125814,1409.6362458011479,1122.7950236125814,1603.3624728444777,2158.073862585736,1603.3624728444777,2158.073862585736
121.71004877963807,34.48477426570122,121.71004877963807,34.48477426570122,162.6762087228317,81.21145834841946,162.6762087228317,81.21145834841946,127.63641458091092,69.54996507583654,127.63641458091092,69.54996507583654,754.4324756770296,92.076467190353,754.4324756770296,92.076467190353,121.71004877963807,34.48477426570122,121.71004877963807,34.48477426570122,162.6762087228317,81.21145834841946,162.6762087228317,81.21145834841946,20.38833566397763,54.94932625310531,20.38833566397763,54.94932625310531,362.4818242925931,160.64629666502876,362.4818242925931,160.64629666502876,83.92404318484243,40.807626817940694,83.92404318484243,40.807626817940694,463.52417313406806,163.41253955379028,463.52417313406806,163.41253955379028,56.573534552915326,52.406720548153835,56.573534552915326,52.406720548153835,411.7933549074781,91.19127932251877,411.7933549074781,91.19127932251877,78.13356387541845,114.83002438199037,78.13356387541845,114.83002438199037,72.63925062713314,116.73821453563531,72.63925062713314,116.73821453563531,122.7993525317813,114.68127576371613,122.7993525317813,114.68127576371613,138.95863942792394,304.63181507561103,138.95863942792394,304.63181507561103,33.03267082785407,127.20853826216737,33.03267082785407,127.20853826216737,22.832450927831566,243.4502807634075,22.832450927831566,243.4502807634075
36.17143328937664,102.71313117339665,36.17143328937664,102.71313117339665,184.6074687873966,162.02927503672618,184.6074687873966,162.02927503672618,68.30935201271663,56.655953243230634,68.30935201271663,56.655953243230634,141.74460770390263,404.16563490616505,141.74460770390263,404.16563490616505,36.17143328937664,102.71313117339665,36.17143328937664,102.71313117339665,184.6074687873966,162.02927503672618,184.6074687873966,162.02927503672618,52.328175177806926,255.7443759683951,52.328175177806926,255.7443759683951,114.30393323480963,125.76937661447359,114.30393323480963,125.76937661447359,62.82599470396824,103.77263175758476,62.82599470396824,103.77263175758476,123.7050385969184,213.34957829307996,123.7050385969184,213.34957829307996,64.47472491191328,187.03550414862033,64.47472491191328,187.03550414862033,110.5893799705331,207.74235513517903,110.5893799705331,207.74235513517903,152.1355819732035,98.4997847518788,152.1355819732035,98.4997847518788,403.36333717282656,456.1861441218613,403.36333717282656,456.1861441218613,81.93396034416239,107.50081939621158,81.93396034416239,107.50081939621158,299.6913602155581,569.0651071890178,299.6913602155581,569.0651071890178,167.7856108822021,174.08137996888195,167.7856108822021,174.08137996888195,202.13709310907944,790.7769757832423,202.13709310907944,790.7769757832423
63.37830298232545,64.62102625728335,63.37830298232545,64.62102625728335,275.48574094547314,594.5207877686314,275.48574094547314,594.5207877686314,73.66357984653129,64.56799279458038,73.66357984653129,64.56799279458038,436.40078515382476,236.7131345653679,436.40078515382476,236.7131345653679,63.37830298232545,64.62102625728335,63.37830298232545,64.62102625728335,275.48574094547314,594.5207877686314,275.48574094547314,594.5207877686314,75.95577179431032,60.54948115309724,75.95577179431032,60.54948115309724,177.65796396696675,24.06532602956565,177.65796396696675,24.06532602956565,99.8788994547941,369.17164751185845,99.8788994547941,369.17164751185845,415.5677130347254,870.9162686143266,415.5677130347254,870.9162686143266,42.709057178636264,39.73479367373761,42.709057178636264,39.73479367373761,83.92622803721251,532.9596893225018,83.92622803721251,532.9596893225018,38.19523574097466,162.6492417032626,38.19523574097466,162.6492417032626,137.49947279404313,644.7406789781922,137.49947279404313,644.7406789781922,51.73093044652008,374.6880373683476,51.73093044652008,374.6880373683476,120.19929520712672,504.39948009288736,120.19929520712672,504.39948009288736,111.89791658678689,71.14181614540202,111.89791658678689,71.14181614540202,79.23610885770306,158.39271857750552,79.23610885770306,158.39271857750552
262.39331084549343,65.69470163914791,262.39331084549343,65.69470163914791,733.5006353931469,113.83192949094487,733.5006353931469,113.83192949094487,109.13663350003758,17.697977329206307,109.13663350003758,17.697977329206307,279.24576841115413,265.71045113522524,279.24576841115413,265.71045113522524,262.39331084549343,65.69470163914791,262.39331084549343,65.69470163914791,733.5006353931469,113.83192949094487,733.5006353931469,113.83192949094487,61.29077660581015,140.0262611469689,61.29077660581015,140.0262611469689,203.9970421245359,152.5078729559745,203.9970421245359,152.5078729559745,84.03906860694826,135.76186729741215,84.03906860694826,135.76186729741215,502.12612737590746,1406.2893635606015,502.12612737590746,1406.2893635606015,165.84998709862504,39.90830727879089,165.84998709862504,39.90830727879089,27.614546797288323,447.81279938668615,27.614546797288323,447.81279938668615,10.17663940691987,19.225426169231753,10.17663940691987,19.225426169231753,53.178062615539666,56.728160871231026,53.178062615539666,56.728160871231026,359.26925587672184,150.41932326739592,359.26925587672184,150.41932326739592,484.8105817269734,191.64407606573823,484.8105817269734,191.64407606573823,41.977532456976185,32.06400085497343,41.977532456976185,32.06400085497343,35.31183983881751,129.27549516287488,35.31183983881751,129.27549516287488
16.472739399456465,9.897557425028483,16.472739399456465,9.897557425028483,23.99185152713192,11.684523764619112,23.99185152713192,11.684523764619112,23.988259116919192,18.407540064409954,23.988259116919192,18.407540064409954,93.22077695315731,16.186934125600573,93.22077695315731,16.186934125600573,16.472739399456465,9.897557425028483,16.472739399456465,9.897557425028483,23.99185152713192,11.684523764619112,23.99185152713192,11.684523764619112,10.327736563569292,6.8088295673510055,10.327736563569292,6.8088295673510055,11.554801612035538,19.636166551914876,11.554801612035538,19.636166551914876,8.909392772456963,19.327943905530795,8.909392772456963,19.327943905530795,60.55489779136455,11.362459183193739,60.55489779136455,11.362459183193739,15.289478443700995,6.231240601708785,15.289478443700995,6.231240601708785,53.10534165937995,35.58115472759753,53.10534165937995,35.58115472759753,10.046094093212703,3.9249534045502044,10.046094093212703,3.9249534045502044,89.3604134340241,103.28121571638397,89.3604134340241,103.28121571638397,57.36981166478737,2.765435222370043,57.36981166478737,2.765435222370043,25.819133313280876,17.280088017481088,25.819133313280876,17.280088017481088,5.410152882862055,3.8348517051197812,5.410152882862055,3.8348517051197812,75.5019132251748,67.58820119927135,75.5019132251748,67.58820119927135
17.936373931089847,11.981552433683598,17.936373931089847,11.981552433683598,22.897458824684072,5.8975324914004785,22.897458824684072,5.8975324914004785,21.379099777415327,14.04189685844541,21.379099777415327,14.04189685844541,28.794609545116085,6.322004036079389,28.794609545116085,6.322004036079389,17.936373931089847,11.981552433683598,17.936373931089847,11.981552433683598,22.897458824684072,5.8975324914004785,22.897458824684072,5.8975324914004785,19.66194150484429,6.1502025974152685,19.66194150484429,6.1502025974152685,7.537848916529295,2.8571779003762616,7.537848916529295,2.8571779003762616,12.122836188953608,3.9217335319239557,12.122836188953608,3.9217335319239557,15.819909780797689,21.493263392962756,15.819909780797689,21.493263392962756,15.51206682375417,5.9503313694640525,15.51206682375417,5.9503313694640525,7.70598140556198,5.408601646710132,7.70598140556198,5.408601646710132,1.9913538079841657,4.777869541297034,1.9913538079841657,4.777869541297034,70.84047978548878,17.356453765493686,70.84047978548878,17.356453765493686,7.763988158704931,6.814976388142665,7.763988158704931,6.814976388142665,33.66844744415678,8.506248680389671,33.66844744415678,8.506248680389671,9.353456338772265,7.899186243614335,9.353456338772265,7.899186243614335,11.944181376744424,9.442773480651018,11.944181376744424,9.442773480651018
38.644430518698954,27.88975252303642,38.644430518698954,27.88975252303642,27.258944697413224,9.356364359687632,27.258944697413224,9.356364359687632,20.78890440763669,21.76019417290835,20.78890440763669,21.76019417290835,29.335310419126635,11.186363458855213,29.335310419126635,11.186363458855213,38.644430518698954,27.88975252303642,38.644430518698954,27.88975252303642,27.258944697413224,9.356364359687632,27.258944697413224,9.356364359687632,3.6080798222373436,4.534548846137896,3.608079822237345,4.534548846137896,16.014821699540708,21.305078079456372,16.014821699540708,21.305078079456372,22.056484306561767,11.821939448464283,22.056484306561767,11.821939448464283,16.607178292709193,28.199248286349547,16.607178292709193,28.199248286349547,8.785798327692733,4.53990196138427,8.785798327692733,4.53990196138427,7.819102407676807,3.243244321942969,7.819102407676807,3.243244321942969,0.4773859849135605,28.35546068917552,0.4773859849135605,28.35546068917552,12.690971195582515,36.75128795910841,12.690971195582515,36.75128795910841,11.803504713288213,17.102793827440728,11.803504713288213,17.102793827440728,40.788262625865485,16.869279217266808,40.788262625865485,16.869279217266808,2.17885921453444,4.495833174317243,2.17885921453444,4.495833174317243,63.98973039669001,55.30793214359175,63.98973039669001,55.30793214359175
20.21728674891371,6.443213281361772,20.21728674891371,6.443213281361772,13.125611594109964,5.529860423154075,13.125611594109964,5.529860423154075,28.7918514731431,8.076682480561157,28.7918514731431,8.076682480561157,18.038268150370822,2.7084274439790375,18.038268150370822,2.7084274439790375,20.21728674891371,6.443213281361772,20.21728674891371,6.443213281361772,13.125611594109964,5.529860423154075,13.125611594109964,5.529860423154075,4.978055261727623,3.4635887139244503,4.978055261727623,3.4635887139244503,11.960418847068272,2.3215426403696697,11.960418847068272,2.3215426403696697,5.752838572442646,1.5432914113864926,5.752838572442646,1.5432914113864926,8.697351300769862,24.522235782266048,8.697351300769862,24.522235782266048,6.778026295725074,3.328961368915951,6.778026295725074,3.328961368915951,12.36565122575332,3.3453866938722108,12.36565122575332,3.3453866938722108,10.331623379000888,4.590121405345102,10.331623379000888,4.590121405345102,99.97230211683745,30.357837034463195,99.97230211683745,30.357837034463195,5.518848557325076,3.566844693087731,5.518848557325076,3.566844693087731,22.000416774443668,17.472023658763952,22.000416774443668,17.472023658763952,6.6921472072585715,0.9315671749691509,6.6921472072585715,0.9315671749691509,6.267678286070178,12.705856767965045,6.267678286070178,12.705856767965045
15.003449837919787,12.37879461084492,15.003449837919787,12.37879461084492,110.835901893377,56.15679396397642,110.835901893377,56.15679396397642,12.607520464986976,10.0465613668514,12.607520464986976,10.0465613668514,47.89000533971183,9.825151361149983,47.89000533971183,9.825151361149983,15.003449837919787,12.37879461084492,15.003449837919787,12.37879461084492,110.835901893377,56.15679396397642,110.835901893377,56.15679396397642,18.464032264679723,52.995009029811676,18.464032264679723,52.995009029811676,105.48523963361512,105.31365634065584,105.48523963361512,105.31365634065584,23.982790203532378,6.706637280978951,23.982790203532378,6.706637280978951,12.280386571590213,43.06506625321042,12.280386571590213,43.06506625321042,14.759235514391287,12.330377417979621,14.759235514391287,12.330377417979621,74.30047507732174,32.234348834666484,74.30047507732174,32.234348834666484,21.029148014283336,23.983135028085094,21.029148014283336,23.983135028085094,172.08151308117428,230.88108946265552,172.08151308117428,230.88108946265552,4.636083902934859,3.6891713982575047,4.636083902934859,3.6891713982575047,146.3739714914304,176.44454003879486,146.3739714914304,176.44454003879486,6.985087868553973,26.638157394133774,6.985087868553973,26.638157394133774,12.063453887880259,98.11720816762318,12.063453887880259,98.11720816762318
29.484779428250757,11.129204085173768,29.484779428250757,11.129204085173768,34.22862381882923,15.618929861434271,34.22862381882923,15.618929861434271,26.746880263650848,15.58692959810343,26.746880263650848,15.58692959810343,56.18053175629466,12.579417191172098,56.18053175629466,12.579417191172098,29.484779428250757,11.129204085173768,29.484779428250757,11.129204085173768,34.22862381882923,15.618929861434271,34.22862381882923,15.618929861434271,4.382219130144587,5.684468460628878,4.382219130144587,5.684468460628878,13.16428747087029,19.212492502672205,13.16428747087029,19.212492502672205,7.238644840769747,6.731044429439137,7.238644840769747,6.731044429439137,11.676791039656766,12.34610176626651,11.676791039656766,12.34610176626651,4.457027909721211,5.3167993337135835,4.457027909721211,5.3167993337135835,20.215457045859896,8.869005687876994,20.215457045859896,8.869005687876994,69.85177886111568,1.3846251450114804,69.85177886111568,1.3846251450114804,129.20421517650152,35.134976986544594,129.20421517650152,35.134976986544594,2.0709660655566005,2.858541262885517,2.0709660655566005,2.858541262885517,19.02036627821842,37.25840555695237,19.02036627821842,37.25840555695237,122.46376400853856,3.118309740307663,122.46376400853856,3.118309740307663,22.951348584535555,80.61911876171139,22.951348584535555,80.61911876171139
43.31764714898374,35.74777904594469,43.31764714898374,35.74777904594469,66.02823893966469,19.853485000090494,66.02823893966469,19.853485000090494,43.304642564130646,40.51235149431185,43.304642564130646,40.51235149431185,59.119187354267254,40.177984302164745,59.119187354267254,40.177984302164745,43.31764714898374,35.74777904594469,43.31764714898374,35.74777904594469,66.02823893966469,19.853485000090494,66.02823893966469,19.853485000090494,8.069122162746527,6.100651221042553,8.069122162746527,6.100651221042553,25.858320454181587,41.98949630990779,25.858320454181587,41.98949630990779,7.344675160013283,10.769845014929098,7.344675160013283,10.769845014929098,18.03017616922966,13.136021847399812,18.03017616922966,13.136021847399812,5.148026238030275,6.74748069453613,5.148026238030275,6.74748069453613,12.545377911278973,34.24509278063963,12.545377911278973,34.24509278063963,41.24248958180844,8.97322659472933,41.24248958180844,8.97322659472933,38.46617681240367,44.75077609517956,38.46617681240367,44.75077609517956,2.370798288699363,1.8583634138743086,2.370798288699363,1.8583634138743086,36.128764076933685,69.55121933375752,36.128764076933685,69.55121933375752,7.2193614584400665,0.6307870594726873,7.2193614584400665,0.6307870594726873,39.400241370615944,26.416533794592162,39.400241370615944,26.416533794592162
37.1319267064723,10.089038936472749,37.1319267064723,10.089038936472749,31.65265957611876,19.100678389626793,31.65265957611876,19.100678389626793,40.013246106735465,13.008278430445035,40.013246106735465,13.008278430445035,29.970621189541387,9.969606003753125,29.970621189541387,9.969606003753125,37.1319267064723,10.089038936472749,37.1319267064723,10.089038936472749,31.65265957611876,19.100678389626793,31.65265957611876,19.100678389626793,16.99319457991087,1.558373860954827,16.99319457991087,1.558373860954827,14.128164633398196,9.470223230073637,14.128164633398196,9.470223230073637,11.81541327921357,7.747039718437299,11.81541327921357,7.747039718437299,19.45587347352131,23.076064244380497,19.45587347352131,23.076064244380497,7.736806923281733,2.1136611302176895,7.736806923281733,2.1136611302176895,24.440646594602267,11.692326887932023,24.440646594602267,11.692326887932023,8.738664447322417,2.562883972524325,8.738664447322417,2.562883972524325,25.721704799842364,57.774880932009154,25.721704799842364,57.774880932009154,5.450392622726566,3.876926041759412,5.450392622726566,3.876926041759412,75.10116449318177,38.65531851758751,75.10116449318177,38.65531851758751,4.20271902803508,8.576525985436486,4.20271902803508,8.576525985436486,27.385776244449552,15.721030324790735,27.385776244449552,15.721030324790735
44.07698485092652,25.005921627450125,44.07698485092652,25.005921627450125,108.41312840297901,66.25511382222639,108.41312840297901,66.25511382222639,69.23171936280151,23.40256742491502,69.23171936280151,23.40256742491502,86.2540131196072,8.107045837565698,86.2540131196072,8.107045837565698,44.07698485092652,25.005921627450125,44.07698485092652,25.005921627450125,108.41312840297901,66.25511382222639,108.41312840297901,66.25511382222639,67.63811897661607,7.998874356514283,67.63811897661607,7.998874356514283,179.16936232844975,305.54528832905186,179.16936232844975,305.54528832905186,112.64172215755362,4.914443342883755,112.64172215755362,4.914443342883755,138.87014668919647,25.83213307460665,138.87014668919647,25.83213307460665,62.766803010164814,31.44723337024118,62.766803010164814,31.44723337024118,26.18610628762904,63.68699468905797,26.18610628762904,63.68699468905797,48.890129345466356,48.44905038240009,48.890129345466356,48.44905038240009,5.6806842648886295,17.927549019101367,5.6806842648886295,17.927549019101367,130.28998111365783,14.099022038988162,130.28998111365783,14.099022038988162,50.19545866239054,130.8768676404924,50.19545866239054,130.8768676404924,6.608577177598541,26.840576594075085,6.608577177598541,26.840576594075085,63.10574293344382,27.703933454242037,63.10574293344382,27.703933454242037
95.51983475219616,8.628899287725343,95.51983475219616,8.628899287725343,14.935983687982617,57.06164449755446,14.935983687982617,57.06164449755446,32.675026980455414,24.874345404728963,32.675026980455414,24.874345404728963,71.49776712618599,27.15688380883463,71.49776712618599,27.15688380883463,95.51983475219616,8.628899287725343,95.51983475219616,8.628899287725343,14.935983687982617,57.06164449755446,14.935983687982617,57.06164449755446,31.83322175100597,4.57545851918462,31.83322175100597,4.57545851918462,95.40027804743858,39.667708839956404,95.40027804743858,39.667708839956404,51.000015584520995,17.597770429516466,51.000015584520995,17.597770429516466,164.63616516811453,60.34069209822774,164.63616516811453,60.34069209822774,25.27736877135549,3.630360301269067,25.27736877135549,3.630360301269067,36.2194887691732,65.93985755042657,36.2194887691732,65.93985755042657,13.83167178080393,3.8957240483695355,13.83167178080393,3.8957240483695355,18.99310554443501,62.12466830509946,18.99310554443501,62.12466830509946,46.312382430698975,2.470366571644557,46.312382430698975,2.470366571644557,94.07718769722692,100.47868759125336,94.07718769722692,100.47868759125336,13.513801334873788,14.564473199494627,13.513801334873788,14.564473199494627,29.169989498437705,50.58456453910863,29.169989498437705,50.58456453910863
42.54319166329854,21.42846018578663,42.54319166329854,21.42846018578663,78.16605660594784,22.831869019974402,78.16605660594784,22.831869019974402,25.647532992946044,18.668594577322633,25.647532992946044,18.668594577322633,69.20460587403858,14.515481477304721,69.20460587403858,14.515481477304721,42.54319166329854,21.42846018578663,42.54319166329854,21.42846018578663,78.16605660594784,22.831869019974402,78.16605660594784,22.831869019974402,13.352432358033836,5.296156038360672,13.352432358033836,5.296156038360672,76.40470389521877,60.228443551177605,76.40470389521877,60.228443551177605,20.007143729854608,7.540231622533839,20.007143729854608,7.540231622533839,6.292134395216272,25.46840336172228,6.292134395216272,25.46840336172228,9.463106722010197,2.9065710404737786,9.463106722010197,2.9065710404737786,34.83581774536725,29.96146229865745,34.83581774536725,29.96146229865745,25.915288141186792,14.516198585735198,25.915288141186792,14.516198585735198,9.60495611483589,8.159685517480508,9.60495611483589,8.159685517480508,73.19871986982687,6.26280673301151,73.19871986982687,6.26280673301151,69.08844119299717,56.142879693665336,69.08844119299717,56.142879693665336,5.711087737207267,3.6233661012462073,5.711087737207267,3.6233661012462073,44.45310028863561,50.41690418481827,44.45310028863561,50.41690418481827
50.38943973662373,15.258763727883071,50.38943973662373,15.258763727883071,18.873608409057613,30.731447478294374,18.873608409057613,30.731447478294374,13.366926900034704,13.295612342903347,13.366926900034704,13.295612342903347,63.934613650943696,22.247319878477864,63.934613650943696,22.247319878477864,50.38943973662373,15.258763727883071,50.38943973662373,15.258763727883071,18.873608409057613,30.731447478294374,18.873608409057613,30.731447478294374,18.33088391991473,2.739929632501744,18.33088391991473,2.739929632501744,27.04725481987813,103.94792500965532,27.04725481987813,103.94792500965532,30.690966237871645,15.33875154972091,30.690966237871645,15.33875154972091,11.889932452780497,121.81316694220449,11.889932452780497,121.81316694220449,21.932107287287526,2.358620904056274,21.932107287287526,2.358620904056274,40.21247278440825,143.0798101637669,40.21247278440825,143.0798101637669,25.74861349770507,3.3994922382198656,25.74861349770507,3.3994922382198656,34.35196590904632,8.325162507172042,34.35196590904632,8.325162507172042,6.407741909901191,6.4914895702636946,6.407741909901191,6.4914895702636946,111.23643700822129,120.62264502440472,111.23643700822129,120.62264502440472,25.922672751323216,53.08535174514406,25.922672751323216,53.08535174514406,18.86119068920805,53.276799484054294,18.86119068920805,53.276799484054294
52.65292980635506,12.86405054934923,52.65292980635506,12.86405054934923,42.32735064420323,18.168470820322433,42.32735064420323,18.168470820322433,30.69963655353362,9.102974120672114,30.69963655353362,9.102974120672114,44.59992541588229,10.254333333475355,44.59992541588229,10.254333333475355,52.65292980635506,12.86405054934923,52.65292980635506,12.86405054934923,42.32735064420323,18.168470820322433,42.32735064420323,18.168470820322433,29.444257192538988,4.543960358469325,29.444257192538988,4.543960358469325,31.057936500327745,5.827452527517467,31.057936500327745,5.827452527517467,27.1747824271127,7.194077232620991,27.1747824271127,7.194077232620991,56.00465413609536,22.591497690169792,56.00465413609536,22.591497690169792,17.606938047917104,3.2604191445777637,17.606938047917104,3.2604191445777637,99.56233728597051,45.486661135653776,99.56233728597051,45.486661135653776,13.475349969578572,3.0273406735399244,13.475349969578572,3.0273406735399244,17.799548429507006,15.079933232756234,17.799548429507006,15.079933232756234,6.79720250689851,14.125982875674335,6.79720250689851,14.125982875674335,17.190080882939174,30.5071647711546,17.190080882939174,30.5071647711546,13.342807235585479,27.434680543837942,13.342807235585479,27.434680543837942,34.30475946692351,49.3615165123588,34.30475946692351,49.3615165123588
77.65063366496352,41.744664374518976,77.65063366496352,41.744664374518976,53.69159998743097,28.104361541554983,53.69159998743097,28.104361541554983,59.29311175267358,50.230515318203025,59.29311175267358,50.230515318203025,65.1344861396202,36.099645445037666,65.1344861396202,36.099645445037666,77.65063366496352,41.744664374518976,77.65063366496352,41.744664374518976,53.69159998743097,28.104361541554983,53.69159998743097,28.104361541554983,22.188191382290295,16.180417975109407,22.188191382290295,16.180417975109407,11.368086865346847,17.622489815391177,11.368086865346847,17.622489815391177,22.835043343352524,18.798732487038713,22.835043343352524,18.798732487038713,16.096189620888726,29.3721322393177,16.096189620888726,29.3721322393177,23.757184188839986,16.603112098473762,23.757184188839986,16.603112098473762,25.652175802530927,10.083544819427818,25.652175802530927,10.083544819427818,4.0380482551290475,6.528918601573626,4.0380482551290475,6.528918601573626,50.068631026590154,7.0671095692403165,50.068631026590154,7.0671095692403165,6.625183955900348,1.74954578391776,6.625183955900348,1.74954578391776,63.46814211050094,95.8692892405983,63.46814211050094,95.8692892405983,9.276811338000527,10.422072490202785,9.276811338000527,10.422072490202785,23.21512759232849,75.29520852746379,23.21512759232849,75.29520852746379
31.16428514564271,15.810974680634171,31.16428514564271,15.810974680634171,32.942117140598995,16.278354237166692,32.942117140598995,16.278354237166692,39.074566008156154,15.174708712300532,39.074566008156154,15.174708712300532,19.186111601985083,24.64844125337943,19.186111601985083,24.64844125337943,31.16428514564271,15.810974680634171,31.16428514564271,15.810974680634171,32.942117140598995,16.278354237166692,32.942117140598995,16.278354237166692,6.249876346769701,6.303561242896152,6.249876346769701,6.303561242896152,32.263505726646486,23.42182870629656,32.263505726646486,23.42182870629656,9.76886876707013,8.040289556956989,9.76886876707013,8.040289556956989,51.01351850819321,19.64880900855986,51.01351850819321,19.64880900855986,11.667228106334461,2.527381070177055,11.667228106334461,2.527381070177055,33.308296541243415,14.746306009123312,33.308296541243415,14.746306009123312,3.0091437181339633,8.711061717249828,3.0091437181339633,8.711061717249828,9.67317424411558,44.65323416350827,9.67317424411558,44.65323416350827,13.2633867886687,10.83202116810558,13.2633867886687,10.83202116810558,26.575846508830857,20.770395186265947,26.575846508830857,20.770395186265947,29.65460352451153,13.698501184972086,29.65460352451153,13.698501184972086,42.003780999246636,73.05782576220034,42.003780999246636,73.05782576220034
27.54554694657848,16.01863582017037,27.54554694657848,16.01863582017037,31.513948459452845,19.019214722002452,31.513948459452845,19.019214722002452,33.66442335968387,10.033570485121276,33.66442335968387,10.033570485121276,21.39714389234041,20.759677432020627,21.39714389234041,20.759677432020627,27.54554694657848,16.01863582017037,27.54554694657848,16.01863582017037,31.513948459452845,19.019214722002452,31.513948459452845,19.019214722002452,2.459064145363074,17.563228876270447,2.459064145363074,17.563228876270447,23.831531792333102,21.566171873365764,23.831531792333102,21.566171873365764,21.296882448252305,2.4812208637795945,21.296882448252305,2.4812208637795945,27.709272220033895,14.962238283764087,27.709272220033895,14.962238283764087,4.551647281044415,7.191316864142808,4.551647281044415,7.191316864142808,15.05612307663447,10.905223302861689,15.05612307663447,10.905223302861689,10.8465752867732,2.1870556222354534,10.8465752867732,2.1870556222354534,10.080666969787815,26.94617634270185,10.080666969787815,26.94617634270185,9.967655053579476,4.568631361598089,9.967655053579476,4.568631361598089,45.158104932883816,14.2522029817661,45.158104932883816,14.2522029817661,9.750154888961589,5.545826656552938,9.750154888961589,5.545826656552938,12.748676548351456,18.708817240626193,12.748676548351456,18.708817240626193
19.159449050253976,8.586646833325808,19.159449050253976,8.586646833325808,48.18038276916789,20.457782602950363,48.18038276916789,20.457782602950363,29.012548800074445,7.707012522296328,29.012548800074445,7.707012522296328,24.00473070051226,33.3254977076702,24.00473070051226,33.3254977076702,19.159449050253976,8.586646833325808,19.159449050253976,8.586646833325808,48.18038276916789,20.457782602950363,48.18038276916789,20.457782602950363,31.387826468234778,2.9518317931612557,31.387826468234778,2.9518317931612557,20.836270592501275,41.571024067390034,20.836270592501275,41.571024067390034,3.528210652718283,35.20078300372596,3.528210652718283,35.20078300372596,11.626160617784235,65.94918636841166,11.626160617784235,65.94918636841166,22.88969452398438,2.227054445883279,22.88969452398438,2.227054445883279,3.4563751052069334,13.49436992701568,3.4563751052069334,13.49436992701568,3.5962587913999258,6.811146618993971,3.5962587913999258,6.811146618993971,11.393970962996072,19.69411540216518,11.393970962996072,19.69411540216518,8.65147039424756,47.48586884371204,8.65147039424756,47.48586884371204,19.268557184229405,72.90249188966406,19.268557184229405,72.90249188966406,8.975679629418872,29.86734998323291,8.975679629418872,29.86734998323291,65.19054446653799,55.749142955724665,65.19054446653799,55.749142955724665
29.444993986508354,8.734516873656782,29.444993986508354,8.734516873656782,30.956374463048263,16.886032079014523,30.956374463048263,16.886032079014523,22.917962568205567,5.107263485647223,22.917962568205567,5.107263485647223,61.94316240135023,5.434157669742366,61.94316240135023,5.434157669742366,29.444993986508354,8.734516873656782,29.444993986508354,8.734516873656782,30.956374463048263,16.886032079014523,30.956374463048263,16.886032079014523,13.74684273629375,4.414935262728781,13.74684273629375,4.414935262728781,59.781267167133684,9.285044978018254,59.781267167133684,9.285044978018254,41.86672105514115,4.868609684329547,41.86672105514115,4.868609684329547,19.012505079600576,52.04142383990811,19.012505079600576,52.04142383990811,11.028314753424858,2.3838131380408973,11.028314753424858,2.3838131380408973,37.33755379930637,4.558377542635918,37.33755379930637,4.558377542635918,14.030657037568583,1.0498330532915776,14.030657037568583,1.0498330532915776,26.212906270428903,54.386189702904524,26.212906270428903,54.386189702904524,21.595803875337605,12.531601211833477,21.595803875337605,12.531601211833477,104.08541105215767,41.78588057345658,104.08541105215767,41.78588057345658,27.201211273344352,36.82683571861916,27.201211273344352,36.82683571861916,11.223522811902074,13.823036621122322,11.223522811902074,13.823036621122322
23.798311258996346,7.326122530654852,23.798311258996346,7.326122530654852,40.67244685778335,3.2632509007439836,40.67244685778335,3.2632509007439836,18.93597602013853,7.468882771121017,18.93597602013853,7.468882771121017,25.562347546888883,42.92596622346019,25.562347546888883,42.92596622346019,23.798311258996346,7.326122530654852,23.798311258996346,7.326122530654852,40.67244685778335,3.2632509007439836,40.67244685778335,3.2632509007439836,3.090463033586635,3.900996597093918,3.090463033586635,3.900996597093918,57.56655514985815,33.13779023842012,57.56655514985815,33.13779023842012,13.576911400677162,3.297529030027148,13.576911400677162,3.297529030027148,57.309990416706604,100.45405652881517,57.309990416706604,100.45405652881517,33.69083132780906,9.0188214248644,33.69083132780906,9.0188214248644,37.58614172185981,88.76031646768648,37.58614172185981,88.76031646768648,33.613196766466665,51.68526970430514,33.613196766466665,51.68526970430514,63.62580873802515,9.74647770857457,63.62580873802515,9.74647770857457,19.317070279538026,8.763623557753215,19.317070279538026,8.763623557753215,107.6718979303982,28.303247135177198,107.6718979303982,28.303247135177198,49.26802183636581,28.57788234943003,49.26802183636581,28.57788234943003,46.19684748455546,13.7128663090664,46.19684748455546,13.7128663090664
29.385012695403233,9.328945188063377,29.385012695403233,9.328945188063377,18.361337795616233,10.322211163805779,18.361337795616233,10.322211163805779,14.891630223914925,5.346614254577262,14.891630223914925,5.346614254577262,43.46249203196535,3.3566135473222904,43.46249203196535,3.3566135473222904,29.385012695403233,9.328945188063377,29.385012695403233,9.328945188063377,18.361337795616233,10.322211163805779,18.361337795616233,10.322211163805779,8.134623037770098,14.239379622447808,8.134623037770098,14.239379622447808,46.91415576340058,19.758561933304517,46.91415576340058,19.758561933304517,6.443742150371506,1.746726576848583,6.443742150371506,1.746726576848583,14.784997014931127,44.709591483247344,14.784997014931127,44.709591483247344,2.7012260466967426,19.10659772719534,2.7012260466967426,19.10659772719534,17.025409476633207,36.700185661988385,17.025409476633207,36.700185661988385,4.310984733583297,7.817644913100787,4.310984733583297,7.817644913100787,16.168858732397492,7.124686715996103,16.168858732397492,7.124686715996103,11.468393765184127,2.6703429967304504,11.468393765184127,2.6703429967304504,90.12894831320784,9.680306622808065,90.12894831320784,9.680306622808065,4.233074195489234,17.156244557779875,4.233074195489234,17.156244557779875,19.99755617014377,21.903833863099162,19.99755617014377,21.903833863099162
38.41214612007889,98.96407714226133,38.41214612007889,98.96407714226133,54.949690774948884,41.28443461704657,54.949690774948884,41.28443461704657,31.462267974080742,43.18188921283859,31.462267974080742,43.18188921283859,32.95063410751711,27.906475696103744,32.95063410751711,27.906475696103744,38.41214612007889,98.96407714226133,38.41214612007889,98.96407714226133,54.949690774948884,41.28443461704657,54.949690774948884,41.28443461704657,20.33781150828014,86.54684803477635,20.33781150828014,86.54684803477635,57.033725868198424,93.09225483564687,57.033725868198424,93.09225483564687,16.5166664045117,51.91400311536007,16.5166664045117,51.91400311536007,10.675665362993065,41.1180112787441,10.675665362993065,41.1180112787441,44.80180806824014,15.048665444941227,44.80180806824014,15.048665444941227,29.11047215614953,144.47464097115082,29.11047215614953,144.47464097115082,6.444356615308603,67.15844057576763,6.444356615308603,67.15844057576763,67.55653520028382,67.99998737911487,67.55653520028382,67.99998737911487,19.75753781184898,14.549247151848176,19.75753781184898,14.549247151848176,97.45007712972397,54.14408602250726,97.45007712972397,54.14408602250726,3.8370484101972817,6.145143317872882,3.8370484101972817,6.145143317872882,81.83210759711075,78.20355300425082,81.83210759711075,78.20355300425082
22.41341623796781,11.287932657499733,22.41341623796781,11.287932657499733,17.43629635053281,15.873125136310072,17.43629635053281,15.873125136310072,16.92488362745535,8.751629001674758,16.92488362745535,8.751629001674758,32.030880508061976,8.447904123963854,32.030880508061976,8.447904123963854,22.41341623796781,11.287932657499733,22.41341623796781,11.287932657499733,17.43629635053281,15.873125136310072,17.43629635053281,15.873125136310072,1.7074548701795658,8.277257669050481,1.7074548701795658,8.277257669050481,10.70462520220805,32.13139420062446,10.70462520220805,32.13139420062446,26.77252224608165,4.0602725790221355,26.77252224608165,4.0602725790221355,10.015929737045855,31.670746346871805,10.015929737045855,31.670746346871805,6.268446278107508,7.9350434339622815,6.268446278107508,7.9350434339622815,4.908616510500942,51.82730087749778,4.908616510500942,51.82730087749778,8.676787691756735,46.67747369728189,8.676787691756735,46.67747369728189,49.639088955416234,45.698783489686434,49.639088955416234,45.698783489686434,7.056438729603507,2.369856143395626,7.056438729603507,2.369856143395626,9.756597666463993,42.00085113630768,9.756597666463993,42.00085113630768,4.914018466795182,29.923614038861714,4.914018466795182,29.923614038861714,30.38505602121269,33.80697558113271,30.38505602121269,33.80697558113271
25.060372690816646,10.448885434725044,25.060372690816646,10.448885434725044,26.176157432800352,9.075087094872535,26.176157432800352,9.075087094872535,13.327570185092648,12.91192844751244,13.327570185092648,12.91192844751244,60.09603271063255,17.173058818922424,60.09603271063255,17.173058818922424,25.060372690816646,10.448885434725044,25.060372690816646,10.448885434725044,26.176157432800352,9.075087094872535,26.176157432800352,9.075087094872535,10.102402930699272,10.532345611124207,10.102402930699272,10.532345611124207,25.334237928418748,18.471382785874606,25.334237928418748,18.471382785874606,6.075454497075001,2.3106905052452125,6.075454497075001,2.3106905052452125,42.7085743796932,8.501260405844082,42.7085743796932,8.501260405844082,7.6910487483875905,12.107973293166571,7.6910487483875905,12.107973293166571,24.23807836250927,14.40243857986386,24.23807836250927,14.40243857986386,6.64622451307714,9.06814433237009,6.64622451307714,9.06814433237009,3.3299804648646134,6.794694750498645,3.3299804648646134,6.794694750498645,10.321438566855141,8.480301190629193,10.321438566855141,8.480301190629193,45.87535169070477,26.08769746042204,45.87535169070477,26.08769746042204,31.601104627356147,7.101619994505338,31.601104627356147,7.101619994505338,101.91521764108091,87.73968313545085,101.91521764108091,87.73968313545085
19.015919340146613,14.703962914545357,19.015919340146613,14.703962914545357,37.664924349831,7.332820595124595,37.664924349831,7.332820595124595,20.680282532312248,11.419939293677459,20.680282532312248,11.419939293677459,24.554000993338065,9.982798454494137,24.554000993338065,9.982798454494137,19.015919340146613,14.703962914545357,19.015919340146613,14.703962914545357,37.664924349831,7.332820595124595,37.664924349831,7.332820595124595,7.921949520933919,3.2748492858651765,7.921949520933919,3.2748492858651765,73.47019750914133,10.77438506022938,73.47019750914133,10.77438506022938,4.6446297193877815,5.956763038439178,4.6446297193877815,5.956763038439178,35.69888073495082,86.71760316193104,35.69888073495082,86.71760316193104,6.223446925332708,8.06713891899749,6.223446925332708,8.06713891899749,5.510292167020846,22.18610637968885,5.510292167020846,22.18610637968885,3.0047567817960186,28.378459055200057,3.0047567817960186,28.378459055200057,95.39628125016118,9.296191881003763,95.39628125016118,9.296191881003763,11.110229303264964,8.363420887186582,11.110229303264964,8.363420887186582,19.794240883601063,47.47047804794434,19.794240883601063,47.47047804794434,9.388397253789313,9.25536073997298,9.388397253789313,9.25536073997298,15.302004073997002,68.17795282759337,15.302004073997002,68.17795282759337
28.074124599987012,10.597471162385517,28.074124599987012,10.597471162385517,73.1387964225167,16.309001821191178,73.1387964225167,16.309001821191178,37.72396779289535,13.865719136604303,37.72396779289535,13.865719136604303,37.761194767634656,46.720523600864,37.761194767634656,46.720523600864,28.074124599987012,10.597471162385517,28.074124599987012,10.597471162385517,73.1387964225167,16.309001821191178,73.1387964225167,16.309001821191178,8.271389249208426,20.202100620238188,8.271389249208426,20.202100620238188,26.602737837143376,29.700942599550842,26.602737837143376,29.700942599550842,15.340962515291467,5.7539140742442205,15.340962515291467,5.7539140742442205,64.57539194296959,32.03781325381812,64.57539194296959,32.03781325381812,8.019881221428257,7.870162874154967,8.019881221428257,7.870162874154967,34.39646925028817,36.91542683227788,34.39646925028817,36.91542683227788,20.126517941120287,13.696414259489671,20.126517941120287,13.696414259489671,153.51616704912163,26.31217731872299,153.51616704912163,26.31217731872299,39.86040249966389,61.91411568495315,39.86040249966389,61.91411568495315,77.01981734815976,82.06590814351264,77.01981734815976,82.06590814351264,13.311947025268983,3.1100691475800524,13.311947025268983,3.1100691475800524,67.28173634192025,53.09959318074964,67.28173634192025,53.09959318074964
36.60699240533352,12.73855115851491,36.60699240533352,12.73855115851491,45.254996549537275,5.281716645286135,45.254996549537275,5.281716645286135,38.87527018111704,16.71643679212548,38.87527018111704,16.71643679212548,66.09989985575412,6.051241961309458,66.09989985575412,6.051241961309458,36.60699240533352,12.73855115851491,36.60699240533352,12.73855115851491,45.254996549537275,5.281716645286135,45.254996549537275,5.281716645286135,6.5923115829062935,5.74990207420128,6.5923115829062935,5.74990207420128,94.75483781503114,24.266604631439375,94.75483781503114,24.266604631439375,32.59272307334589,11.884379962293124,32.59272307334589,11.884379962293124,11.230231056312709,26.37846636756797,11.230231056312709,26.37846636756797,6.782906237157131,4.658440916356887,6.782906237157131,4.658440916356887,8.278985399957039,6.945698438519102,8.278985399957039,6.945698438519102,3.5220767887508977,11.73259648724985,3.5220767887508977,11.73259648724985,17.633017460059452,12.516670766780022,17.633017460059452,12.516670766780022,18.680456726343873,14.537486587676176,18.680456726343873,14.537486587676176,18.934661582589836,146.72001765241492,18.934661582589836,146.72001765241492,30.221180268262582,5.064644010555504,30.221180268262582,5.064644010555504,57.7506645849333,18.718336532483416,57.7506645849333,18.718336532483416
36.007297978658066,12.977231964510338,36.007297978658066,12.977231964510338,59.09783301704258,10.972705445577352,59.09783301704258,10.972705445577352,23.032762335807785,12.23629955158379,23.032762335807785,12.23629955158379,32.57538042276976,15.041311349857056,32.57538042276976,15.041311349857056,36.007297978658066,12.977231964510338,36.007297978658066,12.977231964510338,59.09783301704258,10.972705445577352,59.09783301704258,10.972705445577352,30.890492550157465,2.097728659782922,30.890492550157465,2.097728659782922,109.78444415719791,38.384824176546,109.78444415719791,38.384824176546,22.81492235402864,2.0779911708406043,22.81492235402864,2.0779911708406043,113.69413738234967,154.4738193648511,113.69413738234967,154.4738193648511,25.19316212030925,18.781687831593086,25.19316212030925,18.781687831593086,45.31376680945821,36.91558873085009,45.31376680945821,36.91558873085009,6.542477669749224,36.82268179176822,6.542477669749224,36.82268179176822,27.34071088724636,21.683015441030776,27.34071088724636,21.683015441030776,4.213440900934484,6.2516838978215885,4.213440900934484,6.2516838978215885,146.54302610502796,40.71828433650233,146.54302610502796,40.71828433650233,9.307625585593438,16.741242185815235,9.307625585593438,16.741242185815235,136.8779510286585,72.50812255565556,136.8779510286585,72.50812255565556
21.71687118540578,9.51624051649114,21.71687118540578,9.51624051649114,29.728222591048397,12.45583417796584,29.728222591048397,12.45583417796584,45.726370692080145,13.872620566878407,45.726370692080145,13.872620566878407,15.650014625099557,18.526568246350433,15.650014625099557,18.526568246350433,21.71687118540578,9.51624051649114,21.71687118540578,9.51624051649114,29.728222591048397,12.45583417796584,29.728222591048397,12.45583417796584,83.86285498727706,1.9021837645294988,83.86285498727706,1.9021837645294988,82.09296437102373,91.57372553998108,82.09296437102373,91.57372553998108,24.25029821379331,3.35514316188913,24.25029821379331,3.35514316188913,102.56606741940364,409.70030186932945,102.56606741940364,409.70030186932945,40.36773999949383,18.671918467705122,40.36773999949383,18.671918467705122,44.384967802648994,26.613183984788655,44.384967802648994,26.613183984788655,9.220924634430633,13.545052570657981,9.220924634430633,13.545052570657981,39.8315510349382,190.56232541759448,39.8315510349382,190.56232541759448,6.342774217652994,22.7274247202066,6.342774217652994,22.7274247202066,170.49453532365763,198.71539579345188,170.49453532365763,198.71539579345188,11.109311643166293,21.602295641824192,11.109311643166293,21.602295641824192,66.08272547680427,128.85154853549878,66.08272547680427,128.85154853549878
19.339457294181646,5.085611175028753,19.339457294181646,5.085611175028753,20.062618999180657,12.294483159541157,20.062618999180657,12.294483159541157,22.09395598202641,4.380854564059033,22.09395598202641,4.380854564059033,37.45336188594456,5.910845541306259,37.45336188594456,5.910845541306259,19.339457294181646,5.085611175028753,19.339457294181646,5.085611175028753,20.062618999180657,12.294483159541157,20.062618999180657,12.294483159541157,6.484268283807843,1.7281261579724416,6.484268283807843,1.7281261579724416,12.865867852227344,2.3843125271128836,12.865867852227344,2.3843125271128836,32.10589352730901,2.5997609451674006,32.10589352730901,2.5997609451674006,11.728421555527582,28.223896349596405,11.728421555527582,28.223896349596405,13.088147622959047,2.851579153352539,13.088147622959047,2.851579153352539,32.137589939269674,5.195729769251602,32.137589939269674,5.195729769251602,2.6842916089364777,3.123951156241242,2.6842916089364777,3.123951156241242,15.376517382265867,0.6703138909740923,15.376517382265867,0.6703138909740923,4.318770434227484,37.183443663774874,4.318770434227484,37.183443663774874,13.883664184147904,15.588474582680325,13.883664184147904,15.588474582680325,6.2712137910232,75.3846777854564,6.2712137910232,75.3846777854564,78.91947630033502,7.894240552290758,78.91947630033502,7.894240552290758
57.640656743826554,38.51770502252493,57.640656743826554,38.51770502252493,176.89283456149315,65.35371303088363,176.89283456149315,65.35371303088363,69.09026964509022,48.77775939933957,69.09026964509022,48.77775939933957,49.733229367069676,23.215876329397727,49.733229367069676,23.215876329397727,57.640656743826554,38.51770502252493,57.640656743826554,38.51770502252493,176.89283456149315,65.35371303088363,176.89283456149315,65.35371303088363,22.710423732634457,29.60113135546717,22.710423732634457,29.60113135546717,263.8361137939832,56.531793368867646,263.8361137939832,56.531793368867646,54.07807800911457,134.80955889695073,54.07807800911457,134.80955889695073,153.94933772667144,324.95666886957207,153.94933772667144,324.95666886957207,38.00458903007096,8.296409416551011,38.00458903007096,8.296409416551011,328.87499032451313,345.996738442875,328.87499032451313,345.996738442875,14.932541210099993,44.1866800734225,14.932541210099993,44.1866800734225,49.926320107686365,85.72896971486715,49.926320107686365,85.72896971486715,41.07847124655314,9.908902401796576,41.07847124655314,9.908902401796576,134.13852347224946,245.6910918792354,134.13852347224946,245.6910918792354,5.9900726458693185,183.9415781311427,5.9900726458693185,183.9415781311427,525.6690054334832,49.48779392448747,525.6690054334832,49.48779392448747
41.940760441038826,16.24168623188076,41.940760441038826,16.24168623188076,8.238721578487278,9.059169704549154,8.238721578487278,9.059169704549154,40.42508670076415,28.142165582440594,40.42508670076415,28.142165582440594,28.02781709245852,18.572735652206223,28.02781709245852,18.572735652206223,41.940760441038826,16.24168623188076,41.940760441038826,16.24168623188076,8.238721578487278,9.059169704549154,8.238721578487278,9.059169704549154,7.351952622991618,6.448685327794032,7.351952622991618,6.448685327794032,22.440669640723513,9.809754536589166,22.440669640723513,9.809754536589166,2.307916439016053,12.583786717241225,2.307916439016053,12.583786717241225,18.537779256693373,17.755211385515725,18.537779256693373,17.755211385515725,3.599418721609041,5.898792794373421,3.599418721609041,5.898792794373421,54.52004363061724,5.447320019092658,54.52004363061724,5.447320019092658,1.5744919358538194,11.626489392930353,1.5744919358538194,11.626489392930353,26.1931496645045,17.189681327753743,26.1931496645045,17.189681327753743,2.5910664774827716,4.901326432443539,2.5910664774827716,4.901326432443539,11.12483435052873,7.391197572574899,11.12483435052873,7.391197572574899,2.2897145534814873,2.3454680550729368,2.2897145534814873,2.3454680550729368,9.75844326987516,7.163743636220037,9.75844326987516,7.163743636220037
20.91399215791101,8.328421252616975,20.91399215791101,8.328421252616975,18.56280639116324,7.057003004065967,18.56280639116324,7.057003004065967,31.006639811106222,16.858009063006048,31.006639811106222,16.858009063006048,32.091485085252025,10.380463156359248,32.091485085252025,10.380463156359248,20.91399215791101,8.328421252616975,20.91399215791101,8.328421252616975,18.56280639116324,7.057003004065967,18.56280639116324,7.057003004065967,4.94765162060332,5.560566987922578,4.94765162060332,5.560566987922578,2.9543610186401836,6.51165231999683,2.9543610186401836,6.51165231999683,7.1996438560051095,4.5806228458993035,7.1996438560051095,4.5806228458993035,19.67969838306079,17.480504889449072,19.67969838306079,17.480504889449072,11.279991470652478,3.3347441496232055,11.279991470652478,3.3347441496232055,21.30291945956231,2.855075917941413,21.30291945956231,2.855075917941413,4.6110918306269015,2.7677486628054377,4.6110918306269015,2.7677486628054377,11.945472654023801,16.095889505300914,11.945472654023801,16.095889505300914,3.2126984776237353,4.867267564065453,3.2126984776237353,4.867267564065453,6.5853121642546535,6.471816401397988,6.5853121642546535,6.471816401397988,11.403974016956653,2.262086726972422,11.403974016956653,2.262086726972422,20.049012518030306,10.109648941151763,20.049012518030306,10.109648941151763
15.137179793682913,3.568556430033956,15.137179793682913,3.568556430033956,9.572984072536554,7.041393930197445,9.572984072536554,7.041393930197445,18.173582657954295,6.836716189645844,18.173582657954295,6.836716189645844,9.171505109026775,6.75434551747733,9.171505109026775,6.75434551747733,15.137179793682913,3.568556430033956,15.137179793682913,3.568556430033956,9.572984072536554,7.041393930197445,9.572984072536554,7.041393930197445,1.5076985030313168,1.5380675496611582,1.5076985030313168,1.5380675496611582,16.80607698929569,0.6911821460955875,16.80607698929569,0.6911821460955875,3.1546215738772063,1.8874407170272585,3.1546215738772063,1.8874407170272585,6.9797704020302085,10.559345603667643,6.9797704020302085,10.559345603667643,4.7661126072772575,1.3464654149618427,4.7661126072772575,1.3464654149618427,4.937145143357736,1.621020857084792,4.937145143357736,1.621020857084792,9.217211262501918,0.529206346096922,9.217211262501918,0.529206346096922,6.657722604970516,46.52345705995687,6.657722604970516,46.52345705995687,2.986883581540105,2.7412608453395326,2.986883581540105,2.7412608453395326,32.87675952992251,26.56463626747685,32.87675952992251,26.56463626747685,1.128701376883229,2.326921119621674,1.128701376883229,2.326921119621674,23.94361552397261,3.691676695652994,23.94361552397261,3.691676695652994
16.75055105156699,12.227969270163822,16.75055105156699,12.227969270163822,10.249992632489453,2.6616169850848896,10.249992632489453,2.6616169850848896,14.822158464848805,15.640167474283375,14.822158464848805,15.640167474283375,41.83159423012833,10.65976386453314,41.83159423012833,10.65976386453314,16.75055105156699,12.227969270163822,16.75055105156699,12.227969270163822,10.249992632489453,2.6616169850848896,10.249992632489453,2.6616169850848896,2.485522813850022,15.872725333173035,2.485522813850022,15.872725333173035,29.06733611404994,231.93107220583408,29.06733611404994,231.93107220583408,2.6491513207323987,62.31743732891769,2.6491513207323987,62.31743732891769,144.91753863732774,285.1211655061067,144.91753863732774,285.1211655061067,9.695513019037621,2.1533544227242447,9.695513019037621,2.1533544227242447,84.75989061330012,160.46165608358103,84.75989061330012,160.46165608358103,11.759486136957484,72.02820728546395,11.759486136957484,72.02820728546395,13.142778091039883,114.73026243258691,13.142778091039883,114.73026243258691,3.8360858152376562,70.64964158058604,3.8360858152376562,70.64964158058604,3.7119704846415815,139.33774868849778,3.7119704846415815,139.33774868849778,16.976352476292647,81.91001123107793,16.976352476292647,81.91001123107793,122.508855474941,158.93237391918746,122.508855474941,158.93237391918746
21.69566828537734,12.235907314120197,21.69566828537734,12.235907314120197,106.54485999600348,6.293032421760068,106.54485999600348,6.293032421760068,11.61165183707475,50.756289875236256,11.61165183707475,50.756289875236256,5.56523327613285,5.058860807524968,5.56523327613285,5.058860807524968,21.69566828537734,12.235907314120197,21.69566828537734,12.235907314120197,106.54485999600348,6.293032421760068,106.54485999600348,6.293032421760068,2.164203466398489,1.076311163162872,2.164203466398489,1.076311163162872,6.066353706387574,387.24175337953716,6.066353706387574,387.24175337953716,3.8740293112791973,54.620685337751794,3.8740293112791973,54.620685337751794,45.09308283199933,13.751133685723442,45.09308283199933,13.751133685723442,2.919285267474827,63.396242438727036,2.919285267474827,63.396242438727036,139.81890151170168,50.787668180298645,139.81890151170168,50.787668180298645,2.9143835389371677,37.4886755918921,2.9143835389371677,37.4886755918921,16.268690788877095,399.87014784455823,16.268690788877095,399.87014784455823,33.2835360684127,41.04378674413045,33.2835360684127,41.04378674413045,5.528826920054784,35.57245582487031,5.528826920054784,35.57245582487031,5.264911013718662,59.871464957338524,5.264911013718662,59.871464957338524,57.313385744966084,65.52408192676306,57.313385744966084,65.52408192676306
28.07423145464413,12.142970778777817,28.07423145464413,12.142970778777817,10.075524267858526,6.653304000161764,10.075524267858526,6.653304000161764,16.100072374156724,11.759365989112155,16.100072374156724,11.759365989112155,16.78775627068301,8.128554504308505,16.78775627068301,8.128554504308505,28.07423145464413,12.142970778777817,28.07423145464413,12.142970778777817,10.075524267858526,6.653304000161764,10.075524267858526,6.653304000161764,3.7527594743508743,1.1566256388595875,3.7527594743508743,1.1566256388595875,7.006616599311656,4.113811171132348,7.006616599311656,4.113811171132348,1.9444736642951448,2.216950208798925,1.9444736642951448,2.216950208798925,3.2563067359904867,11.090846363845316,3.2563067359904867,11.090846363845316,8.535983324067148,2.065728159498659,8.535983324067148,2.065728159498659,4.02273128046138,19.547886336175516,4.02273128046138,19.547886336175516,1.3423344049797725,1.7309836153950315,1.3423344049797725,1.7309836153950315,4.354950942321984,3.1557537646032467,4.354950942321984,3.1557537646032467,2.1204794297223324,5.216329419817332,2.1204794297223324,5.216329419817332,4.129307234637335,7.71488227834565,4.129307234637335,7.71488227834565,0.844158569864375,3.7824181465725673,0.844158569864375,3.7824181465725673,24.08508441048875,2.245856154219002,24.08508441048875,2.245856154219002
19.80262578571684,6.608242058093811,19.80262578571684,6.608242058093811,5.8499578345714704,9.33400474879197,5.8499578345714704,9.33400474879197,22.08712202024161,8.468729172818769,22.08712202024161,8.468729172818769,12.01275169544137,14.175153501256117,12.01275169544137,14.175153501256117,19.80262578571684,6.608242058093811,19.80262578571684,6.608242058093811,5.8499578345714704,9.33400474879197,5.8499578345714704,9.33400474879197,3.167294594573967,1.6152815677657941,3.167294594573967,1.6152815677657941,2.9873229634545364,49.522552769076334,2.9873229634545364,49.522552769076334,9.360831228645736,0.7829703053320767,9.360831228645736,0.7829703053320767,9.499918120608985,2.7066144883977974,9.499918120608985,2.7066144883977974,3.788094452976861,4.776613609317677,3.788094452976861,4.776613609317677,10.326931680627796,6.40929272343501,10.326931680627796,6.40929272343501,1.0539491653361375,0.5786123469033825,1.0539491653361375,0.5786123469033825,5.875388040748333,2.0131160470104996,5.875388040748333,2.0131160470104996,3.0574822026993163,5.213227668449781,3.0574822026993163,5.213227668449781,9.601968796222733,10.982774594129147,9.601968796222733,10.982774594129147,1.4085638290342029,22.83151468545584,1.4085638290342029,22.83151468545584,16.338588790172796,6.569550584554957,16.338588790172796,6.569550584554957
65.17697917373663,39.20092272931659,65.17697917373663,39.20092272931659,15.735089357225053,33.70651676921973,15.735089357225053,33.70651676921973,20.814920218929934,74.10968827573251,20.814920218929934,74.10968827573251,29.29186193361108,17.689667131227555,29.29186193361108,17.689667131227555,65.17697917373663,39.20092272931659,65.17697917373663,39.20092272931659,15.735089357225053,33.70651676921973,15.735089357225053,33.70651676921973,5.497754310284913,8.889064650968898,5.497754310284913,8.889064650968898,17.065308813164002,8.79779126480277,17.065308813164002,8.79779126480277,12.867795104254679,10.679402944002383,12.867795104254679,10.679402944002383,6.660232165864182,10.806070739039724,6.660232165864182,10.806070739039724,16.533894813029114,9.909257120793793,16.533894813029114,9.909257120793793,38.16157011428233,2.3767480226360678,38.16157011428233,2.3767480226360678,0.4703865253280085,8.570809315226866,0.4703865253280085,8.570809315226866,13.603132627091586,23.853157458937584,13.603132627091586,23.853157458937584,1.2984096259095474,5.763508513040926,1.2984096259095474,5.763508513040926,7.5650351557649245,4.177376636936943,7.5650351557649245,4.177376636936943,4.158957570075108,1.5975846206781603,4.158957570075108,1.5975846206781603,23.380735618307554,42.114558849788786,23.380735618307554,42.114558849788786
52.803389872745996,40.939568928126796,52.803389872745996,40.939568928126796,86.37612021576992,16.172106603476358,86.37612021576992,16.172106603476358,84.91394308635623,75.31447977770499,84.91394308635623,75.31447977770499,49.51371506094235,82.88398718375548,49.51371506094235,82.88398718375548,52.803389872745996,40.939568928126796,52.803389872745996,40.939568928126796,86.37612021576992,16.172106603476358,86.37612021576992,16.172106603476358,26.913872520078872,19.34685795237488,26.913872520078872,19.34685795237488,26.89576138703187,127.42819959934751,26.89576138703187,127.42819959934751,41.57519197939068,25.26822396861121,41.57519197939068,25.26822396861121,5.125612093161039,24.247425036453333,5.125612093161039,24.247425036453333,29.299571688735714,15.417217231995155,29.299571688735714,15.417217231995155,10.831844713650638,73.66617254772993,10.831844713650638,73.66617254772993,5.0625503726832655,5.449587554621258,5.0625503726832655,5.449587554621258,22.97646508216013,58.950391493644474,22.97646508216013,58.950391493644474,14.83073156246101,92.0733914039041,14.83073156246101,92.0733914039041,13.071218583460206,17.066216134618035,13.071218583460206,17.066216134618035,0.9135533950985425,6.371800428422739,0.9135533950985425,6.371800428422739,19.509145308206246,4.539434098642611,19.509145308206246,4.539434098642611
57.347741161427265,55.807186293382394,57.347741161427265,55.807186293382394,57.22680507506989,18.170737845448492,57.22680507506989,18.170737845448492,49.78841762133633,59.347767319761736,49.78841762133633,59.347767319761736,44.22034604767806,74.94823290817644,44.22034604767806,74.94823290817644,57.347741161427265,55.807186293382394,57.347741161427265,55.807186293382394,57.22680507506989,18.170737845448492,57.22680507506989,18.170737845448492,20.730389739354795,9.898861139325508,20.730389739354795,9.898861139325508,3.8923924557801173,11.796876706745005,3.8923924557801173,11.796876706745005,7.054758614360596,17.787754204047037,7.054758614360596,17.787754204047037,10.990312488714876,33.83081588356582,10.990312488714876,33.83081588356582,15.968583728534876,4.174713694050382,15.968583728534876,4.174713694050382,28.11463064690642,17.109296668034453,28.11463064690642,17.109296668034453,1.6053363295786132,3.277158814610714,1.6053363295786132,3.277158814610714,3.6891456680839028,2.681451039698761,3.6891456680839028,2.681451039698761,6.083574345133164,10.65714880171853,6.083574345133164,10.65714880171853,3.1895792897604336,19.222159859589816,3.1895792897604336,19.222159859589816,3.730705247512123,0.7914107474466918,3.730705247512123,0.7914107474466918,7.882543885998551,17.03097757051251,7.882543885998551,17.03097757051251
24.81146356505229,8.866544214748147,24.81146356505229,8.866544214748147,19.504982564762415,52.56961739134481,19.504982564762415,52.56961739134481,28.526259976481413,20.78285307071475,28.526259976481413,20.78285307071475,91.61059947929299,51.216016300264194,91.61059947929299,51.216016300264194,24.81146356505229,8.866544214748147,24.81146356505229,8.866544214748147,19.504982564762415,52.56961739134481,19.504982564762415,52.56961739134481,15.60829547786458,0.7476005339520893,15.60829547786458,0.7476005339520893,28.098292640659984,5.991064918851831,28.098292640659984,5.991064918851831,48.182567604809286,4.844105393974431,48.182567604809286,4.844105393974431,20.020786519846215,18.545289786184863,20.020786519846215,18.545289786184863,6.810900186410782,1.2611681022640726,6.810900186410782,1.2611681022640726,29.123882365545423,21.789219842653548,29.123882365545423,21.789219842653548,6.419077608421725,0.4567345122966168,6.419077608421725,0.4567345122966168,22.62211218644352,1.7587635626016342,22.62211218644352,1.7587635626016342,1.0060146827184024,5.8260887360779865,1.0060146827184024,5.8260887360779865,46.006717339997664,9.658217011944306,46.006717339997664,9.658217011944306,7.776298579113003,1.1681436100402813,7.776298579113003,1.1681436100402813,6.874552755405751,23.18530398595775,6.874552755405751,23.18530398595775
16.326676910349516,9.78293874088131,16.326676910349516,9.78293874088131,11.99160525046899,3.5252510835508613,11.99160525046899,3.5252510835508613,17.96284484967631,12.895812064408876,17.96284484967631,12.895812064408876,66.53162955288998,16.593723274684425,66.53162955288998,16.593723274684425,16.326676910349516,9.78293874088131,16.326676910349516,9.78293874088131,11.99160525046899,3.5252510835508613,11.99160525046899,3.5252510835508613,11.9448490940091,1.0071173257610808,11.9448490940091,1.0071173257610808,58.37268585074689,4.378824647960641,58.37268585074689,4.378824647960641,7.339708010726528,4.95958052042251,7.339708010726528,4.95958052042251,0.8866747546289997,6.658077448676312,0.8866747546289997,6.658077448676312,12.857835182272856,1.5080326271336026,12.857835182272856,1.5080326271336026,3.111926523670867,10.62015670121845,3.111926523670867,10.62015670121845,5.706120013321654,0.48920961425375525,5.706120013321654,0.48920961425375525,11.875468348606768,0.7906338189245676,11.875468348606768,0.7906338189245676,1.7208251953018545,0.5619788097009548,1.7208251953018545,0.5619788097009548,111.81670396127275,14.014769573588664,111.81670396127275,14.014769573588664,1.6725275960958386,0.9319247491095477,1.6725275960958386,0.9319247491095477,2.0763991649091014,0.4003322854814128,2.0763991649091014,0.4003322854814128
58.908612228323925,49.24039842548144,58.90861222832394,49.24039842548144,32.99315237721409,24.73102506152808,32.99315237721409,24.73102506152808,56.54847710382235,45.84202589399961,56.54847710382235,45.84202589399961,21.209744116848213,77.09294350454014,21.209744116848213,77.09294350454014,58.90861222832394,49.24039842548144,58.908612228323925,49.24039842548144,32.99315237721409,24.73102506152808,32.99315237721409,24.73102506152808,18.504746927880692,5.978952831727042,18.504746927880692,5.978952831727042,3.489634587125269,7.259583799868485,3.489634587125269,7.259583799868485,6.084696300637696,33.380708319997744,6.084696300637696,33.380708319997744,16.315410527212705,18.51494229376138,16.315410527212705,18.51494229376138,7.0075880062014155,4.880447463701879,7.007588006201419,4.880447463701879,4.15021260948673,5.728843326637064,4.15021260948673,5.728843326637064,2.4264801755021477,2.074467436738863,2.4264801755021477,2.074467436738863,3.3264906800692824,4.627981801051688,3.3264906800692824,4.627981801051688,3.71582955264642,5.829509853979166,3.71582955264642,5.829509853979166,9.091264540318727,7.270159735932086,9.091264540318727,7.270159735932086,0.10055637721886161,1.3381563042012787,0.10055637721886161,1.3381563042012787,8.285423195892525,0.7369083303661159,8.285423195892525,0.7369083303661159
41.267359075480755,31.419765458176425,41.267359075480755,31.419765458176425,30.130934324296504,23.562513545010287,30.130934324296504,23.562513545010287,53.46562367742701,37.09853197719133,53.46562367742701,37.09853197719133,51.77501747963159,13.214918568244478,51.77501747963159,13.214918568244478,41.267359075480755,31.419765458176425,41.267359075480755,31.419765458176425,30.130934324296504,23.562513545010287,30.130934324296504,23.562513545010287,7.633579735212776,0.5099532164904915,7.633579735212776,0.5099532164904915,14.86397369336637,7.443435823922063,14.86397369336637,7.443435823922063,23.688480793976492,11.473734050507076,23.688480793976492,11.473734050507076,6.729888855626924,5.891633251329956,6.729888855626924,5.891633251329956,18.317588658443878,1.4742121472087613,18.317588658443878,1.4742121472087613,11.133167319973865,6.151981494780364,11.133167319973865,6.151981494780364,7.77221847133601,2.337240971628431,7.77221847133601,2.337240971628431,5.879220012775366,2.5564902951930466,5.879220012775366,2.5564902951930466,7.119361820677331,3.125637646427009,7.119361820677331,3.125637646427009,35.986959234234355,7.5625428801120576,35.986959234234355,7.5625428801120576,6.220497902161817,1.6974038420487396,6.220497902161817,1.6974038420487396,2.586303202813879,7.794240515132397,2.586303202813879,7.794240515132397
55.42804311193697,19.094492788107672,55.42804311193697,19.094492788107672,17.980391938526953,21.5540315908234,17.980391938526953,21.5540315908234,32.22319103754324,14.394286050663544,32.22319103754324,14.394286050663544,26.674320380894954,8.619762482406147,26.674320380894954,8.619762482406147,55.42804311193697,19.094492788107672,55.42804311193697,19.094492788107672,17.980391938526953,21.5540315908234,17.980391938526953,21.5540315908234,2.091220415121994,1.7327242311719815,2.091220415121994,1.7327242311719815,3.251929855338911,9.191484546689816,3.251929855338911,9.191484546689816,3.7534350625747632,0.9938294115731457,3.7534350625747632,0.9938294115731457,2.474524820487447,3.1964616181678327,2.474524820487447,3.1964616181678327,2.5448919276783,0.980735644241661,2.5448919276783,0.980735644241661,0.643834986814929,1.6789610919069657,0.643834986814929,1.6789610919069657,4.503314864356547,0.9151277583427317,4.503314864356547,0.9151277583427317,1.1841261701801606,1.9174518440509074,1.1841261701801606,1.9174518440509074,3.7866015820287324,0.33377375307541074,3.7866015820287324,0.33377375307541074,25.085084692599434,1.9117351543348577,25.085084692599434,1.9117351543348577,2.3985223478319777,0.25359472192041227,2.3985223478319777,0.25359472192041227,0.327473262507709,28.550175467832307,0.327473262507709,28.550175467832307
12.129577209225173,8.935226852755118,12.129577209225173,8.935226852755118,13.389326462097893,12.347802519666432,13.389326462097893,12.347802519666432,5.806634180062191,4.233894767503723,5.806634180062191,4.233894767503723,21.124615625041155,18.330296572015246,21.124615625041155,18.330296572015246,12.129577209225173,8.935226852755118,12.129577209225173,8.935226852755118,13.389326462097893,12.347802519666432,13.389326462097893,12.347802519666432,4.86099508562759,4.512753684732666,4.86099508562759,4.512753684732666,5.374719198016788,13.981382038303911,5.374719198016788,13.981382038303911,2.6158964767367414,10.200698205204867,2.6158964767367414,10.200698205204867,3.836887719425722,14.76952927112576,3.836887719425722,14.76952927112576,2.4286479554396965,4.735339076234324,2.4286479554396965,4.735339076234324,6.235491328814285,5.773877378480075,6.235491328814285,5.773877378480075,2.2572941765483674,2.777033170046757,2.2572941765483674,2.777033170046757,8.543157527829589,1.7577607307843468,8.543157527829589,1.7577607307843468,12.660749231583358,2.5129020226859216,12.660749231583358,2.5129020226859216,21.69156175481362,13.749613836542382,21.69156175481362,13.749613836542382,0.8783688995579478,1.518584590357069,0.8783688995579478,1.518584590357069,5.843310457523298,18.54306219157072,5.843310457523298,18.54306219157072
14.678150497311934,11.433625867348923,14.678150497311934,11.433625867348923,9.486729154120585,8.607598771621104,9.486729154120585,8.607598771621104,19.44968749349608,10.891880887182698,19.44968749349608,10.891880887182698,57.127983858764935,9.55240189142778,57.127983858764935,9.55240189142778,14.678150497311934,11.433625867348923,14.678150497311934,11.433625867348923,9.486729154120585,8.607598771621104,9.486729154120585,8.607598771621104,1.8880500621917242,3.6412674288522138,1.8880500621917242,3.6412674288522138,1.9284165535271,3.9002561671783345,1.9284165535271,3.9002561671783345,1.1403823203949053,2.326420331617544,1.1403823203949053,2.326420331617544,7.051210599777623,84.08623237833024,7.051210599777623,84.08623237833024,3.5973111316897293,1.75008536416516,3.5973111316897293,1.75008536416516,2.600956908864134,8.82834176611266,2.600956908864134,8.82834176611266,6.61886293832243,2.309792676087515,6.61886293832243,2.309792676087515,1.4007565969074385,3.2364066269150844,1.4007565969074385,3.2364066269150844,0.5448524563342227,0.9386537161852573,0.5448524563342227,0.9386537161852573,2.5341101671459114,5.774438043824271,2.5341101671459114,5.774438043824271,0.1519824342730454,0.4378767087812217,0.1519824342730454,0.4378767087812217,2.5902444879400774,2.631902362408955,2.5902444879400774,2.631902362408955
10.39678597530846,12.949118699772681,10.39678597530846,12.949118699772681,6.889110641642583,10.297064722020979,6.889110641642583,10.297064722020979,8.455846328807029,12.617356285169535,8.455846328807029,12.617356285169535,10.30839156470832,12.07056577100572,10.30839156470832,12.07056577100572,10.39678597530846,12.949118699772681,10.39678597530846,12.949118699772681,6.889110641642583,10.297064722020979,6.889110641642583,10.297064722020979,0.8810907159318859,4.102457584469553,0.8810907159318859,4.102457584469553,1.8278329109455913,1.4203600448625209,1.8278329109455913,1.4203600448625209,0.7095481016611506,0.5119759209453166,0.7095481016611506,0.5119759209453166,1.8860570903314893,4.735702384496865,1.8860570903314893,4.735702384496865,2.275274186671631,4.7605965731887006,2.275274186671631,4.7605965731887006,0.6400121191904686,3.236158590943558,0.6400121191904686,3.236158590943558,2.7829534372852587,1.4271886850229585,2.7829534372852587,1.4271886850229585,1.7876445501270466,2.149957332002289,1.7876445501270466,2.149957332002289,0.7586477078944377,2.071413417036176,0.7586477078944377,2.071413417036176,2.2062317841608494,8.186847967169808,2.2062317841608494,8.186847967169808,0.2652761214251268,0.7026734602587982,0.2652761214251268,0.7026734602587982,1.7459628269423795,1.880931459770575,1.7459628269423795,1.880931459770575
13.877108591256555,16.80307848005018,13.877108591256555,16.80307848005018,8.777698037862336,8.544072784596786,8.777698037862336,8.544072784596786,13.698661689251281,16.531998628505125,13.698661689251281,16.531998628505125,10.419070104952189,8.39632607691188,10.419070104952189,8.39632607691188,13.877108591256555,16.80307848005018,13.877108591256555,16.80307848005018,8.777698037862336,8.544072784596786,8.777698037862336,8.544072784596786,2.5744661933034307,5.142413070125691,2.5744661933034307,5.142413070125691,1.4261074698595535,3.842019124385987,1.4261074698595535,3.842019124385987,6.550111057604661,3.8976301616553384,6.550111057604661,3.8976301616553384,5.708713785788859,4.399595578718005,5.708713785788859,4.399595578718005,0.8580628972287915,3.783949546311518,0.8580628972287915,3.783949546311518,2.685900207637249,0.7931068602476913,2.685900207637249,0.7931068602476913,0.23802451616799794,1.8041709793307579,0.23802451616799794,1.8041709793307579,3.553276572186921,14.65448081512513,3.553276572186921,14.65448081512513,1.898387289405368,8.824174742171513,1.898387289405368,8.824174742171513,15.554140826263232,7.445095866900931,15.554140826263232,7.445095866900931,0.6309830158129207,1.5650985354220273,0.6309830158129207,1.5650985354220273,2.617949296476787,12.162483909455675,2.617949296476787,12.162483909455675
9.469094402521481,9.865368541444266,9.469094402521481,9.865368541444266,10.113324917668496,9.38857749676974,10.113324917668496,9.38857749676974,12.10303605557076,8.889075384275372,12.10303605557076,8.889075384275372,9.290598269199771,10.741773390943388,9.290598269199771,10.741773390943388,9.469094402521481,9.865368541444266,9.469094402521481,9.865368541444266,10.113324917668496,9.38857749676974,10.113324917668496,9.38857749676974,1.482918270499811,2.931639150146577,1.482918270499811,2.931639150146577,7.705252234214426,17.238160838712307,7.705252234214426,17.238160838712307,0.9409538138647688,1.5497444181156987,0.9409538138647688,1.5497444181156987,8.028822228292942,2.2239070239361243,8.028822228292942,2.2239070239361243,6.592800547618061,1.7181278538270397,6.592800547618061,1.7181278538270397,2.3566575652603703,5.815242862180392,2.3566575652603703,5.815242862180392,1.2184795209887433,0.644012676769678,1.2184795209887433,0.644012676769678,1.3738488318025457,25.818841458584558,1.3738488318025457,25.818841458584558,3.5488630267820804,0.8889265768036155,3.5488630267820804,0.8889265768036155,9.055340325800513,7.299724731519639,9.055340325800513,7.299724731519639,16.370857244447965,8.833491200495631,16.370857244447965,8.833491200495631,3.722169209738831,63.08547724299955,3.722169209738831,63.08547724299955
18.020910888778644,9.22261261795479,18.020910888778644,9.22261261795479,7.527305804511499,8.891579832692768,7.527305804511499,8.891579832692768,15.731462912993432,7.936063930152453,15.731462912993432,7.936063930152453,6.849511044455632,7.130322817424263,6.849511044455632,7.130322817424263,18.020910888778644,9.22261261795479,18.020910888778644,9.22261261795479,7.527305804511499,8.891579832692768,7.527305804511499,8.891579832692768,2.3055895400650246,3.706378158388482,2.3055895400650246,3.706378158388482,0.8408202377991609,4.3863716294932384,0.8408202377991609,4.3863716294932384,2.010594880482084,0.791616076223091,2.010594880482084,0.791616076223091,5.360796618553595,4.707790389035706,5.360796618553595,4.707790389035706,2.0121628755206262,2.479371869039713,2.0121628755206262,2.479371869039713,0.8551121402231338,3.148457178864871,0.8551121402231338,3.148457178864871,1.0478771441459116,1.7033606270018413,1.0478771441459116,1.7033606270018413,1.6037739799744364,1.0038401474591725,1.6037739799744364,1.0038401474591725,17.370798959808518,0.6429277821234277,17.370798959808518,0.6429277821234277,24.78117273356469,17.13317893277656,24.78117273356469,17.13317893277656,2.481997499081029,0.1765737766355688,2.481997499081029,0.1765737766355688,22.22622024997551,34.31171754621862,22.22622024997551,34.31171754621862
9.764522453590603,16.1476878782164,9.764522453590603,16.1476878782164,3.3077997030578556,11.505565034612365,3.3077997030578556,11.505565034612365,26.79303167503034,14.562056223735757,26.79303167503034,14.562056223735757,8.759196846402494,14.469001539855455,8.759196846402494,14.469001539855455,9.764522453590603,16.1476878782164,9.764522453590603,16.1476878782164,3.3077997030578556,11.505565034612365,3.3077997030578556,11.505565034612365,5.1039565081938125,5.0065044563963355,5.1039565081938125,5.0065044563963355,2.464669430171139,2.6721089443315074,2.464669430171139,2.6721089443315074,0.7894824749544994,5.311652562229404,0.7894824749544994,5.311652562229404,7.114004352679034,4.671422516290003,7.114004352679034,4.671422516290003,5.4511326327962,3.767757470203972,5.4511326327962,3.767757470203972,8.61848189290819,5.45101060930991,8.61848189290819,5.45101060930991,0.563189551999226,0.746907851759344,0.563189551999226,0.746907851759344,11.327913670186943,5.949398056008614,11.327913670186943,5.949398056008614,4.166238327755748,1.668629160224328,4.166238327755748,1.668629160224328,2.192096377830421,0.9927929542515334,2.192096377830421,0.9927929542515334,5.192963002723302,0.5455597962264218,5.192963002723302,0.5455597962264218,2.711727756489677,7.9579599481080985,2.711727756489677,7.9579599481080985
13.640191413032909,9.567176139786694,13.640191413032909,9.567176139786694,19.71048761707133,7.388609365740897,19.71048761707133,7.388609365740897,6.629478849916358,10.629564595838747,6.629478849916358,10.629564595838747,12.626432345594257,12.68769831360164,12.626432345594257,12.68769831360164,13.640191413032909,9.567176139786694,13.640191413032909,9.567176139786694,19.71048761707133,7.388609365740897,19.71048761707133,7.388609365740897,5.867486561002305,5.387655797601227,5.867486561002305,5.387655797601227,5.419667286784867,9.067197737903825,5.419667286784867,9.067197737903825,4.868592160506553,6.667975454683455,4.868592160506553,6.667975454683455,1.820482210474957,2.0448885681561912,1.820482210474957,2.0448885681561912,9.00009890807881,15.533426782250313,9.00009890807881,15.533426782250313,2.0591316973830653,20.174361144933766,2.0591316973830653,20.174361144933766,5.453654172979499,1.6540355585339488,5.453654172979499,1.6540355585339488,10.655956198328195,2.732497115018612,10.655956198328195,2.732497115018612,3.219844523697353,2.798199000678174,3.219844523697353,2.798199000678174,4.702532919727463,10.511934154297165,4.702532919727463,10.511934154297165,3.6029758776113994,1.601835891001715,3.6029758776113994,1.601835891001715,2.808631816244441,4.570279742099185,2.808631816244441,4.570279742099185
4.061805410414133,5.909336022165095,4.061805410414133,5.909336022165095,7.0116754853317484,4.181260427407421,7.0116754853317484,4.181260427407421,4.8527018824073975,6.123423835159058,4.8527018824073975,6.123423835159058,6.307475511115327,9.386121481860277,6.307475511115327,9.386121481860277,4.061805410414133,5.909336022165095,4.061805410414133,5.909336022165095,7.0116754853317484,4.181260427407421,7.0116754853317484,4.181260427407421,1.010302196488952,3.11931480697289,1.010302196488952,3.11931480697289,0.6533599064751446,2.4520362995331078,0.6533599064751446,2.4520362995331078,0.5612747771581839,3.448141655961178,0.5612747771581839,3.448141655961178,2.6063385044326606,36.121215990879996,2.6063385044326606,36.121215990879996,1.942756695838965,3.6627527274990093,1.942756695838965,3.6627527274990093,7.4382224571626585,7.433765419989655,7.4382224571626585,7.433765419989655,0.2239337337365166,0.44980329374132844,0.2239337337365166,0.44980329374132844,2.1194625962018216,2.8801231882347347,2.1194625962018216,2.8801231882347347,13.391144866072642,1.8105524287869363,13.391144866072642,1.8105524287869363,21.024603202510974,51.78610301871081,21.024603202510974,51.78610301871081,7.087045411420315,9.719859884729383,7.087045411420315,9.719859884729383,2.8967921563430528,9.554763601805016,2.8967921563430528,9.554763601805016
21.473956453793253,10.000027884104126,21.473956453793253,10.000027884104126,6.97966579760653,6.7545879239213145,6.97966579760653,6.7545879239213145,9.055471269326285,10.33432246594253,9.055471269326285,10.33432246594253,5.679510618752082,4.63001068239659,5.679510618752082,4.63001068239659,21.473956453793253,10.000027884104126,21.473956453793253,10.000027884104126,6.97966579760653,6.7545879239213145,6.97966579760653,6.7545879239213145,2.636241203088273,3.0934898321467696,2.636241203088273,3.0934898321467696,0.46151976242924037,41.34887626298866,0.46151976242924037,41.34887626298866,3.1875440767031087,10.483704393144228,3.1875440767031087,10.483704393144228,2.3554556116326286,13.727208660808696,2.3554556116326286,13.727208660808696,3.978453963131709,3.198036492449277,3.978453963131709,3.198036492449277,1.4785463728938524,1.4309112027510458,1.4785463728938524,1.4309112027510458,0.14095162101688238,4.977164666188744,0.14095162101688238,4.977164666188744,2.3695668242498025,30.17685374587825,2.3695668242498025,30.17685374587825,0.7887861250085031,0.4717326757597954,0.7887861250085031,0.4717326757597954,2.8532517101276937,7.877429306913268,2.8532517101276937,7.877429306913268,0.3859036378474848,6.8351038594652165,0.3859036378474848,6.8351038594652165,5.265884437451064,9.072392470537972,5.265884437451064,9.072392470537972
5.0760852499035884,3.924239767609657,5.0760852499035884,3.924239767609657,8.464305675908493,3.282481207553174,8.464305675908493,3.282481207553174,13.526734555968886,6.824760960378547,13.526734555968886,6.824760960378547,3.775811427711909,8.895365915911407,3.775811427711909,8.895365915911407,5.0760852499035884,3.924239767609657,5.0760852499035884,3.924239767609657,8.464305675908493,3.282481207553174,8.464305675908493,3.282481207553174,9.034525139308787,1.5326971885923044,9.034525139308787,1.5326971885923044,2.6536263583441513,3.1090131272333372,2.6536263583441513,3.1090131272333372,3.058898880163477,1.581424667812277,3.058898880163477,1.581424667812277,1.3875361350451103,2.289254518925943,1.3875361350451103,2.289254518925943,10.697079635441884,1.3142721033578266,10.697079635441884,1.3142721033578266,2.1442583767340375,0.6404824858940036,2.1442583767340375,0.6404824858940036,9.256071856662874,0.6059708110253365,9.256071856662874,0.6059708110253365,1.76670058073466,9.188838337318224,1.76670058073466,9.188838337318224,1.9349621565055946,0.4408863148051603,1.9349621565055946,0.4408863148051603,1.5471886588980994,6.767847058474415,1.5471886588980994,6.767847058474415,2.556095440679967,1.2120381616875227,2.556095440679967,1.2120381616875227,3.1832453508562666,13.737501000851294,3.1832453508562666,13.737501000851294
12.084899329924456,12.401443891527915,12.084899329924456,12.401443891527915,8.69869359207812,5.696608966054259,8.69869359207812,5.696608966054259,12.4228092353427,11.678270536847297,12.4228092353427,11.678270536847297,5.273800437963984,6.975921735803577,5.273800437963984,6.975921735803577,12.084899329924456,12.401443891527915,12.084899329924456,12.401443891527915,8.69869359207812,5.696608966054259,8.69869359207812,5.696608966054259,2.5312727733915255,3.0605332206516067,2.5312727733915255,3.0605332206516067,0.7329044228723528,2.016662041811047,0.7329044228723528,2.016662041811047,0.565843463157606,3.467596593517107,0.565843463157606,3.467596593517107,1.3596617220586855,4.346234182869128,1.3596617220586855,4.346234182869128,1.0301361646706935,1.9625650468147806,1.0301361646706935,1.9625650468147806,3.5779402259509885,2.279057991567803,3.5779402259509885,2.279057991567803,2.6973917896618076,10.543529504216432,2.6973917896618076,10.543529504216432,215.08441604132506,1.23475288541238,215.08441604132506,1.23475288541238,0.909738748396624,4.285904572367886,0.909738748396624,4.285904572367886,19.46856130256991,31.17278009249627,19.46856130256991,31.17278009249627,4.634496295832774,9.67878376853864,4.634496295832774,9.67878376853864,27.251350994435864,39.68053603011696,27.251350994435864,39.68053603011696
4.007939687285344,3.346627122790401,4.007939687285344,3.346627122790401,1.7054412773704348,3.2672806745193674,1.7054412773704348,3.2672806745193674,6.995794704583696,3.392067786592676,6.995794704583696,3.392067786592676,3.5770415561506095,2.1772025607815215,3.5770415561506095,2.1772025607815215,4.007939687285344,3.346627122790401,4.007939687285344,3.346627122790401,1.7054412773704348,3.2672806745193674,1.7054412773704348,3.2672806745193674,1.1699103403051314,1.0997120224777874,1.1699103403051314,1.0997120224777874,2.1189476271149057,1.6885081372144068,2.1189476271149057,1.6885081372144068,0.8301292392104249,2.723951399188589,0.8301292392104249,2.723951399188589,6.387394999223707,3.4372221825537297,6.387394999223707,3.4372221825537297,1.6973395535532847,0.745329848579397,1.6973395535532847,0.745329848579397,1.761003677023211,1.2769855891159823,1.761003677023211,1.2769855891159823,2.805181651135061,4.903917364079296,2.805181651135061,4.903917364079296,0.25807776832896206,0.530421518698198,0.25807776832896206,0.530421518698198,0.48374872816627157,1.7635441286786682,0.48374872816627157,1.7635441286786682,4.181819646850967,4.757739581198446,4.181819646850967,4.757739581198446,4.248554964610498,3.7732081342944332,4.248554964610498,3.7732081342944332,18.564310672008208,2.2115532646579985,18.564310672008208,2.2115532646579985
4.72649748528866,5.19005080428322,4.72649748528866,5.19005080428322,12.796269065614695,5.660780997538036,12.796269065614695,5.660780997538036,6.540460725027768,4.015152175645533,6.540460725027768,4.015152175645533,3.4570940001487833,3.2591893803269416,3.4570940001487833,3.2591893803269416,4.72649748528866,5.19005080428322,4.72649748528866,5.19005080428322,12.796269065614695,5.660780997538036,12.796269065614695,5.660780997538036,1.9784681452614916,3.04496997844864,1.9784681452614916,3.04496997844864,3.7437889249995893,2.677105311538969,3.7437889249995893,2.677105311538969,0.810355798953722,4.314933899798645,0.810355798953722,4.314933899798645,8.226531617923365,23.52321926260018,8.226531617923365,23.52321926260018,2.326733585031238,0.865517413871318,2.326733585031238,0.865517413871318,5.3938461427366535,0.7854032695637415,5.3938461427366535,0.7854032695637415,2.2712478320868685,2.119652120771712,2.2712478320868685,2.119652120771712,3.6595012643020715,0.780672637821481,3.6595012643020715,0.780672637821481,3.407462993163496,9.690528635511189,3.407462993163496,9.690528635511189,21.424367079818172,10.979931805119959,21.424367079818172,10.979931805119959,7.400553934654973,0.125208541442407,7.400553934654973,0.125208541442407,1.605300220715338,58.68052479881176,1.605300220715338,58.68052479881176
3.760403593457582,8.29899832495288,3.760403593457582,8.29899832495288,46.24869890368948,103.15899241815896,46.24869890368948,103.15899241815896,4.954064185743308,5.555939081818162,4.954064185743308,5.555939081818162,6.8931001635324245,49.215525461288564,6.8931001635324245,49.215525461288564,3.760403593457582,8.29899832495288,3.760403593457582,8.29899832495288,46.24869890368948,103.15899241815896,46.24869890368948,103.15899241815896,1.748134201150446,4.00611303028116,1.748134201150446,4.00611303028116,40.361804685940044,18.42742548900704,40.361804685940044,18.42742548900704,4.4521853749681535,0.6166620904587019,4.4521853749681535,0.6166620904587019,35.69192955576405,60.71222347355014,35.69192955576405,60.71222347355014,66.93499768804118,9.932400166841648,66.93499768804118,9.932400166841648,4.3908861364055545,26.34463005310939,4.3908861364055545,26.34463005310939,1.5695399429823724,2.2099498280951195,1.5695399429823724,2.2099498280951195,25.0093289236776,3.4297052480312202,25.0093289236776,3.4297052480312202,1.9634550318613928,1.031269174850888,1.9634550318613937,1.031269174850888,17.547337485275786,22.302450079867118,17.547337485275786,22.302450079867118,0.4343046533028769,4.600689255887962,0.4343046533028769,4.600689255887962,7.680003153025367,3.6469353565804163,7.680003153025367,3.6469353565804163
74.4803169620379,79.11569433936835,74.4803169620379,79.11569433936835,472.58929676607033,191.68058182724033,472.58929676607033,191.68058182724033,60.94495612185372,23.526579178381446,60.94495612185372,23.526579178381446,68.10683987771623,104.64186578432775,68.10683987771623,104.64186578432775,74.4803169620379,79.11569433936835,74.4803169620379,79.11569433936835,472.58929676607033,191.68058182724033,472.58929676607033,191.68058182724033,107.91307631080714,105.72201011203782,107.91307631080714,105.72201011203782,27.727891617274675,183.61784293723332,27.727891617274675,183.61784293723332,263.1218369304861,105.41008060618643,263.1218369304861,105.41008060618643,243.4076569041419,421.46321183939085,243.4076569041419,421.46321183939085,117.66567245777647,36.03820808292688,117.66567245777647,36.03820808292688,96.46415762344292,210.0828853007312,96.46415762344292,210.0828853007312,29.150674898713216,20.333991617900335,29.150674898713216,20.333991617900335,65.10218858859116,27.147046850020427,65.10218858859116,27.147046850020427,215.9285730660122,204.5570969483912,215.9285730660122,204.5570969483912,193.0859062100828,405.9032926649272,193.0859062100828,405.9032926649272,32.70560770013755,151.14875688072877,32.70560770013755,151.14875688072877,132.32185099431,157.86468582889984,132.32185099431,157.86468582889984
18.0871179803704,9.169765857241714,18.0871179803704,9.169765857241714,27.934212891312118,23.30633654586198,27.934212891312118,23.30633654586198,28.051229393950393,6.26121839308104,28.051229393950393,6.26121839308104,23.56115616285968,28.03362499972918,23.56115616285968,28.03362499972918,18.0871179803704,9.169765857241714,18.0871179803704,9.169765857241714,27.934212891312118,23.30633654586198,27.934212891312118,23.30633654586198,33.33978181580157,3.0463775509502877,33.33978181580157,3.0463775509502877,9.947895624645978,6.139895473690251,9.947895624645978,6.139895473690251,9.564158316226548,14.575857428924458,9.564158316226548,14.575857428924458,5.187738064211373,10.705786420483838,5.187738064211373,10.705786420483838,5.824471684660269,7.422990364048903,5.824471684660269,7.422990364048903,2.1609031288348817,29.84940746340651,2.1609031288348817,29.84940746340651,5.8322249649300915,1.3780729143066486,5.8322249649300915,1.3780729143066486,6.303425930870702,23.478782805581712,6.303425930870702,23.478782805581712,31.86888931579262,48.99634650203434,31.86888931579262,48.99634650203434,15.939921054553755,37.985114039867895,15.939921054553755,37.985114039867895,6.473361013115092,0.5049175076514818,6.473361013115092,0.5049175076514818,5.28113046867695,9.860955259662669,5.28113046867695,9.860955259662669
3.569620616160752,3.155195714438268,3.569620616160752,3.155195714438268,3.870600875231255,1.932713111837024,3.870600875231255,1.932713111837024,3.2862705032261164,3.137983307058232,3.2862705032261164,3.137983307058232,4.9486309990829485,3.6293061750273243,4.9486309990829485,3.6293061750273243,3.569620616160752,3.155195714438268,3.569620616160752,3.155195714438268,3.870600875231255,1.932713111837024,3.870600875231255,1.932713111837024,1.332627616060679,1.2173597371921616,1.332627616060679,1.2173597371921616,3.589364278808142,16.35578772576786,3.589364278808142,16.35578772576786,1.1987131260897197,2.262614337107719,1.1987131260897197,2.262614337107719,0.8590754780641016,3.984095385937927,0.8590754780641016,3.984095385937927,4.903905149674271,2.0356649201483172,4.903905149674271,2.0356649201483172,5.560331955874049,2.7465265299657906,5.560331955874049,2.7465265299657906,0.30745370814927825,0.5448102880389556,0.30745370814927825,0.5448102880389556,9.88353218574963,13.473498513061823,9.88353218574963,13.473498513061823,1.6467085890465234,0.9261889995092509,1.6467085890465234,0.9261889995092509,2.2860476528327918,13.577948360174668,2.2860476528327918,13.577948360174668,1.2236120057518793,3.3827327798099285,1.2236120057518793,3.3827327798099285,2.8714358531922444,15.744411954909152,2.8714358531922444,15.744411954909152
1.9424420538559501,6.399325751881063,1.9424420538559501,6.399325751881063,2.525506693154614,8.585677725831756,2.525506693154614,8.585677725831756,10.977973144506164,4.527124497888334,10.977973144506164,4.527124497888334,2.77068148307945,11.74112168718823,2.77068148307945,11.74112168718823,1.9424420538559501,6.399325751881063,1.9424420538559501,6.399325751881063,2.525506693154614,8.585677725831756,2.525506693154614,8.585677725831756,0.6148383747501917,1.633190851231359,0.6148383747501917,1.633190851231359,6.82365712063111,0.4599860456800541,6.82365712063111,0.4599860456800541,3.745483693898497,0.6921216186535444,3.745483693898497,0.6921216186535444,2.7501390714334644,6.329617397259943,2.7501390714334644,6.329617397259943,0.4054514341084264,1.0227903752762217,0.4054514341084264,1.0227903752762217,12.251969900814943,3.9319142385369763,12.251969900814943,3.9319142385369763,0.25768816708563613,0.27933788504405954,0.25768816708563613,0.27933788504405954,1.658291909902813,22.461315893869518,1.658291909902813,22.461315893869518,4.677261082071532,4.1221089120574455,4.677261082071532,4.1221089120574455,6.445327290505185,7.451319108178664,6.445327290505185,7.451319108178664,2.19595488712385,0.46954537040947864,2.19595488712385,0.46954537040947864,6.341606140118704,4.8140571896648785,6.341606140118704,4.8140571896648785
8.447417867446791,6.243319543922327,8.447417867446791,6.243319543922327,0.5529264415765738,3.9697805535571544,0.5529264415765738,3.9697805535571544,6.526183793822235,4.1077308163043185,6.526183793822235,4.1077308163043185,3.076131024961982,4.559415765734569,3.076131024961982,4.559415765734569,8.447417867446791,6.243319543922327,8.447417867446791,6.243319543922327,0.5529264415765738,3.9697805535571544,0.5529264415765738,3.9697805535571544,0.6522563912606335,0.6698704491723113,0.6522563912606335,0.6698704491723113,0.5992316054685337,1.5544302190834478,0.5992316054685337,1.5544302190834478,0.8597445970790963,0.8924737542760379,0.8597445970790963,0.8924737542760379,0.665424797852465,30.577377826379834,0.665424797852465,30.577377826379834,1.0520421497336776,1.263239283640677,1.0520421497336776,1.263239283640677,0.7084726347539818,0.5688413937555624,0.7084726347539818,0.5688413937555624,0.045997543407984266,0.1898007192679677,0.045997543407984266,0.1898007192679677,5.814465221031383,1.1793842745318834,5.814465221031383,1.1793842745318834,0.3585781223236791,1.0715520227140671,0.3585781223236791,1.0715520227140671,0.23916829249556804,2.8983062659821406,0.23916829249556804,2.8983062659821406,1.0977128963784974,0.8298638997949529,1.0977128963784974,0.8298638997949529,0.3509206083122714,14.752004182338052,0.3509206083122714,14.752004182338052
20.74492931687805,9.6738853192366,20.74492931687805,9.6738853192366,10.134083619174282,21.802434346876076,10.134083619174282,21.802434346876076,19.94719969281755,17.716608495790172,19.94719969281755,17.716608495790172,8.601631265585528,17.113051919727713,8.601631265585528,17.113051919727713,20.74492931687805,9.6738853192366,20.74492931687805,9.6738853192366,10.134083619174282,21.802434346876076,10.134083619174282,21.802434346876076,4.647931977173613,3.338547968787075,4.647931977173613,3.338547968787075,1.4022366286228334,2.789932715370335,1.4022366286228334,2.789932715370335,4.696374771456381,1.7709652481770437,4.696374771456381,1.7709652481770437,2.455870366458742,11.46304892078148,2.455870366458742,11.46304892078148,3.741099389155157,3.624701506262031,3.741099389155157,3.624701506262031,3.558083664883409,3.8408372399665205,3.558083664883409,3.8408372399665205,0.425618170429618,0.9952270683490606,0.425618170429618,0.9952270683490606,8.998354974403151,0.6386697779716669,8.998354974403151,0.6386697779716669,0.4644542316371219,2.0380265491374656,0.4644542316371219,2.0380265491374656,22.158231699203395,5.08355712319247,22.158231699203395,5.08355712319247,1.1121781033680134,0.21872266561950782,1.1121781033680134,0.21872266561950782,1.4045627648864767,10.565289038476793,1.4045627648864767,10.565289038476793
7.404312567186194,9.176189961424454,7.404312567186194,9.176189961424454,4.92834744774966,10.721246611634767,4.92834744774966,10.721246611634767,10.681214153558715,11.443835207035566,10.681214153558715,11.443835207035566,6.168619961315021,7.989561726661621,6.168619961315021,7.989561726661621,7.404312567186194,9.176189961424454,7.404312567186194,9.176189961424454,4.92834744774966,10.721246611634767,4.92834744774966,10.721246611634767,1.3668721746289922,1.2996974753851305,1.3668721746289922,1.2996974753851305,1.7017257422662533,9.558377369736188,1.7017257422662533,9.558377369736188,1.1354413232786906,3.2083618528250892,1.1354413232786906,3.2083618528250892,8.372234597584047,2.4388958423799347,8.372234597584047,2.4388958423799347,3.459505941908659,0.9919347231206433,3.459505941908659,0.9919347231206433,4.682283831392467,7.120578881571251,4.682283831392467,7.120578881571251,0.4850709528167649,0.3713610005828652,0.4850709528167649,0.3713610005828652,0.2929685049789243,0.22410055801293233,0.2929685049789243,0.22410055801293233,2.972932368124742,2.2387181287982663,2.972932368124742,2.2387181287982663,11.552482345129105,8.701251112130212,11.552482345129105,8.701251112130212,0.048137354465934167,0.4517788608084259,0.048137354465934167,0.4517788608084259,0.42543844026674416,4.194318765320762,0.42543844026674416,4.194318765320762
37.761798862994446,16.13583462195596,37.761798862994446,16.13583462195596,13.711028207559878,11.234700031902223,13.711028207559878,11.234700031902223,21.246211726175385,18.558191018243896,21.246211726175385,18.558191018243896,3.5137103995795327,23.591247248150857,3.5137103995795327,23.591247248150857,37.761798862994446,16.13583462195596,37.761798862994446,16.13583462195596,13.711028207559878,11.234700031902223,13.711028207559878,11.234700031902223,6.502155661472149,3.513947945079445,6.502155661472149,3.513947945079445,4.805761632652505,2.620088808534579,4.805761632652505,2.620088808534579,6.969580262235752,1.65204086536511,6.969580262235752,1.65204086536511,2.7657399112016026,9.16543950853573,2.7657399112016026,9.16543950853573,6.983431497491513,1.7035194593360037,6.983431497491513,1.7035194593360037,3.098345390614624,3.7528384527378384,3.098345390614624,3.7528384527378384,1.0926922328388924,1.072696480536639,1.0926922328388924,1.072696480536639,1.916896247575877,6.660984219218975,1.916896247575877,6.660984219218975,0.788502692621452,1.8008154038005826,0.788502692621452,1.8008154038005826,4.341393855129007,3.913402003847835,4.341393855129007,3.913402003847835,0.4797846726536859,0.6522745976803552,0.4797846726536859,0.6522745976803552,15.78005895033463,1.0854608269906696,15.78005895033463,1.0854608269906696
13.612760103151746,6.627031676596722,13.612760103151746,6.627031676596722,9.148715894587964,5.743561196283714,9.148715894587964,5.743561196283714,13.923874725060319,7.539458056709042,13.923874725060319,7.539458056709042,7.537042759333564,7.164011230771886,7.537042759333564,7.164011230771886,13.612760103151746,6.627031676596722,13.612760103151746,6.627031676596722,9.148715894587964,5.743561196283714,9.148715894587964,5.743561196283714,1.2139570260849002,2.233367222679294,1.2139570260849002,2.233367222679294,0.6665768877588263,7.479295796896738,0.6665768877588263,7.479295796896738,1.0466499597657408,2.872908173054849,1.0466499597657408,2.872908173054849,1.6100389141882052,4.675872933577975,1.6100389141882052,4.675872933577975,2.9684638791974685,1.8106655528819722,2.9684638791974685,1.8106655528819722,2.716011180153938,0.8504665749600709,2.716011180153938,0.8504665749600709,0.2690273293701252,0.4497560402364712,0.2690273293701252,0.4497560402364712,0.9231285584495739,7.587361727323639,0.9231285584495739,7.587361727323639,3.809275056138776,0.7107878906161312,3.809275056138776,0.7107878906161312,6.889819835427277,1.339492487621158,6.889819835427277,1.339492487621158,0.2173822388099445,0.10424491073244421,0.2173822388099445,0.10424491073244421,18.809063291946792,3.790071928495144,18.809063291946792,3.790071928495144
16.117681286337742,3.8757684866525905,16.117681286337742,3.8757684866525905,9.663993225118853,9.590966439329405,9.663993225118853,9.590966439329405,16.34200387361921,7.213045727082958,16.34200387361921,7.213045727082958,21.514841359803892,10.092430378482874,21.514841359803892,10.092430378482874,16.117681286337742,3.8757684866525905,16.117681286337742,3.8757684866525905,9.663993225118853,9.590966439329405,9.663993225118853,9.590966439329405,2.596064396396766,2.828486560306811,2.596064396396766,2.828486560306811,10.176183828391702,3.1469118977246606,10.176183828391702,3.1469118977246606,4.250395237250653,3.244122686565106,4.250395237250653,3.244122686565106,30.784516039015976,2.5278706855151016,30.784516039015976,2.5278706855151016,1.249288179444329,6.472601225439157,1.249288179444329,6.472601225439157,46.40492540689297,12.311147301257838,46.40492540689297,12.311147301257838,2.9566200159236145,2.8277955488689606,2.9566200159236145,2.8277955488689606,2.5094308460938928,1.968993667693366,2.5094308460938928,1.968993667693366,6.853283828639611,3.5188482805548267,6.853283828639611,3.5188482805548267,24.765716604588906,9.484421416897987,24.765716604588906,9.484421416897987,2.6533709235083127,0.085651103373683,2.6533709235083127,0.085651103373683,1.6826558502650073,3.1366850608673498,1.6826558502650073,3.1366850608673498
15.747464867998827,7.501864501675384,15.747464867998827,7.501864501675384,7.49909516544402,4.422345003594161,7.49909516544402,4.422345003594161,8.050968325377546,4.807403940265147,8.050968325377546,4.807403940265147,11.452634617413976,8.843895407473486,11.452634617413976,8.843895407473486,15.747464867998827,7.501864501675384,15.747464867998827,7.501864501675384,7.49909516544402,4.422345003594161,7.49909516544402,4.422345003594161,24.61287492811195,2.252348333774967,24.61287492811195,2.252348333774967,30.37029517048805,2.964384679963302,30.37029517048805,2.964384679963302,11.56122640535663,2.042777346970735,11.56122640535663,2.042777346970735,42.25327889030596,3.8813616998505713,42.25327889030596,3.8813616998505713,4.216680567328886,1.9838130114752126,4.216680567328888,1.9838130114752126,4.4627509827807215,2.449631917958862,4.4627509827807215,2.449631917958862,0.7665503579469366,1.2064152436464681,0.7665503579469366,1.2064152436464681,1.3141779627120462,1.571202168103429,1.3141779627120462,1.571202168103429,0.9685249659387555,0.31905026347363075,0.9685249659387555,0.31905026347363075,1.5395518997300144,11.22338250851116,1.5395518997300144,11.22338250851116,0.5455014635810455,1.2113349052783409,0.5455014635810455,1.2113349052783409,1.6675493476085286,15.208053384560014,1.6675493476085286,15.208053384560014
13.892646888700606,18.34739676739434,13.892646888700606,18.34739676739434,8.146801884084256,14.925302049206177,8.146801884084256,14.925302049206177,17.51595869220066,10.327960331658947,17.51595869220066,10.327960331658947,5.8504782312292996,10.375421932945043,5.8504782312292996,10.375421932945043,13.892646888700606,18.34739676739434,13.892646888700613,18.34739676739434,8.146801884084256,14.925302049206177,8.146801884084256,14.925302049206177,3.51157119594,2.5544239894353526,3.51157119594,2.5544239894353526,17.811018958048088,2.913336635972278,17.811018958048088,2.913336635972278,2.7784892275554935,3.289547596764589,2.7784892275554935,3.289547596764589,6.85189846531866,0.9074204862492915,6.85189846531866,0.9074204862492915,4.242679270078835,3.584622007508253,4.242679270078835,3.584622007508253,3.301464429071351,3.3330708352510925,3.301464429071351,3.3330708352510925,0.6122397564789208,1.3517506885987793,0.6122397564789208,1.3517506885987793,0.39802809357492175,0.82240113777859,0.39802809357492175,0.82240113777859,4.286401110980341,1.764624357097632,4.286401110980341,1.764624357097632,3.4138569020413936,4.445350586006603,3.4138569020413936,4.445350586006603,0.2064288767394215,0.4383435112604888,0.2064288767394215,0.4383435112604888,0.7438029688768414,1.7525170236416125,0.7438029688768414,1.7525170236416125
8.662010690592638,3.3560167817940165,8.662010690592638,3.3560167817940165,5.753429734112805,1.0761024350624149,5.753429734112805,1.0761024350624149,8.532150041138904,2.9162079009798703,8.532150041138904,2.9162079009798703,4.16819110350029,1.9181559988464245,4.16819110350029,1.9181559988464245,8.662010690592638,3.3560167817940165,8.662010690592638,3.3560167817940165,5.753429734112805,1.0761024350624149,5.753429734112805,1.0761024350624149,4.842978903233129,1.0080872510598644,4.842978903233129,1.0080872510598644,5.170172034377692,0.6684060988364386,5.170172034377692,0.6684060988364386,2.149620734921865,3.7652717726978824,2.149620734921865,3.7652717726978824,4.288362016725201,2.549474634743468,4.288362016725201,2.549474634743468,5.350505225624801,0.7491202896568944,5.350505225624801,0.7491202896568944,6.482002351685902,1.0541903333204308,6.482002351685902,1.0541903333204308,2.4028347651192195,0.5612519339165869,2.4028347651192195,0.5612519339165869,3.730252038992672,0.21017278130209696,3.730252038992672,0.21017278130209696,1.6654310574582831,1.6450628032095773,1.6654310574582831,1.6450628032095773,2.8034545858536926,1.9038732485898557,2.8034545858536926,1.9038732485898557,1.6317930055097918,0.7677826603971837,1.6317930055097918,0.7677826603971837,2.7432989943615684,0.9937873279996775,2.7432989943615684,0.9937873279996775
5.051105971988563,1.9330538945043798,5.051105971988563,1.9330538945043798,4.742952212156892,2.139967194959898,4.742952212156892,2.139967194959898,8.159246427103328,2.2281902934251776,8.159246427103328,2.2281902934251776,2.004884547411657,9.009332122872644,2.004884547411657,9.009332122872644,5.051105971988563,1.9330538945043798,5.051105971988563,1.9330538945043798,4.742952212156892,2.139967194959898,4.742952212156892,2.139967194959898,3.421861087415756,0.6171801336756693,3.421861087415756,0.6171801336756693,7.300389100884189,7.836932988625425,7.300389100884189,7.836932988625425,1.588955231650763,2.835269347542853,1.588955231650763,2.835269347542853,6.308508541542697,7.443097776715562,6.308508541542697,7.443097776715562,3.138194294916971,2.432250130654724,3.138194294916971,2.432250130654724,1.4984021918968262,8.768622214799402,1.4984021918968262,8.768622214799402,6.130614096057187,1.0892224298343536,6.130614096057187,1.0892224298343536,7.995739461577723,4.427071568548925,7.995739461577723,4.427071568548925,1.3481569449261908,3.1574443907938217,1.3481569449261908,3.1574443907938217,2.4309487366639977,7.927847885417838,2.4309487366639977,7.927847885417838,0.15112587310610534,2.9165178059149373,0.15112587310610534,2.9165178059149373,1.3217606613292336,35.3117819451467,1.3217606613292336,35.3117819451467
13.656347568228465,4.728479675055175,13.656347568228465,4.728479675055175,4.322053224898098,4.842715822451992,4.322053224898098,4.842715822451992,9.496695611404432,6.391500349091417,9.496695611404435,6.391500349091417,7.909638811554789,3.4076297244877405,7.909638811554789,3.4076297244877405,13.656347568228465,4.728479675055175,13.656347568228465,4.728479675055175,4.322053224898098,4.842715822451992,4.322053224898098,4.842715822451992,1.829998041466851,0.5453450954152603,1.829998041466851,0.5453450954152603,0.5152862989384608,0.4581765225598469,0.5152862989384608,0.4581765225598469,2.9933164564150516,0.4827275508535454,2.9933164564150516,0.4827275508535454,2.1024377249000987,2.7967931843982012,2.1024377249000987,2.7967931843982012,0.3335595024647084,0.22249560165314405,0.3335595024647084,0.22249560165314405,13.081030282455862,0.7451194280516705,13.081030282455862,0.7451194280516705,0.08977408848967108,0.09395903488872817,0.08977408848967108,0.09395903488872817,0.7357378099487426,1.6764735624021208,0.7357378099487426,1.6764735624021208,0.5270072107661374,0.5625181132349006,0.5270072107661374,0.5625181132349006,1.1721450084845602,0.6251361772814996,1.1721450084845602,0.6251361772814996,4.4991743161289195,0.2019951470354721,4.4991743161289195,0.2019951470354721,5.729721518196039,0.09576486904273084,5.729721518196039,0.09576486904273084
15.811561959240846,5.712701151593428,15.811561959240846,5.712701151593428,4.183907929305384,11.798651094636092,4.183907929305384,11.798651094636092,26.952824897637825,12.043255579008688,26.952824897637825,12.043255579008688,73.63169424517163,31.282929318612158,73.63169424517163,31.282929318612158,15.811561959240846,5.712701151593428,15.811561959240846,5.712701151593428,4.183907929305384,11.798651094636092,4.183907929305384,11.798651094636092,1.3744706995047904,1.9172564795641203,1.3744706995047904,1.9172564795641203,0.9850011685272477,2.212420074827688,0.9850011685272477,2.212420074827688,3.364472246591906,1.6444754097096217,3.364472246591906,1.6444754097096217,0.26331347606432026,5.9994526129378904,0.26331347606432026,5.9994526129378904,5.424398539933785,1.0074206641282573,5.424398539933785,1.0074206641282573,0.3828488325446649,0.7811762481547503,0.3828488325446649,0.7811762481547503,1.2748815750832116,3.08249833068397,1.2748815750832116,3.08249833068397,0.4320708812841316,7.105970486249703,0.4320708812841316,7.105970486249703,0.5505268568050057,0.7418995136267228,0.5505268568050057,0.7418995136267228,29.540415046469914,2.428488032743148,29.540415046469914,2.428488032743148,0.14505016404087562,0.11655450777174353,0.14505016404087562,0.11655450777174353,7.982471158527416,0.7135620377645224,7.982471158527416,0.7135620377645224
11.073303014820796,4.493503155318769,11.073303014820796,4.493503155318769,4.632318798191789,5.26622771203123,4.632318798191789,5.26622771203123,17.75832768478728,4.420539275985446,17.75832768478728,4.420539275985446,11.978562194805063,7.237093545727098,11.978562194805063,7.237093545727098,11.073303014820796,4.493503155318769,11.073303014820796,4.493503155318769,4.632318798191789,5.26622771203123,4.632318798191789,5.26622771203123,3.162353093943855,0.46702015180996,3.162353093943855,0.46702015180996,1.3177941000694577,1.3776253953354376,1.3177941000694577,1.3776253953354376,4.221415781574283,1.6648213761537682,4.221415781574283,1.6648213761537682,3.574165689643357,1.4198194695857185,3.574165689643357,1.4198194695857185,2.693785400820315,0.572698431715955,2.693785400820315,0.572698431715955,1.813307792587991,1.026031475707906,1.813307792587991,1.026031475707906,1.0109389667191542,0.14334798662078002,1.0109389667191542,0.14334798662078002,0.27677109216778817,0.4021315081459573,0.27677109216778817,0.4021315081459573,1.0373270917488076,0.878205034882066,1.0373270917488076,0.878205034882066,2.126025652122568,0.37154605003268054,2.126025652122568,0.37154605003268054,0.36410087196837293,0.09900895265388857,0.36410087196837293,0.09900895265388857,2.551654915383578,0.2275977416755447,2.551654915383578,0.2275977416755447
14.865988923147585,7.692161313611634,14.865988923147585,7.692161313611634,6.712255425670688,15.389068036889501,6.712255425670688,15.389068036889501,36.12039691424746,4.799466308806614,36.12039691424746,4.799466308806614,25.154979381939064,4.041747901073518,25.154979381939064,4.041747901073518,14.865988923147585,7.692161313611634,14.865988923147585,7.692161313611634,6.712255425670688,15.389068036889501,6.712255425670688,15.389068036889501,1.39768119359222,2.1298177795970465,1.39768119359222,2.1298177795970465,4.413192380941143,4.242195113005839,4.413192380941143,4.242195113005839,1.1175520220020365,1.3687063609446017,1.1175520220020365,1.3687063609446017,10.748102133063487,1.8253151620048989,10.748102133063487,1.8253151620048989,0.7996948541150886,0.5623046700578563,0.7996948541150886,0.5623046700578563,1.89924584791559,1.3003515244647366,1.89924584791559,1.3003515244647366,0.20414851076237997,0.49772424730355364,0.20414851076237997,0.49772424730355364,0.2133880575490893,0.519640738425582,0.2133880575490893,0.519640738425582,0.44314422787401286,1.0809517037143623,0.44314422787401286,1.0809517037143623,7.020746580586006,0.8787911206746252,7.020746580586006,0.8787911206746252,0.06728955140830079,0.2827263165505248,0.06728955140830079,0.2827263165505248,0.22746623784049572,2.7081834415820283,0.22746623784049572,2.7081834415820283
30.475745160973894,5.88065880465587,30.475745160973894,5.88065880465587,2.6495773879333084,20.171623049387133,2.6495773879333084,20.171623049387133,20.692381055315515,13.022108312835337,20.692381055315515,13.022108312835337,6.7334259599411554,10.897386966986748,6.7334259599411554,10.897386966986748,30.475745160973894,5.88065880465587,30.475745160973894,5.88065880465587,2.6495773879333084,20.171623049387133,2.6495773879333084,20.171623049387133,1.637345868907336,3.147245576340489,1.637345868907336,3.147245576340489,37.28168224702769,20.48139816131988,37.28168224702769,20.48139816131988,0.7327953883390791,1.0757337331216636,0.7327953883390791,1.0757337331216636,2.760351191190786,7.949649914996604,2.760351191190786,7.949649914996604,1.3530024194922992,0.44271762680979254,1.3530024194922992,0.44271762680979254,0.9134100013686035,6.446627277259196,0.9134100013686035,6.446627277259196,6.617002661738075,0.9476194953632711,6.617002661738075,0.9476194953632711,0.5352119473231396,1.433254389352997,0.5352119473231396,1.433254389352997,0.7419764708436185,3.620584478856622,0.7419764708436185,3.620584478856622,1.275853506984309,13.85029370500825,1.275853506984309,13.85029370500825,6.723308508094851,8.767609222042568,6.723308508094851,8.767609222042568,12.884847742559078,7.7445313580271105,12.884847742559078,7.7445313580271105
18.881838601570788,7.532442180237538,18.881838601570788,7.532442180237538,6.2650278963648125,1.41539676844387,6.2650278963648125,1.41539676844387,14.306819929795857,4.306377229176639,14.306819929795857,4.306377229176639,7.575882343848108,3.6532429833879205,7.575882343848108,3.6532429833879205,18.881838601570788,7.532442180237538,18.881838601570788,7.532442180237538,6.2650278963648125,1.41539676844387,6.2650278963648125,1.41539676844387,1.2253772023723917,0.45570036668929303,1.2253772023723917,0.45570036668929303,0.4963001728628104,2.5862670013758193,0.4963001728628104,2.5862670013758193,0.9391694422291316,0.9749989481435514,0.9391694422291316,0.9749989481435514,0.932321644354269,1.0912405318399079,0.932321644354269,1.0912405318399079,1.6860910483584277,1.3600621813570324,1.6860910483584277,1.3600621813570324,0.841542348519625,3.651405105641503,0.841542348519625,3.651405105641503,0.555529294247899,3.726247140722809,0.555529294247899,3.726247140722809,0.7146472651786367,8.137385720948691,0.7146472651786367,8.137385720948691,1.404598432832688,0.5364522502306405,1.404598432832688,0.5364522502306405,1.5007214297188674,6.991055261205869,1.5007214297188674,6.991055261205869,6.129489874579366,0.2600720673430949,6.129489874579366,0.2600720673430949,10.021997259504824,16.846094664702697,10.021997259504824,16.846094664702697
15.04326754885176,4.791578548535893,15.04326754885176,4.791578548535893,3.8579542107165694,4.172971909830452,3.8579542107165694,4.172971909830452,6.813249977994368,4.068084004653756,6.813249977994368,4.068084004653756,10.22892548791114,1.732579889075045,10.22892548791114,1.732579889075045,15.04326754885176,4.791578548535893,15.04326754885176,4.791578548535893,3.8579542107165694,4.172971909830452,3.8579542107165694,4.172971909830452,0.7945174750523386,0.684738644099983,0.7945174750523386,0.684738644099983,0.8572788104080297,1.688490573101329,0.8572788104080297,1.688490573101329,1.384105446123583,0.6716920231384736,1.384105446123583,0.6716920231384736,4.894189776013367,6.352383312940204,4.894189776013367,6.352383312940204,0.847214104594885,0.532241331884117,0.847214104594885,0.532241331884117,0.6134854529945023,2.43082208407394,0.6134854529945023,2.43082208407394,0.7730848312302939,0.05002438360497112,0.7730848312302939,0.05002438360497112,1.3048521103963808,25.568627574843415,1.3048521103963808,25.568627574843415,0.5393009018281911,0.48485500733856673,0.5393009018281911,0.48485500733856673,2.9384067856343568,4.280514641328494,2.938406785634333,4.280514641328494,1.1063712402397063,1.7769376513789252,1.1063712402397063,1.7769376513789252,5.81570040468398,7.658782978136591,5.81570040468398,7.658782978136591
16.601499903323905,11.386568254744356,16.601499903323905,11.386568254744356,5.820988706494347,10.300034525631075,5.820988706494347,10.300034525631075,13.813373309330075,13.250225209681556,13.813373309330075,13.250225209681556,8.461315215495356,10.70830392014675,8.461315215495356,10.70830392014675,16.601499903323905,11.386568254744356,16.601499903323905,11.386568254744356,5.820988706494347,10.300034525631075,5.820988706494347,10.300034525631075,11.508966109688687,1.8971711125546213,11.508966109688687,1.8971711125546213,102.35293738097212,348.30348837398753,102.35293738097212,348.30348837398753,2.784471116688663,2.740392631232711,2.784471116688663,2.740392631232711,164.14690681967346,3.9763247041603775,164.14690681967346,3.9763247041603775,0.9854557960857713,0.9443301050570089,0.9854557960857713,0.9443301050570089,421.14204265209025,293.1256154092474,421.14204265209025,293.1256154092474,25.930736299276163,20.685529874834536,25.930736299276163,20.685529874834536,188.13719336541618,837.1215142458929,188.13719336541618,837.1215142458929,1.3301395871416581,2.3064146614394003,1.3301395871416581,2.3064146614394003,226.8124811747216,93.38999500324854,226.8124811747216,93.38999500324854,1.5144198925528292,31.096181091540302,1.5144198925528292,31.096181091540302,359.3590713614992,852.8158116138995,359.3590713614992,852.8158116138995
38.735295438668906,6.826272412343431,38.735295438668906,6.826272412343431,13.03061869915019,11.915354457469173,13.03061869915019,11.915354457469173,23.592688288742323,6.331275459189951,23.592688288742323,6.331275459189951,9.114742405967169,2.5902450569920186,9.114742405967169,2.5902450569920186,38.735295438668906,6.826272412343431,38.735295438668906,6.826272412343431,13.03061869915019,11.915354457469173,13.03061869915019,11.915354457469173,7.328401178034215,1.1750249430694963,7.328401178034215,1.1750249430694963,3.8450048738416753,3.7670707597179325,3.8450048738416753,3.7670707597179325,1.7049266910927923,6.799715277833928,1.7049266910927923,6.799715277833928,10.112559304832,9.00838350620334,10.112559304832,9.00838350620334,2.208942753271432,1.1028424703030115,2.208942753271432,1.1028424703030115,50.855212894883536,51.494612923827205,50.855212894883536,51.494612923827205,0.48857967076765024,0.17145793707158966,0.48857967076765024,0.17145793707158966,5.4347481610596775,1.9471527965965456,5.4347481610596775,1.9471527965965456,0.9560389889287209,3.7379624619178764,0.9560389889287209,3.7379624619178764,6.605584416333526,2.8952276965310544,6.605584416333526,2.8952276965310544,2.661808266842113,0.07791709962777534,2.661808266842113,0.07791709962777534,1.4778739523015338,19.053243332711542,1.4778739523015338,19.053243332711542
19.245603764027702,31.08490357420866,19.245603764027702,31.08490357420866,9.116023430830904,129.86362554708745,9.116023430830904,129.86362554708745,21.469066236005975,33.59610439473761,21.469066236005975,33.59610439473761,6.065762072979927,24.61077271681636,6.065762072979927,24.61077271681636,19.245603764027702,31.08490357420866,19.245603764027702,31.08490357420866,9.116023430830904,129.86362554708745,9.116023430830904,129.86362554708745,10.164292022593383,2.2274112977428855,10.164292022593383,2.2274112977428855,4.8167980694160315,1.8633265022148031,4.8167980694160315,1.8633265022148031,17.935487338423307,1.6966659579156773,17.935487338423307,1.6966659579156773,26.74535129000366,3.546635372620777,26.74535129000366,3.546635372620777,2.5670937694450977,4.036095222506793,2.5670937694450977,4.036095222506793,2.5040061502710147,1.808635569073522,2.5040061502710147,1.808635569073522,0.9774097664618528,1.632523549547917,0.9774097664618528,1.632523549547917,0.30939613594580295,10.654638250566538,0.30939613594580295,10.654638250566538,52.62606677684914,39.96282090385813,52.62606677684914,39.96282090385813,47.83169927649748,5.0825890330040115,47.83169927649748,5.0825890330040115,63.487772093485106,6.970293810584712,63.487772093485106,6.970293810584712,25.895118311821243,28.537661913341037,25.895118311821243,28.537661913341037
6.390056625005596,6.387739878941897,6.390056625005596,6.387739878941897,21.64942840598405,12.911185953863233,21.64942840598405,12.911185953863233,10.897500429104275,8.739849791757724,10.897500429104275,8.739849791757724,46.15446301884129,3.1478916596257993,46.15446301884129,3.1478916596257993,6.390056625005596,6.387739878941897,6.390056625005596,6.387739878941897,21.64942840598405,12.911185953863233,21.64942840598405,12.911185953863233,22.10919094193439,1.1216044939563026,22.10919094193439,1.1216044939563026,46.06033979532298,2.953604608895081,46.06033979532298,2.953604608895081,29.680252484008385,1.6796204290186878,29.680252484008385,1.6796204290186878,32.773829260305895,57.25550389036405,32.773829260305895,57.25550389036405,0.8459675292869999,1.7216522822585005,0.8459675292869999,1.7216522822585005,1.4370901362196036,3.4445144255665783,1.4370901362196036,3.4445144255665783,0.220674036769246,0.17609170282067824,0.220674036769246,0.17609170282067824,9.675117352107055,1.2077324922449888,9.675117352107055,1.2077324922449888,0.557508442987448,28.032271918010196,0.557508442987448,28.032271918010196,2.4750043751593296,4.2466679403663665,2.4750043751593296,4.2466679403663665,0.04874924821218988,12.916315621012819,0.04874924821218988,12.916315621012819,4.041589321518826,48.65728352245065,4.041589321518826,48.65728352245065
13.903279451053441,3.7315611742374237,13.903279451053441,3.7315611742374237,86.15223740702197,1.940090028148036,86.15223740702197,1.940090028148036,13.375483714594427,5.433988628985946,13.375483714594427,5.433988628985946,29.14599253085811,9.983289554898821,29.14599253085811,9.983289554898821,13.903279451053441,3.7315611742374237,13.903279451053441,3.7315611742374237,86.15223740702197,1.940090028148036,86.15223740702197,1.940090028148036,1.1523083318035454,2.063663371764208,1.1523083318035454,2.063663371764208,1.8877277087364266,17.263917551486006,1.8877277087364266,17.263917551486006,4.0811000108315785,1.7557456819977921,4.0811000108315785,1.7557456819977921,2.559489741530572,10.199795051559908,2.559489741530572,10.199795051559908,1.954910488677714,0.27720731020041445,1.954910488677714,0.27720731020041445,1.741137029189289,2.42548355326745,1.741137029189289,2.42548355326745,57.41375460659682,0.26767647334396255,57.41375460659682,0.26767647334396255,29.535154131259862,0.5653321074507117,29.535154131259862,0.5653321074507117,1.5721753825032478,0.394464729748974,1.5721753825032478,0.394464729748974,28.66795146847728,8.795167135045935,28.66795146847728,8.795167135045935,3.842853107400294,0.31913953718280996,3.842853107400294,0.31913953718280996,4.088936114801231,74.17372899394053,4.088936114801231,74.17372899394053
12.46127377601739,8.146816130253077,12.46127377601739,8.146816130253077,11.989546483281627,5.861208343076949,11.989546483281627,5.861208343076949,12.35723684493482,7.950437150780732,12.35723684493482,7.950437150780732,12.363723905518873,6.066203829901092,12.363723905518873,6.066203829901092,12.46127377601739,8.146816130253077,12.46127377601739,8.146816130253077,11.989546483281627,5.861208343076949,11.989546483281627,5.861208343076949,9.82423827137917,1.0635563251218234,9.82423827137917,1.0635563251218234,1.6487683648706475,1.4734084095809545,1.6487683648706475,1.4734084095809545,0.8053771758371819,3.594919106579153,0.8053771758371819,3.594919106579153,20.793273352166597,5.478903694746953,20.793273352166597,5.478903694746953,1.1978392201507462,1.1800311139455002,1.1978392201507462,1.1800311139455002,0.8122914771573994,8.440732977574012,0.8122914771573994,8.440732977574012,0.2011083570903119,0.3877596538728515,0.2011083570903119,0.3877596538728515,8.669492322087558,8.429054949376235,8.669492322087558,8.429054949376235,2.2022918427442737,8.909723981263529,2.2022918427442737,8.909723981263529,11.755323907095343,3.5758306831752362,11.755323907095343,3.5758306831752362,1.7355896750262807,1.2974807066290368,1.7355896750262807,1.2974807066290368,0.859126257028805,1.8251005512447993,0.859126257028805,1.8251005512447993
6.6768941166724485,4.656300998127632,6.6768941166724485,4.656300998127632,7.959898291674234,12.600249483462282,7.959898291674234,12.600249483462282,6.646501320462475,4.929649782091315,6.646501320462475,4.929649782091315,10.36255349581871,30.843395771592146,10.36255349581871,30.843395771592146,6.6768941166724485,4.656300998127632,6.6768941166724485,4.656300998127632,7.959898291674234,12.600249483462282,7.959898291674234,12.600249483462282,0.9630635954686241,1.6839529861511906,0.9630635954686241,1.6839529861511906,0.8038031712192565,1.3314828234700289,0.8038031712192565,1.3314828234700289,7.265111819555824,1.096956723615659,7.265111819555824,1.096956723615659,47.985797404448874,0.5747132707443234,47.985797404448874,0.5747132707443234,0.4170172898946837,0.42436036362033214,0.4170172898946837,0.42436036362033214,0.4494979395107225,7.21730981764244,0.4494979395107225,7.21730981764244,0.22748276454095379,2.153678105734199,0.22748276454095379,2.153678105734199,5.378141670774658,47.1095153972431,5.378141670774658,47.1095153972431,8.45087433622008,5.913453739208453,8.45087433622008,5.913453739208453,82.65341617636459,1.0017745443625916,82.65341617636459,1.0017745443625916,8.771929768297634,31.404585138352655,8.771929768297634,31.404585138352655,34.64155174697746,84.5262035490651,34.64155174697746,84.5262035490651
4.425043235279123,2.1842131740811035,4.425043235279123,2.1842131740811035,0.8777194289960824,2.7353605970766255,0.8777194289960824,2.7353605970766255,6.9458265173632325,4.5357361730771295,6.9458265173632325,4.5357361730771295,11.305960257829787,1.84638710324755,11.305960257829787,1.84638710324755,4.425043235279123,2.1842131740811035,4.425043235279123,2.1842131740811035,0.8777194289960824,2.7353605970766255,0.8777194289960824,2.7353605970766255,0.5856478733627238,0.5932327523132457,0.5856478733627238,0.5932327523132457,0.42938622237769725,0.4184451000275003,0.42938622237769725,0.4184451000275003,2.0984907954773724,0.9585687889964409,2.0984907954773724,0.9585687889964409,4.719497295034067,23.789811126623196,4.719497295034067,23.789811126623196,0.4818501158176844,0.08878426771193995,0.4818501158176844,0.08878426771193995,1.9329394557939554,0.3984116214160345,1.9329394557939554,0.3984116214160345,0.12968821395552182,2.3927832957932273,0.12968821395552182,2.3927832957932273,5.929007827563616,2.148408125540785,5.929007827563616,2.148408125540785,1.6409647358278203,0.5257489546949559,1.6409647358278203,0.5257489546949559,12.170364971607409,4.355390299930901,12.170364971607409,4.355390299930901,0.1565790362289924,1.8360501676279146,0.1565790362289924,1.8360501676279146,4.588173255533298,3.848594110798824,4.588173255533298,3.848594110798824
11.405829036224521,2.879191988132832,11.405829036224521,2.879191988132832,10.211053035789714,12.63797047562274,10.211053035789714,12.63797047562274,12.441794711379869,5.440999597171684,12.441794711379869,5.440999597171684,3.486495890651785,35.38890540926227,3.486495890651785,35.38890540926227,11.405829036224521,2.879191988132832,11.405829036224521,2.879191988132832,10.211053035789714,12.63797047562274,10.211053035789714,12.63797047562274,3.281010746367175,0.20488230879936778,3.281010746367175,0.20488230879936778,5.616296609061065,4.494264014937924,5.616296609061065,4.494264014937924,7.076014264128259,0.895101198010002,7.076014264128259,0.895101198010002,50.482030451545576,15.083956799788647,50.482030451545576,15.083956799788647,5.36789653087194,0.9871214754953644,5.36789653087194,0.9871214754953644,6.551151037692533,27.570710541757062,6.551151037692533,27.570710541757062,9.182285955950164,0.47111533236015257,9.182285955950164,0.47111533236015257,45.3783228007317,8.854623435634915,45.3783228007317,8.854623435634915,4.045271079610172,10.858730930927427,4.045271079610172,10.858730930927427,5.193141791556414,65.27900732851496,5.193141791556414,65.27900732851496,3.07737479929317,4.551051838026792,3.07737479929317,4.551051838026792,36.32806200773879,13.48303829635367,36.32806200773879,13.48303829635367
13.060978863886316,12.06395185288635,13.060978863886316,12.06395185288635,8.864952168537739,5.466396849555865,8.864952168537739,5.466396849555865,13.74621185195077,5.24072661085041,13.74621185195077,5.24072661085041,6.1415955001382985,8.219096255709326,6.1415955001382985,8.219096255709326,13.060978863886316,12.06395185288635,13.060978863886316,12.06395185288635,8.864952168537739,5.466396849555865,8.864952168537739,5.466396849555865,2.2322411175986954,3.020084685599754,2.2322411175986954,3.020084685599754,3.6370336743231584,3.143224297988004,3.6370336743231584,3.143224297988004,2.412993458058264,0.4133292726095239,2.412993458058264,0.4133292726095239,15.856746259375038,4.576430920573249,15.856746259375038,4.576430920573249,6.03859379422357,3.3008324494724923,6.03859379422357,3.3008324494724923,6.15449670595134,2.6279496990926563,6.15449670595134,2.6279496990926563,0.3531188406488998,1.0929272525481402,0.3531188406488998,1.0929272525481402,14.217866452478308,28.047163485980555,14.217866452478308,28.047163485980555,0.7211630707529242,1.955591151299762,0.7211630707529242,1.955591151299762,0.9142798576937506,21.046027276536293,0.9142798576937506,21.046027276536293,4.4568422380029205,8.19370103211358,4.4568422380029205,8.19370103211358,11.214573750226249,22.859725188971577,11.214573750226249,22.859725188971577
7.420426772823428,4.255674527292018,7.420426772823428,4.255674527292018,16.866277000322235,14.919424141919398,16.866277000322235,14.919424141919398,7.9379018446837675,3.2800305776112166,7.9379018446837675,3.2800305776112166,6.99020162174007,16.540776991163572,6.99020162174007,16.540776991163572,7.420426772823428,4.255674527292018,7.420426772823428,4.255674527292018,16.866277000322235,14.919424141919398,16.866277000322235,14.919424141919398,3.814159211037398,0.39749241151369313,3.814159211037398,0.39749241151369313,23.754221818196037,5.860037165354788,23.754221818196037,5.860037165354788,5.077921110907949,0.44298201609036897,5.077921110907949,0.44298201609036897,11.806647520906214,3.7939564278433986,11.806647520906214,3.7939564278433986,2.700726547457328,0.32411635853169607,2.700726547457328,0.32411635853169607,21.27391915635803,24.59370464151369,21.27391915635803,24.59370464151369,8.078935686075344,1.1325330314092512,8.078935686075344,1.1325330314092512,6.732763839440669,0.2064892901493788,6.732763839440669,0.2064892901493788,3.4885137322536566,13.716253738550453,3.4885137322536566,13.716253738550453,13.039221562205139,47.33466182956371,13.039221562205139,47.33466182956371,1.3168815114784649,15.934652927278043,1.3168815114784649,15.934652927278043,15.179852251939327,29.82071972690494,15.179852251939327,29.82071972690494
5.251267815046329,3.9716578615223783,5.251267815046329,3.9716578615223783,6.600560023508999,5.408488838428687,6.600560023508999,5.408488838428687,6.260397288703866,2.9999878025501268,6.260397288703866,2.9999878025501268,11.254778223584292,14.231437899429372,11.254778223584292,14.231437899429372,5.251267815046329,3.9716578615223783,5.251267815046329,3.9716578615223783,6.600560023508999,5.408488838428687,6.600560023508999,5.408488838428687,0.2526677041740028,0.7722404194185233,0.2526677041740028,0.7722404194185233,1.5911670120672774,0.6988389488197873,1.5911670120672774,0.6988389488197873,0.7954289589864041,0.6188622555709363,0.7954289589864041,0.6188622555709363,4.529218902737582,1.029451036576768,4.529218902737582,1.029451036576768,0.4434187573540047,0.9364828270196865,0.4434187573540047,0.9364828270196865,0.8373202045524545,5.779455784857076,0.8373202045524545,5.779455784857076,0.11091936877073956,0.9378950107214304,0.11091936877073956,0.9378950107214304,2.032413767527484,3.9083206888855386,2.032413767527484,3.9083206888855386,0.7578422905500278,0.5291462747136013,0.7578422905500278,0.5291462747136013,13.815908072660509,32.59606875672009,13.815908072660509,32.59606875672009,1.8409619484124664,1.0721467285881603,1.8409619484124664,1.0721467285881603,13.964925717297367,6.968231053480432,13.964925717297367,6.968231053480432
13.067838682576369,12.31002978975368,13.067838682576369,12.31002978975368,5.471693939358484,8.199411526652847,5.471693939358484,8.199411526652847,13.583080571897744,7.91635272416828,13.583080571897744,7.91635272416828,4.398810155191922,10.166893886457691,4.398810155191922,10.166893886457691,13.067838682576369,12.31002978975368,13.067838682576369,12.31002978975368,5.471693939358484,8.199411526652847,5.471693939358484,8.199411526652847,1.5342769120390964,1.5008328676892178,1.5342769120390964,1.5008328676892178,6.567463907276976,0.8878817596682584,6.567463907276976,0.8878817596682584,1.1993330943511031,1.1111247936350568,1.1993330943511031,1.1111247936350568,1.0238864156435334,1.618842555894004,1.0238864156435334,1.618842555894004,1.338804191529166,1.2411901080674954,1.338804191529166,1.2411901080674954,1.2984156713711308,3.309392682158181,1.2984156713711308,3.309392682158181,2.065515963597911,2.1823028961865085,2.065515963597911,2.1823028961865085,0.9446383911433098,3.001149301043964,0.9446383911433098,3.001149301043964,1.7605764688643633,4.767785171660084,1.7605764688643633,4.767785171660084,13.89427042860061,1.5706282325415561,13.89427042860061,1.5706282325415561,0.7529907451152933,5.1501859830195595,0.7529907451152933,5.1501859830195595,4.242413513904942,11.999838381999824,4.242413513904942,11.999838381999824
245.74166934116178,381.4919657097211,245.74166934116178,381.4919657097211,324.3198033548091,605.9065013224217,324.3198033548091,605.9065013224217,343.04377556207237,189.01571653835725,343.04377556207237,189.01571653835725,582.2755683623647,212.97848703114764,582.2755683623647,212.97848703114764,245.74166934116178,381.4919657097211,245.74166934116178,381.4919657097211,324.3198033548091,605.9065013224217,324.3198033548091,605.9065013224217,277.29193679448434,426.2519724779959,277.29193679448434,426.2519724779959,214.7880331297422,317.1691163561065,214.7880331297422,317.1691163561065,307.7237012368014,451.71764174743237,307.7237012368014,451.71764174743237,224.9625380002265,296.8285966051302,224.9625380002265,296.8285966051302,282.18675095587355,405.80915630183154,282.18675095587355,405.80915630183154,200.77070128575082,573.1064790615977,200.77070128575082,573.1064790615977,237.1069944174746,341.2784418251076,237.1069944174746,341.2784418251076,537.6663593353068,183.38661532423535,537.6663593353068,183.38661532423535,498.0217484369959,460.79281556071993,498.0217484369959,460.79281556071993,486.9893156791308,716.4594225900398,486.9893156791308,716.4594225900398,295.81248609398517,393.57220706361556,295.81248609398517,393.57220706361556,484.97154947844257,441.4102471594507,484.97154947844257,441.4102471594507
5137.990022639161,4191.557180622209,5137.990022639161,4191.557180622209,3816.7518282157034,4000.4094664630725,3816.7518282157034,4000.4094664630725,6166.15257779197,4303.112673067238,6166.15257779197,4303.112673067238,3926.658542924965,4089.942381531143,3926.658542924965,4089.942381531143,5137.990022639161,4191.557180622209,5137.990022639161,4191.557180622209,3816.7518282157034,4000.4094664630725,3816.7518282157034,4000.4094664630725,3472.54102195993,3556.9171598294674,3472.54102195993,3556.9171598294674,4945.952250206985,3690.478178108454,4945.952250206985,3690.478178108454,4373.947805817047,2683.0493935782843,4373.947805817047,2683.0493935782843,3634.532785806965,3617.48000992052,3634.532785806965,3617.48000992052,3737.7905774330657,3491.2295121130855,3737.7905774330657,3491.2295121130855,4734.655605965473,2898.9838680696953,4734.655605965473,2898.9838680696953,3055.465637022515,3269.5621409514633,3055.465637022515,3269.5621409514633,3493.8328237175397,2621.0069691381723,3493.8328237175397,2621.0069691381723,4546.416857304627,3420.4472225160794,4546.416857304627,3420.4472225160794,4680.120880963177,3513.0518397344913,4680.120880963177,3513.0518397344913,3884.4287654871814,3337.84295732352,3884.4287654871814,3337.84295732352,4579.5380041052185,2812.3355297099743,4579.5380041052185,2812.3355297099743
717.3159227978243,716.9528080776576,717.3159227978243,716.9528080776576,643.0574156911597,684.0096741783153,643.0574156911597,684.0096741783153,570.122881650277,687.1251803105981,570.122881650277,687.1251803105981,574.4468392181124,1054.0741727496402,574.4468392181124,1054.0741727496402,717.3159227978243,716.9528080776576,717.3159227978243,716.9528080776576,643.0574156911597,684.0096741783153,643.0574156911597,684.0096741783153,879.2898087438965,628.3362442121587,879.2898087438965,628.3362442121587,945.0801906840657,1967.4536062138143,945.0801906840657,1967.4536062138143,1196.3507366376712,624.315967423935,1196.3507366376712,624.315967423935,921.9374695181779,2290.54406290512,921.9374695181779,2290.54406290512,804.7665680664539,817.8638867231288,804.7665680664539,817.8638867231288,1299.9865644944668,1320.2155942201612,1299.9865644944668,1320.2155942201612,1125.6632084866824,947.1240099532897,1125.6632084866824,947.1240099532897,838.2392444180484,905.3637128972701,838.2392444180484,905.3637128972701,1305.992870286045,1354.2457565392249,1305.992870286045,1354.2457565392249,2145.0997810541794,1173.0732879631094,2145.0997810541794,1173.0732879631094,1262.494493165712,1009.6397023056832,1262.494493165712,1009.6397023056832,1354.9670800033712,1349.9480678684886,1354.9670800033712,1349.9480678684886
6983.643893454704,8226.890750128865,6983.643893454704,8226.890750128865,6295.637752810944,8054.990262794506,6295.637752810944,8054.990262794506,7205.47689303656,7322.999915370895,7205.47689303656,7322.999915370895,7751.183390843879,6470.411583530824,7751.183390843879,6470.411583530824,6983.643893454704,8226.890750128865,6983.643893454704,8226.890750128865,6295.637752810944,8054.990262794506,6295.637752810944,8054.990262794506,6409.375233291155,6885.2163472328375,6409.375233291155,6885.2163472328375,6118.526624260024,6033.401315071062,6118.526624260024,6033.401315071062,6426.8038354054315,6944.931690244346,6426.8038354054315,6944.931690244346,6500.6077772958215,5646.540943266687,6500.6077772958215,5646.540943266687,6081.246129590993,7477.1113483259305,6081.246129590993,7477.1113483259305,6071.81723901825,5538.272095337542,6071.81723901825,5538.272095337542,6048.835309290756,7603.176042950121,6048.835309290756,7603.176042950121,5591.515703135511,7818.262345794189,5591.515703135511,7818.262345794189,5891.569750508677,6858.1254742917035,5891.569750508677,6858.1254742917035,5286.896958295218,5947.619682096631,5286.896958295218,5947.619682096631,6785.856044088971,7486.607926064891,6785.856044088971,7486.607926064891,5588.949936032363,6607.758927081539,5588.949936032363,6607.758927081539
14353.362130200303,18055.664541759535,14353.362130200303,18055.664541759535,9846.81073659039,20312.945780464444,9846.81073659039,20312.945780464444,12613.856000660251,20799.793458255626,12613.856000660251,20799.793458255626,9518.496754183707,15937.292201385424,9518.496754183707,15937.292201385424,14353.362130200303,18055.664541759535,14353.362130200303,18055.664541759535,9846.81073659039,20312.945780464444,9846.81073659039,20312.945780464444,11837.488700263506,12990.912630956984,11837.488700263506,12990.912630956984,9506.055222820232,9723.78199791213,9506.055222820232,9723.78199791213,10862.744621030626,10830.726350573948,10862.744621030626,10830.726350573948,9587.687054131024,8533.758051643908,9587.687054131024,8533.758051643908,11146.81788547734,9061.463331789097,11146.81788547734,9061.463331789097,7854.368427088156,8984.69274937066,7854.368427088156,8984.69274937066,7600.799564976794,5562.797261705148,7600.799564976794,5562.797261705148,7923.700817911634,6289.998914966708,7923.700817911634,6289.998914966708,4890.473695999047,4607.587088499263,4890.473695999047,4607.587088499263,4632.426728457778,3675.20049434665,4632.426728457778,3675.20049434665,6223.938707380735,3564.1560720755583,6223.938707380735,3564.1560720755583,4849.078112735113,6214.710625237649,4849.078112735113,6214.710625237649
2420.1368302006927,2007.5116799150946,2420.1368302006927,2007.5116799150946,2414.8320794188594,1990.875180075911,2414.8320794188594,1990.875180075911,2935.4108667594483,2388.3012281234014,2935.4108667594483,2388.3012281234014,2342.721961322753,1757.4156681913805,2342.721961322753,1757.4156681913805,2420.1368302006927,2007.5116799150946,2420.1368302006927,2007.5116799150946,2414.8320794188594,1990.875180075911,2414.8320794188594,1990.875180075911,1975.7957402085644,2178.709796950014,1975.7957402085644,2178.709796950014,2036.1097446610315,1795.2773164494608,2036.1097446610315,1795.2773164494608,2001.3527059522255,1846.7605759710707,2001.3527059522255,1846.7605759710707,2395.247548450422,2232.466134516046,2395.247548450422,2232.466134516046,1922.998971577083,2092.038502039592,1922.998971577083,2092.038502039592,2067.7989978140904,2113.419621636794,2067.7989978140904,2113.419621636794,2062.7677056475836,2130.5763750344972,2062.7677056475836,2130.5763750344972,1631.5759524619505,2499.4991341678106,1631.5759524619505,2499.4991341678106,2075.6442129423317,1789.613917980919,2075.6442129423317,1789.613917980919,2186.465160799577,1844.0259839408693,2186.465160799577,1844.0259839408693,1918.1472824734158,2189.088196772482,1918.1472824734158,2189.088196772482,2525.3469375375726,1998.2728583726043,2525.3469375375726,1998.2728583726043
5770.126396585756,7230.69136889324,5770.126396585756,7230.69136889324,6231.6219233594875,7690.971801309241,6231.6219233594875,7690.971801309241,5373.960616043218,7890.331260548248,5373.960616043218,7890.331260548248,4393.728318895858,7584.989704069595,4393.728318895858,7584.989704069595,5770.126396585756,7230.69136889324,5770.126396585756,7230.69136889324,6231.6219233594875,7690.971801309241,6231.6219233594875,7690.971801309241,4875.373068217008,3208.742966768927,4875.373068217008,3208.742966768927,5854.95383833893,2239.7653932013027,5854.95383833893,2239.7653932013027,5847.604917209775,3929.337773731539,5847.604917209775,3929.337773731539,5051.112264381816,2416.234446625606,5051.112264381816,2416.234446625606,4886.376961898075,3249.5716778932538,4886.376961898075,3249.5716778932538,6948.6743513631445,3169.498319594738,6948.6743513631445,3169.498319594738,4589.542401900364,3121.606430804512,4589.542401900364,3121.606430804512,4722.40671273337,4062.700218976307,4722.40671273337,4062.700218976307,3228.9633071016005,2775.40362261184,3228.9633071016005,2775.40362261184,3491.0822919305474,2770.912683395782,3491.0822919305474,2770.912683395782,4306.56019510902,2755.4596047146847,4306.56019510902,2755.4596047146847,4056.485141150459,3370.5133919743894,4056.485141150459,3370.5133919743894
2473.655024622071,3403.296561424046,2473.655024622071,3403.296561424046,2226.346118823362,2369.126235727356,2226.346118823362,2369.126235727356,2590.3062528942573,2727.294526933551,2590.3062528942573,2727.294526933551,2264.2566620211237,1948.152236806264,2264.2566620211237,1948.152236806264,2473.655024622071,3403.296561424046,2473.655024622071,3403.296561424046,2226.346118823362,2369.126235727356,2226.346118823362,2369.126235727356,2586.025096370381,2106.7439922449917,2586.025096370381,2106.7439922449917,2868.466943651671,2720.5674648476706,2868.466943651671,2720.5674648476706,2473.2301093542023,2406.0299541236704,2473.2301093542023,2406.0299541236704,3027.247162515631,2392.849118845204,3027.247162515631,2392.849118845204,3106.336306441836,2309.465692787541,3106.336306441836,2309.465692787541,2629.428855517453,2147.4520447553864,2629.428855517453,2147.4520447553864,2915.828909001436,2358.989398050738,2915.828909001436,2358.989398050738,3271.3269319337373,2710.561355359685,3271.3269319337373,2710.561355359685,1825.2586345621098,1705.940837047869,1825.2586345621098,1705.940837047869,2197.1525373501145,2912.050375086982,2197.1525373501145,2912.050375086982,2728.916218511462,2140.895000024423,2728.916218511462,2140.895000024423,3574.25741877751,2636.9331262834207,3574.25741877751,2636.9331262834207
8532.392445136002,7180.959712562389,8532.392445136002,7180.959712562389,7242.034678959205,9487.570863487583,7242.034678959205,9487.570863487583,7649.851538702577,6507.679158325284,7649.851538702577,6507.679158325284,7014.8968915037285,5078.365023437798,7014.8968915037285,5078.365023437798,8532.392445136002,7180.959712562389,8532.392445136002,7180.959712562389,7242.034678959205,9487.570863487583,7242.034678959205,9487.570863487583,5837.138467819646,3302.260389418133,5837.138467819646,3302.260389418133,6617.183772466561,6933.67782484035,6617.183772466561,6933.67782484035,4271.219297645313,3033.562312855543,4271.219297645313,3033.562312855543,4709.773448599559,4488.434367337972,4709.773448599559,4488.434367337972,6379.52661733474,3033.0725172427888,6379.52661733474,3033.0725172427888,5687.1879802576,4204.396837482062,5687.1879802576,4204.396837482062,4951.963727505433,6165.57889371221,4951.963727505433,6165.57889371221,3421.732426191578,3508.102356620312,3421.732426191578,3508.102356620312,3546.942274692311,3377.7317504669777,3546.942274692311,3377.7317504669777,4773.911617913399,3858.6893116351166,4773.911617913399,3858.6893116351166,4677.844386820757,4010.5797229249806,4677.844386820757,4010.5797229249806,3459.5357529847447,3052.808880407392,3459.5357529847447,3052.808880407392
2454.7422108043434,2611.404713585481,2454.7422108043434,2611.404713585481,2510.8894821603317,3065.1688645935296,2510.8894821603317,3065.1688645935296,2427.871855746594,2634.761054025799,2427.871855746594,2634.761054025799,2909.0703766736233,2768.4802599033596,2909.0703766736233,2768.4802599033596,2454.7422108043434,2611.404713585481,2454.7422108043434,2611.404713585481,2510.8894821603317,3065.1688645935296,2510.8894821603317,3065.1688645935296,2793.988384004636,2381.181023817062,2793.988384004636,2381.181023817062,2839.01412882949,3213.0694799898297,2839.01412882949,3213.0694799898297,2615.426986772105,2624.4627949218207,2615.426986772105,2624.4627949218207,2742.2993271156047,2521.301550016601,2742.2993271156047,2521.301550016601,2963.6971697659465,2440.7534053280137,2963.6971697659465,2440.7534053280137,2989.829701926278,2567.6730805655343,2989.829701926278,2567.6730805655343,2420.7328500421304,2164.236315647072,2420.7328500421304,2164.236315647072,2339.6481036636274,2232.852719552436,2339.6481036636274,2232.852719552436,2129.8967779035183,2612.6237210505665,2129.8967779035183,2612.6237210505665,2474.5841153441497,2634.8275074863086,2474.5841153441497,2634.8275074863086,2254.5787045292336,2449.9646019274337,2254.5787045292336,2449.9646019274337,2153.582390689423,2291.7132565059837,2153.582390689423,2291.7132565059837
4833.660163414635,5802.621344762882,4833.660163414635,5802.621344762882,5869.037856501672,5648.8516856957785,5869.037856501672,5648.8516856957785,4930.593319961897,6066.851736014329,4930.593319961897,6066.851736014329,4493.508493828657,5989.753922937609,4493.508493828657,5989.753922937609,4833.660163414635,5802.621344762882,4833.660163414635,5802.621344762882,5869.037856501672,5648.8516856957785,5869.037856501672,5648.8516856957785,6940.969266278964,6475.763672156067,6940.969266278964,6475.763672156067,6636.52884343122,6725.423423733803,6636.52884343122,6725.423423733803,5360.05993370953,5640.850746366694,5360.05993370953,5640.850746366694,6357.480380236761,5858.867457994557,6357.480380236761,5858.867457994557,7108.315784071014,5679.954854928704,7108.315784071014,5679.954854928704,4732.169598370602,6179.452819885603,4732.169598370602,6179.452819885603,7964.609104041233,5361.3547943551885,7964.609104041233,5361.3547943551885,8194.256722339662,4641.544243450047,8194.256722339662,4641.544243450047,5898.011898899989,4813.419335925889,5898.011898899989,4813.419335925889,7141.124851916469,5352.216608555517,7141.124851916469,5352.216608555517,5565.192817268894,6010.962551139495,5565.192817268894,6010.962551139495,7437.700394094335,5816.5813770477025,7437.700394094335,5816.5813770477025
3112.2386092684274,4798.533000492973,3112.2386092684274,4798.533000492973,3699.703500001694,5389.103651068754,3699.703500001694,5389.103651068754,3402.4561637344254,4666.148126079022,3402.4561637344254,4666.148126079022,3338.4398302753984,4901.300939925828,3338.4398302753984,4901.300939925828,3112.2386092684274,4798.533000492973,3112.2386092684274,4798.533000492973,3699.703500001694,5389.103651068754,3699.703500001694,5389.103651068754,3934.5437423828075,4117.637851098913,3934.5437423828075,4117.637851098913,3682.0785435380744,2505.6977311627984,3682.0785435380744,2505.6977311627984,4391.549366272977,2739.5112995931327,4391.549366272977,2739.5112995931327,4547.786785658446,4203.352053203852,4547.786785658446,4203.352053203852,3397.428162132462,3810.814782503435,3397.428162132462,3810.814782503435,4277.975995913155,3101.2847735139367,4277.975995913155,3101.2847735139367,4938.653248797483,2862.013726935517,4938.653248797483,2862.013726935517,4196.023683346336,2650.2613914108983,4196.023683346336,2650.2613914108983,3738.301028720722,3419.730653212344,3738.301028720722,3419.730653212344,4264.966496397658,2965.8126803792147,4264.966496397658,2965.8126803792147,3534.0509334752064,2944.626064836287,3534.0509334752064,2944.626064836287,3267.4513005693325,3827.0137843124458,3267.4513005693325,3827.0137843124458
3320.7064742189364,2079.6260779444938,3320.7064742189364,2079.6260779444938,3073.534509296459,1756.3862970307925,3073.534509296459,1756.3862970307925,3435.6534239839975,1919.915713373522,3435.6534239839975,1919.915713373522,2591.317525757079,1919.9616731946192,2591.317525757079,1919.9616731946192,3320.7064742189364,2079.6260779444938,3320.7064742189364,2079.6260779444938,3073.534509296459,1756.3862970307925,3073.534509296459,1756.3862970307925,2912.997178842626,2404.1466080852783,2912.997178842626,2404.1466080852783,1902.8090062875458,3499.8122322450477,1902.8090062875458,3499.8122322450477,2163.7862816406973,2349.0981664323813,2163.7862816406973,2349.0981664323813,3230.8585041985625,1176.5786886618334,3230.8585041985625,1176.5786886618334,2779.170643834026,2183.160753402246,2779.170643834026,2183.160753402246,2738.2038651895546,2062.799898509019,2738.2038651895546,2062.799898509019,2401.577738288035,1514.4639974724143,2401.577738288035,1514.4639974724143,870.1641252999977,2244.560271122708,870.1641252999977,2244.560271122708,3307.7422620612706,1945.7188350828144,3307.7422620612706,1945.7188350828144,2991.3331820197864,1773.1045761468708,2991.3331820197864,1773.1045761468708,2835.91040154291,1985.6829022636252,2835.91040154291,1985.6829022636252,1842.528425375367,2536.265229524622,1842.528425375367,2536.265229524622
14602.436030108956,10486.415068560245,14602.436030108956,10486.415068560245,12329.440763785513,10001.695380219167,12329.440763785513,10001.695380219167,14598.508588807746,18216.49054222398,14598.508588807746,18216.49054222398,10964.456388827439,6175.537988070753,10964.456388827439,6175.537988070753,14602.436030108956,10486.415068560245,14602.436030108956,10486.415068560245,12329.440763785513,10001.695380219167,12329.440763785513,10001.695380219167,4093.7149823180653,5106.74370287718,4093.7149823180653,5106.74370287718,3690.2296195282324,3018.654468850748,3690.2296195282324,3018.654468850748,4869.575336773769,3572.0727231177107,4869.575336773769,3572.0727231177107,2629.537057352648,4185.228819815138,2629.537057352648,4185.228819815138,4555.636876890982,4516.37439768305,4555.636876890982,4516.37439768305,3002.5025763462404,2918.5504783521656,3002.5025763462404,2918.5504783521656,3054.8551506307076,1631.7227918638885,3054.8551506307076,1631.7227918638885,2167.690432165816,1017.1998801505043,2167.690432165816,1017.1998801505043,2211.760377286128,2579.791564650739,2211.760377286128,2579.791564650739,1968.0661219199249,2119.3973175033893,1968.0661219199249,2119.3973175033893,1878.5837232793385,1415.9211231019265,1878.5837232793385,1415.9211231019265,1962.3931434118028,1561.112316996522,1962.3931434118028,1561.112316996522
2125.4452775201744,1766.726150761755,2125.4452775201744,1766.726150761755,1898.7631596944898,2373.250611891668,1898.7631596944898,2373.250611891668,1680.7259029570373,2129.5266111129104,1680.7259029570373,2129.5266111129104,2185.410670128021,2399.337395794318,2185.410670128021,2399.337395794318,2125.4452775201744,1766.726150761755,2125.4452775201744,1766.726150761755,1898.7631596944898,2373.250611891668,1898.7631596944898,2373.250611891668,2341.9574492203133,2702.4056631365625,2341.9574492203133,2702.4056631365625,2017.3798087143482,3251.2972718069404,2017.3798087143482,3251.2972718069404,2245.2415250274285,2656.8074906149845,2245.2415250274285,2656.8074906149845,2096.765271207464,2376.600437700011,2096.765271207464,2376.600437700011,2371.348894506419,2796.7042836452024,2371.348894506419,2796.7042836452024,1885.8248223902851,3234.267311430976,1885.8248223902851,3234.267311430976,2228.521814637291,2857.1395605456282,2228.521814637291,2857.1395605456282,2613.1496787515857,3833.8515541863844,2613.1496787515857,3833.8515541863844,2112.811422678683,2940.1937621370776,2112.811422678683,2940.1937621370776,2250.668640239549,2659.909600610999,2250.668640239549,2659.909600610999,2285.2805545451765,2802.5420925495923,2285.2805545451765,2802.5420925495923,2026.9490701337495,3304.2238636819734,2026.9490701337495,3304.2238636819734
6218.721372537368,7026.246926753185,6218.721372537368,7026.246926753185,5069.377097685659,6014.81260187251,5069.377097685659,6014.81260187251,6877.414194271724,7099.132981506812,6877.414194271724,7099.132981506812,4792.660029910154,6693.893752575231,4792.660029910154,6693.893752575231,6218.721372537368,7026.246926753185,6218.721372537368,7026.246926753185,5069.377097685659,6014.81260187251,5069.377097685659,6014.81260187251,5350.451081199467,5065.54008658081,5350.451081199467,5065.54008658081,6557.883699922607,4882.15076440491,6557.883699922607,4882.15076440491,5474.371284788453,6173.326779964856,5474.371284788453,6173.326779964856,5688.250294744962,4676.75640774008,5688.250294744962,4676.75640774008,5286.923990494694,5573.2063002921495,5286.923990494694,5573.2063002921495,3883.3527623978157,4164.2967594695265,3883.3527623978157,4164.2967594695265,4458.1856432301465,4621.3222497607085,4458.1856432301465,4621.3222497607085,4833.332887621568,3372.601578032744,4833.332887621568,3372.601578032744,5172.970196279516,5552.855032207728,5172.970196279516,5552.855032207728,4776.630484364565,4184.735770397827,4776.630484364565,4184.735770397827,4622.6448536378675,4631.378275726742,4622.6448536378675,4631.378275726742,4802.840319131196,5869.862557933789,4802.840319131196,5869.862557933789
4800.106673864526,4773.257972785593,4800.106673864526,4773.257972785593,5777.334920887146,4901.7645093133815,5777.334920887146,4901.7645093133815,4188.71698037355,5098.864678304648,4188.71698037355,5098.864678304648,6646.15375006375,5110.880265205164,6646.15375006375,5110.880265205164,4800.106673864526,4773.257972785593,4800.106673864526,4773.257972785593,5777.334920887146,4901.7645093133815,5777.334920887146,4901.7645093133815,4047.933701104101,5242.846341086824,4047.933701104101,5242.846341086824,4836.079364937103,5023.73319641212,4836.079364937103,5023.73319641212,4735.963983343031,5119.274648454679,4735.963983343031,5119.274648454679,4110.5404093306415,5268.120966309916,4110.5404093306415,5268.120966309916,4334.613070234469,4585.930474315711,4334.613070234469,4585.930474315711,5142.495818794017,5551.315937055463,5142.495818794017,5551.315937055463,5218.69510344861,5097.263438880818,5218.69510344861,5097.263438880818,4122.618942784647,5010.131775145417,4122.618942784647,5010.131775145417,4407.873526587219,5154.9880152125315,4407.873526587219,5154.9880152125315,4270.6150154718625,4649.786844585675,4270.6150154718625,4649.786844585675,4843.547706116811,5039.5531204871195,4843.547706116811,5039.5531204871195,4398.728576394065,5738.179227452088,4398.728576394065,5738.179227452088
20674.21491740749,20558.485512840387,20674.21491740749,20558.485512840387,25865.467217114518,23184.758608699445,25865.467217114518,23184.758608699445,21341.382352473163,20127.60078521163,21341.382352473163,20127.60078521163,23753.583892992254,23011.24190779027,23753.583892992254,23011.24190779027,20674.21491740749,20558.485512840387,20674.21491740749,20558.485512840387,25865.467217114518,23184.758608699445,25865.467217114518,23184.758608699445,21124.528268966747,21892.101073992064,21124.528268966747,21892.101073992064,19882.887876788773,20961.105893211872,19882.887876788773,20961.105893211872,20722.385647602896,25506.296346527142,20722.385647602896,25506.296346527142,18788.546306085325,20825.003171248874,18788.546306085325,20825.003171248874,20808.65449819318,22158.449589083633,20808.65449819318,22158.449589083633,19964.50359044907,20573.027748879416,19964.50359044907,20573.027748879416,18481.795695257057,19030.499090804224,18481.795695257057,19030.499090804224,16736.315418164293,18209.410563046866,16736.315418164293,18209.410563046866,21015.830861571656,21358.532748584683,21015.830861571656,21358.532748584683,23380.621105769827,27624.104013836266,23380.621105769827,27624.104013836266,21984.469767064184,22929.773286610147,21984.469767064184,22929.773286610147,18829.890206137352,21238.784352881903,18829.890206137352,21238.784352881903
4863.131290230418,4029.532482430923,4863.131290230418,4029.532482430923,3911.916445065071,3619.286721324476,3911.916445065071,3619.286721324476,4640.492393401395,4073.1791179134393,4640.492393401395,4073.1791179134393,3946.1858642259294,4066.5424192660535,3946.1858642259294,4066.5424192660535,4863.131290230418,4029.532482430923,4863.131290230418,4029.532482430923,3911.916445065071,3619.286721324476,3911.916445065071,3619.286721324476,3679.30137456322,3134.1593333580263,3679.30137456322,3134.1593333580263,3964.4042590360236,3456.104818646711,3964.4042590360236,3456.104818646711,3920.052034777297,3122.8494432548173,3920.052034777297,3122.8494432548173,3423.6098163908764,2733.9824644893997,3423.6098163908764,2733.9824644893997,3543.6021755510474,3338.90733336087,3543.6021755510474,3338.90733336087,3784.5125485657386,3841.7022639689144,3784.5125485657386,3841.7022639689144,4458.170972367409,3364.205065900514,4458.170972367409,3364.205065900514,4253.6777562856605,4022.5283947749967,4253.6777562856605,4022.5283947749967,3881.4945329243346,3055.958283911772,3881.4945329243346,3055.958283911772,4162.7824319770025,2891.5497721426677,4162.7824319770025,2891.5497721426677,3788.143241756066,2752.1369147235673,3788.143241756066,2752.1369147235673,5306.238533733075,3717.1715182484795,5306.238533733075,3717.1715182484795
4505.919716269242,3782.364954606415,4505.919716269242,3782.364954606415,5528.170794163534,4271.423145848647,5528.170794163534,4271.423145848647,4554.129232894525,3853.456582450997,4554.129232894525,3853.456582450997,5720.206068345202,4050.6329854400615,5720.206068345202,4050.6329854400615,4505.919716269242,3782.364954606415,4505.919716269242,3782.364954606415,5528.170794163534,4271.423145848647,5528.170794163534,4271.423145848647,3994.1175963390438,3557.9900036697,3994.1175963390438,3557.9900036697,4050.2604061969614,4010.41598342609,4050.2604061969614,4010.41598342609,3723.386291239132,3279.5940607961834,3723.386291239132,3279.5940607961834,4298.416892893013,3173.061854484074,4298.416892893013,3173.061854484074,3930.8799573447773,3708.626037762485,3930.8799573447773,3708.626037762485,3814.63947516445,3363.3783606567736,3814.63947516445,3363.3783606567736,3511.2731945097253,3663.917146074792,3511.2731945097253,3663.917146074792,3942.6352052092407,3296.2125716401683,3942.6352052092407,3296.2125716401683,4200.814509118878,3073.531685479793,4200.814509118878,3073.531685479793,2877.8224254695756,3038.0817430928864,2877.8224254695756,3038.0817430928864,3841.1866191720546,3686.0186317027933,3841.1866191720546,3686.0186317027933,3896.6432485205696,3011.5039155864156,3896.6432485205696,3011.5039155864156
6840.340946752514,6530.612904036023,6840.340946752514,6530.612904036023,6775.213315495907,5772.039731616533,6775.213315495907,5772.039731616533,6936.377417184498,6647.139747992361,6936.377417184498,6647.139747992361,6365.044443909476,6840.071620837019,6365.044443909476,6840.071620837019,6840.340946752514,6530.612904036023,6840.340946752514,6530.612904036023,6775.213315495907,5772.039731616533,6775.213315495907,5772.039731616533,3868.5585007397844,4481.1887437658015,3868.5585007397844,4481.1887437658015,3629.3103716685696,3385.4974109636855,3629.3103716685696,3385.4974109636855,4319.563301477628,4943.293981814229,4319.563301477628,4943.293981814229,4890.763616455116,4577.33280878944,4890.763616455116,4577.33280878944,4568.473226176026,5048.769467309265,4568.473226176026,5048.769467309265,4479.903100084922,4801.09082281912,4479.903100084922,4801.09082281912,4048.9571261720557,4369.384752256405,4048.9571261720557,4369.384752256405,3376.3761628752304,4319.198285549394,3376.3761628752304,4319.198285549394,4425.179150418761,4842.65475295916,4425.179150418761,4842.65475295916,3435.468622309491,4203.544880813292,3435.468622309491,4203.544880813292,3757.8740107266262,3585.8773990346117,3757.8740107266262,3585.8773990346117,4113.146765902124,3204.1469744636806,4113.146765902124,3204.1469744636806
5204.238588903866,5149.968314690263,5204.238588903866,5149.968314690263,3946.2494366175915,4719.345164793647,3946.2494366175915,4719.345164793647,4662.4032554943215,4809.525428108718,4662.4032554943215,4809.525428108718,5557.042736816991,4531.457916350225,5557.042736816991,4531.457916350225,5204.238588903866,5149.968314690263,5204.238588903866,5149.968314690263,3946.2494366175915,4719.345164793647,3946.2494366175915,4719.345164793647,3867.4184346289076,4188.517060460326,3867.4184346289076,4188.517060460326,3116.841022277018,3434.9916426915865,3116.841022277018,3434.9916426915865,3204.0773900015856,3337.879126076804,3204.0773900015856,3337.879126076804,3320.5035502118335,3846.057628968251,3320.5035502118335,3846.057628968251,4130.486049014837,3573.510035760713,4130.486049014837,3573.510035760713,2780.1230248159213,3700.274383549481,2780.1230248159213,3700.274383549481,3473.6406969582176,3495.2537061972757,3473.6406969582176,3495.2537061972757,4032.7893971145772,3453.600320624787,4032.7893971145772,3453.600320624787,2968.15353352455,4014.236620756715,2968.15353352455,4014.236620756715,2668.8956205074837,4044.437973177374,2668.8956205074837,4044.437973177374,3843.8728306243916,3461.9163657065587,3843.8728306243916,3461.9163657065587,2963.226436063143,3431.2443895912447,2963.226436063143,3431.2443895912447
6462.270458919384,7139.691411248094,6462.270458919384,7139.691411248094,6419.323243550753,8253.919901449233,6419.323243550753,8253.919901449233,6627.905429087139,7065.509818999473,6627.905429087139,7065.509818999473,6057.082636929555,7699.314661020804,6057.082636929555,7699.314661020804,6462.270458919384,7139.691411248094,6462.270458919384,7139.691411248094,6419.323243550753,8253.919901449233,6419.323243550753,8253.919901449233,6855.943852068613,8033.288698622113,6855.943852068613,8033.288698622113,5431.163374046538,7455.158932683588,5431.163374046538,7455.158932683588,6329.101095366725,8319.589766544716,6329.101095366725,8319.589766544716,6375.2446891541895,5929.749022184304,6375.2446891541895,5929.749022184304,8106.381646214208,8342.089814292896,8106.381646214208,8342.089814292896,7710.48171894795,6639.255984921521,7710.48171894795,6639.255984921521,6351.258931196064,7387.138259547923,6351.258931196064,7387.138259547923,5923.478647932472,7403.316244959706,5923.478647932472,7403.316244959706,6518.057666584117,7170.140795120199,6518.057666584117,7170.140795120199,5986.34063664739,6186.940353858564,5986.34063664739,6186.940353858564,6744.072983205929,6485.853618819981,6744.072983205929,6485.853618819981,5905.381859444138,7673.407233820373,5905.381859444138,7673.407233820373
2225.6746956460843,2162.3045038152914,2225.6746956460843,2162.3045038152914,2569.7914101377955,2312.6938720948774,2569.7914101377955,2312.6938720948774,2074.4055789073236,2199.3356605825534,2074.4055789073236,2199.3356605825534,1944.4946635952094,1590.7555403366364,1944.4946635952094,1590.7555403366364,2225.6746956460843,2162.3045038152914,2225.6746956460843,2162.3045038152914,2569.7914101377955,2312.6938720948774,2569.7914101377955,2312.6938720948774,2914.211661536808,2722.5669474896654,2914.211661536808,2722.5669474896654,2775.8523800316843,2607.7424930073403,2775.8523800316843,2607.7424930073403,2451.911147542095,1692.2807768001294,2451.911147542095,1692.2807768001294,1900.4475307325577,3452.0353782659545,1900.4475307325577,3452.0353782659545,2694.9368046988766,2023.2331523797284,2694.9368046988766,2023.2331523797284,2959.360904435231,3542.8121268332534,2959.360904435231,3542.8121268332534,2899.2151756102944,4334.251919963138,2899.2151756102944,4334.251919963138,2811.897823597769,4422.177569882849,2811.897823597769,4422.177569882849,2937.7132659647705,2393.060087930783,2937.7132659647705,2393.060087930783,2221.1727300282796,3340.5374637739887,2221.1727300282796,3340.5374637739887,2956.3539325600873,4235.438143272852,2956.3539325600873,4235.438143272852,4009.6739038376377,4422.942995081938,4009.6739038376377,4422.942995081938
2081.4423347048937,1556.945794632244,2081.4423347048937,1556.945794632244,2005.9721474484156,1751.530307998222,2005.9721474484156,1751.530307998222,2323.8286873576226,1480.5528896554183,2323.8286873576226,1480.5528896554183,3410.46957317497,1737.9357665754487,3410.46957317497,1737.9357665754487,2081.4423347048937,1556.945794632244,2081.4423347048937,1556.945794632244,2005.9721474484156,1751.530307998222,2005.9721474484156,1751.530307998222,1755.1023238701248,2038.5581643868686,1755.1023238701248,2038.5581643868686,1695.8407512867996,1913.8773154422202,1695.8407512867996,1913.8773154422202,1797.0104041318789,2357.4505165558635,1797.0104041318789,2357.4505165558635,1813.197935411707,2191.05508996438,1813.197935411707,2191.05508996438,2006.071300783193,1965.3340852112203,2006.071300783193,1965.3340852112203,1571.435691401823,1940.1598823556403,1571.435691401823,1940.1598823556403,1462.0410575440524,1830.3212303289895,1462.0410575440524,1830.3212303289895,2543.3690586640078,1526.0473736221795,2543.3690586640078,1526.0473736221795,2132.650870766328,2088.6789884662467,2132.650870766328,2088.6789884662467,2448.3093951380656,2278.165075363534,2448.3093951380656,2278.165075363534,1538.9801395376787,2264.6416890568257,1538.9801395376787,2264.6416890568257,1648.9313325154012,2186.382990421618,1648.9313325154012,2186.382990421618
2159.77508527947,1756.5122472309627,2159.77508527947,1756.5122472309627,2472.5386242245227,2753.6834533176307,2472.5386242245227,2753.6834533176307,2210.8171440295546,1665.9376611800399,2210.8171440295546,1665.9376611800399,2022.2883828058125,2434.300506704127,2022.2883828058125,2434.300506704127,2159.77508527947,1756.5122472309627,2159.77508527947,1756.5122472309627,2472.5386242245227,2753.6834533176307,2472.5386242245227,2753.6834533176307,2071.5672811764666,2093.816108508309,2071.5672811764666,2093.816108508309,2433.7974639981308,1845.3672080920587,2433.7974639981308,1845.3672080920587,1649.901848105515,1816.8470245879157,1649.901848105515,1816.8470245879157,2592.148188166043,2660.3785648946177,2592.148188166043,2660.3785648946177,2183.9491571425147,2519.7636669865647,2183.9491571425147,2519.7636669865647,1861.6748470432765,2605.8866391907254,1861.6748470432765,2605.8866391907254,1944.834916156562,3278.1317259888638,1944.834916156562,3278.1317259888638,2089.137888452986,3121.9522426139692,2089.137888452986,3121.9522426139692,2119.994540969114,2166.25937967978,2119.994540969114,2166.25937967978,2405.3376232873825,2762.966498368151,2405.3376232873825,2762.966498368151,2064.0649597306688,2670.1634247024376,2064.0649597306688,2670.1634247024376,2010.0642079134636,3517.046855861961,2010.0642079134636,3517.046855861961
1304.3936402466654,1240.0464083183713,1304.3936402466654,1240.0464083183713,993.9075294229127,1278.3893106515686,993.9075294229127,1278.3893106515686,1300.8601801762013,1077.2921987930326,1300.8601801762013,1077.2921987930326,963.4377545509805,1117.6426613892972,963.4377545509805,1117.6426613892972,1304.3936402466654,1240.0464083183713,1304.3936402466654,1240.0464083183713,993.9075294229127,1278.3893106515686,993.9075294229127,1278.3893106515686,1096.1005998761436,1091.0644725054278,1096.1005998761436,1091.0644725054278,948.4525980072971,1439.4543679825758,948.4525980072971,1439.4543679825758,980.5383374283866,975.0419944681784,980.5383374283866,975.0419944681784,822.0652092310689,619.2279098912899,822.0652092310689,619.2279098912899,997.2515430559718,923.8376461860255,997.2515430559718,923.8376461860255,861.9392990571433,969.1795747926496,861.9392990571433,969.1795747926496,760.0963478022255,963.8354891476762,760.0963478022255,963.8354891476762,1154.6390318116844,1398.1910865392963,1154.6390318116844,1398.1910865392963,885.2658514441621,893.8852459874626,885.2658514441621,893.8852459874626,812.9546875241159,1357.2176648152174,812.9546875241159,1357.2176648152174,809.0660399497455,869.7132781903983,809.0660399497455,869.7132781903983,631.7670931624997,883.004215570534,631.7670931624997,883.004215570534
3059.799390802456,2737.539100953817,3059.799390802456,2737.539100953817,3155.5290457691585,3315.4210188137345,3155.5290457691585,3315.4210188137345,2942.2693606535145,2977.6057804338866,2942.2693606535145,2977.6057804338866,3280.7871923591783,3234.3681627695514,3280.7871923591783,3234.3681627695514,3059.799390802456,2737.539100953817,3059.799390802456,2737.539100953817,3155.5290457691585,3315.4210188137345,3155.5290457691585,3315.4210188137345,3052.476157575978,3164.447123872101,3052.476157575978,3164.447123872101,3107.489671212312,2780.4811984037838,3107.489671212312,2780.4811984037838,2869.3476607099983,3125.0078449147272,2869.3476607099983,3125.0078449147272,3206.5536595184494,3699.4967532990718,3206.5536595184494,3699.4967532990718,3204.241703444889,2965.8811676726627,3204.241703444889,2965.8811676726627,2478.022986749372,2459.337147555346,2478.022986749372,2459.337147555346,3363.0636022877147,3214.0133407078642,3363.0636022877147,3214.0133407078642,2713.493158146806,2756.1268016416434,2713.493158146806,2756.1268016416434,3529.6714035956343,3279.9074797930325,3529.6714035956343,3279.9074797930325,3473.8416757004425,3112.373862135432,3473.8416757004425,3112.373862135432,3469.1546980121907,3347.040093910387,3469.1546980121907,3347.040093910387,3464.190330006916,2783.8352075190123,3464.190330006916,2783.8352075190123
646.2735496433331,932.7705837282931,646.2735496433331,932.7705837282931,893.8342626143395,716.4365039391506,893.8342626143395,716.4365039391506,515.5470936829839,1036.415922100348,515.5470936829839,1036.415922100348,715.184249757742,893.6366179274975,715.184249757742,893.6366179274975,646.2735496433331,932.7705837282931,646.2735496433331,932.7705837282931,893.8342626143395,716.4365039391506,893.8342626143395,716.4365039391506,822.6011232418008,883.2683912758929,822.6011232418008,883.2683912758929,968.454035823229,1341.4603553531995,968.454035823229,1341.4603553531995,1048.3196876461477,832.1887548045978,1048.3196876461477,832.1887548045978,877.1864457409405,615.5499275716026,877.1864457409405,615.5499275716026,884.9656378408093,783.9356811235915,884.9656378408093,783.9356811235915,1504.1954363194734,1153.9774492644315,1504.1954363194734,1153.9774492644315,947.6749133000915,1004.294073782539,947.6749133000915,1004.294073782539,697.3007882379659,984.1746387814616,697.3007882379659,984.1746387814616,743.166197235563,1055.6604404693128,743.166197235563,1055.6604404693128,573.4462118194958,643.470035097566,573.4462118194958,643.470035097566,473.86061459085073,964.8594855550049,473.86061459085073,964.8594855550049,297.92182767328205,645.6343878148227,297.92182767328205,645.6343878148227
4369.362911797452,4030.7789785109594,4369.362911797452,4030.7789785109594,2931.4235136648813,3459.38776414506,2931.4235136648813,3459.38776414506,4287.994603177005,3899.522102658851,4287.994603177005,3899.522102658851,2977.7265900157768,2777.347303143931,2977.7265900157768,2777.347303143931,4369.362911797452,4030.7789785109594,4369.362911797452,4030.7789785109594,2931.4235136648813,3459.38776414506,2931.4235136648813,3459.38776414506,2640.013967296664,2206.2852048168324,2640.013967296664,2206.2852048168324,2864.6508187644085,1946.01861305915,2864.6508187644085,1946.01861305915,2747.8792050203406,2681.1143509337157,2747.8792050203406,2681.1143509337157,2931.7471852068743,2639.726640770946,2931.7471852068743,2639.726640770946,2942.0134969690043,2369.8704424329117,2942.0134969690043,2369.8704424329117,2563.555178820723,1989.1648156191093,2563.555178820723,1989.1648156191093,2530.0942510498203,1932.1113506340448,2530.0942510498203,1932.1113506340448,2257.4085079413,1989.337393047217,2257.4085079413,1989.337393047217,2887.582914288085,2207.386483564708,2887.582914288085,2207.386483564708,3338.7186759734823,3002.104463860318,3338.7186759734823,3002.104463860318,2113.8145909239192,2168.6392164854283,2113.8145909239192,2168.6392164854283,2020.561652941568,1769.9157028465304,2020.561652941568,1769.9157028465304
1365.0389272219602,1839.0955498986536,1365.0389272219602,1839.0955498986536,1848.6005762209172,2018.052827164436,1848.6005762209172,2018.052827164436,1387.0103407917302,1847.512286141811,1387.0103407917302,1847.512286141811,1430.5291931027475,2122.6047327931215,1430.5291931027475,2122.6047327931215,1365.0389272219602,1839.0955498986536,1365.0389272219602,1839.0955498986536,1848.6005762209172,2018.052827164436,1848.6005762209172,2018.052827164436,2706.5089711452792,2673.188936440435,2706.5089711452792,2673.188936440435,2740.9471720519755,1992.9380024407187,2740.9471720519755,1992.9380024407187,2731.4731897748416,2217.294941309509,2731.4731897748416,2217.294941309509,3118.6225838576656,2244.759192931058,3118.6225838576656,2244.759192931058,2544.2846284985017,2641.596723452341,2544.2846284985017,2641.596723452341,1436.3756483042828,1118.1032909029245,1436.3756483042828,1118.1032909029245,2129.2987483585302,1574.0514817261383,2129.2987483585302,1574.0514817261383,2179.461309449046,1280.39340500796,2179.461309449046,1280.39340500796,2477.9063444928142,2481.7846702371653,2477.9063444928142,2481.7846702371653,2388.707729939412,3355.288300688039,2388.707729939412,3355.288300688039,1677.5632796208556,2148.834590622762,1677.5632796208556,2148.834590622762,1808.173068449254,1483.8595385034785,1808.173068449254,1483.8595385034785
4494.122853559478,4858.228536606193,4494.122853559478,4858.228536606193,4247.34954198429,4322.873378394619,4247.34954198429,4322.873378394619,4608.838849316137,4632.9440352362735,4608.838849316137,4632.9440352362735,4278.062907023056,4506.489444059612,4278.062907023056,4506.489444059612,4494.122853559478,4858.228536606193,4494.122853559478,4858.228536606193,4247.34954198429,4322.873378394619,4247.34954198429,4322.873378394619,3989.1780495791854,3469.3675561019454,3989.1780495791854,3469.3675561019454,3074.430304685562,3185.3744687627996,3074.430304685562,3185.3744687627996,3654.4152387847503,3492.484781146828,3654.4152387847503,3492.484781146828,2762.6920774939263,3646.270188156406,2762.6920774939263,3646.270188156406,3970.171389845013,3432.403669163098,3970.171389845013,3432.403669163098,2652.675106374389,3444.605053019841,2652.675106374389,3444.605053019841,3229.522317385893,3853.3042086080686,3229.522317385893,3853.3042086080686,2847.248424400663,4274.639224975361,2847.248424400663,4274.639224975361,3661.990706822498,3459.595081365706,3661.990706822498,3459.595081365706,3534.513134655305,3894.24766231233,3534.513134655305,3894.24766231233,3897.6546739443966,3473.893018331919,3897.6546739443966,3473.893018331919,3058.9877573673575,3809.992218571356,3058.9877573673575,3809.992218571356
3816.2758737591344,4868.915766290472,3816.2758737591344,4868.915766290472,3851.9458485101495,4535.821900497035,3851.9458485101495,4535.821900497035,3860.660795564318,4915.985940168636,3860.660795564318,4915.985940168636,4611.995330295222,5357.512980186107,4611.995330295222,5357.512980186107,3816.2758737591344,4868.915766290472,3816.2758737591344,4868.915766290472,3851.9458485101495,4535.821900497035,3851.9458485101495,4535.821900497035,3873.3081930094672,3898.955841239818,3873.3081930094672,3898.955841239818,4629.640546544636,3792.595573134051,4629.640546544636,3792.595573134051,3807.0933945791253,4413.303882336192,3807.0933945791253,4413.303882336192,4531.010479870006,3724.4919526916597,4531.010479870006,3724.4919526916597,4356.795975670264,3901.5430661013925,4356.795975670264,3901.5430661013925,3847.1964830645265,3525.805318053774,3847.1964830645265,3525.805318053774,3134.9524077611327,3449.4263895608274,3134.9524077611327,3449.4263895608274,4244.214304243776,2077.8570393606396,4244.214304243776,2077.8570393606396,4493.271030845331,3609.2271315480652,4493.271030845331,3609.2271315480652,3668.567756645483,2783.1001119521547,3668.567756645483,2783.1001119521547,5040.721650825829,3825.9480233010636,5040.721650825829,3825.9480233010636,5813.124165066923,4213.287500108624,5813.124165066923,4213.287500108624
4051.83614252305,3761.296046557428,4051.83614252305,3761.296046557428,4085.4888174883404,3367.544195546477,4085.4888174883404,3367.544195546477,3739.275263332857,3592.000699683301,3739.275263332857,3592.000699683301,4053.1832313577293,3378.509164807605,4053.1832313577293,3378.509164807605,4051.83614252305,3761.296046557428,4051.83614252305,3761.296046557428,4085.4888174883404,3367.544195546477,4085.4888174883404,3367.544195546477,3570.0193125133587,3054.385479125328,3570.0193125133587,3054.385479125328,2650.9234130015047,2942.3791214973094,2650.9234130015047,2942.3791214973094,3037.191379283921,3122.609672800165,3037.191379283921,3122.609672800165,3081.6179398253907,3148.780881969886,3081.6179398253907,3148.780881969886,3429.2650167547636,3149.5497560006847,3429.2650167547636,3149.5497560006847,3422.0126099742783,3426.3529751661627,3422.0126099742783,3426.3529751661627,3000.7303579176755,2819.9312484536495,3000.7303579176755,2819.9312484536495,2612.197610965888,3924.301417717541,2612.197610965888,3924.301417717541,3205.6930069850805,2746.231515837664,3205.6930069850805,2746.231515837664,3275.125948258159,3062.1240380484555,3275.125948258159,3062.1240380484555,2662.1692354314173,2705.8811706478928,2662.1692354314173,2705.8811706478928,3254.811684971656,3451.535393536726,3254.811684971656,3451.535393536726
2288.7169537510276,1757.9890593722582,2288.7169537510276,1757.9890593722582,1858.5785056170344,1890.1283462644099,1858.5785056170344,1890.1283462644099,2355.636755700881,2106.3471446462804,2355.636755700881,2106.3471446462804,1753.0895895923184,1953.8789666250793,1753.0895895923184,1953.8789666250793,2288.7169537510276,1757.9890593722582,2288.7169537510276,1757.9890593722582,1858.5785056170344,1890.1283462644099,1858.5785056170344,1890.1283462644099,1341.213201629586,1237.7563679012892,1341.213201629586,1237.7563679012892,1315.9770309332782,1350.8705778587337,1315.9770309332782,1350.8705778587337,1420.691553271209,1359.1299752489826,1420.691553271209,1359.1299752489826,1136.3277566556535,1853.4613367886805,1136.3277566556535,1853.4613367886805,1618.6879859192768,1123.6754638880197,1618.6879859192768,1123.6754638880197,2516.0383086452484,2253.150481643787,2516.0383086452484,2253.150481643787,952.4183293522007,1437.908691356891,952.4183293522007,1437.908691356891,1618.3931908340312,2502.4101884044835,1618.3931908340312,2502.4101884044835,1267.0859773444454,1311.638600123486,1267.0859773444454,1311.638600123486,1452.960179438962,1911.9324090093623,1452.960179438962,1911.9324090093623,1091.8237679951474,1562.957241265842,1091.8237679951474,1562.957241265842,1184.9354015484023,1750.8904787290164,1184.9354015484023,1750.8904787290164
2829.476674112288,2308.609938496025,2829.476674112288,2308.609938496025,2817.025480261387,2016.0412162106788,2817.025480261387,2016.0412162106788,2646.6840860393013,2167.228452745443,2646.6840860393013,2167.228452745443,2931.3341343085044,2145.4035484552555,2931.3341343085044,2145.4035484552555,2829.476674112288,2308.609938496025,2829.476674112288,2308.609938496025,2817.025480261387,2016.0412162106788,2817.025480261387,2016.0412162106788,2266.629173430219,2811.578533028933,2266.629173430219,2811.578533028933,2928.390799818472,2799.1522762982313,2928.390799818472,2799.1522762982313,2450.099893763722,2739.61822136294,2450.099893763722,2739.61822136294,1965.373872969368,2981.1288712948003,1965.373872969368,2981.1288712948003,3393.1093737056412,2670.606769461964,3393.1093737056412,2670.606769461964,1941.8545620866278,2811.9026304206386,1941.8545620866278,2811.9026304206386,2107.4131214235013,2455.307378557944,2107.4131214235013,2455.307378557944,1265.1232925753604,2447.1013100468713,1265.1232925753604,2447.1013100468713,3066.207098649711,2905.3115247629635,3066.207098649711,2905.3115247629635,1937.210547829516,2771.896589471146,1937.210547829516,2771.896589471146,1683.157632544992,3019.747296339185,1683.157632544992,3019.747296339185,2077.6130741113534,2428.249332840691,2077.6130741113534,2428.249332840691
79.27298574418262,114.78573601764889,79.27298574418262,114.78573601764889,139.17435126916726,152.8293007417159,139.17435126916726,152.8293007417159,94.07616844783685,81.65020106687882,94.07616844783685,81.65020106687882,58.94812076867496,126.77730398713881,58.94812076867496,126.77730398713881,79.27298574418262,114.78573601764889,79.27298574418262,114.78573601764889,139.17435126916726,152.8293007417159,139.17435126916726,152.8293007417159,194.90885563894525,110.86007670347773,194.90885563894525,110.86007670347773,67.58636651653089,99.89407685188615,67.58636651653089,99.89407685188615,118.54653635867122,93.75951899640624,118.54653635867122,93.75951899640624,186.62730441794236,60.20102983209514,186.62730441794236,60.20102983209514,123.88643754695742,120.60975029784925,123.88643754695742,120.60975029784925,35.948783384986264,78.19377167510198,35.948783384986264,78.19377167510198,26.17850420392419,33.43467007032967,26.17850420392419,33.43467007032967,76.16511307953051,43.4110389820077,76.16511307953051,43.4110389820077,63.961411151684075,56.95811159046931,63.961411151684075,56.95811159046931,58.63035452025151,40.21012520412278,58.63035452025151,40.21012520412278,57.47906706908481,55.201736351468035,57.47906706908481,55.201736351468035,112.85975672210465,101.53681010654746,112.85975672210465,101.53681010654746
4536.13509055371,4656.088450612407,4536.13509055371,4656.088450612407,6520.611359323383,5011.859550601377,6520.611359323383,5011.859550601377,4392.967277905306,4573.807452035819,4392.967277905306,4573.807452035819,5697.648553705197,5098.725146453954,5697.648553705197,5098.725146453954,4536.13509055371,4656.088450612407,4536.13509055371,4656.088450612407,6520.611359323383,5011.859550601377,6520.611359323383,5011.859550601377,4628.453159177395,4655.896075241342,4628.453159177395,4655.896075241342,3104.477745829045,4614.743325319113,3104.477745829045,4614.743325319113,5078.727113687429,5022.670455889355,5078.727113687429,5022.670455889355,3881.6141150986728,5748.491354112867,3881.6141150986728,5748.491354112867,4711.476982127413,4984.481462994537,4711.476982127413,4984.481462994537,3852.094495700397,6167.020282454257,3852.094495700397,6167.020282454257,4753.577175758687,4468.345453930026,4753.577175758687,4468.345453930026,3129.4398247426475,3703.676989443728,3129.4398247426475,3703.676989443728,4492.504026580159,4741.308034822667,4492.504026580159,4741.308034822667,4270.10323097472,3729.0527262258443,4270.10323097472,3729.0527262258443,4362.328674692994,4754.270901614575,4362.328674692994,4754.270901614575,5780.421807673875,3701.248722859326,5780.421807673875,3701.248722859326
731.071224263334,1201.904652043329,731.071224263334,1201.904652043329,873.1532953701949,1096.0665089865813,873.1532953701949,1096.0665089865813,571.9664892909038,749.2472327816616,571.9664892909038,749.2472327816616,1138.7037066867294,825.7520234589571,1138.7037066867294,825.7520234589571,731.071224263334,1201.904652043329,731.071224263334,1201.904652043329,873.1532953701949,1096.0665089865813,873.1532953701949,1096.0665089865813,375.8988318196254,804.209698696266,375.8988318196254,804.209698696266,417.07899279774387,1112.8490776544756,417.07899279774387,1112.8490776544756,301.1680322657579,659.6903005051616,301.1680322657579,659.6903005051616,465.32751680126916,682.2260829349135,465.32751680126916,682.2260829349135,374.1598379008901,986.0927747627982,374.1598379008901,986.0927747627982,335.6547748674947,933.6472588786108,335.6547748674947,933.6472588786108,463.1968280435529,650.0703896243717,463.1968280435529,650.0703896243717,399.6353246710751,637.3958657512638,399.6353246710751,637.3958657512638,490.30494091395354,713.6862643455833,490.30494091395354,713.6862643455833,222.72482224538572,377.9570679331927,222.72482224538572,377.9570679331927,369.6666844584051,496.68887520228685,369.6666844584051,496.68887520228685,291.1966464683724,522.0485620265233,291.1966464683724,522.0485620265233
9911.904507111994,9922.666979823653,9911.904507111994,9922.666979823653,11970.588539747543,9257.65707019554,11970.588539747543,9257.65707019554,10251.644135848283,9775.763227526748,10251.644135848283,9775.763227526748,12992.940845182113,9046.14228467059,12992.940845182113,9046.14228467059,9911.904507111994,9922.666979823653,9911.904507111994,9922.666979823653,11970.588539747543,9257.65707019554,11970.588539747543,9257.65707019554,10351.104101523319,10748.493041186006,10351.104101523319,10748.493041186006,12075.602471943856,10924.375890334393,12075.602471943856,10924.375890334393,10939.88605006397,11268.093130114083,10939.88605006397,11268.093130114083,10552.976631575611,11294.408144274938,10552.976631575611,11294.408144274938,10506.257186613144,11312.91710710872,10506.257186613144,11312.91710710872,12089.446580224308,10973.620657760179,12089.446580224308,10973.620657760179,11148.727131954693,14662.879956446071,11148.727131954693,14662.879956446071,11642.749452206659,14610.487655721396,11642.749452206659,14610.487655721396,10907.203737330776,11119.841189147553,10907.203737330776,11119.841189147553,11058.85508584826,9933.823066990286,11058.85508584826,9933.823066990286,10568.475661354394,13074.717005813996,10568.475661354394,13074.717005813996,10542.523157278672,10223.713788843008,10542.523157278672,10223.713788843008
1972.2609359082337,2310.9581452934926,1972.2609359082337,2310.9581452934926,1523.9956961223552,2142.3018026727887,1523.9956961223552,2142.3018026727887,2109.269527307182,2174.7836992310044,2109.269527307182,2174.7836992310044,2255.642747660677,2221.967695127837,2255.642747660677,2221.967695127837,1972.2609359082337,2310.9581452934926,1972.2609359082337,2310.9581452934926,1523.9956961223552,2142.3018026727887,1523.9956961223552,2142.3018026727887,2669.8872662062113,2243.8510969895174,2669.8872662062113,2243.8510969895174,2954.0931417566385,2334.2414544213757,2954.0931417566385,2334.2414544213757,2623.7982396495904,2522.4907187331487,2623.7982396495904,2522.4907187331487,2903.9786286558897,3343.797653334142,2903.9786286558897,3343.797653334142,2409.898254005136,2234.58227600668,2409.898254005136,2234.58227600668,3140.424480723625,2654.0053223699833,3140.424480723625,2654.0053223699833,2642.640750719872,2036.1487761858239,2642.640750719872,2036.1487761858239,3395.1570742283116,2237.8096019640066,3395.1570742283116,2237.8096019640066,2936.2713297566074,2743.17037287178,2936.2713297566074,2743.17037287178,3260.6772828450053,2085.458410257375,3260.6772828450053,2085.458410257375,2703.6731861109615,2449.219517825642,2703.6731861109615,2449.219517825642,3127.0528570544284,2167.2042243221294,3127.0528570544284,2167.2042243221294
901.5880700049622,1543.718279063903,901.5880700049622,1543.718279063903,774.825786333128,1073.8682208654225,774.825786333128,1073.8682208654225,808.5557987458475,1791.939880443013,808.5557987458475,1791.939880443013,1060.3312321780327,959.2537295175867,1060.3312321780327,959.2537295175867,901.5880700049622,1543.718279063903,901.5880700049622,1543.718279063903,774.825786333128,1073.8682208654225,774.825786333128,1073.8682208654225,308.0140220890659,1083.3170192292732,308.0140220890659,1083.3170192292732,803.6739839436775,937.8733681958845,803.6739839436775,937.8733681958845,525.5070355262357,869.9128870119603,525.5070355262357,869.9128870119603,492.7365717207841,787.2580783277588,492.7365717207841,787.2580783277588,409.27814929925813,925.9249492064995,409.27814929925813,925.9249492064995,410.86199540502474,1127.214674382532,410.86199540502474,1127.214674382532,368.6866010410282,964.5013800837775,368.6866010410282,964.5013800837775,1022.4718158088524,677.1729821195406,1022.4718158088524,677.1729821195406,613.4437955603155,1086.7016795561553,613.4437955603155,1086.7016795561553,532.8886502965638,1293.3751550692039,532.8886502965638,1293.3751550692039,389.39592153943863,1059.8861730588528,389.39592153943863,1059.8861730588528,892.9282061036929,851.2635389218292,892.9282061036929,851.2635389218292
407.88228727639165,283.2201007527402,407.88228727639165,283.2201007527402,285.422717990512,921.8476829860538,285.422717990512,921.8476829860538,535.8554601160134,408.87761297783493,535.8554601160134,408.87761297783493,306.89899121787425,368.7062747160031,306.89899121787425,368.7062747160031,407.88228727639165,283.2201007527402,407.88228727639165,283.2201007527402,285.422717990512,921.8476829860538,285.422717990512,921.8476829860538,376.8109239009113,191.54344069037532,376.8109239009113,191.54344069037532,205.17012935961958,307.31020632481676,205.17012935961958,307.31020632481676,382.71542093909795,209.83815096555327,382.71542093909795,209.83815096555327,706.0484447814126,238.17524317023495,706.0484447814126,238.17524317023495,383.4428268905401,338.32235336178326,383.4428268905401,338.32235336178326,169.72609413509596,234.98632255931633,169.72609413509596,234.98632255931633,306.1603521273178,400.3252746090072,306.1603521273178,400.3252746090072,395.0501047145181,807.0589308341598,395.0501047145181,807.0589308341598,130.79839980995106,345.0806024190788,130.79839980995106,345.0806024190788,561.065434869038,286.9814839794643,561.065434869038,286.9814839794643,216.73127132135056,170.28612875993355,216.73127132135056,170.28612875993355,498.9138736659585,537.4452046346203,498.9138736659585,537.4452046346203
2801.0694201816013,1318.9451251202204,2801.0694201816013,1318.9451251202204,2506.803854652261,1520.996538604155,2506.803854652261,1520.996538604155,2493.5370106671344,1397.5934668815767,2493.5370106671344,1397.5934668815767,2658.7824910562085,1624.7267804262801,2658.7824910562085,1624.7267804262801,2801.0694201816013,1318.9451251202204,2801.0694201816013,1318.9451251202204,2506.803854652261,1520.996538604155,2506.803854652261,1520.996538604155,1054.762793314171,931.7736064697459,1054.762793314171,931.7736064697459,1134.6780969181132,876.1768998788897,1134.6780969181132,876.1768998788897,1660.6997373504964,1152.529733518671,1660.6997373504964,1152.529733518671,1479.073203670866,1397.9063678793962,1479.073203670866,1397.9063678793962,1153.0325977935522,988.6356353713596,1153.0325977935522,988.6356353713596,1365.4414034639024,1474.5634144614514,1365.4414034639024,1474.5634144614514,778.0315992516141,1269.795184871858,778.0315992516141,1269.795184871858,1593.519947046297,871.3082047184982,1593.519947046297,871.3082047184982,1181.219697893794,830.1242463712651,1181.219697893794,830.1242463712651,963.720842078587,679.3619531095177,963.720842078587,679.3619531095177,915.147872085515,1002.5457567872065,915.147872085515,1002.5457567872065,1098.0665841686452,842.7324329393601,1098.0665841686452,842.7324329393601
494.30006666917944,484.0482382570861,494.30006666917944,484.0482382570861,821.1666899824055,377.62087681198227,821.1666899824055,377.62087681198227,510.27614771242025,468.5841563821299,510.27614771242025,468.5841563821299,822.9263664103601,616.932388792651,822.9263664103601,616.932388792651,494.30006666917944,484.0482382570861,494.30006666917944,484.0482382570861,821.1666899824055,377.62087681198227,821.1666899824055,377.62087681198227,678.363890793372,462.4499883403702,678.363890793372,462.4499883403702,444.82789272443813,352.1838702893851,444.82789272443813,352.1838702893851,657.309454180402,351.34342772118583,657.309454180402,351.34342772118583,842.1887089405998,208.75668258536288,842.1887089405998,208.75668258536288,502.54103677371165,423.55261776619807,502.54103677371165,423.55261776619807,639.9400100999487,361.2583406319311,639.9400100999487,361.2583406319311,601.2207522633943,326.13634749751577,601.2207522633943,326.13634749751577,466.890895258995,667.5479431546607,466.890895258995,667.5479431546607,551.611772231305,448.2156786313096,551.611772231305,448.2156786313096,687.8346835820007,660.3930842060092,687.8346835820007,660.3930842060092,681.0125787692284,357.45982371847305,681.0125787692284,357.45982371847305,567.3268940864104,374.9914188698011,567.3268940864104,374.9914188698011
2441.3460573205084,3342.4192203751227,2441.3460573205084,3342.4192203751227,1316.3974156076933,2437.8410457638297,1316.3974156076933,2437.8410457638297,3183.4671309736573,3532.94206247462,3183.4671309736573,3532.94206247462,1511.8099325605685,2559.433563528372,1511.8099325605685,2559.433563528372,2441.3460573205084,3342.4192203751227,2441.3460573205084,3342.4192203751227,1316.3974156076933,2437.8410457638297,1316.3974156076933,2437.8410457638297,1466.8382915184725,2493.708037431686,1466.8382915184725,2493.708037431686,1483.1525067335242,2773.930921043172,1483.1525067335242,2773.930921043172,1595.6747561085676,3086.1123158270148,1595.6747561085676,3086.1123158270148,1520.804806225348,3225.518560615915,1520.804806225348,3225.518560615915,1835.2078555967662,2825.738327622165,1835.2078555967662,2825.738327622165,965.6688405217344,3080.21327092144,965.6688405217344,3080.21327092144,1138.4178030613843,1951.2755625489474,1138.4178030613843,1951.2755625489474,582.7146537704056,2146.2813441829485,582.7146537704056,2146.2813441829485,1533.7240700925888,1562.5952763921657,1533.7240700925888,1562.5952763921657,1259.1577653707986,2648.9668593852484,1259.1577653707986,2648.9668593852484,1068.442119451394,2439.219125457818,1068.442119451394,2439.219125457818,371.5549722772864,1767.4890858735853,371.5549722772864,1767.4890858735853
1879.9851524520177,1436.4153177984558,1879.9851524520177,1436.4153177984558,1204.4374817487019,2715.2645310986,1204.4374817487019,2715.2645310986,2117.9412360684905,1645.8546756212115,2117.9412360684905,1645.8546756212115,1808.9058848239263,2165.783553940238,1808.9058848239263,2165.783553940238,1879.9851524520177,1436.4153177984558,1879.9851524520177,1436.4153177984558,1204.4374817487019,2715.2645310986,1204.4374817487019,2715.2645310986,1307.8460928379784,1830.7481714358953,1307.8460928379784,1830.7481714358953,1998.8607668981645,2785.6025245744295,1998.8607668981645,2785.6025245744295,1755.0822727038044,2702.645171225927,1755.0822727038044,2702.645171225927,1905.4424108851883,3025.685712239504,1905.4424108851883,3025.685712239504,1409.8634654860368,1861.2756204292582,1409.8634654860368,1861.2756204292582,1363.6074497061504,2777.4243149388903,1363.6074497061504,2777.4243149388903,2184.779334683172,2848.2375124306927,2184.779334683172,2848.2375124306927,2953.5607355542134,2753.2623000761487,2953.5607355542134,2753.2623000761487,1549.5172345789547,1805.2013072919733,1549.5172345789547,1805.2013072919733,1905.7753053492302,4005.2459855531547,1905.7753053492302,4005.2459855531547,1854.9042904291255,2316.5133915571987,1854.9042904291255,2316.5133915571987,3904.6693355585276,2437.2272920591995,3904.6693355585276,2437.2272920591995
5832.47881299645,5684.843515463639,5832.47881299645,5684.843515463639,6390.312163349707,6071.071952155495,6390.312163349707,6071.071952155495,5591.301447344466,6011.739805463095,5591.301447344466,6011.739805463095,6728.762774082714,4958.169165616776,6728.762774082714,4958.169165616776,5832.47881299645,5684.843515463639,5832.47881299645,5684.843515463639,6390.312163349707,6071.071952155495,6390.312163349707,6071.071952155495,4983.856494546368,4799.340929911143,4983.856494546368,4799.340929911143,5760.767072724006,4677.310424909379,5760.767072724006,4677.310424909379,5337.1968778474475,5055.956895958899,5337.1968778474475,5055.956895958899,5262.730022634982,4972.273731919631,5262.730022634982,4972.273731919631,5227.119800732349,5116.049726570129,5227.119800732349,5116.049726570129,5138.191596954109,4410.254818794908,5138.191596954109,4410.254818794908,4731.523517881726,4732.894327983778,4731.523517881726,4732.894327983778,4355.343348330884,5223.871779228462,4355.343348330884,5223.871779228462,4297.5702715469615,4728.4276792467945,4297.5702715469615,4728.4276792467945,4372.236725902057,5277.379311548599,4372.236725902057,5277.379311548599,4867.636853431633,4982.521879191603,4867.636853431633,4982.521879191603,4714.15465271792,4989.891875853826,4714.15465271792,4989.891875853826
1504.3611218933338,1025.6028218660438,1504.3611218933338,1025.6028218660438,1360.1261252388208,2011.9958283569704,1360.1261252388208,2011.9958283569704,1875.65042163416,1079.798479852538,1875.65042163416,1079.798479852538,1580.60558077195,1675.3677965015274,1580.60558077195,1675.3677965015274,1504.3611218933338,1025.6028218660438,1504.3611218933338,1025.6028218660438,1360.1261252388208,2011.9958283569704,1360.1261252388208,2011.9958283569704,1867.617754885842,1134.4654297512363,1867.617754885842,1134.4654297512363,1629.1799136606285,1973.320756561853,1629.1799136606285,1973.320756561853,894.7102894429756,1998.983385793761,894.7102894429756,1998.983385793761,1717.2755700875382,1938.3096457188688,1717.2755700875382,1938.3096457188688,1442.930395776642,2002.7703099322462,1442.930395776642,2002.7703099322462,2019.853147159197,2795.128926319113,2019.853147159197,2795.128926319113,1608.0185150513798,1857.5093777848706,1608.0185150513798,1857.5093777848706,2696.3194780008384,1081.6850888405074,2696.3194780008384,1081.6850888405074,1668.4835429108693,2003.5484962163277,1668.4835429108693,2003.5484962163277,2244.827586399978,2728.507554845501,2244.827586399978,2728.507554845501,1043.4077029455855,1767.3489876936906,1043.4077029455855,1767.3489876936906,1921.0330703903371,2895.916674340893,1921.0330703903371,2895.916674340893
2513.570411782981,1772.2111725428113,2513.570411782981,1772.2111725428113,1564.8323648018452,1706.0264790285783,1564.8323648018452,1706.0264790285783,2445.961241839415,1788.5138076003482,2445.961241839415,1788.5138076003482,1498.4097958361579,1692.9458748949576,1498.4097958361579,1692.9458748949576,2513.570411782981,1772.2111725428113,2513.570411782981,1772.2111725428113,1564.8323648018452,1706.0264790285783,1564.8323648018452,1706.0264790285783,1896.9306037954327,1489.9624297953972,1896.9306037954327,1489.9624297953972,2356.969949377381,2574.88089557384,2356.969949377381,2574.88089557384,1731.641332535705,1622.1929881810706,1731.641332535705,1622.1929881810706,1855.6269544658676,2236.4347348472575,1855.6269544658676,2236.4347348472575,1566.8903499736596,1658.9239914521993,1566.8903499736596,1658.9239914521993,1988.3488589516376,2231.8963897812105,1988.3488589516376,2231.8963897812105,2337.4373445176557,1855.7620305639514,2337.4373445176557,1855.7620305639514,2636.3596882458405,2422.0818914931597,2636.3596882458405,2422.0818914931597,2049.291247616659,2122.402017159541,2049.291247616659,2122.402017159541,2430.760835774612,1934.3309326761314,2430.760835774612,1934.3309326761314,1781.8986962719296,2388.9320894792845,1781.8986962719296,2388.9320894792845,3251.9447067680985,1281.6573208640934,3251.9447067680985,1281.6573208640934
243.23411708968334,443.2034914278909,243.23411708968334,443.2034914278909,247.8709045538786,374.4324632321649,247.8709045538786,374.4324632321649,309.74940622233834,379.76407802016547,309.74940622233834,379.76407802016547,293.9098493380494,235.81825034035256,293.9098493380494,235.81825034035256,243.23411708968334,443.2034914278909,243.23411708968334,443.2034914278909,247.8709045538786,374.4324632321649,247.8709045538786,374.4324632321649,365.5030728598516,209.03143700842224,365.5030728598516,209.03143700842224,507.1047407701126,385.75457237125346,507.1047407701126,385.75457237125346,249.02139349303374,322.36281352910987,249.02139349303374,322.36281352910987,103.13351133470655,352.32655117939714,103.13351133470655,352.32655117939714,290.05744138604723,270.6420549064868,290.05744138604723,270.6420549064868,298.40293821482896,339.8132400230489,298.40293821482896,339.8132400230489,552.2354639542052,359.1882345210523,552.2354639542052,359.1882345210523,113.11046880631787,168.62076230326062,113.11046880631787,168.62076230326062,502.3885375127085,522.1929049042296,502.3885375127085,522.1929049042296,211.95167592241563,430.4322745466892,211.95167592241563,430.4322745466892,428.56977938127284,244.67181950827586,428.56977938127284,244.67181950827586,337.6511678554708,151.264621893823,337.6511678554708,151.264621893823
657.7831660222465,899.9909250059811,657.7831660222465,899.9909250059811,946.4523817859406,816.6623766612414,946.4523817859406,816.6623766612414,702.2635779843974,800.1886756209036,702.2635779843974,800.1886756209036,660.3011737196537,823.4960920625692,660.3011737196537,823.4960920625692,657.7831660222465,899.9909250059811,657.7831660222465,899.9909250059811,946.4523817859406,816.6623766612414,946.4523817859406,816.6623766612414,751.1863088321021,883.5806399333526,751.1863088321021,883.5806399333526,979.7594090344201,800.4834751984538,979.7594090344201,800.4834751984538,800.0486189044702,736.8689320172854,800.0486189044702,736.8689320172854,719.0971059928155,864.9794492265952,719.0971059928155,864.9794492265952,714.9304856208556,744.3298041308271,714.9304856208556,744.3298041308271,1142.0346021571997,838.6203556167102,1142.0346021571997,838.6203556167102,812.689029318015,854.8807388179621,812.689029318015,854.8807388179621,1183.6374435166708,926.8498652274471,1183.6374435166708,926.8498652274471,821.4424279629504,838.4939641985904,821.4424279629504,838.4939641985904,1045.4126587232167,856.5666799507608,1045.4126587232167,856.5666799507608,891.0774167163039,1102.1688136722614,891.0774167163039,1102.1688136722614,1062.9489119437062,1058.0806602957987,1062.9489119437062,1058.0806602957987
2360.696291143279,1633.7270133846903,2360.696291143279,1633.7270133846903,1345.2249065087385,1555.7934838433105,1345.2249065087385,1555.7934838433105,1969.5577678687855,1606.5219126390189,1969.5577678687855,1606.5219126390189,1390.6713501349275,1305.4909323989928,1390.6713501349275,1305.4909323989928,2360.696291143279,1633.7270133846903,2360.696291143279,1633.7270133846903,1345.2249065087385,1555.7934838433105,1345.2249065087385,1555.7934838433105,1815.0527156751104,1156.888191735883,1815.0527156751104,1156.888191735883,1745.2646281741363,1939.7441201378879,1745.2646281741363,1939.7441201378879,1903.305228910084,1392.1933176975385,1903.305228910084,1392.1933176975385,1482.1931402322627,2150.9371435490684,1482.1931402322627,2150.9371435490684,1598.6804908557062,1204.9186438889224,1598.6804908557062,1204.9186438889224,1902.0883332560468,1786.6312479309127,1902.0883332560468,1786.6312479309127,1413.1331995186463,1509.200662787193,1413.1331995186463,1509.200662787193,2534.745196693622,1963.5922172567068,2534.745196693622,1963.5922172567068,1305.3910946680305,1137.9321633706388,1305.3910946680305,1137.9321633706388,1494.8119789768953,1838.0148493895394,1494.8119789768953,1838.0148493895394,1714.2955382643045,1543.0217099812114,1714.2955382643045,1543.0217099812114,1748.1748865871825,2261.6922290813627,1748.1748865871825,2261.6922290813627
7122.313946284218,6425.743576071818,7122.313946284218,6425.743576071818,5177.002732082547,4895.619764412014,5177.002732082547,4895.619764412014,7163.539694303613,6748.583915863979,7163.539694303613,6748.583915863979,4662.560679549124,5515.420302550114,4662.560679549124,5515.420302550114,7122.313946284218,6425.743576071818,7122.313946284218,6425.743576071818,5177.002732082547,4895.619764412014,5177.002732082547,4895.619764412014,4821.438677141434,4951.19667382023,4821.438677141434,4951.19667382023,4842.033302659033,4940.508570677682,4842.033302659033,4940.508570677682,4578.144451560646,5404.752774679794,4578.144451560646,5404.752774679794,4332.955854263254,4717.9921233217265,4332.955854263254,4717.9921233217265,4238.145501104425,5505.569525113353,4238.145501104425,5505.569525113353,4507.166627344774,4448.990476058397,4507.166627344774,4448.990476058397,4385.435391292663,4009.091155564083,4385.435391292663,4009.091155564083,4373.58906487972,4158.722041943731,4373.58906487972,4158.722041943731,3789.340191563287,4030.7887270223596,3789.340191563287,4030.7887270223596,4587.563363483414,3469.140216531426,4587.563363483414,3469.140216531426,4058.452574579546,3982.2573701179836,4058.452574579546,3982.2573701179836,3890.430907488263,4852.69044727792,3890.430907488263,4852.69044727792
2325.149506955188,2161.4038742133907,2325.149506955188,2161.4038742133907,2346.833717448711,2148.396920350765,2346.833717448711,2148.396920350765,2371.877921156129,2191.292810792809,2371.877921156129,2191.292810792809,2394.1315741587186,2339.6147595435173,2394.1315741587186,2339.6147595435173,2325.149506955188,2161.4038742133907,2325.149506955188,2161.4038742133907,2346.833717448711,2148.396920350765,2346.833717448711,2148.396920350765,2355.25437025093,2070.4952486820207,2355.25437025093,2070.4952486820207,2923.920228452444,2421.9699697740975,2923.920228452444,2421.9699697740975,2137.441308942518,2010.1760830072508,2137.441308942518,2010.1760830072508,2339.7582946478556,2234.4858165822016,2339.7582946478556,2234.4858165822016,2203.334362364801,2080.5431039022087,2203.334362364801,2080.5431039022087,2414.290342879426,2953.0930723917827,2414.290342879426,2953.0930723917827,2314.272585176671,2436.9384819799106,2314.272585176671,2436.9384819799106,2457.634685292657,2300.614872607398,2457.634685292657,2300.614872607398,2303.5041535191804,2011.3461468638984,2303.5041535191804,2011.3461468638984,2854.5929288664265,2179.7593058928533,2854.5929288664265,2179.7593058928533,2421.5234561470033,2457.9261643396903,2421.5234561470033,2457.9261643396903,1587.9007251258731,2621.153224559176,1587.9007251258731,2621.153224559176
5949.827611369192,5022.368151029137,5949.827611369192,5022.368151029137,3918.066413836157,5086.840420998927,3918.066413836157,5086.840420998927,5602.557670597568,4910.523892197316,5602.557670597568,4910.523892197316,2972.674043202439,4483.799479401814,2972.674043202439,4483.799479401814,5949.827611369192,5022.368151029137,5949.827611369192,5022.368151029137,3918.066413836157,5086.840420998927,3918.066413836157,5086.840420998927,2932.6861583562118,3425.379313743467,2932.6861583562118,3425.379313743467,4629.253104567846,3041.818700141786,4629.253104567846,3041.818700141786,3923.216948921547,3670.3572544966337,3923.216948921547,3670.3572544966337,2217.4656994244842,3423.451046497561,2217.4656994244842,3423.451046497561,3403.037028252519,2990.3762446012433,3403.037028252519,2990.3762446012433,3724.410023436817,3056.219369024065,3724.410023436817,3056.219369024065,3277.2685007203827,2888.583917041852,3277.2685007203827,2888.583917041852,3840.4515469916732,4029.4230362457906,3840.4515469916732,4029.4230362457906,3391.3631860103696,3045.9203801941535,3391.3631860103696,3045.9203801941535,3948.1855712004144,3131.17799950069,3948.1855712004144,3131.17799950069,2579.5049637683524,2390.5778925183076,2579.5049637683524,2390.5778925183076,3031.1983014301177,3554.3822139214426,3031.1983014301177,3554.3822139214426
3087.813784033798,2984.077552855281,3087.813784033798,2984.077552855281,1748.3220722433923,1364.3529998184251,1748.3220722433923,1364.3529998184251,2962.2416180248915,2926.8336288156393,2962.2416180248915,2926.8336288156393,1954.464340898433,1254.0995802831521,1954.464340898433,1254.0995802831521,3087.813784033798,2984.077552855281,3087.813784033798,2984.077552855281,1748.3220722433923,1364.3529998184251,1748.3220722433923,1364.3529998184251,2200.2827037366555,2112.3760248842136,2200.2827037366555,2112.3760248842136,1129.0039193022153,1756.7259892500153,1129.0039193022153,1756.7259892500153,2305.591904035945,1589.5140572106684,2305.591904035945,1589.5140572106684,1044.1613198851635,688.7193645079798,1044.1613198851635,688.7193645079798,1616.6042906156542,1639.3818509354935,1616.6042906156542,1639.3818509354935,935.3943309143323,1069.888952303839,935.3943309143323,1069.888952303839,1214.6818677406663,795.4048961170735,1214.6818677406663,795.4048961170735,500.2634907950733,719.1256421211738,500.2634907950733,719.1256421211738,1366.5024399039228,1593.205743269892,1366.5024399039228,1593.205743269892,1348.3360741841245,835.7087809546919,1348.3360741841245,835.7087809546919,1238.9654276143174,1297.4486057320719,1238.9654276143174,1297.4486057320719,1112.9703898577739,1306.1699267427468,1112.9703898577739,1306.1699267427468
1272.887313034518,2006.9984531253826,1272.887313034518,2006.9984531253826,373.4822992063913,378.51614350047436,373.4822992063913,378.51614350047436,1001.0220265601068,2295.4541470914137,1001.0220265601068,2295.4541470914137,992.3559546313702,580.6732406118593,992.3559546313702,580.6732406118593,1272.887313034518,2006.9984531253826,1272.887313034518,2006.9984531253826,373.4822992063913,378.51614350047436,373.4822992063913,378.51614350047436,860.91842649869,797.9142185213767,860.91842649869,797.9142185213767,291.5979037346821,807.8642994706528,291.5979037346821,807.8642994706528,492.4643503788914,760.7802500636302,492.4643503788914,760.7802500636302,716.1806157295055,923.4946135559172,716.1806157295055,923.4946135559172,834.6038605017839,785.194439580114,834.6038605017839,785.194439580114,559.8012036798826,552.2731443993717,559.8012036798826,552.2731443993717,923.4380019574248,582.1424140898955,923.4380019574248,582.1424140898955,914.590135374909,716.6857615893226,914.590135374909,716.6857615893226,393.529997763734,205.211202470386,393.529997763734,205.211202470386,316.8694709569007,1299.1657619316297,316.8694709569007,1299.1657619316297,820.0480182673125,501.0988366952549,820.0480182673125,501.0988366952549,655.2470841659115,1057.599306854416,655.2470841659115,1057.599306854416
8882.226364421947,9752.514296509262,8882.226364421947,9752.514296509262,8036.036579750477,9341.431078477932,8036.036579750477,9341.431078477932,8331.811306390782,10540.996285810525,8331.811306390782,10540.996285810525,6173.322965505045,9912.460767676883,6173.322965505045,9912.460767676883,8882.226364421947,9752.514296509262,8882.226364421947,9752.514296509262,8036.036579750477,9341.431078477932,8036.036579750477,9341.431078477932,8310.216667269558,9690.38592044006,8310.216667269558,9690.38592044006,8985.607566226374,9123.765164001512,8985.607566226374,9123.765164001512,9064.377934650378,8675.639681614583,9064.377934650378,8675.639681614583,8466.622957465599,8223.999674590257,8466.622957465599,8223.999674590257,8784.461599557095,8000.710041521695,8784.461599557095,8000.710041521695,8047.354597104483,7336.18731714278,8047.354597104483,7336.18731714278,8221.261784416381,8418.579723745961,8221.261784416381,8418.579723745961,7191.103197285109,6658.826064944714,7191.103197285109,6658.826064944714,9002.770530820593,9591.097126724855,9002.770530820593,9591.097126724855,8548.653459277963,9664.976330131325,8548.653459277963,9664.976330131325,7839.696997426727,8648.359459309859,7839.696997426727,8648.359459309859,9012.508837777868,8734.583553416407,9012.508837777868,8734.583553416407
5589.428150195242,7037.892362719945,5589.428150195242,7037.892362719945,5465.8618253951945,5821.612235388105,5465.8618253951945,5821.612235388105,5462.208751450827,7744.025465863204,5462.208751450827,7744.025465863204,5638.546730094035,5599.630018826804,5638.546730094035,5599.630018826804,5589.428150195242,7037.892362719945,5589.428150195242,7037.892362719945,5465.8618253951945,5821.612235388105,5465.8618253951945,5821.612235388105,5156.791968638694,5659.974970754509,5156.791968638694,5659.974970754509,5036.429587434698,4636.966417928812,5036.429587434698,4636.966417928812,4842.228659877293,5660.22464067733,4842.228659877293,5660.22464067733,4169.377078207905,4883.465767320156,4169.377078207905,4883.465767320156,4853.533875075905,4808.720329510284,4853.533875075905,4808.720329510284,5055.404910228959,4955.308679116987,5055.404910228959,4955.308679116987,4061.8705961959936,4362.286723647315,4061.8705961959936,4362.286723647315,4027.9137535681452,3545.6923835212633,4027.9137535681452,3545.6923835212633,5403.530008887467,5130.12595893118,5403.530008887467,5130.12595893118,4087.701030224951,5941.049678140068,4087.701030224951,5941.049678140068,3784.2813329128203,4088.7765839195486,3784.2813329128203,4088.7765839195486,3478.057143982189,3401.3245507391453,3478.057143982189,3401.3245507391453
3782.613572423595,4077.1409648081703,3782.613572423595,4077.1409648081703,5677.128460494122,4120.032723903342,5677.128460494122,4120.032723903342,3846.9471619320416,3604.1545347307106,3846.9471619320416,3604.1545347307106,4488.296846999474,3444.217569560251,4488.296846999474,3444.217569560251,3782.613572423595,4077.1409648081703,3782.613572423595,4077.1409648081703,5677.128460494122,4120.032723903342,5677.128460494122,4120.032723903342,3694.179242415896,2586.4302061180097,3694.179242415896,2586.4302061180097,4791.8780233866855,3033.4085323217882,4791.8780233866855,3033.4085323217882,2787.8687706253604,2116.1886722671297,2787.8687706253604,2116.1886722671297,2934.218048389807,1787.1977664039096,2934.218048389807,1787.1977664039096,2789.625539889869,3391.3543181657,2789.625539889869,3391.3543181657,4666.088338847333,2590.7625009650314,4666.088338847333,2590.7625009650314,2496.3469223175475,3163.770638374124,2496.3469223175475,3163.770638374124,2508.432110451975,3495.4233065062344,2508.432110451975,3495.4233065062344,3008.3648723870187,3101.4750128242745,3008.3648723870187,3101.4750128242745,4310.000868642571,2617.029872300442,4310.000868642571,2617.029872300442,2799.234047117252,2521.781472759662,2799.234047117252,2521.781472759662,3784.858703227079,3224.8829520277595,3784.858703227079,3224.8829520277595
4738.44564887101,7502.030444091946,4738.44564887101,7502.030444091946,9084.745490163255,10223.740057891546,9084.745490163255,10223.740057891546,6852.983668014595,6731.25048814881,6852.983668014595,6731.25048814881,6512.726795958729,10794.012397274206,6512.726795958729,10794.012397274206,4738.44564887101,7502.030444091946,4738.44564887101,7502.030444091946,9084.745490163255,10223.740057891546,9084.745490163255,10223.740057891546,7272.537721400487,9945.706419477581,7272.537721400487,9945.706419477581,11097.83661849676,12505.252595636079,11097.83661849676,12505.252595636079,4092.304982604604,9232.49202493582,4092.304982604604,9232.49202493582,10074.449239976111,5799.631318516953,10074.449239976111,5799.631318516953,9184.35101414095,10494.765902674588,9184.35101414095,10494.765902674588,10786.691051464168,14448.643238569848,10786.691051464168,14448.643238569848,9621.392113508644,6938.846244900723,9621.392113508644,6938.846244900723,9600.828865366058,7526.02030977997,9600.828865366058,7526.02030977997,4858.637239326629,6788.985174442139,4858.637239326629,6788.985174442139,8740.491305567999,7147.069965347323,8740.491305567999,7147.069965347323,6072.795779012413,5362.026547978029,6072.795779012413,5362.026547978029,10021.386229216432,8153.881363067753,10021.386229216432,8153.881363067753
2147.0218925772233,1789.9204966472678,2147.0218925772233,1789.9204966472678,1409.3095888538983,749.6936561373116,1409.3095888538983,749.6936561373116,2258.5059474506165,2265.495145768234,2258.5059474506165,2265.495145768234,1415.5934310734121,1241.9499410246544,1415.5934310734121,1241.9499410246544,2147.0218925772233,1789.9204966472678,2147.0218925772233,1789.9204966472678,1409.3095888538983,749.6936561373116,1409.3095888538983,749.6936561373116,1536.4246634426431,889.2759254687561,1536.4246634426431,889.2759254687561,830.2446410880431,1763.7655893310266,830.2446410880431,1763.7655893310266,1718.9350633192785,872.1336869294065,1718.9350633192785,872.1336869294065,1394.2157518374213,525.0681103967156,1394.2157518374213,525.0681103967156,1609.9236471352133,843.9505400195407,1609.9236471352133,843.9505400195407,1228.9417513950405,1064.9860118353326,1228.9417513950405,1064.9860118353326,1230.277805129389,1471.1268751592793,1230.277805129389,1471.1268751592793,999.7522270727968,1063.5821832072727,999.7522270727968,1063.5821832072727,1326.6881775572815,1168.2566685271413,1326.6881775572815,1168.2566685271413,777.1753714964573,895.8627756844087,777.1753714964573,895.8627756844087,774.0356593585196,768.0456105883494,774.0356593585196,768.0456105883494,2394.5857259865074,855.3762255806287,2394.5857259865074,855.3762255806287
1699.4230689541714,1834.3134988145264,1699.4230689541714,1834.3134988145264,1540.5547026632646,1629.208744370096,1540.5547026632646,1629.208744370096,1854.4998058706217,1572.1396249680367,1854.4998058706217,1572.1396249680367,1436.0903345362156,1427.1632880450086,1436.0903345362156,1427.1632880450086,1699.4230689541714,1834.3134988145264,1699.4230689541714,1834.3134988145264,1540.5547026632646,1629.208744370096,1540.5547026632646,1629.208744370096,1894.4562261085364,1736.0015607181522,1894.4562261085364,1736.0015607181522,1931.3130059764185,2199.3130897659607,1931.3130059764185,2199.3130897659607,1596.862732453536,1533.1384698481231,1596.862732453536,1533.1384698481231,1565.7448525524835,1355.794710265133,1565.7448525524835,1355.794710265133,1812.3158959938169,1676.6732657137168,1812.3158959938169,1676.6732657137168,2465.0362004936787,1709.7309424320572,2465.0362004936787,1709.7309424320572,1755.4845230215367,1654.7010371868405,1755.4845230215367,1654.7010371868405,2545.1488622316415,2521.344660487265,2545.1488622316415,2521.344660487265,1389.7605095837694,1314.6333560978946,1389.7605095837694,1314.6333560978946,1923.5555685962288,1808.8570942581543,1923.5555685962288,1808.8570942581543,1373.006988733103,1441.3004466809891,1373.006988733103,1441.3004466809891,2153.010999181507,2132.8896938219245,2153.010999181507,2132.8896938219245
5230.051068975507,5592.009566275137,5230.051068975507,5592.009566275137,4657.4182404805315,4678.714091618312,4657.4182404805315,4678.714091618312,5093.919926362235,5753.055681196826,5093.919926362235,5753.055681196826,4918.475181147119,4222.300626017925,4918.475181147119,4222.300626017925,5230.051068975507,5592.009566275137,5230.051068975507,5592.009566275137,4657.4182404805315,4678.714091618312,4657.4182404805315,4678.714091618312,4784.016816246068,5649.50051807117,4784.016816246068,5649.50051807117,4599.862005231538,4220.674586068638,4599.862005231538,4220.674586068638,5342.396421529586,4846.264577320071,5342.396421529586,4846.264577320071,2909.128979773365,4707.996095708089,2909.128979773365,4707.996095708089,5239.385034684248,5248.7354303268985,5239.385034684248,5248.7354303268985,3935.284982852665,5051.3299628227,3935.284982852665,5051.3299628227,4639.310388866744,3854.7405649293282,4639.310388866744,3854.7405649293282,3835.77635411971,1790.0471280260986,3835.77635411971,1790.0471280260986,4577.368745737935,4758.920312940634,4577.368745737935,4758.920312940634,3760.1868006906398,4297.687260714003,3760.1868006906398,4297.687260714003,4994.17431337206,3630.070839428729,4994.17431337206,3630.070839428729,3702.3315953698184,3271.9245496116046,3702.3315953698184,3271.9245496116046
6410.041115827988,5915.362419851876,6410.041115827988,5915.362419851876,5070.787275324025,5699.818991709281,5070.787275324025,5699.818991709281,5507.713985717301,6166.233642706354,5507.713985717301,6166.233642706354,4553.823079995157,5513.709405278148,4553.823079995157,5513.709405278148,6410.041115827988,5915.362419851876,6410.041115827988,5915.362419851876,5070.787275324025,5699.818991709281,5070.787275324025,5699.818991709281,5338.0145408981525,5173.9107814244135,5338.0145408981525,5173.9107814244135,5761.526010544316,4311.588080252229,5761.526010544316,4311.588080252229,5482.616538441866,4431.635795964979,5482.616538441866,4431.635795964979,4708.96582927992,4838.0530882203975,4708.96582927992,4838.0530882203975,5335.069758514817,4667.118217106162,5335.069758514817,4667.118217106162,5596.012725550322,7170.639279261521,5596.012725550322,7170.639279261521,7026.462026744778,6741.615725471495,7026.462026744778,6741.615725471495,7950.773648876719,5947.357640514391,7950.773648876719,5947.357640514391,4427.883863201036,4938.887467796106,4427.883863201036,4938.887467796106,7567.151598229092,5269.638574796061,7567.151598229092,5269.638574796061,4407.607130626669,4331.341471832312,4407.607130626669,4331.341471832312,5838.162882013211,6610.858329058569,5838.162882013211,6610.858329058569
3046.2789499449095,2632.9608963177416,3046.2789499449095,2632.9608963177416,3738.908150616245,4196.3047900181,3738.908150616245,4196.3047900181,3030.569369974824,2316.1127595491785,3030.569369974824,2316.1127595491785,3449.0195983155795,3481.9915292904648,3449.0195983155795,3481.9915292904648,3046.2789499449095,2632.9608963177416,3046.2789499449095,2632.9608963177416,3738.908150616245,4196.3047900181,3738.908150616245,4196.3047900181,3830.774795560051,3506.1832809799125,3830.774795560051,3506.1832809799125,5822.593683122576,4351.552325863005,5822.593683122576,4351.552325863005,3408.528883188072,3617.080686866321,3408.528883188072,3617.080686866321,5895.839638317724,4702.755623084966,5895.839638317724,4702.755623084966,4170.117162097856,3584.7409509596882,4170.117162097856,3584.7409509596882,4844.847369721,4536.954266158699,4844.847369721,4536.954266158699,4718.77026797664,3572.679535326521,4718.77026797664,3572.679535326521,5113.066493501833,3439.5523523370352,5113.066493501833,3439.5523523370352,3772.810120507266,4335.091081533042,3772.810120507266,4335.091081533042,3007.445912002885,4394.21457423888,3007.445912002885,4394.21457423888,3648.7008389146145,4286.221936870137,3648.7008389146145,4286.221936870137,5345.059312086901,5060.151052021305,5345.059312086901,5060.151052021305
2192.7966708057847,2117.2356515954934,2192.7966708057847,2117.2356515954934,2083.3967963685254,2185.8246708760503,2083.3967963685254,2185.8246708760503,2028.3932937614825,1968.4272262848974,2028.3932937614825,1968.4272262848974,2017.4912725659594,2081.999090041443,2017.4912725659594,2081.999090041443,2192.7966708057847,2117.2356515954934,2192.7966708057847,2117.2356515954934,2083.3967963685254,2185.8246708760503,2083.3967963685254,2185.8246708760503,2439.6304603910758,2890.655093174122,2439.6304603910758,2890.655093174122,2377.161965310546,2329.322993053724,2377.161965310546,2329.322993053724,2167.727769367623,2756.946413452255,2167.727769367623,2756.946413452255,2631.9822993734365,3559.596829442911,2631.9822993734365,3559.596829442911,2479.280718249086,2519.839556326065,2479.280718249086,2519.839556326065,2941.220604611781,1787.9600803667058,2941.220604611781,1787.9600803667058,2395.984102227786,2704.504214811252,2395.984102227786,2704.504214811252,2710.314617236247,3296.955928801229,2710.314617236247,3296.955928801229,2731.2437430484356,2376.825406735591,2731.2437430484356,2376.825406735591,2927.889188515634,2532.6214848364684,2927.889188515634,2532.6214848364684,2375.1164619913534,2652.36546482824,2375.1164619913534,2652.36546482824,2711.5868033345278,3826.479321011523,2711.5868033345278,3826.479321011523
6886.180817464374,6155.604173825732,6886.180817464374,6155.604173825732,4945.933000190758,5285.665458054757,4945.933000190758,5285.665458054757,7546.910488242646,5978.232851212467,7546.910488242646,5978.232851212467,4173.2270535429225,3522.215507700084,4173.2270535429225,3522.215507700084,6886.180817464374,6155.604173825732,6886.180817464374,6155.604173825732,4945.933000190758,5285.665458054757,4945.933000190758,5285.665458054757,5614.447336166378,3907.7172060596754,5614.447336166378,3907.7172060596754,4212.334509895128,3092.384301148548,4212.334509895128,3092.384301148548,5335.362101851776,4992.7842487667585,5335.362101851776,4992.7842487667585,5453.428817019289,4850.4773576681755,5453.428817019289,4850.4773576681755,5136.476952412646,3445.755067964482,5136.476952412646,3445.755067964482,5824.825129370785,2600.690170347768,5824.825129370785,2600.690170347768,2917.4878289309186,3690.016415146942,2917.4878289309186,3690.016415146942,4802.201055388354,4574.163700679499,4802.201055388354,4574.163700679499,4622.834907038194,3454.763545717406,4622.834907038194,3454.763545717406,7104.245191400477,3925.8863404035883,7104.245191400477,3925.8863404035883,4315.162996214773,3402.8072489850138,4315.162996214773,3402.8072489850138,4754.853280091862,5189.790766849176,4754.853280091862,5189.790766849176
1854.6263429135868,2086.921880750455,1854.6263429135868,2086.921880750455,1464.4123801835096,2636.1523170649807,1464.4123801835096,2636.1523170649807,2496.673183779895,2332.651632198128,2496.673183779895,2332.651632198128,1873.1872371279533,2271.167345451235,1873.1872371279533,2271.167345451235,1854.6263429135868,2086.921880750455,1854.6263429135868,2086.921880750455,1464.4123801835096,2636.1523170649807,1464.4123801835096,2636.1523170649807,1557.3374413771774,2436.413315128441,1557.3374413771774,2436.413315128441,1588.525824634821,1576.7238117663396,1588.525824634821,1576.7238117663396,1840.2671221748328,2325.9291129291782,1840.2671221748328,2325.9291129291782,1427.4343222286882,1543.6173180632643,1427.4343222286882,1543.6173180632643,1515.5827352295544,1323.2842852099427,1515.5827352295544,1323.2842852099427,2794.4062071312187,764.8463434852789,2794.4062071312187,764.8463434852789,895.7472592263595,1765.9010172009132,895.7472592263595,1765.9010172009132,1676.6572799397861,829.8871064809084,1676.6572799397861,829.8871064809084,969.2758635161132,3198.568744279569,969.2758635161132,3198.568744279569,768.6160111011422,2925.93839989892,768.6160111011422,2925.93839989892,1621.7930238935573,1339.8548777178628,1621.7930238935573,1339.8548777178628,1910.8812214380378,1703.055692480438,1910.8812214380378,1703.055692480438
5232.146188932468,5187.938534364747,5232.146188932468,5187.938534364747,4394.920070905975,4398.03787882143,4394.920070905975,4398.03787882143,4915.055929744992,4870.683860525095,4915.055929744992,4870.683860525095,4441.749216100551,5012.853171364657,4441.749216100551,5012.853171364657,5232.146188932468,5187.938534364747,5232.146188932468,5187.938534364747,4394.920070905975,4398.03787882143,4394.920070905975,4398.03787882143,4474.646088552742,5656.519622763778,4474.646088552742,5656.519622763778,4290.84641579761,5439.8450827949,4290.84641579761,5439.8450827949,4507.327163935096,4305.558154098843,4507.327163935096,4305.558154098843,4532.940550496788,5446.058832825825,4532.940550496788,5446.058832825825,4746.445836659782,4983.526916704784,4746.445836659782,4983.526916704784,4219.9946796004315,4379.370442753984,4219.9946796004315,4379.370442753984,4631.916595940477,6008.227136126283,4631.916595940477,6008.227136126283,6356.226658757194,4280.660630697226,6356.226658757194,4280.660630697226,4265.458155924373,5287.348720723201,4265.458155924373,5287.348720723201,3370.5639568609267,3847.08128163162,3370.5639568609267,3847.08128163162,4539.1520587750865,5324.506779720082,4539.1520587750865,5324.506779720082,5141.000544229672,3517.4082454516715,5141.000544229672,3517.4082454516715
4266.307011397127,4244.376111362511,4266.307011397127,4244.376111362511,4388.4208527883375,4121.190277495086,4388.4208527883375,4121.190277495086,4441.092927187997,4287.012634938556,4441.092927187997,4287.012634938556,3471.9522431051255,3509.8305332051505,3471.9522431051255,3509.8305332051505,4266.307011397127,4244.376111362511,4266.307011397127,4244.376111362511,4388.4208527883375,4121.190277495086,4388.4208527883375,4121.190277495086,3449.5541936871914,2944.618752257674,3449.5541936871914,2944.618752257674,2014.9962426118368,1267.0281726400046,2014.9962426118368,1267.0281726400046,3170.254766095066,3395.333649948413,3170.254766095066,3395.333649948413,2881.5273405227667,3184.713309360491,2881.5273405227667,3184.713309360491,2617.5712319282743,2756.6358782720745,2617.5712319282743,2756.6358782720745,1269.1242204749617,2281.173520868377,1269.1242204749617,2281.173520868377,2443.1369290800208,2036.4504325361722,2443.1369290800208,2036.4504325361722,2138.2759530752096,1127.7353018217216,2138.2759530752096,1127.7353018217216,3013.200227537532,2138.932600072298,3013.200227537532,2138.932600072298,1967.795701347581,2658.606622015187,1967.795701347581,2658.606622015187,3142.1817123141554,2355.5492650901206,3142.1817123141554,2355.5492650901206,1684.5937266338562,1818.4508774931903,1684.5937266338562,1818.4508774931903
2669.1345015042893,2402.6697874234223,2669.1345015042893,2402.6697874234223,4009.5741431035863,2878.348596679993,4009.5741431035863,2878.348596679993,2432.064071235048,2333.0043228349114,2432.064071235048,2333.0043228349114,2414.668493929028,4122.726710242516,2414.668493929028,4122.726710242516,2669.1345015042893,2402.6697874234223,2669.1345015042893,2402.6697874234223,4009.5741431035863,2878.348596679993,4009.5741431035863,2878.348596679993,2063.6841352468864,3455.53328222921,2063.6841352468864,3455.53328222921,4725.941006992135,3679.168626800848,4725.941006992135,3679.168626800848,1841.2529762796767,4099.33070402275,1841.2529762796767,4099.33070402275,2802.359584270546,3220.826655974121,2802.359584270546,3220.826655974121,3065.821794825587,3245.231105292192,3065.821794825587,3245.231105292192,2626.1117407452607,3851.8144499215327,2626.1117407452607,3851.8144499215327,2433.983088037975,3516.2144366130296,2433.983088037975,3516.2144366130296,3319.3663664047976,2639.4946160110244,3319.3663664047976,2639.4946160110244,2961.59474668108,2854.876748893286,2961.59474668108,2854.876748893286,4369.808090694697,3769.570957328518,4369.808090694697,3769.570957328518,3016.4642497822065,3232.3563713296453,3016.4642497822065,3232.3563713296453,4540.572473400501,3254.3047422227783,4540.572473400501,3254.3047422227783
9354.263466659115,10830.329778266454,9354.263466659115,10830.329778266454,10232.575326957876,11423.577749976539,10232.575326957876,11423.577749976539,9268.562777193833,10881.489457933569,9268.562777193833,10881.489457933569,9751.866957645916,10505.872649329525,9751.866957645916,10505.872649329525,9354.263466659115,10830.329778266454,9354.263466659115,10830.329778266454,10232.575326957876,11423.577749976539,10232.575326957876,11423.577749976539,9791.55423009508,9989.74929843213,9791.55423009508,9989.74929843213,9608.201073133478,11807.543781972057,9608.201073133478,11807.543781972057,10056.831217246126,10522.061202103852,10056.831217246126,10522.061202103852,9515.77860279257,12657.307651016412,9515.77860279257,12657.307651016412,10837.590639711827,10130.700485606996,10837.590639711827,10130.700485606996,9205.62063402292,11810.400628882944,9205.62063402292,11810.400628882944,10688.34287473454,11819.11630679491,10688.34287473454,11819.11630679491,12374.065102467892,10451.372900335713,12374.065102467892,10451.372900335713,9155.846419812644,11415.181059980274,9155.846419812644,11415.181059980274,10130.182442321533,11870.291900464681,10130.182442321533,11870.291900464681,9989.116312604949,9412.167658237866,9989.116312604949,9412.167658237866,8097.67199355241,11357.656469864398,8097.67199355241,11357.656469864398
6166.971413367524,5691.2384917198215,6166.971413367524,5691.2384917198215,5611.8628708422375,6139.933726987387,5611.8628708422375,6139.933726987387,5684.840224894496,5782.770406969872,5684.840224894496,5782.770406969872,5010.5680662543455,5409.512780975897,5010.5680662543455,5409.512780975897,6166.971413367524,5691.2384917198215,6166.971413367524,5691.2384917198215,5611.8628708422375,6139.933726987387,5611.8628708422375,6139.933726987387,5274.833047036896,6359.2746595690105,5274.833047036896,6359.2746595690105,5286.080030156669,5469.823109747406,5286.080030156669,5469.823109747406,6367.938563487728,6300.635300963086,6367.938563487728,6300.635300963086,6908.395577581138,7775.612191000911,6908.395577581138,7775.612191000911,5966.929954000567,6012.934897398168,5966.929954000567,6012.934897398168,6112.626065716999,6145.503049335114,6112.626065716999,6145.503049335114,8515.978548915777,5185.055716949003,8515.978548915777,5185.055716949003,7301.722390681779,9133.811304917273,7301.722390681779,9133.811304917273,7952.6423700729965,6401.322997023851,7952.6423700729965,6401.322997023851,7631.771251835168,8444.500948474286,7631.771251835168,8444.500948474286,9304.349357211811,7297.031199000245,9304.349357211811,7297.031199000245,6992.632806948527,6185.9334803268885,6992.632806948527,6185.9334803268885
6198.195880312986,6830.390446740179,6198.195880312986,6830.390446740179,5793.400161878671,5141.588404802168,5793.400161878671,5141.588404802168,6383.803953269866,6672.583280700295,6383.803953269866,6672.583280700295,5449.404405530467,4756.043459802507,5449.404405530467,4756.043459802507,6198.195880312986,6830.390446740179,6198.195880312986,6830.390446740179,5793.400161878671,5141.588404802168,5793.400161878671,5141.588404802168,5389.474314030097,5618.610915030963,5389.474314030097,5618.610915030963,3598.041292919834,3593.995438356304,3598.041292919834,3593.995438356304,5521.879164108012,4706.858764615476,5521.879164108012,4706.858764615476,5558.088789423468,3779.4634032641993,5558.088789423468,3779.4634032641993,5045.787566646467,4736.676489298651,5045.787566646467,4736.676489298651,4448.36348264951,5741.73748846266,4448.36348264951,5741.73748846266,4334.147898529687,4577.019613046809,4334.147898529687,4577.019613046809,5054.161142290674,3624.019849486226,5054.161142290674,3624.019849486226,4993.456463717019,4841.289591113746,4993.456463717019,4841.289591113746,4000.587129556618,4258.313540590538,4000.587129556618,4258.313540590538,5005.543822143737,4100.576073210865,5005.543822143737,4100.576073210865,3406.5429334675077,2630.832535349438,3406.5429334675077,2630.832535349438
4297.567928358101,4919.485793478825,4297.567928358101,4919.485793478825,2083.594076410079,2774.6669572385763,2083.594076410079,2774.6669572385763,4648.074888653508,5123.622195854208,4648.074888653508,5123.622195854208,2829.4007532695737,2719.0198158429835,2829.4007532695737,2719.0198158429835,4297.567928358101,4919.485793478825,4297.567928358101,4919.485793478825,2083.594076410079,2774.6669572385763,2083.594076410079,2774.6669572385763,2025.0973499596087,2291.6429349774203,2025.0973499596087,2291.6429349774203,1338.4820159783715,2434.7419894309273,1338.4820159783715,2434.7419894309273,1998.8925438869235,2477.6664019237046,1998.8925438869235,2477.6664019237046,1098.3819514320746,1173.117725810634,1098.3819514320746,1173.117725810634,2243.742675392534,2014.2471541767343,2243.742675392534,2014.2471541767343,835.3732120143768,1288.3683377172658,835.3732120143768,1288.3683377172658,1721.860032845025,1609.6540008201525,1721.860032845025,1609.6540008201525,1259.8211157572648,1175.3164987517437,1259.8211157572648,1175.3164987517437,2036.8062237888992,1590.1521137559955,2036.8062237888992,1590.1521137559955,621.9381654861692,2073.872792860629,621.9381654861692,2073.872792860629,1463.900675958287,1817.329406784464,1463.900675958287,1817.329406784464,1460.569809150773,846.7322686471185,1460.569809150773,846.7322686471185
2933.274450609844,2987.2051484546005,2933.274450609844,2987.2051484546005,3272.6280391501664,3567.344359889168,3272.6280391501664,3567.344359889168,2989.412376685093,3215.8387988828367,2989.412376685093,3215.8387988828367,3652.0713031366236,3192.3765782600863,3652.0713031366236,3192.3765782600863,2933.274450609844,2987.2051484546005,2933.274450609844,2987.2051484546005,3272.6280391501664,3567.344359889168,3272.6280391501664,3567.344359889168,2891.710135266941,2732.655278600345,2891.710135266941,2732.655278600345,2186.5105196545123,2846.832018086774,2186.5105196545123,2846.832018086774,2805.3017521847955,2810.2111533930088,2805.3017521847955,2810.2111533930088,2950.3332583489346,2380.5748950642896,2950.3332583489346,2380.5748950642896,2851.3746477930736,2889.9342281261765,2851.3746477930736,2889.9342281261765,3000.063127096714,2459.8723634896023,3000.063127096714,2459.8723634896023,2732.4236674934887,3481.164011848624,2732.4236674934887,3481.164011848624,3510.968891456271,3002.4005114605116,3510.968891456271,3002.4005114605116,2909.002994107449,3260.910357757685,2909.002994107449,3260.910357757685,3334.205568660366,2608.4181049960685,3334.205568660366,2608.4181049960685,2707.2139862608988,2816.5713153090283,2707.2139862608988,2816.5713153090283,3096.190255370414,2847.258919812589,3096.190255370414,2847.258919812589
1937.9073023443375,1718.0717020720003,1937.9073023443375,1718.0717020720003,1991.8014832616313,2190.4531637511536,1991.8014832616313,2190.4531637511536,1891.547414746386,1703.099248596574,1891.547414746386,1703.099248596574,1389.0498285013157,2186.7383008793167,1389.0498285013157,2186.7383008793167,1937.9073023443375,1718.0717020720003,1937.9073023443375,1718.0717020720003,1991.8014832616313,2190.4531637511536,1991.8014832616313,2190.4531637511536,1609.6462773390888,1875.7783597939094,1609.6462773390888,1875.7783597939094,1369.362280299035,1810.8267130638385,1369.362280299035,1810.8267130638385,1573.390109058405,1513.643263798818,1573.390109058405,1513.643263798818,1144.5832378199011,1704.3595542887228,1144.5832378199011,1704.3595542887228,1464.8346392049957,1783.1316513768777,1464.8346392049957,1783.1316513768777,1853.5227709354983,2768.7329203472254,1853.5227709354983,2768.7329203472254,1792.0240404777594,2060.727458692682,1792.0240404777594,2060.727458692682,1987.8028866956204,1972.1410578408208,1987.8028866956204,1972.1410578408208,1445.811883961748,1492.538883043178,1445.811883961748,1492.538883043178,2045.1220536782316,1487.7801082629383,2045.1220536782316,1487.7801082629383,1965.4307264900506,1439.5378454325125,1965.4307264900506,1439.5378454325125,1684.708354281124,2124.742245731548,1684.708354281124,2124.742245731548
611.4458468165745,864.381624961657,611.4458468165745,864.381624961657,825.8203586845527,956.0354804568743,825.8203586845527,956.0354804568743,710.2198284503284,797.8186349002933,710.2198284503284,797.8186349002933,752.1592700612597,1117.2043982393989,752.1592700612597,1117.2043982393989,611.4458468165745,864.381624961657,611.4458468165745,864.381624961657,825.8203586845527,956.0354804568743,825.8203586845527,956.0354804568743,682.3180743241699,815.0991474403199,682.3180743241699,815.0991474403199,740.0498637282959,963.076064846952,740.0498637282959,963.076064846952,643.9297342495996,985.8970319434665,643.9297342495996,985.8970319434665,618.9050861813926,1073.7577338898507,618.9050861813926,1073.7577338898507,619.0567398635353,938.8277786239707,619.0567398635353,938.8277786239707,560.655432630184,1253.303924197538,560.655432630184,1253.303924197538,769.051186258932,1087.4410408814604,769.051186258932,1087.4410408814604,985.2903264369288,1254.8969205154835,985.2903264369288,1254.8969205154835,794.9857076569925,1237.7846182077253,794.9857076569925,1237.7846182077253,585.027333119091,1169.7910949982693,585.027333119091,1169.7910949982693,842.3962927526106,1089.2388545786669,842.3962927526106,1089.2388545786669,1206.2600060867205,1220.5925629382943,1206.2600060867205,1220.5925629382943
769.0593755708708,858.1809296797938,769.0593755708708,858.1809296797938,807.0843708851629,983.3046895967594,807.0843708851629,983.3046895967594,738.0456302248504,930.6835507251557,738.0456302248504,930.6835507251557,594.1979147357125,946.2381437701122,594.1979147357125,946.2381437701122,769.0593755708708,858.1809296797938,769.0593755708708,858.1809296797938,807.0843708851629,983.3046895967594,807.0843708851629,983.3046895967594,724.7067306931302,940.6189979908119,724.7067306931302,940.6189979908119,916.3078152726672,870.1657352585573,916.3078152726672,870.1657352585573,860.57506851646,988.9677708607447,860.57506851646,988.9677708607447,761.4922150693786,1082.0087541655446,761.4922150693786,1082.0087541655446,845.6752242066335,1023.3004932861744,845.6752242066335,1023.3004932861744,803.9830284210019,925.2539881287819,803.9830284210019,925.2539881287819,690.5569295172871,1028.337080345191,690.5569295172871,1028.337080345191,647.4186437874521,757.2152249465952,647.4186437874521,757.2152249465952,1372.2058384668142,1042.1836859199932,1372.2058384668142,1042.1836859199932,1105.8179194850647,1282.1146551966067,1105.8179194850647,1282.1146551966067,780.1151981904368,1034.7214552827854,780.1151981904368,1034.7214552827854,573.6273174971219,1177.8315958672374,573.6273174971219,1177.8315958672374
1867.5662799989982,1898.7754358681489,1867.5662799989982,1898.7754358681489,1638.3658291550998,1549.5013060541671,1638.3658291550998,1549.5013060541671,1746.0279994494565,1954.067654525184,1746.0279994494565,1954.067654525184,1839.7585206448887,1966.8818068492321,1839.7585206448887,1966.8818068492321,1867.5662799989982,1898.7754358681489,1867.5662799989982,1898.7754358681489,1638.3658291550998,1549.5013060541671,1638.3658291550998,1549.5013060541671,1946.147458787937,1742.518623415754,1946.147458787937,1742.518623415754,2183.1781721913894,1869.9548046323634,2183.1781721913894,1869.9548046323634,1748.9547267686037,1769.94997644674,1748.9547267686037,1769.94997644674,1820.5578152702237,1671.920541603626,1820.5578152702237,1671.920541603626,2057.385925579611,1761.662431239866,2057.385925579611,1761.662431239866,2213.10272635221,1853.544194058421,2213.10272635221,1853.544194058421,1631.7023852192408,1740.8466809159513,1631.7023852192408,1740.8466809159513,1663.2896102024301,1560.3960447563768,1663.2896102024301,1560.3960447563768,1818.2556434968678,2115.0285217235883,1818.2556434968678,2115.0285217235883,2094.3957468797607,1456.2136079810334,2094.3957468797607,1456.2136079810334,1629.7919137477095,1920.833222975965,1629.7919137477095,1920.833222975965,1987.8185498422438,1740.7152431393954,1987.8185498422438,1740.7152431393954
2343.3224757556,2777.7595715780235,2343.3224757556,2777.7595715780235,3178.058129665719,4225.399298378284,3178.058129665719,4225.399298378284,3075.1552047396467,2582.6216170597795,3075.1552047396467,2582.6216170597795,3025.222449594543,3934.4802322509663,3025.222449594543,3934.4802322509663,2343.3224757556,2777.7595715780235,2343.3224757556,2777.7595715780235,3178.058129665719,4225.399298378284,3178.058129665719,4225.399298378284,4036.7398746319427,3322.578631659608,4036.7398746319427,3322.578631659608,3754.9261096672476,4219.365156055751,3754.9261096672476,4219.365156055751,3644.850151215116,3455.82341115257,3644.850151215116,3455.82341115257,3086.7250115098436,3791.1220510958397,3086.7250115098436,3791.1220510958397,3692.963094335622,3438.981640301805,3692.963094335622,3438.981640301805,3951.680520908029,4013.5573403794174,3951.680520908029,4013.5573403794174,3875.472993855238,4544.428422053004,3875.472993855238,4544.428422053004,3018.793546248845,3612.7936694165787,3018.793546248845,3612.7936694165787,3683.749818157589,3475.999459959386,3683.749818157589,3475.999459959386,4342.2646283364975,4127.365293473312,4342.2646283364975,4127.365293473312,4275.802203646796,3876.9403365063504,4275.802203646796,3876.9403365063504,3550.2365548079215,3490.2567489082867,3550.2365548079215,3490.2567489082867
