"(7, -1, 0.1, 100, 0.8, 0.8)","(7, -1, 0.1, 100, 0.8, 1.0)","(7, -1, 0.1, 100, 1.0, 0.8)","(7, -1, 0.1, 100, 1.0, 1.0)","(7, -1, 0.2, 100, 0.8, 0.8)","(7, -1, 0.2, 100, 0.8, 1.0)","(7, -1, 0.2, 100, 1.0, 0.8)","(7, -1, 0.2, 100, 1.0, 1.0)","(7, 5, 0.1, 100, 0.8, 0.8)","(7, 5, 0.1, 100, 0.8, 1.0)","(7, 5, 0.1, 100, 1.0, 0.8)","(7, 5, 0.1, 100, 1.0, 1.0)","(7, 5, 0.2, 100, 0.8, 0.8)","(7, 5, 0.2, 100, 0.8, 1.0)","(7, 5, 0.2, 100, 1.0, 0.8)","(7, 5, 0.2, 100, 1.0, 1.0)","(7, 7, 0.1, 100, 0.8, 0.8)","(7, 7, 0.1, 100, 0.8, 1.0)","(7, 7, 0.1, 100, 1.0, 0.8)","(7, 7, 0.1, 100, 1.0, 1.0)","(7, 7, 0.2, 100, 0.8, 0.8)","(7, 7, 0.2, 100, 0.8, 1.0)","(7, 7, 0.2, 100, 1.0, 0.8)","(7, 7, 0.2, 100, 1.0, 1.0)","(15, -1, 0.1, 100, 0.8, 0.8)","(15, -1, 0.1, 100, 0.8, 1.0)","(15, -1, 0.1, 100, 1.0, 0.8)","(15, -1, 0.1, 100, 1.0, 1.0)","(15, -1, 0.2, 100, 0.8, 0.8)","(15, -1, 0.2, 100, 0.8, 1.0)","(15, -1, 0.2, 100, 1.0, 0.8)","(15, -1, 0.2, 100, 1.0, 1.0)","(15, 5, 0.1, 100, 0.8, 0.8)","(15, 5, 0.1, 100, 0.8, 1.0)","(15, 5, 0.1, 100, 1.0, 0.8)","(15, 5, 0.1, 100, 1.0, 1.0)","(15, 5, 0.2, 100, 0.8, 0.8)","(15, 5, 0.2, 100, 0.8, 1.0)","(15, 5, 0.2, 100, 1.0, 0.8)","(15, 5, 0.2, 100, 1.0, 1.0)","(15, 7, 0.1, 100, 0.8, 0.8)","(15, 7, 0.1, 100, 0.8, 1.0)","(15, 7, 0.1, 100, 1.0, 0.8)","(15, 7, 0.1, 100, 1.0, 1.0)","(15, 7, 0.2, 100, 0.8, 0.8)","(15, 7, 0.2, 100, 0.8, 1.0)","(15, 7, 0.2, 100, 1.0, 0.8)","(15, 7, 0.2, 100, 1.0, 1.0)","(31, -1, 0.1, 100, 0.8, 0.8)","(31, -1, 0.1, 100, 0.8, 1.0)","(31, -1, 0.1, 100, 1.0, 0.8)","(31, -1, 0.1, 100, 1.0, 1.0)","(31, -1, 0.2, 100, 0.8, 0.8)","(31, -1, 0.2, 100, 0.8, 1.0)","(31, -1, 0.2, 100, 1.0, 0.8)","(31, -1, 0.2, 100, 1.0, 1.0)","(31, 5, 0.1, 100, 0.8, 0.8)","(31, 5, 0.1, 100, 0.8, 1.0)","(31, 5, 0.1, 100, 1.0, 0.8)","(31, 5, 0.1, 100, 1.0, 1.0)","(31, 5, 0.2, 100, 0.8, 0.8)","(31, 5, 0.2, 100, 0.8, 1.0)","(31, 5, 0.2, 100, 1.0, 0.8)","(31, 5, 0.2, 100, 1.0, 1.0)","(31, 7, 0.1, 100, 0.8, 0.8)","(31, 7, 0.1, 100, 0.8, 1.0)","(31, 7, 0.1, 100, 1.0, 0.8)","(31, 7, 0.1, 100, 1.0, 1.0)","(31, 7, 0.2, 100, 0.8, 0.8)","(31, 7, 0.2, 100, 0.8, 1.0)","(31, 7, 0.2, 100, 1.0, 0.8)","(31, 7, 0.2, 100, 1.0, 1.0)"
0.04872357067835296,0.048893402751790174,0.04872357067835296,0.048893402751790174,0.05590309386104589,0.053211578948020616,0.05590309386104589,0.053211578948020616,0.05851588305145972,0.05199745979699124,0.05851588305145972,0.05199745979699124,0.05980128749961342,0.043569905609211965,0.05980128749961342,0.043569905609211965,0.04872357067835296,0.048893402751790174,0.04872357067835296,0.048893402751790174,0.05590309386104589,0.053211578948020616,0.05590309386104589,0.053211578948020616,0.05375843036520258,0.050301914851044856,0.05375843036520258,0.050301914851044856,0.03293867974327064,0.05427470013929174,0.03293867974327064,0.05427470013929174,0.044544685653467385,0.044020952777523104,0.044544685653467385,0.044020952777523104,0.05200613162640566,0.05446930647659061,0.05200613162640566,0.05446930647659061,0.04551488390638237,0.04445384332783215,0.04551488390638237,0.04445384332783215,0.03860749759171192,0.052286125203480464,0.03860749759171192,0.052286125203480464,0.03979271258132461,0.051258117486520566,0.03979271258132461,0.051258117486520566,0.047876302785901916,0.054066960250564504,0.047876302785901916,0.054066960250564504,0.03802672234830614,0.03474507277811006,0.03802672234830614,0.03474507277811006,0.04009530429703468,0.04432028074735657,0.04009530429703468,0.04432028074735657,0.040082680472095476,0.04227920740124228,0.040082680472095476,0.04227920740124228,0.04906283103669518,0.044534412806939476,0.04906283103669518,0.044534412806939476
0.06660086783740207,0.046430634070435704,0.06660086783740207,0.046430634070435704,0.040632171709119966,0.053451553071436377,0.040632171709119966,0.053451553071436377,0.056528279091466994,0.060393014324951165,0.056528279091466994,0.060393014324951165,0.046598918339149614,0.043217425313238446,0.046598918339149614,0.043217425313238446,0.06660086783740207,0.046430634070435704,0.06660086783740207,0.046430634070435704,0.040632171709119966,0.053451553071436377,0.040632171709119966,0.053451553071436377,0.054787791390606175,0.053106169223072375,0.054787791390606175,0.053106169223072375,0.08133883451086474,0.09855404734566528,0.08133883451086474,0.09855404734566528,0.059836801047334034,0.05878585807869362,0.059836801047334034,0.05878585807869362,0.08556658566602167,0.049617555372547376,0.08556658566602167,0.049617555372547376,0.06786141642904807,0.06012981264987146,0.06786141642904807,0.06012981264987146,0.07862977163367038,0.04532254602891547,0.07862977163367038,0.04532254602891547,0.039561962950977324,0.048051110538823646,0.039561962950977324,0.048051110538823646,0.022488425246067627,0.05269463551304656,0.022488425246067627,0.05269463551304656,0.043362540990507674,0.03384294049348189,0.043362540990507674,0.03384294049348189,0.06348286618588092,0.06390901385451365,0.06348286618588092,0.06390901385451365,0.05960919229349958,0.06707406035548205,0.05960919229349958,0.06707406035548205,0.07626398877097126,0.017331611482111382,0.07626398877097126,0.017331611482111382
0.4920657793457045,0.5047307459010829,0.4920657793457045,0.5047307459010829,0.49362538905458486,0.4738146706841347,0.49362538905458486,0.4738146706841347,0.5281511348929631,0.5029707490518485,0.5281511348929631,0.5029707490518485,0.49188050565543956,0.4918072054162666,0.49188050565543956,0.4918072054162666,0.4920657793457045,0.5047307459010829,0.4920657793457045,0.5047307459010829,0.49362538905458486,0.4738146706841347,0.49362538905458486,0.4738146706841347,0.4471074543291662,0.4585093306986628,0.4471074543291662,0.4585093306986628,0.4557259235446822,0.5880099181215641,0.4557259235446822,0.5880099181215641,0.4539247470018801,0.4591567208559278,0.4539247470018801,0.4591567208559278,0.4060179304670739,0.4781522699216284,0.4060179304670739,0.4781522699216284,0.4678138291428254,0.5232173867197273,0.4678138291428254,0.5232173867197273,0.40095466883933684,0.5243079391562724,0.40095466883933684,0.5243079391562724,0.44855207297998206,0.4248112971349457,0.44855207297998206,0.4248112971349457,0.3956096631678016,0.4643256577929512,0.3956096631678016,0.4643256577929512,0.434794615910846,0.4417453143708571,0.434794615910846,0.4417453143708571,0.4175747645606191,0.4294222524401315,0.4175747645606191,0.4294222524401315,0.4953858938744382,0.46343690500072016,0.4953858938744382,0.46343690500072016,0.4588175795687109,0.36685451202662434,0.4588175795687109,0.36685451202662434
0.04773465145099612,0.02952595741526658,0.04773465145099612,0.02952595741526658,0.1652965175778307,0.1093040800166116,0.1652965175778307,0.1093040800166116,0.059409769022511584,0.037102032847299175,0.059409769022511584,0.037102032847299175,0.12560029657823482,0.06948015792406328,0.12560029657823482,0.06948015792406328,0.04773465145099612,0.02952595741526658,0.04773465145099612,0.02952595741526658,0.1652965175778307,0.1093040800166116,0.1652965175778307,0.1093040800166116,0.10123189081816057,0.025513949107058332,0.10123189081816057,0.025513949107058332,0.04580305772694484,0.054682692042785884,0.04580305772694484,0.054682692042785884,0.08631745529009223,0.041282537986395654,0.08631745529009223,0.041282537986395654,0.12639294634296766,0.0373660657669723,0.12639294634296766,0.0373660657669723,0.09059811330150566,0.014625938939640934,0.09059811330150566,0.014625938939640934,0.07271321861931641,0.05630161535563834,0.07271321861931641,0.05630161535563834,0.03579341065575216,0.043918891554286715,0.03579341065575216,0.043918891554286715,0.059476443930629855,0.023243412127741492,0.059476443930629855,0.023243412127741492,0.12020019670709373,0.08550839280667452,0.12020019670709373,0.08550839280667452,0.10874089243588418,0.14319160860583963,0.10874089243588418,0.14319160860583963,0.05882320888677228,0.037259379857657114,0.05882320888677228,0.037259379857657114,0.022646068602207355,0.029403089361340784,0.022646068602207355,0.029403089361340784
0.13347450924468415,0.11525768095169935,0.13347450924468415,0.11525768095169935,0.05713645285988282,0.09873797283164407,0.05713645285988282,0.09873797283164407,0.08815679057319949,0.08000989128897344,0.08815679057319949,0.08000989128897344,0.09659940087985214,0.1253633708686,0.09659940087985214,0.1253633708686,0.13347450924468415,0.11525768095169935,0.13347450924468415,0.11525768095169935,0.05713645285988282,0.09873797283164407,0.05713645285988282,0.09873797283164407,0.17186504474892922,0.10090900091093906,0.17186504474892922,0.10090900091093906,0.10520427066889604,0.14053134028007333,0.10520427066889604,0.14053134028007333,0.0746839847132865,0.11357210225768752,0.0746839847132865,0.11357210225768752,0.10250059285213453,0.04772095201641105,0.10250059285213453,0.04772095201641105,0.151399943622924,0.08727071611070157,0.151399943622924,0.08727071611070157,0.09599285360556806,0.059805168858941715,0.09599285360556806,0.059805168858941715,0.14506574347663814,0.1206892255828295,0.14506574347663814,0.1206892255828295,0.11586094170777202,0.0532748426327054,0.11586094170777202,0.0532748426327054,0.09409852232125741,0.08214398647046314,0.09409852232125741,0.08214398647046314,0.08237303331407272,0.12927553566374794,0.08237303331407272,0.12927553566374794,0.10101837676750272,0.10147137276466625,0.10101837676750272,0.10147137276466625,0.09512327166038316,0.11114289693018305,0.09512327166038316,0.11114289693018305
0.23930113057125704,0.2783097216336624,0.23930113057125704,0.2783097216336624,0.2784249681022086,0.262262740735589,0.2784249681022086,0.262262740735589,0.2559044122178615,0.27930616830807864,0.2559044122178615,0.27930616830807864,0.3203825422527694,0.28870147517094014,0.3203825422527694,0.28870147517094014,0.23930113057125704,0.2783097216336624,0.23930113057125704,0.2783097216336624,0.2784249681022086,0.262262740735589,0.2784249681022086,0.262262740735589,0.23945357287014746,0.2559579918497266,0.23945357287014746,0.2559579918497266,0.2279836583131103,0.2091101109983188,0.2279836583131103,0.2091101109983188,0.2375618261814751,0.22779326564939334,0.2375618261814751,0.22779326564939334,0.18882457059034957,0.2182636585758523,0.18882457059034957,0.2182636585758523,0.25342561142455045,0.25665413358954425,0.25342561142455045,0.25665413358954425,0.20234278841774023,0.22447639259100732,0.20234278841774023,0.22447639259100732,0.21054389791562517,0.1815926599818534,0.21054389791562517,0.1815926599818534,0.21435750395918682,0.27583250568852685,0.21435750395918682,0.27583250568852685,0.24303946817380498,0.29592145919269075,0.24303946817380498,0.29592145919269075,0.25005007083229447,0.19063413950510205,0.25005007083229447,0.19063413950510205,0.20955413553198077,0.18255901412586611,0.20955413553198077,0.18255901412586611,0.22280618589574802,0.26654642672075074,0.22280618589574802,0.26654642672075074
0.06326119554898041,0.0681729042328899,0.06326119554898041,0.0681729042328899,0.08171467040114619,0.04571928488490069,0.08171467040114619,0.04571928488490069,0.059425450257852924,0.05264555013266067,0.059425450257852924,0.05264555013266067,0.056194586189477556,0.06439933291942629,0.056194586189477556,0.06439933291942629,0.06326119554898041,0.0681729042328899,0.06326119554898041,0.0681729042328899,0.08171467040114619,0.04571928488490069,0.08171467040114619,0.04571928488490069,0.07174291919532177,0.03731711237069967,0.07174291919532177,0.03731711237069967,0.10096726334254244,0.043134894951797995,0.10096726334254244,0.043134894951797995,0.06473804730359577,0.04938582098424252,0.06473804730359577,0.04938582098424252,0.06252409863192104,0.03022600224100787,0.06252409863192104,0.03022600224100787,0.056962962214083895,0.041424670834257486,0.056962962214083895,0.041424670834257486,0.0548340910599954,0.054931932439120174,0.0548340910599954,0.054931932439120174,0.04264168278052247,0.05459681227764619,0.04264168278052247,0.05459681227764619,0.09141550005741006,0.08761192492685806,0.09141550005741006,0.08761192492685806,0.06365545561212131,0.04290672393647651,0.06365545561212131,0.04290672393647651,0.10063477297632656,0.0478989884967402,0.10063477297632656,0.0478989884967402,0.05981973158616591,0.035220155933491176,0.05981973158616591,0.035220155933491176,0.04344799270851696,0.08226555227163398,0.04344799270851696,0.08226555227163398
0.18808130744190263,0.20672719479193846,0.18808130744190263,0.20672719479193846,0.26353072621221607,0.18612373833232185,0.26353072621221607,0.18612373833232185,0.18076483839718133,0.18376285155446698,0.18076483839718133,0.18376285155446698,0.29979035881741756,0.20631816478718373,0.29979035881741756,0.20631816478718373,0.18808130744190263,0.20672719479193846,0.18808130744190263,0.20672719479193846,0.26353072621221607,0.18612373833232185,0.26353072621221607,0.18612373833232185,0.22830100585861143,0.20434555317694422,0.22830100585861143,0.20434555317694422,0.3500306084571014,0.2559253888389102,0.3500306084571014,0.2559253888389102,0.2569784143011575,0.23207730167908122,0.2569784143011575,0.23207730167908122,0.2932975786272053,0.29169713506968936,0.2932975786272053,0.29169713506968936,0.23294602027101224,0.23743635297314816,0.23294602027101224,0.23743635297314816,0.32734901987224396,0.28490067568442046,0.32734901987224396,0.28490067568442046,0.29107525161365605,0.2525852110445853,0.29107525161365605,0.2525852110445853,0.42007323194856755,0.28445305253661535,0.42007323194856755,0.28445305253661535,0.2482056637736166,0.2649359663996342,0.2482056637736166,0.2649359663996342,0.4550591685082837,0.2723468642758448,0.4550591685082837,0.2723468642758448,0.23454258332319552,0.2981714279982803,0.23454258332319552,0.2981714279982803,0.27225864290586227,0.2949652892534981,0.27225864290586227,0.2949652892534981
0.3003013893041741,0.24296909353681614,0.3003013893041741,0.24296909353681614,0.21814535934482623,0.14244894445420467,0.21814535934482623,0.14244894445420467,0.22418087511593185,0.2218312886191724,0.22418087511593185,0.2218312886191724,0.19876445729561867,0.17837732852894816,0.19876445729561867,0.17837732852894816,0.3003013893041741,0.24296909353681614,0.3003013893041741,0.24296909353681614,0.21814535934482623,0.14244894445420467,0.21814535934482623,0.14244894445420467,0.3433446562394278,0.36976368893221667,0.3433446562394278,0.36976368893221667,0.378618617583978,0.4054854924619293,0.378618617583978,0.4054854924619293,0.3053658254544194,0.3269615085579858,0.3053658254544194,0.3269615085579858,0.5222509387855465,0.3332375806211061,0.5222509387855465,0.3332375806211061,0.35229371022292577,0.34708201383377035,0.35229371022292577,0.34708201383377035,0.3381488759809205,0.3516428425646061,0.3381488759809205,0.3516428425646061,0.39930187380815796,0.3869615384298757,0.39930187380815796,0.3869615384298757,0.5537610319217495,0.44035801978354455,0.5537610319217495,0.44035801978354455,0.3809006657228925,0.2891929624677591,0.3809006657228925,0.2891929624677591,0.48307329504777863,0.25518214779107895,0.48307329504777863,0.25518214779107895,0.4606494888458397,0.32753751603297193,0.4606494888458397,0.32753751603297193,0.6487984502765105,0.36008304510286865,0.6487984502765105,0.36008304510286865
1.354350590839392,1.3336586733504,1.354350590839392,1.3336586733504,1.2680355687590281,1.5572140610936216,1.2680355687590281,1.5572140610936216,1.1287548919082893,1.3068721251259965,1.1287548919082893,1.3068721251259965,1.286441322813415,1.4215680635159065,1.286441322813415,1.4215680635159065,1.354350590839392,1.3336586733504,1.354350590839392,1.3336586733504,1.2680355687590281,1.5572140610936216,1.2680355687590281,1.5572140610936216,1.3392756627562996,1.3233624116059077,1.3392756627562996,1.3233624116059077,0.9810656805092401,1.1136403310655836,0.9810656805092401,1.1136403310655836,1.805141743156731,1.3532737627417424,1.805141743156731,1.3532737627417424,1.330984662692226,1.066344643810099,1.330984662692226,1.066344643810099,1.5134211813426588,1.2356568693877552,1.5134211813426588,1.2356568693877552,0.8942905051052593,0.9732094939015921,0.8942905051052593,0.9732094939015921,1.3024910744472584,1.1310898238149822,1.3024910744472584,1.1310898238149822,0.5738754361826013,1.3061452094025585,0.5738754361826013,1.3061452094025585,1.3536134897329886,1.4187204011833146,1.3536134897329886,1.4187204011833146,1.2557410828917261,1.0726813511893547,1.2557410828917261,1.0726813511893547,1.0879767523705584,1.1178663664398505,1.0879767523705584,1.1178663664398505,0.9577095046257569,1.035815047799074,0.9577095046257569,1.035815047799074
0.17513682590130372,0.21627521583061626,0.17513682590130372,0.21627521583061626,0.14908159430542028,0.13384536286375734,0.14908159430542028,0.13384536286375734,0.18026190446065907,0.2433930521912476,0.18026190446065907,0.2433930521912476,0.09951005503492821,0.24109704835803822,0.09951005503492821,0.24109704835803822,0.17513682590130372,0.21627521583061626,0.17513682590130372,0.21627521583061626,0.14908159430542028,0.13384536286375734,0.14908159430542028,0.13384536286375734,0.15305294037580536,0.12589941125018037,0.15305294037580536,0.12589941125018037,0.10656871000609214,0.15227252379958012,0.10656871000609214,0.15227252379958012,0.1600320240716867,0.13683960755119864,0.1600320240716867,0.13683960755119864,0.17294796676209134,0.1075433526938812,0.17294796676209134,0.1075433526938812,0.11258726898714062,0.1310361939264648,0.11258726898714062,0.1310361939264648,0.09378782493419481,0.10202360473730836,0.09378782493419481,0.10202360473730836,0.12148582879476359,0.09345487738899733,0.12148582879476359,0.09345487738899733,0.10380735106820427,0.10642177591682274,0.10380735106820427,0.10642177591682274,0.1756785981445925,0.1685569972711299,0.1756785981445925,0.1685569972711299,0.07051465016405926,0.11087799127605256,0.07051465016405926,0.11087799127605256,0.12585897640923832,0.15275133591550105,0.12585897640923832,0.15275133591550105,0.11066827300660186,0.07487765786440666,0.11066827300660186,0.07487765786440666
0.13824660822473522,0.1295748263769134,0.13824660822473522,0.1295748263769134,0.17671731232315102,0.1602004747569814,0.17671731232315102,0.1602004747569814,0.14866639042664795,0.1456514763787697,0.14866639042664795,0.1456514763787697,0.14805030779730444,0.1538912646797652,0.14805030779730444,0.1538912646797652,0.13824660822473522,0.1295748263769134,0.13824660822473522,0.1295748263769134,0.17671731232315102,0.1602004747569814,0.17671731232315102,0.1602004747569814,0.11917176980776534,0.12871752167241932,0.11917176980776534,0.12871752167241932,0.12290839100111627,0.1438181367566341,0.12290839100111627,0.1438181367566341,0.12216063067965881,0.13313055007116034,0.12216063067965881,0.13313055007116034,0.1327815071678669,0.15629214439523745,0.1327815071678669,0.15629214439523745,0.10997504417311289,0.1235273451512403,0.10997504417311289,0.1235273451512403,0.1322371212669029,0.13932855411204553,0.1322371212669029,0.13932855411204553,0.12392030704921486,0.10681136999458647,0.12392030704921486,0.10681136999458647,0.11938109185875541,0.11866285179756293,0.11938109185875541,0.11866285179756293,0.10210530981796793,0.11364546029423382,0.10210530981796793,0.11364546029423382,0.12181360076617535,0.14966056448159615,0.12181360076617535,0.14966056448159615,0.12136576002276533,0.1188632319674854,0.12136576002276533,0.1188632319674854,0.1290793594003655,0.14548120250879945,0.1290793594003655,0.14548120250879945
0.10108705554884988,0.1321176480988436,0.10108705554884988,0.1321176480988436,0.07596046416073332,0.08312727352218911,0.07596046416073332,0.08312727352218911,0.10654493980235707,0.12452016111005143,0.10654493980235707,0.12452016111005143,0.13089805928308268,0.07137421948716853,0.13089805928308268,0.07137421948716853,0.10108705554884988,0.1321176480988436,0.10108705554884988,0.1321176480988436,0.07596046416073332,0.08312727352218911,0.07596046416073332,0.08312727352218911,0.11025333302323105,0.06926107689491885,0.11025333302323105,0.06926107689491885,0.053824311473105936,0.08184622125731929,0.053824311473105936,0.08184622125731929,0.09241830436924471,0.09113272642544153,0.09241830436924471,0.09113272642544153,0.06525445008936126,0.086193570268016,0.06525445008936126,0.086193570268016,0.10815179196129499,0.08742668434338456,0.10815179196129499,0.08742668434338456,0.07465788654951318,0.03327818093734838,0.07465788654951318,0.03327818093734838,0.06945250661673023,0.10724487669670774,0.06945250661673023,0.10724487669670774,0.06456204118860141,0.06340289276325373,0.06456204118860141,0.06340289276325373,0.10021088225022,0.12152076052639356,0.10021088225022,0.12152076052639356,0.046444363779102237,0.08327114341999431,0.046444363779102237,0.08327114341999431,0.07147394421829766,0.07845944171216408,0.07147394421829766,0.07845944171216408,0.0648281972998206,0.087504194235329,0.0648281972998206,0.087504194235329
0.16414879275018848,0.16061400226840095,0.16414879275018848,0.16061400226840095,0.1564215781246599,0.1802289650124086,0.1564215781246599,0.1802289650124086,0.16452680760094304,0.17833145456663313,0.16452680760094304,0.17833145456663313,0.11510238015304773,0.16815352906192807,0.11510238015304773,0.16815352906192807,0.16414879275018848,0.16061400226840095,0.16414879275018848,0.16061400226840095,0.1564215781246599,0.1802289650124086,0.1564215781246599,0.1802289650124086,0.1294142518971392,0.1341012463613462,0.1294142518971392,0.1341012463613462,0.09684682617636743,0.1250413496977743,0.09684682617636743,0.1250413496977743,0.18690653042409658,0.19503283347821465,0.18690653042409658,0.19503283347821465,0.1519505203731998,0.13753902963141618,0.1519505203731998,0.13753902963141618,0.16017176953755818,0.13163826319468572,0.16017176953755818,0.13163826319468572,0.12763854765309537,0.11354547203446895,0.12763854765309537,0.11354547203446895,0.08865916157464517,0.09907302235893377,0.08865916157464517,0.09907302235893377,0.12067757313886558,0.10194032304769711,0.12067757313886558,0.10194032304769711,0.15282989410556483,0.1367139806867199,0.15282989410556483,0.1367139806867199,0.22988551965763437,0.13630517985599525,0.22988551965763437,0.13630517985599525,0.12428269456478651,0.11594353575397816,0.12428269456478651,0.11594353575397816,0.09769999648197708,0.11831353395576423,0.09769999648197708,0.11831353395576423
0.6541133930312659,0.5204929616588513,0.6541133930312659,0.5204929616588513,0.6002718027667852,0.5821955589379836,0.6002718027667852,0.5821955589379836,0.6422914369094438,0.523724255381634,0.6422914369094438,0.523724255381634,0.606199183725643,0.6001626552102635,0.606199183725643,0.6001626552102635,0.6541133930312659,0.5204929616588513,0.6541133930312659,0.5204929616588513,0.6002718027667852,0.5821955589379836,0.6002718027667852,0.5821955589379836,0.6410330098514435,0.6649018961118199,0.6410330098514435,0.6649018961118199,0.46643859894652717,0.6301317046909515,0.46643859894652717,0.6301317046909515,0.6034729069389797,0.6325480090512433,0.6034729069389797,0.6325480090512433,0.6547513926372844,0.5014024094109489,0.6547513926372844,0.5014024094109489,0.7156472697913162,0.5649338410064195,0.7156472697913162,0.5649338410064195,0.5211457722876673,0.7269963439101607,0.5211457722876673,0.7269963439101607,0.5972429517976535,0.5440286959251578,0.5972429517976535,0.5440286959251578,0.5925988367581712,0.5510655763746443,0.5925988367581712,0.5510655763746443,0.6838252362554177,0.68294270790597,0.6838252362554177,0.68294270790597,0.5394738177945875,0.7262491134646507,0.5394738177945875,0.7262491134646507,0.61506112856039,0.5323371371855177,0.61506112856039,0.5323371371855177,0.6223942621553802,0.4621404688296185,0.6223942621553802,0.4621404688296185
0.06605999221909922,0.03192140173109826,0.06605999221909922,0.03192140173109826,0.06692730946168594,0.04577986303440206,0.06692730946168594,0.04577986303440206,0.05437587642971486,0.048192661456163334,0.05437587642971486,0.048192661456163334,0.07095989973728886,0.06402134704228415,0.07095989973728886,0.06402134704228415,0.06605999221909922,0.03192140173109826,0.06605999221909922,0.03192140173109826,0.06692730946168594,0.04577986303440206,0.06692730946168594,0.04577986303440206,0.02696992323554105,0.02894069843175187,0.02696992323554105,0.02894069843175187,0.0589062104418372,0.052176568715784834,0.0589062104418372,0.052176568715784834,0.039483906067561976,0.028976925363277912,0.039483906067561976,0.028976925363277912,0.056668504209837156,0.04560855847027965,0.056668504209837156,0.04560855847027965,0.036515433912774425,0.023163701650791454,0.036515433912774425,0.023163701650791454,0.03883096965088976,0.03918914378390735,0.03883096965088976,0.03918914378390735,0.050465319460522164,0.052771731102362024,0.050465319460522164,0.052771731102362024,0.024460751487367916,0.06129160937722244,0.024460751487367916,0.06129160937722244,0.04739054494730557,0.054833915870582506,0.04739054494730557,0.054833915870582506,0.06466977877425352,0.03839965530661965,0.06466977877425352,0.03839965530661965,0.04180161313859763,0.03970406584514662,0.04180161313859763,0.03970406584514662,0.06066387107007785,0.049039244982158524,0.06066387107007785,0.049039244982158524
0.034208372987921155,0.016818835716297418,0.034208372987921155,0.016818835716297418,0.032806296250869664,0.02396763976471712,0.032806296250869664,0.02396763976471712,0.032095872172939015,0.028357756927746985,0.032095872172939015,0.028357756927746985,0.027039534453946874,0.02518190078064321,0.027039534453946874,0.02518190078064321,0.034208372987921155,0.016818835716297418,0.034208372987921155,0.016818835716297418,0.032806296250869664,0.02396763976471712,0.032806296250869664,0.02396763976471712,0.02104182109763132,0.017296396957035744,0.02104182109763132,0.017296396957035744,0.04508262252950208,0.021782504088864674,0.04508262252950208,0.021782504088864674,0.026555027000786175,0.023533170392006367,0.026555027000786175,0.023533170392006367,0.04237297545487506,0.02157507144805418,0.04237297545487506,0.02157507144805418,0.029391174841435,0.016614042802423627,0.029391174841435,0.016614042802423627,0.033737214665126136,0.029684040764518086,0.033737214665126136,0.029684040764518086,0.015552605166356289,0.015000797078368489,0.015552605166356289,0.015000797078368489,0.04856230502876139,0.017497344383977126,0.04856230502876139,0.017497344383977126,0.02736251830783609,0.022019862277386903,0.02736251830783609,0.022019862277386903,0.03237015645326442,0.036571715640849475,0.03237015645326442,0.036571715640849475,0.02307730618767269,0.018899940187882075,0.02307730618767269,0.018899940187882075,0.04801732266453365,0.035309330956007884,0.04801732266453365,0.035309330956007884
0.3409556542196628,0.29322467065707036,0.3409556542196628,0.29322467065707036,0.37593050402486794,0.4011220238857684,0.37593050402486794,0.4011220238857684,0.3360284933482014,0.308624964280795,0.3360284933482014,0.308624964280795,0.36898965714299375,0.4765489405543648,0.36898965714299375,0.4765489405543648,0.3409556542196628,0.29322467065707036,0.3409556542196628,0.29322467065707036,0.37593050402486794,0.4011220238857684,0.37593050402486794,0.4011220238857684,0.26752435142473113,0.3674598171132746,0.26752435142473113,0.3674598171132746,0.4078276676020794,0.4234977519595276,0.4078276676020794,0.4234977519595276,0.35258217838526384,0.32963221905036477,0.35258217838526384,0.32963221905036477,0.46737549865211353,0.3499549235257382,0.46737549865211353,0.3499549235257382,0.33909551383048747,0.3768564928375198,0.33909551383048747,0.3768564928375198,0.30645483857807215,0.4295241295637329,0.30645483857807215,0.4295241295637329,0.38246076460066525,0.4066306075029724,0.38246076460066525,0.4066306075029724,0.4759658061585395,0.5172732535219976,0.4759658061585395,0.5172732535219976,0.3263048011558998,0.389806415432065,0.3263048011558998,0.389806415432065,0.3522296368040543,0.3759121970334203,0.3522296368040543,0.3759121970334203,0.34616691443745445,0.38939575306835955,0.34616691443745445,0.38939575306835955,0.36968957936235053,0.3775846752273389,0.36968957936235053,0.3775846752273389
0.16061983297544116,0.13612418138725857,0.16061983297544116,0.13612418138725857,0.16029912190935497,0.15926338874963866,0.16029912190935497,0.15926338874963866,0.16447532467497306,0.15438013221781338,0.16447532467497306,0.15438013221781338,0.14801913805936248,0.16683902448527516,0.14801913805936248,0.16683902448527516,0.16061983297544116,0.13612418138725857,0.16061983297544116,0.13612418138725857,0.16029912190935497,0.15926338874963866,0.16029912190935497,0.15926338874963866,0.16714647277118033,0.1489492867857355,0.16714647277118033,0.1489492867857355,0.16256999998711652,0.19980643924831934,0.16256999998711652,0.19980643924831934,0.14525298240902443,0.1734529838592553,0.14525298240902443,0.1734529838592553,0.17642633895202173,0.15012299957235847,0.17642633895202173,0.15012299957235847,0.17274121808561238,0.16550353531857065,0.17274121808561238,0.16550353531857065,0.1902291659014942,0.14867901973763262,0.1902291659014942,0.14867901973763262,0.19387071656932736,0.13501002124356745,0.19387071656932736,0.13501002124356745,0.18198284357416616,0.16248418374651719,0.18198284357416616,0.16248418374651719,0.1568383449429542,0.14052056111491618,0.1568383449429542,0.14052056111491618,0.15488397066918352,0.1497131581543214,0.15488397066918352,0.1497131581543214,0.16068414994788116,0.17182673156701997,0.16068414994788116,0.17182673156701997,0.17038704538496693,0.16479832115654836,0.17038704538496693,0.16479832115654836
0.04061668569365646,0.04420162622241334,0.04061668569365646,0.04420162622241334,0.04354339267517491,0.034660982066330163,0.04354339267517491,0.034660982066330163,0.0421171088785063,0.04429894043504885,0.0421171088785063,0.04429894043504885,0.04210136268664573,0.031308705677983,0.04210136268664573,0.031308705677983,0.04061668569365646,0.04420162622241334,0.04061668569365646,0.04420162622241334,0.04354339267517491,0.034660982066330163,0.04354339267517491,0.034660982066330163,0.04336469291259237,0.04872394835861154,0.04336469291259237,0.04872394835861154,0.036224028082975694,0.03859959614246085,0.036224028082975694,0.03859959614246085,0.042551470973281325,0.04950314228367529,0.042551470973281325,0.04950314228367529,0.05336818440498053,0.04980368827529852,0.05336818440498053,0.04980368827529852,0.042823396404941406,0.04933760186436318,0.042823396404941406,0.04933760186436318,0.03624876241605357,0.05033289153866726,0.03624876241605357,0.05033289153866726,0.041686402378666366,0.052806195144669395,0.041686402378666366,0.052806195144669395,0.07951986004934021,0.07000379982575149,0.07951986004934021,0.07000379982575149,0.050655810898945434,0.04563128770803409,0.050655810898945434,0.04563128770803409,0.047350805453655484,0.04297437864724141,0.047350805453655484,0.04297437864724141,0.04717918701555424,0.05141715324122638,0.04717918701555424,0.05141715324122638,0.06263388431301545,0.06289638392707868,0.06263388431301545,0.06289638392707868
0.06909273399495117,0.057758214105546754,0.06909273399495117,0.057758214105546754,0.06575482280473466,0.05817227474367642,0.06575482280473466,0.05817227474367642,0.06675485246826567,0.060296717248012346,0.06675485246826567,0.060296717248012346,0.06232492765464071,0.057409457016758716,0.06232492765464071,0.057409457016758716,0.06909273399495117,0.057758214105546754,0.06909273399495117,0.057758214105546754,0.06575482280473466,0.05817227474367642,0.06575482280473466,0.05817227474367642,0.07100938347783058,0.05731206206245921,0.07100938347783058,0.05731206206245921,0.07663284891948716,0.05204166297878302,0.07663284891948716,0.05204166297878302,0.06464816891788149,0.06172725905469091,0.06464816891788149,0.06172725905469091,0.06577813416872828,0.06753698929088846,0.06577813416872828,0.06753698929088846,0.07194875881282127,0.0519861108193029,0.07194875881282127,0.0519861108193029,0.06724863466478471,0.05899579245503075,0.06724863466478471,0.05899579245503075,0.04747343846230083,0.05708515345545974,0.04747343846230083,0.05708515345545974,0.04679152925035403,0.038187555416201405,0.04679152925035403,0.038187555416201405,0.054545196560327296,0.05020220151612707,0.054545196560327296,0.05020220151612707,0.05928409234809997,0.06297987223058285,0.05928409234809997,0.06297987223058285,0.0541434921571162,0.048402341773975226,0.0541434921571162,0.048402341773975226,0.05978474782272801,0.05698855085447855,0.05978474782272801,0.05698855085447855
0.13960360208887398,0.13518007855597444,0.13960360208887398,0.13518007855597444,0.16590790095440283,0.10715431857833635,0.16590790095440283,0.10715431857833635,0.15890754153758982,0.12969309010437413,0.15890754153758982,0.12969309010437413,0.1658757424194685,0.1323048950161175,0.1658757424194685,0.1323048950161175,0.13960360208887398,0.13518007855597444,0.13960360208887398,0.13518007855597444,0.16590790095440283,0.10715431857833635,0.16590790095440283,0.10715431857833635,0.12476771805609484,0.14050459258174466,0.12476771805609484,0.14050459258174466,0.17278506761842477,0.1437815446221232,0.17278506761842477,0.1437815446221232,0.17206388081386384,0.12989541317449052,0.17206388081386384,0.12989541317449052,0.1282320622826138,0.17292729297935078,0.1282320622826138,0.17292729297935078,0.14146333724331986,0.13759492830585335,0.14146333724331986,0.13759492830585335,0.10392378869614192,0.18398969650926436,0.10392378869614192,0.18398969650926436,0.15601252479075953,0.12796648887160197,0.15601252479075953,0.12796648887160197,0.19280451736069207,0.12498685191410927,0.19280451736069207,0.12498685191410927,0.1296124925369771,0.13889192132390007,0.1296124925369771,0.13889192132390007,0.16608221600322756,0.1683222749548503,0.16608221600322756,0.1683222749548503,0.1729250372886725,0.14481303699664996,0.1729250372886725,0.14481303699664996,0.13986967642428672,0.13401606314474226,0.13986967642428672,0.13401606314474226
0.36829114264282564,0.3972081547656169,0.36829114264282564,0.3972081547656169,0.3402865824856137,0.4112916104654559,0.3402865824856137,0.4112916104654559,0.36353591553813885,0.3782855194797167,0.36353591553813885,0.3782855194797167,0.37903044732675173,0.39393648488362365,0.37903044732675173,0.39393648488362365,0.36829114264282564,0.3972081547656169,0.36829114264282564,0.3972081547656169,0.3402865824856137,0.4112916104654559,0.3402865824856137,0.4112916104654559,0.37544628525108864,0.35989923048149425,0.37544628525108864,0.35989923048149425,0.40698235495573815,0.31635962233372295,0.40698235495573815,0.31635962233372295,0.3450685265060177,0.3703885350381138,0.3450685265060177,0.3703885350381138,0.4384086697445731,0.364604454603012,0.4384086697445731,0.364604454603012,0.34068284552724315,0.35282501887242523,0.34068284552724315,0.35282501887242523,0.32377876497526004,0.3438852089638874,0.32377876497526004,0.3438852089638874,0.367969634198771,0.37701292311320056,0.367969634198771,0.37701292311320056,0.4662380088361937,0.3504734134438241,0.4662380088361937,0.3504734134438241,0.33888290855300246,0.3409493457398121,0.33888290855300246,0.3409493457398121,0.4137145542335156,0.3904717324260169,0.4137145542335156,0.3904717324260169,0.3725402425557477,0.3374647654504157,0.3725402425557477,0.3374647654504157,0.30956326197965134,0.21080957218977348,0.30956326197965134,0.21080957218977348
0.09561934676108823,0.10384938208688328,0.09561934676108823,0.10384938208688328,0.08943536260812517,0.09383890725585771,0.08943536260812517,0.09383890725585771,0.09513117910048315,0.10213432984618158,0.09513117910048315,0.10213432984618158,0.09886280797403449,0.12500033893405174,0.09886280797403449,0.12500033893405174,0.09561934676108823,0.10384938208688328,0.09561934676108823,0.10384938208688328,0.08943536260812517,0.09383890725585771,0.08943536260812517,0.09383890725585771,0.09823997630607384,0.11030234649078073,0.09823997630607384,0.11030234649078073,0.10715741865790837,0.11030033023232115,0.10715741865790837,0.11030033023232115,0.10533323595378119,0.1069624986722294,0.10533323595378119,0.1069624986722294,0.11708056207349668,0.10247176869331412,0.11708056207349668,0.10247176869331412,0.08364389573343602,0.11051863820302552,0.08364389573343602,0.11051863820302552,0.09579577503008929,0.10808079969221664,0.09579577503008929,0.10808079969221664,0.09147213181888383,0.10430197481597325,0.09147213181888383,0.10430197481597325,0.16407669344401604,0.12305202373368128,0.16407669344401604,0.12305202373368128,0.10954254242100794,0.09894257706218341,0.10954254242100794,0.09894257706218341,0.10407258976250436,0.1405724885865465,0.10407258976250436,0.1405724885865465,0.15304008218021053,0.11958320713300215,0.15304008218021053,0.11958320713300215,0.1303236310024944,0.13783619253237317,0.1303236310024944,0.13783619253237317
0.04469820075039094,0.04896678930142395,0.04469820075039094,0.04896678930142395,0.055894705833784634,0.06068175479942268,0.055894705833784634,0.06068175479942268,0.04961255854808518,0.04845537109837183,0.04961255854808518,0.04845537109837183,0.0555546892175941,0.052641272185960326,0.0555546892175941,0.052641272185960326,0.04469820075039094,0.04896678930142395,0.04469820075039094,0.04896678930142395,0.055894705833784634,0.06068175479942268,0.055894705833784634,0.06068175479942268,0.05264583012737008,0.041820902047751074,0.05264583012737008,0.041820902047751074,0.045734481814812836,0.04162978715408135,0.045734481814812836,0.04162978715408135,0.058191830564081615,0.045184625587191864,0.058191830564081615,0.045184625587191864,0.06360652392076484,0.07509113109307664,0.06360652392076484,0.07509113109307664,0.0571246039334242,0.04243485090638875,0.0571246039334242,0.04243485090638875,0.047773924784021524,0.05567583978458818,0.047773924784021524,0.05567583978458818,0.0430049698959132,0.04527630689802471,0.0430049698959132,0.04527630689802471,0.039697404712999394,0.022869048133991068,0.039697404712999394,0.022869048133991068,0.04931246556814333,0.04312490792102096,0.04931246556814333,0.04312490792102096,0.0497052091045185,0.0571607243561395,0.0497052091045185,0.0571607243561395,0.04956431793946396,0.046968896718111254,0.04956431793946396,0.046968896718111254,0.051375569028125144,0.03709336288809538,0.051375569028125144,0.03709336288809538
0.05857999694320083,0.06338301283256582,0.05857999694320083,0.06338301283256582,0.06456352986552945,0.055907182331837425,0.06456352986552945,0.055907182331837425,0.06430941971370206,0.059092786681154426,0.06430941971370206,0.059092786681154426,0.062492710970869066,0.04991898347835169,0.062492710970869066,0.04991898347835169,0.05857999694320083,0.06338301283256582,0.05857999694320083,0.06338301283256582,0.06456352986552945,0.055907182331837425,0.06456352986552945,0.055907182331837425,0.049793859354865876,0.05310525565634552,0.049793859354865876,0.05310525565634552,0.05222737775081575,0.036045303584738196,0.05222737775081575,0.036045303584738196,0.04359090948185217,0.04762290704126334,0.04359090948185217,0.04762290704126334,0.04067974362478137,0.04069351994440383,0.04067974362478137,0.04069351994440383,0.04498879929959824,0.05137033430918661,0.04498879929959824,0.05137033430918661,0.02643898436357295,0.04033604961165596,0.02643898436357295,0.04033604961165596,0.02913282651903282,0.03769887592068139,0.02913282651903282,0.03769887592068139,0.0568540971164976,0.04701325524669534,0.0568540971164976,0.04701325524669534,0.05070645751160282,0.05199230190829759,0.05070645751160282,0.05199230190829759,0.05309747104655958,0.03292137344654704,0.05309747104655958,0.03292137344654704,0.04053644579936439,0.055017810145843546,0.04053644579936439,0.055017810145843546,0.048489693458795925,0.08750366261461637,0.048489693458795925,0.08750366261461637
0.06352264507465043,0.053728019929824185,0.06352264507465043,0.053728019929824185,0.07529590631519381,0.06857091338632125,0.07529590631519381,0.06857091338632125,0.06865445575964839,0.05504033223454208,0.06865445575964839,0.05504033223454208,0.05592354936729312,0.10069889478627506,0.05592354936729312,0.10069889478627506,0.06352264507465043,0.053728019929824185,0.06352264507465043,0.053728019929824185,0.07529590631519381,0.06857091338632125,0.07529590631519381,0.06857091338632125,0.06729230105056519,0.08896081806924623,0.06729230105056519,0.08896081806924623,0.06402568975305613,0.09855996730089567,0.06402568975305613,0.09855996730089567,0.06897592548991922,0.07727852582223928,0.06897592548991922,0.07727852582223928,0.07049301521118577,0.06213789390447147,0.07049301521118577,0.06213789390447147,0.07362450912377103,0.0838779638601536,0.07362450912377103,0.0838779638601536,0.07994920781353713,0.09273773491334071,0.07994920781353713,0.09273773491334071,0.08217865887101204,0.12831847311428124,0.08217865887101204,0.12831847311428124,0.09924753665330538,0.13386462705614047,0.09924753665330538,0.13386462705614047,0.06549948353396666,0.09015400733195368,0.06549948353396666,0.09015400733195368,0.06845899350114304,0.1069371881399676,0.06845899350114304,0.1069371881399676,0.09208991772973932,0.12346818307956207,0.09208991772973932,0.12346818307956207,0.12211974750590769,0.14796861430377034,0.12211974750590769,0.14796861430377034
0.07261742697962806,0.07607500972216766,0.07261742697962806,0.07607500972216766,0.09307825661061842,0.09750935364943643,0.09307825661061842,0.09750935364943643,0.08458958413820572,0.0710249429366706,0.08458958413820572,0.0710249429366706,0.07806082547739868,0.0847050934635241,0.07806082547739868,0.0847050934635241,0.07261742697962806,0.07607500972216766,0.07261742697962806,0.07607500972216766,0.09307825661061842,0.09750935364943643,0.09307825661061842,0.09750935364943643,0.08088164876631627,0.06107042097326235,0.08088164876631627,0.06107042097326235,0.0844869579448452,0.05932745362951609,0.0844869579448452,0.05932745362951609,0.1050633505275254,0.07997024794958234,0.1050633505275254,0.07997024794958234,0.12229708259937981,0.07967973409145708,0.12229708259937981,0.07967973409145708,0.0716761396200666,0.07943549394999905,0.0716761396200666,0.07943549394999905,0.10360680312011214,0.09291152158591809,0.10360680312011214,0.09291152158591809,0.06812658106409375,0.07181170952157259,0.06812658106409375,0.07181170952157259,0.10049449487795317,0.1076749961638639,0.10049449487795317,0.1076749961638639,0.0990118712074637,0.09749425013293768,0.0990118712074637,0.09749425013293768,0.06072178663824213,0.1096012950773713,0.06072178663824213,0.1096012950773713,0.08681244578655285,0.10073505026784145,0.08681244578655285,0.10073505026784145,0.11434472861808541,0.0771598008613187,0.11434472861808541,0.0771598008613187
0.08114020117995394,0.08994213384621728,0.08114020117995394,0.08994213384621728,0.08509761727074186,0.08812540298443668,0.08509761727074186,0.08812540298443668,0.08067308946545534,0.08872466841384412,0.08067308946545534,0.08872466841384412,0.08154040742534172,0.08785379316304352,0.08154040742534172,0.08785379316304352,0.08114020117995394,0.08994213384621728,0.08114020117995394,0.08994213384621728,0.08509761727074186,0.08812540298443668,0.08509761727074186,0.08812540298443668,0.07105383665808869,0.09346362932636329,0.07105383665808869,0.09346362932636329,0.08003992691043393,0.09124647792229203,0.08003992691043393,0.09124647792229203,0.07813457024324863,0.08880875898805252,0.07813457024324863,0.08880875898805252,0.10268242122106863,0.09577969390993248,0.10268242122106863,0.09577969390993248,0.08363955528646445,0.09177936710688049,0.08363955528646445,0.09177936710688049,0.09097199974911532,0.09324380413581378,0.09097199974911532,0.09324380413581378,0.07005630939320277,0.07030378176709683,0.07005630939320277,0.07030378176709683,0.11752298492243439,0.07694290928405749,0.11752298492243439,0.07694290928405749,0.08282271579410436,0.07493619218793103,0.08282271579410436,0.07493619218793103,0.07679743544024545,0.10156091182647355,0.07679743544024545,0.10156091182647355,0.0873482246778184,0.0818101008679845,0.0873482246778184,0.0818101008679845,0.09646909564408293,0.07010574222362341,0.09646909564408293,0.07010574222362341
0.07095109554850747,0.06274881914642916,0.07095109554850747,0.06274881914642916,0.06410709662429108,0.07031757313070706,0.06410709662429108,0.07031757313070706,0.07347229846974047,0.06555748328304857,0.07347229846974047,0.06555748328304857,0.07496400431785058,0.08788737764395523,0.07496400431785058,0.08788737764395523,0.07095109554850747,0.06274881914642916,0.07095109554850747,0.06274881914642916,0.06410709662429108,0.07031757313070706,0.06410709662429108,0.07031757313070706,0.04968069274914948,0.06220653500665124,0.04968069274914948,0.06220653500665124,0.09082199690947171,0.08253308470253654,0.09082199690947171,0.08253308470253654,0.06349598807999286,0.0682509835603586,0.06349598807999286,0.0682509835603586,0.07752314167277072,0.04788092447597012,0.07752314167277072,0.04788092447597012,0.061723201932360694,0.0627950682437549,0.061723201932360694,0.0627950682437549,0.08241888760999845,0.08003782548347539,0.08241888760999845,0.08003782548347539,0.09524852007051643,0.062171898721521276,0.09524852007051643,0.062171898721521276,0.0768206858140453,0.06932532332502284,0.0768206858140453,0.06932532332502284,0.05786940640319226,0.05989192867491041,0.05786940640319226,0.05989192867491041,0.06345600630145462,0.05107782353662061,0.06345600630145462,0.05107782353662061,0.06322117083650826,0.0612211604405768,0.06322117083650826,0.0612211604405768,0.06890645649656808,0.06957058396740858,0.06890645649656808,0.06957058396740858
0.05277809270660507,0.05428295463992249,0.05277809270660507,0.05428295463992249,0.06761955221562235,0.04584551504293709,0.06761955221562235,0.04584551504293709,0.05773066517575347,0.05346006709658797,0.05773066517575347,0.05346006709658797,0.0651505086170125,0.08269810396598912,0.0651505086170125,0.08269810396598912,0.05277809270660507,0.05428295463992249,0.05277809270660507,0.05428295463992249,0.06761955221562235,0.04584551504293709,0.06761955221562235,0.04584551504293709,0.062284404444008255,0.05350776350597452,0.062284404444008255,0.05350776350597452,0.07908835339199957,0.09440824313824307,0.07908835339199957,0.09440824313824307,0.055442051567546335,0.07184130112113656,0.055442051567546335,0.07184130112113656,0.05576352610746384,0.10473250069546416,0.05576352610746384,0.10473250069546416,0.05740915373477688,0.06422058918575295,0.05740915373477688,0.06422058918575295,0.03123883864957299,0.07485080162625603,0.03123883864957299,0.07485080162625603,0.06701901707425104,0.08521081504393245,0.06701901707425104,0.08521081504393245,0.06713848993355538,0.05946399670953754,0.06713848993355538,0.05946399670953754,0.06594381733314532,0.07096219451421167,0.06594381733314532,0.07096219451421167,0.13155308710034427,0.08337320814548711,0.13155308710034427,0.08337320814548711,0.03611692253732093,0.06306385936096147,0.03611692253732093,0.06306385936096147,0.061665984336254434,0.08116330648440526,0.061665984336254434,0.08116330648440526
0.07765135372861072,0.07892225810517575,0.07765135372861072,0.07892225810517575,0.06567697971892618,0.08053215836742758,0.06567697971892618,0.08053215836742758,0.07492731894885245,0.0821321494778027,0.07492731894885245,0.0821321494778027,0.0729402722156095,0.09364334299924004,0.0729402722156095,0.09364334299924004,0.07765135372861072,0.07892225810517575,0.07765135372861072,0.07892225810517575,0.06567697971892618,0.08053215836742758,0.06567697971892618,0.08053215836742758,0.08201786864791424,0.08445900587437886,0.08201786864791424,0.08445900587437886,0.1057226945850069,0.058095443731647094,0.1057226945850069,0.058095443731647094,0.09929703073278325,0.10020633898404116,0.09929703073278325,0.10020633898404116,0.09655722809983217,0.089280006538938,0.09655722809983217,0.089280006538938,0.0789425206286316,0.09374646131948547,0.0789425206286316,0.09374646131948547,0.12344413734929924,0.08459543520852951,0.12344413734929924,0.08459543520852951,0.09464752973026906,0.13279998737209014,0.09464752973026906,0.13279998737209014,0.12484249819226265,0.09758836596779685,0.12484249819226265,0.09758836596779685,0.0706812031216411,0.07828137733758218,0.0706812031216411,0.07828137733758218,0.10299733644177686,0.0648454001558446,0.10299733644177686,0.0648454001558446,0.10689195395320475,0.06932165824425982,0.10689195395320475,0.06932165824425982,0.0778442550621422,0.1210133133868647,0.0778442550621422,0.1210133133868647
0.12800974472422075,0.12485038689995519,0.12800974472422075,0.12485038689995519,0.14419194365120955,0.12917720910721664,0.14419194365120955,0.12917720910721664,0.1283453224044742,0.11879336404450755,0.1283453224044742,0.11879336404450755,0.13184908893989272,0.13609961002509188,0.13184908893989272,0.13609961002509188,0.12800974472422075,0.12485038689995519,0.12800974472422075,0.12485038689995519,0.14419194365120955,0.12917720910721664,0.14419194365120955,0.12917720910721664,0.11525799609058267,0.10614521315652689,0.11525799609058267,0.10614521315652689,0.10024445840817417,0.10408246321223165,0.10024445840817417,0.10408246321223165,0.11286565408166506,0.09286880687244027,0.11286565408166506,0.09286880687244027,0.10949155809567976,0.09883539675867738,0.10949155809567976,0.09883539675867738,0.11510752930436172,0.09745327686478866,0.11510752930436172,0.09745327686478866,0.11415621021377596,0.0886332219113722,0.11415621021377596,0.0886332219113722,0.11123748355208037,0.09724938684965125,0.11123748355208037,0.09724938684965125,0.10234095291066478,0.10761498996806045,0.10234095291066478,0.10761498996806045,0.12195600050573852,0.0966276941242981,0.12195600050573852,0.0966276941242981,0.11462599113274383,0.08250998657704264,0.11462599113274383,0.08250998657704264,0.10611782295772101,0.09344550782631218,0.10611782295772101,0.09344550782631218,0.10959058432988175,0.10133405467555869,0.10959058432988175,0.10133405467555869
0.053848384463157276,0.04926019993428894,0.053848384463157276,0.04926019993428894,0.05256979835551927,0.05431063231049455,0.05256979835551927,0.05431063231049455,0.05346621367382313,0.05039121259220646,0.05346621367382313,0.05039121259220646,0.047135534262921656,0.04635399999677898,0.047135534262921656,0.04635399999677898,0.053848384463157276,0.04926019993428894,0.053848384463157276,0.04926019993428894,0.05256979835551927,0.05431063231049455,0.05256979835551927,0.05431063231049455,0.04658671383697435,0.05944526682883127,0.04658671383697435,0.05944526682883127,0.04594417410644798,0.05307058367479715,0.04594417410644798,0.05307058367479715,0.0559471008633913,0.05192243084972321,0.0559471008633913,0.05192243084972321,0.05053893781040032,0.059121607279288016,0.05053893781040032,0.059121607279288016,0.06742705519711349,0.04686720919632136,0.06742705519711349,0.04686720919632136,0.052277947037736465,0.04449998345926261,0.052277947037736465,0.04449998345926261,0.043239324560611865,0.049019972520056174,0.043239324560611865,0.049019972520056174,0.061741558381422264,0.05331480945729361,0.061741558381422264,0.05331480945729361,0.045219876309622355,0.04942319312062447,0.045219876309622355,0.04942319312062447,0.056292813354538104,0.05283527201306873,0.056292813354538104,0.05283527201306873,0.04627833712064593,0.041675678736711366,0.04627833712064593,0.041675678736711366,0.05136231149793029,0.04594761315415911,0.05136231149793029,0.04594761315415911
0.13895455024740727,0.10718838011289342,0.13895455024740727,0.10718838011289342,0.11176840638063436,0.12196096592649437,0.11176840638063436,0.12196096592649437,0.14456620319136407,0.1032685807058179,0.14456620319136407,0.1032685807058179,0.12912867280673943,0.11724688725412118,0.12912867280673943,0.11724688725412118,0.13895455024740727,0.10718838011289342,0.13895455024740727,0.10718838011289342,0.11176840638063436,0.12196096592649437,0.11176840638063436,0.12196096592649437,0.14360997801529288,0.10143269284584444,0.14360997801529288,0.10143269284584444,0.14323366134457544,0.129796657113179,0.14323366134457544,0.129796657113179,0.11814948274889689,0.11191129591915706,0.11814948274889689,0.11191129591915706,0.14576584695279138,0.10996649920054698,0.14576584695279138,0.10996649920054698,0.1500248013660654,0.09926155368537322,0.1500248013660654,0.09926155368537322,0.18067318212187655,0.09820521745363575,0.18067318212187655,0.09820521745363575,0.08975314105594678,0.07842121904255675,0.08975314105594678,0.07842121904255675,0.11181287378773419,0.13361253143133137,0.11181287378773419,0.13361253143133137,0.12621564728577814,0.11608729926802867,0.12621564728577814,0.11608729926802867,0.1373306002643247,0.0822054903473348,0.1373306002643247,0.0822054903473348,0.08558643406270254,0.10758604156278868,0.08558643406270254,0.10758604156278868,0.0966826460358559,0.0882973752822509,0.0966826460358559,0.0882973752822509
0.03758555568453247,0.045837401179207767,0.03758555568453247,0.045837401179207767,0.06401934106969616,0.04314952173182341,0.06401934106969616,0.04314952173182341,0.042449551540919415,0.04381265427856456,0.042449551540919415,0.04381265427856456,0.05956094231557312,0.0400722980913589,0.05956094231557312,0.0400722980913589,0.03758555568453247,0.045837401179207767,0.03758555568453247,0.045837401179207767,0.06401934106969616,0.04314952173182341,0.06401934106969616,0.04314952173182341,0.028960737151507265,0.03565216529483323,0.028960737151507265,0.03565216529483323,0.029813839792847463,0.03682118364073014,0.029813839792847463,0.03682118364073014,0.030290298972534786,0.04047630171441634,0.030290298972534786,0.04047630171441634,0.03693982576403009,0.05493596350287834,0.03693982576403009,0.05493596350287834,0.0367442203024567,0.03311480731290455,0.0367442203024567,0.03311480731290455,0.033247627552109686,0.047844622674991594,0.033247627552109686,0.047844622674991594,0.033094297628328675,0.0445758103684962,0.033094297628328675,0.0445758103684962,0.04770796543179564,0.058102754472948485,0.04770796543179564,0.058102754472948485,0.044951135008317517,0.04222229201643519,0.044951135008317517,0.04222229201643519,0.03678035131946198,0.04193476535828627,0.03678035131946198,0.04193476535828627,0.05175507223615636,0.033597700192186504,0.05175507223615636,0.033597700192186504,0.055771924434513,0.05496412764507172,0.055771924434513,0.05496412764507172
0.10587497367889968,0.07075812624274677,0.10587497367889968,0.07075812624274677,0.06511723484892018,0.08927283726321057,0.06511723484892018,0.08927283726321057,0.08538489126564125,0.07903278637117558,0.08538489126564125,0.07903278637117558,0.08205092651621561,0.08363089571802877,0.08205092651621561,0.08363089571802877,0.10587497367889968,0.07075812624274677,0.10587497367889968,0.07075812624274677,0.06511723484892018,0.08927283726321057,0.06511723484892018,0.08927283726321057,0.06042760921842607,0.03719904944864331,0.06042760921842607,0.03719904944864331,0.047614833767477056,0.06549058867553467,0.047614833767477056,0.06549058867553467,0.074145489436679,0.04135085422929397,0.074145489436679,0.04135085422929397,0.04750355104577667,0.08797749113258807,0.04750355104577667,0.08797749113258807,0.09505222502503341,0.055776666230547695,0.09505222502503341,0.055776666230547695,0.046419180883154026,0.07922705372407907,0.046419180883154026,0.07922705372407907,0.0710451857805391,0.08266662845161694,0.0710451857805391,0.08266662845161694,0.11881081885816393,0.07570600283535879,0.11881081885816393,0.07570600283535879,0.06532988391313661,0.09033787034065131,0.06532988391313661,0.09033787034065131,0.055499867339011154,0.07281553928552606,0.055499867339011154,0.07281553928552606,0.06074802059078991,0.06841006614238594,0.06074802059078991,0.06841006614238594,0.05791098754196126,0.07356628981832634,0.05791098754196126,0.07356628981832634
0.026519205680594553,0.024933527860516825,0.026519205680594553,0.024933527860516825,0.01994595089339851,0.03690056552370662,0.01994595089339851,0.03690056552370662,0.023247702430742413,0.027054568964109377,0.023247702430742413,0.027054568964109377,0.027290521418955074,0.035027465759560394,0.027290521418955074,0.035027465759560394,0.026519205680594553,0.024933527860516825,0.026519205680594553,0.024933527860516825,0.01994595089339851,0.03690056552370662,0.01994595089339851,0.03690056552370662,0.024850101908920855,0.020946073432603133,0.024850101908920855,0.020946073432603133,0.028562976575351576,0.022383197829591906,0.028562976575351576,0.022383197829591906,0.02436012617159437,0.023472008347575592,0.02436012617159437,0.023472008347575592,0.019020707872905933,0.02230577665412789,0.019020707872905933,0.02230577665412789,0.023443608373744002,0.018138603474784062,0.023443608373744002,0.018138603474784062,0.0315346622210139,0.018535615646456418,0.0315346622210139,0.018535615646456418,0.012071726342015747,0.014416888309276205,0.012071726342015747,0.014416888309276205,0.01938531288378013,0.03342884654596529,0.01938531288378013,0.03342884654596529,0.020974735650724084,0.025464405543711044,0.020974735650724084,0.025464405543711044,0.018744152814672354,0.0285426741939704,0.018744152814672354,0.0285426741939704,0.028834907359475855,0.012308404630101265,0.028834907359475855,0.012308404630101265,0.012123647618273592,0.03025415430406791,0.012123647618273592,0.03025415430406791
0.047401212059446717,0.04564751146773963,0.047401212059446717,0.04564751146773963,0.043664998998470116,0.051622728501799664,0.043664998998470116,0.051622728501799664,0.05067586476664576,0.044493174792645536,0.05067586476664576,0.044493174792645536,0.05489656403969778,0.04101759536627888,0.05489656403969778,0.04101759536627888,0.047401212059446717,0.04564751146773963,0.047401212059446717,0.04564751146773963,0.043664998998470116,0.051622728501799664,0.043664998998470116,0.051622728501799664,0.04977994190552785,0.04454974832272262,0.04977994190552785,0.04454974832272262,0.06446103780373923,0.04915004196257927,0.06446103780373923,0.04915004196257927,0.051360946211845115,0.049168412461271745,0.051360946211845115,0.049168412461271745,0.04341613836476758,0.045738752828742374,0.04341613836476758,0.045738752828742374,0.05360859464180754,0.04148122376637991,0.05360859464180754,0.04148122376637991,0.05443246152028971,0.0408831769139251,0.05443246152028971,0.0408831769139251,0.0533715373529035,0.06122797314526019,0.0533715373529035,0.06122797314526019,0.05893646345878193,0.05958700210003989,0.05893646345878193,0.05958700210003989,0.048539633895213125,0.059320080551147465,0.048539633895213125,0.059320080551147465,0.05929327080774186,0.04960518971950537,0.05929327080774186,0.04960518971950537,0.04164894261306488,0.06383396535606291,0.04164894261306488,0.06383396535606291,0.04808965965140208,0.03712827428481977,0.04808965965140208,0.03712827428481977
0.21828437523724567,0.22303546455865905,0.21828437523724567,0.22303546455865905,0.40836689707526636,0.2402260517839703,0.40836689707526636,0.2402260517839703,0.25857925298274226,0.22610665529498955,0.25857925298274226,0.22610665529498955,0.36141173983961844,0.3752190575441349,0.36141173983961844,0.3752190575441349,0.21828437523724567,0.22303546455865905,0.21828437523724567,0.22303546455865905,0.40836689707526636,0.2402260517839703,0.40836689707526636,0.2402260517839703,0.2640688609317054,0.27270657648731017,0.2640688609317054,0.27270657648731017,0.37332621964048807,0.2197712621900846,0.37332621964048807,0.2197712621900846,0.2065675017457488,0.20852214786008902,0.2065675017457488,0.20852214786008902,0.39504964963323747,0.26654243840302283,0.39504964963323747,0.26654243840302283,0.2958228780235956,0.2379564538051776,0.2958228780235956,0.2379564538051776,0.32832491559407756,0.42567697221852274,0.32832491559407756,0.42567697221852274,0.27867383175470667,0.3112181751450226,0.27867383175470667,0.3112181751450226,0.38994452198533586,0.2841173386837972,0.38994452198533586,0.2841173386837972,0.20343411532046715,0.2821212811462461,0.20343411532046715,0.2821212811462461,0.336398550514386,0.2906755397520758,0.336398550514386,0.2906755397520758,0.3176415977055263,0.23921737363348036,0.3176415977055263,0.23921737363348036,0.3011469974993024,0.3202815192878243,0.3011469974993024,0.3202815192878243
0.13300379886849795,0.13228357750720524,0.13300379886849795,0.13228357750720524,0.1342365119603137,0.1698083585512419,0.1342365119603137,0.1698083585512419,0.13083898003094174,0.14158409271220815,0.13083898003094174,0.14158409271220815,0.17559734150809359,0.1900192959958491,0.17559734150809359,0.1900192959958491,0.13300379886849795,0.13228357750720524,0.13300379886849795,0.13228357750720524,0.1342365119603137,0.1698083585512419,0.1342365119603137,0.1698083585512419,0.08941211584030133,0.13201864347949963,0.08941211584030133,0.13201864347949963,0.14502256186251442,0.11709987540622996,0.14502256186251442,0.11709987540622996,0.0995742903362556,0.14109063078170106,0.0995742903362556,0.14109063078170106,0.10927879883631751,0.1037832419048406,0.10927879883631751,0.1037832419048406,0.09667653398434524,0.11355442436232986,0.09667653398434524,0.11355442436232986,0.12217067551666166,0.09418582707769894,0.12217067551666166,0.09418582707769894,0.12523239119243476,0.10623203489821308,0.12523239119243476,0.10623203489821308,0.11604267215135385,0.12603405388400515,0.11604267215135385,0.12603405388400515,0.13105510129915424,0.14558442922130432,0.13105510129915424,0.14558442922130432,0.1264431025817446,0.12370160999194672,0.1264431025817446,0.12370160999194672,0.11655907291747099,0.12587206317307656,0.11655907291747099,0.12587206317307656,0.11707959331524509,0.15744533555280124,0.11707959331524509,0.15744533555280124
0.140082233055314,0.19455934018533166,0.140082233055314,0.19455934018533166,0.14494645691567473,0.12490640639846054,0.14494645691567473,0.12490640639846054,0.15699630506729115,0.15579147197955273,0.15699630506729115,0.15579147197955273,0.14879355182626391,0.12510913951175676,0.14879355182626391,0.12510913951175676,0.140082233055314,0.19455934018533166,0.140082233055314,0.19455934018533166,0.14494645691567473,0.12490640639846054,0.14494645691567473,0.12490640639846054,0.130376842670308,0.15730401408729883,0.130376842670308,0.15730401408729883,0.10089555643798258,0.11268138255884597,0.10089555643798258,0.11268138255884597,0.14651332358585345,0.11247520414711501,0.14651332358585345,0.11247520414711501,0.14169549521060495,0.14479499311084745,0.14169549521060495,0.14479499311084745,0.1531195683927426,0.13203743960400594,0.1531195683927426,0.13203743960400594,0.1573592168840391,0.14872778961990007,0.1573592168840391,0.14872778961990007,0.15648801000470505,0.12898260583830382,0.15648801000470505,0.12898260583830382,0.19206985037456786,0.12610491590928535,0.19206985037456786,0.12610491590928535,0.13704895507807913,0.12632782255319538,0.13704895507807913,0.12632782255319538,0.15932410083878537,0.12363919660659238,0.15932410083878537,0.12363919660659238,0.14795131381166002,0.1621421000680616,0.14795131381166002,0.1621421000680616,0.13445463137557725,0.12458100308654246,0.13445463137557725,0.12458100308654246
0.18161937578134685,0.13899332395791367,0.18161937578134685,0.13899332395791367,0.17672044696532538,0.1545200471572358,0.17672044696532538,0.1545200471572358,0.1685694421638717,0.14093181365485347,0.1685694421638717,0.14093181365485347,0.1878055969804839,0.13992599661847688,0.1878055969804839,0.13992599661847688,0.18161937578134685,0.13899332395791367,0.18161937578134685,0.13899332395791367,0.17672044696532538,0.1545200471572358,0.17672044696532538,0.1545200471572358,0.15995547990637543,0.17740050103535948,0.15995547990637543,0.17740050103535948,0.17007457203519388,0.18602461434208065,0.17007457203519388,0.18602461434208065,0.16533929033008454,0.17356288567049002,0.16533929033008454,0.17356288567049002,0.19005490383752613,0.188956933678629,0.19005490383752613,0.188956933678629,0.1484559838658928,0.14590849340740086,0.1484559838658928,0.14590849340740086,0.14650431788646548,0.2212693214255484,0.14650431788646548,0.2212693214255484,0.16438554517679788,0.16214920216648937,0.16438554517679788,0.16214920216648937,0.2051513400282245,0.16789474801179197,0.2051513400282245,0.16789474801179197,0.1703025017812389,0.1742922898808998,0.1703025017812389,0.1742922898808998,0.20095304493701177,0.1553240635534377,0.20095304493701177,0.1553240635534377,0.14026282119426695,0.17410518630947863,0.14026282119426695,0.17410518630947863,0.143660603316563,0.14567716352983234,0.143660603316563,0.14567716352983234
0.24258328721265782,0.21541518263202866,0.24258328721265782,0.21541518263202866,0.2615432704772003,0.23945442871174244,0.2615432704772003,0.23945442871174244,0.25357676200434415,0.22342828416520324,0.25357676200434415,0.22342828416520324,0.2658804280477291,0.21405970123651546,0.2658804280477291,0.21405970123651546,0.24258328721265782,0.21541518263202866,0.24258328721265782,0.21541518263202866,0.2615432704772003,0.23945442871174244,0.2615432704772003,0.23945442871174244,0.2654248463855571,0.33114094391305604,0.2654248463855571,0.33114094391305604,0.33478142257501187,0.39072101546386173,0.33478142257501187,0.39072101546386173,0.2651540807672432,0.28553450513681156,0.2651540807672432,0.28553450513681156,0.29398240903699685,0.328892351244333,0.29398240903699685,0.328892351244333,0.2591956024973216,0.29400210982319125,0.2591956024973216,0.29400210982319125,0.35511511285019476,0.33562144786571174,0.35511511285019476,0.33562144786571174,0.3062026327688765,0.281769876089078,0.3062026327688765,0.281769876089078,0.4548594149901821,0.45575597794392514,0.4548594149901821,0.45575597794392514,0.2405528730993106,0.254802289968903,0.2405528730993106,0.254802289968903,0.27684563915718957,0.2772145684796946,0.27684563915718957,0.2772145684796946,0.31752919350915443,0.26964956434983095,0.31752919350915443,0.26964956434983095,0.3082356019348407,0.3611942683419506,0.3082356019348407,0.3611942683419506
0.2827620949335778,0.26182716679398055,0.2827620949335778,0.26182716679398055,0.24163651073576875,0.2552973989307045,0.24163651073576875,0.2552973989307045,0.3105645315199034,0.26098419985048593,0.3105645315199034,0.26098419985048593,0.2838394295558771,0.24507083185952258,0.2838394295558771,0.24507083185952258,0.2827620949335778,0.26182716679398055,0.2827620949335778,0.26182716679398055,0.24163651073576875,0.2552973989307045,0.24163651073576875,0.2552973989307045,0.2650768649092372,0.2824658497475145,0.2650768649092372,0.2824658497475145,0.2662450233092287,0.2527660045846678,0.2662450233092287,0.2527660045846678,0.2662858584212965,0.31110462169219255,0.2662858584212965,0.31110462169219255,0.3095238672724009,0.3041351281459928,0.3095238672724009,0.3041351281459928,0.2521789435572379,0.2893644949820691,0.2521789435572379,0.2893644949820691,0.25386158862594943,0.2711638564489255,0.25386158862594943,0.2711638564489255,0.2026670972350848,0.2512283700154233,0.2026670972350848,0.2512283700154233,0.25146718183498973,0.259312576140898,0.25146718183498973,0.259312576140898,0.26147742078255687,0.21399917633615684,0.26147742078255687,0.21399917633615684,0.26246539105090394,0.22141624409526495,0.26246539105090394,0.22141624409526495,0.24644097088102437,0.20282162892575234,0.24644097088102437,0.20282162892575234,0.22304273986511092,0.16768420653598287,0.22304273986511092,0.16768420653598287
0.04298896946692184,0.032419816223372463,0.04298896946692184,0.032419816223372463,0.03752568379240072,0.029324358959591366,0.03752568379240072,0.029324358959591366,0.04344926147575552,0.030088612084771788,0.04344926147575552,0.030088612084771788,0.04460342625999016,0.03121688320658008,0.04460342625999016,0.03121688320658008,0.04298896946692184,0.032419816223372463,0.04298896946692184,0.032419816223372463,0.03752568379240072,0.029324358959591366,0.03752568379240072,0.029324358959591366,0.02297754182268132,0.024676377445773365,0.02297754182268132,0.024676377445773365,0.015629854948947065,0.025587636415195812,0.015629854948947065,0.025587636415195812,0.026573053640746896,0.022614722493788195,0.026573053640746896,0.022614722493788195,0.03919852566329071,0.03967379765182016,0.03919852566329071,0.03967379765182016,0.02420882113361475,0.016136086350812866,0.02420882113361475,0.016136086350812866,0.020753827717934374,0.015335515431916196,0.020753827717934374,0.015335515431916196,0.025289966565778164,0.020355191901683622,0.025289966565778164,0.020355191901683622,0.020133752866284802,0.032942090746476034,0.020133752866284802,0.032942090746476034,0.02726373086960896,0.03043589867503394,0.02726373086960896,0.03043589867503394,0.01827636689477169,0.02909619983296351,0.01827636689477169,0.02909619983296351,0.0400047007091882,0.02027857465159546,0.0400047007091882,0.02027857465159546,0.04701552319123796,0.02954706241488455,0.04701552319123796,0.02954706241488455
0.5985312826502937,0.5812784899602427,0.5985312826502937,0.5812784899602427,0.4928661931496998,0.6425043197397902,0.4928661931496998,0.6425043197397902,0.5433443540774533,0.56716403794568,0.5433443540774533,0.56716403794568,0.47493999321036207,0.7675447692594006,0.47493999321036207,0.7675447692594006,0.5985312826502937,0.5812784899602427,0.5985312826502937,0.5812784899602427,0.4928661931496998,0.6425043197397902,0.4928661931496998,0.6425043197397902,0.6075850567847186,0.560376304621663,0.6075850567847186,0.560376304621663,0.6484993474623034,0.7186390219266577,0.6484993474623034,0.7186390219266577,0.5208492139924079,0.6083573960458254,0.5208492139924079,0.6083573960458254,0.5460106484095377,0.5612190660577534,0.5460106484095377,0.5612190660577534,0.5829315567201708,0.5928388713295902,0.5829315567201708,0.5928388713295902,0.5368007730390532,0.6085156854575304,0.5368007730390532,0.6085156854575304,0.5954089795326305,0.527479560099057,0.5954089795326305,0.527479560099057,0.47126643014225944,0.8383119990190157,0.47126643014225944,0.8383119990190157,0.4932203266014116,0.5208878864677718,0.4932203266014116,0.5208878864677718,0.5304112050028483,0.672302394880808,0.5304112050028483,0.672302394880808,0.553946198514811,0.6131523386040121,0.553946198514811,0.6131523386040121,0.6154651348035806,0.6228529515551906,0.6154651348035806,0.6228529515551906
0.1049824015717404,0.10871109268444827,0.1049824015717404,0.10871109268444827,0.09023779727392349,0.13665383188757982,0.09023779727392349,0.13665383188757982,0.11207843808701738,0.11371405792235852,0.11207843808701738,0.11371405792235852,0.12285406278420005,0.18672207867856053,0.12285406278420005,0.18672207867856053,0.1049824015717404,0.10871109268444827,0.1049824015717404,0.10871109268444827,0.09023779727392349,0.13665383188757982,0.09023779727392349,0.13665383188757982,0.10806915210335881,0.0897324740841113,0.10806915210335881,0.0897324740841113,0.13174277143523444,0.11484709298353557,0.13174277143523444,0.11484709298353557,0.10044011356216587,0.11721396274665825,0.10044011356216587,0.11721396274665825,0.08545574308256337,0.07629233173731477,0.08545574308256337,0.07629233173731477,0.10851034235593589,0.11970100282003808,0.10851034235593589,0.11970100282003808,0.1953327636390828,0.11034982155056391,0.1953327636390828,0.11034982155056391,0.12891242768562872,0.13343666930712522,0.12891242768562872,0.13343666930712522,0.13501203732073414,0.1869607814742496,0.13501203732073414,0.1869607814742496,0.1235150558815686,0.11204155135676708,0.1235150558815686,0.11204155135676708,0.20438813353290847,0.18472146606181622,0.20438813353290847,0.18472146606181622,0.1563724972334111,0.11219189382340544,0.1563724972334111,0.11219189382340544,0.12644446303196186,0.1666390551136297,0.12644446303196186,0.1666390551136297
0.04427589397927227,0.046375050794101716,0.04427589397927227,0.046375050794101716,0.03707426205696003,0.060795265496837725,0.03707426205696003,0.060795265496837725,0.064219297562452,0.03755345818084435,0.064219297562452,0.03755345818084435,0.0509852910700916,0.03698317235989698,0.0509852910700916,0.03698317235989698,0.04427589397927227,0.046375050794101716,0.04427589397927227,0.046375050794101716,0.03707426205696003,0.060795265496837725,0.03707426205696003,0.060795265496837725,0.06305818553569206,0.04056848746911961,0.06305818553569206,0.04056848746911961,0.04493514634466235,0.027603701888900777,0.04493514634466235,0.027603701888900777,0.08463994156729635,0.03928551427665915,0.08463994156729635,0.03928551427665915,0.08408359301534532,0.033752225376054476,0.08408359301534532,0.033752225376054476,0.04941017256572142,0.04732634698152573,0.04941017256572142,0.04732634698152573,0.039860705709507435,0.024183620027105446,0.039860705709507435,0.024183620027105446,0.047609009146077186,0.05188271474915977,0.047609009146077186,0.05188271474915977,0.0470523983387048,0.04636397087413593,0.0470523983387048,0.04636397087413593,0.06446984910370472,0.0710862892096116,0.06446984910370472,0.0710862892096116,0.07598735445888109,0.037518931022008616,0.07598735445888109,0.037518931022008616,0.061297553245193356,0.044124464238140725,0.061297553245193356,0.044124464238140725,0.08054901821353935,0.0199877498485083,0.08054901821353935,0.0199877498485083
0.16501979653791238,0.1788369691482415,0.16501979653791238,0.1788369691482415,0.14965788584031595,0.168096257948883,0.14965788584031595,0.168096257948883,0.14665175502124655,0.15515369723994032,0.14665175502124655,0.15515369723994032,0.13759486756824885,0.14419192992601843,0.13759486756824885,0.14419192992601843,0.16501979653791238,0.1788369691482415,0.16501979653791238,0.1788369691482415,0.14965788584031595,0.168096257948883,0.14965788584031595,0.168096257948883,0.12186403415483367,0.14981158074435336,0.12186403415483367,0.14981158074435336,0.23780012307270285,0.13732130694927125,0.23780012307270285,0.13732130694927125,0.1362946353946193,0.14854203883324477,0.1362946353946193,0.14854203883324477,0.1738281275579521,0.17205869038399774,0.1738281275579521,0.17205869038399774,0.16702354956220913,0.1462654110511186,0.16702354956220913,0.1462654110511186,0.17605924725790398,0.09120720408816282,0.17605924725790398,0.09120720408816282,0.15523270181153995,0.15423868457574924,0.15523270181153995,0.15423868457574924,0.17331453515047532,0.2850968522184608,0.17331453515047532,0.2850968522184608,0.14378375347431852,0.18518720734803634,0.14378375347431852,0.18518720734803634,0.13921303419655962,0.09329012931349553,0.13921303419655962,0.09329012931349553,0.17258659531058734,0.11028294152133584,0.17258659531058734,0.11028294152133584,0.18227507937817086,0.1707718366835649,0.18227507937817086,0.1707718366835649
0.6010566961797049,0.7327831772778992,0.6010566961797049,0.7327831772778992,0.672726953069509,0.7498473198145554,0.672726953069509,0.7498473198145554,0.5305347132281653,0.7534562795780775,0.5305347132281653,0.7534562795780775,0.767651772490844,0.7890253662837079,0.767651772490844,0.7890253662837079,0.6010566961797049,0.7327831772778992,0.6010566961797049,0.7327831772778992,0.672726953069509,0.7498473198145554,0.672726953069509,0.7498473198145554,0.6886582498404468,0.6221450151954062,0.6886582498404468,0.6221450151954062,0.6833420024100284,0.7647321149175464,0.6833420024100284,0.7647321149175464,0.7357230096733502,0.5944589029658861,0.7357230096733502,0.5944589029658861,1.3202760127370068,0.7405663201593291,1.3202760127370068,0.7405663201593291,0.6974842794557874,0.5960096843793067,0.6974842794557874,0.5960096843793067,0.8071624825644274,0.6186699994481412,0.8071624825644274,0.6186699994481412,0.5927679093499356,0.80836005111569,0.5927679093499356,0.80836005111569,0.657185880538644,0.7897943705098974,0.657185880538644,0.7897943705098974,0.6389331606813019,0.7392748358521394,0.6389331606813019,0.7392748358521394,0.9296004869760474,0.8137639467599672,0.9296004869760474,0.8137639467599672,0.657050236572682,0.7001854426930705,0.657050236572682,0.7001854426930705,0.6632024382675328,1.0182420663951672,0.6632024382675328,1.0182420663951672
0.26792782446942415,0.2448291660184874,0.26792782446942415,0.2448291660184874,0.21508726000951472,0.2600375930101838,0.21508726000951472,0.2600375930101838,0.2898459745197875,0.25765570372573193,0.2898459745197875,0.25765570372573193,0.22750008590074444,0.25039464722490046,0.22750008590074444,0.25039464722490046,0.26792782446942415,0.2448291660184874,0.26792782446942415,0.2448291660184874,0.21508726000951472,0.2600375930101838,0.21508726000951472,0.2600375930101838,0.23609081148925634,0.29034720374261974,0.23609081148925634,0.29034720374261974,0.2612004966658967,0.20488255463581265,0.2612004966658967,0.20488255463581265,0.2428544240941604,0.2913775288804587,0.2428544240941604,0.2913775288804587,0.24287994861994258,0.2350053137032001,0.24287994861994258,0.2350053137032001,0.2138532008653435,0.3090601052838691,0.2138532008653435,0.3090601052838691,0.2496798730343451,0.23028263696634932,0.2496798730343451,0.23028263696634932,0.2732822677280338,0.2595721988212237,0.2732822677280338,0.2595721988212237,0.21861982573326422,0.2448663935079648,0.21861982573326422,0.2448663935079648,0.2836712341589483,0.2699492760748064,0.2836712341589483,0.2699492760748064,0.23887332380232432,0.26172261285796694,0.23887332380232432,0.26172261285796694,0.1989537509656677,0.2583730082209984,0.1989537509656677,0.2583730082209984,0.20547129050168567,0.24730701311973757,0.20547129050168567,0.24730701311973757
0.08775344330267273,0.08159060721884286,0.08775344330267273,0.08159060721884286,0.06978376469433259,0.0696511588907618,0.06978376469433259,0.0696511588907618,0.07133176156975753,0.1001591378903836,0.07133176156975753,0.1001591378903836,0.0828388769315667,0.08848150377847568,0.0828388769315667,0.08848150377847568,0.08775344330267273,0.08159060721884286,0.08775344330267273,0.08159060721884286,0.06978376469433259,0.0696511588907618,0.06978376469433259,0.0696511588907618,0.0882290680508619,0.09050808562134595,0.0882290680508619,0.09050808562134595,0.0891355063082258,0.09815374233476652,0.0891355063082258,0.09815374233476652,0.08099602745245574,0.08496750573407043,0.08099602745245574,0.08496750573407043,0.09425796847458481,0.10076676617158839,0.09425796847458481,0.10076676617158839,0.0984484385693269,0.0870156579243129,0.0984484385693269,0.0870156579243129,0.10317263327077442,0.13377405963457903,0.10317263327077442,0.13377405963457903,0.05870926801237227,0.09037081469165043,0.05870926801237227,0.09037081469165043,0.059123076686733826,0.059159932409664724,0.059123076686733826,0.059159932409664724,0.08016375360379054,0.06851046131641704,0.08016375360379054,0.06851046131641704,0.0858255183538674,0.07894159948040635,0.0858255183538674,0.07894159948040635,0.07900848729999403,0.08121606107611568,0.07900848729999403,0.08121606107611568,0.09328786958727446,0.0777116332583142,0.09328786958727446,0.0777116332583142
0.27416387349513066,0.31712092559612237,0.27416387349513066,0.31712092559612237,0.23877121349766187,0.28671348848567696,0.23877121349766187,0.28671348848567696,0.2734845486128671,0.3280901123643619,0.2734845486128671,0.3280901123643619,0.2479687278846981,0.3032757191557527,0.2479687278846981,0.3032757191557527,0.27416387349513066,0.31712092559612237,0.27416387349513066,0.31712092559612237,0.23877121349766187,0.28671348848567696,0.23877121349766187,0.28671348848567696,0.2393748530531758,0.28563118297821954,0.2393748530531758,0.28563118297821954,0.2174484903262655,0.2846518076317501,0.2174484903262655,0.2846518076317501,0.23620765962260354,0.3024897867290539,0.23620765962260354,0.3024897867290539,0.21225323525192377,0.28194944751702233,0.21225323525192377,0.28194944751702233,0.2483239766412333,0.28623539548901633,0.2483239766412333,0.28623539548901633,0.2094519327009707,0.25459849121907907,0.2094519327009707,0.25459849121907907,0.2651292846700037,0.28276827453025677,0.2651292846700037,0.28276827453025677,0.22394425916713287,0.27175608900041154,0.22394425916713287,0.27175608900041154,0.25534707272845736,0.26786886605537286,0.25534707272845736,0.26786886605537286,0.19231877812837586,0.27514469514353707,0.19231877812837586,0.27514469514353707,0.24709379813283022,0.2694962248569517,0.24709379813283022,0.2694962248569517,0.19901785049320575,0.23651187849567046,0.19901785049320575,0.23651187849567046
0.17665741156472473,0.16604889822687346,0.17665741156472473,0.16604889822687346,0.20853454218441447,0.17922957371424034,0.20853454218441447,0.17922957371424034,0.17802639482143293,0.17355857743471018,0.17802639482143293,0.17355857743471018,0.18011832463603045,0.1754230306156643,0.18011832463603045,0.1754230306156643,0.17665741156472473,0.16604889822687346,0.17665741156472473,0.16604889822687346,0.20853454218441447,0.17922957371424034,0.20853454218441447,0.17922957371424034,0.1871397362292136,0.18022970343736483,0.1871397362292136,0.18022970343736483,0.17463998694720156,0.193081349508817,0.17463998694720156,0.193081349508817,0.20068147092150013,0.17319838035705068,0.20068147092150013,0.17319838035705068,0.13818599105122348,0.17053980973444888,0.13818599105122348,0.17053980973444888,0.17829577512215325,0.15382749150167468,0.17829577512215325,0.15382749150167468,0.1379648858703419,0.1764555593498803,0.1379648858703419,0.1764555593498803,0.19173425010226527,0.16284703255821079,0.19173425010226527,0.16284703255821079,0.14605757544931303,0.14290894591222872,0.14605757544931303,0.14290894591222872,0.171597605010866,0.162831752974422,0.171597605010866,0.162831752974422,0.13222053276143733,0.12802718705467991,0.13222053276143733,0.12802718705467991,0.146296937608377,0.17383946801593372,0.146296937608377,0.17383946801593372,0.14146028444957176,0.11602624193789104,0.14146028444957176,0.11602624193789104
0.06717476285166975,0.057021349724801544,0.06717476285166975,0.057021349724801544,0.06317816906920626,0.06277282341449732,0.06317816906920626,0.06277282341449732,0.06655980894621824,0.05894006861792318,0.06655980894621824,0.05894006861792318,0.07549726880254448,0.07752368086979501,0.07549726880254448,0.07752368086979501,0.06717476285166975,0.057021349724801544,0.06717476285166975,0.057021349724801544,0.06317816906920626,0.06277282341449732,0.06317816906920626,0.06277282341449732,0.07366080570399884,0.08663597916923106,0.07366080570399884,0.08663597916923106,0.10709894613963575,0.08719887135962631,0.10709894613963575,0.08719887135962631,0.07596111558387339,0.08529562624500266,0.07596111558387339,0.08529562624500266,0.09517933105916292,0.08084957461559074,0.09517933105916292,0.08084957461559074,0.07544061532974267,0.08720589496291174,0.07544061532974267,0.08720589496291174,0.07997714877867983,0.10088735781717444,0.07997714877867983,0.10088735781717444,0.0977501328737921,0.09378054673144418,0.0977501328737921,0.09378054673144418,0.16892904265292014,0.08864402769280873,0.16892904265292014,0.08864402769280873,0.07891073428546382,0.08023176237041448,0.07891073428546382,0.08023176237041448,0.09889566028608729,0.09463961348928585,0.09889566028608729,0.09463961348928585,0.08828268754637907,0.09260246443027693,0.08828268754637907,0.09260246443027693,0.11341870819984415,0.0925795609532823,0.11341870819984415,0.0925795609532823
0.19194739302295236,0.21077182420054036,0.19194739302295236,0.21077182420054036,0.20599200857504774,0.17905492338865683,0.20599200857504774,0.17905492338865683,0.19237023131942976,0.20841729812815357,0.19237023131942976,0.20841729812815357,0.19180158810268025,0.20159637865127952,0.19180158810268025,0.20159637865127952,0.19194739302295236,0.21077182420054036,0.19194739302295236,0.21077182420054036,0.20599200857504774,0.17905492338865683,0.20599200857504774,0.17905492338865683,0.21129012583271095,0.2313962985375054,0.21129012583271095,0.2313962985375054,0.207162005517128,0.18220642969543377,0.207162005517128,0.18220642969543377,0.20990701435311543,0.21163332605089408,0.20990701435311543,0.21163332605089408,0.22643676759048156,0.24975909463103715,0.22643676759048156,0.24975909463103715,0.19914467419356102,0.22855405625117117,0.19914467419356102,0.22855405625117117,0.24113440636010197,0.24995735696005209,0.24113440636010197,0.24995735696005209,0.18721466201246348,0.22535286027682888,0.18721466201246348,0.22535286027682888,0.2149956560361433,0.2242251289582172,0.2149956560361433,0.2242251289582172,0.20216093966374246,0.21811227494751145,0.20216093966374246,0.21811227494751145,0.1970473800572206,0.22910027657227536,0.1970473800572206,0.22910027657227536,0.20019402392300242,0.22912906231081648,0.20019402392300242,0.22912906231081648,0.1878330551727551,0.24572970524116244,0.1878330551727551,0.24572970524116244
0.13340069345262962,0.13393933552871393,0.13340069345262962,0.13393933552871393,0.13080780802530592,0.136528615626577,0.13080780802530592,0.136528615626577,0.13154410443098782,0.1336919895808505,0.13154410443098782,0.1336919895808505,0.1368496732977463,0.13590875464537625,0.1368496732977463,0.13590875464537625,0.13340069345262962,0.13393933552871393,0.13340069345262962,0.13393933552871393,0.13080780802530592,0.136528615626577,0.13080780802530592,0.136528615626577,0.13367874779289263,0.13776797494053966,0.13367874779289263,0.13776797494053966,0.14534096314442382,0.14517605073074255,0.14534096314442382,0.14517605073074255,0.14126924359466705,0.1332962045213579,0.14126924359466705,0.1332962045213579,0.13172937582691935,0.15626472335075198,0.13172937582691935,0.15626472335075198,0.1260250728040804,0.14191542380757233,0.1260250728040804,0.14191542380757233,0.1633051831992633,0.13796246433124787,0.1633051831992633,0.13796246433124787,0.13747608454368493,0.13180693350996397,0.13747608454368493,0.13180693350996397,0.1482757948610344,0.1091869256815467,0.1482757948610344,0.1091869256815467,0.13550059903619452,0.15676525672787936,0.13550059903619452,0.15676525672787936,0.13538929263261332,0.1327304583657874,0.13538929263261332,0.1327304583657874,0.12198817853516315,0.15080106901252116,0.12198817853516315,0.15080106901252116,0.164964677308935,0.1346691063538804,0.164964677308935,0.1346691063538804
0.03322345754561365,0.03490508217774171,0.03322345754561365,0.03490508217774171,0.028990433656636047,0.03264520545628596,0.028990433656636047,0.03264520545628596,0.03181553808853181,0.03433878142991572,0.03181553808853181,0.03433878142991572,0.03001853163799714,0.03343865000040656,0.03001853163799714,0.03343865000040656,0.03322345754561365,0.03490508217774171,0.03322345754561365,0.03490508217774171,0.028990433656636047,0.03264520545628596,0.028990433656636047,0.03264520545628596,0.026814562849059857,0.03379841925204317,0.026814562849059857,0.03379841925204317,0.032758396524972054,0.02903038126389171,0.032758396524972054,0.02903038126389171,0.02688186470891979,0.032595120273627494,0.02688186470891979,0.032595120273627494,0.026880232044703762,0.030072982431091903,0.026880232044703762,0.030072982431091903,0.02715826483668056,0.02968167394185645,0.02715826483668056,0.02968167394185645,0.03840729491208972,0.02934212172951256,0.03840729491208972,0.02934212172951256,0.030778872461720067,0.034779766201628357,0.030778872461720067,0.034779766201628357,0.024319777921362622,0.034504738330957976,0.024319777921362622,0.034504738330957976,0.02687240663836525,0.027617205141248123,0.02687240663836525,0.027617205141248123,0.0365660231152048,0.04100773967821963,0.0365660231152048,0.04100773967821963,0.03699314238225908,0.022104661239991275,0.03699314238225908,0.022104661239991275,0.021378370693222723,0.041039512708285535,0.021378370693222723,0.041039512708285535
0.054729548111795805,0.04946934244165181,0.054729548111795805,0.04946934244165181,0.04857620203853904,0.04259349389693461,0.04857620203853904,0.04259349389693461,0.05083028473682348,0.051014569188189376,0.05083028473682348,0.051014569188189376,0.04986762007358535,0.039259166322964,0.04986762007358535,0.039259166322964,0.054729548111795805,0.04946934244165181,0.054729548111795805,0.04946934244165181,0.04857620203853904,0.04259349389693461,0.04857620203853904,0.04259349389693461,0.03921028565981371,0.04446511483185949,0.03921028565981371,0.04446511483185949,0.03991747493303706,0.03411729484024213,0.03991747493303706,0.03411729484024213,0.057059987093682166,0.04392887137432259,0.057059987093682166,0.04392887137432259,0.036737558082945654,0.045961027894141374,0.036737558082945654,0.045961027894141374,0.047437896324157666,0.039240018264658054,0.047437896324157666,0.039240018264658054,0.05225915987470061,0.012010702042284356,0.05225915987470061,0.012010702042284356,0.03564058154283365,0.034799410008365186,0.03564058154283365,0.034799410008365186,0.02325384387516973,0.01785049425401129,0.02325384387516973,0.01785049425401129,0.048844251468051096,0.04961284239675445,0.048844251468051096,0.04961284239675445,0.05977591811559447,0.04048483014573495,0.05977591811559447,0.04048483014573495,0.04270065920782858,0.05019307927184081,0.04270065920782858,0.05019307927184081,0.02122887396807671,0.03323305250989749,0.02122887396807671,0.03323305250989749
0.05772449702102346,0.05776111654638321,0.05772449702102346,0.05776111654638321,0.050106533200794064,0.06277497356579821,0.050106533200794064,0.06277497356579821,0.05451893440726063,0.056906077830377565,0.05451893440726063,0.056906077830377565,0.06648847894440386,0.06540336474483803,0.06648847894440386,0.06540336474483803,0.05772449702102346,0.05776111654638321,0.05772449702102346,0.05776111654638321,0.050106533200794064,0.06277497356579821,0.050106533200794064,0.06277497356579821,0.04619909480706847,0.06420130625350144,0.04619909480706847,0.06420130625350144,0.05192353138298631,0.06449884504126903,0.05192353138298631,0.06449884504126903,0.04907015284155083,0.06780701789155033,0.04907015284155083,0.06780701789155033,0.0485302224162096,0.0621795957380254,0.0485302224162096,0.0621795957380254,0.04797812815113778,0.06352983604804958,0.04797812815113778,0.06352983604804958,0.04776929491348183,0.07103303632439989,0.04776929491348183,0.07103303632439989,0.05946383223063427,0.05828805731483516,0.05946383223063427,0.05828805731483516,0.03682095739423103,0.051057175852164315,0.03682095739423103,0.051057175852164315,0.04949441245922098,0.055643557171933304,0.04949441245922098,0.055643557171933304,0.0472144395393444,0.050469841798984005,0.0472144395393444,0.050469841798984005,0.05622656568768291,0.056061857989248357,0.05622656568768291,0.056061857989248357,0.03254498392419996,0.06194829143089559,0.03254498392419996,0.06194829143089559
0.1619878318242576,0.1626590640787799,0.1619878318242576,0.1626590640787799,0.15234447823363576,0.14738670805004928,0.15234447823363576,0.14738670805004928,0.17043264967150468,0.16058201952473924,0.17043264967150468,0.16058201952473924,0.14827239848607895,0.14444271938342249,0.14827239848607895,0.14444271938342249,0.1619878318242576,0.1626590640787799,0.1619878318242576,0.1626590640787799,0.15234447823363576,0.14738670805004928,0.15234447823363576,0.14738670805004928,0.15355566871961604,0.17066589958529105,0.15355566871961604,0.17066589958529105,0.1684916710560038,0.16002303953095717,0.1684916710560038,0.16002303953095717,0.15510135856431143,0.1676890389812626,0.15510135856431143,0.1676890389812626,0.16664331840368707,0.1712940584681723,0.16664331840368707,0.1712940584681723,0.15614779372628046,0.1626328739580246,0.15614779372628046,0.1626328739580246,0.15083859559708504,0.16420140855219834,0.15083859559708504,0.16420140855219834,0.17797275586704622,0.1712427318931466,0.17797275586704622,0.1712427318931466,0.16492981469577642,0.16451883441059306,0.16492981469577642,0.16451883441059306,0.15833460476153874,0.1797913792303463,0.15833460476153874,0.1797913792303463,0.12839790644063578,0.16126198594168106,0.12839790644063578,0.16126198594168106,0.147917078184272,0.15494889031579592,0.147917078184272,0.15494889031579592,0.1465997825550222,0.15924761644054902,0.1465997825550222,0.15924761644054902
0.10462980221094739,0.09631814492312366,0.10462980221094739,0.09631814492312366,0.12316368785820107,0.10227317609530116,0.12316368785820107,0.10227317609530116,0.10814272985679567,0.08848342509279139,0.10814272985679567,0.08848342509279139,0.12807639525435108,0.09384393867603964,0.12807639525435108,0.09384393867603964,0.10462980221094739,0.09631814492312366,0.10462980221094739,0.09631814492312366,0.12316368785820107,0.10227317609530116,0.12316368785820107,0.10227317609530116,0.08966133055554913,0.09493770880818289,0.08966133055554913,0.09493770880818289,0.13164080525990676,0.10571747498755325,0.13164080525990676,0.10571747498755325,0.10139479417917059,0.10279634212400258,0.10139479417917059,0.10279634212400258,0.09302059714442593,0.08367353375377702,0.09302059714442593,0.08367353375377702,0.09867787972166557,0.08216311096842402,0.09867787972166557,0.08216311096842402,0.10482333713608903,0.08866327853555443,0.10482333713608903,0.08866327853555443,0.0993528696878018,0.0914658910483289,0.0993528696878018,0.0914658910483289,0.10150730767986525,0.09027892853609591,0.10150730767986525,0.09027892853609591,0.09184129827143227,0.08737481219246322,0.09184129827143227,0.08737481219246322,0.11866333692731698,0.0899847985546174,0.11866333692731698,0.0899847985546174,0.07719505545522212,0.10563398819367188,0.07719505545522212,0.10563398819367188,0.12355308294976405,0.08602579074736552,0.12355308294976405,0.08602579074736552
0.06334690104867001,0.057710098676850764,0.06334690104867001,0.057710098676850764,0.06340928576190964,0.053917772734570775,0.06340928576190964,0.053917772734570775,0.059966073139187406,0.057483113934104414,0.059966073139187406,0.057483113934104414,0.0626106038610433,0.054628367545845234,0.0626106038610433,0.054628367545845234,0.06334690104867001,0.057710098676850764,0.06334690104867001,0.057710098676850764,0.06340928576190964,0.053917772734570775,0.06340928576190964,0.053917772734570775,0.06526337379784668,0.06464580176105258,0.06526337379784668,0.06464580176105258,0.06962208859467049,0.07273739507282351,0.06962208859467049,0.07273739507282351,0.06029554551957826,0.056781258920617146,0.06029554551957826,0.056781258920617146,0.06060354106890193,0.04494080294318496,0.06060354106890193,0.04494080294318496,0.056211705867525046,0.061360783110085755,0.056211705867525046,0.061360783110085755,0.05409857317347743,0.049387108997873554,0.05409857317347743,0.049387108997873554,0.047470802771478894,0.0409731340270739,0.047470802771478894,0.0409731340270739,0.06007600166555892,0.05239234585113509,0.06007600166555892,0.05239234585113509,0.06774686125437669,0.060110905103224234,0.06774686125437669,0.060110905103224234,0.07185214888327311,0.04996906938383512,0.07185214888327311,0.04996906938383512,0.05547572011834474,0.052599425731080826,0.05547572011834474,0.052599425731080826,0.05511051818010948,0.04784605728849307,0.05511051818010948,0.04784605728849307
0.09083077510763479,0.09313375294984103,0.09083077510763479,0.09313375294984103,0.08868081686656917,0.09849291190593822,0.08868081686656917,0.09849291190593822,0.08659159867682374,0.09301045843587294,0.08659159867682374,0.09301045843587294,0.08221886569588167,0.090538945269258,0.08221886569588167,0.090538945269258,0.09083077510763479,0.09313375294984103,0.09083077510763479,0.09313375294984103,0.08868081686656917,0.09849291190593822,0.08868081686656917,0.09849291190593822,0.08511718753983634,0.09821346369939596,0.08511718753983634,0.09821346369939596,0.09981407210617675,0.09324741878610598,0.09981407210617675,0.09324741878610598,0.08487049054737479,0.09261633215238334,0.08487049054737479,0.09261633215238334,0.0916061334951077,0.09599823989093392,0.0916061334951077,0.09599823989093392,0.07007140746642222,0.08998818121172893,0.07007140746642222,0.08998818121172893,0.07649798711934207,0.08826779948801074,0.07649798711934207,0.08826779948801074,0.07738553210162691,0.07971691233767686,0.07738553210162691,0.07971691233767686,0.10626891990596248,0.08369185129087284,0.10626891990596248,0.08369185129087284,0.07371566872970108,0.08382793134224555,0.07371566872970108,0.08382793134224555,0.08941807699182176,0.07487774422530298,0.08941807699182176,0.07487774422530298,0.07866824002760983,0.07211823838014109,0.07866824002760983,0.07211823838014109,0.09273648165698675,0.09358410814755176,0.09273648165698675,0.09358410814755176
0.2249662637194794,0.23396539895541552,0.2249662637194794,0.23396539895541552,0.22432361234509265,0.26662827051560006,0.22432361234509265,0.26662827051560006,0.23133946695137997,0.23318936003860652,0.23133946695137997,0.23318936003860652,0.22411105696126576,0.2406483798196272,0.22411105696126576,0.2406483798196272,0.2249662637194794,0.23396539895541552,0.2249662637194794,0.23396539895541552,0.22432361234509265,0.26662827051560006,0.22432361234509265,0.26662827051560006,0.17092926171399012,0.18322592986716582,0.17092926171399012,0.18322592986716582,0.17729911196361264,0.23493525809397686,0.17729911196361264,0.23493525809397686,0.1842069604448548,0.2010739970062686,0.1842069604448548,0.2010739970062686,0.19794154501419375,0.21643184088990422,0.19794154501419375,0.21643184088990422,0.18082742689091177,0.18811456020935868,0.18082742689091177,0.18811456020935868,0.19639293801115087,0.22027413709693977,0.19639293801115087,0.22027413709693977,0.1760520262616197,0.1958799482384475,0.1760520262616197,0.1958799482384475,0.179960443000783,0.171696860077083,0.179960443000783,0.171696860077083,0.19056691970293352,0.19419902106641643,0.19056691970293352,0.19419902106641643,0.18282168602946416,0.20639195234106758,0.18282168602946416,0.20639195234106758,0.1872866621657569,0.1937204418922828,0.1872866621657569,0.1937204418922828,0.1890019134241713,0.16074465992381273,0.1890019134241713,0.16074465992381273
0.07849266025308213,0.09611391843324735,0.07849266025308213,0.09611391843324735,0.09332138380029198,0.09440814621072745,0.09332138380029198,0.09440814621072745,0.08437290273762185,0.09337103026310509,0.08437290273762185,0.09337103026310509,0.08670705038137033,0.08550270418087423,0.08670705038137033,0.08550270418087423,0.07849266025308213,0.09611391843324735,0.07849266025308213,0.09611391843324735,0.09332138380029198,0.09440814621072745,0.09332138380029198,0.09440814621072745,0.08478108339055315,0.09477554778124857,0.08478108339055315,0.09477554778124857,0.07904835056069796,0.09943835867125908,0.07904835056069796,0.09943835867125908,0.08892760289073215,0.087865340490342,0.08892760289073215,0.087865340490342,0.07948551491851216,0.1003292287851465,0.07948551491851216,0.1003292287851465,0.08130279932139793,0.09342157683986044,0.08130279932139793,0.09342157683986044,0.08458315927856491,0.09355821336958418,0.08458315927856491,0.09355821336958418,0.08492710592661482,0.11325660920282325,0.08492710592661482,0.11325660920282325,0.09660652294778524,0.09198057736406844,0.09660652294778524,0.09198057736406844,0.07306785693898218,0.08748295584310331,0.07306785693898218,0.08748295584310331,0.084987339877683,0.09822214173154342,0.084987339877683,0.09822214173154342,0.0855376259670051,0.11613668417228988,0.0855376259670051,0.11613668417228988,0.077552758641976,0.10384393659701452,0.077552758641976,0.10384393659701452
0.0754986314114325,0.07072434271349609,0.0754986314114325,0.07072434271349609,0.06550906980913739,0.09280067767300076,0.06550906980913739,0.09280067767300076,0.06719418030909784,0.0841791037184805,0.06719418030909784,0.0841791037184805,0.060467061099652414,0.11423996126285321,0.060467061099652414,0.11423996126285321,0.0754986314114325,0.07072434271349609,0.0754986314114325,0.07072434271349609,0.06550906980913739,0.09280067767300076,0.06550906980913739,0.09280067767300076,0.059407141346534034,0.0764872585241588,0.059407141346534034,0.0764872585241588,0.04775390453997254,0.07414687288551632,0.04775390453997254,0.07414687288551632,0.052612455018816236,0.07148294872488731,0.052612455018816236,0.07148294872488731,0.07136118930511769,0.0801304784116074,0.07136118930511769,0.0801304784116074,0.060492855748452805,0.08396580999269193,0.060492855748452805,0.08396580999269193,0.046659087681061494,0.10699027107118142,0.046659087681061494,0.10699027107118142,0.038855920543146356,0.05452951428118075,0.038855920543146356,0.05452951428118075,0.046404446138120996,0.06850474549249899,0.046404446138120996,0.06850474549249899,0.06555340432060662,0.08626834209977549,0.06555340432060662,0.08626834209977549,0.057280727772296716,0.07328264963099715,0.057280727772296716,0.07328264963099715,0.05359865325061312,0.06018013302485444,0.05359865325061312,0.06018013302485444,0.07243243560625769,0.03903270229767977,0.07243243560625769,0.03903270229767977
0.36042318554064723,0.335716106945166,0.36042318554064723,0.335716106945166,0.39971324150478654,0.36104795020220903,0.39971324150478654,0.36104795020220903,0.3614141619636577,0.360186459153578,0.3614141619636577,0.360186459153578,0.34550205639893355,0.31822033486510964,0.34550205639893355,0.31822033486510964,0.36042318554064723,0.335716106945166,0.36042318554064723,0.335716106945166,0.39971324150478654,0.36104795020220903,0.39971324150478654,0.36104795020220903,0.3020665317999271,0.344903743518621,0.3020665317999271,0.344903743518621,0.3865870043333834,0.3794253766779076,0.3865870043333834,0.3794253766779076,0.36997423660660905,0.35388938893926286,0.36997423660660905,0.35388938893926286,0.32120240645630477,0.41163265333200044,0.32120240645630477,0.41163265333200044,0.32515169783276715,0.3657590757017848,0.32515169783276715,0.3657590757017848,0.3156191845952633,0.3997612620595104,0.3156191845952633,0.3997612620595104,0.3099847027768227,0.37134877905985003,0.3099847027768227,0.37134877905985003,0.384306632468959,0.4328269133719547,0.384306632468959,0.4328269133719547,0.3479984061871963,0.33348735483423764,0.3479984061871963,0.33348735483423764,0.3512443824274613,0.42057890588142094,0.3512443824274613,0.42057890588142094,0.3834866629638571,0.39883890916271003,0.3834866629638571,0.39883890916271003,0.40119951688844946,0.3743480475162391,0.40119951688844946,0.3743480475162391
0.14593118499600785,0.17303422412279992,0.14593118499600785,0.17303422412279992,0.1889348685314511,0.18090593838714258,0.1889348685314511,0.18090593838714258,0.1629850980911793,0.16262702150998865,0.1629850980911793,0.16262702150998865,0.18295011685536225,0.16326351993489283,0.18295011685536225,0.16326351993489283,0.14593118499600785,0.17303422412279992,0.14593118499600785,0.17303422412279992,0.1889348685314511,0.18090593838714258,0.1889348685314511,0.18090593838714258,0.15578547552349142,0.21627030616819531,0.15578547552349142,0.21627030616819531,0.2734224373803904,0.15640637115676267,0.2734224373803904,0.15640637115676267,0.16208447389428599,0.17245332882227246,0.16208447389428599,0.17245332882227246,0.19465244255732886,0.20533105540240087,0.19465244255732886,0.20533105540240087,0.17993417404582088,0.20500777971861855,0.17993417404582088,0.20500777971861855,0.2743763396930281,0.18958700370935488,0.2743763396930281,0.18958700370935488,0.1452959752406392,0.14946512535586112,0.1452959752406392,0.14946512535586112,0.1465392164478604,0.1409836360175972,0.1465392164478604,0.1409836360175972,0.17553004182153414,0.20035715395114695,0.17553004182153414,0.20035715395114695,0.10588914090478432,0.20850725804069412,0.10588914090478432,0.20850725804069412,0.11938148073440683,0.1725351675676653,0.11938148073440683,0.1725351675676653,0.10066606228294352,0.14289140723169363,0.10066606228294352,0.14289140723169363
0.06353264445542327,0.06431284550637198,0.06353264445542327,0.06431284550637198,0.05786975221065255,0.03353760626751318,0.05786975221065255,0.03353760626751318,0.0679766712902826,0.06929931103421352,0.0679766712902826,0.06929931103421352,0.061044168216930005,0.049338076026515944,0.061044168216930005,0.049338076026515944,0.06353264445542327,0.06431284550637198,0.06353264445542327,0.06431284550637198,0.05786975221065255,0.03353760626751318,0.05786975221065255,0.03353760626751318,0.07135128448305822,0.061997179040979025,0.07135128448305822,0.061997179040979025,0.08666984524399413,0.0385479040927447,0.08666984524399413,0.0385479040927447,0.038491350112820975,0.037588042628702245,0.038491350112820975,0.037588042628702245,0.029965870099547216,0.027333931683966205,0.029965870099547216,0.027333931683966205,0.052700793192907026,0.04679232795727946,0.052700793192907026,0.04679232795727946,0.05589882273736648,0.05834975438276363,0.05589882273736648,0.05834975438276363,0.0583777980899305,0.06419705681980939,0.0583777980899305,0.06419705681980939,0.06431530468214071,0.1162038101669737,0.06431530468214071,0.1162038101669737,0.06800236796968687,0.06352691902377748,0.06800236796968687,0.06352691902377748,0.06635293614717744,0.06870139827452323,0.06635293614717744,0.06870139827452323,0.04689620081690085,0.08085162196743195,0.04689620081690085,0.08085162196743195,0.061409719830098616,0.045231591200539475,0.061409719830098616,0.045231591200539475
0.05008396367975303,0.04413249895805495,0.05008396367975303,0.04413249895805495,0.03885755148030299,0.03744145395165452,0.03885755148030299,0.03744145395165452,0.048177068246985116,0.0497259463546994,0.048177068246985116,0.0497259463546994,0.052404445871736906,0.03957428922496068,0.052404445871736906,0.03957428922496068,0.05008396367975303,0.04413249895805495,0.05008396367975303,0.04413249895805495,0.03885755148030299,0.03744145395165452,0.03885755148030299,0.03744145395165452,0.03057595303376357,0.03320568198344077,0.03057595303376357,0.03320568198344077,0.02642327848938237,0.03834809388786291,0.02642327848938237,0.03834809388786291,0.02818839729277809,0.03455319494394906,0.02818839729277809,0.03455319494394906,0.03414547928386987,0.02232817621081177,0.03414547928386987,0.02232817621081177,0.04467459393299048,0.039727896509813385,0.04467459393299048,0.039727896509813385,0.029508718707259424,0.03274774790197384,0.029508718707259424,0.03274774790197384,0.03021734864255072,0.03830006909556559,0.03021734864255072,0.03830006909556559,0.024788513489159992,0.02206066921349215,0.024788513489159992,0.02206066921349215,0.04493455820055674,0.034112644490151126,0.04493455820055674,0.034112644490151126,0.028626129383981146,0.023872781121902102,0.028626129383981146,0.023872781121902102,0.037336406027435896,0.03772433214561802,0.037336406027435896,0.03772433214561802,0.016157477011715292,0.030647366286713218,0.016157477011715292,0.030647366286713218
0.8793290493653472,0.8555631694129049,0.8793290493653472,0.8555631694129049,0.9320661845001348,0.8833370177390812,0.9320661845001348,0.8833370177390812,0.8823223672268905,0.872487331273627,0.8823223672268905,0.872487331273627,0.9085800820536364,0.8298053643553108,0.9085800820536364,0.8298053643553108,0.8793290493653472,0.8555631694129049,0.8793290493653472,0.8555631694129049,0.9320661845001348,0.8833370177390812,0.9320661845001348,0.8833370177390812,0.8932032289024073,0.9639929292024613,0.8932032289024073,0.9639929292024613,0.916416890244317,0.8227868629270577,0.916416890244317,0.8227868629270577,0.9080830732273582,0.8903838137407942,0.9080830732273582,0.8903838137407942,0.8048926099347792,1.0411736926446253,0.8048926099347792,1.0411736926446253,0.8733832993805151,0.916984707479509,0.8733832993805151,0.916984707479509,0.8764484983548059,0.8130525510002283,0.8764484983548059,0.8130525510002283,0.9129219193407211,0.8683015051113804,0.9129219193407211,0.8683015051113804,0.8680477889018996,0.9172186936335329,0.8680477889018996,0.9172186936335329,0.8130473531289852,0.9112137549949063,0.8130473531289852,0.9112137549949063,0.8985728099821135,0.9788798773725781,0.8985728099821135,0.9788798773725781,0.9550257536284816,1.0540432489704483,0.9550257536284816,1.0540432489704483,0.9263241855751958,0.985631031368994,0.9263241855751958,0.985631031368994
0.42577025055948825,0.45761835801250283,0.42577025055948825,0.45761835801250283,0.39986434897799567,0.424358091654796,0.39986434897799567,0.424358091654796,0.4473729208989278,0.4489307811047949,0.4473729208989278,0.4489307811047949,0.43275520395187456,0.48551197676277724,0.43275520395187456,0.48551197676277724,0.42577025055948825,0.45761835801250283,0.42577025055948825,0.45761835801250283,0.39986434897799567,0.424358091654796,0.39986434897799567,0.424358091654796,0.44952171170009647,0.41567084290103706,0.44952171170009647,0.41567084290103706,0.3813298549702767,0.3613328783724953,0.3813298549702767,0.3613328783724953,0.43007826079520706,0.45744850837725987,0.43007826079520706,0.45744850837725987,0.3798180861437345,0.39121238798665875,0.3798180861437345,0.39121238798665875,0.42044759075318383,0.4128118391146051,0.42044759075318383,0.4128118391146051,0.34288107567410037,0.4051703459251323,0.34288107567410037,0.4051703459251323,0.3460551349241962,0.32784500780348624,0.3460551349241962,0.32784500780348624,0.3487456149214673,0.29320616511011177,0.3487456149214673,0.29320616511011177,0.4185848544149808,0.4155597291668161,0.4185848544149808,0.4155597291668161,0.3350662415294215,0.36427211927124087,0.3350662415294215,0.36427211927124087,0.3432716740147051,0.4277051894984166,0.3432716740147051,0.4277051894984166,0.32879032474195,0.3100930458466219,0.32879032474195,0.3100930458466219
0.3077343790722622,0.32783099908742286,0.3077343790722622,0.32783099908742286,0.3546096826157438,0.31420275300960365,0.3546096826157438,0.31420275300960365,0.3437379262272788,0.3227618149146593,0.3437379262272788,0.3227618149146593,0.35757908838711,0.2972397036792659,0.35757908838711,0.2972397036792659,0.3077343790722622,0.32783099908742286,0.3077343790722622,0.32783099908742286,0.3546096826157438,0.31420275300960365,0.3546096826157438,0.31420275300960365,0.35892648296219115,0.29391562517215963,0.35892648296219115,0.29391562517215963,0.4174432010272031,0.31988464265158995,0.4174432010272031,0.31988464265158995,0.3827775608112969,0.2837621495256124,0.3827775608112969,0.2837621495256124,0.37935310687253504,0.2978825785491839,0.37935310687253504,0.2978825785491839,0.3171146147923645,0.35555710528939716,0.3171146147923645,0.35555710528939716,0.42353626648216675,0.29029738770404284,0.42353626648216675,0.29029738770404284,0.4234205120639587,0.3250297283370739,0.4234205120639587,0.3250297283370739,0.30173638293539906,0.3234568979586597,0.30173638293539906,0.3234568979586597,0.3916422379769342,0.32146452716026297,0.3916422379769342,0.32146452716026297,0.44459549915533014,0.3478748869259465,0.44459549915533014,0.3478748869259465,0.3516262171398889,0.39866351252370263,0.3516262171398889,0.39866351252370263,0.4497717492829717,0.3633828616049431,0.4497717492829717,0.3633828616049431
0.5962585418678916,0.7067509516128962,0.5962585418678916,0.7067509516128962,0.4497821748910792,0.7706084067215977,0.4497821748910792,0.7706084067215977,0.5838195871854046,0.723933064355401,0.5838195871854046,0.723933064355401,0.6535014178954015,0.7160433376809041,0.6535014178954015,0.7160433376809041,0.5962585418678916,0.7067509516128962,0.5962585418678916,0.7067509516128962,0.4497821748910792,0.7706084067215977,0.4497821748910792,0.7706084067215977,0.681221492072292,0.6711885885874979,0.681221492072292,0.6711885885874979,0.5799161332460734,0.7213672871249373,0.5799161332460734,0.7213672871249373,0.603807517460321,0.6261559447609775,0.603807517460321,0.6261559447609775,0.7077495026509399,0.5758023124433193,0.7077495026509399,0.5758023124433193,0.5991630655638545,0.6701326289068319,0.5991630655638545,0.6701326289068319,0.7744645355151524,0.4960164716420607,0.7744645355151524,0.4960164716420607,0.6481466029720024,0.7048699477378899,0.6481466029720024,0.7048699477378899,0.5540293037421061,0.65917359753401,0.5540293037421061,0.65917359753401,0.6206740314441841,0.5762961000519855,0.6206740314441841,0.5762961000519855,0.78024263357648,0.6497565572333557,0.78024263357648,0.6497565572333557,0.7207079093465958,0.5549296631863531,0.7207079093465958,0.5549296631863531,0.8023302570802671,0.7288898700511718,0.8023302570802671,0.7288898700511718
0.32857353852575266,0.26501785498808444,0.32857353852575266,0.26501785498808444,0.31084171815611333,0.22638708724636175,0.31084171815611333,0.22638708724636175,0.32315740075270066,0.2935884893662815,0.32315740075270066,0.2935884893662815,0.3416462948886006,0.4219666857619524,0.3416462948886006,0.4219666857619524,0.32857353852575266,0.26501785498808444,0.32857353852575266,0.26501785498808444,0.31084171815611333,0.22638708724636175,0.31084171815611333,0.22638708724636175,0.3105315615720921,0.3067646684240897,0.3105315615720921,0.3067646684240897,0.2948614658054611,0.31159402433237754,0.2948614658054611,0.31159402433237754,0.33451022554989296,0.3621835705957351,0.33451022554989296,0.3621835705957351,0.4094984318692807,0.36679595221480155,0.4094984318692807,0.36679595221480155,0.3472030226628808,0.2625668437280214,0.3472030226628808,0.2625668437280214,0.2816906869113376,0.3743601610635798,0.2816906869113376,0.3743601610635798,0.3210939598871781,0.26975665456612385,0.3210939598871781,0.26975665456612385,0.39178546465184655,0.343559383670578,0.39178546465184655,0.343559383670578,0.3446661662052269,0.29603727059044743,0.3446661662052269,0.29603727059044743,0.30347979945396225,0.4301214157515971,0.30347979945396225,0.4301214157515971,0.26059235379181817,0.22141447569573386,0.26059235379181817,0.22141447569573386,0.38587639591762213,0.24867163846455373,0.38587639591762213,0.24867163846455373
0.09048315585610754,0.10610530734521918,0.09048315585610754,0.10610530734521918,0.09281360623794972,0.0733972706668362,0.09281360623794972,0.0733972706668362,0.08528702945104218,0.09629821025390377,0.08528702945104218,0.09629821025390377,0.08586126120453137,0.06821100562077505,0.08586126120453137,0.06821100562077505,0.09048315585610754,0.10610530734521918,0.09048315585610754,0.10610530734521918,0.09281360623794972,0.0733972706668362,0.09281360623794972,0.0733972706668362,0.07353604420719835,0.0769847204028676,0.07353604420719835,0.0769847204028676,0.06840991726032462,0.061969890832067186,0.06840991726032462,0.061969890832067186,0.06753181407356869,0.09246309691423867,0.06753181407356869,0.09246309691423867,0.07237978963246723,0.06777210871274426,0.07237978963246723,0.06777210871274426,0.07992958464937949,0.0758712745660186,0.07992958464937949,0.0758712745660186,0.07335648198118906,0.060791520438180736,0.07335648198118906,0.060791520438180736,0.07407160941759211,0.05512525572954876,0.07407160941759211,0.05512525572954876,0.08313222906402644,0.08478154533752318,0.08313222906402644,0.08478154533752318,0.0669185339608106,0.06234616499317527,0.0669185339608106,0.06234616499317527,0.07992084177203693,0.07631678873945023,0.07992084177203693,0.07631678873945023,0.0692429386792612,0.07059079211861731,0.0692429386792612,0.07059079211861731,0.08477679227827316,0.042072451200820045,0.08477679227827316,0.042072451200820045
0.1705114012310139,0.2000147728064966,0.1705114012310139,0.2000147728064966,0.2441178369086849,0.2160923127294988,0.2441178369086849,0.2160923127294988,0.18078149165564814,0.20205512144341742,0.18078149165564814,0.20205512144341742,0.2814729396036287,0.20947660440767815,0.2814729396036287,0.20947660440767815,0.1705114012310139,0.2000147728064966,0.1705114012310139,0.2000147728064966,0.2441178369086849,0.2160923127294988,0.2441178369086849,0.2160923127294988,0.19489191612966572,0.17123854838809813,0.19489191612966572,0.17123854838809813,0.20346198998319545,0.18863837777147263,0.20346198998319545,0.18863837777147263,0.19014615359614065,0.17208986676681085,0.19014615359614065,0.17208986676681085,0.20400131086662399,0.16439306804473858,0.20400131086662399,0.16439306804473858,0.2132211700435208,0.2046741557046189,0.2132211700435208,0.2046741557046189,0.2210050984331353,0.15734291842417822,0.2210050984331353,0.15734291842417822,0.17426452860772132,0.147071416459811,0.17426452860772132,0.147071416459811,0.11991656259390805,0.2312941709027588,0.11991656259390805,0.2312941709027588,0.2110530308822991,0.13282701626240306,0.2110530308822991,0.13282701626240306,0.21742670876860234,0.2234656808647919,0.21742670876860234,0.2234656808647919,0.22194902640884037,0.16961949412802135,0.22194902640884037,0.16961949412802135,0.28094431322217467,0.18997966772269478,0.28094431322217467,0.18997966772269478
0.12979944758924108,0.12512609080506465,0.12979944758924108,0.12512609080506465,0.13949867323203244,0.10527467377181175,0.13949867323203244,0.10527467377181175,0.13003831440029198,0.12294523553020854,0.13003831440029198,0.12294523553020854,0.12378142672131183,0.0973526566026534,0.12378142672131183,0.0973526566026534,0.12979944758924108,0.12512609080506465,0.12979944758924108,0.12512609080506465,0.13949867323203244,0.10527467377181175,0.13949867323203244,0.10527467377181175,0.1191501631485302,0.1173472830719305,0.1191501631485302,0.1173472830719305,0.13540228003818375,0.11872071358463247,0.13540228003818375,0.11872071358463247,0.12364237403210626,0.11113656930445694,0.12364237403210626,0.11113656930445694,0.1422564329504455,0.09245824999203527,0.1422564329504455,0.09245824999203527,0.1135704005552222,0.10207425412201922,0.1135704005552222,0.10207425412201922,0.1165846290104634,0.1242305803537364,0.1165846290104634,0.1242305803537364,0.1084226224912117,0.10435660071672555,0.1084226224912117,0.10435660071672555,0.08874657418229898,0.09229873071430368,0.08874657418229898,0.09229873071430368,0.10839736238234293,0.11044122848306709,0.10839736238234293,0.11044122848306709,0.13626025669122063,0.1179821363985052,0.13626025669122063,0.1179821363985052,0.09796391127289587,0.10390026533534019,0.09796391127289587,0.10390026533534019,0.0939493295228651,0.12022374248333663,0.0939493295228651,0.12022374248333663
0.19164677202924393,0.19400386378931933,0.19164677202924393,0.19400386378931933,0.17145214526138874,0.18687049029292038,0.17145214526138874,0.18687049029292038,0.19018867408343346,0.20084916608899991,0.19018867408343346,0.20084916608899991,0.19008249486315806,0.18007063945436252,0.19008249486315806,0.18007063945436252,0.19164677202924393,0.19400386378931933,0.19164677202924393,0.19400386378931933,0.17145214526138874,0.18687049029292038,0.17145214526138874,0.18687049029292038,0.18769998226532222,0.18744735532578227,0.18769998226532222,0.18744735532578227,0.22024251753343335,0.21746815885103665,0.22024251753343335,0.21746815885103665,0.1816895722356837,0.18413671870043166,0.1816895722356837,0.18413671870043166,0.233230729678803,0.21237164994223565,0.233230729678803,0.21237164994223565,0.18826131297072324,0.18551347777907554,0.18826131297072324,0.18551347777907554,0.23354344024343013,0.19437551156524832,0.23354344024343013,0.19437551156524832,0.22578309785264994,0.22735859853211504,0.22578309785264994,0.22735859853211504,0.2786274336099775,0.2743257173142628,0.2786274336099775,0.2743257173142628,0.17074333014543622,0.20688288485804118,0.17074333014543622,0.20688288485804118,0.16804047292062974,0.2533629714021169,0.16804047292062974,0.2533629714021169,0.2423090610326305,0.22435793615756397,0.2423090610326305,0.22435793615756397,0.2276193275920518,0.29300790296403917,0.2276193275920518,0.29300790296403917
0.06012044174342503,0.06709188118123731,0.06012044174342503,0.06709188118123731,0.06945612543053405,0.052336860278089876,0.06945612543053405,0.052336860278089876,0.05756022434143872,0.06273826815097079,0.05756022434143872,0.06273826815097079,0.05422538291280975,0.056281440402647626,0.05422538291280975,0.056281440402647626,0.06012044174342503,0.06709188118123731,0.06012044174342503,0.06709188118123731,0.06945612543053405,0.052336860278089876,0.06945612543053405,0.052336860278089876,0.06159580084278909,0.06982324650018959,0.06159580084278909,0.06982324650018959,0.047999293581665374,0.05546146057314822,0.047999293581665374,0.05546146057314822,0.05772816076306064,0.06522082721730879,0.05772816076306064,0.06522082721730879,0.06096337330908224,0.06099904404647938,0.06096337330908224,0.06099904404647938,0.06258110985133888,0.059840881406089313,0.06258110985133888,0.059840881406089313,0.05690422067217095,0.05093585161620468,0.05690422067217095,0.05093585161620468,0.05837096991160119,0.05949302620191679,0.05837096991160119,0.05949302620191679,0.0682866030200612,0.07111364709839596,0.0682866030200612,0.07111364709839596,0.049602983179144175,0.05842044565379668,0.049602983179144175,0.05842044565379668,0.06489449269682628,0.06443969648110932,0.06489449269682628,0.06443969648110932,0.05347166042827653,0.06122270879618063,0.05347166042827653,0.06122270879618063,0.06734531974540416,0.05410707974250546,0.06734531974540416,0.05410707974250546
0.5168151438483221,0.5266115324105186,0.5168151438483221,0.5266115324105186,0.5173442378721702,0.5343350317387328,0.5173442378721702,0.5343350317387328,0.5267340966689493,0.5080360879861546,0.5267340966689493,0.5080360879861546,0.5027568168451647,0.5531620140781208,0.5027568168451647,0.5531620140781208,0.5168151438483221,0.5266115324105186,0.5168151438483221,0.5266115324105186,0.5173442378721702,0.5343350317387328,0.5173442378721702,0.5343350317387328,0.5301326711066462,0.5406397326646462,0.5301326711066462,0.5406397326646462,0.5644669804607589,0.6231314105717825,0.5644669804607589,0.6231314105717825,0.5759050417138775,0.5528992003742773,0.5759050417138775,0.5528992003742773,0.5618995352453406,0.6168305712459032,0.5618995352453406,0.6168305712459032,0.5511006755009009,0.5421075365931468,0.5511006755009009,0.5421075365931468,0.6270896044730224,0.5944054647513077,0.6270896044730224,0.5944054647513077,0.6376166916009435,0.4970552672466246,0.6376166916009435,0.4970552672466246,0.5770511992953208,0.6168505820891915,0.5770511992953208,0.6168505820891915,0.5832471688230624,0.5875314709606799,0.5832471688230624,0.5875314709606799,0.6072577020189103,0.6397295338937249,0.6072577020189103,0.6397295338937249,0.589697361285685,0.5426869404586817,0.589697361285685,0.5426869404586817,0.5431703272076673,0.6052443092913864,0.5431703272076673,0.6052443092913864
0.057708930427094365,0.05583563715378066,0.057708930427094365,0.05583563715378066,0.05961771388984819,0.08103128114732218,0.05961771388984819,0.08103128114732218,0.05727625376994697,0.05876785005133101,0.05727625376994697,0.05876785005133101,0.05484269698403906,0.0692458548856646,0.05484269698403906,0.0692458548856646,0.057708930427094365,0.05583563715378066,0.057708930427094365,0.05583563715378066,0.05961771388984819,0.08103128114732218,0.05961771388984819,0.08103128114732218,0.06591705919740988,0.05929419674535428,0.06591705919740988,0.05929419674535428,0.08369365092630844,0.10671763633421315,0.08369365092630844,0.10671763633421315,0.07426263560888173,0.05666625219010548,0.07426263560888173,0.05666625219010548,0.08468221700833518,0.07991148475971022,0.08468221700833518,0.07991148475971022,0.07185769743932427,0.06246985184350579,0.07185769743932427,0.06246985184350579,0.10418503314757367,0.09959391362710533,0.10418503314757367,0.09959391362710533,0.06931430629085593,0.06750396602897893,0.06931430629085593,0.06750396602897893,0.08125129081301598,0.08674198369357229,0.08125129081301598,0.08674198369357229,0.08261534392843503,0.054897756112506364,0.08261534392843503,0.054897756112506364,0.10489993895054585,0.08641013156095567,0.10489993895054585,0.08641013156095567,0.0578396196158408,0.06748068814248785,0.0578396196158408,0.06748068814248785,0.10476483567147497,0.0671180660871095,0.10476483567147497,0.0671180660871095
0.1316845990883361,0.12929032745628405,0.1316845990883361,0.12929032745628405,0.14123196543557556,0.12886688943743968,0.14123196543557556,0.12886688943743968,0.13452064724814533,0.13850906437882557,0.13452064724814533,0.13850906437882557,0.14812019004039742,0.13283577073813674,0.14812019004039742,0.13283577073813674,0.1316845990883361,0.12929032745628405,0.1316845990883361,0.12929032745628405,0.14123196543557556,0.12886688943743968,0.14123196543557556,0.12886688943743968,0.1337513428359758,0.12297286961664976,0.1337513428359758,0.12297286961664976,0.10376624405312544,0.12948091497735775,0.10376624405312544,0.12948091497735775,0.1263118617475671,0.14003207544758606,0.1263118617475671,0.14003207544758606,0.13984639772621088,0.15297056013864901,0.13984639772621088,0.15297056013864901,0.12974373534128997,0.1340425439521336,0.12974373534128997,0.1340425439521336,0.12055254081569279,0.11483801009917098,0.12055254081569279,0.11483801009917098,0.11343743365908796,0.09882591389115203,0.11343743365908796,0.09882591389115203,0.10943218384843521,0.11759453606733551,0.10943218384843521,0.11759453606733551,0.10721864891348225,0.14686419938078396,0.10721864891348225,0.14686419938078396,0.12757351150640567,0.11120813878543624,0.12757351150640567,0.11120813878543624,0.10722017964528799,0.1172775497540025,0.10722017964528799,0.1172775497540025,0.08296368663006841,0.10730483728247127,0.08296368663006841,0.10730483728247127
0.018176591073422944,0.019450784962850878,0.018176591073422944,0.019450784962850878,0.02478983705951152,0.04706011197609454,0.02478983705951152,0.04706011197609454,0.023902524267677003,0.01931767096164746,0.023902524267677003,0.01931767096164746,0.036580522559951735,0.025921704166135456,0.036580522559951735,0.025921704166135456,0.018176591073422944,0.019450784962850878,0.018176591073422944,0.019450784962850878,0.02478983705951152,0.04706011197609454,0.02478983705951152,0.04706011197609454,0.025929105049748907,0.018013414628142297,0.025929105049748907,0.018013414628142297,0.01918858556901682,0.020329767944959356,0.01918858556901682,0.020329767944959356,0.029803105157206432,0.012697440145709558,0.029803105157206432,0.012697440145709558,0.030425424561525364,0.02523981158672937,0.030425424561525364,0.02523981158672937,0.021132425178346577,0.017428437008631222,0.021132425178346577,0.017428437008631222,0.03191257491636303,0.01354621771547696,0.03191257491636303,0.01354621771547696,0.028333470529523064,0.012710741868292075,0.028333470529523064,0.012710741868292075,0.011489618666008544,0.03932041835549872,0.011489618666008544,0.03932041835549872,0.027691592907654546,0.009709202764591562,0.027691592907654546,0.009709202764591562,0.023408583355578983,0.05731433925803633,0.023408583355578983,0.05731433925803633,0.032749959570087854,0.005906950443207229,0.032749959570087854,0.005906950443207229,0.017378811678401027,0.01612135911392714,0.017378811678401027,0.01612135911392714
0.40027529663740036,0.38562016014837835,0.40027529663740036,0.38562016014837835,0.3559616634271434,0.4081186784455179,0.3559616634271434,0.4081186784455179,0.3825009941764658,0.3943026344394819,0.3825009941764658,0.3943026344394819,0.36725684951810034,0.36899149510800255,0.36725684951810034,0.36899149510800255,0.40027529663740036,0.38562016014837835,0.40027529663740036,0.38562016014837835,0.3559616634271434,0.4081186784455179,0.3559616634271434,0.4081186784455179,0.3436281975050635,0.44411206489141725,0.3436281975050635,0.44411206489141725,0.3948185242657243,0.41026620356264326,0.3948185242657243,0.41026620356264326,0.36231477782202737,0.4372907892906964,0.36231477782202737,0.4372907892906964,0.32733721705071744,0.40462451980343267,0.32733721705071744,0.40462451980343267,0.4104330422967315,0.3712798652916876,0.4104330422967315,0.3712798652916876,0.4244787895677087,0.5021008652042781,0.4244787895677087,0.5021008652042781,0.42098245958769265,0.45003045071342235,0.42098245958769265,0.45003045071342235,0.22175177607247662,0.343260349823053,0.22175177607247662,0.343260349823053,0.37372461970832754,0.3894858079347436,0.37372461970832754,0.3894858079347436,0.5298706362204412,0.4281187889477499,0.5298706362204412,0.4281187889477499,0.38452659923989785,0.39539543157561735,0.38452659923989785,0.39539543157561735,0.36055214198167723,0.3810202896406798,0.36055214198167723,0.3810202896406798
0.17476148212769305,0.18210531110474182,0.17476148212769305,0.18210531110474182,0.19015004916157338,0.207397135675127,0.19015004916157338,0.207397135675127,0.1633000198405978,0.16972838472249646,0.1633000198405978,0.16972838472249646,0.16827458702969933,0.188376355922021,0.16827458702969933,0.188376355922021,0.17476148212769305,0.18210531110474182,0.17476148212769305,0.18210531110474182,0.19015004916157338,0.207397135675127,0.19015004916157338,0.207397135675127,0.17474270368833936,0.21097699842563597,0.17474270368833936,0.21097699842563597,0.19233066220770792,0.2129904184431615,0.19233066220770792,0.2129904184431615,0.19610600978424342,0.20945244640852964,0.19610600978424342,0.20945244640852964,0.21218411636449172,0.22491687381055087,0.21218411636449172,0.22491687381055087,0.1910177236248361,0.20482049151494403,0.1910177236248361,0.20482049151494403,0.2010391392359225,0.2189918947684904,0.2010391392359225,0.2189918947684904,0.18312610613064664,0.21040918491009888,0.18312610613064664,0.21040918491009888,0.14969113263041728,0.23213140765056725,0.14969113263041728,0.23213140765056725,0.22505722047555324,0.2265676668433353,0.22505722047555324,0.2265676668433353,0.2015723659360325,0.23555012090893854,0.2015723659360325,0.23555012090893854,0.1934358530161744,0.23265484335871453,0.1934358530161744,0.23265484335871453,0.2037448084118001,0.20673995769488418,0.2037448084118001,0.20673995769488418
0.14758712179288758,0.1352185900972871,0.14758712179288758,0.1352185900972871,0.1580819912491071,0.12424602835265762,0.1580819912491071,0.12424602835265762,0.14895995061333647,0.13811089237684035,0.14895995061333647,0.13811089237684035,0.20157704426886372,0.13375674631152437,0.20157704426886372,0.13375674631152437,0.14758712179288758,0.1352185900972871,0.14758712179288758,0.1352185900972871,0.1580819912491071,0.12424602835265762,0.1580819912491071,0.12424602835265762,0.1483447188949665,0.12919970783157309,0.1483447188949665,0.12919970783157309,0.153486574031206,0.16388105141248197,0.153486574031206,0.16388105141248197,0.16351754483410066,0.13695711714911096,0.16351754483410066,0.13695711714911096,0.13346130680685217,0.15102631537499547,0.13346130680685217,0.15102631537499547,0.16796190218083343,0.15033652110642856,0.16796190218083343,0.15033652110642856,0.14508023756299773,0.13930379193345283,0.14508023756299773,0.13930379193345283,0.17989815274410162,0.10702086216082098,0.17989815274410162,0.10702086216082098,0.1478610798586286,0.144681099463249,0.1478610798586286,0.144681099463249,0.1520228148878233,0.15906575830278225,0.1520228148878233,0.15906575830278225,0.13681851340522597,0.14440713903429123,0.13681851340522597,0.14440713903429123,0.18377488435489364,0.11280771496444236,0.18377488435489364,0.11280771496444236,0.13856021231140506,0.13922207940101136,0.13856021231140506,0.13922207940101136
0.16060575505753066,0.15958471290227813,0.16060575505753066,0.15958471290227813,0.15453570273041725,0.21827891993636717,0.15453570273041725,0.21827891993636717,0.16195363581156552,0.16802395306333906,0.16195363581156552,0.16802395306333906,0.2088548045721269,0.2772441946394278,0.2088548045721269,0.2772441946394278,0.16060575505753066,0.15958471290227813,0.16060575505753066,0.15958471290227813,0.15453570273041725,0.21827891993636717,0.15453570273041725,0.21827891993636717,0.19042549358430777,0.2515765224990604,0.19042549358430777,0.2515765224990604,0.15845022757171784,0.2554718863357449,0.15845022757171784,0.2554718863357449,0.23811005526408338,0.24578986699654218,0.23811005526408338,0.24578986699654218,0.1706727994113988,0.35688371814950665,0.1706727994113988,0.35688371814950665,0.20171353984728285,0.275782381598342,0.20171353984728285,0.275782381598342,0.2919814582919529,0.3446601006390374,0.2919814582919529,0.3446601006390374,0.25420698856096063,0.2465519334002382,0.25420698856096063,0.2465519334002382,0.2730164092327405,0.20431238130238852,0.2730164092327405,0.20431238130238852,0.23038810644433302,0.2732680178519709,0.23038810644433302,0.2732680178519709,0.3053646924788851,0.338614396133883,0.3053646924788851,0.338614396133883,0.1919403749784852,0.20139083509745295,0.1919403749784852,0.20139083509745295,0.21781602855484225,0.3740609189165983,0.21781602855484225,0.3740609189165983
0.0778584693316913,0.07846576904881632,0.0778584693316913,0.07846576904881632,0.09096192307264084,0.06659026529752093,0.09096192307264084,0.06659026529752093,0.06839689891489778,0.0726999720978777,0.06839689891489778,0.0726999720978777,0.10231504146804182,0.05969657690881969,0.10231504146804182,0.05969657690881969,0.0778584693316913,0.07846576904881632,0.0778584693316913,0.07846576904881632,0.09096192307264084,0.06659026529752093,0.09096192307264084,0.06659026529752093,0.0639900441095103,0.06482785589533895,0.0639900441095103,0.06482785589533895,0.061754942478687985,0.06729692989782651,0.061754942478687985,0.06729692989782651,0.06581379833086963,0.06368994061076555,0.06581379833086963,0.06368994061076555,0.06996353596135506,0.07395344539182423,0.06996353596135506,0.07395344539182423,0.06717111202834312,0.06907177419139117,0.06717111202834312,0.06907177419139117,0.051763322859031895,0.047971847402759,0.051763322859031895,0.047971847402759,0.07611508688719519,0.0670422897146213,0.07611508688719519,0.0670422897146213,0.07857939023819353,0.08658970320343166,0.07857939023819353,0.08658970320343166,0.059181803461876896,0.05579119267457331,0.059181803461876896,0.05579119267457331,0.05998546943357696,0.0449971533060434,0.05998546943357696,0.0449971533060434,0.05305891423304967,0.06488334459789247,0.05305891423304967,0.06488334459789247,0.06813966582127978,0.07611811830310795,0.06813966582127978,0.07611811830310795
0.1624623148324041,0.13252261766292683,0.1624623148324041,0.13252261766292683,0.21962543543024043,0.19933449553062887,0.21962543543024043,0.19933449553062887,0.13367717524706044,0.12232829015655236,0.13367717524706044,0.12232829015655236,0.23227051736555332,0.17955208682728535,0.23227051736555332,0.17955208682728535,0.1624623148324041,0.13252261766292683,0.1624623148324041,0.13252261766292683,0.21962543543024043,0.19933449553062887,0.21962543543024043,0.19933449553062887,0.1460997294257801,0.11004686367029319,0.1460997294257801,0.11004686367029319,0.13711936180234718,0.24852350345472077,0.13711936180234718,0.24852350345472077,0.15896828132194357,0.1365834972301245,0.15896828132194357,0.1365834972301245,0.11969708971920474,0.2073555994528991,0.11969708971920474,0.2073555994528991,0.14600245642758158,0.08399037702138945,0.14600245642758158,0.08399037702138945,0.16617652930931603,0.13999717684191693,0.16617652930931603,0.13999717684191693,0.19187705092415994,0.14011905717980372,0.19187705092415994,0.14011905717980372,0.1980503532640355,0.16645782120142757,0.1980503532640355,0.16645782120142757,0.17183371177807494,0.11913436384180069,0.17183371177807494,0.11913436384180069,0.2949161064317561,0.1823868488842813,0.2949161064317561,0.1823868488842813,0.12476687428707792,0.14971868261008647,0.12476687428707792,0.14971868261008647,0.27366325154492077,0.25432964887794796,0.27366325154492077,0.25432964887794796
0.41717889552622206,0.38048951550793303,0.41717889552622206,0.38048951550793303,0.41829602978228914,0.3229906962357642,0.41829602978228914,0.3229906962357642,0.41560727006853837,0.3667705954878117,0.41560727006853837,0.3667705954878117,0.49269684228337407,0.29825835256305033,0.49269684228337407,0.29825835256305033,0.41717889552622206,0.38048951550793303,0.41717889552622206,0.38048951550793303,0.41829602978228914,0.3229906962357642,0.41829602978228914,0.3229906962357642,0.3522523685633976,0.3079696922122944,0.3522523685633976,0.3079696922122944,0.28984262609103373,0.2169048918543255,0.28984262609103373,0.2169048918543255,0.3745756352401286,0.3862155616685869,0.3745756352401286,0.3862155616685869,0.3571059484319023,0.278072486009583,0.3571059484319023,0.278072486009583,0.3164659951328517,0.39397129562884026,0.3164659951328517,0.39397129562884026,0.371121925453061,0.2633555921910647,0.371121925453061,0.2633555921910647,0.3539296608762298,0.34604832092314614,0.3539296608762298,0.34604832092314614,0.3383935432689106,0.260163228601897,0.3383935432689106,0.260163228601897,0.3376581058121223,0.3515119879079138,0.3376581058121223,0.3515119879079138,0.39861647653539956,0.2572675443253639,0.39861647653539956,0.2572675443253639,0.39060266606330124,0.32619715136196187,0.39060266606330124,0.32619715136196187,0.1974419362911749,0.18805906203238826,0.1974419362911749,0.18805906203238826
0.40073127609064957,0.40721950007786756,0.40073127609064957,0.40721950007786756,0.4571069477715059,0.4051143760702695,0.4571069477715059,0.4051143760702695,0.4000887001439278,0.41785183412816995,0.4000887001439278,0.41785183412816995,0.5086180613071577,0.38791202731542906,0.5086180613071577,0.38791202731542906,0.40073127609064957,0.40721950007786756,0.40073127609064957,0.40721950007786756,0.4571069477715059,0.4051143760702695,0.4571069477715059,0.4051143760702695,0.4233145897414855,0.4340881224730372,0.4233145897414855,0.4340881224730372,0.4792094621140384,0.4526307800707632,0.4792094621140384,0.4526307800707632,0.39603286172891233,0.4054042106576297,0.39603286172891233,0.4054042106576297,0.4535954689256245,0.4908603486216558,0.4535954689256245,0.4908603486216558,0.39677897235960546,0.41572713198796596,0.39677897235960546,0.41572713198796596,0.4937676967436479,0.4820176745834635,0.4937676967436479,0.4820176745834635,0.43840017897883954,0.452326900969131,0.43840017897883954,0.452326900969131,0.4258417050283244,0.40081139247279063,0.4258417050283244,0.40081139247279063,0.38288251717446786,0.38051838028291923,0.38288251717446786,0.38051838028291923,0.3758008720351356,0.4335278612638578,0.3758008720351356,0.4335278612638578,0.40064352079045457,0.42088878412785835,0.40064352079045457,0.42088878412785835,0.4727978020417189,0.5076053936005056,0.4727978020417189,0.5076053936005056
0.09131130563075326,0.0857313924568561,0.09131130563075326,0.0857313924568561,0.08656137687390118,0.06661917974849033,0.08656137687390118,0.06661917974849033,0.0936523829522948,0.08411377124903381,0.0936523829522948,0.08411377124903381,0.09856394683496897,0.08363665933830723,0.09856394683496897,0.08363665933830723,0.09131130563075326,0.0857313924568561,0.09131130563075326,0.0857313924568561,0.08656137687390118,0.06661917974849033,0.08656137687390118,0.06661917974849033,0.06605645675868205,0.06266740038027699,0.06605645675868205,0.06266740038027699,0.047518574763060345,0.06977937257922352,0.047518574763060345,0.06977937257922352,0.048972210734687605,0.07057338778493867,0.048972210734687605,0.07057338778493867,0.06583055790572728,0.04047344339937732,0.06583055790572728,0.04047344339937732,0.08534780299140779,0.07740872789001496,0.08534780299140779,0.07740872789001496,0.04575332078137329,0.07106988566195045,0.04575332078137329,0.07106988566195045,0.05227869946750245,0.06903239462224012,0.05227869946750245,0.06903239462224012,0.04813961213585759,0.034081570534814344,0.04813961213585759,0.034081570534814344,0.06402300656315023,0.049572127903467746,0.06402300656315023,0.049572127903467746,0.04625792713579767,0.034368135283915906,0.04625792713579767,0.034368135283915906,0.06642827688012595,0.0539084890631971,0.06642827688012595,0.0539084890631971,0.04015467850885295,0.05965882406418167,0.04015467850885295,0.05965882406418167
0.42722378812746076,0.42704288975460647,0.42722378812746076,0.42704288975460647,0.39387510800238396,0.4248122219021734,0.39387510800238396,0.4248122219021734,0.4353439363806945,0.4011939073638864,0.4353439363806945,0.4011939073638864,0.3650233013735576,0.4209388121274461,0.3650233013735576,0.4209388121274461,0.42722378812746076,0.42704288975460647,0.42722378812746076,0.42704288975460647,0.39387510800238396,0.4248122219021734,0.39387510800238396,0.4248122219021734,0.3520577689851972,0.4470273457993964,0.3520577689851972,0.4470273457993964,0.2408134150170982,0.3776511063370899,0.2408134150170982,0.3776511063370899,0.38244590533530326,0.46404043413203955,0.38244590533530326,0.46404043413203955,0.43494212036267693,0.32206969934260304,0.43494212036267693,0.32206969934260304,0.35557997763540544,0.4429223098870535,0.35557997763540544,0.4429223098870535,0.38683796872857196,0.3271037602511993,0.38683796872857196,0.3271037602511993,0.3138564915462639,0.4135407211709056,0.3138564915462639,0.4135407211709056,0.39724459229777864,0.4461383607559439,0.39724459229777864,0.4461383607559439,0.3739250597307118,0.33110258746753723,0.3739250597307118,0.33110258746753723,0.3381928118071145,0.2587905031954381,0.3381928118071145,0.2587905031954381,0.4125873056567816,0.2736797983152378,0.4125873056567816,0.2736797983152378,0.3387597078129706,0.2939918871013963,0.3387597078129706,0.2939918871013963
0.5393639877293412,0.5383653774889011,0.5393639877293412,0.5383653774889011,0.4390228951055215,0.5152294616823209,0.4390228951055215,0.5152294616823209,0.5167030529941549,0.5370833246695272,0.5167030529941549,0.5370833246695272,0.5041419403248845,0.5557683016672977,0.5041419403248845,0.5557683016672977,0.5393639877293412,0.5383653774889011,0.5393639877293412,0.5383653774889011,0.4390228951055215,0.5152294616823209,0.4390228951055215,0.5152294616823209,0.4171230911957675,0.4472820850258039,0.4171230911957675,0.4472820850258039,0.3197690340645112,0.3956742766735734,0.3197690340645112,0.3956742766735734,0.4068839073370492,0.3949956702280414,0.4068839073370492,0.3949956702280414,0.33709653917575705,0.2837691052375661,0.33709653917575705,0.2837691052375661,0.3952149358594582,0.48235183468732784,0.3952149358594582,0.48235183468732784,0.3255743434180684,0.4026786666632749,0.3255743434180684,0.4026786666632749,0.32710249064972124,0.36699513884758644,0.32710249064972124,0.36699513884758644,0.22132661589191568,0.3378349598134813,0.22132661589191568,0.3378349598134813,0.4096422216990318,0.47166572650200855,0.4096422216990318,0.47166572650200855,0.28486552555870365,0.24656148253265542,0.28486552555870365,0.24656148253265542,0.38599012427076995,0.32649826559774636,0.38599012427076995,0.32649826559774636,0.2241466828836643,0.2498736810208297,0.2241466828836643,0.2498736810208297
0.592179955591735,0.5322261468975674,0.592179955591735,0.5322261468975674,0.5559298338746047,0.6938203383066827,0.5559298338746047,0.6938203383066827,0.6303975931236124,0.5711563209050907,0.6303975931236124,0.5711563209050907,0.710667204670668,0.7730439423733052,0.710667204670668,0.7730439423733052,0.592179955591735,0.5322261468975674,0.592179955591735,0.5322261468975674,0.5559298338746047,0.6938203383066827,0.5559298338746047,0.6938203383066827,0.46618900092244503,0.5327660179046197,0.46618900092244503,0.5327660179046197,0.711675795817385,0.5985071302253258,0.711675795817385,0.5985071302253258,0.5240820568947632,0.49997724175408575,0.5240820568947632,0.49997724175408575,0.44505181821144063,0.5892052135099316,0.44505181821144063,0.5892052135099316,0.5512595531131942,0.4736717131497546,0.5512595531131942,0.4736717131497546,0.5065813993830152,0.6770912302535677,0.5065813993830152,0.6770912302535677,0.5276738393652975,0.5689495450311871,0.5276738393652975,0.5689495450311871,0.726673955343152,0.5699734765097736,0.726673955343152,0.5699734765097736,0.483387308234609,0.38400162730961607,0.483387308234609,0.38400162730961607,0.4754870760718983,0.5032462449345062,0.4754870760718983,0.5032462449345062,0.5836982037275634,0.47500087267596824,0.5836982037275634,0.47500087267596824,0.9802586761667705,0.8084036074339574,0.9802586761667705,0.8084036074339574
0.012535469970889354,0.011253717255663579,0.012535469970889354,0.011253717255663579,0.01622810430921105,0.021853037185108653,0.01622810430921105,0.021853037185108653,0.009672389880889415,0.012290025848580044,0.009672389880889415,0.012290025848580044,0.026263934436821446,0.016548433752192015,0.026263934436821446,0.016548433752192015,0.012535469970889354,0.011253717255663579,0.012535469970889354,0.011253717255663579,0.01622810430921105,0.021853037185108653,0.01622810430921105,0.021853037185108653,0.012824866097492846,0.012234402583520343,0.012824866097492846,0.012234402583520343,0.03259529124536321,0.015413132579363643,0.03259529124536321,0.015413132579363643,0.012249889479312999,0.017958474374119286,0.012249889479312999,0.017958474374119286,0.04254605139103412,0.027059530763710798,0.04254605139103412,0.027059530763710798,0.011267518017890226,0.010866032645762339,0.011267518017890226,0.010866032645762339,0.055304315192978216,0.028738371336775304,0.055304315192978216,0.028738371336775304,0.020186333985842506,0.021711543087748975,0.020186333985842506,0.021711543087748975,0.040308373334879556,0.02935042572979515,0.040308373334879556,0.02935042572979515,0.013883119835140347,0.020411483915186997,0.013883119835140347,0.020411483915186997,0.02578804416129091,0.02595137519515035,0.02578804416129091,0.02595137519515035,0.01947282615948526,0.018396484616879233,0.01947282615948526,0.018396484616879233,0.03456187518377501,0.05002353633585154,0.03456187518377501,0.05002353633585154
0.049994537025087556,0.04554288072147921,0.049994537025087556,0.04554288072147921,0.06368615174627006,0.03213326560123712,0.06368615174627006,0.03213326560123712,0.048682224485946994,0.04966739647416468,0.048682224485946994,0.04966739647416468,0.05695243849633554,0.03183381018831483,0.05695243849633554,0.03183381018831483,0.049994537025087556,0.04554288072147921,0.049994537025087556,0.04554288072147921,0.06368615174627006,0.03213326560123712,0.06368615174627006,0.03213326560123712,0.041796048999500075,0.0369987167710978,0.041796048999500075,0.0369987167710978,0.015699085671513235,0.03763387707920234,0.015699085671513235,0.03763387707920234,0.041134873163249736,0.04404340703060818,0.041134873163249736,0.04404340703060818,0.02087933638643372,0.02907928176830536,0.02087933638643372,0.02907928176830536,0.036845954217043085,0.04754214062913398,0.036845954217043085,0.04754214062913398,0.02440345530456424,0.03345235574705773,0.02440345530456424,0.03345235574705773,0.029976402040929818,0.034653640225869316,0.029976402040929818,0.034653640225869316,0.019391293324681414,0.040577227529036176,0.019391293324681414,0.040577227529036176,0.04159914673510967,0.04451737451030801,0.04159914673510967,0.04451737451030801,0.027455182014991503,0.01702202963738064,0.027455182014991503,0.01702202963738064,0.03778799257317294,0.05090130176374849,0.03778799257317294,0.05090130176374849,0.014149606783719721,0.023002057711463783,0.014149606783719721,0.023002057711463783
0.10459912001313697,0.07999631089265337,0.10459912001313697,0.07999631089265337,0.09360299687039912,0.0658774326307452,0.09360299687039912,0.0658774326307452,0.09934024602202733,0.06776711860705893,0.09934024602202733,0.06776711860705893,0.08544084005040797,0.07992752048768499,0.08544084005040797,0.07992752048768499,0.10459912001313697,0.07999631089265337,0.10459912001313697,0.07999631089265337,0.09360299687039912,0.0658774326307452,0.09360299687039912,0.0658774326307452,0.0869892696539179,0.10345585114400531,0.0869892696539179,0.10345585114400531,0.07465114665781866,0.10423341911219146,0.07465114665781866,0.10423341911219146,0.08776172877719024,0.09677957481967607,0.08776172877719024,0.09677957481967607,0.11263306496626678,0.10027088614279644,0.11263306496626678,0.10027088614279644,0.08110082483414952,0.09901507667632971,0.08110082483414952,0.09901507667632971,0.08327378626280559,0.13968420227596315,0.08327378626280559,0.13968420227596315,0.08195620840101885,0.07280415123126426,0.08195620840101885,0.07280415123126426,0.12048648293969201,0.08284732505215274,0.12048648293969201,0.08284732505215274,0.10977814936744586,0.0729689555336538,0.10977814936744586,0.0729689555336538,0.16429720884870716,0.08677891970345414,0.16429720884870716,0.08677891970345414,0.07972741233064888,0.09159629753652797,0.07972741233064888,0.09159629753652797,0.11192738631244979,0.08352279506030548,0.11192738631244979,0.08352279506030548
0.19236090866178465,0.20832656403850663,0.19236090866178465,0.20832656403850663,0.22504294226321636,0.24334840267702965,0.22504294226321636,0.24334840267702965,0.19531030084632675,0.20584531603835907,0.19531030084632675,0.20584531603835907,0.20862959000551032,0.2254591577564258,0.20862959000551032,0.2254591577564258,0.19236090866178465,0.20832656403850663,0.19236090866178465,0.20832656403850663,0.22504294226321636,0.24334840267702965,0.22504294226321636,0.24334840267702965,0.25098014529871676,0.24503916757203284,0.25098014529871676,0.24503916757203284,0.25573110146705197,0.29972016715534616,0.25573110146705197,0.29972016715534616,0.23324703017360043,0.21067895999629593,0.23324703017360043,0.21067895999629593,0.26243833038407877,0.27481574461884,0.26243833038407877,0.27481574461884,0.2369490509770762,0.23076596459724596,0.2369490509770762,0.23076596459724596,0.29465360580258776,0.3022263465204443,0.29465360580258776,0.3022263465204443,0.29303280145264965,0.30560415704976585,0.29303280145264965,0.30560415704976585,0.3265411667404847,0.39404067746351384,0.3265411667404847,0.39404067746351384,0.2577590414484453,0.26268353768578595,0.2577590414484453,0.26268353768578595,0.25097801606734454,0.3312965526155304,0.25097801606734454,0.3312965526155304,0.24475722490010313,0.2736601843302643,0.24475722490010313,0.2736601843302643,0.27474286957869226,0.23548203656909578,0.27474286957869226,0.23548203656909578
0.2027062560376934,0.20264610347238263,0.2027062560376934,0.20264610347238263,0.18896985957889587,0.19959224128503403,0.18896985957889587,0.19959224128503403,0.1999081507875918,0.2073115086379768,0.1999081507875918,0.2073115086379768,0.19262774275956898,0.20944139872063958,0.19262774275956898,0.20944139872063958,0.2027062560376934,0.20264610347238263,0.2027062560376934,0.20264610347238263,0.18896985957889587,0.19959224128503403,0.18896985957889587,0.19959224128503403,0.19390975175914107,0.20017313094011574,0.19390975175914107,0.20017313094011574,0.19577475575363884,0.17046693504377655,0.19577475575363884,0.17046693504377655,0.1992495489549958,0.20273216308369338,0.1992495489549958,0.20273216308369338,0.19941937758654615,0.18893375762595072,0.19941937758654615,0.18893375762595072,0.19890914764262388,0.18430135808563067,0.19890914764262388,0.18430135808563067,0.17837445382167713,0.18074711274848307,0.17837445382167713,0.18074711274848307,0.18697671190538656,0.18032725734735588,0.18697671190538656,0.18032725734735588,0.18522145721238198,0.1718270823433977,0.18522145721238198,0.1718270823433977,0.20388367823892573,0.1988770289716835,0.20388367823892573,0.1988770289716835,0.1986887848940759,0.19988472470311702,0.1986887848940759,0.19988472470311702,0.1899295283910815,0.17279952924629113,0.1899295283910815,0.17279952924629113,0.16866009164483473,0.1641285483632195,0.16866009164483473,0.1641285483632195
0.09211209703243513,0.07198038532087593,0.09211209703243513,0.07198038532087593,0.10627713338174384,0.07090410512325065,0.10627713338174384,0.07090410512325065,0.097358630704666,0.07786944347358983,0.097358630704666,0.07786944347358983,0.10892600243063999,0.09310706495493058,0.10892600243063999,0.09310706495493058,0.09211209703243513,0.07198038532087593,0.09211209703243513,0.07198038532087593,0.10627713338174384,0.07090410512325065,0.10627713338174384,0.07090410512325065,0.08824313068641577,0.08082365225465768,0.08824313068641577,0.08082365225465768,0.11160139578460247,0.10817736949228995,0.11160139578460247,0.10817736949228995,0.09614154698597513,0.09075888973356146,0.09614154698597513,0.09075888973356146,0.08020785459809333,0.10125597308100784,0.08020785459809333,0.10125597308100784,0.080331148063763,0.08218817420956027,0.080331148063763,0.08218817420956027,0.13492425847337594,0.11857783403375304,0.13492425847337594,0.11857783403375304,0.09458182484355723,0.07626032010986872,0.09458182484355723,0.07626032010986872,0.11758670665278574,0.0748030262583227,0.11758670665278574,0.0748030262583227,0.08619184922341451,0.08885681837808652,0.08619184922341451,0.08885681837808652,0.10715346435737182,0.07184446865467643,0.10715346435737182,0.07184446865467643,0.08958720919322481,0.08152590612500185,0.08958720919322481,0.08152590612500185,0.08553847288978422,0.053364558339942636,0.08553847288978422,0.053364558339942636
0.06865870992155122,0.0646158819684988,0.06865870992155122,0.0646158819684988,0.05237883915388859,0.07117308799617876,0.05237883915388859,0.07117308799617876,0.06092721000237436,0.0648381663526774,0.06092721000237436,0.0648381663526774,0.05580974435251184,0.05772938809597409,0.05580974435251184,0.05772938809597409,0.06865870992155122,0.0646158819684988,0.06865870992155122,0.0646158819684988,0.05237883915388859,0.07117308799617876,0.05237883915388859,0.07117308799617876,0.0591328612687854,0.06107433377203992,0.0591328612687854,0.06107433377203992,0.03905493396051475,0.03576474545735635,0.03905493396051475,0.03576474545735635,0.059317126078545224,0.06392338964205793,0.059317126078545224,0.06392338964205793,0.051592221040060976,0.03865464995176613,0.051592221040060976,0.03865464995176613,0.0670060162729522,0.0678072365661957,0.0670060162729522,0.0678072365661957,0.05490793694674829,0.04635867084038304,0.05490793694674829,0.04635867084038304,0.06273269640778945,0.04232111903660155,0.06273269640778945,0.04232111903660155,0.01815728423257567,0.03278099397275221,0.01815728423257567,0.03278099397275221,0.05113111198952432,0.07684013316380946,0.05113111198952432,0.07684013316380946,0.028560916729174112,0.0443664142697622,0.028560916729174112,0.0443664142697622,0.03310263594317928,0.05058388931119572,0.03310263594317928,0.05058388931119572,0.037051899646001266,0.027319399364125994,0.037051899646001266,0.027319399364125994
0.02168799774011259,0.018962700472312514,0.02168799774011259,0.018962700472312514,0.027047096710132106,0.025938551563350617,0.027047096710132106,0.025938551563350617,0.02148569448525952,0.018730714292682464,0.02148569448525952,0.018730714292682464,0.023330280463100365,0.023889139556889056,0.023330280463100365,0.023889139556889056,0.02168799774011259,0.018962700472312514,0.02168799774011259,0.018962700472312514,0.027047096710132106,0.025938551563350617,0.027047096710132106,0.025938551563350617,0.014703895162738765,0.01751843915682928,0.014703895162738765,0.01751843915682928,0.016955142291914273,0.01430435205603457,0.016955142291914273,0.01430435205603457,0.014632346060050733,0.014805659914641315,0.014632346060050733,0.014805659914641315,0.019172293527656207,0.013488329264689486,0.019172293527656207,0.013488329264689486,0.01622916218852479,0.016668750824903662,0.01622916218852479,0.016668750824903662,0.018560556935751843,0.011525933072049901,0.018560556935751843,0.011525933072049901,0.014409325827011502,0.016677581782840973,0.014409325827011502,0.016677581782840973,0.01966690739967033,0.014885433528589094,0.01966690739967033,0.014885433528589094,0.015417201690820153,0.01358457846787889,0.015417201690820153,0.01358457846787889,0.01214594370009321,0.017531354020523453,0.01214594370009321,0.017531354020523453,0.012279895054269751,0.014314729738578285,0.012279895054269751,0.014314729738578285,0.014061171418217722,0.02039510235654162,0.014061171418217722,0.02039510235654162
0.07458714127227446,0.0751582698094885,0.07458714127227446,0.0751582698094885,0.07789969475833576,0.0828256844294818,0.07789969475833576,0.0828256844294818,0.076313360391027,0.0755163882003688,0.076313360391027,0.0755163882003688,0.07546302014158701,0.08123758892701165,0.07546302014158701,0.08123758892701165,0.07458714127227446,0.0751582698094885,0.07458714127227446,0.0751582698094885,0.07789969475833576,0.0828256844294818,0.07789969475833576,0.0828256844294818,0.08493406765161711,0.07655633119272258,0.08493406765161711,0.07655633119272258,0.102147356521435,0.07396743535517598,0.102147356521435,0.07396743535517598,0.09416266460119252,0.07169577131075715,0.09416266460119252,0.07169577131075715,0.0705516649842052,0.09847685511295003,0.0705516649842052,0.09847685511295003,0.08468324790769444,0.06832718659925227,0.08468324790769444,0.06832718659925227,0.0832971247257953,0.07801621941446045,0.0832971247257953,0.07801621941446045,0.08553320849802314,0.0713948423842698,0.08553320849802314,0.0713948423842698,0.12552897182983075,0.09899361057529733,0.12552897182983075,0.09899361057529733,0.07935283611673506,0.06689742484714496,0.07935283611673506,0.06689742484714496,0.06815917036442921,0.07422113902954665,0.06815917036442921,0.07422113902954665,0.08207872575766552,0.08671458884630565,0.08207872575766552,0.08671458884630565,0.14301664016626311,0.12781814329202149,0.14301664016626311,0.12781814329202149
0.21422535649572463,0.22497004176629387,0.21422535649572463,0.22497004176629387,0.25138343091165133,0.21444875905923388,0.25138343091165133,0.21444875905923388,0.21909272474099126,0.22269436425395298,0.21909272474099126,0.22269436425395298,0.22866233601696334,0.23295956581207775,0.22866233601696334,0.23295956581207775,0.21422535649572463,0.22497004176629387,0.21422535649572463,0.22497004176629387,0.25138343091165133,0.21444875905923388,0.25138343091165133,0.21444875905923388,0.21155790489753626,0.20203297915868687,0.21155790489753626,0.20203297915868687,0.23459804647979637,0.20639850476921412,0.23459804647979637,0.20639850476921412,0.2012413804292814,0.21506904559796963,0.2012413804292814,0.21506904559796963,0.2135335398738101,0.24325179057300525,0.2135335398738101,0.24325179057300525,0.21951083199794835,0.20678452872588207,0.21951083199794835,0.20678452872588207,0.24046851701786917,0.1975655510808275,0.24046851701786917,0.1975655510808275,0.22998854618972797,0.23428579558634005,0.22998854618972797,0.23428579558634005,0.2619884185165102,0.22472243898980068,0.2619884185165102,0.22472243898980068,0.2318324694188206,0.22834984893853003,0.2318324694188206,0.22834984893853003,0.22772381472254946,0.22950794373176064,0.22772381472254946,0.22950794373176064,0.2259883925508253,0.21633822409227163,0.2259883925508253,0.21633822409227163,0.25985981555508497,0.21665483553419776,0.25985981555508497,0.21665483553419776
0.0585178230462375,0.061471559491782145,0.0585178230462375,0.061471559491782145,0.05842185470934125,0.059590734028800704,0.05842185470934125,0.059590734028800704,0.05771573297796949,0.06195951032504947,0.05771573297796949,0.06195951032504947,0.06338739447321644,0.05559145220499071,0.06338739447321644,0.05559145220499071,0.0585178230462375,0.061471559491782145,0.0585178230462375,0.061471559491782145,0.05842185470934125,0.059590734028800704,0.05842185470934125,0.059590734028800704,0.06164096023164305,0.06542333728960026,0.06164096023164305,0.06542333728960026,0.05938188699164539,0.06774354072407547,0.05938188699164539,0.06774354072407547,0.06839030371043367,0.0654481005263451,0.06839030371043367,0.0654481005263451,0.07712672369761688,0.08111683601550182,0.07712672369761688,0.08111683601550182,0.06736589012500285,0.06526008273365616,0.06736589012500285,0.06526008273365616,0.07023561579426628,0.07529477758783218,0.07023561579426628,0.07529477758783218,0.06251020767212842,0.06323907857028409,0.06251020767212842,0.06323907857028409,0.07605624617754728,0.06342519854662627,0.07605624617754728,0.06342519854662627,0.06652202151043762,0.07613343310264331,0.06652202151043762,0.07613343310264331,0.06795097938904067,0.08943206743495213,0.06795097938904067,0.08943206743495213,0.06561177987186799,0.06928012578590885,0.06561177987186799,0.06928012578590885,0.07360904015154976,0.09517505361436847,0.07360904015154976,0.09517505361436847
0.06743104885394498,0.07089121481270615,0.06743104885394498,0.07089121481270615,0.08553459945246478,0.08406970180644853,0.08553459945246478,0.08406970180644853,0.06822716793351838,0.0758119973814384,0.06822716793351838,0.0758119973814384,0.07780369971241337,0.07818493711180503,0.07780369971241337,0.07818493711180503,0.06743104885394498,0.07089121481270615,0.06743104885394498,0.07089121481270615,0.08553459945246478,0.08406970180644853,0.08553459945246478,0.08406970180644853,0.08438481097265695,0.09184644619533656,0.08438481097265695,0.09184644619533656,0.10078739437878578,0.08964458389154759,0.10078739437878578,0.08964458389154759,0.08330726769842776,0.08113900961947298,0.08330726769842776,0.08113900961947298,0.12053574895172217,0.09429848878790881,0.12053574895172217,0.09429848878790881,0.0821235510602623,0.07909639501846151,0.0821235510602623,0.07909639501846151,0.07401208492021563,0.09009772598030798,0.07401208492021563,0.09009772598030798,0.08151784646639451,0.08307380509137584,0.08151784646639451,0.08307380509137584,0.038431330080582825,0.09410151967519306,0.038431330080582825,0.09410151967519306,0.09188703662370593,0.08767437996518199,0.09188703662370593,0.08767437996518199,0.09024550886607903,0.07007173112425781,0.09024550886607903,0.07007173112425781,0.10516944428979845,0.0895152035146382,0.10516944428979845,0.0895152035146382,0.08488652661433181,0.09587611641087894,0.08488652661433181,0.09587611641087894
0.024924375337613387,0.02100577061984237,0.024924375337613387,0.02100577061984237,0.030461360066371946,0.020861755585184456,0.030461360066371946,0.020861755585184456,0.026455434567011,0.021185863467077463,0.026455434567011,0.021185863467077463,0.03217023795942434,0.024594649621789914,0.03217023795942434,0.024594649621789914,0.024924375337613387,0.02100577061984237,0.024924375337613387,0.02100577061984237,0.030461360066371946,0.020861755585184456,0.030461360066371946,0.020861755585184456,0.03044981283337312,0.03157810175991642,0.03044981283337312,0.03157810175991642,0.03742408285196298,0.037062003472980116,0.03742408285196298,0.037062003472980116,0.03967226791710828,0.029391384515982007,0.03967226791710828,0.029391384515982007,0.034616221970001665,0.03854616436198006,0.034616221970001665,0.03854616436198006,0.029031239004798915,0.030167391916260035,0.029031239004798915,0.030167391916260035,0.03978131029699348,0.029562094426126947,0.03978131029699348,0.029562094426126947,0.03556623607118357,0.03208552341818731,0.03556623607118357,0.03208552341818731,0.04132032127433273,0.04154464456779108,0.04132032127433273,0.04154464456779108,0.03889023988869839,0.03230999705564592,0.03889023988869839,0.03230999705564592,0.035443158687262125,0.04690334999604445,0.035443158687262125,0.04690334999604445,0.04891585501144803,0.03989496540547471,0.04891585501144803,0.03989496540547471,0.0493029986790982,0.04680688086387468,0.0493029986790982,0.04680688086387468
0.035875476080916784,0.04059676748815217,0.035875476080916784,0.04059676748815217,0.03398206866701513,0.03608929245126721,0.03398206866701513,0.03608929245126721,0.03694108301943582,0.039017830275645586,0.03694108301943582,0.039017830275645586,0.02920963799228515,0.03534943247173634,0.02920963799228515,0.03534943247173634,0.035875476080916784,0.04059676748815217,0.035875476080916784,0.04059676748815217,0.03398206866701513,0.03608929245126721,0.03398206866701513,0.03608929245126721,0.03312719276372509,0.03821157937907381,0.03312719276372509,0.03821157937907381,0.036322860918758484,0.031928669513079766,0.036322860918758484,0.031928669513079766,0.031490899660416856,0.03694716768608035,0.031490899660416856,0.03694716768608035,0.045829472150911196,0.04108501107536303,0.045829472150911196,0.04108501107536303,0.03178408875209921,0.03741084986471763,0.03178408875209921,0.03741084986471763,0.03584169102687491,0.037487153016673866,0.03584169102687491,0.037487153016673866,0.03572983761679301,0.0400780965050304,0.03572983761679301,0.0400780965050304,0.03457797687055091,0.036842322136544065,0.03457797687055091,0.036842322136544065,0.03310316905174255,0.03127476023436128,0.03310316905174255,0.03127476023436128,0.038209678335368855,0.03897662300912764,0.038209678335368855,0.03897662300912764,0.03703330624693619,0.03442756069182534,0.03703330624693619,0.03442756069182534,0.035207608019417067,0.03851167091776318,0.035207608019417067,0.03851167091776318
0.07388898548532377,0.07896971330252718,0.07388898548532377,0.07896971330252718,0.06106842735394317,0.0781582835824378,0.06106842735394317,0.0781582835824378,0.07647174375386241,0.06623152645514549,0.07647174375386241,0.06623152645514549,0.06392134896202595,0.07774227402046886,0.06392134896202595,0.07774227402046886,0.07388898548532377,0.07896971330252718,0.07388898548532377,0.07896971330252718,0.06106842735394317,0.0781582835824378,0.06106842735394317,0.0781582835824378,0.0619865238759479,0.06254618416434513,0.0619865238759479,0.06254618416434513,0.0509589192753156,0.06368011244503666,0.0509589192753156,0.06368011244503666,0.068979109556469,0.0839393079749436,0.068979109556469,0.0839393079749436,0.058742575836741584,0.060187628437303554,0.058742575836741584,0.060187628437303554,0.059710785691381496,0.06471520192508365,0.059710785691381496,0.06471520192508365,0.07039441858420305,0.055866203978768326,0.07039441858420305,0.055866203978768326,0.05773263340628499,0.06451180390595289,0.05773263340628499,0.06451180390595289,0.03685719061271721,0.03745724948579877,0.03685719061271721,0.03745724948579877,0.07106212348593459,0.084002582807187,0.07106212348593459,0.084002582807187,0.06519248211659485,0.0744240563889862,0.06519248211659485,0.0744240563889862,0.05040936272793448,0.04893020300605463,0.05040936272793448,0.04893020300605463,0.0519917964212145,0.04386823233947868,0.0519917964212145,0.04386823233947868
0.016506304599304706,0.011890053138028612,0.016506304599304706,0.011890053138028612,0.01111988768602517,0.013652857855963227,0.01111988768602517,0.013652857855963227,0.01480431412368783,0.012689941960901783,0.01480431412368783,0.012689941960901783,0.012852517539808468,0.018555945817280067,0.012852517539808468,0.018555945817280067,0.016506304599304706,0.011890053138028612,0.016506304599304706,0.011890053138028612,0.01111988768602517,0.013652857855963227,0.01111988768602517,0.013652857855963227,0.010710229445777965,0.011485295975640191,0.010710229445777965,0.011485295975640191,0.007160951354523105,0.012007503066399992,0.007160951354523105,0.012007503066399992,0.021017529514699564,0.010889294432070658,0.021017529514699564,0.010889294432070658,0.005297128221293699,0.02295349567235204,0.005297128221293699,0.02295349567235204,0.011300871148279186,0.01259720499374078,0.011300871148279186,0.01259720499374078,0.006319359722087189,0.00682139933130763,0.006319359722087189,0.00682139933130763,0.018841416154449408,0.024486334451272435,0.018841416154449408,0.024486334451272435,0.011168730520489745,0.012850201331508179,0.011168730520489745,0.012850201331508179,0.012353184167851307,0.01380281918386826,0.012353184167851307,0.01380281918386826,0.02508351530922445,0.009125813192871337,0.02508351530922445,0.009125813192871337,0.017442612329818984,0.01634673552411288,0.017442612329818984,0.01634673552411288,0.03570815636349106,0.017985193180741956,0.03570815636349106,0.017985193180741956
0.06014084228697844,0.05437326094042135,0.06014084228697844,0.05437326094042135,0.08031416203766523,0.06300773400908712,0.08031416203766523,0.06300773400908712,0.06345082536642871,0.055231647894860125,0.06345082536642871,0.055231647894860125,0.07928555498356192,0.08930085821958773,0.07928555498356192,0.08930085821958773,0.06014084228697844,0.05437326094042135,0.06014084228697844,0.05437326094042135,0.08031416203766523,0.06300773400908712,0.08031416203766523,0.06300773400908712,0.07815404626035524,0.08826193850961665,0.07815404626035524,0.08826193850961665,0.14120329592215874,0.08032279552044759,0.14120329592215874,0.08032279552044759,0.09006145783858849,0.05139127788083508,0.09006145783858849,0.05139127788083508,0.09685237882262597,0.05597960702182877,0.09685237882262597,0.05597960702182877,0.08183794345551162,0.057861300327393624,0.08183794345551162,0.057861300327393624,0.1131206074251591,0.059687739385788585,0.1131206074251591,0.059687739385788585,0.08491274574151338,0.08205795646657732,0.08491274574151338,0.08205795646657732,0.09766993623576826,0.07949568864697397,0.09766993623576826,0.07949568864697397,0.09303170261155519,0.0760174047947488,0.09303170261155519,0.0760174047947488,0.08825356586395572,0.08599522883446485,0.08825356586395572,0.08599522883446485,0.0752800593478288,0.07712097647399721,0.0752800593478288,0.07712097647399721,0.16448060111563995,0.06305279924356505,0.16448060111563995,0.06305279924356505
0.285929035946883,0.2837586765229894,0.285929035946883,0.2837586765229894,0.29112118796391795,0.28742199305800414,0.29112118796391795,0.28742199305800414,0.268167970099457,0.2755585221339156,0.268167970099457,0.2755585221339156,0.29329128136233723,0.32329169638970073,0.29329128136233723,0.32329169638970073,0.285929035946883,0.2837586765229894,0.285929035946883,0.2837586765229894,0.29112118796391795,0.28742199305800414,0.29112118796391795,0.28742199305800414,0.2506462390670172,0.2512907710903475,0.2506462390670172,0.2512907710903475,0.23367102788771024,0.233066960942417,0.23367102788771024,0.233066960942417,0.2514796298690282,0.2731846574457657,0.2514796298690282,0.2731846574457657,0.289455950350321,0.2519269024721286,0.289455950350321,0.2519269024721286,0.27064897573057484,0.2540010449149194,0.27064897573057484,0.2540010449149194,0.28123067501755167,0.20186180856838676,0.28123067501755167,0.20186180856838676,0.257116196210545,0.24071055367256922,0.257116196210545,0.24071055367256922,0.2992891396124946,0.26228409095808064,0.2992891396124946,0.26228409095808064,0.24022381633180642,0.21521684803146543,0.24022381633180642,0.21521684803146543,0.2756558216199689,0.2227062669616179,0.2756558216199689,0.2227062669616179,0.22729511472585104,0.2666792234097199,0.22729511472585104,0.2666792234097199,0.23858545885665794,0.2457464518526985,0.23858545885665794,0.2457464518526985
0.019635516475625888,0.013705230620997128,0.019635516475625888,0.013705230620997128,0.018794364905254327,0.02223689923158161,0.018794364905254327,0.02223689923158161,0.019067280760747807,0.012779113556037643,0.019067280760747807,0.012779113556037643,0.017352117968679383,0.014751861491514912,0.017352117968679383,0.014751861491514912,0.019635516475625888,0.013705230620997128,0.019635516475625888,0.013705230620997128,0.018794364905254327,0.02223689923158161,0.018794364905254327,0.02223689923158161,0.030012815829259295,0.016547968946076446,0.030012815829259295,0.016547968946076446,0.02245474079392989,0.016647650953391647,0.02245474079392989,0.016647650953391647,0.022161308348058323,0.012635263951743433,0.022161308348058323,0.012635263951743433,0.029107436784915022,0.018980113614008937,0.029107436784915022,0.018980113614008937,0.028036277370058208,0.015929053995033842,0.028036277370058208,0.015929053995033842,0.024656563398462842,0.01976783971885043,0.024656563398462842,0.01976783971885043,0.02463457395205443,0.01914529302334427,0.02463457395205443,0.01914529302334427,0.02035642520044975,0.0231968363708217,0.02035642520044975,0.0231968363708217,0.02334538237719105,0.013824397738178035,0.02334538237719105,0.013824397738178035,0.017540585508760427,0.015463817383406527,0.017540585508760427,0.015463817383406527,0.01867624343340955,0.020461022257225035,0.01867624343340955,0.020461022257225035,0.0106337004984012,0.018477187487371947,0.0106337004984012,0.018477187487371947
0.018292860550937203,0.013295345383889505,0.018292860550937203,0.013295345383889505,0.013880652446032565,0.007913713128020314,0.013880652446032565,0.007913713128020314,0.017894296153249487,0.013284770683093791,0.017894296153249487,0.013284770683093791,0.008192875394364732,0.0075233154594928145,0.008192875394364732,0.0075233154594928145,0.018292860550937203,0.013295345383889505,0.018292860550937203,0.013295345383889505,0.013880652446032565,0.007913713128020314,0.013880652446032565,0.007913713128020314,0.02000402705289944,0.01064691175251857,0.02000402705289944,0.01064691175251857,0.012048206359628805,0.011384537167045664,0.012048206359628805,0.011384537167045664,0.01677098144974414,0.010351774944347832,0.01677098144974414,0.010351774944347832,0.015441989817784803,0.009057615713114595,0.015441989817784803,0.009057615713114595,0.022981545607746717,0.011027222814550972,0.022981545607746717,0.011027222814550972,0.018839888286788415,0.008308582368593739,0.018839888286788415,0.008308582368593739,0.007011624154618617,0.006645825572796478,0.007011624154618617,0.006645825572796478,0.00796111260398694,0.006752098483006479,0.00796111260398694,0.006752098483006479,0.015965629618626177,0.008751827282344695,0.015965629618626177,0.008751827282344695,0.014757136293366196,0.013727726083685596,0.014757136293366196,0.013727726083685596,0.018838184575609006,0.00613784800280229,0.018838184575609006,0.00613784800280229,0.01589872701321197,0.003666345418279482,0.01589872701321197,0.003666345418279482
0.020430204033323386,0.020601002980688336,0.020430204033323386,0.020601002980688336,0.013961727704464792,0.019925833387108724,0.013961727704464792,0.019925833387108724,0.014379376518643986,0.01698481674717094,0.014379376518643986,0.01698481674717094,0.020027820626657193,0.023805683591654303,0.020027820626657193,0.023805683591654303,0.020430204033323386,0.020601002980688336,0.020430204033323386,0.020601002980688336,0.013961727704464792,0.019925833387108724,0.013961727704464792,0.019925833387108724,0.01136388299770032,0.011208277818774428,0.01136388299770032,0.011208277818774428,0.02367206850032884,0.029105151250648633,0.02367206850032884,0.029105151250648633,0.013209286890962586,0.024665021008706736,0.013209286890962586,0.024665021008706736,0.02534693633557478,0.013790337706243588,0.02534693633557478,0.013790337706243588,0.019182111857991586,0.014624200502959615,0.019182111857991586,0.014624200502959615,0.016048612793466196,0.02400775867334751,0.016048612793466196,0.02400775867334751,0.013252436863749177,0.007139238275663315,0.013252436863749177,0.007139238275663315,0.009710579107847546,0.00524071670099317,0.009710579107847546,0.00524071670099317,0.013555907098272675,0.023022844431086622,0.013555907098272675,0.023022844431086622,0.017957970939570734,0.008527215767796435,0.017957970939570734,0.008527215767796435,0.025248002968302388,0.014503043047280261,0.025248002968302388,0.014503043047280261,0.011276505608530756,0.012762638708688455,0.011276505608530756,0.012762638708688455
0.1264903940521419,0.11895375886538871,0.1264903940521419,0.11895375886538871,0.11392394023188732,0.0959833021680788,0.11392394023188732,0.0959833021680788,0.1483357835782581,0.12328475838998218,0.1483357835782581,0.12328475838998218,0.0873567401179784,0.10040907572162877,0.0873567401179784,0.10040907572162877,0.1264903940521419,0.11895375886538871,0.1264903940521419,0.11895375886538871,0.11392394023188732,0.0959833021680788,0.11392394023188732,0.0959833021680788,0.11193731652624513,0.07442097554369353,0.11193731652624513,0.07442097554369353,0.09276339434696451,0.0870595168551141,0.09276339434696451,0.0870595168551141,0.10462609787993588,0.08540990685134195,0.10462609787993588,0.08540990685134195,0.13811504431038799,0.06561139718714416,0.13811504431038799,0.06561139718714416,0.09637393954096313,0.07499083314587489,0.09637393954096313,0.07499083314587489,0.05610349744623784,0.06753258196334923,0.05610349744623784,0.06753258196334923,0.10321770508459577,0.09211849903759711,0.10321770508459577,0.09211849903759711,0.052592158796476295,0.0904271458007422,0.052592158796476295,0.0904271458007422,0.10719739343629596,0.09360999931950108,0.10719739343629596,0.09360999931950108,0.0647315880880612,0.1073081302926083,0.0647315880880612,0.1073081302926083,0.11121914187430998,0.10318269507292124,0.11121914187430998,0.10318269507292124,0.10490610892278558,0.07701172538127984,0.10490610892278558,0.07701172538127984
0.0682106703907789,0.05488014113537975,0.0682106703907789,0.05488014113537975,0.09569532244528216,0.07166771195374098,0.09569532244528216,0.07166771195374098,0.07419148515027187,0.05843612088487939,0.07419148515027187,0.05843612088487939,0.0981587750305509,0.06481749715625922,0.0981587750305509,0.06481749715625922,0.0682106703907789,0.05488014113537975,0.0682106703907789,0.05488014113537975,0.09569532244528216,0.07166771195374098,0.09569532244528216,0.07166771195374098,0.07919771230349128,0.053487204082242674,0.07919771230349128,0.053487204082242674,0.06736911547818168,0.0678281956237833,0.06736911547818168,0.0678281956237833,0.05853296547414384,0.052305347066057876,0.05853296547414384,0.052305347066057876,0.06475723768879818,0.05678172906842979,0.06475723768879818,0.05678172906842979,0.06792514349953431,0.06641274532449572,0.06792514349953431,0.06641274532449572,0.04157583034850135,0.0627383023389521,0.04157583034850135,0.0627383023389521,0.10792095562266825,0.05808432206008938,0.10792095562266825,0.05808432206008938,0.07801377266775632,0.05395789625553889,0.07801377266775632,0.05395789625553889,0.06605946036474773,0.0832443764835873,0.06605946036474773,0.0832443764835873,0.06606471849747812,0.03940923117924437,0.06606471849747812,0.03940923117924437,0.062067754605888585,0.07879558462747951,0.062067754605888585,0.07879558462747951,0.09137585381332984,0.0436549516335621,0.09137585381332984,0.0436549516335621
0.16345838872932333,0.18127626258647647,0.16345838872932333,0.18127626258647647,0.13552829415380707,0.16035480159335289,0.13552829415380707,0.16035480159335289,0.1754453819803766,0.18468726491562615,0.1754453819803766,0.18468726491562615,0.13637567683292595,0.1430057803791003,0.13637567683292595,0.1430057803791003,0.16345838872932333,0.18127626258647647,0.16345838872932333,0.18127626258647647,0.13552829415380707,0.16035480159335289,0.13552829415380707,0.16035480159335289,0.13840139018519848,0.14770688237569468,0.13840139018519848,0.14770688237569468,0.1515546325879481,0.10386922494359446,0.1515546325879481,0.10386922494359446,0.1479800797390166,0.15087759312287827,0.1479800797390166,0.15087759312287827,0.14475610023557056,0.12413919053064397,0.14475610023557056,0.12413919053064397,0.140865321717536,0.14785230704168575,0.140865321717536,0.14785230704168575,0.1315405430743051,0.12122235793443586,0.1315405430743051,0.12122235793443586,0.11536680700095808,0.10688799974278212,0.11536680700095808,0.10688799974278212,0.0740347624910569,0.10751562336642449,0.0740347624910569,0.10751562336642449,0.16232887208368962,0.1468602625457059,0.16232887208368962,0.1468602625457059,0.12226103598559758,0.13672754840940443,0.12226103598559758,0.13672754840940443,0.13015209242345444,0.11421523506204628,0.13015209242345444,0.11421523506204628,0.10443371091645512,0.09324989026268096,0.10443371091645512,0.09324989026268096
0.22038137369949062,0.226922004546862,0.22038137369949062,0.226922004546862,0.20269858389912204,0.21532058427924156,0.20269858389912204,0.21532058427924156,0.22272608389757703,0.20568620777106034,0.22272608389757703,0.20568620777106034,0.22700091881518078,0.19978165411850193,0.22700091881518078,0.19978165411850193,0.22038137369949062,0.226922004546862,0.22038137369949062,0.226922004546862,0.20269858389912204,0.21532058427924156,0.20269858389912204,0.21532058427924156,0.16751286182203617,0.1426717861741888,0.16751286182203617,0.1426717861741888,0.15912944201188242,0.19394085877698147,0.15912944201188242,0.19394085877698147,0.15064361443126528,0.1846931246461459,0.15064361443126528,0.1846931246461459,0.17731397147208078,0.21672953290897698,0.17731397147208078,0.21672953290897698,0.17355120083740622,0.17077407763352245,0.17355120083740622,0.17077407763352245,0.14510414855725842,0.20394890317568853,0.14510414855725842,0.20394890317568853,0.15420382143138495,0.16237378138472974,0.15420382143138495,0.16237378138472974,0.13547808611386247,0.23645220647063342,0.13547808611386247,0.23645220647063342,0.1600450473274214,0.15112106355159668,0.1600450473274214,0.15112106355159668,0.1362936842078777,0.17492530762609965,0.1362936842078777,0.17492530762609965,0.13886954054093037,0.14476705080846433,0.13886954054093037,0.14476705080846433,0.13757956378456968,0.1340035301421026,0.13757956378456968,0.1340035301421026
0.22986652337923918,0.23704927353494393,0.22986652337923918,0.23704927353494393,0.21811905715830707,0.2512100478510453,0.21811905715830707,0.2512100478510453,0.23302317135583298,0.22426536691364435,0.23302317135583298,0.22426536691364435,0.23051804043057872,0.19788815190010905,0.23051804043057872,0.19788815190010905,0.22986652337923918,0.23704927353494393,0.22986652337923918,0.23704927353494393,0.21811905715830707,0.2512100478510453,0.21811905715830707,0.2512100478510453,0.22426169253865874,0.2347886751043795,0.22426169253865874,0.2347886751043795,0.29278605662825585,0.25357104392063146,0.29278605662825585,0.25357104392063146,0.20156415601520045,0.22868243053513457,0.20156415601520045,0.22868243053513457,0.2401992534161476,0.24520734466024016,0.2401992534161476,0.24520734466024016,0.23211393701141741,0.24330217444113536,0.23211393701141741,0.24330217444113536,0.22724597980222247,0.2594350481605162,0.22724597980222247,0.2594350481605162,0.2639584447552721,0.2623849884880992,0.2639584447552721,0.2623849884880992,0.25021928894619244,0.27094680376941516,0.25021928894619244,0.27094680376941516,0.20923564601676273,0.2568715112886069,0.20923564601676273,0.2568715112886069,0.2121615715808136,0.2518257329249435,0.2121615715808136,0.2518257329249435,0.2324210657005014,0.254930752077788,0.2324210657005014,0.254930752077788,0.20838529722969637,0.26229401710912514,0.20838529722969637,0.26229401710912514
0.03963439554611575,0.037497955378992406,0.03963439554611575,0.037497955378992406,0.040658769969452155,0.04795050065691554,0.040658769969452155,0.04795050065691554,0.037245388943859384,0.04139950139372857,0.037245388943859384,0.04139950139372857,0.05579307870244591,0.053319050512905364,0.05579307870244591,0.053319050512905364,0.03963439554611575,0.037497955378992406,0.03963439554611575,0.037497955378992406,0.040658769969452155,0.04795050065691554,0.040658769969452155,0.04795050065691554,0.033447124418453586,0.038285528940974894,0.033447124418453586,0.038285528940974894,0.07380849835573353,0.048945454420331394,0.07380849835573353,0.048945454420331394,0.04118428750494886,0.03451734978789185,0.04118428750494886,0.03451734978789185,0.07273245548152509,0.060359687273769023,0.07273245548152509,0.060359687273769023,0.03595598201756693,0.05893952836727225,0.03595598201756693,0.05893952836727225,0.059890154697123846,0.06444663292522995,0.059890154697123846,0.06444663292522995,0.04534151347591277,0.044365396145013544,0.04534151347591277,0.044365396145013544,0.053560894604187205,0.05669576796614932,0.053560894604187205,0.05669576796614932,0.04182570741175624,0.03447392152202518,0.04182570741175624,0.03447392152202518,0.09718041188273456,0.06742735822848299,0.09718041188273456,0.06742735822848299,0.04468858753842501,0.049909911345048165,0.04468858753842501,0.049909911345048165,0.09261710317128155,0.04691299661258257,0.09261710317128155,0.04691299661258257
0.425614597807741,0.44665762250367014,0.425614597807741,0.44665762250367014,0.35241919930872456,0.42620390532609537,0.35241919930872456,0.42620390532609537,0.4215399715573335,0.4505751003940536,0.4215399715573335,0.4505751003940536,0.3998569534076592,0.38404020935613453,0.3998569534076592,0.38404020935613453,0.425614597807741,0.44665762250367014,0.425614597807741,0.44665762250367014,0.35241919930872456,0.42620390532609537,0.35241919930872456,0.42620390532609537,0.34014618723461726,0.3072331224802961,0.34014618723461726,0.3072331224802961,0.2645040931430234,0.27717302666114796,0.2645040931430234,0.27717302666114796,0.3130687365899015,0.3456013406562312,0.3130687365899015,0.3456013406562312,0.2383658907753025,0.38968193281410596,0.2383658907753025,0.38968193281410596,0.3917150501618883,0.3490647406487447,0.3917150501618883,0.3490647406487447,0.24823705293103987,0.3187376098470165,0.24823705293103987,0.3187376098470165,0.3601450271559539,0.31940220178027207,0.3601450271559539,0.31940220178027207,0.25233988283100617,0.3836436670649243,0.25233988283100617,0.3836436670649243,0.29942174531894006,0.29398215109136216,0.29942174531894006,0.29398215109136216,0.3156647537187034,0.20520343011051057,0.3156647537187034,0.20520343011051057,0.27582301538732273,0.32636001260187253,0.27582301538732273,0.32636001260187253,0.20579390421306357,0.28735143957545334,0.20579390421306357,0.28735143957545334
0.2873551014051211,0.25180332551160245,0.2873551014051211,0.25180332551160245,0.2725846935136549,0.32185819594681014,0.2725846935136549,0.32185819594681014,0.2765754503154627,0.25511476998490246,0.2765754503154627,0.25511476998490246,0.26463425586988293,0.2666701315027231,0.26463425586988293,0.2666701315027231,0.2873551014051211,0.25180332551160245,0.2873551014051211,0.25180332551160245,0.2725846935136549,0.32185819594681014,0.2725846935136549,0.32185819594681014,0.30038815264587493,0.2744893133656915,0.30038815264587493,0.2744893133656915,0.2917933778212379,0.24244030775041048,0.2917933778212379,0.24244030775041048,0.2948105031585547,0.26121719003733224,0.2948105031585547,0.26121719003733224,0.23474934514865775,0.2571007882667661,0.23474934514865775,0.2571007882667661,0.2832265303908572,0.2737698032537733,0.2832265303908572,0.2737698032537733,0.2791320057506986,0.2498296630035214,0.2791320057506986,0.2498296630035214,0.264320676620553,0.2922321221104506,0.264320676620553,0.2922321221104506,0.2603537267560537,0.2565477510313418,0.2603537267560537,0.2565477510313418,0.26533299145165673,0.3070325634857103,0.26533299145165673,0.3070325634857103,0.3458064197336391,0.29917274554984263,0.3458064197336391,0.29917274554984263,0.3054357121922858,0.2707463886980869,0.3054357121922858,0.2707463886980869,0.24629547918096167,0.2925750177311109,0.24629547918096167,0.2925750177311109
0.10872732197631788,0.11690051052620061,0.10872732197631788,0.11690051052620061,0.08682784683064736,0.11809261220177363,0.08682784683064736,0.11809261220177363,0.10282249875881651,0.10767918599288881,0.10282249875881651,0.10767918599288881,0.07845910452876145,0.11368256634371574,0.07845910452876145,0.11368256634371574,0.10872732197631788,0.11690051052620061,0.10872732197631788,0.11690051052620061,0.08682784683064736,0.11809261220177363,0.08682784683064736,0.11809261220177363,0.1606434117065189,0.09365359441548583,0.1606434117065189,0.09365359441548583,0.16657812924707316,0.07645069736802797,0.16657812924707316,0.07645069736802797,0.1292696698329568,0.11338999184120555,0.1292696698329568,0.11338999184120555,0.11786730858740277,0.10229049150388139,0.11786730858740277,0.10229049150388139,0.13608332714962793,0.11802128971500589,0.13608332714962793,0.11802128971500589,0.1884861745955692,0.09545105459317295,0.1884861745955692,0.09545105459317295,0.11760645024448402,0.09791216826575658,0.11760645024448402,0.09791216826575658,0.14735090019456804,0.10992228698416022,0.14735090019456804,0.10992228698416022,0.1445980667165785,0.09724432345569253,0.1445980667165785,0.09724432345569253,0.09134836183663891,0.10528741962107002,0.09134836183663891,0.10528741962107002,0.11121842693049533,0.09213396421089168,0.11121842693049533,0.09213396421089168,0.1322989533065111,0.11755791442542984,0.1322989533065111,0.11755791442542984
0.27295445509304855,0.2396672736837939,0.27295445509304855,0.2396672736837939,0.36864759522077206,0.39258859139400665,0.36864759522077206,0.39258859139400665,0.2714952152991012,0.27027700524317927,0.2714952152991012,0.27027700524317927,0.3621377105430749,0.35213473361979164,0.3621377105430749,0.35213473361979164,0.27295445509304855,0.2396672736837939,0.27295445509304855,0.2396672736837939,0.36864759522077206,0.39258859139400665,0.36864759522077206,0.39258859139400665,0.2949315755418498,0.26658935172990006,0.2949315755418498,0.26658935172990006,0.3994399749066826,0.3848591977255236,0.3994399749066826,0.3848591977255236,0.2941345575654267,0.32994372282626716,0.2941345575654267,0.32994372282626716,0.35669902576828394,0.3460842796595695,0.35669902576828394,0.3460842796595695,0.3016829700862651,0.28450362564330245,0.3016829700862651,0.28450362564330245,0.366759412040188,0.3564656108551767,0.366759412040188,0.3564656108551767,0.28868185955529396,0.33068411954886123,0.28868185955529396,0.33068411954886123,0.3152222023897841,0.3845914677722254,0.3152222023897841,0.3845914677722254,0.30291920898122304,0.294137229858965,0.30291920898122304,0.294137229858965,0.32455278541200894,0.4116063529389038,0.32455278541200894,0.4116063529389038,0.2795478877253701,0.3036048572421423,0.2795478877253701,0.3036048572421423,0.33526058566454775,0.4126539029588418,0.33526058566454775,0.4126539029588418
0.156966100566021,0.15997687415706172,0.156966100566021,0.15997687415706172,0.16033126930554534,0.20208371694828084,0.16033126930554534,0.20208371694828084,0.15737224446991196,0.15047631584165108,0.15737224446991196,0.15047631584165108,0.15598898946538076,0.1999055985480658,0.15598898946538076,0.1999055985480658,0.156966100566021,0.15997687415706172,0.156966100566021,0.15997687415706172,0.16033126930554534,0.20208371694828084,0.16033126930554534,0.20208371694828084,0.14726218304521618,0.17122779968957091,0.14726218304521618,0.17122779968957091,0.15966044372429747,0.13782193007878724,0.15966044372429747,0.13782193007878724,0.14860308484734913,0.17850827454211263,0.14860308484734913,0.17850827454211263,0.15725927008531235,0.1390734156319476,0.15725927008531235,0.1390734156319476,0.12724375189382145,0.15224189849588632,0.12724375189382145,0.15224189849588632,0.18627545448297775,0.14059653041981982,0.18627545448297775,0.14059653041981982,0.10646228666309665,0.1268385327058514,0.10646228666309665,0.1268385327058514,0.13177413614721425,0.18303976959258553,0.13177413614721425,0.18303976959258553,0.11612843605266812,0.1352415908705658,0.11612843605266812,0.1352415908705658,0.12119302222079761,0.13773130598029573,0.12119302222079761,0.13773130598029573,0.11838473297480179,0.13271293748224136,0.11838473297480179,0.13271293748224136,0.15781432457997135,0.14122154361294606,0.15781432457997135,0.14122154361294606
0.2604221301380068,0.24053967792495604,0.2604221301380068,0.24053967792495604,0.2536124194588321,0.36222763514069506,0.2536124194588321,0.36222763514069506,0.2545254972173329,0.2223910690948129,0.2545254972173329,0.2223910690948129,0.2978704586618603,0.3673147468789795,0.2978704586618603,0.3673147468789795,0.2604221301380068,0.24053967792495604,0.2604221301380068,0.24053967792495604,0.2536124194588321,0.36222763514069506,0.2536124194588321,0.36222763514069506,0.3115189803107992,0.24562233013713797,0.3115189803107992,0.24562233013713797,0.28744116932059466,0.26674291557947244,0.28744116932059466,0.26674291557947244,0.2102806532228607,0.31090744386245694,0.2102806532228607,0.31090744386245694,0.3044285116284407,0.27575256593152503,0.3044285116284407,0.27575256593152503,0.25160336708482467,0.3109891327671556,0.25160336708482467,0.3109891327671556,0.26201608836343754,0.3104288186206341,0.26201608836343754,0.3104288186206341,0.36646121323595854,0.3231356892042395,0.36646121323595854,0.3231356892042395,0.3704424866792106,0.42640087353329553,0.3704424866792106,0.42640087353329553,0.2596010306007303,0.3638553228226291,0.2596010306007303,0.3638553228226291,0.35342011048226957,0.3878056459528411,0.35342011048226957,0.3878056459528411,0.34931666429524033,0.28077358596556784,0.34931666429524033,0.28077358596556784,0.3051055140013322,0.2227070215920952,0.3051055140013322,0.2227070215920952
0.4192750322928073,0.4047517057190368,0.4192750322928073,0.4047517057190368,0.36936725780328067,0.4122327534764572,0.36936725780328067,0.4122327534764572,0.44570747919576936,0.39401397927051446,0.44570747919576936,0.39401397927051446,0.42006464309372754,0.4441144523259654,0.42006464309372754,0.4441144523259654,0.4192750322928073,0.4047517057190368,0.4192750322928073,0.4047517057190368,0.36936725780328067,0.4122327534764572,0.36936725780328067,0.4122327534764572,0.38441487208747244,0.36508550549603985,0.38441487208747244,0.36508550549603985,0.3788194185494445,0.3636431066878681,0.3788194185494445,0.3636431066878681,0.38551597304720797,0.3612532862650792,0.38551597304720797,0.3612532862650792,0.35823403623382233,0.3713443759738831,0.35823403623382233,0.3713443759738831,0.37997150890722103,0.3994847549155742,0.37997150890722103,0.3994847549155742,0.3569126339896744,0.3987233420495117,0.3569126339896744,0.3987233420495117,0.3770215298343846,0.4183601869544598,0.3770215298343846,0.4183601869544598,0.3654280093080773,0.39765368701861364,0.3654280093080773,0.39765368701861364,0.35976043552363746,0.35308234826124285,0.35976043552363746,0.35308234826124285,0.38352783162698484,0.32980867526751567,0.38352783162698484,0.32980867526751567,0.3647066125740786,0.3372012100220801,0.3647066125740786,0.3372012100220801,0.3726694059293598,0.34128765540365674,0.3726694059293598,0.34128765540365674
0.20161671384314986,0.18886006986568268,0.20161671384314986,0.18886006986568268,0.1623182036675311,0.17148897068360722,0.1623182036675311,0.17148897068360722,0.1963923223794453,0.19255020519133914,0.1963923223794453,0.19255020519133914,0.15584182904964894,0.16236395781259463,0.15584182904964894,0.16236395781259463,0.20161671384314986,0.18886006986568268,0.20161671384314986,0.18886006986568268,0.1623182036675311,0.17148897068360722,0.1623182036675311,0.17148897068360722,0.14935170688208135,0.13190362462522262,0.14935170688208135,0.13190362462522262,0.1499581769735973,0.17595705246817686,0.1499581769735973,0.17595705246817686,0.13758020072533553,0.1468451522442872,0.13758020072533553,0.1468451522442872,0.1636921584750637,0.18404085147716068,0.1636921584750637,0.18404085147716068,0.14287450345552902,0.1469453142026941,0.14287450345552902,0.1469453142026941,0.1157469770526819,0.17981622142717724,0.1157469770526819,0.17981622142717724,0.139477708857982,0.12611283289085146,0.139477708857982,0.12611283289085146,0.077635852698448,0.13464161994461524,0.077635852698448,0.13464161994461524,0.10031105558233938,0.12963782660100007,0.10031105558233938,0.12963782660100007,0.11888694122130561,0.15699799613952375,0.11888694122130561,0.15699799613952375,0.1090042079487642,0.13444686797604413,0.1090042079487642,0.13444686797604413,0.08621121652216028,0.12857227087341347,0.08621121652216028,0.12857227087341347
0.08735712772966002,0.08442000972787493,0.08735712772966002,0.08442000972787493,0.09309977208596092,0.08236995458402953,0.09309977208596092,0.08236995458402953,0.08728444292129822,0.08654801353363688,0.08728444292129822,0.08654801353363688,0.10956555182398503,0.08613178664644265,0.10956555182398503,0.08613178664644265,0.08735712772966002,0.08442000972787493,0.08735712772966002,0.08442000972787493,0.09309977208596092,0.08236995458402953,0.09309977208596092,0.08236995458402953,0.08935345486725031,0.09516606254654857,0.08935345486725031,0.09516606254654857,0.07041659576383802,0.06976617634528386,0.07041659576383802,0.06976617634528386,0.07920746202906777,0.07317132313656907,0.07920746202906777,0.07317132313656907,0.05529632940904561,0.08300931267273343,0.05529632940904561,0.08300931267273343,0.06684258303491517,0.0907036259912633,0.06684258303491517,0.0907036259912633,0.06719915608039408,0.06732994546038447,0.06719915608039408,0.06732994546038447,0.09878157403425675,0.09491154441097521,0.09878157403425675,0.09491154441097521,0.15012828511943233,0.10427202938937834,0.15012828511943233,0.10427202938937834,0.08862980083706591,0.09482576131078646,0.08862980083706591,0.09482576131078646,0.08132755459531614,0.08802023162981226,0.08132755459531614,0.08802023162981226,0.09507062149541025,0.09688600572882829,0.09507062149541025,0.09688600572882829,0.11404400560345718,0.07497007495695354,0.11404400560345718,0.07497007495695354
0.16857284619517518,0.17423624232513724,0.16857284619517518,0.17423624232513724,0.1805768681775304,0.18907043727588171,0.1805768681775304,0.18907043727588171,0.16985369364578481,0.17721636188559886,0.16985369364578481,0.17721636188559886,0.17524381784615753,0.16608978380087294,0.17524381784615753,0.16608978380087294,0.16857284619517518,0.17423624232513724,0.16857284619517518,0.17423624232513724,0.1805768681775304,0.18907043727588171,0.1805768681775304,0.18907043727588171,0.16625574646850275,0.17925873781262458,0.16625574646850275,0.17925873781262458,0.19538359265703287,0.22793462346287674,0.19538359265703287,0.22793462346287674,0.17914771278497366,0.18211911926543803,0.17914771278497366,0.18211911926543803,0.21154036236445453,0.22518434810303967,0.21154036236445453,0.22518434810303967,0.19518152785618684,0.17753015189834018,0.19518152785618684,0.17753015189834018,0.26490859039778075,0.24764206210273673,0.26490859039778075,0.24764206210273673,0.20185219939482626,0.1907285818436936,0.20185219939482626,0.1907285818436936,0.23038177285442293,0.264373953121618,0.23038177285442293,0.264373953121618,0.19277478871909756,0.21281771002823793,0.19277478871909756,0.21281771002823793,0.24290679377013233,0.19877725003942973,0.24290679377013233,0.19877725003942973,0.21360074546523242,0.24865160231332764,0.21360074546523242,0.24865160231332764,0.2574442768407216,0.21293013566446292,0.2574442768407216,0.21293013566446292
0.2667336835601928,0.26673509599535977,0.2667336835601928,0.26673509599535977,0.28947974547927285,0.3004151664110934,0.28947974547927285,0.3004151664110934,0.27237965989658786,0.2673699181578211,0.27237965989658786,0.2673699181578211,0.29532790731230635,0.30981878899031484,0.29532790731230635,0.30981878899031484,0.2667336835601928,0.26673509599535977,0.2667336835601928,0.26673509599535977,0.28947974547927285,0.3004151664110934,0.28947974547927285,0.3004151664110934,0.2798473939844508,0.284346724567694,0.2798473939844508,0.284346724567694,0.26587774786277063,0.2717971904674589,0.26587774786277063,0.2717971904674589,0.26295427509889174,0.2697445029982999,0.26295427509889174,0.2697445029982999,0.27771594827672386,0.28403024005957717,0.27771594827672386,0.28403024005957717,0.25894021049317983,0.2757671499133114,0.25894021049317983,0.2757671499133114,0.2705864925571218,0.23521459589007018,0.2705864925571218,0.23521459589007018,0.271269042888425,0.2982815276081285,0.271269042888425,0.2982815276081285,0.3122180964972138,0.3354387090847864,0.3122180964972138,0.3354387090847864,0.26686351263035607,0.3300227448680413,0.26686351263035607,0.3300227448680413,0.3446038675494216,0.33449905249282963,0.3446038675494216,0.33449905249282963,0.26813349483171744,0.3070416925517416,0.26813349483171744,0.3070416925517416,0.3161714337996054,0.321038807230219,0.3161714337996054,0.321038807230219
0.01776676709911169,0.014924535117145364,0.01776676709911169,0.014924535117145364,0.018281228790024587,0.01753280416723647,0.018281228790024587,0.01753280416723647,0.019505117341918583,0.013666181224245691,0.019505117341918583,0.013666181224245691,0.01438680273482193,0.03192040115377189,0.01438680273482193,0.03192040115377189,0.01776676709911169,0.014924535117145364,0.01776676709911169,0.014924535117145364,0.018281228790024587,0.01753280416723647,0.018281228790024587,0.01753280416723647,0.024183491644282136,0.013925236684682875,0.024183491644282136,0.013925236684682875,0.020880585536435597,0.024306660242944,0.020880585536435597,0.024306660242944,0.018211383531802707,0.01944668107314254,0.018211383531802707,0.01944668107314254,0.03244681594874456,0.021628561164560783,0.03244681594874456,0.021628561164560783,0.022393979915567762,0.01846752809240169,0.022393979915567762,0.01846752809240169,0.015068244747547472,0.0155838575856224,0.015068244747547472,0.0155838575856224,0.0289069712190984,0.04297774656835957,0.0289069712190984,0.04297774656835957,0.035016100261177414,0.057344792645089446,0.035016100261177414,0.057344792645089446,0.021961668581435036,0.035031514497655264,0.021961668581435036,0.035031514497655264,0.028038269006115925,0.038539603891711176,0.028038269006115925,0.038539603891711176,0.0230116987064601,0.024033430548946345,0.0230116987064601,0.024033430548946345,0.05855062728297194,0.05993651115055646,0.05855062728297194,0.05993651115055646
0.12168328408466399,0.10283055551121147,0.12168328408466399,0.10283055551121147,0.12148416958085571,0.13213535911277416,0.12148416958085571,0.13213535911277416,0.12446593685608316,0.1077181841872689,0.12446593685608316,0.1077181841872689,0.12201194935752878,0.10498530991932073,0.12201194935752878,0.10498530991932073,0.12168328408466399,0.10283055551121147,0.12168328408466399,0.10283055551121147,0.12148416958085571,0.13213535911277416,0.12148416958085571,0.13213535911277416,0.11200960597314345,0.13706710876149833,0.11200960597314345,0.13706710876149833,0.0964541070346138,0.1326518352177006,0.0964541070346138,0.1326518352177006,0.10271570960492704,0.09855125965974403,0.10271570960492704,0.09855125965974403,0.09709115856868519,0.07866307113194106,0.09709115856868519,0.07866307113194106,0.09661165640129663,0.11712910746659008,0.09661165640129663,0.11712910746659008,0.11036911636792401,0.11613391767919626,0.11036911636792401,0.11613391767919626,0.11014647620856345,0.09053988240193933,0.11014647620856345,0.09053988240193933,0.09508612329520305,0.11622335181886537,0.09508612329520305,0.11622335181886537,0.10026864526020476,0.08000895658870175,0.10026864526020476,0.08000895658870175,0.04458243537485077,0.07625632042009578,0.04458243537485077,0.07625632042009578,0.11567798072028042,0.09831344505545583,0.11567798072028042,0.09831344505545583,0.07610946831431975,0.08912738663819543,0.07610946831431975,0.08912738663819543
0.05357301708950124,0.06031609143808771,0.05357301708950124,0.06031609143808771,0.07049434717312321,0.06015883092054594,0.07049434717312321,0.06015883092054594,0.05508166091543039,0.05964988606717727,0.05508166091543039,0.05964988606717727,0.06773526870502579,0.04832920450980929,0.06773526870502579,0.04832920450980929,0.05357301708950124,0.06031609143808771,0.05357301708950124,0.06031609143808771,0.07049434717312321,0.06015883092054594,0.07049434717312321,0.06015883092054594,0.042443389029566826,0.04476727928174901,0.042443389029566826,0.04476727928174901,0.07003160407250823,0.0522875632220642,0.07003160407250823,0.0522875632220642,0.057341946515688996,0.05364339231645895,0.057341946515688996,0.05364339231645895,0.04181889139141425,0.050146771952327376,0.04181889139141425,0.050146771952327376,0.060123131604147464,0.055193533735784055,0.060123131604147464,0.055193533735784055,0.04481136917136689,0.03959020271588561,0.04481136917136689,0.03959020271588561,0.04915053539340887,0.042788909735539025,0.04915053539340887,0.042788909735539025,0.03361209469451139,0.029303609667885935,0.03361209469451139,0.029303609667885935,0.06920688423286134,0.061810075656392,0.06920688423286134,0.061810075656392,0.058718312927547825,0.0625894244974141,0.058718312927547825,0.0625894244974141,0.05400668024183411,0.06304699578021394,0.05400668024183411,0.06304699578021394,0.06400950288852424,0.03355431466638069,0.06400950288852424,0.03355431466638069
0.0724247783944746,0.06537027624298333,0.0724247783944746,0.06537027624298333,0.09719588923322844,0.09699568453219627,0.09719588923322844,0.09699568453219627,0.07477868437791609,0.07717542084903903,0.07477868437791609,0.07717542084903903,0.10474074076117461,0.11145003817757272,0.10474074076117461,0.11145003817757272,0.0724247783944746,0.06537027624298333,0.0724247783944746,0.06537027624298333,0.09719588923322844,0.09699568453219627,0.09719588923322844,0.09699568453219627,0.07732921910884878,0.08942094477195695,0.07732921910884878,0.08942094477195695,0.08976423332872496,0.08961422970239649,0.08976423332872496,0.08961422970239649,0.08300545951703082,0.06989100266757806,0.08300545951703082,0.06989100266757806,0.1392607832923481,0.08207006419300839,0.1392607832923481,0.08207006419300839,0.07987278167611045,0.07471080980348675,0.07987278167611045,0.07471080980348675,0.11114890456761936,0.11628352892267649,0.11114890456761936,0.11628352892267649,0.07619909623542766,0.08425762618451692,0.07619909623542766,0.08425762618451692,0.11004359716357558,0.08886746060662973,0.11004359716357558,0.08886746060662973,0.09748763863496504,0.10049452226529848,0.09748763863496504,0.10049452226529848,0.1440642487075284,0.12502015033885752,0.1440642487075284,0.12502015033885752,0.09164505485285492,0.08519219905874628,0.09164505485285492,0.08519219905874628,0.07535175515319317,0.09061167534139931,0.07535175515319317,0.09061167534139931
0.15856658258531195,0.16992413903339937,0.15856658258531195,0.16992413903339937,0.13632434611340374,0.14723774153657235,0.13632434611340374,0.14723774153657235,0.16346676899391305,0.16113974175724396,0.16346676899391305,0.16113974175724396,0.15250197305780275,0.14103891185029194,0.15250197305780275,0.14103891185029194,0.15856658258531195,0.16992413903339937,0.15856658258531195,0.16992413903339937,0.13632434611340374,0.14723774153657235,0.13632434611340374,0.14723774153657235,0.15893401222261197,0.164117735416656,0.15893401222261197,0.164117735416656,0.15803269181414245,0.1794119199725683,0.15803269181414245,0.1794119199725683,0.16504196179680727,0.176457371041752,0.16504196179680727,0.176457371041752,0.18305231509897632,0.1781327606583632,0.18305231509897632,0.1781327606583632,0.1694614822580573,0.16559933234443477,0.1694614822580573,0.16559933234443477,0.16329125717611623,0.18048180362157548,0.16329125717611623,0.18048180362157548,0.1450662062381714,0.13904862002767968,0.1450662062381714,0.13904862002767968,0.20363149138868888,0.14062446425904998,0.20363149138868888,0.14062446425904998,0.16907255930441314,0.16538020346363758,0.16907255930441314,0.16538020346363758,0.1569382604076243,0.1464478062827907,0.1569382604076243,0.1464478062827907,0.133525040349856,0.14556846413016686,0.133525040349856,0.14556846413016686,0.14671535309318912,0.11442358657260134,0.14671535309318912,0.11442358657260134
0.07029987404641297,0.061734543053587936,0.07029987404641297,0.061734543053587936,0.09007869465913196,0.09146210145278282,0.09007869465913196,0.09146210145278282,0.06607596645716661,0.05628820675742225,0.06607596645716661,0.05628820675742225,0.07066178074296524,0.08684706800613738,0.07066178074296524,0.08684706800613738,0.07029987404641297,0.061734543053587936,0.07029987404641297,0.061734543053587936,0.09007869465913196,0.09146210145278282,0.09007869465913196,0.09146210145278282,0.08033122270618549,0.09227222888650577,0.08033122270618549,0.09227222888650577,0.08794101521836964,0.10966724828363418,0.08794101521836964,0.10966724828363418,0.08188697877178776,0.07646049755495121,0.08188697877178776,0.07646049755495121,0.07828972621963999,0.0944326435665336,0.07828972621963999,0.0944326435665336,0.09155256842935011,0.08575410872343621,0.09155256842935011,0.08575410872343621,0.08587463816749039,0.1110630567888269,0.08587463816749039,0.1110630567888269,0.10540497976333488,0.0956188539584895,0.10540497976333488,0.0956188539584895,0.10720261870706912,0.0910877183360863,0.10720261870706912,0.0910877183360863,0.08274701297852814,0.09900343468511281,0.08274701297852814,0.09900343468511281,0.12931882149782775,0.11062659859833734,0.12931882149782775,0.11062659859833734,0.09088779880170494,0.08543067010274474,0.09088779880170494,0.08543067010274474,0.07697653100273334,0.1280240009449325,0.07697653100273334,0.1280240009449325
0.06145158852907837,0.06269207407432824,0.06145158852907837,0.06269207407432824,0.06437825653874121,0.05100418880510834,0.06437825653874121,0.05100418880510834,0.061470778841158695,0.06226270304623648,0.061470778841158695,0.06226270304623648,0.05417254114685419,0.06889423782902244,0.05417254114685419,0.06889423782902244,0.06145158852907837,0.06269207407432824,0.06145158852907837,0.06269207407432824,0.06437825653874121,0.05100418880510834,0.06437825653874121,0.05100418880510834,0.04646292292742793,0.05931455892849796,0.04646292292742793,0.05931455892849796,0.046349175468048016,0.09303600445128458,0.046349175468048016,0.09303600445128458,0.06093592504661418,0.05534758089292093,0.06093592504661418,0.05534758089292093,0.04287270182545681,0.05404557340708118,0.04287270182545681,0.05404557340708118,0.05692087344438509,0.058720166485506695,0.05692087344438509,0.058720166485506695,0.03269385724351548,0.043624433352338995,0.03269385724351548,0.043624433352338995,0.04884354840605154,0.04946271255489082,0.04884354840605154,0.04946271255489082,0.03196247145065128,0.1011535622765017,0.03196247145065128,0.1011535622765017,0.057530244715693644,0.047051844220223675,0.057530244715693644,0.047051844220223675,0.06348904437049534,0.0659312402448215,0.06348904437049534,0.0659312402448215,0.053779251137566375,0.061144393593679285,0.053779251137566375,0.061144393593679285,0.0690392715863989,0.07323810806018104,0.0690392715863989,0.07323810806018104
0.10096506119101635,0.0948799437194966,0.10096506119101635,0.0948799437194966,0.11214666910945784,0.08217881776092333,0.11214666910945784,0.08217881776092333,0.09589699827309159,0.09562236976156036,0.09589699827309159,0.09562236976156036,0.09925467951365566,0.07681953160915407,0.09925467951365566,0.07681953160915407,0.10096506119101635,0.0948799437194966,0.10096506119101635,0.0948799437194966,0.11214666910945784,0.08217881776092333,0.11214666910945784,0.08217881776092333,0.08225796287309686,0.09066861480652967,0.08225796287309686,0.09066861480652967,0.08889282501651662,0.06371684733634823,0.08889282501651662,0.06371684733634823,0.09565292054537645,0.08944772146386437,0.09565292054537645,0.08944772146386437,0.08256297256118113,0.08339343331289654,0.08256297256118113,0.08339343331289654,0.09018960784622684,0.09194802982402348,0.09018960784622684,0.09194802982402348,0.0888358334787744,0.07042401734356164,0.0888358334787744,0.07042401734356164,0.07733785672316067,0.057189806810959296,0.07733785672316067,0.057189806810959296,0.07335210706713526,0.08024668888081683,0.07335210706713526,0.08024668888081683,0.08354949164029042,0.0759536701334496,0.08354949164029042,0.0759536701334496,0.058433733603158386,0.06592659433847502,0.058433733603158386,0.06592659433847502,0.07928716702427714,0.06671181964613561,0.07928716702427714,0.06671181964613561,0.08630814032439695,0.07805481950715197,0.08630814032439695,0.07805481950715197
0.08475861631589178,0.08909876190263484,0.08475861631589178,0.08909876190263484,0.0820034045196892,0.09662902633611717,0.0820034045196892,0.09662902633611717,0.08497240817961492,0.08931478128220073,0.08497240817961492,0.08931478128220073,0.09116709439998759,0.09457897451060039,0.09116709439998759,0.09457897451060039,0.08475861631589178,0.08909876190263484,0.08475861631589178,0.08909876190263484,0.0820034045196892,0.09662902633611717,0.0820034045196892,0.09662902633611717,0.08402423314629427,0.09124507795981456,0.08402423314629427,0.09124507795981456,0.0935009943812368,0.09015518643727037,0.0935009943812368,0.09015518643727037,0.08491936523006198,0.0864964536371854,0.08491936523006198,0.0864964536371854,0.09424805511216854,0.08847388769011542,0.09424805511216854,0.08847388769011542,0.08001663779696598,0.09119389949214461,0.08001663779696598,0.09119389949214461,0.09939729090375897,0.08768575786732426,0.09939729090375897,0.08768575786732426,0.08069315607047638,0.09394659628424193,0.08069315607047638,0.09394659628424193,0.08971266230676153,0.08699657744890997,0.08971266230676153,0.08699657744890997,0.0854473850102673,0.08629941637303652,0.0854473850102673,0.08629941637303652,0.0971027001521078,0.0927302141784881,0.0971027001521078,0.0927302141784881,0.09501822971803252,0.09070125732194947,0.09501822971803252,0.09070125732194947,0.07581862642411495,0.09440332823343434,0.07581862642411495,0.09440332823343434
0.03686558075692833,0.034284079619708974,0.03686558075692833,0.034284079619708974,0.03726902872763353,0.040769263275587816,0.03726902872763353,0.040769263275587816,0.03621819103547069,0.03525908480219357,0.03621819103547069,0.03525908480219357,0.03756549120098712,0.04050463834619259,0.03756549120098712,0.04050463834619259,0.03686558075692833,0.034284079619708974,0.03686558075692833,0.034284079619708974,0.03726902872763353,0.040769263275587816,0.03726902872763353,0.040769263275587816,0.035823999765469496,0.039563373854623614,0.035823999765469496,0.039563373854623614,0.04042574727785154,0.04368543919714685,0.04042574727785154,0.04368543919714685,0.03423761933815685,0.03954688384875158,0.03423761933815685,0.03954688384875158,0.036193330607840524,0.0455489829291808,0.036193330607840524,0.0455489829291808,0.0386449435639527,0.037685783586286194,0.0386449435639527,0.037685783586286194,0.037490599752027697,0.045645835745833765,0.037490599752027697,0.045645835745833765,0.03923196541920525,0.038616114727262,0.03923196541920525,0.038616114727262,0.04054032019145877,0.05188096268005251,0.04054032019145877,0.05188096268005251,0.04186324192800459,0.04399996942390753,0.04186324192800459,0.04399996942390753,0.045421414080470915,0.04112241354833028,0.045421414080470915,0.04112241354833028,0.03698313106123836,0.045145843999879885,0.03698313106123836,0.045145843999879885,0.03692397022327224,0.03189210885207886,0.03692397022327224,0.03189210885207886
0.17115859198812172,0.17095999484895688,0.17115859198812172,0.17095999484895688,0.16163341147440113,0.162910427403568,0.16163341147440113,0.162910427403568,0.16861802881293794,0.17389660859211692,0.16861802881293794,0.17389660859211692,0.15524385988750275,0.16576096937043627,0.15524385988750275,0.16576096937043627,0.17115859198812172,0.17095999484895688,0.17115859198812172,0.17095999484895688,0.16163341147440113,0.162910427403568,0.16163341147440113,0.162910427403568,0.17196359029075178,0.1752796516296669,0.17196359029075178,0.1752796516296669,0.1652796091807857,0.17816800236394098,0.1652796091807857,0.17816800236394098,0.1700484772959388,0.16478939083813673,0.1700484772959388,0.16478939083813673,0.17797867256042058,0.1677096602819414,0.17797867256042058,0.1677096602819414,0.1621234971471658,0.16898782668634613,0.1621234971471658,0.16898782668634613,0.15696115812141076,0.1535342220145535,0.15696115812141076,0.1535342220145535,0.14512521408201443,0.15447623031549246,0.14512521408201443,0.15447623031549246,0.1692403152446109,0.21864553666534817,0.1692403152446109,0.21864553666534817,0.16432910872772985,0.16298088087284154,0.16432910872772985,0.16298088087284154,0.1635193427000077,0.1630398141900649,0.1635193427000077,0.1630398141900649,0.15186664127561608,0.15347608974449964,0.15186664127561608,0.15347608974449964,0.16993897800828986,0.1583630143002965,0.16993897800828986,0.1583630143002965
0.07037199387183006,0.0779554199014914,0.07037199387183006,0.0779554199014914,0.0829915936034277,0.06487239774093427,0.0829915936034277,0.06487239774093427,0.07469185656960668,0.07886093965675936,0.07469185656960668,0.07886093965675936,0.08082043667940042,0.07150131069364864,0.08082043667940042,0.07150131069364864,0.07037199387183006,0.0779554199014914,0.07037199387183006,0.0779554199014914,0.0829915936034277,0.06487239774093427,0.0829915936034277,0.06487239774093427,0.07777254178724359,0.07660578854681781,0.07777254178724359,0.07660578854681781,0.07822873884194437,0.06719751460275387,0.07822873884194437,0.06719751460275387,0.0775277771269632,0.07088868232086114,0.0775277771269632,0.07088868232086114,0.07985977957767121,0.06767380622045886,0.07985977957767121,0.06767380622045886,0.08095588366176877,0.0731034921247412,0.08095588366176877,0.0731034921247412,0.07545391527740582,0.07214833307615422,0.07545391527740582,0.07214833307615422,0.07671854776472967,0.06596398014489707,0.07671854776472967,0.06596398014489707,0.061784874762527815,0.05928560430679753,0.061784874762527815,0.05928560430679753,0.07208328533074668,0.06732319604008292,0.07208328533074668,0.06732319604008292,0.07072779808940759,0.06640490067239371,0.07072779808940759,0.06640490067239371,0.07979086238153824,0.07225541945906605,0.07979086238153824,0.07225541945906605,0.08611317970179143,0.07798023758536306,0.08611317970179143,0.07798023758536306
0.04349066972973027,0.04850915105269406,0.04349066972973027,0.04850915105269406,0.04786382620778561,0.04490082520451349,0.04786382620778561,0.04490082520451349,0.04207182728367725,0.044792390826788604,0.04207182728367725,0.044792390826788604,0.05558473262672203,0.05097895559040824,0.05558473262672203,0.05097895559040824,0.04349066972973027,0.04850915105269406,0.04349066972973027,0.04850915105269406,0.04786382620778561,0.04490082520451349,0.04786382620778561,0.04490082520451349,0.05834963746460918,0.06311726844367144,0.05834963746460918,0.06311726844367144,0.05698489509515608,0.055313807199501734,0.05698489509515608,0.055313807199501734,0.06066609634987378,0.05679830101989912,0.06066609634987378,0.05679830101989912,0.06973524166944552,0.09194823271837148,0.06973524166944552,0.09194823271837148,0.05917301057495068,0.05809887339489707,0.05917301057495068,0.05809887339489707,0.08342761517205596,0.06598898698262773,0.08342761517205596,0.06598898698262773,0.062327207418459644,0.07136014308193353,0.062327207418459644,0.07136014308193353,0.07999558912089008,0.06171355028454192,0.07999558912089008,0.06171355028454192,0.06899327797401954,0.06655629849264565,0.06899327797401954,0.06655629849264565,0.10215182449602624,0.10208828567627529,0.10215182449602624,0.10208828567627529,0.07594729463504026,0.07195618995039947,0.07594729463504026,0.07195618995039947,0.06808210820045123,0.073419771303853,0.06808210820045123,0.073419771303853
0.021145055372677666,0.017055911658367433,0.021145055372677666,0.017055911658367433,0.017189326840009716,0.01790642954854373,0.017189326840009716,0.01790642954854373,0.019243132860170892,0.018170721315206473,0.019243132860170892,0.018170721315206473,0.015953976443863285,0.017374158940218015,0.015953976443863285,0.017374158940218015,0.021145055372677666,0.017055911658367433,0.021145055372677666,0.017055911658367433,0.017189326840009716,0.01790642954854373,0.017189326840009716,0.01790642954854373,0.01730755101961814,0.01977229940825778,0.01730755101961814,0.01977229940825778,0.021928424687007567,0.01738855376032375,0.021928424687007567,0.01738855376032375,0.02152247393938075,0.023285854719046015,0.02152247393938075,0.023285854719046015,0.020417719099651344,0.020599346792600424,0.020417719099651344,0.020599346792600424,0.01839899711564728,0.020945281400765164,0.01839899711564728,0.020945281400765164,0.018479848300802407,0.01713390658709744,0.018479848300802407,0.01713390658709744,0.023439884973666943,0.018707754850665448,0.023439884973666943,0.018707754850665448,0.021574314751904244,0.02224011828056206,0.021574314751904244,0.02224011828056206,0.027228908611654862,0.021197269507536344,0.027228908611654862,0.021197269507536344,0.020178223290860362,0.027108458902578847,0.020178223290860362,0.027108458902578847,0.020185126357149245,0.02485864728061155,0.020185126357149245,0.02485864728061155,0.02300026320692919,0.020546782693749547,0.02300026320692919,0.020546782693749547
0.047216900050174704,0.05167865638206548,0.047216900050174704,0.05167865638206548,0.050878137938609534,0.046468195695703894,0.050878137938609534,0.046468195695703894,0.050163322170436786,0.0518924540635595,0.050163322170436786,0.0518924540635595,0.05263612466501838,0.05051390289325797,0.05263612466501838,0.05051390289325797,0.047216900050174704,0.05167865638206548,0.047216900050174704,0.05167865638206548,0.050878137938609534,0.046468195695703894,0.050878137938609534,0.046468195695703894,0.04576490440601211,0.030189403247887325,0.04576490440601211,0.030189403247887325,0.035804240244651626,0.018464914181756633,0.035804240244651626,0.018464914181756633,0.04753025071403507,0.04116773321478362,0.04753025071403507,0.04116773321478362,0.03508251345113465,0.028136213106846015,0.03508251345113465,0.028136213106846015,0.03797094265632398,0.0419426392115796,0.03797094265632398,0.0419426392115796,0.024432101926471318,0.03177343835711887,0.024432101926471318,0.03177343835711887,0.031886151231707356,0.029598836456826635,0.031886151231707356,0.029598836456826635,0.03477417764189725,0.032424337152572515,0.03477417764189725,0.032424337152572515,0.03900074103784704,0.033075043035909586,0.03900074103784704,0.033075043035909586,0.03619312820704322,0.03289017694381228,0.03619312820704322,0.03289017694381228,0.03128670251996667,0.036292864951094315,0.03128670251996667,0.036292864951094315,0.04204959857777144,0.046695989909943315,0.04204959857777144,0.046695989909943315
0.24555486199626317,0.23452466754460485,0.24555486199626317,0.23452466754460485,0.22582911946230758,0.2157837724898484,0.22582911946230758,0.2157837724898484,0.23295322048305545,0.22946690998598543,0.23295322048305545,0.22946690998598543,0.22838650558690696,0.23895292224550266,0.22838650558690696,0.23895292224550266,0.24555486199626317,0.23452466754460485,0.24555486199626317,0.23452466754460485,0.22582911946230758,0.2157837724898484,0.22582911946230758,0.2157837724898484,0.24053692751901365,0.2214455717432652,0.24053692751901365,0.2214455717432652,0.16791644017229254,0.2192720457744068,0.16791644017229254,0.2192720457744068,0.22631696657538952,0.23133815789940115,0.22631696657538952,0.23133815789940115,0.2159161957782045,0.19298922572777819,0.2159161957782045,0.19298922572777819,0.23373350810067173,0.23964836653592636,0.23373350810067173,0.23964836653592636,0.18723560617657584,0.213343740728672,0.18723560617657584,0.213343740728672,0.2250172343326727,0.2329115279067232,0.2250172343326727,0.2329115279067232,0.19407730022944608,0.16597065118204798,0.19407730022944608,0.16597065118204798,0.21419218085587574,0.2175497082483374,0.21419218085587574,0.2175497082483374,0.18499060900452122,0.1812004276085872,0.18499060900452122,0.1812004276085872,0.21154597788789828,0.21443366661374294,0.21154597788789828,0.21443366661374294,0.1642091062257717,0.1960647421422652,0.1642091062257717,0.1960647421422652
0.03783560289829644,0.038907378581784495,0.03783560289829644,0.038907378581784495,0.036773020982681454,0.0319338121768181,0.036773020982681454,0.0319338121768181,0.0386567654726662,0.035732362898651275,0.0386567654726662,0.035732362898651275,0.03370532544220428,0.044519669965417695,0.03370532544220428,0.044519669965417695,0.03783560289829644,0.038907378581784495,0.03783560289829644,0.038907378581784495,0.036773020982681454,0.0319338121768181,0.036773020982681454,0.0319338121768181,0.032136821443408625,0.040117176754557525,0.032136821443408625,0.040117176754557525,0.04597586485341346,0.05089589266275072,0.04597586485341346,0.05089589266275072,0.03844041614886297,0.0475464213559948,0.03844041614886297,0.0475464213559948,0.06601041810765162,0.04459909208505471,0.06601041810765162,0.04459909208505471,0.04216075360332183,0.03964400009345569,0.04216075360332183,0.03964400009345569,0.04614643485902615,0.03945982924645215,0.04614643485902615,0.03945982924645215,0.04325656448115817,0.0485706442473621,0.04325656448115817,0.0485706442473621,0.03564108841833589,0.03347507540129851,0.03564108841833589,0.03347507540129851,0.02670208333525342,0.04252680935965733,0.02670208333525342,0.04252680935965733,0.04079178447929193,0.030555623058036965,0.04079178447929193,0.030555623058036965,0.04102110375520118,0.047668992897890054,0.04102110375520118,0.047668992897890054,0.03753938715740753,0.05423759362370029,0.03753938715740753,0.05423759362370029
0.03594251532050125,0.03652844572176726,0.03594251532050125,0.03652844572176726,0.04005980282332466,0.05348853755265113,0.04005980282332466,0.05348853755265113,0.03860541904565328,0.03323675167008177,0.03860541904565328,0.03323675167008177,0.04940540803596242,0.05266788373769533,0.04940540803596242,0.05266788373769533,0.03594251532050125,0.03652844572176726,0.03594251532050125,0.03652844572176726,0.04005980282332466,0.05348853755265113,0.04005980282332466,0.05348853755265113,0.046189913320366975,0.05030744084714996,0.046189913320366975,0.05030744084714996,0.044378913570198346,0.055740255566809914,0.044378913570198346,0.055740255566809914,0.044616458543958355,0.06425759473247215,0.044616458543958355,0.06425759473247215,0.05282307657453705,0.06787136619676858,0.05282307657453705,0.06787136619676858,0.04524962272978091,0.04992099954135182,0.04524962272978091,0.04992099954135182,0.04323474992872233,0.07159116667431979,0.04323474992872233,0.07159116667431979,0.045301269976613184,0.048976817870971516,0.045301269976613184,0.048976817870971516,0.049101146984112914,0.06085402871918492,0.049101146984112914,0.06085402871918492,0.05402152775836144,0.06354011251098625,0.05402152775836144,0.06354011251098625,0.051097067518486666,0.06512015344839607,0.051097067518486666,0.06512015344839607,0.046515281480692505,0.05655936634177805,0.046515281480692505,0.05655936634177805,0.03954614812522769,0.04412829542785358,0.03954614812522769,0.04412829542785358
0.4451660430593823,0.4574034027052088,0.4451660430593823,0.4574034027052088,0.43631248379131704,0.4392748404075977,0.43631248379131704,0.4392748404075977,0.44741361753611747,0.4616633605925242,0.44741361753611747,0.4616633605925242,0.44433281726673923,0.40993757558730815,0.44433281726673923,0.40993757558730815,0.4451660430593823,0.4574034027052088,0.4451660430593823,0.4574034027052088,0.43631248379131704,0.4392748404075977,0.43631248379131704,0.4392748404075977,0.43702489938524636,0.4117103470904233,0.43702489938524636,0.4117103470904233,0.3593396155816438,0.37210669962175574,0.3593396155816438,0.37210669962175574,0.40574300533776547,0.4046393896606908,0.40574300533776547,0.4046393896606908,0.3297948139827359,0.3940402086726424,0.3297948139827359,0.3940402086726424,0.41976420210191684,0.43925923266672967,0.41976420210191684,0.43925923266672967,0.3414376755047785,0.3786528119847097,0.3414376755047785,0.3786528119847097,0.37556230553827724,0.32610195332951,0.37556230553827724,0.32610195332951,0.31594189783696813,0.22587440910981463,0.31594189783696813,0.22587440910981463,0.41902185969876454,0.3809149991419099,0.41902185969876454,0.3809149991419099,0.3380316488883852,0.27666152500761193,0.3380316488883852,0.27666152500761193,0.389801940957685,0.3566162285474242,0.389801940957685,0.3566162285474242,0.21999022548032546,0.2507623571799024,0.21999022548032546,0.2507623571799024
0.06980537681376578,0.06338120580636344,0.06980537681376578,0.06338120580636344,0.07244641439056833,0.061654510307801044,0.07244641439056833,0.061654510307801044,0.07566393649579761,0.06380234944191958,0.07566393649579761,0.06380234944191958,0.07968885354564335,0.06251356200816426,0.07968885354564335,0.06251356200816426,0.06980537681376578,0.06338120580636344,0.06980537681376578,0.06338120580636344,0.07244641439056833,0.061654510307801044,0.07244641439056833,0.061654510307801044,0.06171715923879966,0.0673409993729536,0.06171715923879966,0.0673409993729536,0.05946712114535821,0.05206819957769535,0.05946712114535821,0.05206819957769535,0.07221106199896742,0.06114430591661308,0.07221106199896742,0.06114430591661308,0.06035803365314148,0.05056518842927322,0.06035803365314148,0.05056518842927322,0.058699033370393235,0.05950535276373428,0.058699033370393235,0.05950535276373428,0.07903129993276409,0.05232006780311214,0.07903129993276409,0.05232006780311214,0.0569850398506158,0.056798112504946735,0.0569850398506158,0.056798112504946735,0.05202131783328354,0.034029580125081754,0.05202131783328354,0.034029580125081754,0.06280553445157462,0.046695236408735075,0.06280553445157462,0.046695236408735075,0.0459060448979366,0.056528042584968775,0.0459060448979366,0.056528042584968775,0.06373291168251907,0.04333611269696027,0.06373291168251907,0.04333611269696027,0.0677386061409901,0.03846337478909785,0.0677386061409901,0.03846337478909785
0.08483469633442453,0.10158945752233926,0.08483469633442453,0.10158945752233926,0.10805372960653102,0.08561523578306061,0.10805372960653102,0.08561523578306061,0.08615431529423548,0.09739893710736962,0.08615431529423548,0.09739893710736962,0.09664489537464047,0.1084722044570976,0.09664489537464047,0.1084722044570976,0.08483469633442453,0.10158945752233926,0.08483469633442453,0.10158945752233926,0.10805372960653102,0.08561523578306061,0.10805372960653102,0.08561523578306061,0.08100851254240395,0.0937594920528097,0.08100851254240395,0.0937594920528097,0.182322206421322,0.05551640387594761,0.182322206421322,0.05551640387594761,0.07093068544811146,0.09069486179154296,0.07093068544811146,0.09069486179154296,0.06842692903516245,0.10649122539965562,0.06842692903516245,0.10649122539965562,0.08496467945569978,0.10500215022663766,0.08496467945569978,0.10500215022663766,0.05628478175748764,0.07049974432624417,0.05628478175748764,0.07049974432624417,0.0728420734330958,0.07601116197118805,0.0728420734330958,0.07601116197118805,0.024992556963286037,0.06529112841145203,0.024992556963286037,0.06529112841145203,0.058159074659355284,0.09939434076623498,0.058159074659355284,0.09939434076623498,0.07514114742898335,0.12236664516709883,0.07514114742898335,0.12236664516709883,0.06075158705023993,0.07728639083016696,0.06075158705023993,0.07728639083016696,0.04947843065114628,0.08756801070553993,0.04947843065114628,0.08756801070553993
0.08648700115473397,0.1021115383133639,0.08648700115473397,0.1021115383133639,0.08266986386253722,0.09832886173318842,0.08266986386253722,0.09832886173318842,0.08921453880235407,0.10735201045890555,0.08921453880235407,0.10735201045890555,0.0725790918747429,0.10580435102322072,0.0725790918747429,0.10580435102322072,0.08648700115473397,0.1021115383133639,0.08648700115473397,0.1021115383133639,0.08266986386253722,0.09832886173318842,0.08266986386253722,0.09832886173318842,0.08685399870665159,0.09740971434652376,0.08685399870665159,0.09740971434652376,0.10240521673348255,0.098368922646658,0.10240521673348255,0.098368922646658,0.09462963821265168,0.10066786489534141,0.09462963821265168,0.10066786489534141,0.08062081712142821,0.13547286623101193,0.08062081712142821,0.13547286623101193,0.09469447469996299,0.09326229097167198,0.09469447469996299,0.09326229097167198,0.0936697905073189,0.07649797306676695,0.0936697905073189,0.07649797306676695,0.06550207743447241,0.0659266500666169,0.06550207743447241,0.0659266500666169,0.0634361201660471,0.03988528956560481,0.0634361201660471,0.03988528956560481,0.0930453206318948,0.09852619573464474,0.0930453206318948,0.09852619573464474,0.10494229508994628,0.06221358542902102,0.10494229508994628,0.06221358542902102,0.07819402965504811,0.07410533510739599,0.07819402965504811,0.07410533510739599,0.05596272708472644,0.066497772673385,0.05596272708472644,0.066497772673385
0.17098082315467336,0.1651979467500128,0.17098082315467336,0.1651979467500128,0.1763739054134299,0.15494656797024572,0.1763739054134299,0.15494656797024572,0.17640189058049618,0.16946998384218181,0.17640189058049618,0.16946998384218181,0.15908284169854736,0.18847791525489208,0.15908284169854736,0.18847791525489208,0.17098082315467336,0.1651979467500128,0.17098082315467336,0.1651979467500128,0.1763739054134299,0.15494656797024572,0.1763739054134299,0.15494656797024572,0.1590217890939631,0.15802670000214572,0.1590217890939631,0.15802670000214572,0.13644923807314027,0.1708627103135607,0.13644923807314027,0.1708627103135607,0.15004530755117054,0.16587700097087207,0.15004530755117054,0.16587700097087207,0.11134066005058217,0.12667287368620317,0.11134066005058217,0.12667287368620317,0.16702825463132423,0.17144493948437015,0.16702825463132423,0.17144493948437015,0.15936145272359897,0.17506667445151866,0.15936145272359897,0.17506667445151866,0.1290432317153499,0.12989940224856847,0.1290432317153499,0.12989940224856847,0.08546670448126556,0.07486130306935454,0.08546670448126556,0.07486130306935454,0.14041154604232176,0.12136423115102568,0.14041154604232176,0.12136423115102568,0.0994781801033794,0.1118361767126547,0.0994781801033794,0.1118361767126547,0.12942190608371612,0.12380811233858524,0.12942190608371612,0.12380811233858524,0.12331404168720014,0.10312786254042784,0.12331404168720014,0.10312786254042784
0.029600093896463276,0.034607638685656826,0.029600093896463276,0.034607638685656826,0.026244187209063134,0.03939560019972616,0.026244187209063134,0.03939560019972616,0.03062834842550477,0.040002251184861115,0.03062834842550477,0.040002251184861115,0.031064445391898107,0.03731164108260298,0.031064445391898107,0.03731164108260298,0.029600093896463276,0.034607638685656826,0.029600093896463276,0.034607638685656826,0.026244187209063134,0.03939560019972616,0.026244187209063134,0.03939560019972616,0.0278946044195782,0.02401427984965391,0.0278946044195782,0.02401427984965391,0.028437400676710637,0.025057466521915574,0.028437400676710637,0.025057466521915574,0.024289444854298705,0.029783020517237545,0.024289444854298705,0.029783020517237545,0.02419831347351772,0.027126031593990726,0.02419831347351772,0.027126031593990726,0.026299942310904875,0.020967541628278828,0.026299942310904875,0.020967541628278828,0.012383523463387301,0.025395346515102935,0.012383523463387301,0.025395346515102935,0.010465775283748119,0.021664744886963624,0.010465775283748119,0.021664744886963624,0.01953428464242536,0.01914431983621139,0.01953428464242536,0.01914431983621139,0.031120446393804416,0.02852682436300439,0.031120446393804416,0.02852682436300439,0.014589595900447205,0.016223970706743217,0.014589595900447205,0.016223970706743217,0.01444003764528923,0.016881587240971888,0.01444003764528923,0.016881587240971888,0.011235514480311723,0.019958795930542342,0.011235514480311723,0.019958795930542342
0.15183217067078797,0.15932779496355837,0.15183217067078797,0.15932779496355837,0.13093275984035782,0.12803515741860272,0.13093275984035782,0.12803515741860272,0.15241592055074502,0.15908249504834102,0.15241592055074502,0.15908249504834102,0.13121141051492377,0.14110205817542318,0.13121141051492377,0.14110205817542318,0.15183217067078797,0.15932779496355837,0.15183217067078797,0.15932779496355837,0.13093275984035782,0.12803515741860272,0.13093275984035782,0.12803515741860272,0.15391136023692595,0.13919322530809122,0.15391136023692595,0.13919322530809122,0.1372400646935468,0.08442145521374489,0.1372400646935468,0.08442145521374489,0.15138506804923915,0.15348645343940717,0.15138506804923915,0.15348645343940717,0.11648158544124748,0.13913262136675267,0.11648158544124748,0.13913262136675267,0.17147320293857124,0.13771507478684886,0.17147320293857124,0.13771507478684886,0.11929567449563082,0.12713685603341207,0.11929567449563082,0.12713685603341207,0.10946726226531221,0.10153770946653985,0.10946726226531221,0.10153770946653985,0.1530896611625743,0.1591172375234785,0.1530896611625743,0.1591172375234785,0.10609925229577212,0.1241809492227675,0.10609925229577212,0.1241809492227675,0.14578502809593108,0.08602053026314314,0.14578502809593108,0.08602053026314314,0.11679010230033869,0.10543971348261647,0.11679010230033869,0.10543971348261647,0.20417363805107025,0.14648389185624577,0.20417363805107025,0.14648389185624577
0.12872645494640506,0.11556478931991354,0.12872645494640506,0.11556478931991354,0.12605193367101214,0.10747727411279431,0.12605193367101214,0.10747727411279431,0.12006062709863226,0.11531977073429948,0.12006062709863226,0.11531977073429948,0.12858890380833238,0.12593209021283383,0.12858890380833238,0.12593209021283383,0.12872645494640506,0.11556478931991354,0.12872645494640506,0.11556478931991354,0.12605193367101214,0.10747727411279431,0.12605193367101214,0.10747727411279431,0.12263449511597373,0.1471090381929301,0.12263449511597373,0.1471090381929301,0.17494740104473833,0.16474058839637185,0.17494740104473833,0.16474058839637185,0.11315333201531123,0.13783357759469722,0.11315333201531123,0.13783357759469722,0.11519183513533868,0.14440370557052357,0.11519183513533868,0.14440370557052357,0.11486721658906851,0.11463387443120018,0.11486721658906851,0.11463387443120018,0.1348712375490189,0.12860185775006747,0.1348712375490189,0.12860185775006747,0.1386672663442481,0.16840500820150056,0.1386672663442481,0.16840500820150056,0.12820770150101485,0.183535001666759,0.12820770150101485,0.183535001666759,0.10543111121670812,0.12438678133367309,0.10543111121670812,0.12438678133367309,0.10823249371985358,0.1332988478034986,0.10823249371985358,0.1332988478034986,0.11359481860292994,0.12159678524573495,0.11359481860292994,0.12159678524573495,0.105493972577937,0.14591831517395937,0.105493972577937,0.14591831517395937
0.10844945717249244,0.09126003959435623,0.10844945717249244,0.09126003959435623,0.07249771193072072,0.08383700453423906,0.07249771193072072,0.08383700453423906,0.10580829036261878,0.09087021294851674,0.10580829036261878,0.09087021294851674,0.0789342792327887,0.06800397596662246,0.0789342792327887,0.06800397596662246,0.10844945717249244,0.09126003959435623,0.10844945717249244,0.09126003959435623,0.07249771193072072,0.08383700453423906,0.07249771193072072,0.08383700453423906,0.06991653532695866,0.061713037876613475,0.06991653532695866,0.061713037876613475,0.06284221342318817,0.046683396456242164,0.06284221342318817,0.046683396456242164,0.05693425433481247,0.056821305287943026,0.05693425433481247,0.056821305287943026,0.03675130399988755,0.048007262101126776,0.03675130399988755,0.048007262101126776,0.09149008254904634,0.0745810090308546,0.09149008254904634,0.0745810090308546,0.037740443301679014,0.05926294735417239,0.037740443301679014,0.05926294735417239,0.033748594594625834,0.04582600910183983,0.033748594594625834,0.04582600910183983,0.03342970310621954,0.042868047979379556,0.03342970310621954,0.042868047979379556,0.04944493587145507,0.04470055318352199,0.04944493587145507,0.04470055318352199,0.042566989397471604,0.024850360086918304,0.042566989397471604,0.024850360086918304,0.04447112440727269,0.041641591963062295,0.04447112440727269,0.041641591963062295,0.035108966656117374,0.036617025437695155,0.035108966656117374,0.036617025437695155
0.047777477823079076,0.05398966154692479,0.047777477823079076,0.05398966154692479,0.04530783536964296,0.038937943984556564,0.04530783536964296,0.038937943984556564,0.0506166021546719,0.04615880811955428,0.0506166021546719,0.04615880811955428,0.04045871447494543,0.024072059140955886,0.04045871447494543,0.024072059140955886,0.047777477823079076,0.05398966154692479,0.047777477823079076,0.05398966154692479,0.04530783536964296,0.038937943984556564,0.04530783536964296,0.038937943984556564,0.029241226757803253,0.019766289380802403,0.029241226757803253,0.019766289380802403,0.017453264798195207,0.034242583015619436,0.017453264798195207,0.034242583015619436,0.02221085492000472,0.015214428542813985,0.02221085492000472,0.015214428542813985,0.020866437930957212,0.02560605166396567,0.020866437930957212,0.02560605166396567,0.02236012765644717,0.02093339611134116,0.02236012765644717,0.02093339611134116,0.02440949774480327,0.02068139019340008,0.02440949774480327,0.02068139019340008,0.01893302276253771,0.019670576178660783,0.01893302276253771,0.019670576178660783,0.014170001417196817,0.03642139933629973,0.014170001417196817,0.03642139933629973,0.019245985533395002,0.022173622557017734,0.019245985533395002,0.022173622557017734,0.013677165372211714,0.029171560278992002,0.013677165372211714,0.029171560278992002,0.015184965489324489,0.016057219659623978,0.015184965489324489,0.016057219659623978,0.017795179826680108,0.03625010528550251,0.017795179826680108,0.03625010528550251
0.4631661602832534,0.4665965789587447,0.4631661602832534,0.4665965789587447,0.5195867162436822,0.4671715581009348,0.5195867162436822,0.4671715581009348,0.4579523918657502,0.4697014307007337,0.4579523918657502,0.4697014307007337,0.53928461890134,0.36268735715766537,0.53928461890134,0.36268735715766537,0.4631661602832534,0.4665965789587447,0.4631661602832534,0.4665965789587447,0.5195867162436822,0.4671715581009348,0.5195867162436822,0.4671715581009348,0.39849861919725843,0.4373559478414058,0.39849861919725843,0.4373559478414058,0.40221909314210835,0.35081457403475796,0.40221909314210835,0.35081457403475796,0.43196145786720563,0.49874221491323734,0.43196145786720563,0.49874221491323734,0.38493328680908373,0.3780665818258507,0.38493328680908373,0.3780665818258507,0.3879730587529762,0.45647718700721296,0.3879730587529762,0.45647718700721296,0.35021377292815437,0.4994363345792213,0.35021377292815437,0.4994363345792213,0.4150667863390029,0.47777192360922094,0.4150667863390029,0.47777192360922094,0.23954158215981666,0.36411175953838126,0.23954158215981666,0.36411175953838126,0.44305499862303244,0.43739720052823056,0.44305499862303244,0.43739720052823056,0.4169528012501889,0.3165796486877567,0.4169528012501889,0.3165796486877567,0.39553543226981225,0.3493763762768285,0.39553543226981225,0.3493763762768285,0.2806460540073679,0.3744993034705203,0.2806460540073679,0.3744993034705203
0.12593455404906023,0.1293028626828776,0.12593455404906023,0.1293028626828776,0.14791886261558546,0.14575394634971442,0.14791886261558546,0.14575394634971442,0.11893974054091613,0.1301019051954346,0.11893974054091613,0.1301019051954346,0.14222752438617875,0.16204779824061338,0.14222752438617875,0.16204779824061338,0.12593455404906023,0.1293028626828776,0.12593455404906023,0.1293028626828776,0.14791886261558546,0.14575394634971442,0.14791886261558546,0.14575394634971442,0.1285776202225885,0.1415147796654795,0.1285776202225885,0.1415147796654795,0.15105907082824324,0.12180460591894218,0.15105907082824324,0.12180460591894218,0.14011273040883157,0.1434416291098933,0.14011273040883157,0.1434416291098933,0.1958062023345158,0.16147645111998618,0.1958062023345158,0.16147645111998618,0.10244281443894884,0.1441398214329294,0.10244281443894884,0.1441398214329294,0.18723581754912394,0.14448590271354306,0.18723581754912394,0.14448590271354306,0.14763316469636042,0.16405327696134728,0.14763316469636042,0.16405327696134728,0.35057202747479793,0.19842643814385458,0.35057202747479793,0.19842643814385458,0.14929130556843176,0.18864872884106107,0.14929130556843176,0.18864872884106107,0.2544785262671231,0.2046381316963602,0.2544785262671231,0.2046381316963602,0.14253530135566192,0.21160414500998245,0.14253530135566192,0.21160414500998245,0.27061639284582306,0.23706451638004805,0.27061639284582306,0.23706451638004805
0.1983842374125349,0.2271672812967473,0.1983842374125349,0.2271672812967473,0.20045334741041695,0.21182345896920438,0.20045334741041695,0.21182345896920438,0.2063235718946562,0.21504450392407182,0.2063235718946562,0.21504450392407182,0.2135849096187949,0.23109133411738525,0.2135849096187949,0.23109133411738525,0.1983842374125349,0.2271672812967473,0.1983842374125349,0.2271672812967473,0.20045334741041695,0.21182345896920438,0.20045334741041695,0.21182345896920438,0.20552371180545398,0.21182710519385659,0.20552371180545398,0.21182710519385659,0.18938132093148322,0.1996617037130191,0.18938132093148322,0.1996617037130191,0.19770214636556058,0.234685786843892,0.19770214636556058,0.234685786843892,0.1666839298772664,0.23993943737770432,0.1666839298772664,0.23993943737770432,0.20325759573038163,0.205650786086481,0.20325759573038163,0.205650786086481,0.19253343210922885,0.18637025423741585,0.19253343210922885,0.18637025423741585,0.1747596411336496,0.17606478386224575,0.1747596411336496,0.17606478386224575,0.20655546922206044,0.1354966824577296,0.20655546922206044,0.1354966824577296,0.17907533249924745,0.18754298627449592,0.17907533249924745,0.18754298627449592,0.19815306255251489,0.17529879081958566,0.19815306255251489,0.17529879081958566,0.17631415113345916,0.18416012833202006,0.17631415113345916,0.18416012833202006,0.18653124958664044,0.20339383508423467,0.18653124958664044,0.20339383508423467
0.030430147496851453,0.06044466419425998,0.030430147496851453,0.06044466419425998,0.031133406834996012,0.03851379059445475,0.031133406834996012,0.03851379059445475,0.047205119549102316,0.05943947527973956,0.047205119549102316,0.05943947527973956,0.01784332071646556,0.031463301073606426,0.01784332071646556,0.031463301073606426,0.030430147496851453,0.06044466419425998,0.030430147496851453,0.06044466419425998,0.031133406834996012,0.03851379059445475,0.031133406834996012,0.03851379059445475,0.05407512970372548,0.03142484152596597,0.05407512970372548,0.03142484152596597,0.04044142428160147,0.01658455147696986,0.04044142428160147,0.01658455147696986,0.02584375853718659,0.015981092529017218,0.02584375853718659,0.015981092529017218,0.021324759808663205,0.011586087517138723,0.021324759808663205,0.011586087517138723,0.030431445370160026,0.04144245093212942,0.030431445370160026,0.04144245093212942,0.04116480359725289,0.022639888600845693,0.04116480359725289,0.022639888600845693,0.026358829874259384,0.04714374532271683,0.026358829874259384,0.04714374532271683,0.020971672626596802,0.05094233616834634,0.020971672626596802,0.05094233616834634,0.019123625905905044,0.013147397455706117,0.019123625905905044,0.013147397455706117,0.010741829605288968,0.01158366094057261,0.010741829605288968,0.01158366094057261,0.03766727025298227,0.029576519638353557,0.03766727025298227,0.029576519638353557,0.021384917163988656,0.02789833361837655,0.021384917163988656,0.02789833361837655
0.03389249143235561,0.03437162899731558,0.03389249143235561,0.03437162899731558,0.02570860368618013,0.03048440608830262,0.02570860368618013,0.03048440608830262,0.03534528916589072,0.02815914374992312,0.03534528916589072,0.02815914374992312,0.02111755939904911,0.04572243537711711,0.02111755939904911,0.04572243537711711,0.03389249143235561,0.03437162899731558,0.03389249143235561,0.03437162899731558,0.02570860368618013,0.03048440608830262,0.02570860368618013,0.03048440608830262,0.04429965044934276,0.052227594834212195,0.04429965044934276,0.052227594834212195,0.036862917794358914,0.05274462478185309,0.036862917794358914,0.05274462478185309,0.03994381899146708,0.039855995382498226,0.03994381899146708,0.039855995382498226,0.031938591048775784,0.051012220781568286,0.031938591048775784,0.051012220781568286,0.028495137036416693,0.05942051205357941,0.028495137036416693,0.05942051205357941,0.03279009536061081,0.049491832920192096,0.03279009536061081,0.049491832920192096,0.03857494195427657,0.04124954178363504,0.03857494195427657,0.04124954178363504,0.09331131591880376,0.04393428254882473,0.09331131591880376,0.04393428254882473,0.03438674036198558,0.04008045153091243,0.03438674036198558,0.04008045153091243,0.026979203394067005,0.025819359702558452,0.026979203394067005,0.025819359702558452,0.05081205247004334,0.04228045549041055,0.05081205247004334,0.04228045549041055,0.07075046984722756,0.0748572187603057,0.07075046984722756,0.0748572187603057
0.248042136717086,0.20535672342345693,0.248042136717086,0.20535672342345693,0.2794139298840052,0.18451712296136033,0.2794139298840052,0.18451712296136033,0.2373938362954592,0.21697867169957485,0.2373938362954592,0.21697867169957485,0.23658627097749751,0.2331118845983311,0.23658627097749751,0.2331118845983311,0.248042136717086,0.20535672342345693,0.248042136717086,0.20535672342345693,0.2794139298840052,0.18451712296136033,0.2794139298840052,0.18451712296136033,0.22409829347150664,0.20190246466591175,0.22409829347150664,0.20190246466591175,0.26999042291929304,0.21968113940451503,0.26999042291929304,0.21968113940451503,0.2235119430104986,0.17069463217982825,0.2235119430104986,0.17069463217982825,0.22384780643602972,0.23942530051089453,0.22384780643602972,0.23942530051089453,0.20162294069056583,0.16611280139016923,0.20162294069056583,0.16611280139016923,0.1908808933264292,0.20213630741528957,0.1908808933264292,0.20213630741528957,0.2621352134680157,0.22047895354565264,0.2621352134680157,0.22047895354565264,0.15939279845282214,0.18277181812181306,0.15939279845282214,0.18277181812181306,0.19869646244230277,0.20383965499437615,0.19869646244230277,0.20383965499437615,0.16935972019762813,0.18152199789800674,0.16935972019762813,0.18152199789800674,0.2349823523653235,0.21869966477630512,0.2349823523653235,0.21869966477630512,0.15976141998885504,0.18042862068121324,0.15976141998885504,0.18042862068121324
0.1271773627386124,0.10613069057056995,0.1271773627386124,0.10613069057056995,0.10464254345184677,0.0826856048781697,0.10464254345184677,0.0826856048781697,0.11305472646159814,0.09936182890897238,0.11305472646159814,0.09936182890897238,0.10328147865375402,0.08165398528152042,0.10328147865375402,0.08165398528152042,0.1271773627386124,0.10613069057056995,0.1271773627386124,0.10613069057056995,0.10464254345184677,0.0826856048781697,0.10464254345184677,0.0826856048781697,0.10748081616823303,0.08035222660787819,0.10748081616823303,0.08035222660787819,0.0727190911478661,0.09232989415299026,0.0727190911478661,0.09232989415299026,0.08944037672365897,0.07183998320701258,0.08944037672365897,0.07183998320701258,0.06965343395776001,0.08023319901003416,0.06965343395776001,0.08023319901003416,0.1008014416052132,0.07047396253233244,0.1008014416052132,0.07047396253233244,0.08351898885821124,0.06724062071977521,0.08351898885821124,0.06724062071977521,0.10596276333106346,0.09601016451605245,0.10596276333106346,0.09601016451605245,0.10506736503641434,0.09303179468444343,0.10506736503641434,0.09303179468444343,0.1114713497621249,0.05939396539916008,0.1114713497621249,0.05939396539916008,0.10840214553008097,0.07293770313356052,0.10840214553008097,0.07293770313356052,0.08555447370737553,0.05952520351661147,0.08555447370737553,0.05952520351661147,0.08647862665339778,0.08477755015905415,0.08647862665339778,0.08477755015905415
0.3377546298367298,0.2828286711343882,0.3377546298367298,0.2828286711343882,0.26649674957174835,0.249922578741244,0.26649674957174835,0.249922578741244,0.33781169998836513,0.28106623892771226,0.33781169998836513,0.28106623892771226,0.29084066807015324,0.2548159875811876,0.29084066807015324,0.2548159875811876,0.3377546298367298,0.2828286711343882,0.3377546298367298,0.2828286711343882,0.26649674957174835,0.249922578741244,0.26649674957174835,0.249922578741244,0.31925467218006626,0.25515180786638353,0.31925467218006626,0.25515180786638353,0.2957246456457436,0.2953127949967472,0.2957246456457436,0.2953127949967472,0.3305947812617349,0.28236667163595847,0.3305947812617349,0.28236667163595847,0.3433632382692681,0.342102723610008,0.3433632382692681,0.342102723610008,0.3164630592593928,0.24483405029635366,0.3164630592593928,0.24483405029635366,0.3350198410579189,0.31106018220059334,0.3350198410579189,0.31106018220059334,0.2839056849505816,0.35759868466856043,0.2839056849505816,0.35759868466856043,0.2843328630114681,0.3584472752410679,0.2843328630114681,0.3584472752410679,0.312269115142668,0.3614243595317754,0.312269115142668,0.3614243595317754,0.34875046257716596,0.29495133280042124,0.34875046257716596,0.29495133280042124,0.26209583467018915,0.32629249554286316,0.26209583467018915,0.32629249554286316,0.3501132851923406,0.27837659987747226,0.3501132851923406,0.27837659987747226
0.02039531409862329,0.022912663136949812,0.02039531409862329,0.022912663136949812,0.024206923993668177,0.030248243616028295,0.024206923993668177,0.030248243616028295,0.02228015607597047,0.021954510022271702,0.02228015607597047,0.021954510022271702,0.022155151311089163,0.035299064660362124,0.022155151311089163,0.035299064660362124,0.02039531409862329,0.022912663136949812,0.02039531409862329,0.022912663136949812,0.024206923993668177,0.030248243616028295,0.024206923993668177,0.030248243616028295,0.025282069957913635,0.033422904440122615,0.025282069957913635,0.033422904440122615,0.04802287876514547,0.024002151652854267,0.04802287876514547,0.024002151652854267,0.020985649211240524,0.02697606705234502,0.020985649211240524,0.02697606705234502,0.02029398790146903,0.05016351923245636,0.02029398790146903,0.05016351923245636,0.028811921238018262,0.03304363523874417,0.028811921238018262,0.03304363523874417,0.028386213695872964,0.04108473850894188,0.028386213695872964,0.04108473850894188,0.032924049035497435,0.03772093642853936,0.032924049035497435,0.03772093642853936,0.06800106670160312,0.03377173876451216,0.06800106670160312,0.03377173876451216,0.04093821348552854,0.03311924322696174,0.04093821348552854,0.03311924322696174,0.0440439430390323,0.0749410919738699,0.0440439430390323,0.0749410919738699,0.04323105104117466,0.03781752813716067,0.04323105104117466,0.03781752813716067,0.07115759025687483,0.053268653430980493,0.07115759025687483,0.053268653430980493
0.046078977091035554,0.043225876084170736,0.046078977091035554,0.043225876084170736,0.053734993520094546,0.04200765153634629,0.053734993520094546,0.04200765153634629,0.042167609482788256,0.04184070509523306,0.042167609482788256,0.04184070509523306,0.047951023222245405,0.04887101455769608,0.047951023222245405,0.04887101455769608,0.046078977091035554,0.043225876084170736,0.046078977091035554,0.043225876084170736,0.053734993520094546,0.04200765153634629,0.053734993520094546,0.04200765153634629,0.05521175877696512,0.05903489299658541,0.05521175877696512,0.05903489299658541,0.04796738905661509,0.039782410357590337,0.04796738905661509,0.039782410357590337,0.04571898791683494,0.048974895899275464,0.04571898791683494,0.048974895899275464,0.04473496435408796,0.030981520910703046,0.04473496435408796,0.030981520910703046,0.051860200799813565,0.055172845987748256,0.051860200799813565,0.055172845987748256,0.05919261084335864,0.04091777735582151,0.05919261084335864,0.04091777735582151,0.05145859739952697,0.0521348305881263,0.05145859739952697,0.0521348305881263,0.04258376732506862,0.046612026584888167,0.04258376732506862,0.046612026584888167,0.04844869602511994,0.05362655415272472,0.04844869602511994,0.05362655415272472,0.03862352462538444,0.05382882355005717,0.03862352462538444,0.05382882355005717,0.05484323561795016,0.04592712104343296,0.05484323561795016,0.04592712104343296,0.04231651399915306,0.044704948444312484,0.04231651399915306,0.044704948444312484
0.1338335095470002,0.12463157812273054,0.1338335095470002,0.12463157812273054,0.15460462139627848,0.13478149816533677,0.15460462139627848,0.13478149816533677,0.13143979528664984,0.1263260928270686,0.13143979528664984,0.1263260928270686,0.15229117505803536,0.14090380218618964,0.15229117505803536,0.14090380218618964,0.1338335095470002,0.12463157812273054,0.1338335095470002,0.12463157812273054,0.15460462139627848,0.13478149816533677,0.15460462139627848,0.13478149816533677,0.1274920689088609,0.1405688719478644,0.1274920689088609,0.1405688719478644,0.17495834028339477,0.15100713138607538,0.17495834028339477,0.15100713138607538,0.1388992737126133,0.14256124633367126,0.1388992737126133,0.14256124633367126,0.1498382967969343,0.18229709138290437,0.1498382967969343,0.18229709138290437,0.13026528180911034,0.1378377700280495,0.13026528180911034,0.1378377700280495,0.17247549834962259,0.1861380435350782,0.17247549834962259,0.1861380435350782,0.1514732932914759,0.15568896360387902,0.1514732932914759,0.15568896360387902,0.21041025820947068,0.15801955600053022,0.21041025820947068,0.15801955600053022,0.1262691291146458,0.12913564389399074,0.1262691291146458,0.12913564389399074,0.14654611882570312,0.16148996077545288,0.14654611882570312,0.16148996077545288,0.13730977732465846,0.13104496766884868,0.13730977732465846,0.13104496766884868,0.17604366492015708,0.16746657104929707,0.17604366492015708,0.16746657104929707
0.11995214193751029,0.12140395799777388,0.11995214193751029,0.12140395799777388,0.09017084761726724,0.1106086265269877,0.09017084761726724,0.1106086265269877,0.11853244383214016,0.12482634634597253,0.11853244383214016,0.12482634634597253,0.10258334011806645,0.12280420183123864,0.10258334011806645,0.12280420183123864,0.11995214193751029,0.12140395799777388,0.11995214193751029,0.12140395799777388,0.09017084761726724,0.1106086265269877,0.09017084761726724,0.1106086265269877,0.09926906154622968,0.10601085299018943,0.09926906154622968,0.10601085299018943,0.09495856557165284,0.08153573491255557,0.09495856557165284,0.08153573491255557,0.09968565132047426,0.11038265214380556,0.09968565132047426,0.11038265214380556,0.11937044796691669,0.08617462882774525,0.11937044796691669,0.08617462882774525,0.10530689687236172,0.09821641375512631,0.10530689687236172,0.09821641375512631,0.08289263511408206,0.08059721537075366,0.08289263511408206,0.08059721537075366,0.08616025821696138,0.10390158141163648,0.08616025821696138,0.10390158141163648,0.11170540565727195,0.08538269802120103,0.11170540565727195,0.08538269802120103,0.09612002516369984,0.09184821091327011,0.09612002516369984,0.09184821091327011,0.0955630773569872,0.07463714427136207,0.0955630773569872,0.07463714427136207,0.08086904684329765,0.12412361922503189,0.08086904684329765,0.12412361922503189,0.11548219042706735,0.09226370094257423,0.11548219042706735,0.09226370094257423
0.02164058625516351,0.026209578002602225,0.02164058625516351,0.026209578002602225,0.015698666854881974,0.013095094089094041,0.015698666854881974,0.013095094089094041,0.01932433138483738,0.02393315808094374,0.01932433138483738,0.02393315808094374,0.016490212063599373,0.015327037784428841,0.016490212063599373,0.015327037784428841,0.02164058625516351,0.026209578002602225,0.02164058625516351,0.026209578002602225,0.015698666854881974,0.013095094089094041,0.015698666854881974,0.013095094089094041,0.009076000159193031,0.01219458108205479,0.009076000159193031,0.01219458108205479,0.013492643473391876,0.01681204303961541,0.013492643473391876,0.01681204303961541,0.013540272683153835,0.015633492298153535,0.013540272683153835,0.015633492298153535,0.0069529468452434505,0.014635134775277931,0.0069529468452434505,0.014635134775277931,0.009656791825002916,0.010743555411866524,0.009656791825002916,0.010743555411866524,0.011932923427639403,0.005677076074749192,0.011932923427639403,0.005677076074749192,0.009444806212438194,0.009221245336196756,0.009444806212438194,0.009221245336196756,0.009811910406362975,0.009857890061422375,0.009811910406362975,0.009857890061422375,0.01348533706973624,0.016847566168053465,0.01348533706973624,0.016847566168053465,0.013054006546384113,0.007158822447264664,0.013054006546384113,0.007158822447264664,0.013743403146966432,0.01877374356269138,0.013743403146966432,0.01877374356269138,0.011128384092890506,0.02167010782685479,0.011128384092890506,0.02167010782685479
0.1627221107526798,0.16446346078057544,0.1627221107526798,0.16446346078057544,0.18174953860363643,0.1672806761668659,0.18174953860363643,0.1672806761668659,0.16797570924688154,0.16453173806690546,0.16797570924688154,0.16453173806690546,0.14705388971680308,0.17296858420504593,0.14705388971680308,0.17296858420504593,0.1627221107526798,0.16446346078057544,0.1627221107526798,0.16446346078057544,0.18174953860363643,0.1672806761668659,0.18174953860363643,0.1672806761668659,0.17151287050706662,0.16783595652801,0.17151287050706662,0.16783595652801,0.1721469177859048,0.18860740818962546,0.1721469177859048,0.18860740818962546,0.18707481271808513,0.15656746318137701,0.18707481271808513,0.15656746318137701,0.16344260154019466,0.1790509056891019,0.16344260154019466,0.1790509056891019,0.17076684093713326,0.16614308531373806,0.17076684093713326,0.16614308531373806,0.1625195002800154,0.16208469624295613,0.1625195002800154,0.16208469624295613,0.17642311177171893,0.1724347545441597,0.17642311177171893,0.1724347545441597,0.13777312185613788,0.1765169775729247,0.13777312185613788,0.1765169775729247,0.18050435410557528,0.14903493346731442,0.18050435410557528,0.14903493346731442,0.1716685807961357,0.17934520544406668,0.1716685807961357,0.17934520544406668,0.17405900656891665,0.15506612158572816,0.17405900656891665,0.15506612158572816,0.13994742467850213,0.16206190322367378,0.13994742467850213,0.16206190322367378
0.23103266273383932,0.2542469473748173,0.23103266273383932,0.2542469473748173,0.3201240557873716,0.2219746786806544,0.3201240557873716,0.2219746786806544,0.23719199876916852,0.25458652069404425,0.23719199876916852,0.25458652069404425,0.23466414466119306,0.24707541892941284,0.23466414466119306,0.24707541892941284,0.23103266273383932,0.2542469473748173,0.23103266273383932,0.2542469473748173,0.3201240557873716,0.2219746786806544,0.3201240557873716,0.2219746786806544,0.2479754471611812,0.1878299220948129,0.2479754471611812,0.1878299220948129,0.23877847534607655,0.2731217733694374,0.23877847534607655,0.2731217733694374,0.23654340514656524,0.19871747048025842,0.23654340514656524,0.19871747048025842,0.30996060849761164,0.26702695186107106,0.30996060849761164,0.26702695186107106,0.2686409470758167,0.17728933347566828,0.2686409470758167,0.17728933347566828,0.2539780817574514,0.21471287898183058,0.2539780817574514,0.21471287898183058,0.2455729035534939,0.24952472081797114,0.2455729035534939,0.24952472081797114,0.23101989828029565,0.2614057103744372,0.23101989828029565,0.2614057103744372,0.23329463591512004,0.26850309565874103,0.23329463591512004,0.26850309565874103,0.20373526494133073,0.23613519655057794,0.20373526494133073,0.23613519655057794,0.29190011015906564,0.19682038117067127,0.29190011015906564,0.19682038117067127,0.1938111974594133,0.18131252907646422,0.1938111974594133,0.18131252907646422
0.047540952824187,0.04992256163966842,0.047540952824187,0.04992256163966842,0.046180670583696265,0.05660398721493239,0.046180670583696265,0.05660398721493239,0.045831969456300685,0.045992868299890154,0.045831969456300685,0.045992868299890154,0.06464683999901395,0.06674491572054553,0.06464683999901395,0.06674491572054553,0.047540952824187,0.04992256163966842,0.047540952824187,0.04992256163966842,0.046180670583696265,0.05660398721493239,0.046180670583696265,0.05660398721493239,0.06806157392394178,0.07191884316811469,0.06806157392394178,0.07191884316811469,0.04967019691564216,0.08616360512655334,0.04967019691564216,0.08616360512655334,0.04635586217023994,0.0586643349025405,0.04635586217023994,0.0586643349025405,0.07091242681306958,0.07342386741508795,0.07091242681306958,0.07342386741508795,0.0632788100265854,0.05384524573636069,0.0632788100265854,0.05384524573636069,0.037630288290569316,0.06344796976271902,0.037630288290569316,0.06344796976271902,0.060134042836634614,0.09883788015029676,0.060134042836634614,0.09883788015029676,0.07258155886845136,0.05774979258489307,0.07258155886845136,0.05774979258489307,0.053913321548736425,0.053774586286123034,0.053913321548736425,0.053774586286123034,0.07368600457723083,0.06909368258252041,0.07368600457723083,0.06909368258252041,0.04338177668620227,0.05383848514976751,0.04338177668620227,0.05383848514976751,0.039387445977853486,0.0369444684910709,0.039387445977853486,0.0369444684910709
0.3294137107740896,0.32974732610326996,0.3294137107740896,0.32974732610326996,0.329887142245732,0.32004855086668854,0.329887142245732,0.32004855086668854,0.33968684510727076,0.3311088773076622,0.33968684510727076,0.3311088773076622,0.2757170317203219,0.29309579653324724,0.2757170317203219,0.29309579653324724,0.3294137107740896,0.32974732610326996,0.3294137107740896,0.32974732610326996,0.329887142245732,0.32004855086668854,0.329887142245732,0.32004855086668854,0.2826866099869899,0.3037936409201445,0.2826866099869899,0.3037936409201445,0.2324371962628041,0.2749129411944499,0.2324371962628041,0.2749129411944499,0.2921804331338317,0.2746844747033799,0.2921804331338317,0.2746844747033799,0.2850198530694369,0.28669721927885733,0.2850198530694369,0.28669721927885733,0.2911877025796662,0.30287358724998464,0.2911877025796662,0.30287358724998464,0.25064467563603,0.2520726677330096,0.25064467563603,0.2520726677330096,0.22990479514641685,0.24255016035161628,0.22990479514641685,0.24255016035161628,0.24774385010299496,0.203319768829169,0.24774385010299496,0.203319768829169,0.29079601079209183,0.26674107317880424,0.29079601079209183,0.26674107317880424,0.2761585829311909,0.17410658306233212,0.2761585829311909,0.17410658306233212,0.235969456564182,0.26509791831487617,0.235969456564182,0.26509791831487617,0.15935404460756977,0.20248225631776948,0.15935404460756977,0.20248225631776948
0.4323018683215043,0.4377168630217664,0.4323018683215043,0.4377168630217664,0.45786417544652014,0.4372346343251573,0.45786417544652014,0.4372346343251573,0.4282463932764175,0.436437874951824,0.4282463932764175,0.436437874951824,0.4528422270084493,0.4230436164075116,0.4528422270084493,0.4230436164075116,0.4323018683215043,0.4377168630217664,0.4323018683215043,0.4377168630217664,0.45786417544652014,0.4372346343251573,0.45786417544652014,0.4372346343251573,0.47717521690988846,0.4489559795735449,0.47717521690988846,0.4489559795735449,0.48214994483978074,0.4433848477161231,0.48214994483978074,0.4433848477161231,0.4598212642493099,0.4658692779189481,0.4598212642493099,0.4658692779189481,0.4416656945033308,0.41027917419045234,0.4416656945033308,0.41027917419045234,0.44166560545975664,0.45172088830550056,0.44166560545975664,0.45172088830550056,0.47941599562614184,0.422219979257292,0.47941599562614184,0.422219979257292,0.44233987300997585,0.43887009888334644,0.44233987300997585,0.43887009888334644,0.443215310385093,0.4410677398947685,0.443215310385093,0.4410677398947685,0.42604024971988075,0.46277231955867115,0.42604024971988075,0.46277231955867115,0.4313260949645717,0.4745549913154198,0.4313260949645717,0.4745549913154198,0.4250924807794259,0.3889790870769933,0.4250924807794259,0.3889790870769933,0.3350658212548359,0.3829772285995586,0.3350658212548359,0.3829772285995586
0.22951665278641067,0.20002775942980652,0.22951665278641067,0.20002775942980652,0.19589145972563696,0.23102007471136582,0.19589145972563696,0.23102007471136582,0.22165000460055123,0.1934621175631916,0.22165000460055123,0.1934621175631916,0.2179079664622823,0.23879430518190403,0.2179079664622823,0.23879430518190403,0.22951665278641067,0.20002775942980652,0.22951665278641067,0.20002775942980652,0.19589145972563696,0.23102007471136582,0.19589145972563696,0.23102007471136582,0.1906039491087613,0.19069189212800264,0.1906039491087613,0.19069189212800264,0.189246704428285,0.17820417156903942,0.189246704428285,0.17820417156903942,0.20156540669872938,0.18018662322415693,0.20156540669872938,0.18018662322415693,0.18233582861811268,0.17774178672707125,0.18233582861811268,0.17774178672707125,0.17973703403296054,0.22060924890874647,0.17973703403296054,0.22060924890874647,0.19400551163676216,0.1686969026230548,0.19400551163676216,0.1686969026230548,0.1926821896173199,0.19756125875629305,0.1926821896173199,0.19756125875629305,0.1549261090518558,0.1792038829983908,0.1549261090518558,0.1792038829983908,0.1859862338968369,0.15966503304716598,0.1859862338968369,0.15966503304716598,0.1745013403580552,0.15669079825686907,0.1745013403580552,0.15669079825686907,0.1607724612295133,0.1709047899189665,0.1607724612295133,0.1709047899189665,0.1348616448053001,0.12883824587563403,0.1348616448053001,0.12883824587563403
0.19484763287885193,0.18255280269579235,0.19484763287885193,0.18255280269579235,0.21005157429275542,0.18843461815038026,0.21005157429275542,0.18843461815038026,0.19227864422199012,0.18232474916231373,0.19227864422199012,0.18232474916231373,0.21030221566468704,0.20147575453128116,0.21030221566468704,0.20147575453128116,0.19484763287885193,0.18255280269579235,0.19484763287885193,0.18255280269579235,0.21005157429275542,0.18843461815038026,0.21005157429275542,0.18843461815038026,0.2408233903265198,0.22038487533820464,0.2408233903265198,0.22038487533820464,0.22553566279436785,0.20689137238151298,0.22553566279436785,0.20689137238151298,0.23720602601387203,0.2240833730877412,0.23720602601387203,0.2240833730877412,0.2568605270206117,0.23859825202371174,0.2568605270206117,0.23859825202371174,0.23535129072097938,0.21485915671841002,0.23535129072097938,0.21485915671841002,0.2321641167064606,0.20809998824817333,0.2321641167064606,0.20809998824817333,0.259360328144046,0.25635820258221603,0.259360328144046,0.25635820258221603,0.2834515728609338,0.3042596374594671,0.2834515728609338,0.3042596374594671,0.25872039374545314,0.25449597783223715,0.25872039374545314,0.25449597783223715,0.2679237584453302,0.2809557451006951,0.2679237584453302,0.2809557451006951,0.25543857611492743,0.26408754564645504,0.25543857611492743,0.26408754564645504,0.27413657686387227,0.28443901864992577,0.27413657686387227,0.28443901864992577
0.32633901603366633,0.3371454440984933,0.32633901603366633,0.3371454440984933,0.3548954686713765,0.3118746994337695,0.3548954686713765,0.3118746994337695,0.33884255106359984,0.34316120984269416,0.33884255106359984,0.34316120984269416,0.3327654731861353,0.3117653709214486,0.3327654731861353,0.3117653709214486,0.32633901603366633,0.3371454440984933,0.32633901603366633,0.3371454440984933,0.3548954686713765,0.3118746994337695,0.3548954686713765,0.3118746994337695,0.3240172267684889,0.3375475982511254,0.3240172267684889,0.3375475982511254,0.338686926007355,0.3037656887941593,0.338686926007355,0.3037656887941593,0.3218987082121081,0.30873823406374507,0.3218987082121081,0.30873823406374507,0.3059363658346503,0.35961484964738394,0.3059363658346503,0.35961484964738394,0.30831294194300574,0.32031555299016834,0.30831294194300574,0.32031555299016834,0.31019531885037976,0.3138518934999876,0.31019531885037976,0.3138518934999876,0.32866578984496736,0.2930719581095204,0.32866578984496736,0.2930719581095204,0.2691395009921249,0.25321795149404147,0.2691395009921249,0.25321795149404147,0.3484990300222383,0.3169624198744781,0.3484990300222383,0.3169624198744781,0.27481874804321765,0.23583121747285893,0.27481874804321765,0.23583121747285893,0.3373484138238071,0.3130450842023061,0.3373484138238071,0.3130450842023061,0.30626827135219603,0.2757837478869697,0.30626827135219603,0.2757837478869697
0.21580048506697228,0.22855197028116955,0.21580048506697228,0.22855197028116955,0.21503849926326646,0.20665092284138908,0.21503849926326646,0.20665092284138908,0.219766025556461,0.22024018596224226,0.219766025556461,0.22024018596224226,0.21463542219386866,0.2149545959814945,0.21463542219386866,0.2149545959814945,0.21580048506697228,0.22855197028116955,0.21580048506697228,0.22855197028116955,0.21503849926326646,0.20665092284138908,0.21503849926326646,0.20665092284138908,0.18241216498581872,0.2082851389541004,0.18241216498581872,0.2082851389541004,0.1947710769744004,0.20254488306179694,0.1947710769744004,0.20254488306179694,0.20092585978951952,0.20194240959979112,0.20092585978951952,0.20194240959979112,0.1864259855037369,0.19670007011818116,0.1864259855037369,0.19670007011818116,0.18808522282976547,0.2141168704765634,0.18808522282976547,0.2141168704765634,0.2502568127222582,0.19458633454430999,0.2502568127222582,0.19458633454430999,0.1467442674873725,0.2015910718060621,0.1467442674873725,0.2015910718060621,0.2026696085443843,0.17567391591384493,0.2026696085443843,0.17567391591384493,0.1997883934682124,0.17864009665541006,0.1997883934682124,0.17864009665541006,0.22586433372828355,0.2092584266020402,0.22586433372828355,0.2092584266020402,0.1854009402054789,0.20907980446766847,0.1854009402054789,0.20907980446766847,0.22045119071028899,0.14817098349454957,0.22045119071028899,0.14817098349454957
0.09984340147689906,0.10045653039069748,0.09984340147689906,0.10045653039069748,0.11461253329890828,0.08494256534650245,0.11461253329890828,0.08494256534650245,0.09609068032075825,0.10243858208101926,0.09609068032075825,0.10243858208101926,0.11442339361577533,0.09582904447177823,0.11442339361577533,0.09582904447177823,0.09984340147689906,0.10045653039069748,0.09984340147689906,0.10045653039069748,0.11461253329890828,0.08494256534650245,0.11461253329890828,0.08494256534650245,0.09663198908328312,0.10877062920602795,0.09663198908328312,0.10877062920602795,0.12193201430193136,0.13441829086546295,0.12193201430193136,0.13441829086546295,0.11748877967240061,0.10589249380057365,0.11748877967240061,0.10589249380057365,0.11284539723859563,0.13422894029544682,0.11284539723859563,0.13422894029544682,0.10697809306468582,0.10479042539715402,0.10697809306468582,0.10479042539715402,0.11608452809429753,0.12252452092730909,0.11608452809429753,0.12252452092730909,0.11496567909659215,0.11072517441057506,0.11496567909659215,0.11072517441057506,0.10535730892455965,0.16307316812458267,0.10535730892455965,0.16307316812458267,0.11917473929106695,0.12985498079796434,0.11917473929106695,0.12985498079796434,0.12785367341520232,0.14386352342921532,0.12785367341520232,0.14386352342921532,0.12056609406195706,0.1334008522430938,0.12056609406195706,0.1334008522430938,0.16053667800778967,0.1148628262925598,0.16053667800778967,0.1148628262925598
0.3283048890345973,0.33835156042985637,0.3283048890345973,0.33835156042985637,0.3209983281365717,0.316184324331605,0.3209983281365717,0.316184324331605,0.32542387586414756,0.3411003793387767,0.32542387586414756,0.3411003793387767,0.3258743901939488,0.3378148383565965,0.3258743901939488,0.3378148383565965,0.3283048890345973,0.33835156042985637,0.3283048890345973,0.33835156042985637,0.3209983281365717,0.316184324331605,0.3209983281365717,0.316184324331605,0.3433648387924747,0.34407541126337554,0.3433648387924747,0.34407541126337554,0.3225125072839321,0.3074998744949049,0.3225125072839321,0.3074998744949049,0.33968647563710136,0.32711859861753223,0.33968647563710136,0.32711859861753223,0.336151362607867,0.335648877117921,0.336151362607867,0.335648877117921,0.3446067884990182,0.3359206436335536,0.3446067884990182,0.3359206436335536,0.3301066656481661,0.30101462167200627,0.3301066656481661,0.30101462167200627,0.3477827235323533,0.32711588584200396,0.3477827235323533,0.32711588584200396,0.2909415248852354,0.3134044971959645,0.2909415248852354,0.3134044971959645,0.35861364069708146,0.3316075024581652,0.35861364069708146,0.3316075024581652,0.3309735682853789,0.34899961758186393,0.3309735682853789,0.34899961758186393,0.3617524033455789,0.34329294725975934,0.3617524033455789,0.34329294725975934,0.3309358117156342,0.31916450856443573,0.3309358117156342,0.31916450856443573
0.28330960630657376,0.2527523510303657,0.28330960630657376,0.2527523510303657,0.25198430993024284,0.2008274943199643,0.25198430993024284,0.2008274943199643,0.2871543703597514,0.2515049536920109,0.2871543703597514,0.2515049536920109,0.24782658179959735,0.25114416420508356,0.24782658179959735,0.25114416420508356,0.28330960630657376,0.2527523510303657,0.28330960630657376,0.2527523510303657,0.25198430993024284,0.2008274943199643,0.25198430993024284,0.2008274943199643,0.2723944070337968,0.2570887821337301,0.2723944070337968,0.2570887821337301,0.26050883870778546,0.2587997869795221,0.26050883870778546,0.2587997869795221,0.2599064239507353,0.2780184444512756,0.2599064239507353,0.2780184444512756,0.2524121655773606,0.26685512706115166,0.2524121655773606,0.26685512706115166,0.2591971092276673,0.2336471627358445,0.2591971092276673,0.2336471627358445,0.27963890414212017,0.21149036029518473,0.27963890414212017,0.21149036029518473,0.2300074202958513,0.19488840199073887,0.2300074202958513,0.19488840199073887,0.2677874399932599,0.2839641595528671,0.2677874399932599,0.2839641595528671,0.2606535136467792,0.23865778836433552,0.2606535136467792,0.23865778836433552,0.2471133618128435,0.2501641283559474,0.2471133618128435,0.2501641283559474,0.27301957182514913,0.2203009748078272,0.27301957182514913,0.2203009748078272,0.22152665233655724,0.27121419705788136,0.22152665233655724,0.27121419705788136
0.14830707557163236,0.13757484103561304,0.14830707557163236,0.13757484103561304,0.12738467088276811,0.14170966395585555,0.12738467088276811,0.14170966395585555,0.14770596067752184,0.1417032807537109,0.14770596067752184,0.1417032807537109,0.12830202190022788,0.13040348915529115,0.12830202190022788,0.13040348915529115,0.14830707557163236,0.13757484103561304,0.14830707557163236,0.13757484103561304,0.12738467088276811,0.14170966395585555,0.12738467088276811,0.14170966395585555,0.13189773452596085,0.12535363329197688,0.13189773452596085,0.12535363329197688,0.11039447296541342,0.16247756981913197,0.11039447296541342,0.16247756981913197,0.12588600810198913,0.12252920626833275,0.12588600810198913,0.12252920626833275,0.1327106275121306,0.13115754258155465,0.1327106275121306,0.13115754258155465,0.14331227766689494,0.12171093825580616,0.14331227766689494,0.12171093825580616,0.09717129256190292,0.13238315743716547,0.09717129256190292,0.13238315743716547,0.1332585671136899,0.13999500587921707,0.1332585671136899,0.13999500587921707,0.1335443507370811,0.15435954200934537,0.1335443507370811,0.15435954200934537,0.13030230608199336,0.130434073676229,0.13030230608199336,0.130434073676229,0.14156717861207183,0.12220822381078476,0.14156717861207183,0.12220822381078476,0.12938096081592165,0.1259168018537319,0.12938096081592165,0.1259168018537319,0.12078286687557713,0.12098263438973138,0.12078286687557713,0.12098263438973138
0.3231601712538049,0.34411534694545826,0.3231601712538049,0.34411534694545826,0.3607960430071407,0.3330540018299143,0.3607960430071407,0.3330540018299143,0.35627284219860583,0.3442882912688873,0.35627284219860583,0.3442882912688873,0.3150264776499343,0.35513154922551043,0.3150264776499343,0.35513154922551043,0.3231601712538049,0.34411534694545826,0.3231601712538049,0.34411534694545826,0.3607960430071407,0.3330540018299143,0.3607960430071407,0.3330540018299143,0.3201927996068154,0.35138605418391256,0.3201927996068154,0.35138605418391256,0.3083166325939577,0.25580415865193135,0.3083166325939577,0.25580415865193135,0.3105421232715601,0.31387547059606485,0.3105421232715601,0.31387547059606485,0.28999086258706774,0.26788602884819523,0.28999086258706774,0.26788602884819523,0.3292833001736656,0.2568506264461065,0.3292833001736656,0.2568506264461065,0.3157519915081412,0.2743067546075579,0.3157519915081412,0.2743067546075579,0.3220841283182658,0.3258351038815745,0.3220841283182658,0.3258351038815745,0.2220288322975737,0.24450768486869787,0.2220288322975737,0.24450768486869787,0.31140034134659045,0.309793021000086,0.31140034134659045,0.309793021000086,0.22235739064876975,0.28012675670609577,0.22235739064876975,0.28012675670609577,0.2994985959673258,0.2904193025975416,0.2994985959673258,0.2904193025975416,0.2384615754681664,0.2268590648102179,0.2384615754681664,0.2268590648102179
0.13961196866911224,0.130396948766201,0.13961196866911224,0.130396948766201,0.11468306576613432,0.11476884473172197,0.11468306576613432,0.11476884473172197,0.1384433343558416,0.1393430523076067,0.1384433343558416,0.1393430523076067,0.11563060872074271,0.10116659654717133,0.11563060872074271,0.10116659654717133,0.13961196866911224,0.130396948766201,0.13961196866911224,0.130396948766201,0.11468306576613432,0.11476884473172197,0.11468306576613432,0.11476884473172197,0.14601998026890764,0.10247304909570495,0.14601998026890764,0.10247304909570495,0.11932863749860437,0.12713470363425206,0.11932863749860437,0.12713470363425206,0.13565991240940353,0.1150918948931405,0.13565991240940353,0.1150918948931405,0.12441013421603972,0.13019714925411333,0.12441013421603972,0.13019714925411333,0.12586957277813743,0.12879967258645073,0.12586957277813743,0.12879967258645073,0.11835274604391204,0.1315758828253693,0.11835274604391204,0.1315758828253693,0.11994547489934293,0.12295728342653536,0.11994547489934293,0.12295728342653536,0.16412530410076615,0.09798909489378774,0.16412530410076615,0.09798909489378774,0.13093732812835462,0.1451767160426696,0.13093732812835462,0.1451767160426696,0.1502792960630685,0.1690661028250663,0.1502792960630685,0.1690661028250663,0.15341031624857093,0.15083975545730377,0.15341031624857093,0.15083975545730377,0.12332709847421212,0.11955536917756185,0.12332709847421212,0.11955536917756185
0.6493038639060977,0.6588292979499665,0.6493038639060977,0.6588292979499665,0.5546273107791615,0.6448085070625817,0.5546273107791615,0.6448085070625817,0.6504330545671607,0.6309517556043811,0.6504330545671607,0.6309517556043811,0.531825591106913,0.6157520563395558,0.531825591106913,0.6157520563395558,0.6493038639060977,0.6588292979499665,0.6493038639060977,0.6588292979499665,0.5546273107791615,0.6448085070625817,0.5546273107791615,0.6448085070625817,0.6469096967382318,0.6351727506613768,0.6469096967382318,0.6351727506613768,0.7078790759250504,0.5484137190676865,0.7078790759250504,0.5484137190676865,0.6361693611861854,0.7205946935135812,0.6361693611861854,0.7205946935135812,0.6543667978473424,0.5667340850658958,0.6543667978473424,0.5667340850658958,0.6990675564775848,0.6896480877001017,0.6990675564775848,0.6896480877001017,0.669946309109964,0.6893532099150561,0.669946309109964,0.6893532099150561,0.6299714515132111,0.7799945565273865,0.6299714515132111,0.7799945565273865,0.9032281723617528,0.802806567820032,0.9032281723617528,0.802806567820032,0.7020708515516165,0.6843260121375565,0.7020708515516165,0.6843260121375565,0.6265076563277969,0.7006626942450842,0.6265076563277969,0.7006626942450842,0.6519044179218126,0.7014361995651018,0.6519044179218126,0.7014361995651018,0.7208839024503906,0.7284756981139819,0.7208839024503906,0.7284756981139819
0.051162142254505306,0.05347482845206122,0.051162142254505306,0.05347482845206122,0.06177688437876183,0.058010536900701806,0.06177688437876183,0.058010536900701806,0.05367076690189489,0.049267544519204384,0.05367076690189489,0.049267544519204384,0.05754965978768465,0.05608470102339944,0.05754965978768465,0.05608470102339944,0.051162142254505306,0.05347482845206122,0.051162142254505306,0.05347482845206122,0.06177688437876183,0.058010536900701806,0.06177688437876183,0.058010536900701806,0.044334724118371645,0.04427144655228406,0.044334724118371645,0.04427144655228406,0.05472813255944482,0.02650778228497342,0.05472813255944482,0.02650778228497342,0.045527425889625835,0.03505836078337835,0.045527425889625835,0.03505836078337835,0.04131990559975545,0.044099564739829726,0.04131990559975545,0.044099564739829726,0.03402086497734541,0.0423717423835141,0.03402086497734541,0.0423717423835141,0.03868791158250084,0.04032080838182893,0.03868791158250084,0.04032080838182893,0.03802714943881787,0.022365024698408384,0.03802714943881787,0.022365024698408384,0.0681717504563178,0.030357122231325733,0.0681717504563178,0.030357122231325733,0.04035012883381656,0.03775875003684358,0.04035012883381656,0.03775875003684358,0.031078892633135673,0.030683191633571506,0.031078892633135673,0.030683191633571506,0.033594631232056194,0.0237338076533777,0.033594631232056194,0.0237338076533777,0.03317200604330659,0.02650510717873668,0.03317200604330659,0.02650510717873668
0.11939335992942106,0.1155453164931208,0.11939335992942106,0.1155453164931208,0.11104175499870601,0.11208692500651503,0.11104175499870601,0.11208692500651503,0.11965998303590739,0.12151725950287032,0.11965998303590739,0.12151725950287032,0.10943260561176156,0.1195823717857157,0.10943260561176156,0.1195823717857157,0.11939335992942106,0.1155453164931208,0.11939335992942106,0.1155453164931208,0.11104175499870601,0.11208692500651503,0.11104175499870601,0.11208692500651503,0.1249540732029181,0.11526119451270152,0.1249540732029181,0.11526119451270152,0.12780517771969285,0.12168289226574422,0.12780517771969285,0.12168289226574422,0.11625395233029541,0.11929114136488608,0.11625395233029541,0.11929114136488608,0.1253392840018543,0.11192440078049903,0.1253392840018543,0.11192440078049903,0.12966423117417655,0.11393519993220402,0.12966423117417655,0.11393519993220402,0.12546200107235325,0.12219163488936709,0.12546200107235325,0.12219163488936709,0.1057249789644836,0.10911869678622357,0.1057249789644836,0.10911869678622357,0.11203342730125665,0.1042327408146387,0.11203342730125665,0.1042327408146387,0.10895117696847642,0.12282761471156182,0.10895117696847642,0.12282761471156182,0.12156649406440787,0.13544899965853646,0.12156649406440787,0.13544899965853646,0.09582675882720518,0.10430461586836344,0.09582675882720518,0.10430461586836344,0.11915353637110082,0.16341641835038354,0.11915353637110082,0.16341641835038354
0.08310043950723592,0.09159063942883089,0.08310043950723592,0.09159063942883089,0.061573721972127536,0.07146236906139948,0.061573721972127536,0.07146236906139948,0.09379334035538481,0.09780124627530934,0.09379334035538481,0.09780124627530934,0.07583718298317019,0.060507758422303215,0.07583718298317019,0.060507758422303215,0.08310043950723592,0.09159063942883089,0.08310043950723592,0.09159063942883089,0.061573721972127536,0.07146236906139948,0.061573721972127536,0.07146236906139948,0.07446893633614496,0.10587402616371704,0.07446893633614496,0.10587402616371704,0.05819607560078678,0.0809487257501634,0.05819607560078678,0.0809487257501634,0.08176404309602434,0.10696864262264619,0.08176404309602434,0.10696864262264619,0.06474982059396281,0.06014124493463826,0.06474982059396281,0.06014124493463826,0.07805762894963254,0.09855015271426672,0.07805762894963254,0.09855015271426672,0.06639520906166005,0.07553457526385383,0.06639520906166005,0.07553457526385383,0.05841849033271605,0.07354095639991544,0.05841849033271605,0.07354095639991544,0.09299946451344149,0.06472325386744676,0.09299946451344149,0.06472325386744676,0.0668440900034172,0.07872015780966757,0.0668440900034172,0.07872015780966757,0.07028896843539113,0.09238792093976214,0.07028896843539113,0.09238792093976214,0.07512041474742367,0.08691500127675822,0.07512041474742367,0.08691500127675822,0.06971394809381684,0.07135544646059853,0.06971394809381684,0.07135544646059853
0.1135524227106027,0.0942890927180278,0.1135524227106027,0.0942890927180278,0.10579598966741262,0.10021577764514304,0.10579598966741262,0.10021577764514304,0.1087910697971914,0.10760030048644098,0.1087910697971914,0.10760030048644098,0.08426911368931024,0.11300145942295325,0.08426911368931024,0.11300145942295325,0.1135524227106027,0.0942890927180278,0.1135524227106027,0.0942890927180278,0.10579598966741262,0.10021577764514304,0.10579598966741262,0.10021577764514304,0.10119915848073616,0.09717398616297085,0.10119915848073616,0.09717398616297085,0.1329552606557384,0.06569797380783168,0.1329552606557384,0.06569797380783168,0.11249391841929594,0.08867554997671184,0.11249391841929594,0.08867554997671184,0.08664295177807206,0.08477985199190999,0.08664295177807206,0.08477985199190999,0.09757310465112881,0.07739998451554467,0.09757310465112881,0.07739998451554467,0.08083879880601415,0.11606759932086208,0.08083879880601415,0.11606759932086208,0.10057605122903963,0.0796074349967457,0.10057605122903963,0.0796074349967457,0.07183680961802337,0.1286982100289506,0.07183680961802337,0.1286982100289506,0.10026906589050803,0.08337450765077023,0.10026906589050803,0.08337450765077023,0.08108030998067339,0.10015903179658936,0.08108030998067339,0.10015903179658936,0.09874779633426514,0.09398544996229212,0.09874779633426514,0.09398544996229212,0.12175566228905296,0.0756281745170155,0.12175566228905296,0.0756281745170155
0.11161283962286753,0.11220696132018246,0.11161283962286753,0.11220696132018246,0.12003727127559598,0.10731371851071836,0.12003727127559598,0.10731371851071836,0.12176212903556531,0.11804401927389382,0.12176212903556531,0.11804401927389382,0.12466925876826844,0.12310266671522745,0.12466925876826844,0.12310266671522745,0.11161283962286753,0.11220696132018246,0.11161283962286753,0.11220696132018246,0.12003727127559598,0.10731371851071836,0.12003727127559598,0.10731371851071836,0.10132421407651818,0.11020754857256061,0.10132421407651818,0.11020754857256061,0.13324108944724894,0.12341144966050561,0.13324108944724894,0.12341144966050561,0.09525268655871445,0.10330768215098285,0.09525268655871445,0.10330768215098285,0.13602167580847616,0.12620528364313965,0.13602167580847616,0.12620528364313965,0.11659202082896417,0.10625682557543555,0.11659202082896417,0.10625682557543555,0.16532731584255683,0.1192087640208421,0.16532731584255683,0.1192087640208421,0.12183515086078231,0.12466564407110778,0.12183515086078231,0.12466564407110778,0.1706706206485736,0.12188536715940464,0.1706706206485736,0.12188536715940464,0.11691471388912145,0.12176874839736233,0.11691471388912145,0.12176874839736233,0.1281149319176679,0.14570854967583852,0.1281149319176679,0.14570854967583852,0.12857717875333657,0.1260359608647012,0.12857717875333657,0.1260359608647012,0.0959942336078099,0.13990963885945634,0.0959942336078099,0.13990963885945634
0.024717542037911336,0.024804089331851745,0.024717542037911336,0.024804089331851745,0.02253035199016382,0.03615856179277528,0.02253035199016382,0.03615856179277528,0.028614019183481554,0.026498146933252344,0.028614019183481554,0.026498146933252344,0.020986198992751143,0.02638698146036978,0.020986198992751143,0.02638698146036978,0.024717542037911336,0.024804089331851745,0.024717542037911336,0.024804089331851745,0.02253035199016382,0.03615856179277528,0.02253035199016382,0.03615856179277528,0.024624112484445914,0.021314271920560006,0.024624112484445914,0.021314271920560006,0.025452834977130738,0.02517534406676531,0.025452834977130738,0.02517534406676531,0.033850636048865596,0.024887505930896864,0.033850636048865596,0.024887505930896864,0.04869968560076621,0.03577577059943916,0.04869968560076621,0.03577577059943916,0.02766999788354333,0.022499988758862662,0.02766999788354333,0.022499988758862662,0.025005175143005653,0.02836113047524217,0.025005175143005653,0.02836113047524217,0.03138679293029648,0.021181089472531316,0.03138679293029648,0.021181089472531316,0.034749428556269966,0.03101040103571559,0.034749428556269966,0.03101040103571559,0.028777969499309764,0.02790204766703252,0.028777969499309764,0.02790204766703252,0.03377202482784468,0.044210631818238734,0.03377202482784468,0.044210631818238734,0.024461611397070208,0.02211126501938645,0.024461611397070208,0.02211126501938645,0.028611404600205448,0.019557724578604194,0.028611404600205448,0.019557724578604194
0.04527059502615473,0.03541638922939709,0.04527059502615473,0.03541638922939709,0.0313766931348521,0.03381720622450166,0.0313766931348521,0.03381720622450166,0.04860938616724981,0.03825768327748562,0.04860938616724981,0.03825768327748562,0.04133171833452406,0.05122272196144757,0.04133171833452406,0.05122272196144757,0.04527059502615473,0.03541638922939709,0.04527059502615473,0.03541638922939709,0.0313766931348521,0.03381720622450166,0.0313766931348521,0.03381720622450166,0.035781797733392996,0.044550218547923376,0.035781797733392996,0.044550218547923376,0.03937051432857896,0.03860336476900375,0.03937051432857896,0.03860336476900375,0.031926430279788566,0.037753912173631304,0.031926430279788566,0.037753912173631304,0.0325086086006621,0.04554893092555489,0.0325086086006621,0.04554893092555489,0.038974284264014364,0.046356668864491815,0.038974284264014364,0.046356668864491815,0.04391849659920341,0.03083924007349415,0.04391849659920341,0.03083924007349415,0.0251668365244169,0.026739778415613303,0.0251668365244169,0.026739778415613303,0.03980440549001494,0.03320697352996961,0.03980440549001494,0.03320697352996961,0.024336844834984096,0.036883742692226634,0.024336844834984096,0.036883742692226634,0.05390433151990517,0.04165522816993362,0.05390433151990517,0.04165522816993362,0.03294500644347958,0.03435414046718428,0.03294500644347958,0.03435414046718428,0.054737585590727854,0.029219430599231513,0.054737585590727854,0.029219430599231513
0.4310704602600347,0.4325622057700875,0.4310704602600347,0.4325622057700875,0.49892757020527406,0.5706842619485151,0.49892757020527406,0.5706842619485151,0.513118933379162,0.46524786630778464,0.513118933379162,0.46524786630778464,0.46368359753523275,0.5043162525058957,0.46368359753523275,0.5043162525058957,0.4310704602600347,0.4325622057700875,0.4310704602600347,0.4325622057700875,0.49892757020527406,0.5706842619485151,0.49892757020527406,0.5706842619485151,0.40822339698995735,0.3437366373928191,0.40822339698995735,0.3437366373928191,0.4487763440144894,0.31485501631653284,0.4487763440144894,0.31485501631653284,0.41556138960034544,0.4957350961361165,0.41556138960034544,0.4957350961361165,0.5191629634397399,0.35270197921465984,0.5191629634397399,0.35270197921465984,0.39135923894743263,0.3461852607370202,0.39135923894743263,0.3461852607370202,0.4011318904686364,0.3159882332980834,0.4011318904686364,0.3159882332980834,0.3306472172359556,0.3262300857760633,0.3306472172359556,0.3262300857760633,0.29830573774267855,0.3195897708675359,0.29830573774267855,0.3195897708675359,0.396054454810496,0.4591771166454192,0.396054454810496,0.4591771166454192,0.3141134503868289,0.37701663282648956,0.3141134503868289,0.37701663282648956,0.40833693937186444,0.418587569239218,0.40833693937186444,0.418587569239218,0.2626882418373625,0.2869474438345657,0.2626882418373625,0.2869474438345657
0.2616705164633749,0.2581658701265231,0.2616705164633749,0.2581658701265231,0.2335888418343829,0.3107951256035633,0.2335888418343829,0.3107951256035633,0.24814336939590273,0.30416467499068367,0.24814336939590273,0.30416467499068367,0.23573174323561952,0.34426960709519844,0.23573174323561952,0.34426960709519844,0.2616705164633749,0.2581658701265231,0.2616705164633749,0.2581658701265231,0.2335888418343829,0.3107951256035633,0.2335888418343829,0.3107951256035633,0.26089744507856144,0.2649924282060389,0.26089744507856144,0.2649924282060389,0.22818633623178,0.24962245558885698,0.22818633623178,0.24962245558885698,0.22175454136803338,0.22307265974879928,0.22175454136803338,0.22307265974879928,0.2942172200748019,0.17242997119306722,0.2942172200748019,0.17242997119306722,0.24925103207068303,0.2133505978170887,0.24925103207068303,0.2133505978170887,0.29255219618905304,0.2508407195864394,0.29255219618905304,0.2508407195864394,0.19844516620940053,0.18426110188058853,0.19844516620940053,0.18426110188058853,0.14951363245558102,0.2569906214159159,0.14951363245558102,0.2569906214159159,0.26385572743808267,0.2907676099571448,0.26385572743808267,0.2907676099571448,0.2739906006114345,0.34385881549376485,0.2739906006114345,0.34385881549376485,0.2212493167970795,0.2161069783089978,0.2212493167970795,0.2161069783089978,0.17132511257263697,0.2868160782180817,0.17132511257263697,0.2868160782180817
0.03353035327714159,0.03052158542805837,0.03353035327714159,0.03052158542805837,0.029236562327315904,0.02551908916017077,0.029236562327315904,0.02551908916017077,0.03248718313296752,0.02446392057946042,0.03248718313296752,0.02446392057946042,0.02302695616856761,0.023074908663477084,0.02302695616856761,0.023074908663477084,0.03353035327714159,0.03052158542805837,0.03353035327714159,0.03052158542805837,0.029236562327315904,0.02551908916017077,0.029236562327315904,0.02551908916017077,0.028819157503433137,0.028597725683877598,0.028819157503433137,0.028597725683877598,0.04087187728588094,0.017252203027433643,0.04087187728588094,0.017252203027433643,0.02417169644878767,0.027316004131481917,0.02417169644878767,0.027316004131481917,0.020394470590598752,0.0199720352461881,0.020394470590598752,0.0199720352461881,0.02915681945183252,0.029598225183330596,0.02915681945183252,0.029598225183330596,0.021279349605047963,0.026015876575515785,0.021279349605047963,0.026015876575515785,0.023456752891577472,0.021601714924512197,0.023456752891577472,0.021601714924512197,0.013258969123726644,0.022769414924100093,0.013258969123726644,0.022769414924100093,0.01631217952318741,0.022192836616801753,0.01631217952318741,0.022192836616801753,0.021439414721763302,0.017030312104111482,0.021439414721763302,0.017030312104111482,0.021871228049496688,0.014229570163778738,0.021871228049496688,0.014229570163778738,0.02014049469708397,0.02229805222734944,0.02014049469708397,0.02229805222734944
0.1115729094540225,0.09346191111442272,0.1115729094540225,0.09346191111442272,0.08558277294513493,0.13954062493706307,0.08558277294513493,0.13954062493706307,0.10144211279572461,0.09089448468677713,0.10144211279572461,0.09089448468677713,0.09365168547124826,0.0853887541826524,0.09365168547124826,0.0853887541826524,0.1115729094540225,0.09346191111442272,0.1115729094540225,0.09346191111442272,0.08558277294513493,0.13954062493706307,0.08558277294513493,0.13954062493706307,0.1053992320776825,0.0906707275522335,0.1053992320776825,0.0906707275522335,0.1346583983300452,0.16292567749370876,0.1346583983300452,0.16292567749370876,0.10616249421516687,0.09986314992733819,0.10616249421516687,0.09986314992733819,0.14982403141263342,0.1311000813988897,0.14982403141263342,0.1311000813988897,0.09200834548826958,0.08540750654671991,0.09200834548826958,0.08540750654671991,0.1200244609300453,0.09067723210318364,0.1200244609300453,0.09067723210318364,0.1011890528707885,0.10165075519873808,0.1011890528707885,0.10165075519873808,0.12337162580529526,0.13387498945083898,0.12337162580529526,0.13387498945083898,0.07125538877856312,0.0803520718294818,0.07125538877856312,0.0803520718294818,0.15052692189853958,0.10413349155879924,0.15052692189853958,0.10413349155879924,0.10969866190557753,0.11352674455390756,0.10969866190557753,0.11352674455390756,0.1703191909213021,0.15973948356608283,0.1703191909213021,0.15973948356608283
0.4931570169016741,0.5092942616492631,0.4931570169016741,0.5092942616492631,0.4303598283818954,0.5837565513710108,0.4303598283818954,0.5837565513710108,0.46297667372814394,0.5192514424761511,0.46297667372814394,0.5192514424761511,0.42030311835258943,0.5153276893905713,0.42030311835258943,0.5153276893905713,0.4931570169016741,0.5092942616492631,0.4931570169016741,0.5092942616492631,0.4303598283818954,0.5837565513710108,0.4303598283818954,0.5837565513710108,0.4727402518464388,0.49978309141219673,0.4727402518464388,0.49978309141219673,0.4178401417725805,0.4641678203141393,0.4178401417725805,0.4641678203141393,0.46803644037463954,0.5308978836775898,0.46803644037463954,0.5308978836775898,0.4587849620559688,0.5153875945598905,0.4587849620559688,0.5153875945598905,0.4613930154974071,0.5041670120033408,0.4613930154974071,0.5041670120033408,0.3821989268607556,0.4887600279294111,0.3821989268607556,0.4887600279294111,0.47429928582460024,0.5220058415847822,0.47429928582460024,0.5220058415847822,0.4925785266114066,0.4754901277817359,0.4925785266114066,0.4754901277817359,0.47059889078673417,0.43936320161619413,0.47059889078673417,0.43936320161619413,0.48125457396942256,0.44216251398346346,0.48125457396942256,0.44216251398346346,0.43070774461945033,0.4933431617634549,0.43070774461945033,0.4933431617634549,0.5152226744342002,0.4913954544693148,0.5152226744342002,0.4913954544693148
0.017821087863729528,0.016000205794866933,0.017821087863729528,0.016000205794866933,0.013789159260859836,0.013495460938644887,0.013789159260859836,0.013495460938644887,0.017649612673053438,0.0206296601890822,0.017649612673053438,0.0206296601890822,0.01802882488125621,0.01771832970330575,0.01802882488125621,0.01771832970330575,0.017821087863729528,0.016000205794866933,0.017821087863729528,0.016000205794866933,0.013789159260859836,0.013495460938644887,0.013789159260859836,0.013495460938644887,0.016839723384460954,0.013543867497055004,0.016839723384460954,0.013543867497055004,0.01769728712274994,0.019283680377600143,0.01769728712274994,0.019283680377600143,0.0155084581097732,0.019912368609559007,0.0155084581097732,0.019912368609559007,0.02074733169522014,0.015774067267956323,0.02074733169522014,0.015774067267956323,0.01853745040588382,0.015426896424600392,0.01853745040588382,0.015426896424600392,0.014692432912238264,0.014021086747242667,0.014692432912238264,0.014021086747242667,0.014524819215593463,0.01450506735473863,0.014524819215593463,0.01450506735473863,0.013262787333157682,0.021097825864295053,0.013262787333157682,0.021097825864295053,0.015412614188765961,0.01338804954785657,0.015412614188765961,0.01338804954785657,0.013442318472156782,0.015630385969224826,0.013442318472156782,0.015630385969224826,0.016424842775000892,0.014614328027906623,0.016424842775000892,0.014614328027906623,0.013296639090828363,0.01167377739378016,0.013296639090828363,0.01167377739378016
0.1383295499825886,0.13038900419247507,0.1383295499825886,0.13038900419247507,0.14396401526848362,0.1254221122936942,0.14396401526848362,0.1254221122936942,0.14543619693052723,0.12414237384516548,0.14543619693052723,0.12414237384516548,0.13176748546096728,0.12840388913836623,0.13176748546096728,0.12840388913836623,0.1383295499825886,0.13038900419247507,0.1383295499825886,0.13038900419247507,0.14396401526848362,0.1254221122936942,0.14396401526848362,0.1254221122936942,0.14990826249412723,0.14030283714167047,0.14990826249412723,0.14030283714167047,0.13552534566596539,0.18811355054642995,0.13552534566596539,0.18811355054642995,0.1343505960049762,0.11913544892730012,0.1343505960049762,0.11913544892730012,0.156932548325104,0.15203087713042138,0.156932548325104,0.15203087713042138,0.13840978877264026,0.13831064504014237,0.13840978877264026,0.13831064504014237,0.17411028103970994,0.13652598417899786,0.17411028103970994,0.13652598417899786,0.13474664712623755,0.14106480883117356,0.13474664712623755,0.14106480883117356,0.1444362148694483,0.13618439019464665,0.1444362148694483,0.13618439019464665,0.11761849221247611,0.1266447784222428,0.11761849221247611,0.1266447784222428,0.12669498498222354,0.10738597468300252,0.12669498498222354,0.10738597468300252,0.15825775016186672,0.13492405411931757,0.15825775016186672,0.13492405411931757,0.11760013767961562,0.12705610024834474,0.11760013767961562,0.12705610024834474
0.039419350818808055,0.03992889443217819,0.039419350818808055,0.03992889443217819,0.04162359050201402,0.041617671782004775,0.04162359050201402,0.041617671782004775,0.04085883789226192,0.04356968253434394,0.04085883789226192,0.04356968253434394,0.043228752781365135,0.04266291247008649,0.043228752781365135,0.04266291247008649,0.039419350818808055,0.03992889443217819,0.039419350818808055,0.03992889443217819,0.04162359050201402,0.041617671782004775,0.04162359050201402,0.041617671782004775,0.042707447287048464,0.03982518757830309,0.042707447287048464,0.03982518757830309,0.0321742875106964,0.04547540696400544,0.0321742875106964,0.04547540696400544,0.0439734629140459,0.03968006056847221,0.0439734629140459,0.03968006056847221,0.04958122366601995,0.03873094887472061,0.04958122366601995,0.03873094887472061,0.03768505226970182,0.04040586047739326,0.03768505226970182,0.04040586047739326,0.03787401621238324,0.03805964005407745,0.03787401621238324,0.03805964005407745,0.032724376463495616,0.031022380301393544,0.032724376463495616,0.031022380301393544,0.04409232714005184,0.049765206491257936,0.04409232714005184,0.049765206491257936,0.04116834113095389,0.04174697013065454,0.04116834113095389,0.04174697013065454,0.04483809255381969,0.030563527188834563,0.04483809255381969,0.030563527188834563,0.03797007811761308,0.03778875040890133,0.03797007811761308,0.03778875040890133,0.04342107939084573,0.05506825427014873,0.04342107939084573,0.05506825427014873
0.12770932084961423,0.11084089249037744,0.12770932084961423,0.11084089249037744,0.11242799792322558,0.12143718377810608,0.11242799792322558,0.12143718377810608,0.12018905613171321,0.1147171295054651,0.12018905613171321,0.1147171295054651,0.11222032041389146,0.12402167299515884,0.11222032041389146,0.12402167299515884,0.12770932084961423,0.11084089249037744,0.12770932084961423,0.11084089249037744,0.11242799792322558,0.12143718377810608,0.11242799792322558,0.12143718377810608,0.1474366930120195,0.12411204901123292,0.1474366930120195,0.12411204901123292,0.14220047430657487,0.11485382042752336,0.14220047430657487,0.11485382042752336,0.13449037223080354,0.12563518751318906,0.13449037223080354,0.12563518751318906,0.1445515836146855,0.09827343402179906,0.1445515836146855,0.09827343402179906,0.15116866443533392,0.1382071237639187,0.15116866443533392,0.1382071237639187,0.15248140524294176,0.12444552464672924,0.15248140524294176,0.12444552464672924,0.1219541407764657,0.12425332548883597,0.1219541407764657,0.12425332548883597,0.16129158152374418,0.10030437002226175,0.16129158152374418,0.10030437002226175,0.14754284689647434,0.12500426552004656,0.14754284689647434,0.12500426552004656,0.130094835587023,0.11346088552424924,0.130094835587023,0.11346088552424924,0.1441962762501454,0.12068869377609451,0.1441962762501454,0.12068869377609451,0.16778487844701065,0.1173806866553058,0.16778487844701065,0.1173806866553058
0.16266477542290286,0.17822929621181313,0.16266477542290286,0.17822929621181313,0.15597529398946589,0.17291395843749463,0.15597529398946589,0.17291395843749463,0.16384736716398035,0.18710983890878402,0.16384736716398035,0.18710983890878402,0.159941355283355,0.1622665238411133,0.159941355283355,0.1622665238411133,0.16266477542290286,0.17822929621181313,0.16266477542290286,0.17822929621181313,0.15597529398946589,0.17291395843749463,0.15597529398946589,0.17291395843749463,0.16361274263341133,0.14854755135349576,0.16361274263341133,0.14854755135349576,0.11289400667914079,0.14208168961458173,0.11289400667914079,0.14208168961458173,0.14146567866574386,0.17303279996208049,0.14146567866574386,0.17303279996208049,0.12238815761581091,0.1265732428361372,0.12238815761581091,0.1265732428361372,0.16054459954679284,0.15340502479715828,0.16054459954679284,0.15340502479715828,0.1141620900369608,0.11830930345926761,0.1141620900369608,0.11830930345926761,0.14793519065413893,0.16744736896752108,0.14793519065413893,0.16744736896752108,0.10601367820596728,0.10022904948398431,0.10601367820596728,0.10022904948398431,0.14990535272721242,0.15322590633244154,0.14990535272721242,0.15322590633244154,0.1262135844907221,0.12018618508359845,0.1262135844907221,0.12018618508359845,0.11678001465040802,0.15852631809278567,0.11678001465040802,0.15852631809278567,0.14092861130191484,0.10016007963449049,0.14092861130191484,0.10016007963449049
0.14200086041587442,0.15103251848599836,0.14200086041587442,0.15103251848599836,0.12263880630154575,0.12364699079249415,0.12263880630154575,0.12364699079249415,0.14245298182705,0.13791034515941022,0.14245298182705,0.13791034515941022,0.1365188259769077,0.12806928636365025,0.1365188259769077,0.12806928636365025,0.14200086041587442,0.15103251848599836,0.14200086041587442,0.15103251848599836,0.12263880630154575,0.12364699079249415,0.12263880630154575,0.12364699079249415,0.1509578103965771,0.13803190737250912,0.1509578103965771,0.13803190737250912,0.12092171265954708,0.12580542543191792,0.12092171265954708,0.12580542543191792,0.15006251204314802,0.1475050762716787,0.15006251204314802,0.1475050762716787,0.14163506558469077,0.13691686756315655,0.14163506558469077,0.13691686756315655,0.1478107996391454,0.13908556526562912,0.1478107996391454,0.13908556526562912,0.1379616999703764,0.11797275639813078,0.1379616999703764,0.11797275639813078,0.133244523954705,0.14066713922043056,0.133244523954705,0.14066713922043056,0.12488882519161647,0.12295498220224091,0.12488882519161647,0.12295498220224091,0.13367569052327447,0.1354107451770369,0.13367569052327447,0.1354107451770369,0.14055580854388044,0.1352153377920448,0.14055580854388044,0.1352153377920448,0.14332144552039697,0.12924667168035467,0.14332144552039697,0.12924667168035467,0.13234951060654396,0.13911742300039082,0.13234951060654396,0.13911742300039082
0.008100465182284024,0.0044281433421334716,0.008100465182284024,0.0044281433421334716,0.008668993812866265,0.005701241482942079,0.008668993812866265,0.005701241482942079,0.006281881958519931,0.004917738469936829,0.006281881958519931,0.004917738469936829,0.005655412430641404,0.004624355545969799,0.005655412430641404,0.004624355545969799,0.008100465182284024,0.0044281433421334716,0.008100465182284024,0.0044281433421334716,0.008668993812866265,0.005701241482942079,0.008668993812866265,0.005701241482942079,0.0035935072901697646,0.0029561774045325654,0.0035935072901697646,0.0029561774045325654,0.0026855253575401813,0.002797237476445315,0.0026855253575401813,0.002797237476445315,0.0030396559979817077,0.003098251643630467,0.0030396559979817077,0.003098251643630467,0.0032683717976473388,0.004733448959514224,0.0032683717976473388,0.004733448959514224,0.0038651903294610666,0.003446019986433394,0.0038651903294610666,0.003446019986433394,0.002818974433709921,0.0036930873200014466,0.002818974433709921,0.0036930873200014466,0.004558339971218778,0.0027367886208050775,0.004558339971218778,0.0027367886208050775,0.0037215756463004667,0.0021599941022518747,0.0037215756463004667,0.0021599941022518747,0.0029118087969170476,0.0038579128884368543,0.0029118087969170476,0.0038579128884368543,0.0030008339099388643,0.002403700656086753,0.0030008339099388643,0.002403700656086753,0.0033434540418393528,0.0029381212739188344,0.0033434540418393528,0.0029381212739188344,0.0035231003501536118,0.0030191864883353133,0.0035231003501536118,0.0030191864883353133
0.1641085550776538,0.1835685603339785,0.1641085550776538,0.1835685603339785,0.15522908494454565,0.17914990461286776,0.15522908494454565,0.17914990461286776,0.15978982666060076,0.1815401962971844,0.15978982666060076,0.1815401962971844,0.1668261685574363,0.17625380926145162,0.1668261685574363,0.17625380926145162,0.1641085550776538,0.1835685603339785,0.1641085550776538,0.1835685603339785,0.15522908494454565,0.17914990461286776,0.15522908494454565,0.17914990461286776,0.14121108354090056,0.16303166582985898,0.14121108354090056,0.16303166582985898,0.11506868651799475,0.19610729543671251,0.11506868651799475,0.19610729543671251,0.14990099038995158,0.15526471405026984,0.14990099038995158,0.15526471405026984,0.13197960851547133,0.1572047733276644,0.13197960851547133,0.1572047733276644,0.14300052890416004,0.16371674851298007,0.14300052890416004,0.16371674851298007,0.12573715522092355,0.16032480223482679,0.12573715522092355,0.16032480223482679,0.14223464676638015,0.18317537226180464,0.14223464676638015,0.18317537226180464,0.18813803019481654,0.1678411183090664,0.18813803019481654,0.1678411183090664,0.14663615538121744,0.17620022196718915,0.14663615538121744,0.17620022196718915,0.1556201376937241,0.14940529439427191,0.1556201376937241,0.14940529439427191,0.13930351449449563,0.16239950342032478,0.13930351449449563,0.16239950342032478,0.1645038998315036,0.1745032903527295,0.1645038998315036,0.1745032903527295
0.06807571009786346,0.06603069733367872,0.06807571009786346,0.06603069733367872,0.06812709149082831,0.07783554936493134,0.06812709149082831,0.07783554936493134,0.06844258341355232,0.06455707723573083,0.06844258341355232,0.06455707723573083,0.0687725464854925,0.07045989722168275,0.0687725464854925,0.07045989722168275,0.06807571009786346,0.06603069733367872,0.06807571009786346,0.06603069733367872,0.06812709149082831,0.07783554936493134,0.06812709149082831,0.07783554936493134,0.06516064488011619,0.05972372588320299,0.06516064488011619,0.05972372588320299,0.0450256684648852,0.056882959089036594,0.0450256684648852,0.056882959089036594,0.06109862354173406,0.057480399114553986,0.06109862354173406,0.057480399114553986,0.04801981543296695,0.04668333212638309,0.04801981543296695,0.04668333212638309,0.07883504155617148,0.0625185932440283,0.07883504155617148,0.0625185932440283,0.04174128030544546,0.0509023038295697,0.04174128030544546,0.0509023038295697,0.06001903256704602,0.053750847788494566,0.06001903256704602,0.053750847788494566,0.04716429290028278,0.041722267752898924,0.04716429290028278,0.041722267752898924,0.055324766940712304,0.05466147589540156,0.055324766940712304,0.05466147589540156,0.04142135927789338,0.038930603047400154,0.04142135927789338,0.038930603047400154,0.07610406085603305,0.04265167075670485,0.07610406085603305,0.04265167075670485,0.06882147803695023,0.037245714805878447,0.06882147803695023,0.037245714805878447
0.20862717780954398,0.22700053317570598,0.20862717780954398,0.22700053317570598,0.21399534472893192,0.222464242016819,0.21399534472893192,0.222464242016819,0.21754732252011685,0.22352038503896815,0.21754732252011685,0.22352038503896815,0.24664835301633112,0.2275647981679469,0.24664835301633112,0.2275647981679469,0.20862717780954398,0.22700053317570598,0.20862717780954398,0.22700053317570598,0.21399534472893192,0.222464242016819,0.21399534472893192,0.222464242016819,0.20713470492148606,0.23344645952118787,0.20713470492148606,0.23344645952118787,0.22838586327957866,0.2047332879384339,0.22838586327957866,0.2047332879384339,0.2370463227581888,0.22259709189598026,0.2370463227581888,0.22259709189598026,0.24221237642713586,0.22081141450781197,0.24221237642713586,0.22081141450781197,0.22323871215137134,0.2619732545355154,0.22323871215137134,0.2619732545355154,0.24796814208581414,0.22818674689027946,0.24796814208581414,0.22818674689027946,0.18916199323777544,0.24457886671552082,0.18916199323777544,0.24457886671552082,0.240373623115389,0.16212257669482746,0.240373623115389,0.16212257669482746,0.21253518521798478,0.21432679316029649,0.21253518521798478,0.21432679316029649,0.19300255956690532,0.2204048731982772,0.19300255956690532,0.2204048731982772,0.24049758845745692,0.21846044660385916,0.24049758845745692,0.21846044660385916,0.1971465807997024,0.1986615385216133,0.1971465807997024,0.1986615385216133
0.055433728633124325,0.056199970716638945,0.055433728633124325,0.056199970716638945,0.053951671326703275,0.04694003622136237,0.053951671326703275,0.04694003622136237,0.05706642395191781,0.05506878306821157,0.05706642395191781,0.05506878306821157,0.055135412289262366,0.046536436481248736,0.055135412289262366,0.046536436481248736,0.055433728633124325,0.056199970716638945,0.055433728633124325,0.056199970716638945,0.053951671326703275,0.04694003622136237,0.053951671326703275,0.04694003622136237,0.061968246038860995,0.05320566336624643,0.061968246038860995,0.05320566336624643,0.058724191030203786,0.060673739400536046,0.058724191030203786,0.060673739400536046,0.052606335154206124,0.058625868365333775,0.052606335154206124,0.058625868365333775,0.06161801270167513,0.06938628273255505,0.06161801270167513,0.06938628273255505,0.06017762418031406,0.055641685807080406,0.06017762418031406,0.055641685807080406,0.06327183414500905,0.055932633022260765,0.06327183414500905,0.055932633022260765,0.05973923828641933,0.07151471719018761,0.05973923828641933,0.07151471719018761,0.06817985146292753,0.07526995195279093,0.06817985146292753,0.07526995195279093,0.05911604028845135,0.06410740668691323,0.05911604028845135,0.06410740668691323,0.06591735033502193,0.07269049873733975,0.06591735033502193,0.07269049873733975,0.05588884187619162,0.06118230134984932,0.05588884187619162,0.06118230134984932,0.062250937393875334,0.07797602828967747,0.062250937393875334,0.07797602828967747
0.09982423283316172,0.10872795612880243,0.09982423283316172,0.10872795612880243,0.09472645906169963,0.10772286800427128,0.09472645906169963,0.10772286800427128,0.09642001347306063,0.11304960531254565,0.09642001347306063,0.11304960531254565,0.08829842828920843,0.0975931417718071,0.08829842828920843,0.0975931417718071,0.09982423283316172,0.10872795612880243,0.09982423283316172,0.10872795612880243,0.09472645906169963,0.10772286800427128,0.09472645906169963,0.10772286800427128,0.10770091824063709,0.10618766031944891,0.10770091824063709,0.10618766031944891,0.11279940272562385,0.10549167316567451,0.11279940272562385,0.10549167316567451,0.09631041465944551,0.09380137316672452,0.09631041465944551,0.09380137316672452,0.11665042070819977,0.0803037915921006,0.11665042070819977,0.0803037915921006,0.10494170922156082,0.10427477047975595,0.10494170922156082,0.10427477047975595,0.1027624778562471,0.09042543381061595,0.1027624778562471,0.09042543381061595,0.09383176925935802,0.09698519970778033,0.09383176925935802,0.09698519970778033,0.09805722400369594,0.09997395833825269,0.09805722400369594,0.09997395833825269,0.0896702363534554,0.09083676236819582,0.0896702363534554,0.09083676236819582,0.09854021254452482,0.09608621353655838,0.09854021254452482,0.09608621353655838,0.09398282293036712,0.09958452277997715,0.09398282293036712,0.09958452277997715,0.08681737479748394,0.08665969775048542,0.08681737479748394,0.08665969775048542
0.22455970073307283,0.21698438528641584,0.22455970073307283,0.21698438528641584,0.24173337042534854,0.22720845856777214,0.24173337042534854,0.22720845856777214,0.22631712666866463,0.22595959286891085,0.22631712666866463,0.22595959286891085,0.23241785649611119,0.227127480349549,0.23241785649611119,0.227127480349549,0.22455970073307283,0.21698438528641584,0.22455970073307283,0.21698438528641584,0.24173337042534854,0.22720845856777214,0.24173337042534854,0.22720845856777214,0.23820268718499504,0.2579721306531329,0.23820268718499504,0.2579721306531329,0.23989247546132944,0.25117315485450237,0.23989247546132944,0.25117315485450237,0.22358036871054252,0.25814425482544867,0.22358036871054252,0.25814425482544867,0.2551820229700978,0.249330126259333,0.2551820229700978,0.249330126259333,0.22606168068645943,0.2510527897102215,0.22606168068645943,0.2510527897102215,0.26085546291696216,0.2724052689880664,0.26085546291696216,0.2724052689880664,0.2439739650375359,0.22468662953855614,0.2439739650375359,0.22468662953855614,0.1994661608794983,0.1943147826932276,0.1994661608794983,0.1943147826932276,0.2505056993390238,0.25168669707695124,0.2505056993390238,0.25168669707695124,0.22236953917496535,0.1893494463672205,0.22236953917496535,0.1893494463672205,0.2142018616051472,0.21531064714265855,0.2142018616051472,0.21531064714265855,0.19518814278638807,0.2457901308890305,0.19518814278638807,0.2457901308890305
0.365005321258804,0.3850141373099702,0.365005321258804,0.3850141373099702,0.3995774465798666,0.3844612547608954,0.3995774465798666,0.3844612547608954,0.3734586619286774,0.3756287922771503,0.3734586619286774,0.3756287922771503,0.40662786453975486,0.37352750518934413,0.40662786453975486,0.37352750518934413,0.365005321258804,0.3850141373099702,0.365005321258804,0.3850141373099702,0.3995774465798666,0.3844612547608954,0.3995774465798666,0.3844612547608954,0.36501277350549255,0.39194996312084124,0.36501277350549255,0.39194996312084124,0.3217976770540509,0.3836457813458192,0.3217976770540509,0.3836457813458192,0.3909099560202612,0.3720035282592956,0.3909099560202612,0.3720035282592956,0.39932053970239345,0.3632602063876345,0.39932053970239345,0.3632602063876345,0.37213006331439263,0.38780478428580656,0.37213006331439263,0.38780478428580656,0.39026582643364477,0.3907486427463516,0.39026582643364477,0.3907486427463516,0.38981498954021726,0.3754131134227241,0.38981498954021726,0.3754131134227241,0.3768039397751937,0.4101908775295258,0.3768039397751937,0.4101908775295258,0.39081445849504964,0.41745693296084746,0.39081445849504964,0.41745693296084746,0.4204968184689409,0.41207015333851593,0.4204968184689409,0.41207015333851593,0.398641492420052,0.3645878398448285,0.398641492420052,0.3645878398448285,0.40598451219350523,0.3748331229611198,0.40598451219350523,0.3748331229611198
0.13609799982033685,0.13051016978592098,0.13609799982033685,0.13051016978592098,0.1359943768106235,0.13046912258193633,0.1359943768106235,0.13046912258193633,0.13325485203698784,0.12903966078904705,0.13325485203698784,0.12903966078904705,0.13213675704699102,0.138729395936661,0.13213675704699102,0.138729395936661,0.13609799982033685,0.13051016978592098,0.13609799982033685,0.13051016978592098,0.1359943768106235,0.13046912258193633,0.1359943768106235,0.13046912258193633,0.14088119463210463,0.13212185480733632,0.14088119463210463,0.13212185480733632,0.14928263420762963,0.14646337532700596,0.14928263420762963,0.14646337532700596,0.13403881553625568,0.1396518117943114,0.13403881553625568,0.1396518117943114,0.14670434102197827,0.1610906894562756,0.14670434102197827,0.1610906894562756,0.14054721040833734,0.13341144083116904,0.14054721040833734,0.13341144083116904,0.1504306026724197,0.15527156457638322,0.1504306026724197,0.15527156457638322,0.1231259503749566,0.11319121519798528,0.1231259503749566,0.11319121519798528,0.12140822884022687,0.1797571767070426,0.12140822884022687,0.1797571767070426,0.14147942390734725,0.12604456018044216,0.14147942390734725,0.12604456018044216,0.16716386289449242,0.14077957486956882,0.16716386289449242,0.14077957486956882,0.1369654195520468,0.1464679143754124,0.1369654195520468,0.1464679143754124,0.1619935967324337,0.12445304424112763,0.1619935967324337,0.12445304424112763
0.42582834935778135,0.3828012229026197,0.42582834935778135,0.3828012229026197,0.4192869353718185,0.39127972736862543,0.4192869353718185,0.39127972736862543,0.4316732398163396,0.4073276191167815,0.4316732398163396,0.4073276191167815,0.38873517222024007,0.4114749250251762,0.38873517222024007,0.4114749250251762,0.42582834935778135,0.3828012229026197,0.42582834935778135,0.3828012229026197,0.4192869353718185,0.39127972736862543,0.4192869353718185,0.39127972736862543,0.3862319550027871,0.4068804813613817,0.3862319550027871,0.4068804813613817,0.3938333330027795,0.4013928738944694,0.3938333330027795,0.4013928738944694,0.40019595380942175,0.39942308313514574,0.40019595380942175,0.39942308313514574,0.39312435640007715,0.41470321712807134,0.39312435640007715,0.41470321712807134,0.3848217460569655,0.40658796823900495,0.3848217460569655,0.40658796823900495,0.3750732502502593,0.39934740817338354,0.3750732502502593,0.39934740817338354,0.3352994239885763,0.38421007187115624,0.3352994239885763,0.38421007187115624,0.37530917098182204,0.39226350103233637,0.37530917098182204,0.39226350103233637,0.3558229601809439,0.3567352281936514,0.3558229601809439,0.3567352281936514,0.3481027278264594,0.3474017314998521,0.3481027278264594,0.3474017314998521,0.37151477311812897,0.4009296941885767,0.37151477311812897,0.4009296941885767,0.3337060433726643,0.28623614186885754,0.3337060433726643,0.28623614186885754
0.015016088526746421,0.012234337554413584,0.015016088526746421,0.012234337554413584,0.012787256183318002,0.017228353511706863,0.012787256183318002,0.017228353511706863,0.01478367840472722,0.01220247541420686,0.01478367840472722,0.01220247541420686,0.014541087585916336,0.012357192057330886,0.014541087585916336,0.012357192057330886,0.015016088526746421,0.012234337554413584,0.015016088526746421,0.012234337554413584,0.012787256183318002,0.017228353511706863,0.012787256183318002,0.017228353511706863,0.016557485786550426,0.013518824237281622,0.016557485786550426,0.013518824237281622,0.016416536821043413,0.017569492691563618,0.016416536821043413,0.017569492691563618,0.017472134576272638,0.01213604425380048,0.017472134576272638,0.01213604425380048,0.020666515455105162,0.010979739781178473,0.020666515455105162,0.010979739781178473,0.018239981153635853,0.009949753772462702,0.018239981153635853,0.009949753772462702,0.04908951645702652,0.020679341386238646,0.04908951645702652,0.020679341386238646,0.014202776831042846,0.007760623059880523,0.014202776831042846,0.007760623059880523,0.022053461924372835,0.013560983995614624,0.022053461924372835,0.013560983995614624,0.016223355344089054,0.014627121050776808,0.016223355344089054,0.014627121050776808,0.01676801569628771,0.018436950498103087,0.01676801569628771,0.018436950498103087,0.018003494585587622,0.01638621005327747,0.018003494585587622,0.01638621005327747,0.014597048310777884,0.00855789164531619,0.014597048310777884,0.00855789164531619
0.11009985756400413,0.10181965674227977,0.11009985756400413,0.10181965674227977,0.10802791082894359,0.1081671723469471,0.10802791082894359,0.1081671723469471,0.10664005566294295,0.10985395898976542,0.10664005566294295,0.10985395898976542,0.11190027554143223,0.11009810902516974,0.11190027554143223,0.11009810902516974,0.11009985756400413,0.10181965674227977,0.11009985756400413,0.10181965674227977,0.10802791082894359,0.1081671723469471,0.10802791082894359,0.1081671723469471,0.10856401513794489,0.10904907504969946,0.10856401513794489,0.10904907504969946,0.11918188370586462,0.09043956563442136,0.11918188370586462,0.09043956563442136,0.10457623217323947,0.10753282939306724,0.10457623217323947,0.10753282939306724,0.11490325262654566,0.09869995145281009,0.11490325262654566,0.09869995145281009,0.1136269129196596,0.11931687878572111,0.1136269129196596,0.11931687878572111,0.09039610736636017,0.09654100559672614,0.09039610736636017,0.09654100559672614,0.09688118197176772,0.11229261471744623,0.09688118197176772,0.11229261471744623,0.12026889273927721,0.13922027943946774,0.12026889273927721,0.13922027943946774,0.11627882519011246,0.108777983707235,0.11627882519011246,0.108777983707235,0.12401739474262204,0.13451651694442024,0.12401739474262204,0.13451651694442024,0.11084954123951758,0.11794690561596376,0.11084954123951758,0.11794690561596376,0.15097111325380777,0.12270105650800094,0.15097111325380777,0.12270105650800094
0.33729903686818485,0.31737589005166594,0.33729903686818485,0.31737589005166594,0.28263214973375983,0.2885564449019311,0.28263214973375983,0.2885564449019311,0.342523169861843,0.296829305566842,0.342523169861843,0.296829305566842,0.33562438371525516,0.2866281514788552,0.33562438371525516,0.2866281514788552,0.33729903686818485,0.31737589005166594,0.33729903686818485,0.31737589005166594,0.28263214973375983,0.2885564449019311,0.28263214973375983,0.2885564449019311,0.29865207455321136,0.250415181734318,0.29865207455321136,0.250415181734318,0.27922197274730726,0.2697110245657287,0.27922197274730726,0.2697110245657287,0.29863416823565797,0.2992314144778104,0.29863416823565797,0.2992314144778104,0.3613842650177437,0.36474354904751377,0.3613842650177437,0.36474354904751377,0.3181463330597531,0.2594575428346077,0.3181463330597531,0.2594575428346077,0.27635223200232867,0.24553747291989836,0.27635223200232867,0.24553747291989836,0.21650762755264194,0.2291556302802615,0.21650762755264194,0.2291556302802615,0.2295268793189286,0.27894362312777643,0.2295268793189286,0.27894362312777643,0.3157113521621758,0.29166447924537,0.3157113521621758,0.29166447924537,0.22425268201029366,0.2874860873049795,0.22425268201029366,0.2874860873049795,0.22769471276064565,0.24954661972714198,0.22769471276064565,0.24954661972714198,0.24840520030437416,0.2426129484512545,0.24840520030437416,0.2426129484512545
0.9157108623750276,0.9341183687491748,0.9157108623750276,0.9341183687491748,0.9655779232450148,1.048596112170582,0.9655779232450148,1.048596112170582,0.9149864663369642,0.9356297438824526,0.9149864663369642,0.9356297438824526,0.8683921292571763,1.0322986775256586,0.8683921292571763,1.0322986775256586,0.9157108623750276,0.9341183687491748,0.9157108623750276,0.9341183687491748,0.9655779232450148,1.048596112170582,0.9655779232450148,1.048596112170582,1.0375300483606738,0.9624413548085651,1.0375300483606738,0.9624413548085651,1.0401329117294211,0.9320054370832594,1.0401329117294211,0.9320054370832594,1.0284996687486005,1.0157218950405722,1.0284996687486005,1.0157218950405722,0.9337212681756148,0.9264118382353169,0.9337212681756148,0.9264118382353169,1.090223643335709,0.996965542822041,1.090223643335709,0.996965542822041,0.9745502761799764,0.9430146960010695,0.9745502761799764,0.9430146960010695,0.8811864925249306,0.9564526890400779,0.8811864925249306,0.9564526890400779,0.9251745673285661,0.894651729114774,0.9251745673285661,0.894651729114774,0.8570305215521977,0.9852402945822405,0.8570305215521977,0.9852402945822405,0.9139857955406924,0.9936070512617439,0.9139857955406924,0.9936070512617439,0.900440271601973,0.8753512412831415,0.900440271601973,0.8753512412831415,0.9447701621716613,0.9553061507281723,0.9447701621716613,0.9553061507281723
0.03746646463716086,0.031842960992641826,0.03746646463716086,0.031842960992641826,0.03597947143225093,0.03262831578267019,0.03597947143225093,0.03262831578267019,0.03706827181314842,0.034511543369216455,0.03706827181314842,0.034511543369216455,0.048032695934256825,0.04332034022798935,0.048032695934256825,0.04332034022798935,0.03746646463716086,0.031842960992641826,0.03746646463716086,0.031842960992641826,0.03597947143225093,0.03262831578267019,0.03597947143225093,0.03262831578267019,0.03505058620385334,0.02795778755337628,0.03505058620385334,0.02795778755337628,0.05029823253880929,0.0324957222622861,0.05029823253880929,0.0324957222622861,0.03439670806718925,0.027967340545872226,0.03439670806718925,0.027967340545872226,0.044991187219797696,0.029862022425321787,0.044991187219797696,0.029862022425321787,0.03257246332584169,0.035146569574702705,0.03257246332584169,0.035146569574702705,0.03310481572811721,0.037649204233594795,0.03310481572811721,0.037649204233594795,0.049151274804170954,0.04169728036220058,0.049151274804170954,0.04169728036220058,0.039646173964345055,0.03251317447486508,0.039646173964345055,0.03251317447486508,0.026555030403564772,0.040539606181371195,0.026555030403564772,0.040539606181371195,0.06770800810415202,0.08972014636585052,0.06770800810415202,0.08972014636585052,0.04273196975817206,0.05949314921853407,0.04273196975817206,0.05949314921853407,0.051943123498570255,0.06314005048861239,0.051943123498570255,0.06314005048861239
0.1808117979977445,0.19064393484780337,0.1808117979977445,0.19064393484780337,0.17759651779395857,0.19188384080834248,0.17759651779395857,0.19188384080834248,0.18591691339379274,0.19220236891524484,0.18591691339379274,0.19220236891524484,0.15798748467764284,0.1972158809807089,0.15798748467764284,0.1972158809807089,0.1808117979977445,0.19064393484780337,0.1808117979977445,0.19064393484780337,0.17759651779395857,0.19188384080834248,0.17759651779395857,0.19188384080834248,0.18275017305757787,0.1939557947847238,0.18275017305757787,0.1939557947847238,0.14215719244300096,0.17818792152956078,0.14215719244300096,0.17818792152956078,0.16725167370204658,0.1842811390124654,0.16725167370204658,0.1842811390124654,0.162451648708859,0.15400211738034264,0.162451648708859,0.15400211738034264,0.15800742548508845,0.18756349615166024,0.15800742548508845,0.18756349615166024,0.17661501184364928,0.17830992688384886,0.17661501184364928,0.17830992688384886,0.1344726457703732,0.1122151621889036,0.1344726457703732,0.1122151621889036,0.12072668108754006,0.09368030387302612,0.12072668108754006,0.09368030387302612,0.1732438457721872,0.13056931323267482,0.1732438457721872,0.13056931323267482,0.07890159201239355,0.14780587855529229,0.07890159201239355,0.14780587855529229,0.14118246984338945,0.1343388238441912,0.14118246984338945,0.1343388238441912,0.09247795562735713,0.1194305779213027,0.09247795562735713,0.1194305779213027
0.2113370623326037,0.18795620936680474,0.2113370623326037,0.18795620936680474,0.1939389876445464,0.19979326475998735,0.1939389876445464,0.19979326475998735,0.20090180941246666,0.17035046739474485,0.20090180941246666,0.17035046739474485,0.18447074900551114,0.16783233556632132,0.18447074900551114,0.16783233556632132,0.2113370623326037,0.18795620936680474,0.2113370623326037,0.18795620936680474,0.1939389876445464,0.19979326475998735,0.1939389876445464,0.19979326475998735,0.16694955188107044,0.13817576695914763,0.16694955188107044,0.13817576695914763,0.17335510574182594,0.10754491985579571,0.17335510574182594,0.10754491985579571,0.1543622421931428,0.1678361759490439,0.1543622421931428,0.1678361759490439,0.16844808099332603,0.1445822110229841,0.16844808099332603,0.1445822110229841,0.1607393743932489,0.14284052419821958,0.1607393743932489,0.14284052419821958,0.1608329947063841,0.1399402079159796,0.1608329947063841,0.1399402079159796,0.14757242772665163,0.13673203457592448,0.14757242772665163,0.13673203457592448,0.15050866665400225,0.14732485313524782,0.15050866665400225,0.14732485313524782,0.16895161794480576,0.15775969117276803,0.16895161794480576,0.15775969117276803,0.1428515820493985,0.17018513076949904,0.1428515820493985,0.17018513076949904,0.14629813268981412,0.15218391470233741,0.14629813268981412,0.15218391470233741,0.15511896708871312,0.14922684041953566,0.15511896708871312,0.14922684041953566
0.617846187975088,0.6072290665550193,0.617846187975088,0.6072290665550193,0.6019492222373153,0.6106995888310637,0.6019492222373153,0.6106995888310637,0.6156075712503054,0.615708073533801,0.6156075712503054,0.615708073533801,0.6109291598861205,0.6165127976140846,0.6109291598861205,0.6165127976140846,0.617846187975088,0.6072290665550193,0.617846187975088,0.6072290665550193,0.6019492222373153,0.6106995888310637,0.6019492222373153,0.6106995888310637,0.6276632796220319,0.6441033891141348,0.6276632796220319,0.6441033891141348,0.5699056847687733,0.6382225831655121,0.5699056847687733,0.6382225831655121,0.5683775000631195,0.6369306454967312,0.5683775000631195,0.6369306454967312,0.7163264239330259,0.672146620518049,0.7163264239330259,0.672146620518049,0.5804836767551192,0.6623118275002724,0.5804836767551192,0.6623118275002724,0.6319415164598893,0.5922627978265042,0.6319415164598893,0.5922627978265042,0.5973217396964371,0.6385585266960081,0.5973217396964371,0.6385585266960081,0.5257649114692625,0.7034080024544072,0.5257649114692625,0.7034080024544072,0.5567313773222113,0.6062055475394242,0.5567313773222113,0.6062055475394242,0.6159016819397406,0.6224012271720358,0.6159016819397406,0.6224012271720358,0.516063221317535,0.6291237909912403,0.516063221317535,0.6291237909912403,0.6207360644040368,0.5577911315676743,0.6207360644040368,0.5577911315676743
0.13205137857099472,0.13142292886855225,0.13205137857099472,0.13142292886855225,0.1447455478018301,0.1297196920807094,0.1447455478018301,0.1297196920807094,0.1328423561066953,0.1273328695505441,0.1328423561066953,0.1273328695505441,0.14420765076287934,0.134609885304806,0.14420765076287934,0.134609885304806,0.13205137857099472,0.13142292886855225,0.13205137857099472,0.13142292886855225,0.1447455478018301,0.1297196920807094,0.1447455478018301,0.1297196920807094,0.12967393096284835,0.13323390127748957,0.12967393096284835,0.13323390127748957,0.14264615853410892,0.1619399336779189,0.14264615853410892,0.1619399336779189,0.1370267546728707,0.131426429261915,0.1370267546728707,0.131426429261915,0.1406625957193961,0.12807769496715599,0.1406625957193961,0.12807769496715599,0.13464034103588432,0.12723688740797093,0.13464034103588432,0.12723688740797093,0.14150745333889309,0.13067843799626508,0.14150745333889309,0.13067843799626508,0.12418736027152455,0.12413512150690606,0.12418736027152455,0.12413512150690606,0.11690892393402351,0.11374762644438212,0.11690892393402351,0.11374762644438212,0.12501396958757086,0.10980932736441773,0.12501396958757086,0.10980932736441773,0.1374088289811348,0.12005929429437996,0.1374088289811348,0.12005929429437996,0.12571249213943034,0.12431805043206677,0.12571249213943034,0.12431805043206677,0.10843492259270902,0.12070075290846635,0.10843492259270902,0.12070075290846635
0.053501355295524626,0.04133904991924606,0.053501355295524626,0.04133904991924606,0.048263898773203306,0.03598463785929369,0.048263898773203306,0.03598463785929369,0.050977995929803094,0.041501396129829664,0.050977995929803094,0.041501396129829664,0.051527405798989574,0.041816604011243104,0.051527405798989574,0.041816604011243104,0.053501355295524626,0.04133904991924606,0.053501355295524626,0.04133904991924606,0.048263898773203306,0.03598463785929369,0.048263898773203306,0.03598463785929369,0.03900683445917135,0.03593038874573941,0.03900683445917135,0.03593038874573941,0.04978839824817638,0.034234613231380044,0.04978839824817638,0.034234613231380044,0.04017985489146667,0.04315716353144433,0.04017985489146667,0.04315716353144433,0.041755273864669575,0.0464626874360289,0.041755273864669575,0.0464626874360289,0.04483134132828137,0.0428669457791582,0.04483134132828137,0.0428669457791582,0.03931864510858328,0.04164692801692672,0.03931864510858328,0.04164692801692672,0.028211911792887526,0.02393428742948318,0.028211911792887526,0.02393428742948318,0.027651932279969163,0.021049592165062064,0.027651932279969163,0.021049592165062064,0.034102146187525516,0.028844271230838218,0.034102146187525516,0.028844271230838218,0.02477654300876685,0.03883742734317432,0.02477654300876685,0.03883742734317432,0.03072048732641329,0.0236495608181093,0.03072048732641329,0.0236495608181093,0.046689521226724116,0.03930297852432509,0.046689521226724116,0.03930297852432509
0.22530643059125677,0.19900486472112444,0.22530643059125677,0.19900486472112444,0.201353421711306,0.1727292760214982,0.201353421711306,0.1727292760214982,0.20971155229928215,0.1828245583454452,0.20971155229928215,0.1828245583454452,0.205536085127871,0.1462757001327561,0.205536085127871,0.1462757001327561,0.22530643059125677,0.19900486472112444,0.22530643059125677,0.19900486472112444,0.201353421711306,0.1727292760214982,0.201353421711306,0.1727292760214982,0.13719846075784495,0.09667541385877908,0.13719846075784495,0.09667541385877908,0.10899488114457358,0.06493281344872642,0.10899488114457358,0.06493281344872642,0.15702787746637184,0.12680482962848644,0.15702787746637184,0.12680482962848644,0.1104483128871994,0.07642197975892977,0.1104483128871994,0.07642197975892977,0.11804936009255607,0.1263964115644001,0.11804936009255607,0.1263964115644001,0.12241275407322161,0.09250692834883607,0.12241275407322161,0.09250692834883607,0.1108351393307141,0.0755225266587272,0.1108351393307141,0.0755225266587272,0.08026907952870449,0.02902036967980751,0.08026907952870449,0.02902036967980751,0.13156827873006424,0.1270662168270116,0.13156827873006424,0.1270662168270116,0.081350409667147,0.12485783741527233,0.081350409667147,0.12485783741527233,0.07702887491853129,0.08337249588769363,0.07702887491853129,0.08337249588769363,0.11422895035195153,0.07850284408715268,0.11422895035195153,0.07850284408715268
0.06104210917193797,0.06446107779841523,0.06104210917193797,0.06446107779841523,0.04342553660526966,0.04089532450013925,0.04342553660526966,0.04089532450013925,0.06350012843123166,0.068027851126299,0.06350012843123166,0.068027851126299,0.04409218083537982,0.04519442562742038,0.04409218083537982,0.04519442562742038,0.06104210917193797,0.06446107779841523,0.06104210917193797,0.06446107779841523,0.04342553660526966,0.04089532450013925,0.04342553660526966,0.04089532450013925,0.056148165710821964,0.04642709798362943,0.056148165710821964,0.04642709798362943,0.03304674613768716,0.05207912751072797,0.03304674613768716,0.05207912751072797,0.05864798749595402,0.050942728303434,0.05864798749595402,0.050942728303434,0.04049233226885234,0.03771430820024712,0.04049233226885234,0.03771430820024712,0.05446049673236782,0.049579095502558644,0.05446049673236782,0.049579095502558644,0.03747986871391632,0.0497651596025197,0.03747986871391632,0.0497651596025197,0.05063003464840437,0.05791045088366107,0.05063003464840437,0.05791045088366107,0.042548784721073124,0.038751968926000795,0.042548784721073124,0.038751968926000795,0.05440574538041723,0.061770565752918116,0.05440574538041723,0.061770565752918116,0.04261013864643867,0.04183324009200821,0.04261013864643867,0.04183324009200821,0.04712151840952695,0.05310683379613376,0.04712151840952695,0.05310683379613376,0.022474983318221786,0.056732294226299475,0.022474983318221786,0.056732294226299475
0.1694675182015888,0.16984614066580683,0.1694675182015888,0.16984614066580683,0.17599193432790752,0.14864118104044838,0.17599193432790752,0.14864118104044838,0.1802006928029055,0.17149037532240052,0.1802006928029055,0.17149037532240052,0.17259909506713575,0.15460248505592172,0.17259909506713575,0.15460248505592172,0.1694675182015888,0.16984614066580683,0.1694675182015888,0.16984614066580683,0.17599193432790752,0.14864118104044838,0.17599193432790752,0.14864118104044838,0.15947435693966058,0.14486288399453734,0.15947435693966058,0.14486288399453734,0.15006316420619997,0.1688922073667062,0.15006316420619997,0.1688922073667062,0.12544647425494027,0.16230472321670622,0.12544647425494027,0.16230472321670622,0.1501861723526203,0.14597004190709925,0.1501861723526203,0.14597004190709925,0.1416067044376522,0.14747596742610372,0.1416067044376522,0.14747596742610372,0.15177693809423284,0.1297775169854947,0.15177693809423284,0.1297775169854947,0.11666315307270582,0.1371040800938919,0.11666315307270582,0.1371040800938919,0.09241307397060261,0.15101699561115706,0.09241307397060261,0.15101699561115706,0.1462169834459658,0.13782771199763919,0.1462169834459658,0.13782771199763919,0.14476501142308473,0.08879713385930284,0.14476501142308473,0.08879713385930284,0.13517357732201174,0.1226595454275145,0.13517357732201174,0.1226595454275145,0.09324403825213397,0.1179411758826952,0.09324403825213397,0.1179411758826952
0.10573907694108566,0.12063624381028405,0.10573907694108566,0.12063624381028405,0.10379721670552035,0.11550534604110042,0.10379721670552035,0.11550534604110042,0.10545616693976388,0.11606371969796257,0.10545616693976388,0.11606371969796257,0.10492968879916491,0.11103866958868126,0.10492968879916491,0.11103866958868126,0.10573907694108566,0.12063624381028405,0.10573907694108566,0.12063624381028405,0.10379721670552035,0.11550534604110042,0.10379721670552035,0.11550534604110042,0.10426384127855176,0.13000853880261856,0.10426384127855176,0.13000853880261856,0.11387244908440675,0.13516413505373573,0.11387244908440675,0.13516413505373573,0.11771108652706425,0.11128026770385772,0.11771108652706425,0.11128026770385772,0.12113006522325848,0.11188735023293954,0.12113006522325848,0.11188735023293954,0.10343582765074733,0.11249645872610524,0.10343582765074733,0.11249645872610524,0.11286139365498178,0.13750751635889377,0.11286139365498178,0.13750751635889377,0.11741291274349126,0.1150549269877234,0.11741291274349126,0.1150549269877234,0.10980128241435681,0.112129883263224,0.10980128241435681,0.112129883263224,0.10947533337925534,0.11448406075638169,0.10947533337925534,0.11448406075638169,0.11683518160665728,0.10153900816235716,0.11683518160665728,0.10153900816235716,0.12364571423059133,0.11255985115636148,0.12364571423059133,0.11255985115636148,0.12624278161131244,0.12623864180974464,0.12624278161131244,0.12623864180974464
0.4203224990679417,0.43230074408619124,0.4203224990679417,0.43230074408619124,0.37862279485863876,0.340723467734591,0.37862279485863876,0.340723467734591,0.41500711720566,0.40494769583237006,0.41500711720566,0.40494769583237006,0.376414695173186,0.3558607030217949,0.376414695173186,0.3558607030217949,0.4203224990679417,0.43230074408619124,0.4203224990679417,0.43230074408619124,0.37862279485863876,0.340723467734591,0.37862279485863876,0.340723467734591,0.39564193863911584,0.31844547281762015,0.39564193863911584,0.31844547281762015,0.2360930872180438,0.14524693929978244,0.2360930872180438,0.14524693929978244,0.28795289827511006,0.33325465203631505,0.28795289827511006,0.33325465203631505,0.19344126487403238,0.2490816464151249,0.19344126487403238,0.2490816464151249,0.35322551218878817,0.2975799670624241,0.35322551218878817,0.2975799670624241,0.2511079837262255,0.20699862108103584,0.2511079837262255,0.20699862108103584,0.24868766491142888,0.30392837410919654,0.24868766491142888,0.30392837410919654,0.24552813480625216,0.21116394288277515,0.24552813480625216,0.21116394288277515,0.2678606738692813,0.2979355253064274,0.2678606738692813,0.2979355253064274,0.23501899168305732,0.22377059546033196,0.23501899168305732,0.22377059546033196,0.23572270575632948,0.19597763688664746,0.23572270575632948,0.19597763688664746,0.20531838751707931,0.12545174716642746,0.20531838751707931,0.12545174716642746
0.05128148249789091,0.03425895871191414,0.05128148249789091,0.03425895871191414,0.032735770908696456,0.024316778823566622,0.032735770908696456,0.024316778823566622,0.05818509525709163,0.03046324467791149,0.05818509525709163,0.03046324467791149,0.02683497088154686,0.02388642238000973,0.02683497088154686,0.02388642238000973,0.05128148249789091,0.03425895871191414,0.05128148249789091,0.03425895871191414,0.032735770908696456,0.024316778823566622,0.032735770908696456,0.024316778823566622,0.030817917202752888,0.035418518621878475,0.030817917202752888,0.035418518621878475,0.02078025291883318,0.01653568321869488,0.02078025291883318,0.01653568321869488,0.0278071913693959,0.024031946510345802,0.0278071913693959,0.024031946510345802,0.02166637709819094,0.013797735099469067,0.02166637709819094,0.013797735099469067,0.02208059180867127,0.02799619569191253,0.02208059180867127,0.02799619569191253,0.01824297420084505,0.01820254874606959,0.01824297420084505,0.01820254874606959,0.02761929834792822,0.025621770416350716,0.02761929834792822,0.025621770416350716,0.014135737278873394,0.012766017584723304,0.014135737278873394,0.012766017584723304,0.03370149729610467,0.03567631522884803,0.03370149729610467,0.03567631522884803,0.015780890365536194,0.017639986020176426,0.015780890365536194,0.017639986020176426,0.030223935522373988,0.04200937488464856,0.030223935522373988,0.04200937488464856,0.019515623178319345,0.011045878512413197,0.019515623178319345,0.011045878512413197
0.12247836107094544,0.1169206245234511,0.12247836107094544,0.1169206245234511,0.13125827501453655,0.1334269515948725,0.13125827501453655,0.1334269515948725,0.12538357870601685,0.11873594719152009,0.12538357870601685,0.11873594719152009,0.09895772731557556,0.11293297952160879,0.09895772731557556,0.11293297952160879,0.12247836107094544,0.1169206245234511,0.12247836107094544,0.1169206245234511,0.13125827501453655,0.1334269515948725,0.13125827501453655,0.1334269515948725,0.1224834514177798,0.12043462824478253,0.1224834514177798,0.12043462824478253,0.14133881730215836,0.11948594563909255,0.14133881730215836,0.11948594563909255,0.12337576189455385,0.13484568610170505,0.12337576189455385,0.13484568610170505,0.14349657245713965,0.11101458949925243,0.14349657245713965,0.11101458949925243,0.10001806068091033,0.12140482398643394,0.10001806068091033,0.12140482398643394,0.12031351980948496,0.11128162733104742,0.12031351980948496,0.11128162733104742,0.09048001985142225,0.12681041355802447,0.09048001985142225,0.12681041355802447,0.10807113725238353,0.1297489188572968,0.10807113725238353,0.1297489188572968,0.11733994030638421,0.11277768325078434,0.11733994030638421,0.11277768325078434,0.11978438003592404,0.14439724712697527,0.11978438003592404,0.14439724712697527,0.10433674979390205,0.12215922891854314,0.10433674979390205,0.12215922891854314,0.09189992741648124,0.11201638677996323,0.09189992741648124,0.11201638677996323
0.10469662578307926,0.08666452398578377,0.10469662578307926,0.08666452398578377,0.06872164148734747,0.08212155094202371,0.06872164148734747,0.08212155094202371,0.10828847703102504,0.09162372649164703,0.10828847703102504,0.09162372649164703,0.07879895669560516,0.09302457220429448,0.07879895669560516,0.09302457220429448,0.10469662578307926,0.08666452398578377,0.10469662578307926,0.08666452398578377,0.06872164148734747,0.08212155094202371,0.06872164148734747,0.08212155094202371,0.10039968557293677,0.08557389642414114,0.10039968557293677,0.08557389642414114,0.10980539106364344,0.07970303072253476,0.10980539106364344,0.07970303072253476,0.10533154079949014,0.09343464455878028,0.10533154079949014,0.09343464455878028,0.12570378658581915,0.0966285507686622,0.12570378658581915,0.0966285507686622,0.08658555141534846,0.09919920320359313,0.08658555141534846,0.09919920320359313,0.08746151866388337,0.0974481291180704,0.08746151866388337,0.0974481291180704,0.07987631637257177,0.08264336074270073,0.07987631637257177,0.08264336074270073,0.07169453514762517,0.07212474698979143,0.07169453514762517,0.07212474698979143,0.10197288198545804,0.0962724169969374,0.10197288198545804,0.0962724169969374,0.1045207276990334,0.09150774612164327,0.1045207276990334,0.09150774612164327,0.09736726246984591,0.07145909342529991,0.09736726246984591,0.07145909342529991,0.08132907762082543,0.10782206469780915,0.08132907762082543,0.10782206469780915
0.47502786087744014,0.4835270573149741,0.47502786087744014,0.4835270573149741,0.454491106804702,0.46941741046601265,0.454491106804702,0.46941741046601265,0.47250935532616284,0.4824084346942395,0.47250935532616284,0.4824084346942395,0.435525116740064,0.4565880886460399,0.435525116740064,0.4565880886460399,0.47502786087744014,0.4835270573149741,0.47502786087744014,0.4835270573149741,0.454491106804702,0.46941741046601265,0.454491106804702,0.46941741046601265,0.416469124117917,0.45769210702317714,0.416469124117917,0.45769210702317714,0.37317672133874646,0.534777748756102,0.37317672133874646,0.534777748756102,0.4214386909920525,0.44492510428559756,0.4214386909920525,0.44492510428559756,0.4477253688288958,0.4449289929863119,0.4477253688288958,0.4449289929863119,0.4346722045305715,0.4441333151416216,0.4346722045305715,0.4441333151416216,0.33611876265746393,0.5170651412578865,0.33611876265746393,0.5170651412578865,0.5008651881515321,0.4959364366324073,0.5008651881515321,0.4959364366324073,0.41381463061609547,0.4593080708215475,0.41381463061609547,0.4593080708215475,0.4574731230903956,0.5024059153697203,0.4574731230903956,0.5024059153697203,0.4231148182820888,0.47562000318781356,0.4231148182820888,0.47562000318781356,0.4350189952181214,0.47542415917440256,0.4350189952181214,0.47542415917440256,0.3559207939358382,0.4893982005641462,0.3559207939358382,0.4893982005641462
0.052855516592284775,0.04568486273588509,0.052855516592284775,0.04568486273588509,0.06060708086915372,0.05855060632292967,0.06060708086915372,0.05855060632292967,0.05243693249873983,0.043905977637298095,0.05243693249873983,0.043905977637298095,0.05462034545836321,0.05124021643441416,0.05462034545836321,0.05124021643441416,0.052855516592284775,0.04568486273588509,0.052855516592284775,0.04568486273588509,0.06060708086915372,0.05855060632292967,0.06060708086915372,0.05855060632292967,0.05112056887551482,0.06299900372673765,0.05112056887551482,0.06299900372673765,0.057741523594335376,0.04930967468107575,0.057741523594335376,0.04930967468107575,0.05925636047778097,0.05176726197673143,0.05925636047778097,0.05176726197673143,0.05412867770180187,0.06208501022666605,0.05412867770180187,0.06208501022666605,0.05354660495914864,0.06291296668979103,0.05354660495914864,0.06291296668979103,0.06922980442906126,0.04100066748526813,0.06922980442906126,0.04100066748526813,0.06010329476927667,0.0510351134775812,0.06010329476927667,0.0510351134775812,0.06590331988699195,0.14200344770390433,0.06590331988699195,0.14200344770390433,0.05749896498369223,0.05199334715359812,0.05749896498369223,0.05199334715359812,0.10391533226716783,0.0576353160263264,0.10391533226716783,0.0576353160263264,0.06765741482239883,0.052001509654585644,0.06765741482239883,0.052001509654585644,0.08182283509212158,0.06783604663845455,0.08182283509212158,0.06783604663845455
0.09635375853581998,0.10274674684031317,0.09635375853581998,0.10274674684031317,0.10130931699906673,0.11873117281481825,0.10130931699906673,0.11873117281481825,0.0996858403133649,0.10836165084919712,0.0996858403133649,0.10836165084919712,0.09854171893375947,0.1127998262640716,0.09854171893375947,0.1127998262640716,0.09635375853581998,0.10274674684031317,0.09635375853581998,0.10274674684031317,0.10130931699906673,0.11873117281481825,0.10130931699906673,0.11873117281481825,0.10964863077451407,0.11003238818805365,0.10964863077451407,0.11003238818805365,0.10776724079306328,0.11211914046915834,0.10776724079306328,0.11211914046915834,0.09723763735732964,0.09577829652392175,0.09723763735732964,0.09577829652392175,0.13159244454005156,0.1387877676357163,0.13159244454005156,0.1387877676357163,0.12477087570042444,0.117194496747429,0.12477087570042444,0.117194496747429,0.10514107711620437,0.18183185686327744,0.10514107711620437,0.18183185686327744,0.10768307956051773,0.11515757509402033,0.10768307956051773,0.11515757509402033,0.133458416652188,0.13219459841280942,0.133458416652188,0.13219459841280942,0.09382995418251819,0.10456626374066522,0.09382995418251819,0.10456626374066522,0.10125794972464537,0.16313370672218028,0.10125794972464537,0.16313370672218028,0.10061648742093342,0.11847772562270056,0.10061648742093342,0.11847772562270056,0.10558993041124858,0.1022152259410063,0.10558993041124858,0.1022152259410063
0.09316005412395194,0.083421124114061,0.09316005412395194,0.083421124114061,0.08264433161909716,0.07883863018997696,0.08264433161909716,0.07883863018997696,0.09245712269589061,0.0882341794797957,0.09245712269589061,0.0882341794797957,0.07813645393709147,0.07015358960903344,0.07813645393709147,0.07015358960903344,0.09316005412395194,0.083421124114061,0.09316005412395194,0.083421124114061,0.08264433161909716,0.07883863018997696,0.08264433161909716,0.07883863018997696,0.10452041317045004,0.09376050731080607,0.10452041317045004,0.09376050731080607,0.0910367732418093,0.08925279248187086,0.0910367732418093,0.08925279248187086,0.08262856983920354,0.09770868312640921,0.08262856983920354,0.09770868312640921,0.10198301487051928,0.10175276161777437,0.10198301487051928,0.10175276161777437,0.09881232756068374,0.09318482888958925,0.09881232756068374,0.09318482888958925,0.09217628581445374,0.0896575286978218,0.09217628581445374,0.0896575286978218,0.1015610368337102,0.09696413825249073,0.1015610368337102,0.09696413825249073,0.06958245164557703,0.08751753898762048,0.06958245164557703,0.08751753898762048,0.10401823161264748,0.0894585222932492,0.10401823161264748,0.0894585222932492,0.09603108034934381,0.07296984118261361,0.09603108034934381,0.07296984118261361,0.08878149269654535,0.08902379466671807,0.08878149269654535,0.08902379466671807,0.07634950524755393,0.11222746769120205,0.07634950524755393,0.11222746769120205
0.03695525844552502,0.03742232258583007,0.03695525844552502,0.03742232258583007,0.037285098834329886,0.04743513051196586,0.037285098834329886,0.04743513051196586,0.03724911367771004,0.036027164938063676,0.03724911367771004,0.036027164938063676,0.04184425721359993,0.04428783535634331,0.04184425721359993,0.04428783535634331,0.03695525844552502,0.03742232258583007,0.03695525844552502,0.03742232258583007,0.037285098834329886,0.04743513051196586,0.037285098834329886,0.04743513051196586,0.03998907081703324,0.03612406467100029,0.03998907081703324,0.03612406467100029,0.02419255382700271,0.032427484922406,0.02419255382700271,0.032427484922406,0.0365772373214336,0.03829399022939579,0.0365772373214336,0.03829399022939579,0.03234434255288497,0.03750320928836383,0.03234434255288497,0.03750320928836383,0.03802637980254854,0.0452436664129527,0.03802637980254854,0.0452436664129527,0.02800727879409821,0.04300045050059907,0.02800727879409821,0.04300045050059907,0.02913485853984998,0.04077405371133935,0.02913485853984998,0.04077405371133935,0.039883522198393265,0.0478592297436247,0.039883522198393265,0.0478592297436247,0.0319266465832901,0.03878257373189949,0.0319266465832901,0.03878257373189949,0.021883441187643703,0.04195433365496635,0.021883441187643703,0.04195433365496635,0.032272133998402244,0.04056455835256001,0.032272133998402244,0.04056455835256001,0.07478475038473782,0.03283501430356635,0.07478475038473782,0.03283501430356635
0.014232095440770375,0.012507495115845936,0.014232095440770375,0.012507495115845936,0.010964071010120629,0.010096991253090642,0.010964071010120629,0.010096991253090642,0.013236157370018974,0.010085133600711987,0.013236157370018974,0.010085133600711987,0.008859558840830024,0.01027126486957573,0.008859558840830024,0.01027126486957573,0.014232095440770375,0.012507495115845936,0.014232095440770375,0.012507495115845936,0.010964071010120629,0.010096991253090642,0.010964071010120629,0.010096991253090642,0.015199869656929947,0.014887160803302176,0.015199869656929947,0.014887160803302176,0.01093928754617171,0.016496044565710764,0.01093928754617171,0.016496044565710764,0.009565823096033018,0.013026854176501223,0.009565823096033018,0.013026854176501223,0.01095305871407024,0.009269095103454842,0.01095305871407024,0.009269095103454842,0.0120488634784415,0.019067690688253477,0.0120488634784415,0.019067690688253477,0.020693457771268707,0.02349461270997225,0.020693457771268707,0.02349461270997225,0.01583090874197435,0.012491167538052817,0.01583090874197435,0.012491167538052817,0.02639547234502979,0.008753214694854492,0.02639547234502979,0.008753214694854492,0.020132018718762804,0.01122616261670665,0.020132018718762804,0.01122616261670665,0.010841398859035598,0.01352024266650233,0.010841398859035598,0.01352024266650233,0.010055391272910356,0.010573266802935006,0.010055391272910356,0.010573266802935006,0.024412935058530264,0.010444131887939514,0.024412935058530264,0.010444131887939514
0.21117665728809412,0.23298684340056988,0.21117665728809412,0.23298684340056988,0.20042561726816246,0.2533823776260543,0.20042561726816246,0.2533823776260543,0.2140456764121987,0.2385546382433479,0.2140456764121987,0.2385546382433479,0.20049645252288265,0.246201096862348,0.20049645252288265,0.246201096862348,0.21117665728809412,0.23298684340056988,0.21117665728809412,0.23298684340056988,0.20042561726816246,0.2533823776260543,0.20042561726816246,0.2533823776260543,0.20737733077782614,0.2385353682455392,0.20737733077782614,0.2385353682455392,0.23078782947072665,0.27231300506158423,0.23078782947072665,0.27231300506158423,0.21772476049496325,0.22800019656525264,0.21772476049496325,0.22800019656525264,0.25845847369797387,0.237783410844367,0.25845847369797387,0.237783410844367,0.22151714834823796,0.22470908914963314,0.22151714834823796,0.22470908914963314,0.24180960235983293,0.24871495791013915,0.24180960235983293,0.24871495791013915,0.22232016341839558,0.23502190343741294,0.22232016341839558,0.23502190343741294,0.24331059330093424,0.2546559130604316,0.24331059330093424,0.2546559130604316,0.23381319140708262,0.23885287835000532,0.23381319140708262,0.23885287835000532,0.2419156639664049,0.22779450579158142,0.2419156639664049,0.22779450579158142,0.23350286353378322,0.246305575808328,0.23350286353378322,0.246305575808328,0.22769924184711282,0.24122736675004755,0.22769924184711282,0.24122736675004755
0.06609527706779744,0.06852639025050085,0.06609527706779744,0.06852639025050085,0.0618271859641823,0.0701596318607341,0.0618271859641823,0.0701596318607341,0.06443003756730019,0.0723067044901483,0.06443003756730019,0.0723067044901483,0.06327496748819755,0.07449713438934416,0.06327496748819755,0.07449713438934416,0.06609527706779744,0.06852639025050085,0.06609527706779744,0.06852639025050085,0.0618271859641823,0.0701596318607341,0.0618271859641823,0.0701596318607341,0.07098689930538256,0.0739585582673619,0.07098689930538256,0.0739585582673619,0.07314743566352389,0.08293200911979975,0.07314743566352389,0.08293200911979975,0.0673587910517311,0.07664396530526263,0.0673587910517311,0.07664396530526263,0.06830312307297395,0.09348697456552328,0.06830312307297395,0.09348697456552328,0.06925912462112717,0.07232687260978209,0.06925912462112717,0.07232687260978209,0.06368515769225733,0.08640490737729202,0.06368515769225733,0.08640490737729202,0.0745020396863705,0.07363101860496689,0.0745020396863705,0.07363101860496689,0.07814916208982761,0.09764280743786806,0.07814916208982761,0.09764280743786806,0.08066377052690445,0.08098503456070477,0.08066377052690445,0.08098503456070477,0.08114763892523474,0.09900970452254562,0.08114763892523474,0.09900970452254562,0.07885873189953005,0.08776755585040377,0.07885873189953005,0.08776755585040377,0.07347638531384645,0.09100466462297364,0.07347638531384645,0.09100466462297364
0.046665678606504765,0.047736742717068646,0.046665678606504765,0.047736742717068646,0.046268084652944075,0.052170688031904645,0.046268084652944075,0.052170688031904645,0.044544146913330036,0.04662242765654747,0.044544146913330036,0.04662242765654747,0.04969649391025627,0.04897482106789674,0.04969649391025627,0.04897482106789674,0.046665678606504765,0.047736742717068646,0.046665678606504765,0.047736742717068646,0.046268084652944075,0.052170688031904645,0.046268084652944075,0.052170688031904645,0.045404242177334096,0.05354055651163621,0.045404242177334096,0.05354055651163621,0.047559905355434036,0.048854163500583435,0.047559905355434036,0.048854163500583435,0.046699508513349745,0.04997687721586035,0.046699508513349745,0.04997687721586035,0.04751709444733487,0.07688841346768112,0.04751709444733487,0.07688841346768112,0.04424487156956029,0.05126641513694764,0.04424487156956029,0.05126641513694764,0.05752647426618475,0.057997120261447585,0.05752647426618475,0.057997120261447585,0.04502138937663637,0.05042411870076575,0.04502138937663637,0.05042411870076575,0.038528534128910295,0.050338876078624195,0.038528534128910295,0.050338876078624195,0.04834967051842731,0.053324332209727376,0.04834967051842731,0.053324332209727376,0.04570526342195861,0.07191548418489009,0.04570526342195861,0.07191548418489009,0.04225089632531253,0.049285558993811075,0.04225089632531253,0.049285558993811075,0.04018603724711316,0.05417291417168762,0.04018603724711316,0.05417291417168762
0.09695937080147261,0.09139943892193651,0.09695937080147261,0.09139943892193651,0.08373352754606835,0.10329391452953866,0.08373352754606835,0.10329391452953866,0.10022170150024438,0.09703376642146111,0.10022170150024438,0.09703376642146111,0.07891375270733772,0.10383159423316987,0.07891375270733772,0.10383159423316987,0.09695937080147261,0.09139943892193651,0.09695937080147261,0.09139943892193651,0.08373352754606835,0.10329391452953866,0.08373352754606835,0.10329391452953866,0.08284118625748317,0.08518020033235221,0.08284118625748317,0.08518020033235221,0.06775319264074338,0.07876178160594341,0.06775319264074338,0.07876178160594341,0.08718659672780905,0.07633117580165218,0.08718659672780905,0.07633117580165218,0.08239546797262386,0.06207668706755702,0.08239546797262386,0.06207668706755702,0.08270947487935242,0.08655798826622098,0.08270947487935242,0.08655798826622098,0.06695439802635071,0.08417308533250677,0.06695439802635071,0.08417308533250677,0.07077237156355583,0.06583875686064378,0.07077237156355583,0.06583875686064378,0.07346988741803713,0.07489074117226832,0.07346988741803713,0.07489074117226832,0.07304039407496334,0.07005396354814497,0.07304039407496334,0.07005396354814497,0.05981424565908212,0.08881064273347049,0.05981424565908212,0.08881064273347049,0.06700627786879239,0.07056842811927604,0.06700627786879239,0.07056842811927604,0.07397124812523061,0.06823100310739129,0.07397124812523061,0.06823100310739129
0.05987618120403552,0.06540195917051402,0.05987618120403552,0.06540195917051402,0.06786012783470309,0.0693006187553931,0.06786012783470309,0.0693006187553931,0.05968495136591273,0.06701371368535866,0.05968495136591273,0.06701371368535866,0.06281205517314603,0.0735662159783711,0.06281205517314603,0.0735662159783711,0.05987618120403552,0.06540195917051402,0.05987618120403552,0.06540195917051402,0.06786012783470309,0.0693006187553931,0.06786012783470309,0.0693006187553931,0.05346457014261031,0.054819860307668285,0.05346457014261031,0.054819860307668285,0.06593357389456593,0.05074971640462488,0.06593357389456593,0.05074971640462488,0.05559665841278944,0.055264114753808664,0.05559665841278944,0.055264114753808664,0.06693541212630168,0.05384220502648013,0.06693541212630168,0.05384220502648013,0.05933318666742078,0.054051050219638845,0.05933318666742078,0.054051050219638845,0.059624275562709564,0.04852155772781981,0.059624275562709564,0.04852155772781981,0.05181506829159625,0.06588730740302996,0.05181506829159625,0.06588730740302996,0.054516253097534495,0.06288319718607348,0.054516253097534495,0.06288319718607348,0.06202685541994953,0.059271646319699875,0.06202685541994953,0.059271646319699875,0.06410812569680417,0.05504142081775666,0.06410812569680417,0.05504142081775666,0.05343579531947781,0.05667930721023975,0.05343579531947781,0.05667930721023975,0.07036708090878484,0.08685936326834932,0.07036708090878484,0.08685936326834932
0.06117583269059457,0.06257713436067787,0.06117583269059457,0.06257713436067787,0.06099236173721523,0.05471112282469002,0.06099236173721523,0.05471112282469002,0.058518965635389185,0.058605493530374635,0.058518965635389185,0.058605493530374635,0.0629424369433285,0.0675928574354446,0.0629424369433285,0.0675928574354446,0.06117583269059457,0.06257713436067787,0.06117583269059457,0.06257713436067787,0.06099236173721523,0.05471112282469002,0.06099236173721523,0.05471112282469002,0.05668365219348299,0.06109525418610275,0.05668365219348299,0.06109525418610275,0.059438595519647246,0.05877014211920626,0.059438595519647246,0.05877014211920626,0.05947004114595548,0.05742644107780101,0.05947004114595548,0.05742644107780101,0.06099700223742091,0.056118037164280675,0.06099700223742091,0.056118037164280675,0.057800453572949745,0.05986585615520568,0.057800453572949745,0.05986585615520568,0.0472418460503346,0.0644374061136439,0.0472418460503346,0.0644374061136439,0.056940140764603624,0.059810521686248785,0.056940140764603624,0.059810521686248785,0.05567769303355366,0.07035398552628375,0.05567769303355366,0.07035398552628375,0.05608306804809115,0.057856530435646834,0.05608306804809115,0.057856530435646834,0.06752161319910253,0.04670634154599059,0.06752161319910253,0.04670634154599059,0.05776190170764583,0.05725270848200157,0.05776190170764583,0.05725270848200157,0.058365039348893054,0.05308118297805201,0.058365039348893054,0.05308118297805201
0.1267039712336252,0.10907851847058946,0.1267039712336252,0.10907851847058946,0.12043394882746801,0.11097365359073068,0.12043394882746801,0.11097365359073068,0.13567962918283552,0.11993440574647889,0.13567962918283552,0.11993440574647889,0.11603803918257045,0.12205380486120243,0.11603803918257045,0.12205380486120243,0.1267039712336252,0.10907851847058946,0.1267039712336252,0.10907851847058946,0.12043394882746801,0.11097365359073068,0.12043394882746801,0.11097365359073068,0.12987824831531344,0.10802842304165912,0.12987824831531344,0.10802842304165912,0.12484830548044634,0.0922812864202226,0.12484830548044634,0.0922812864202226,0.10861915838731467,0.09978936961254554,0.10861915838731467,0.09978936961254554,0.10400052778558443,0.08635074860355398,0.10400052778558443,0.08635074860355398,0.10689955468651408,0.10764805803379367,0.10689955468651408,0.10764805803379367,0.09585594165735312,0.11935434953751355,0.09585594165735312,0.11935434953751355,0.1369597392656078,0.11470379657559916,0.1369597392656078,0.11470379657559916,0.14371266422418608,0.11620089602331406,0.14371266422418608,0.11620089602331406,0.12010426609704923,0.10267111273920775,0.12010426609704923,0.10267111273920775,0.12672844024815724,0.13277137444506779,0.12672844024815724,0.13277137444506779,0.146605314312205,0.1069646594483054,0.146605314312205,0.1069646594483054,0.11119295131302771,0.13590574920426313,0.11119295131302771,0.13590574920426313
0.11995199436218902,0.10516417533268228,0.11995199436218902,0.10516417533268228,0.17711915459143812,0.11708406071637555,0.17711915459143812,0.11708406071637555,0.13293315023199462,0.1045358598113955,0.13293315023199462,0.1045358598113955,0.16581677480687132,0.11714687975135836,0.16581677480687132,0.11714687975135836,0.11995199436218902,0.10516417533268228,0.11995199436218902,0.10516417533268228,0.17711915459143812,0.11708406071637555,0.17711915459143812,0.11708406071637555,0.14019077071554586,0.1262744196516309,0.14019077071554586,0.1262744196516309,0.10232460017561336,0.1272759018480483,0.10232460017561336,0.1272759018480483,0.12293359749599686,0.10722875781162688,0.12293359749599686,0.10722875781162688,0.09371803199691064,0.11403847214137797,0.09371803199691064,0.11403847214137797,0.12227202728617254,0.1105835398028097,0.12227202728617254,0.1105835398028097,0.1095410636250448,0.08886041201880152,0.1095410636250448,0.08886041201880152,0.09983933404255617,0.09286837406752814,0.09983933404255617,0.09286837406752814,0.0892475435286723,0.09135355788931192,0.0892475435286723,0.09135355788931192,0.09501642657117894,0.09935027449153806,0.09501642657117894,0.09935027449153806,0.10192698864152423,0.09083393480514391,0.10192698864152423,0.09083393480514391,0.11437327853583477,0.1001054415007221,0.11437327853583477,0.1001054415007221,0.09789294365392355,0.07285970038422718,0.09789294365392355,0.07285970038422718
0.0401803328009508,0.029688717067561002,0.0401803328009508,0.029688717067561002,0.06719716225381189,0.03266215498979235,0.06719716225381189,0.03266215498979235,0.03680123568916177,0.022493346533047517,0.03680123568916177,0.022493346533047517,0.03727988027518877,0.052225159130579464,0.03727988027518877,0.052225159130579464,0.0401803328009508,0.029688717067561002,0.0401803328009508,0.029688717067561002,0.06719716225381189,0.03266215498979235,0.06719716225381189,0.03266215498979235,0.050053727832618876,0.04741461359089605,0.050053727832618876,0.04741461359089605,0.058402866988409664,0.03839294734898485,0.058402866988409664,0.03839294734898485,0.04636171235088777,0.050795501522666105,0.04636171235088777,0.050795501522666105,0.057854113414134385,0.05661508415042532,0.057854113414134385,0.05661508415042532,0.057407180213719274,0.039438014340291976,0.057407180213719274,0.039438014340291976,0.04552979727584788,0.06986655369730249,0.04552979727584788,0.06986655369730249,0.04234273404024047,0.051123154610317294,0.04234273404024047,0.051123154610317294,0.06589073646441067,0.0445303944434565,0.06589073646441067,0.0445303944434565,0.05611593699447357,0.05571531158129411,0.05611593699447357,0.05571531158129411,0.10406391715025594,0.08919955011009219,0.10406391715025594,0.08919955011009219,0.05820664413828743,0.059448186332602675,0.05820664413828743,0.059448186332602675,0.06818291637320315,0.06930302399443096,0.06818291637320315,0.06930302399443096
0.09470069076568592,0.10806926904695018,0.09470069076568592,0.10806926904695018,0.11675408094122071,0.12726557395086646,0.11675408094122071,0.12726557395086646,0.0901852963089823,0.11458371299978463,0.0901852963089823,0.11458371299978463,0.10983500606808183,0.1152560086124143,0.10983500606808183,0.1152560086124143,0.09470069076568592,0.10806926904695018,0.09470069076568592,0.10806926904695018,0.11675408094122071,0.12726557395086646,0.11675408094122071,0.12726557395086646,0.12696819757603686,0.12490132984595291,0.12696819757603686,0.12490132984595291,0.1764357318864925,0.1781547620633618,0.1764357318864925,0.1781547620633618,0.13733008264133076,0.12227757722127319,0.13733008264133076,0.12227757722127319,0.19412907176184788,0.16108510970231513,0.19412907176184788,0.16108510970231513,0.1255707410238261,0.12897573186430555,0.1255707410238261,0.12897573186430555,0.18989982302604394,0.15274631593964863,0.18989982302604394,0.15274631593964863,0.15003759524132124,0.15851918210355984,0.15003759524132124,0.15851918210355984,0.2018702090351706,0.19007086498480386,0.2018702090351706,0.19007086498480386,0.1536724665268692,0.15124647989330312,0.1536724665268692,0.15124647989330312,0.18447383943134035,0.1763812754946585,0.18447383943134035,0.1763812754946585,0.14165735053508463,0.1311703622882118,0.14165735053508463,0.1311703622882118,0.14321629641596934,0.13603592343926943,0.14321629641596934,0.13603592343926943
0.013910778985694516,0.012035269301875972,0.013910778985694516,0.012035269301875972,0.017591492097987927,0.009849757654485177,0.017591492097987927,0.009849757654485177,0.013871812169410531,0.0124734388279542,0.013871812169410531,0.0124734388279542,0.021890350331616334,0.019683403875924186,0.021890350331616334,0.019683403875924186,0.013910778985694516,0.012035269301875972,0.013910778985694516,0.012035269301875972,0.017591492097987927,0.009849757654485177,0.017591492097987927,0.009849757654485177,0.01748661985757606,0.01987931925347321,0.01748661985757606,0.01987931925347321,0.03179884557121335,0.021362108497770902,0.03179884557121335,0.021362108497770902,0.02478883586135157,0.022471569343558637,0.02478883586135157,0.022471569343558637,0.010965733151319186,0.02476141838803023,0.010965733151319186,0.02476141838803023,0.027767548498737055,0.020194615101659163,0.027767548498737055,0.020194615101659163,0.023195308791431998,0.018848127403046217,0.023195308791431998,0.018848127403046217,0.0213025546767077,0.019548328708137053,0.0213025546767077,0.019548328708137053,0.02193830990458036,0.01427930835846677,0.02193830990458036,0.01427930835846677,0.021973009606468637,0.015617567000842913,0.021973009606468637,0.015617567000842913,0.04369749015819211,0.00880283529632951,0.04369749015819211,0.00880283529632951,0.015759929790968377,0.019311852842292056,0.015759929790968377,0.019311852842292056,0.014595655577371051,0.015499918256215781,0.014595655577371051,0.015499918256215781
0.08060159920794552,0.09335882918596163,0.08060159920794552,0.09335882918596163,0.08375701167530913,0.07354166130978569,0.08375701167530913,0.07354166130978569,0.0838053879468182,0.09016873299538052,0.0838053879468182,0.09016873299538052,0.09446455851528403,0.08666094953577762,0.09446455851528403,0.08666094953577762,0.08060159920794552,0.09335882918596163,0.08060159920794552,0.09335882918596163,0.08375701167530913,0.07354166130978569,0.08375701167530913,0.07354166130978569,0.09461546560439915,0.09186726304494301,0.09461546560439915,0.09186726304494301,0.13453859808252472,0.10574114638331521,0.13453859808252472,0.10574114638331521,0.09933080509517632,0.11154281024729851,0.09933080509517632,0.11154281024729851,0.11013300785886908,0.1437477215396015,0.11013300785886908,0.1437477215396015,0.07133239451980498,0.08205782401079244,0.07133239451980498,0.08205782401079244,0.07826467503792613,0.12011296454151688,0.07826467503792613,0.12011296454151688,0.10002044994457858,0.13200163856116692,0.10002044994457858,0.13200163856116692,0.16909013483322344,0.11463878760298613,0.16909013483322344,0.11463878760298613,0.07927019221709963,0.14647371520104527,0.07927019221709963,0.14647371520104527,0.1461466764489561,0.10683115860527236,0.1461466764489561,0.10683115860527236,0.0861612080244387,0.10414094791951245,0.0861612080244387,0.10414094791951245,0.20771322641793596,0.21199546612664458,0.20771322641793596,0.21199546612664458
0.02786699540359436,0.03831011047494916,0.02786699540359436,0.03831011047494916,0.028895599253608947,0.04140128153498489,0.028895599253608947,0.04140128153498489,0.02857197140400146,0.03340956963872371,0.02857197140400146,0.03340956963872371,0.033239318119932325,0.030826918754519903,0.033239318119932325,0.030826918754519903,0.02786699540359436,0.03831011047494916,0.02786699540359436,0.03831011047494916,0.028895599253608947,0.04140128153498489,0.028895599253608947,0.04140128153498489,0.0227016162248274,0.03273230524139258,0.0227016162248274,0.03273230524139258,0.043801790857847044,0.03653995754182495,0.043801790857847044,0.03653995754182495,0.0279355103441611,0.026050318661694324,0.0279355103441611,0.026050318661694324,0.04732950863614128,0.02808676620426176,0.04732950863614128,0.02808676620426176,0.025433858002216415,0.03379816914640535,0.025433858002216415,0.03379816914640535,0.03412850041685728,0.03040684034745669,0.03412850041685728,0.03040684034745669,0.03069985402444966,0.02816892005827297,0.03069985402444966,0.02816892005827297,0.032064447575250364,0.02575319077295968,0.032064447575250364,0.02575319077295968,0.026662168086066695,0.029518645034945945,0.026662168086066695,0.029518645034945945,0.04295365751020963,0.03398123262025996,0.04295365751020963,0.03398123262025996,0.027849004936627262,0.03211300733263469,0.027849004936627262,0.03211300733263469,0.03381759881902932,0.03439214198329342,0.03381759881902932,0.03439214198329342
0.12785441322129745,0.1120071808452808,0.12785441322129745,0.1120071808452808,0.13233065438168903,0.16829889212867707,0.13233065438168903,0.16829889212867707,0.12837890392825388,0.11736069397203057,0.12837890392825388,0.11736069397203057,0.1315522092569301,0.13381034750690698,0.1315522092569301,0.13381034750690698,0.12785441322129745,0.1120071808452808,0.12785441322129745,0.1120071808452808,0.13233065438168903,0.16829889212867707,0.13233065438168903,0.16829889212867707,0.13910175306865438,0.12776508895288824,0.13910175306865438,0.12776508895288824,0.1364706708141354,0.1993993564091263,0.1364706708141354,0.1993993564091263,0.1382521734285248,0.11807947262118301,0.1382521734285248,0.11807947262118301,0.1517820533864836,0.12971767554152966,0.1517820533864836,0.12971767554152966,0.144789041852504,0.11211699230668344,0.144789041852504,0.11211699230668344,0.14696862189884904,0.15277834337773913,0.14696862189884904,0.15277834337773913,0.1425135890252429,0.1646365426754957,0.1425135890252429,0.1646365426754957,0.1731983912794032,0.2147161941066736,0.1731983912794032,0.2147161941066736,0.1392557800184207,0.13316374465884123,0.1392557800184207,0.13316374465884123,0.16120922650930808,0.14568780028044645,0.16120922650930808,0.14568780028044645,0.1345094293075572,0.14594102116755253,0.1345094293075572,0.14594102116755253,0.16649276186010203,0.15957277603814707,0.16649276186010203,0.15957277603814707
