"(7, -1, 0.1, 100, 0.8, 0.8)","(7, -1, 0.1, 100, 0.8, 1.0)","(7, -1, 0.1, 100, 1.0, 0.8)","(7, -1, 0.1, 100, 1.0, 1.0)","(7, -1, 0.2, 100, 0.8, 0.8)","(7, -1, 0.2, 100, 0.8, 1.0)","(7, -1, 0.2, 100, 1.0, 0.8)","(7, -1, 0.2, 100, 1.0, 1.0)","(7, 5, 0.1, 100, 0.8, 0.8)","(7, 5, 0.1, 100, 0.8, 1.0)","(7, 5, 0.1, 100, 1.0, 0.8)","(7, 5, 0.1, 100, 1.0, 1.0)","(7, 5, 0.2, 100, 0.8, 0.8)","(7, 5, 0.2, 100, 0.8, 1.0)","(7, 5, 0.2, 100, 1.0, 0.8)","(7, 5, 0.2, 100, 1.0, 1.0)","(7, 7, 0.1, 100, 0.8, 0.8)","(7, 7, 0.1, 100, 0.8, 1.0)","(7, 7, 0.1, 100, 1.0, 0.8)","(7, 7, 0.1, 100, 1.0, 1.0)","(7, 7, 0.2, 100, 0.8, 0.8)","(7, 7, 0.2, 100, 0.8, 1.0)","(7, 7, 0.2, 100, 1.0, 0.8)","(7, 7, 0.2, 100, 1.0, 1.0)","(15, -1, 0.1, 100, 0.8, 0.8)","(15, -1, 0.1, 100, 0.8, 1.0)","(15, -1, 0.1, 100, 1.0, 0.8)","(15, -1, 0.1, 100, 1.0, 1.0)","(15, -1, 0.2, 100, 0.8, 0.8)","(15, -1, 0.2, 100, 0.8, 1.0)","(15, -1, 0.2, 100, 1.0, 0.8)","(15, -1, 0.2, 100, 1.0, 1.0)","(15, 5, 0.1, 100, 0.8, 0.8)","(15, 5, 0.1, 100, 0.8, 1.0)","(15, 5, 0.1, 100, 1.0, 0.8)","(15, 5, 0.1, 100, 1.0, 1.0)","(15, 5, 0.2, 100, 0.8, 0.8)","(15, 5, 0.2, 100, 0.8, 1.0)","(15, 5, 0.2, 100, 1.0, 0.8)","(15, 5, 0.2, 100, 1.0, 1.0)","(15, 7, 0.1, 100, 0.8, 0.8)","(15, 7, 0.1, 100, 0.8, 1.0)","(15, 7, 0.1, 100, 1.0, 0.8)","(15, 7, 0.1, 100, 1.0, 1.0)","(15, 7, 0.2, 100, 0.8, 0.8)","(15, 7, 0.2, 100, 0.8, 1.0)","(15, 7, 0.2, 100, 1.0, 0.8)","(15, 7, 0.2, 100, 1.0, 1.0)","(31, -1, 0.1, 100, 0.8, 0.8)","(31, -1, 0.1, 100, 0.8, 1.0)","(31, -1, 0.1, 100, 1.0, 0.8)","(31, -1, 0.1, 100, 1.0, 1.0)","(31, -1, 0.2, 100, 0.8, 0.8)","(31, -1, 0.2, 100, 0.8, 1.0)","(31, -1, 0.2, 100, 1.0, 0.8)","(31, -1, 0.2, 100, 1.0, 1.0)","(31, 5, 0.1, 100, 0.8, 0.8)","(31, 5, 0.1, 100, 0.8, 1.0)","(31, 5, 0.1, 100, 1.0, 0.8)","(31, 5, 0.1, 100, 1.0, 1.0)","(31, 5, 0.2, 100, 0.8, 0.8)","(31, 5, 0.2, 100, 0.8, 1.0)","(31, 5, 0.2, 100, 1.0, 0.8)","(31, 5, 0.2, 100, 1.0, 1.0)","(31, 7, 0.1, 100, 0.8, 0.8)","(31, 7, 0.1, 100, 0.8, 1.0)","(31, 7, 0.1, 100, 1.0, 0.8)","(31, 7, 0.1, 100, 1.0, 1.0)","(31, 7, 0.2, 100, 0.8, 0.8)","(31, 7, 0.2, 100, 0.8, 1.0)","(31, 7, 0.2, 100, 1.0, 0.8)","(31, 7, 0.2, 100, 1.0, 1.0)"
2.1072460990849753,2.0037247935330633,2.1072460990849753,2.0037247935330633,2.021990545947915,2.303781250973874,2.021990545947915,2.303781250973874,2.0924351570759607,1.9584174115746071,2.0924351570759607,1.9584174115746071,1.9335178240973527,2.2732451033378847,1.9335178240973527,2.2732451033378847,2.1072460990849753,2.0037247935330633,2.1072460990849753,2.0037247935330633,2.021990545947915,2.303781250973874,2.021990545947915,2.303781250973874,2.156198984985267,2.148098009525842,2.156198984985267,2.148098009525842,1.9977491744051397,1.9327172730684583,1.9977491744051397,1.9327172730684583,2.106625257025465,1.9461933275904892,2.106625257025465,1.9461933275904892,2.0876923671291943,1.9266314484796405,2.0876923671291943,1.9266314484796405,2.0816381585412023,2.3230197397658867,2.0816381585412023,2.3230197397658867,1.9455565070170608,1.9961485945147273,1.9455565070170608,1.9961485945147273,2.0850458966845937,2.217147369605682,2.0850458966845937,2.217147369605682,2.0595824778456895,1.844725098640335,2.0595824778456895,1.844725098640335,2.06288229375678,2.1342001678540297,2.06288229375678,2.1342001678540297,1.8796567080104392,2.02280245180019,1.8796567080104392,2.02280245180019,2.0826583583475977,2.1656708120063843,2.0826583583475977,2.1656708120063843,2.174241251945846,2.2862508067762985,2.174241251945846,2.2862508067762985
1.0047265514910877,1.1119094937360174,1.0047265514910877,1.1119094937360174,0.9460535634654725,1.6238164769824468,0.9460535634654725,1.6238164769824468,0.9881920095023125,1.0803669096685111,0.9881920095023125,1.0803669096685111,1.1200831241389653,1.2527017856873117,1.1200831241389653,1.2527017856873117,1.0047265514910877,1.1119094937360174,1.0047265514910877,1.1119094937360174,0.9460535634654725,1.6238164769824468,0.9460535634654725,1.6238164769824468,0.8252610414404989,0.8904474681894068,0.8252610414404989,0.8904474681894068,1.1608761932873026,1.0172989673949369,1.1608761932873026,1.0172989673949369,1.0498283983956265,0.9803559690176346,1.0498283983956265,0.9803559690176346,0.951851097087372,0.9632838376991008,0.951851097087372,0.9632838376991008,0.878223326607331,0.7725960516196885,0.878223326607331,0.7725960516196885,1.2180329056916905,1.1348466004893603,1.2180329056916905,1.1348466004893603,0.8350176636198566,0.7857394066703559,0.8350176636198566,0.7857394066703559,0.974716056189366,0.9950390930344225,0.974716056189366,0.9950390930344225,0.8978939523934689,0.961046205604187,0.8978939523934689,0.961046205604187,0.7327472903866532,1.1953797089891383,0.7327472903866532,1.1953797089891383,0.7309151413875409,0.9348380715127017,0.7309151413875409,0.9348380715127017,0.811483322672843,0.6897592639312672,0.811483322672843,0.6897592639312672
0.1404859556679333,0.1924197849881809,0.1404859556679333,0.1924197849881809,0.16960392572210903,0.16829046939411915,0.16960392572210903,0.16829046939411915,0.19768422598942895,0.1380610197969578,0.19768422598942895,0.1380610197969578,0.14952563344876899,0.050173778746684834,0.14952563344876899,0.050173778746684834,0.1404859556679333,0.1924197849881809,0.1404859556679333,0.1924197849881809,0.16960392572210903,0.16829046939411915,0.16960392572210903,0.16829046939411915,0.06228599201043872,0.10242442181072649,0.06228599201043872,0.10242442181072649,0.04673950716284253,0.08951702057499662,0.04673950716284253,0.08951702057499662,0.08763315015236911,0.09489459041217935,0.08763315015236911,0.09489459041217935,0.08196218256691223,0.21196739450948507,0.08196218256691223,0.21196739450948507,0.04401905183149371,0.0711848271631301,0.04401905183149371,0.0711848271631301,0.043090839540241795,0.1069096496713291,0.043090839540241795,0.1069096496713291,0.03111427330389141,0.07236574632233862,0.03111427330389141,0.07236574632233862,0.08576883684893638,0.09610365675611927,0.08576883684893638,0.09610365675611927,0.09412700882316587,0.08431445067487636,0.09412700882316587,0.08431445067487636,0.05091627422223677,0.031065317176958096,0.05091627422223677,0.031065317176958096,0.0922635883871713,0.1423728999758954,0.0922635883871713,0.1423728999758954,0.07733290404608609,0.12077540085071824,0.07733290404608609,0.12077540085071824
0.4834971595405663,0.5660939291137654,0.4834971595405663,0.5660939291137654,0.2778768518026751,0.4678423954418387,0.2778768518026751,0.4678423954418387,0.6063648904048345,0.4898448144900836,0.6063648904048345,0.4898448144900836,0.2937498061173665,0.46314497770809326,0.2937498061173665,0.46314497770809326,0.4834971595405663,0.5660939291137654,0.4834971595405663,0.5660939291137654,0.2778768518026751,0.4678423954418387,0.2778768518026751,0.4678423954418387,0.34232229212061216,0.3216668270749827,0.34232229212061216,0.3216668270749827,0.18488637203201863,0.4406158107996752,0.18488637203201863,0.4406158107996752,0.4492289082808838,0.3723349162282938,0.4492289082808838,0.3723349162282938,0.5372330882460731,0.42310983517950584,0.5372330882460731,0.42310983517950584,0.4453926462808266,0.37352682032169243,0.4453926462808266,0.37352682032169243,0.5698607607573521,0.3270511044367677,0.5698607607573521,0.3270511044367677,0.4208286967145194,0.3710863832115331,0.4208286967145194,0.3710863832115331,0.30608078294153795,0.38238282396227363,0.30608078294153795,0.38238282396227363,0.27684456169747124,0.228888902725923,0.27684456169747124,0.228888902725923,0.26579728515804085,0.42095756097640624,0.26579728515804085,0.42095756097640624,0.26668671726151233,0.3662185994395006,0.26668671726151233,0.3662185994395006,0.5953577105762824,0.5236398997338175,0.5953577105762824,0.5236398997338175
0.4416416878414221,0.44526891377805244,0.4416416878414221,0.44526891377805244,0.5912583503689114,0.6010831582349991,0.5912583503689114,0.6010831582349991,0.5357580367043279,0.425711892941049,0.5357580367043279,0.425711892941049,0.9120587789177906,0.40193565271177517,0.9120587789177906,0.40193565271177517,0.4416416878414221,0.44526891377805244,0.4416416878414221,0.44526891377805244,0.5912583503689114,0.6010831582349991,0.5912583503689114,0.6010831582349991,0.4155386595319849,0.38102802942869884,0.4155386595319849,0.38102802942869884,0.7975127067093774,0.5381186472041167,0.7975127067093774,0.5381186472041167,0.4145185922760556,0.42212802477063077,0.4145185922760556,0.42212802477063077,0.5412196713006675,0.3641017723927043,0.5412196713006675,0.3641017723927043,0.43811847440441176,0.30886881701117236,0.43811847440441176,0.30886881701117236,0.46043131632519424,0.22382750407596805,0.46043131632519424,0.22382750407596805,0.25435089270295547,0.45729451439895147,0.25435089270295547,0.45729451439895147,0.45247042305282204,0.32480902454575405,0.45247042305282204,0.32480902454575405,0.5297458314897407,0.590874832631643,0.5297458314897407,0.590874832631643,0.601558063879978,0.7197751861717707,0.601558063879978,0.7197751861717707,0.4331342745438521,0.36840906098482146,0.4331342745438521,0.36840906098482146,0.3448256472708142,0.6940226391544252,0.3448256472708142,0.6940226391544252
1.5915881917408714,1.7054052224113563,1.5915881917408714,1.7054052224113563,2.4501861061573393,2.07651260176441,2.4501861061573393,2.07651260176441,1.7361360419739582,1.784521384355892,1.7361360419739582,1.784521384355892,2.03059434200764,2.373159567129424,2.03059434200764,2.373159567129424,1.5915881917408714,1.7054052224113563,1.5915881917408714,1.7054052224113563,2.4501861061573393,2.07651260176441,2.4501861061573393,2.07651260176441,1.9865096426362001,1.6675449721498126,1.9865096426362001,1.6675449721498126,2.017247534608095,1.3207829268365523,2.017247534608095,1.3207829268365523,1.8138101566129887,1.6397843472764428,1.8138101566129887,1.6397843472764428,2.0566012153836963,1.5300148242426386,2.0566012153836963,1.5300148242426386,2.038279640705181,2.096246689624024,2.038279640705181,2.096246689624024,2.8580162675766756,2.071596510528169,2.8580162675766756,2.071596510528169,1.9759458578519769,1.878598461781221,1.9759458578519769,1.878598461781221,1.973728679501665,1.3116321925092151,1.973728679501665,1.3116321925092151,1.678125269874311,2.035126344105426,1.678125269874311,2.035126344105426,2.7739837761917294,2.300171966923455,2.7739837761917294,2.300171966923455,1.8479830833693143,1.6377632231496897,1.8479830833693143,1.6377632231496897,1.6650781182861132,2.1871117698788574,1.6650781182861132,2.1871117698788574
1.9527095689345242,2.0073525504817,1.9527095689345242,2.0073525504817,1.9908936340457366,1.866706494105563,1.9908936340457366,1.866706494105563,2.022975629431434,1.8832544452143516,2.022975629431434,1.8832544452143516,1.7969580474431655,2.1487195783511623,1.7969580474431655,2.1487195783511623,1.9527095689345242,2.0073525504817,1.9527095689345242,2.0073525504817,1.9908936340457366,1.866706494105563,1.9908936340457366,1.866706494105563,2.1524344703554306,1.7100714074333438,2.1524344703554306,1.7100714074333438,2.7041314996449377,1.9472189615644215,2.7041314996449377,1.9472189615644215,1.8318458600676157,2.110414888918451,1.8318458600676157,2.110414888918451,2.02779834032066,2.1413486969126487,2.02779834032066,2.1413486969126487,1.9709250733675339,2.1238311216525676,1.9709250733675339,2.1238311216525676,1.9814475849210946,2.9385252675800904,1.9814475849210946,2.9385252675800904,1.8740926216688183,1.7889439361965644,1.8740926216688183,1.7889439361965644,2.3193497269646084,2.7138188165547543,2.3193497269646084,2.7138188165547543,2.017607120590176,2.2070381704394206,2.017607120590176,2.2070381704394206,2.22394173134765,1.6961437865828575,2.22394173134765,1.6961437865828575,2.388048884049927,1.7045232729461026,2.388048884049927,1.7045232729461026,1.4468069264293033,3.6065990177790956,1.4468069264293033,3.6065990177790956
2.03063003717277,1.5327360445953415,2.03063003717277,1.5327360445953415,1.6202698702111695,1.9819427083734873,1.6202698702111695,1.9819427083734873,1.8936297546171617,1.6468858400809951,1.8936297546171617,1.6468858400809951,1.6837079971174618,1.8290520845888196,1.6837079971174618,1.8290520845888196,2.03063003717277,1.5327360445953415,2.03063003717277,1.5327360445953415,1.6202698702111695,1.9819427083734873,1.6202698702111695,1.9819427083734873,2.081564227228685,2.319918591090343,2.081564227228685,2.319918591090343,2.257612812143235,2.5180518186934853,2.257612812143235,2.5180518186934853,1.9074936620763643,1.877679150199458,1.9074936620763643,1.877679150199458,2.167207611687639,2.3699854101733924,2.167207611687639,2.3699854101733924,2.0627789372626486,2.006953026879532,2.0627789372626486,2.006953026879532,2.030183264150416,2.4138245322508793,2.030183264150416,2.4138245322508793,2.2427655836676768,2.201490952229107,2.2427655836676768,2.201490952229107,2.3921148466235285,2.9223149685035246,2.3921148466235285,2.9223149685035246,1.7064376514304438,1.743044295196637,1.7064376514304438,1.743044295196637,1.763016858164784,1.6410947207850066,1.763016858164784,1.6410947207850066,2.002378059753158,1.5648138089634467,2.002378059753158,1.5648138089634467,2.074419690383217,1.8830216805855253,2.074419690383217,1.8830216805855253
1.246861639002915,1.2625040352699521,1.246861639002915,1.2625040352699521,1.4515949553729435,1.1777988239418116,1.4515949553729435,1.1777988239418116,1.2129722638033071,1.1619928171471101,1.2129722638033071,1.1619928171471101,1.353028190408837,1.113862248187578,1.353028190408837,1.113862248187578,1.246861639002915,1.2625040352699521,1.246861639002915,1.2625040352699521,1.4515949553729435,1.1777988239418116,1.4515949553729435,1.1777988239418116,1.2295410557012711,1.2337445946416423,1.2295410557012711,1.2337445946416423,1.2194127625532587,1.1758079036264815,1.2194127625532587,1.1758079036264815,1.1057066880044337,1.0537933691211603,1.1057066880044337,1.0537933691211603,1.404306271125466,1.1754341307921767,1.404306271125466,1.1754341307921767,1.124996298761749,1.1755813663367627,1.124996298761749,1.1755813663367627,1.5065140364341063,1.4561132190032398,1.5065140364341063,1.4561132190032398,1.5013674789561942,1.1689548308387474,1.5013674789561942,1.1689548308387474,1.4523510134325834,1.6197676157216379,1.4523510134325834,1.6197676157216379,1.1433097872871267,1.1654567256823123,1.1433097872871267,1.1654567256823123,1.2596097524405823,1.163965972457393,1.2596097524405823,1.163965972457393,1.3249415179181037,1.1260211602016392,1.3249415179181037,1.1260211602016392,1.708876849719379,1.4773751298418434,1.708876849719379,1.4773751298418434
1.070707949492254,1.0789071210380943,1.070707949492254,1.0789071210380943,0.9440162174170845,0.9291254406853663,0.9440162174170845,0.9291254406853663,1.0631271336717487,1.0877190523058669,1.0631271336717487,1.0877190523058669,0.9453902986458219,0.9205469315134888,0.9453902986458219,0.9205469315134888,1.070707949492254,1.0789071210380943,1.070707949492254,1.0789071210380943,0.9440162174170845,0.9291254406853663,0.9440162174170845,0.9291254406853663,1.0558368485800866,0.8189196030855191,1.0558368485800866,0.8189196030855191,1.0199486253878647,0.9003788097418177,1.0199486253878647,0.9003788097418177,1.0075922311263297,0.9130034367085104,1.0075922311263297,0.9130034367085104,0.9828082860581661,0.7425298471809657,0.9828082860581661,0.7425298471809657,1.0040526278127477,0.8952804882241238,1.0040526278127477,0.8952804882241238,1.0228638195413355,0.8090233546847817,1.0228638195413355,0.8090233546847817,1.134331082702891,0.9848984435988896,1.134331082702891,0.9848984435988896,0.990090268483848,0.8139946728241426,0.990090268483848,0.8139946728241426,1.0543920955210457,0.9363354241970437,1.0543920955210457,0.9363354241970437,1.2140753203072632,1.245567223564651,1.2140753203072632,1.245567223564651,1.0565124713341798,1.0969147603853031,1.0565124713341798,1.0969147603853031,1.0911485179273348,1.0399288087855656,1.0911485179273348,1.0399288087855656
0.5913375360638933,0.5701201475794214,0.5913375360638933,0.5701201475794214,0.5697793764387294,0.5372528312350844,0.5697793764387294,0.5372528312350844,0.6168547842903102,0.48699374901922726,0.6168547842903102,0.48699374901922726,0.5016038014027633,0.4727729533475498,0.5016038014027633,0.4727729533475498,0.5913375360638933,0.5701201475794214,0.5913375360638933,0.5701201475794214,0.5697793764387294,0.5372528312350844,0.5697793764387294,0.5372528312350844,0.5648324587317887,0.6765759237399875,0.5648324587317887,0.6765759237399875,0.6618474613174306,0.575291165311708,0.6618474613174306,0.575291165311708,0.5218334875821723,0.6406152182982838,0.5218334875821723,0.6406152182982838,0.5797286561347289,0.570604548774192,0.5797286561347289,0.570604548774192,0.5539174617847287,0.6129522313100596,0.5539174617847287,0.6129522313100596,0.6465858627167645,0.6546987637765004,0.6465858627167645,0.6546987637765004,0.6159456575992064,0.7195338880837437,0.6159456575992064,0.7195338880837437,0.8249009844009008,0.7906886648080372,0.8249009844009008,0.7906886648080372,0.5101467232832758,0.7165594993100489,0.5101467232832758,0.7165594993100489,0.7575011996065217,0.5786529396827894,0.7575011996065217,0.5786529396827894,0.5642051178424584,0.6757257010255456,0.5642051178424584,0.6757257010255456,0.588979930814485,0.7268975838464754,0.588979930814485,0.7268975838464754
0.19166231318636753,0.16904465260938564,0.19166231318636753,0.16904465260938564,0.28167164996433514,0.21227491653016656,0.28167164996433514,0.21227491653016656,0.22108586199310484,0.177632085708386,0.22108586199310484,0.177632085708386,0.23487427333938635,0.15284238138993406,0.23487427333938635,0.15284238138993406,0.19166231318636753,0.16904465260938564,0.19166231318636753,0.16904465260938564,0.28167164996433514,0.21227491653016656,0.28167164996433514,0.21227491653016656,0.18250873640890045,0.14825100018391446,0.18250873640890045,0.14825100018391446,0.1500836550138739,0.1376238793742807,0.1500836550138739,0.1376238793742807,0.18118415448617206,0.16199188503692227,0.18118415448617206,0.16199188503692227,0.13391812882745094,0.11568995065896077,0.13391812882745094,0.11568995065896077,0.2130775436577531,0.1644734780213501,0.2130775436577531,0.1644734780213501,0.16184412450364802,0.08646519089612009,0.16184412450364802,0.08646519089612009,0.09097523819472203,0.1336536648526615,0.09097523819472203,0.1336536648526615,0.11318186743206517,0.0932933676402155,0.11318186743206517,0.0932933676402155,0.13697521160804216,0.14633788268493053,0.13697521160804216,0.14633788268493053,0.14277034610217065,0.13563468844342785,0.14277034610217065,0.13563468844342785,0.17547536378554363,0.14658492351804966,0.17547536378554363,0.14658492351804966,0.12090565357796428,0.2405983209753341,0.12090565357796428,0.2405983209753341
1.0729302758614554,1.63615307883824,1.0729302758614554,1.63615307883824,1.1373179353917446,1.5732764361739995,1.1373179353917446,1.5732764361739995,1.336626475027388,1.9651134841570692,1.336626475027388,1.9651134841570692,1.2331650988304645,1.6545660571197132,1.2331650988304645,1.6545660571197132,1.0729302758614554,1.63615307883824,1.0729302758614554,1.63615307883824,1.1373179353917446,1.5732764361739995,1.1373179353917446,1.5732764361739995,0.5889394921805059,1.4657299609647227,0.5889394921805059,1.4657299609647227,1.0848234872577087,1.8717227575337247,1.0848234872577087,1.8717227575337247,0.6934074204239388,1.6371285892842569,0.6934074204239388,1.6371285892842569,0.6502030082834233,1.108238455065234,0.6502030082834233,1.108238455065234,0.7679129099465932,1.2453081265409602,0.7679129099465932,1.2453081265409602,1.1182280824353223,1.361338038199881,1.1182280824353223,1.361338038199881,0.765225656421217,1.2217924504885451,0.765225656421217,1.2217924504885451,1.28390869546404,1.2070185645969642,1.28390869546404,1.2070185645969642,0.8090633776381647,1.2139751655817892,0.8090633776381647,1.2139751655817892,1.2677885674054685,1.3838902199714325,1.2677885674054685,1.3838902199714325,0.898596746648515,1.2323437684081213,0.898596746648515,1.2323437684081213,0.9208560096819205,1.433247767381833,0.9208560096819205,1.433247767381833
0.9640439522161394,1.0574985684541434,0.9640439522161394,1.0574985684541434,1.0279360457274074,1.0559548829452616,1.0279360457274074,1.0559548829452616,1.0053017098240333,1.1164457221328132,1.0053017098240333,1.1164457221328132,1.1796598206407167,1.078644927711363,1.1796598206407167,1.078644927711363,0.9640439522161394,1.0574985684541434,0.9640439522161394,1.0574985684541434,1.0279360457274074,1.0559548829452616,1.0279360457274074,1.0559548829452616,1.0964400901349578,1.0900467440864186,1.0964400901349578,1.0900467440864186,1.3109382541929675,1.413129357228546,1.3109382541929675,1.413129357228546,1.0720221994673853,0.9808762490389215,1.0720221994673853,0.9808762490389215,1.021940441616459,0.9836989802646824,1.021940441616459,0.9836989802646824,1.1250720689674143,1.0287737149864158,1.1250720689674143,1.0287737149864158,1.0337817999585697,1.3107795779167546,1.0337817999585697,1.3107795779167546,1.1636369452901258,1.1040234736853336,1.1636369452901258,1.1040234736853336,1.3609853655592674,1.1770524849927262,1.3609853655592674,1.1770524849927262,1.1100675395110031,1.1024324697458192,1.1100675395110031,1.1024324697458192,1.095167331733763,1.1462835136283427,1.095167331733763,1.1462835136283427,1.071824755621296,1.0960202696271328,1.071824755621296,1.0960202696271328,1.4143770876382427,1.3930593058799126,1.4143770876382427,1.3930593058799126
1.702968469908971,1.7004073874655197,1.702968469908971,1.7004073874655197,1.7872368082948147,1.6832084515947694,1.7872368082948147,1.6832084515947694,1.7189185626084378,1.6028703921032539,1.7189185626084378,1.6028703921032539,1.7725337419660059,1.6739243724107025,1.7725337419660059,1.6739243724107025,1.702968469908971,1.7004073874655197,1.702968469908971,1.7004073874655197,1.7872368082948147,1.6832084515947694,1.7872368082948147,1.6832084515947694,1.5470554921118,1.722861113436707,1.5470554921118,1.722861113436707,1.685402188644106,1.6404551522938697,1.685402188644106,1.6404551522938697,1.6771979993383717,1.6582830657443135,1.6771979993383717,1.6582830657443135,1.443431530260398,1.7246620158081536,1.443431530260398,1.7246620158081536,1.7309642410901627,1.6210039434947736,1.7309642410901627,1.6210039434947736,1.41415934550168,1.666819416821726,1.41415934550168,1.666819416821726,1.9768851608577478,1.8155391007472372,1.9768851608577478,1.8155391007472372,1.8499024407505305,2.0812720180724913,1.8499024407505305,2.0812720180724913,1.6597728622689893,1.7879562486792424,1.6597728622689893,1.7879562486792424,1.889590144950517,2.239871121118096,1.889590144950517,2.239871121118096,1.8858685317078414,1.8446111397583829,1.8858685317078414,1.8446111397583829,1.9515493094767566,2.1905520732483414,1.9515493094767566,2.1905520732483414
0.29838676968751265,0.2840617908013027,0.29838676968751265,0.2840617908013027,0.18270932606277301,0.2341536760082459,0.18270932606277301,0.2341536760082459,0.3181781591542438,0.2838156951497764,0.3181781591542438,0.2838156951497764,0.24606538013792353,0.263119776111363,0.24606538013792353,0.263119776111363,0.29838676968751265,0.2840617908013027,0.29838676968751265,0.2840617908013027,0.18270932606277301,0.2341536760082459,0.18270932606277301,0.2341536760082459,0.22917357166348792,0.2948074984101221,0.22917357166348792,0.2948074984101221,0.21477882327751097,0.234248864474226,0.21477882327751097,0.234248864474226,0.2825176368080889,0.2706178501090529,0.2825176368080889,0.2706178501090529,0.22981773166791206,0.2478795789733039,0.22981773166791206,0.2478795789733039,0.3220186373074162,0.2841953727787375,0.3220186373074162,0.2841953727787375,0.3850070443307635,0.33707485804914106,0.3850070443307635,0.33707485804914106,0.2656604618989052,0.3119850445392169,0.2656604618989052,0.3119850445392169,0.22409436425590679,0.4340359254846236,0.22409436425590679,0.4340359254846236,0.315138833034054,0.31110983968239775,0.315138833034054,0.31110983968239775,0.3747284652510042,0.30936785090431906,0.3747284652510042,0.30936785090431906,0.1627910927655638,0.24253052498732672,0.1627910927655638,0.24253052498732672,0.17594353757619133,0.37325845633889,0.17594353757619133,0.37325845633889
0.6682157471002348,0.6819233233108573,0.6682157471002348,0.6819233233108573,0.7633698116262515,0.6518274215007364,0.7633698116262515,0.6518274215007364,0.6861764317858229,0.6365667615030363,0.6861764317858229,0.6365667615030363,0.743395837994031,0.6872124173321191,0.743395837994031,0.6872124173321191,0.6682157471002348,0.6819233233108573,0.6682157471002348,0.6819233233108573,0.7633698116262515,0.6518274215007364,0.7633698116262515,0.6518274215007364,0.6864849903579251,0.6570955305992487,0.6864849903579251,0.6570955305992487,0.9003530385449625,0.8250270335092902,0.9003530385449625,0.8250270335092902,0.822047124603925,0.7530033569804893,0.822047124603925,0.7530033569804893,0.8481436894022006,0.6966540767737656,0.8481436894022006,0.6966540767737656,0.7353337440449355,0.6229263461257203,0.7353337440449355,0.6229263461257203,0.8032757762905149,0.9530122136389465,0.8032757762905149,0.9530122136389465,0.8299319155433967,0.8128673918123156,0.8299319155433967,0.8128673918123156,0.8814789470975332,0.7394421346738068,0.8814789470975332,0.7394421346738068,0.7994139515569896,0.7299695749441845,0.7994139515569896,0.7299695749441845,0.9630136434778779,0.9125344810691973,0.9630136434778779,0.9125344810691973,0.9096487301150794,0.7504906542012617,0.9096487301150794,0.7504906542012617,0.9671922996759063,0.8211342567046512,0.9671922996759063,0.8211342567046512
0.3167751973472769,0.3232420085691138,0.3167751973472769,0.3232420085691138,0.5417616042792762,0.8187549345699205,0.5417616042792762,0.8187549345699205,0.3124262780010652,0.4016871686079688,0.3124262780010652,0.4016871686079688,0.5419233778547394,0.5310496475181853,0.5419233778547394,0.5310496475181853,0.3167751973472769,0.3232420085691138,0.3167751973472769,0.3232420085691138,0.5417616042792762,0.8187549345699205,0.5417616042792762,0.8187549345699205,0.41069913622962867,0.30669618361412926,0.41069913622962867,0.30669618361412926,2.1605002331824297,0.8856640266402193,2.1605002331824297,0.8856640266402193,0.5868768435448136,0.43402602179105204,0.5868768435448136,0.43402602179105204,1.3302401216886701,0.9826817231303425,1.3302401216886701,0.9826817231303425,0.5722095559652812,0.36170290547061673,0.5722095559652812,0.36170290547061673,1.631116902575432,1.001072742256278,1.631116902575432,1.001072742256278,0.7339198541962436,0.613406380667635,0.7339198541962436,0.613406380667635,1.6474242117894349,0.4192529184228889,1.6474242117894349,0.4192529184228889,0.5964372736106495,0.6693445639000494,0.5964372736106495,0.6693445639000494,0.8026330989188566,0.810008169633314,0.8026330989188566,0.810008169633314,1.248522429955943,0.991394012675672,1.248522429955943,0.991394012675672,1.3516118179177954,1.3547210040928934,1.3516118179177954,1.3547210040928934
4.606832761747962,5.336052963724786,4.606832761747962,5.336052963724786,4.354372326459812,5.252125329973712,4.354372326459812,5.252125329973712,4.695086960862065,5.061015804493643,4.695086960862065,5.061015804493643,4.9759495695343094,5.586844413282733,4.9759495695343094,5.586844413282733,4.606832761747962,5.336052963724786,4.606832761747962,5.336052963724786,4.354372326459812,5.252125329973712,4.354372326459812,5.252125329973712,4.807633877813741,5.039184764530412,4.807633877813741,5.039184764530412,4.8701881037582675,4.807353189352335,4.8701881037582675,4.807353189352335,4.439003303365852,5.023489696233573,4.439003303365852,5.023489696233573,4.6646528362564705,4.69452836836924,4.6646528362564705,4.69452836836924,4.65318713360166,5.475276335274027,4.65318713360166,5.475276335274027,5.264252484550558,4.3133371547978125,5.264252484550558,4.3133371547978125,4.525849328619286,5.318254396618352,4.525849328619286,5.318254396618352,4.169698275022248,4.126651450023351,4.169698275022248,4.126651450023351,4.380580641724038,4.965379054803757,4.380580641724038,4.965379054803757,4.480773078213195,4.080277846542723,4.480773078213195,4.080277846542723,3.8674167278215466,4.701470939914879,3.8674167278215466,4.701470939914879,5.0583647512308145,5.16741164579559,5.0583647512308145,5.16741164579559
1.9806239062077915,1.7452464349942367,1.9806239062077915,1.7452464349942367,1.9908207071557147,2.0219750155163014,1.9908207071557147,2.0219750155163014,1.6862686025416966,1.7483655984242978,1.6862686025416966,1.7483655984242978,2.1121184174012884,1.9488053434679096,2.1121184174012884,1.9488053434679096,1.9806239062077915,1.7452464349942367,1.9806239062077915,1.7452464349942367,1.9908207071557147,2.0219750155163014,1.9908207071557147,2.0219750155163014,2.688010723003731,2.1300181869816446,2.688010723003731,2.1300181869816446,1.2995027283231957,1.15267685037157,1.2995027283231957,1.15267685037157,1.6383702501382569,1.8569899891764021,1.6383702501382569,1.8569899891764021,2.1420701987723945,1.7633485192707012,2.1420701987723945,1.7633485192707012,1.7354967737205225,1.9622532395994567,1.7354967737205225,1.9622532395994567,2.0775296112813164,2.5798514567288438,2.0775296112813164,2.5798514567288438,2.067021662495045,1.978677898742315,2.067021662495045,1.978677898742315,1.041868328986937,3.092175829654786,1.041868328986937,3.092175829654786,1.8938380163958306,1.8499894522657179,1.8938380163958306,1.8499894522657179,2.667257461965183,2.0656029226886625,2.667257461965183,2.0656029226886625,2.4578903203149554,2.001670059546408,2.4578903203149554,2.001670059546408,1.3500654097547904,3.3536438435866787,1.3500654097547904,3.3536438435866787
3.2507812262865987,3.675624195078053,3.2507812262865987,3.675624195078053,3.4345288144202697,2.961343787809096,3.4345288144202697,2.961343787809096,3.2375452493545267,3.6852783374375715,3.2375452493545267,3.6852783374375715,3.1937179713227053,3.4682883437028003,3.1937179713227053,3.4682883437028003,3.2507812262865987,3.675624195078053,3.2507812262865987,3.675624195078053,3.4345288144202697,2.961343787809096,3.4345288144202697,2.961343787809096,2.8825661688397965,3.233311030683522,2.8825661688397965,3.233311030683522,3.2658604082300635,3.273755906649402,3.2658604082300635,3.273755906649402,3.3387152532324493,3.0030748936696297,3.3387152532324493,3.0030748936696297,2.907036041647404,3.422862834576364,2.907036041647404,3.422862834576364,3.215266880209986,3.2154253710313156,3.215266880209986,3.2154253710313156,2.6359095858301758,2.5431707723706634,2.6359095858301758,2.5431707723706634,2.8594348110710395,2.7852317123470574,2.8594348110710395,2.7852317123470574,2.48656265734912,2.227633304170727,2.48656265734912,2.227633304170727,3.2617467548405386,3.348363844935827,3.2617467548405386,3.348363844935827,2.1296988320290176,2.6115376143299187,2.1296988320290176,2.6115376143299187,3.0654577583996523,2.8400642833322447,3.0654577583996523,2.8400642833322447,1.951956541619863,2.0458031192763446,1.951956541619863,2.0458031192763446
2.0771150207269,2.1721181535242993,2.0771150207269,2.1721181535242993,1.9485801497105943,2.2321315700643627,1.9485801497105943,2.2321315700643627,2.1760279565135145,2.27218544463923,2.1760279565135145,2.27218544463923,2.3843418197373416,2.258188243951946,2.3843418197373416,2.258188243951946,2.0771150207269,2.1721181535242993,2.0771150207269,2.1721181535242993,1.9485801497105943,2.2321315700643627,1.9485801497105943,2.2321315700643627,2.1413735833678946,2.0267448873522556,2.1413735833678946,2.0267448873522556,2.3332652331239006,2.1942079237735976,2.3332652331239006,2.1942079237735976,1.784419879583537,2.4382465662774786,1.784419879583537,2.4382465662774786,1.6679511381279881,2.199470746131065,1.6679511381279881,2.199470746131065,2.0245020036360524,2.5441323684847608,2.0245020036360524,2.5441323684847608,2.4546827807035685,1.9281325751392948,2.4546827807035685,1.9281325751392948,2.1645822316927608,2.3298389772935773,2.1645822316927608,2.3298389772935773,1.8076816993183324,3.211181855726976,1.8076816993183324,3.211181855726976,2.1555427896576256,2.406071568178239,2.1555427896576256,2.406071568178239,2.1090875188929337,3.1303941198389245,2.1090875188929337,3.1303941198389245,2.302933320608177,2.3988688508585123,2.302933320608177,2.3988688508585123,2.8237854407795,2.36666111873725,2.8237854407795,2.36666111873725
6.277932458471714,6.730651632920951,6.277932458471714,6.730651632920951,5.81432509968826,8.392028709489242,5.81432509968826,8.392028709489242,6.230345144588029,6.562366035150481,6.230345144588029,6.562366035150481,5.994973091935819,7.935449836898483,5.994973091935819,7.935449836898483,6.277932458471714,6.730651632920951,6.277932458471714,6.730651632920951,5.81432509968826,8.392028709489242,5.81432509968826,8.392028709489242,5.499867917425917,7.8101700291775735,5.499867917425917,7.8101700291775735,5.610681156375473,7.758945957802886,5.610681156375473,7.758945957802886,7.481679102477163,6.535460344749238,7.481679102477163,6.535460344749238,5.741541076235323,5.867905453787859,5.741541076235323,5.867905453787859,6.014798381681626,6.708794164655405,6.014798381681626,6.708794164655405,7.836865318005014,7.6118469885966435,7.836865318005014,7.6118469885966435,5.660659343098998,6.688035685718088,5.660659343098998,6.688035685718088,6.8024207228192415,6.9135306753973556,6.8024207228192415,6.9135306753973556,4.3247154445942,6.549250853703451,4.3247154445942,6.549250853703451,7.011676247962492,7.277982105440984,7.011676247962492,7.277982105440984,6.831588364428437,6.19110098194297,6.831588364428437,6.19110098194297,5.532961017423592,5.975781260644753,5.532961017423592,5.975781260644753
0.8891652936324747,1.0766056238131911,0.8891652936324747,1.0766056238131911,1.106884374215844,1.0246673341418708,1.106884374215844,1.0246673341418708,0.8670289991855943,1.0256347216894384,0.8670289991855943,1.0256347216894384,0.981042103236781,1.031744193844751,0.981042103236781,1.031744193844751,0.8891652936324747,1.0766056238131911,0.8891652936324747,1.0766056238131911,1.106884374215844,1.0246673341418708,1.106884374215844,1.0246673341418708,0.9404315407633201,1.269753794200935,0.9404315407633201,1.269753794200935,0.8006095543174346,0.9862706791918636,0.8006095543174346,0.9862706791918636,0.8190484208654911,1.332170778069184,0.8190484208654911,1.332170778069184,0.8877002116270234,0.9064520283239242,0.8877002116270234,0.9064520283239242,0.8964556875090482,1.151092687510763,0.8964556875090482,1.151092687510763,1.0284442694502423,1.0181602705084893,1.0284442694502423,1.0181602705084893,0.6002648931162614,1.2520541480625669,0.6002648931162614,1.2520541480625669,0.8250207200121288,0.8744870813244348,0.8250207200121288,0.8744870813244348,0.6843741168763539,0.8156418458062578,0.6843741168763539,0.8156418458062578,0.354489347093409,1.265006064285673,0.354489347093409,1.265006064285673,0.7486437420036753,1.063493000326124,0.7486437420036753,1.063493000326124,0.476281418457202,0.645483237672084,0.476281418457202,0.645483237672084
2.382064180108071,2.2147302437579706,2.382064180108071,2.2147302437579706,1.693659250658456,1.8955773922816108,1.693659250658456,1.8955773922816108,2.1952768783683116,2.038296180715497,2.1952768783683116,2.038296180715497,1.9881320421101565,2.5410323411745788,1.9881320421101565,2.5410323411745788,2.382064180108071,2.2147302437579706,2.382064180108071,2.2147302437579706,1.693659250658456,1.8955773922816108,1.693659250658456,1.8955773922816108,2.625487716442355,2.16547365646049,2.625487716442355,2.16547365646049,2.469524532582997,2.285066214822755,2.469524532582997,2.285066214822755,3.051807743635098,2.5085423665617888,3.051807743635098,2.5085423665617888,1.0568942873771126,2.412354445976659,1.0568942873771126,2.412354445976659,2.826620475594802,1.630791742753751,2.826620475594802,1.630791742753751,2.22511590856611,2.7156181197544402,2.22511590856611,2.7156181197544402,1.8648683419573324,1.1254309132838758,1.8648683419573324,1.1254309132838758,0.6138506848482482,2.1707580250558527,0.6138506848482482,2.1707580250558527,2.250309941049817,1.978986287143335,2.250309941049817,1.978986287143335,1.421292526279999,2.094185322987908,1.421292526279999,2.094185322987908,3.447775880190075,1.4546088598251303,3.447775880190075,1.4546088598251303,1.948192697009265,2.5387117306507423,1.948192697009265,2.5387117306507423
0.41234420176521347,0.3715201640909919,0.41234420176521347,0.3715201640909919,0.5796239759152015,0.39672839086369405,0.5796239759152015,0.39672839086369405,0.4802823384014296,0.408037321064892,0.4802823384014296,0.408037321064892,0.6607353298320893,0.46625614001270527,0.6607353298320893,0.46625614001270527,0.41234420176521347,0.3715201640909919,0.41234420176521347,0.3715201640909919,0.5796239759152015,0.39672839086369405,0.5796239759152015,0.39672839086369405,0.5316507505661711,0.4875914070587925,0.5316507505661711,0.4875914070587925,0.9968381855865108,0.5081841225938818,0.9968381855865108,0.5081841225938818,0.6134057195355948,0.5640746964700072,0.6134057195355948,0.5640746964700072,0.46246768762808727,0.5767400334395597,0.46246768762808727,0.5767400334395597,0.39960823074250146,0.46960672478695703,0.39960823074250146,0.46960672478695703,0.4941271426004877,0.5697974699922772,0.4941271426004877,0.5697974699922772,0.6092638012105419,0.45716033558013636,0.6092638012105419,0.45716033558013636,0.5890142664396173,0.4507318182054034,0.5890142664396173,0.4507318182054034,0.451123374659153,0.47171416440884156,0.451123374659153,0.47171416440884156,0.7718655691288614,0.7284453650816464,0.7718655691288614,0.7284453650816464,0.7865215381949913,0.5647369888938245,0.7865215381949913,0.5647369888938245,0.8501670318260738,0.6132101900752489,0.8501670318260738,0.6132101900752489
0.5467114737452026,0.5497363000791103,0.5467114737452026,0.5497363000791103,0.6066496618212834,0.6101979094965642,0.6066496618212834,0.6101979094965642,0.5999860860286527,0.5423033601592059,0.5999860860286527,0.5423033601592059,0.6312078506001697,0.558815008074218,0.6312078506001697,0.558815008074218,0.5467114737452026,0.5497363000791103,0.5467114737452026,0.5497363000791103,0.6066496618212834,0.6101979094965642,0.6066496618212834,0.6101979094965642,0.5987545857635765,0.5880211269194524,0.5987545857635765,0.5880211269194524,0.5907779904867294,0.6376042639284735,0.5907779904867294,0.6376042639284735,0.5956610231244098,0.6181783273481589,0.5956610231244098,0.6181783273481589,0.829317245133119,0.7016157629796602,0.829317245133119,0.7016157629796602,0.6583967500221465,0.5683832161727718,0.6583967500221465,0.5683832161727718,0.5924181906150643,0.8226445879395256,0.5924181906150643,0.8226445879395256,0.684404167997209,0.7494157966889884,0.684404167997209,0.7494157966889884,0.7883312258530559,1.0592642650149784,0.7883312258530559,1.0592642650149784,0.6884842842041208,0.6050787689473736,0.6884842842041208,0.6050787689473736,0.6519837189252237,0.6610272012882397,0.6519837189252237,0.6610272012882397,0.5433986651337472,0.6568071410724882,0.5433986651337472,0.6568071410724882,0.5205341111526756,0.7423852604399914,0.5205341111526756,0.7423852604399914
1.2441819905675788,1.0173341478949152,1.2441819905675788,1.0173341478949152,1.3699908557272686,0.9362350032985886,1.3699908557272686,0.9362350032985886,1.1893152193523517,1.0264828170221953,1.1893152193523517,1.0264828170221953,1.4257484124570274,0.9527300541431697,1.4257484124570274,0.9527300541431697,1.2441819905675788,1.0173341478949152,1.2441819905675788,1.0173341478949152,1.3699908557272686,0.9362350032985886,1.3699908557272686,0.9362350032985886,1.187997559166434,0.8583915732871451,1.187997559166434,0.8583915732871451,0.800421724838274,0.9482596573190502,0.800421724838274,0.9482596573190502,1.2993631366137344,0.9174672652377571,1.2993631366137344,0.9174672652377571,1.4219432631499946,0.8467049158352419,1.4219432631499946,0.8467049158352419,1.3135929278986933,0.7393203742199921,1.3135929278986933,0.7393203742199921,1.1953544082050738,1.0160805072134413,1.1953544082050738,1.0160805072134413,0.9120062125155258,0.9219299677784344,0.9120062125155258,0.9219299677784344,0.5736468802580832,0.45320148341573324,0.5736468802580832,0.45320148341573324,1.1222228662416949,1.1281354333277833,1.1222228662416949,1.1281354333277833,0.9192104537203927,0.9271758826722154,0.9192104537203927,0.9271758826722154,1.060653412064774,0.9574822441238388,1.060653412064774,0.9574822441238388,0.9514911727075671,1.0979291462420535,0.9514911727075671,1.0979291462420535
3.265214721518079,3.424684505352747,3.265214721518079,3.424684505352747,3.4235658946294794,3.4215253029877015,3.4235658946294794,3.4215253029877015,3.16973882414657,3.419319960205375,3.16973882414657,3.419319960205375,3.307857540195742,3.7764691566136745,3.307857540195742,3.7764691566136745,3.265214721518079,3.424684505352747,3.265214721518079,3.424684505352747,3.4235658946294794,3.4215253029877015,3.4235658946294794,3.4215253029877015,3.0011555129128653,3.6500209187476944,3.0011555129128653,3.6500209187476944,3.0862926451268398,3.7165901741156473,3.0862926451268398,3.7165901741156473,2.793168377530854,3.719481584190055,2.793168377530854,3.719481584190055,3.5162805179325294,4.021242379592217,3.5162805179325294,4.021242379592217,2.9635234460118585,3.8030057454769133,2.9635234460118585,3.8030057454769133,3.5288449868620773,3.9521288556138874,3.5288449868620773,3.9521288556138874,3.063270834188391,3.5452670311734904,3.063270834188391,3.5452670311734904,3.1583050341910894,3.5171248188743847,3.1583050341910894,3.5171248188743847,2.8892638667758948,3.897379765975644,2.8892638667758948,3.897379765975644,3.574529113914633,3.102195616705519,3.574529113914633,3.102195616705519,3.7495631993578695,4.330860763136573,3.7495631993578695,4.330860763136573,3.9928914454752173,2.9743920471169076,3.9928914454752173,2.9743920471169076
0.2613418225012844,0.23092419201465017,0.2613418225012844,0.23092419201465017,0.43727106949111755,0.25668468410932,0.43727106949111755,0.25668468410932,0.2467970181941438,0.24773078500261891,0.2467970181941438,0.24773078500261891,0.3475549161916766,0.24230190768047724,0.3475549161916766,0.24230190768047724,0.2613418225012844,0.23092419201465017,0.2613418225012844,0.23092419201465017,0.43727106949111755,0.25668468410932,0.43727106949111755,0.25668468410932,0.27637750357509844,0.2702065136186224,0.27637750357509844,0.2702065136186224,0.3472841731036996,0.36449236505049515,0.3472841731036996,0.36449236505049515,0.31238626755586535,0.2175935889219841,0.31238626755586535,0.2175935889219841,0.32294613435668157,0.23964044886295346,0.32294613435668157,0.23964044886295346,0.27269993378714374,0.2698728608457503,0.27269993378714374,0.2698728608457503,0.3117931043964417,0.35477037630436353,0.3117931043964417,0.35477037630436353,0.31031589661767384,0.25606045555573015,0.31031589661767384,0.25606045555573015,0.31755963285445105,0.2993083739761626,0.31755963285445105,0.2993083739761626,0.349163907309229,0.23897922269753238,0.349163907309229,0.23897922269753238,0.3807210232875465,0.18506063539256723,0.3807210232875465,0.18506063539256723,0.2940771002933165,0.25608302794572285,0.2940771002933165,0.25608302794572285,0.246932202213174,0.34001738279381843,0.246932202213174,0.34001738279381843
0.888596984942054,0.8832285685210101,0.888596984942054,0.8832285685210101,0.8134386156644476,0.938674330373957,0.8134386156644476,0.938674330373957,0.9036259686774403,0.9204303047564788,0.9036259686774403,0.9204303047564788,0.9572901657065954,0.9329607649346338,0.9572901657065954,0.9329607649346338,0.888596984942054,0.8832285685210101,0.888596984942054,0.8832285685210101,0.8134386156644476,0.938674330373957,0.8134386156644476,0.938674330373957,1.1086763464184608,0.7710517065416987,1.1086763464184608,0.7710517065416987,0.9157042917248474,0.9663547905508083,0.9157042917248474,0.9663547905508083,1.0702704001030177,0.8459881262793559,1.0702704001030177,0.8459881262793559,1.0203750286579554,0.8046980166286289,1.0203750286579554,0.8046980166286289,0.9909513423821305,0.797010450124938,0.9909513423821305,0.797010450124938,0.8652888053647426,0.6972082427767409,0.8652888053647426,0.6972082427767409,1.0671499780689349,0.9412940846546604,1.0671499780689349,0.9412940846546604,1.1588986972236697,0.9299366647195032,1.1588986972236697,0.9299366647195032,1.1541350791823672,0.9829681064022365,1.1541350791823672,0.9829681064022365,0.9010571219800542,1.1888302562503503,0.9010571219800542,1.1888302562503503,1.1434884111082353,1.120298713962407,1.1434884111082353,1.120298713962407,1.1352716330795076,1.1926055741558004,1.1352716330795076,1.1926055741558004
0.5137733042004856,0.471831186680822,0.5137733042004856,0.471831186680822,0.45461913304661145,0.30913193680321227,0.45461913304661145,0.30913193680321227,0.5103591612170169,0.4446301866144427,0.5103591612170169,0.4446301866144427,0.4198529970928957,0.32629837071494183,0.4198529970928957,0.32629837071494183,0.5137733042004856,0.471831186680822,0.5137733042004856,0.471831186680822,0.45461913304661145,0.30913193680321227,0.45461913304661145,0.30913193680321227,0.5364965550301205,0.4621387827103219,0.5364965550301205,0.4621387827103219,0.617408958677332,0.405241843135223,0.617408958677332,0.405241843135223,0.5260083291007251,0.4882778507943031,0.5260083291007251,0.4882778507943031,0.6281573797824237,0.4287975920413006,0.6281573797824237,0.4287975920413006,0.48895327986131126,0.5010920298516319,0.48895327986131126,0.5010920298516319,0.5053571452875408,0.46279067945440094,0.5053571452875408,0.46279067945440094,0.3855729796442839,0.2917749046254988,0.3855729796442839,0.2917749046254988,0.3604402926225285,0.391739326611874,0.3604402926225285,0.391739326611874,0.5555166166521491,0.4544748259361093,0.5555166166521491,0.4544748259361093,0.47975238941919546,0.4365422012827231,0.47975238941919546,0.4365422012827231,0.4950052327773309,0.35226092075857857,0.4950052327773309,0.35226092075857857,0.45988011492303094,0.34100462008677696,0.45988011492303094,0.34100462008677696
0.6616120368101567,0.5880795880559699,0.6616120368101567,0.5880795880559699,0.623721942332633,0.592665334716131,0.623721942332633,0.592665334716131,0.7441998927212985,0.5147679110866604,0.7441998927212985,0.5147679110866604,0.7302368466629924,0.5798295414056891,0.7302368466629924,0.5798295414056891,0.6616120368101567,0.5880795880559699,0.6616120368101567,0.5880795880559699,0.623721942332633,0.592665334716131,0.623721942332633,0.592665334716131,0.8244495516821889,0.9061797758793826,0.8244495516821889,0.9061797758793826,0.7994383356450846,0.5983835653783627,0.7994383356450846,0.5983835653783627,0.6297906724336595,0.6032230524536224,0.6297906724336595,0.6032230524536224,0.9784233797413249,0.3760017880508843,0.9784233797413249,0.3760017880508843,0.7053308700961816,0.7563309748592324,0.7053308700961816,0.7563309748592324,0.8414912768489631,0.7483897826229506,0.8414912768489631,0.7483897826229506,0.48047791722382627,0.5488146562414097,0.48047791722382627,0.5488146562414097,0.6831630865362845,0.5074021894611476,0.6831630865362845,0.5074021894611476,0.6416732201708089,0.7927633388653532,0.6416732201708089,0.7927633388653532,0.5467859584012957,0.6290540088905126,0.5467859584012957,0.6290540088905126,0.5403378720010136,0.5621644661132017,0.5403378720010136,0.5621644661132017,0.7402128675897297,0.5360134124613648,0.7402128675897297,0.5360134124613648
2.471486965281193,2.6376968991613983,2.471486965281193,2.6376968991613983,2.434379162376674,2.3705167853554205,2.434379162376674,2.3705167853554205,2.5524305330483537,2.5532963732033354,2.5524305330483537,2.5532963732033354,2.397635534904372,2.637768710460952,2.397635534904372,2.637768710460952,2.471486965281193,2.6376968991613983,2.471486965281193,2.6376968991613983,2.434379162376674,2.3705167853554205,2.434379162376674,2.3705167853554205,2.6254682832676455,2.4721650409611806,2.6254682832676455,2.4721650409611806,2.3905705436705613,2.0975038511665804,2.3905705436705613,2.0975038511665804,2.5895534685596515,2.6902448725328143,2.5895534685596515,2.6902448725328143,2.4834848854098763,2.5397453007895936,2.4834848854098763,2.5397453007895936,2.109704776160505,2.486551366267039,2.109704776160505,2.486551366267039,2.1657433957133088,2.344687909669074,2.1657433957133088,2.344687909669074,2.1185776248721275,2.050461966629804,2.1185776248721275,2.050461966629804,1.5341827830062604,2.72786543804173,1.5341827830062604,2.72786543804173,2.654888087291812,2.7078733141797198,2.654888087291812,2.7078733141797198,2.613378417910164,2.0223314660176714,2.613378417910164,2.0223314660176714,2.2783129255458943,2.0560430893044237,2.2783129255458943,2.0560430893044237,2.014994134289529,1.5239099724590341,2.014994134289529,1.5239099724590341
1.0921205570681782,1.1370151942250915,1.0921205570681782,1.1370151942250915,1.1851354709136597,1.3015955977307507,1.1851354709136597,1.3015955977307507,1.1262722947011918,1.0489138026420708,1.1262722947011918,1.0489138026420708,1.1099837666517873,1.4813305494424858,1.1099837666517873,1.4813305494424858,1.0921205570681782,1.1370151942250915,1.0921205570681782,1.1370151942250915,1.1851354709136597,1.3015955977307507,1.1851354709136597,1.3015955977307507,1.2630684041327556,1.219850169939179,1.2630684041327556,1.219850169939179,1.1322651632423382,1.1988045709145259,1.1322651632423382,1.1988045709145259,1.240391020219351,1.0006225110087164,1.240391020219351,1.0006225110087164,1.410473271178586,1.4002338612445984,1.410473271178586,1.4002338612445984,1.3142121175583243,1.025878935908595,1.3142121175583243,1.025878935908595,1.2594261187093017,1.1907905425074066,1.2594261187093017,1.1907905425074066,1.048624174912302,1.2536365054266883,1.048624174912302,1.2536365054266883,1.1952379944513785,0.9959212942835497,1.1952379944513785,0.9959212942835497,1.1755830279036927,1.0749338589202178,1.1755830279036927,1.0749338589202178,1.262144399256263,1.3726824035606884,1.262144399256263,1.3726824035606884,1.199083563318324,0.9118872146859675,1.199083563318324,0.9118872146859675,1.0236516408901732,1.20679401064906,1.0236516408901732,1.20679401064906
0.040350301374693635,0.026612203330549825,0.040350301374693635,0.026612203330549825,0.031335251159993895,0.018908928032862187,0.031335251159993895,0.018908928032862187,0.04249863126365061,0.018930573011482786,0.04249863126365061,0.018930573011482786,0.056627367029064464,0.032980210361828376,0.056627367029064464,0.032980210361828376,0.040350301374693635,0.026612203330549825,0.040350301374693635,0.026612203330549825,0.031335251159993895,0.018908928032862187,0.031335251159993895,0.018908928032862187,0.055005072197854145,0.05418431490144596,0.055005072197854145,0.05418431490144596,0.03685572237696922,0.10339502418949753,0.03685572237696922,0.10339502418949753,0.04905390512245065,0.034519228997927386,0.04905390512245065,0.034519228997927386,0.03999896751534235,0.058715966252092695,0.03999896751534235,0.058715966252092695,0.06095184216354616,0.03706914409830717,0.06095184216354616,0.03706914409830717,0.09558368193864503,0.060795432823961694,0.09558368193864503,0.060795432823961694,0.0751494840578379,0.025048467233147544,0.0751494840578379,0.025048467233147544,0.11123675146739476,0.09393546991188732,0.11123675146739476,0.09393546991188732,0.059735158014532865,0.0539518617624089,0.059735158014532865,0.0539518617624089,0.08997279119891478,0.08232140964913956,0.08997279119891478,0.08232140964913956,0.0488880142201838,0.05336262225588457,0.0488880142201838,0.05336262225588457,0.08716328776146555,0.21765841087763385,0.08716328776146555,0.21765841087763385
0.7173815394519716,0.7356979617277345,0.7173815394519716,0.7356979617277345,0.6987601743824655,0.7644922627011829,0.6987601743824655,0.7644922627011829,0.7164716214989206,0.7098895009500894,0.7164716214989206,0.7098895009500894,0.7751729784092952,0.7983209759870765,0.7751729784092952,0.7983209759870765,0.7173815394519716,0.7356979617277345,0.7173815394519716,0.7356979617277345,0.6987601743824655,0.7644922627011829,0.6987601743824655,0.7644922627011829,0.7921236559245819,0.7724486458655914,0.7921236559245819,0.7724486458655914,0.8823258320376656,0.6356636164553344,0.8823258320376656,0.6356636164553344,0.8523962036502964,0.7482237685248005,0.8523962036502964,0.7482237685248005,0.8146414766023922,0.7120670712009026,0.8146414766023922,0.7120670712009026,0.8205973389223367,0.7639203189071258,0.8205973389223367,0.7639203189071258,0.6515443910376527,0.6769155641196017,0.6515443910376527,0.6769155641196017,0.8182639788345778,0.6620667107277945,0.8182639788345778,0.6620667107277945,0.7733399178465742,0.6403219283935347,0.7733399178465742,0.6403219283935347,0.7059381577007661,0.6794636647518844,0.7059381577007661,0.6794636647518844,0.665660611192657,0.7213082001253285,0.665660611192657,0.7213082001253285,0.8265788523763634,0.6804915468514589,0.8265788523763634,0.6804915468514589,0.8734281918139642,0.8527417280283124,0.8734281918139642,0.8527417280283124
0.767993376523132,0.7998843042813175,0.767993376523132,0.7998843042813175,0.7590912069414907,0.8313263437001219,0.7590912069414907,0.8313263437001219,0.6751854352555638,0.8583604296824762,0.6751854352555638,0.8583604296824762,0.7246396143347239,0.836926721782777,0.7246396143347239,0.836926721782777,0.767993376523132,0.7998843042813175,0.767993376523132,0.7998843042813175,0.7590912069414907,0.8313263437001219,0.7590912069414907,0.8313263437001219,0.7497716948724017,0.6837207647256052,0.7497716948724017,0.6837207647256052,0.5373573679966748,0.49904510042559075,0.5373573679966748,0.49904510042559075,0.6031368865135865,0.6585446126314941,0.6031368865135865,0.6585446126314941,0.791875883126806,0.565606837846525,0.791875883126806,0.565606837846525,0.7240651594369137,0.6700308000469151,0.7240651594369137,0.6700308000469151,0.6866443690261458,0.5926709177839663,0.6866443690261458,0.5926709177839663,0.42216537065138765,0.6232928170277784,0.42216537065138765,0.6232928170277784,0.7093880677814898,0.5299052536040405,0.7093880677814898,0.5299052536040405,0.722200350651919,0.6909884126895038,0.722200350651919,0.6909884126895038,0.7543457451662346,0.6375820783959701,0.7543457451662346,0.6375820783959701,0.5194231977748851,0.6501183334429446,0.5194231977748851,0.6501183334429446,0.3982344033765681,0.5239495598193125,0.3982344033765681,0.5239495598193125
0.6401005469000383,0.5472455421695254,0.6401005469000383,0.5472455421695254,0.6343993887395272,0.8873033133339976,0.6343993887395272,0.8873033133339976,0.6196836254939058,0.521978922531338,0.6196836254939058,0.521978922531338,0.6159361348370118,0.7674938185492115,0.6159361348370118,0.7674938185492115,0.6401005469000383,0.5472455421695254,0.6401005469000383,0.5472455421695254,0.6343993887395272,0.8873033133339976,0.6343993887395272,0.8873033133339976,0.6915189890497077,0.5281328744428893,0.6915189890497077,0.5281328744428893,0.6350364786391836,0.7751137973761303,0.6350364786391836,0.7751137973761303,0.5721677301158758,0.5402500421025295,0.5721677301158758,0.5402500421025295,0.6538600219811308,0.7692354414135729,0.6538600219811308,0.7692354414135729,0.6568980788641648,0.5264591095671175,0.6568980788641648,0.5264591095671175,0.9853940889574916,0.8150855607818014,0.9853940889574916,0.8150855607818014,0.7292244383369965,0.5086800732258799,0.7292244383369965,0.5086800732258799,0.7337666618601496,0.8551852469012536,0.7337666618601496,0.8551852469012536,0.6269632197148401,0.5427732511080766,0.6269632197148401,0.5427732511080766,1.3605958278431036,0.9346202596322072,1.3605958278431036,0.9346202596322072,0.8253210352338191,0.5815982933644883,0.8253210352338191,0.5815982933644883,0.8612683744873885,0.6732356532185162,0.8612683744873885,0.6732356532185162
0.4782673187271473,0.4640930241311578,0.4782673187271473,0.4640930241311578,0.40014588510836907,0.5335922405453651,0.40014588510836907,0.5335922405453651,0.4348936328078666,0.4480737396807255,0.4348936328078666,0.4480737396807255,0.495235717986654,0.6304692012983375,0.495235717986654,0.6304692012983375,0.4782673187271473,0.4640930241311578,0.4782673187271473,0.4640930241311578,0.40014588510836907,0.5335922405453651,0.40014588510836907,0.5335922405453651,0.4773084084551593,0.6235309048696662,0.4773084084551593,0.6235309048696662,0.794325433563023,0.6218697404646057,0.794325433563023,0.6218697404646057,0.5028966907219077,0.5981922382734971,0.5028966907219077,0.5981922382734971,0.5770422465173826,0.4704318066114517,0.5770422465173826,0.4704318066114517,0.494446232794678,0.566824943071316,0.494446232794678,0.566824943071316,0.8197125171196816,0.8672885305110319,0.8197125171196816,0.8672885305110319,0.6664418974219354,0.6143906539940464,0.6664418974219354,0.6143906539940464,0.7604854336321901,0.718840273789109,0.7604854336321901,0.718840273789109,0.5427356544206005,0.641661342090919,0.5427356544206005,0.641661342090919,0.8000104351865263,0.7191850995038953,0.8000104351865263,0.7191850995038953,0.49033433969201856,0.5693610665619384,0.49033433969201856,0.5693610665619384,0.9097032266412549,1.1575857335260393,0.9097032266412549,1.1575857335260393
0.06762795845822131,0.0930003204768403,0.06762795845822131,0.0930003204768403,0.07006293982920665,0.05956848713781451,0.07006293982920665,0.05956848713781451,0.059966218486728444,0.07718257396561268,0.059966218486728444,0.07718257396561268,0.06460198564970619,0.07003217919658505,0.06460198564970619,0.07003217919658505,0.06762795845822131,0.0930003204768403,0.06762795845822131,0.0930003204768403,0.07006293982920665,0.05956848713781451,0.07006293982920665,0.05956848713781451,0.046861075114305255,0.05763516023469148,0.046861075114305255,0.05763516023469148,0.06276232549481046,0.044437710460623225,0.06276232549481046,0.044437710460623225,0.04543836964975583,0.046962778445167365,0.04543836964975583,0.046962778445167365,0.046636653958980666,0.05926093573651022,0.046636653958980666,0.05926093573651022,0.048983903552250595,0.049831081625529274,0.048983903552250595,0.049831081625529274,0.055256822455852284,0.03278579279068417,0.055256822455852284,0.03278579279068417,0.04211409961276052,0.04126874189618714,0.04211409961276052,0.04126874189618714,0.043578447348708305,0.036723320348230136,0.043578447348708305,0.036723320348230136,0.04391052238125301,0.032056869567205305,0.04391052238125301,0.032056869567205305,0.06911449853001164,0.02510559607643874,0.06911449853001164,0.02510559607643874,0.04216559955307316,0.04041139711476089,0.04216559955307316,0.04041139711476089,0.03978690105357011,0.03744489573759725,0.03978690105357011,0.03744489573759725
1.1566369409508568,1.2371703579357822,1.1566369409508568,1.2371703579357822,1.1843320338510022,1.0851315846640195,1.1843320338510022,1.0851315846640195,1.2993821916450747,1.1834694244009156,1.2993821916450747,1.1834694244009156,1.0474028428561164,1.1371045147244754,1.0474028428561164,1.1371045147244754,1.1566369409508568,1.2371703579357822,1.1566369409508568,1.2371703579357822,1.1843320338510022,1.0851315846640195,1.1843320338510022,1.0851315846640195,1.0885936201296056,0.9608916145876332,1.0885936201296056,0.9608916145876332,0.9905288934146921,1.0913775968888293,0.9905288934146921,1.0913775968888293,1.0709306525712086,1.0121088586291074,1.0709306525712086,1.0121088586291074,1.2385232387988818,1.2467526060316076,1.2385232387988818,1.2467526060316076,0.984735142573891,0.9639311824507132,0.984735142573891,0.9639311824507132,0.8580246556231245,1.0548362397555435,0.8580246556231245,1.0548362397555435,1.140312698086174,1.1073599802390406,1.140312698086174,1.1073599802390406,0.8508843708932505,1.0928037770420451,0.8508843708932505,1.0928037770420451,1.0273285517788795,1.2376501479762465,1.0273285517788795,1.2376501479762465,1.0322123350033978,1.1660740690679485,1.0322123350033978,1.1660740690679485,1.2357878216510862,1.0499861773903387,1.2357878216510862,1.0499861773903387,0.869408016168424,0.7385819868463213,0.869408016168424,0.7385819868463213
0.26023847672907896,0.3536747325476056,0.26023847672907896,0.3536747325476056,0.32188951999902915,0.2490536012144985,0.32188951999902915,0.2490536012144985,0.30184901414797766,0.27631021197845057,0.30184901414797766,0.27631021197845057,0.33919783404605175,0.24539428513384037,0.33919783404605175,0.24539428513384037,0.26023847672907896,0.3536747325476056,0.26023847672907896,0.3536747325476056,0.32188951999902915,0.2490536012144985,0.32188951999902915,0.2490536012144985,0.3515301377257909,0.2815976221832725,0.3515301377257909,0.2815976221832725,0.5274716776954896,0.20523107404678018,0.5274716776954896,0.20523107404678018,0.26257102946640304,0.3033359826323233,0.26257102946640304,0.3033359826323233,0.2439838761119309,0.24726256758234924,0.2439838761119309,0.24726256758234924,0.3459301546666355,0.26156803081808755,0.3459301546666355,0.26156803081808755,0.27757883469076367,0.20478482758637526,0.27757883469076367,0.20478482758637526,0.25791900227916886,0.20669677234376288,0.25791900227916886,0.20669677234376288,0.1665722323956542,0.3066266888445713,0.1665722323956542,0.3066266888445713,0.2446740087409656,0.20347942103295472,0.2446740087409656,0.20347942103295472,0.2489601896454436,0.15000043013471015,0.2489601896454436,0.15000043013471015,0.2753549202007353,0.24475494552421956,0.2753549202007353,0.24475494552421956,0.3336274206617105,0.29046356966631165,0.3336274206617105,0.29046356966631165
0.42959653610692283,0.2564364835882389,0.42959653610692283,0.2564364835882389,0.31150897552739865,0.35980236180545894,0.31150897552739865,0.35980236180545894,0.3757464662585952,0.31688945411593983,0.3757464662585952,0.31688945411593983,0.33002578998518406,0.34269525856932226,0.33002578998518406,0.34269525856932226,0.42959653610692283,0.2564364835882389,0.42959653610692283,0.2564364835882389,0.31150897552739865,0.35980236180545894,0.31150897552739865,0.35980236180545894,0.2785636979236296,0.17244819203190992,0.2785636979236296,0.17244819203190992,0.12135246987947415,0.09267638079148303,0.12135246987947415,0.09267638079148303,0.29576680630708646,0.2585016108485018,0.29576680630708646,0.2585016108485018,0.11150731211227013,0.10876145884486525,0.11150731211227013,0.10876145884486525,0.27362358537976694,0.1957773753888992,0.27362358537976694,0.1957773753888992,0.1256559999136474,0.07284715003000782,0.1256559999136474,0.07284715003000782,0.199291469159452,0.14875273727521024,0.199291469159452,0.14875273727521024,0.06499858858987458,0.15241861488560218,0.06499858858987458,0.15241861488560218,0.23041149009143252,0.26666637462362464,0.23041149009143252,0.26666637462362464,0.13752992929494884,0.12791521603496372,0.13752992929494884,0.12791521603496372,0.15495287021518653,0.14918969830711132,0.15495287021518653,0.14918969830711132,0.05006328748020376,0.03238225688919326,0.05006328748020376,0.03238225688919326
2.1648086913069657,2.1060069073288594,2.1648086913069657,2.1060069073288594,2.4923347626325136,2.0046013385848966,2.4923347626325136,2.0046013385848966,2.2250132875650914,1.976004884602146,2.2250132875650914,1.976004884602146,2.3129968322897043,2.8246927194534353,2.3129968322897043,2.8246927194534353,2.1648086913069657,2.1060069073288594,2.1648086913069657,2.1060069073288594,2.4923347626325136,2.0046013385848966,2.4923347626325136,2.0046013385848966,2.586160684909694,2.7003030758487037,2.586160684909694,2.7003030758487037,3.0386384638313704,2.6135163336395237,3.0386384638313704,2.6135163336395237,2.554670589012594,2.2674247597551096,2.554670589012594,2.2674247597551096,2.9925333588640295,2.5567239252124874,2.9925333588640295,2.5567239252124874,2.9856310640737638,2.4342887036840186,2.9856310640737638,2.4342887036840186,3.0226748686310003,2.737755539859309,3.0226748686310003,2.737755539859309,2.2970558375399794,2.723434639459451,2.2970558375399794,2.723434639459451,3.995217770768135,2.34628730409735,3.995217770768135,2.34628730409735,2.632412620610628,2.6623177091889643,2.632412620610628,2.6623177091889643,2.661605014672907,2.877911229430934,2.661605014672907,2.877911229430934,2.730828449088481,2.1529912423830604,2.730828449088481,2.1529912423830604,2.3590329105443453,2.177156983289473,2.3590329105443453,2.177156983289473
1.757314839835051,1.902138114262859,1.757314839835051,1.902138114262859,1.7406152512770183,1.7081836941278872,1.7406152512770183,1.7081836941278872,1.7681731259904148,1.8132963315074342,1.7681731259904148,1.8132963315074342,1.9540186291859485,1.7391551972132988,1.9540186291859485,1.7391551972132988,1.757314839835051,1.902138114262859,1.757314839835051,1.902138114262859,1.7406152512770183,1.7081836941278872,1.7406152512770183,1.7081836941278872,1.7434664165707432,1.7200347096333708,1.7434664165707432,1.7200347096333708,1.86616862467456,1.9333909689989632,1.86616862467456,1.9333909689989632,1.8080003893363945,1.751368268023959,1.8080003893363945,1.751368268023959,1.8473319117832563,2.047449114337237,1.8473319117832563,2.047449114337237,1.8619015353953223,1.7805335812039982,1.8619015353953223,1.7805335812039982,1.985137497505713,1.7479168224345405,1.985137497505713,1.7479168224345405,1.8436542059329633,1.6527525760184414,1.8436542059329633,1.6527525760184414,2.2255841930896105,1.7349977444974876,2.2255841930896105,1.7349977444974876,1.7614634375656326,1.7955635079487546,1.7614634375656326,1.7955635079487546,1.8646240345605904,2.0656875927365284,1.8646240345605904,2.0656875927365284,1.835275676224493,1.7927124794087732,1.835275676224493,1.7927124794087732,1.7705639363754853,1.7019774536352248,1.7705639363754853,1.7019774536352248
1.1553011489226102,1.193839578590677,1.1553011489226102,1.193839578590677,0.8570312399993602,0.8433559559921712,0.8570312399993602,0.8433559559921712,1.2099379078944044,1.2115927900916281,1.2099379078944044,1.2115927900916281,1.1399681585894497,1.3552980681133446,1.1399681585894497,1.3552980681133446,1.1553011489226102,1.193839578590677,1.1553011489226102,1.193839578590677,0.8570312399993602,0.8433559559921712,0.8570312399993602,0.8433559559921712,1.4244893618915373,1.106924285383834,1.4244893618915373,1.106924285383834,0.7952493379265307,0.9675131488278974,0.7952493379265307,0.9675131488278974,1.1587902203916152,1.0920342555205398,1.1587902203916152,1.0920342555205398,0.8846593049796299,1.411810348829609,0.8846593049796299,1.411810348829609,1.1193811216470624,1.21411207319602,1.1193811216470624,1.21411207319602,0.8839960088864304,1.281473767682256,0.8839960088864304,1.281473767682256,0.8502994612162502,0.9092592900794503,0.8502994612162502,0.9092592900794503,1.6388182934309605,1.70734799084142,1.6388182934309605,1.70734799084142,0.9476369595085958,1.0552598242612383,0.9476369595085958,1.0552598242612383,1.434493609562822,1.4260288103635166,1.434493609562822,1.4260288103635166,0.9834527344063427,0.9322917934393682,0.9834527344063427,0.9322917934393682,1.1285313695599024,1.0006460395961951,1.1285313695599024,1.0006460395961951
0.2773798146743257,0.1897422834832766,0.2773798146743257,0.1897422834832766,0.2765686143938567,0.17536830614656046,0.2765686143938567,0.17536830614656046,0.29139394708846994,0.168353140904803,0.29139394708846994,0.168353140904803,0.22238679561452268,0.19965165841227764,0.22238679561452268,0.19965165841227764,0.2773798146743257,0.1897422834832766,0.2773798146743257,0.1897422834832766,0.2765686143938567,0.17536830614656046,0.2765686143938567,0.17536830614656046,0.16978230421474094,0.16534331401917088,0.16978230421474094,0.16534331401917088,0.17920253762873437,0.24737353603916956,0.17920253762873437,0.24737353603916956,0.21458492641464494,0.14087862497534015,0.21458492641464494,0.14087862497534015,0.1069842968533952,0.2412249891240295,0.1069842968533952,0.2412249891240295,0.17584937420626529,0.21406994799989104,0.17584937420626529,0.21406994799989104,0.28074788338859324,0.15002038055075825,0.28074788338859324,0.15002038055075825,0.13583188747419034,0.19726443626034035,0.13583188747419034,0.19726443626034035,0.07825423474022061,0.26674703478387934,0.07825423474022061,0.26674703478387934,0.1259974799380105,0.1250056428523122,0.1259974799380105,0.1250056428523122,0.07982781204060505,0.18043142900661363,0.07982781204060505,0.18043142900661363,0.16799316256696212,0.12299766387792999,0.16799316256696212,0.12299766387792999,0.11975432369839663,0.07935973517560718,0.11975432369839663,0.07935973517560718
8.37825344107862,8.199837558957029,8.37825344107862,8.199837558957029,10.458571335015087,9.677731573753055,10.458571335015087,9.677731573753055,8.377415792593986,8.365351505968873,8.377415792593986,8.365351505968873,8.053171604051899,10.913555215183598,8.053171604051899,10.913555215183598,8.37825344107862,8.199837558957029,8.37825344107862,8.199837558957029,10.458571335015087,9.677731573753055,10.458571335015087,9.677731573753055,8.005422134169159,9.797294165836464,8.005422134169159,9.797294165836464,9.9228955809168,9.521059494849343,9.9228955809168,9.521059494849343,8.623106268761903,9.607126232189877,8.623106268761903,9.607126232189877,8.678076597118562,11.900971320522288,8.678076597118562,11.900971320522288,8.294098461150568,10.220863026542832,8.294098461150568,10.220863026542832,9.217447396027087,10.974966401073722,9.217447396027087,10.974966401073722,8.926571156234187,10.08247124642755,8.926571156234187,10.08247124642755,10.18236321560875,10.051812461287223,10.18236321560875,10.051812461287223,9.220692172516138,10.331420971312262,9.220692172516138,10.331420971312262,10.29868051637273,10.535629304864948,10.29868051637273,10.535629304864948,9.193722498855829,10.233053971687873,9.193722498855829,10.233053971687873,9.249677508089468,10.04044227508908,9.249677508089468,10.04044227508908
3.09269987159075,3.3181988493687045,3.09269987159075,3.3181988493687045,3.2125063925395048,3.26821888733634,3.2125063925395048,3.26821888733634,3.0670824392187974,3.2420341302025393,3.0670824392187974,3.2420341302025393,3.3379726357685717,3.4454850717812784,3.3379726357685717,3.4454850717812784,3.09269987159075,3.3181988493687045,3.09269987159075,3.3181988493687045,3.2125063925395048,3.26821888733634,3.2125063925395048,3.26821888733634,3.5412804705133754,3.3275383376431633,3.5412804705133754,3.3275383376431633,3.3652271325851943,3.404743843894903,3.3652271325851943,3.404743843894903,3.3796534984806628,3.4267210017577385,3.3796534984806628,3.4267210017577385,3.159866720199208,3.2233837702148564,3.159866720199208,3.2233837702148564,3.1990712639736953,3.366886963211626,3.1990712639736953,3.366886963211626,2.9777627304044847,3.369891230302823,2.9777627304044847,3.369891230302823,3.348117803162883,3.3728765085825714,3.348117803162883,3.3728765085825714,2.3979616780607573,3.3954776862754175,2.3979616780607573,3.3954776862754175,3.656869455418653,3.2245279887040845,3.656869455418653,3.2245279887040845,3.2956538262088864,3.555434866736141,3.2956538262088864,3.555434866736141,3.2743009102686527,3.279283575168857,3.2743009102686527,3.279283575168857,3.3565376116607633,2.6909854640537874,3.3565376116607633,2.6909854640537874
0.4211196082955375,0.39648789122561295,0.4211196082955375,0.39648789122561295,0.33262756657501896,0.329365010216137,0.33262756657501896,0.329365010216137,0.44650626138310257,0.393914746444207,0.44650626138310257,0.393914746444207,0.3907422807321872,0.3735755405313112,0.3907422807321872,0.3735755405313112,0.4211196082955375,0.39648789122561295,0.4211196082955375,0.39648789122561295,0.33262756657501896,0.329365010216137,0.33262756657501896,0.329365010216137,0.328926788828462,0.4098005846149844,0.328926788828462,0.4098005846149844,0.4467570699040373,0.3780183238282959,0.4467570699040373,0.3780183238282959,0.347675774837879,0.38201389320373447,0.347675774837879,0.38201389320373447,0.39555496648892574,0.44131479165277193,0.39555496648892574,0.44131479165277193,0.33401662752379346,0.40734447476770735,0.33401662752379346,0.40734447476770735,0.4125199718623023,0.36298817576678893,0.4125199718623023,0.36298817576678893,0.44727889774565144,0.406477709080821,0.44727889774565144,0.406477709080821,0.6181736802518665,0.49420700992658206,0.6181736802518665,0.49420700992658206,0.33580508951100047,0.4462200783403421,0.33580508951100047,0.4462200783403421,0.4906234383888681,0.4993597631093188,0.4906234383888681,0.4993597631093188,0.41097228252346896,0.46787594102542346,0.41097228252346896,0.46787594102542346,0.5433807868522026,0.4500022780246687,0.5433807868522026,0.4500022780246687
1.0992096924981682,1.0656301807098763,1.0992096924981682,1.0656301807098763,1.0937230436467131,1.0608252895330348,1.0937230436467131,1.0608252895330348,1.1010071346398254,1.0909683128038832,1.1010071346398254,1.0909683128038832,1.1451100275441315,0.9752577146283378,1.1451100275441315,0.9752577146283378,1.0992096924981682,1.0656301807098763,1.0992096924981682,1.0656301807098763,1.0937230436467131,1.0608252895330348,1.0937230436467131,1.0608252895330348,1.0284654598503888,0.9557249154532909,1.0284654598503888,0.9557249154532909,1.1113440753914805,1.0486954428452446,1.1113440753914805,1.0486954428452446,0.9850419084350565,1.0045322118854536,0.9850419084350565,1.0045322118854536,1.0183344983271703,1.0236990591886117,1.0183344983271703,1.0236990591886117,0.9997005960873636,1.0111549279835428,0.9997005960873636,1.0111549279835428,0.9926580326102216,0.9958561710835142,0.9926580326102216,0.9958561710835142,1.0121712981343116,0.949501566546498,1.0121712981343116,0.949501566546498,1.0310794821761113,0.9026657643870379,1.0310794821761113,0.9026657643870379,1.0699270177786893,0.9276248308120097,1.0699270177786893,0.9276248308120097,0.8672503355405992,0.8925374030894652,0.8672503355405992,0.8925374030894652,0.9404889253175842,1.016635598350054,0.9404889253175842,1.016635598350054,0.9546567383668637,1.0522751671028738,0.9546567383668637,1.0522751671028738
1.4754995950710794,1.466039070731654,1.4754995950710794,1.466039070731654,1.5133684159322873,1.3556367906157996,1.5133684159322873,1.3556367906157996,1.5019301163554593,1.474342186033992,1.5019301163554593,1.474342186033992,1.3797764235357968,1.3165812376490142,1.3797764235357968,1.3165812376490142,1.4754995950710794,1.466039070731654,1.4754995950710794,1.466039070731654,1.5133684159322873,1.3556367906157996,1.5133684159322873,1.3556367906157996,1.2627863654392912,1.3797957369690665,1.2627863654392912,1.3797957369690665,1.3811124101856516,1.322377598268765,1.3811124101856516,1.322377598268765,1.3461672648685583,1.648276214435194,1.3461672648685583,1.648276214435194,1.2161453820521015,1.208880564323797,1.2161453820521015,1.208880564323797,1.2943314048880157,1.3785808183900643,1.2943314048880157,1.3785808183900643,1.4773367070667043,1.227548568626183,1.4773367070667043,1.227548568626183,1.0638071304917882,1.5121496438903583,1.0638071304917882,1.5121496438903583,1.2843048642741846,1.194564924439515,1.2843048642741846,1.194564924439515,1.0009330633153588,1.2489275899753791,1.0009330633153588,1.2489275899753791,0.9687610612751125,1.2485874860640978,0.9687610612751125,1.2485874860640978,0.9899150262940309,1.166499370255809,0.9899150262940309,1.166499370255809,1.1365116146991097,1.0819113468450359,1.1365116146991097,1.0819113468450359
0.4989479721600388,0.5547820382332423,0.4989479721600388,0.5547820382332423,0.8732340938386212,1.4214897053097895,0.8732340938386212,1.4214897053097895,0.5085943834923001,0.5410820245082333,0.5085943834923001,0.5410820245082333,0.6001866534641199,0.801151819805916,0.6001866534641199,0.801151819805916,0.4989479721600388,0.5547820382332423,0.4989479721600388,0.5547820382332423,0.8732340938386212,1.4214897053097895,0.8732340938386212,1.4214897053097895,0.7871001616587083,0.29783915675088857,0.7871001616587083,0.29783915675088857,0.3723970860289286,0.8421539637399958,0.3723970860289286,0.8421539637399958,0.5492637106257762,0.4107307487982497,0.5492637106257762,0.4107307487982497,0.608827713740963,0.772934431505617,0.608827713740963,0.772934431505617,0.6125770946365555,0.40433853884240284,0.6125770946365555,0.40433853884240284,1.4039942794292104,1.5185361330252456,1.4039942794292104,1.5185361330252456,0.8461720551707372,0.2953699846555706,0.8461720551707372,0.2953699846555706,0.47102752454700314,0.4782557563586225,0.47102752454700314,0.4782557563586225,0.3673117029164357,0.5251904183789021,0.3673117029164357,0.5251904183789021,2.0229138847982164,1.2353986312076228,2.0229138847982164,1.2353986312076228,0.6131355329589486,0.48808278095930074,0.6131355329589486,0.48808278095930074,0.3238398515884012,1.7469731922163456,0.3238398515884012,1.7469731922163456
0.2765785540553314,0.2760587366848703,0.2765785540553314,0.2760587366848703,0.21175727334896016,0.24673470540591227,0.21175727334896016,0.24673470540591227,0.2710577574861326,0.2975284289940219,0.2710577574861326,0.2975284289940219,0.16732723229652058,0.27061550569271386,0.16732723229652058,0.27061550569271386,0.2765785540553314,0.2760587366848703,0.2765785540553314,0.2760587366848703,0.21175727334896016,0.24673470540591227,0.21175727334896016,0.24673470540591227,0.18802163228150076,0.19300841268764846,0.18802163228150076,0.19300841268764846,0.14374633455159305,0.12610917117521797,0.14374633455159305,0.12610917117521797,0.2197739045892476,0.25114755082388557,0.2197739045892476,0.25114755082388557,0.12706473589560544,0.11738516201185445,0.12706473589560544,0.11738516201185445,0.17600740694662068,0.24564073930607258,0.17600740694662068,0.24564073930607258,0.12103568664954209,0.12592172730702342,0.12103568664954209,0.12592172730702342,0.16096789697417116,0.09941117654709056,0.16096789697417116,0.09941117654709056,0.12568152130966231,0.06518469393642079,0.12568152130966231,0.06518469393642079,0.16227830006327665,0.14422094656604628,0.16227830006327665,0.14422094656604628,0.06477163868295065,0.05701589261951819,0.06477163868295065,0.05701589261951819,0.1239259743002146,0.07785381697374341,0.1239259743002146,0.07785381697374341,0.12003190471402936,0.11049905707937527,0.12003190471402936,0.11049905707937527
0.2573292871597335,0.18861904533701213,0.2573292871597335,0.18861904533701213,0.16846880569469008,0.196651940795852,0.16846880569469008,0.196651940795852,0.22222252062500186,0.2025216058355676,0.22222252062500186,0.2025216058355676,0.14206294117958096,0.2115467137317749,0.14206294117958096,0.2115467137317749,0.2573292871597335,0.18861904533701213,0.2573292871597335,0.18861904533701213,0.16846880569469008,0.196651940795852,0.16846880569469008,0.196651940795852,0.21521663568591612,0.19646260842014315,0.21521663568591612,0.19646260842014315,0.17775418964906906,0.1690498167861694,0.17775418964906906,0.1690498167861694,0.20144546533695412,0.22707495725307247,0.20144546533695412,0.22707495725307247,0.17997295608865885,0.21945834383862114,0.17997295608865885,0.21945834383862114,0.19408197743061076,0.139166443361937,0.19408197743061076,0.139166443361937,0.13159837581450445,0.15761930354212958,0.13159837581450445,0.15761930354212958,0.16916810472570176,0.23068902419142054,0.16916810472570176,0.23068902419142054,0.1362364273655606,0.13376977672312831,0.1362364273655606,0.13376977672312831,0.21386687462354673,0.25508604062749757,0.21386687462354673,0.25508604062749757,0.13316336783994,0.26817160249714667,0.13316336783994,0.26817160249714667,0.19313582728242126,0.20068740774128033,0.19313582728242126,0.20068740774128033,0.20890992019339397,0.14035559449468615,0.20890992019339397,0.14035559449468615
1.0137008705478794,0.9748130985573951,1.0137008705478794,0.9748130985573951,0.835649040155207,0.7463474586843432,0.835649040155207,0.7463474586843432,0.9538710890865784,0.9647698883158474,0.9538710890865784,0.9647698883158474,0.7885649859955424,0.8281815989916891,0.7885649859955424,0.8281815989916891,1.0137008705478794,0.9748130985573951,1.0137008705478794,0.9748130985573951,0.835649040155207,0.7463474586843432,0.835649040155207,0.7463474586843432,0.8908805386082091,0.8991540170848225,0.8908805386082091,0.8991540170848225,1.0363783496997394,0.9518160515795949,1.0363783496997394,0.9518160515795949,0.9111493273913426,0.8886906201169716,0.9111493273913426,0.8886906201169716,0.7000318060808847,0.8033944214318332,0.7000318060808847,0.8033944214318332,0.9735657484359972,0.8135984088959141,0.9735657484359972,0.8135984088959141,0.7825902835779238,0.9414058209500978,0.7825902835779238,0.9414058209500978,1.1507793504018722,0.8684710189882424,1.1507793504018722,0.8684710189882424,1.4056750103289763,1.021382579720268,1.4056750103289763,1.021382579720268,0.8676782022650826,0.8850120273243931,0.8676782022650826,0.8850120273243931,0.8925082369112762,0.7807951338112173,0.8925082369112762,0.7807951338112173,1.0108703802184675,0.896985955051838,1.0108703802184675,0.896985955051838,0.8924139553695767,1.107502073901577,0.8924139553695767,1.107502073901577
0.9977154244677539,0.9527203823846507,0.9977154244677539,0.9527203823846507,0.9846517385194873,0.71219034123767,0.9846517385194873,0.71219034123767,1.0412734571845788,0.9491792308656822,1.0412734571845788,0.9491792308656822,1.188307856992545,0.6903708619538563,1.188307856992545,0.6903708619538563,0.9977154244677539,0.9527203823846507,0.9977154244677539,0.9527203823846507,0.9846517385194873,0.71219034123767,0.9846517385194873,0.71219034123767,0.9859077187603466,0.6444290870792797,0.9859077187603466,0.6444290870792797,0.7343373862850098,0.5125370706673632,0.7343373862850098,0.5125370706673632,1.1092394087560384,0.8956036919446642,1.1092394087560384,0.8956036919446642,1.2118509000612863,0.7687772007039304,1.2118509000612863,0.7687772007039304,1.0565987620833714,0.6418539775853248,1.0565987620833714,0.6418539775853248,0.6650140813702059,0.8938410029467587,0.6650140813702059,0.8938410029467587,0.7141045104675937,0.5331360350018133,0.7141045104675937,0.5331360350018133,0.633825527115381,0.3390737376131478,0.633825527115381,0.3390737376131478,1.1120207269645916,0.8494154616640047,1.1120207269645916,0.8494154616640047,1.066403941490109,0.8961416737511366,1.066403941490109,0.8961416737511366,1.1784132092414552,0.7562320859512666,1.1784132092414552,0.7562320859512666,0.6340229086847953,0.545412037730542,0.6340229086847953,0.545412037730542
0.06661094340785066,0.06251635418736759,0.06661094340785066,0.06251635418736759,0.08358047158996487,0.04747727655933111,0.08358047158996487,0.04747727655933111,0.07465252249173325,0.07062378144927818,0.07465252249173325,0.07062378144927818,0.10031466746459224,0.0711711723149225,0.10031466746459224,0.0711711723149225,0.06661094340785066,0.06251635418736759,0.06661094340785066,0.06251635418736759,0.08358047158996487,0.04747727655933111,0.08358047158996487,0.04747727655933111,0.06632195222149437,0.04989047560650467,0.06632195222149437,0.04989047560650467,0.0831377863529806,0.06980356332352985,0.0831377863529806,0.06980356332352985,0.06736828453001109,0.06567581283718249,0.06736828453001109,0.06567581283718249,0.05978628450885947,0.044700330089347616,0.05978628450885947,0.044700330089347616,0.07141687914083208,0.02391230111154413,0.07141687914083208,0.02391230111154413,0.11568534481661986,0.06783859204824823,0.11568534481661986,0.06783859204824823,0.04735375763667782,0.08893108024855025,0.04735375763667782,0.08893108024855025,0.04278528338338489,0.06407083007961753,0.04278528338338489,0.06407083007961753,0.0328765340304014,0.04243262418409409,0.0328765340304014,0.04243262418409409,0.0639383926922804,0.07875345334406904,0.0639383926922804,0.07875345334406904,0.025065900809635725,0.06479019237163905,0.025065900809635725,0.06479019237163905,0.0691393006079125,0.047552024780230684,0.0691393006079125,0.047552024780230684
0.8366659799721065,0.6217662740619937,0.8366659799721065,0.6217662740619937,0.9054959723546424,0.7672932763502571,0.9054959723546424,0.7672932763502571,0.8124948472952196,0.638564331987612,0.8124948472952196,0.638564331987612,0.8802007725243582,0.6834165829404903,0.8802007725243582,0.6834165829404903,0.8366659799721065,0.6217662740619937,0.8366659799721065,0.6217662740619937,0.9054959723546424,0.7672932763502571,0.9054959723546424,0.7672932763502571,0.7925448714675587,0.714936482378865,0.7925448714675587,0.714936482378865,0.7461120750567265,0.7876778953455754,0.7461120750567265,0.7876778953455754,0.8313984920615046,0.8176176626782383,0.8313984920615046,0.8176176626782383,1.0976564559881372,0.8556767857612471,1.0976564559881372,0.8556767857612471,0.8489116475434185,0.8371887832768483,0.8489116475434185,0.8371887832768483,0.8521764925776565,0.8256971801485103,0.8521764925776565,0.8256971801485103,0.627813921222676,0.7376055555524714,0.627813921222676,0.7376055555524714,0.7628483563438316,0.930916021856491,0.7628483563438316,0.930916021856491,1.0734667935425846,1.172699520860789,1.0734667935425846,1.172699520860789,1.0187329061404549,0.9221478736672627,1.0187329061404549,0.9221478736672627,0.7531492288191425,0.6355668809193766,0.7531492288191425,0.6355668809193766,0.6615455895164056,0.8332114635792605,0.6615455895164056,0.8332114635792605
0.3536094877256343,0.32129840928728226,0.3536094877256343,0.32129840928728226,0.40271473394100327,0.3765218906809436,0.40271473394100327,0.3765218906809436,0.34213275500174434,0.3350984673963096,0.34213275500174434,0.3350984673963096,0.3913638136537318,0.4093102515168806,0.3913638136537318,0.4093102515168806,0.3536094877256343,0.32129840928728226,0.3536094877256343,0.32129840928728226,0.40271473394100327,0.3765218906809436,0.40271473394100327,0.3765218906809436,0.4654603610231008,0.4944218958582202,0.4654603610231008,0.4944218958582202,0.4045385308832043,0.4226747082366135,0.4045385308832043,0.4226747082366135,0.4483476361399218,0.4260449778065063,0.4483476361399218,0.4260449778065063,0.48799996733846956,0.5049695437913295,0.48799996733846956,0.5049695437913295,0.44278533351614224,0.4761135155149836,0.44278533351614224,0.4761135155149836,0.39697803913961793,0.4221535104385735,0.39697803913961793,0.4221535104385735,0.5017255775855545,0.45957786425323915,0.5017255775855545,0.45957786425323915,0.4974088833270901,0.47962858403818365,0.4974088833270901,0.47962858403818365,0.570915645983778,0.43596996780141867,0.570915645983778,0.43596996780141867,0.44963280189731775,0.5413557301092747,0.44963280189731775,0.5413557301092747,0.4504414641399792,0.4926433716423101,0.4504414641399792,0.4926433716423101,0.5317299566240447,0.48982777386498194,0.5317299566240447,0.48982777386498194
1.0384541470759159,1.0032700108752157,1.0384541470759159,1.0032700108752157,1.0016535748810838,0.9760950780068907,1.0016535748810838,0.9760950780068907,0.9959128246967922,0.995148871969273,0.9959128246967922,0.995148871969273,0.988021473582488,1.0702619349428464,0.988021473582488,1.0702619349428464,1.0384541470759159,1.0032700108752157,1.0384541470759159,1.0032700108752157,1.0016535748810838,0.9760950780068907,1.0016535748810838,0.9760950780068907,1.0428077379272842,1.0889049466864245,1.0428077379272842,1.0889049466864245,1.0527776068430967,1.0381169799199934,1.0527776068430967,1.0381169799199934,1.0643184559933974,1.0488712200627113,1.0643184559933974,1.0488712200627113,0.9593672862620721,1.0998764961446064,0.9593672862620721,1.0998764961446064,1.0541336968170638,1.064064425300179,1.0541336968170638,1.064064425300179,1.013776317862639,1.075304229991715,1.013776317862639,1.075304229991715,1.049126319124777,1.128284963810442,1.049126319124777,1.128284963810442,0.9522125190382066,1.0960240255231293,0.9522125190382066,1.0960240255231293,1.0830153852095339,1.1038742082462691,1.0830153852095339,1.1038742082462691,1.0529710611534646,1.1225694151684882,1.0529710611534646,1.1225694151684882,1.0369836142226958,1.1165816807158213,1.0369836142226958,1.1165816807158213,0.933240572454419,1.0427494433413271,0.933240572454419,1.0427494433413271
0.5753101679440904,0.5557494428917551,0.5753101679440904,0.5557494428917551,0.5294950449016856,0.5116869924190022,0.5294950449016856,0.5116869924190022,0.6077793477332514,0.5838235096451955,0.6077793477332514,0.5838235096451955,0.5411661631227123,0.44936250798199895,0.5411661631227123,0.44936250798199895,0.5753101679440904,0.5557494428917551,0.5753101679440904,0.5557494428917551,0.5294950449016856,0.5116869924190022,0.5294950449016856,0.5116869924190022,0.565310585112431,0.5708937613056475,0.565310585112431,0.5708937613056475,0.2533034335051264,0.5735671382307175,0.2533034335051264,0.5735671382307175,0.5329593088709558,0.47582645860875533,0.5329593088709558,0.47582645860875533,0.593815452682821,0.43984176337784947,0.593815452682821,0.43984176337784947,0.5312878089502734,0.44211335375113564,0.5312878089502734,0.44211335375113564,0.6139513267863566,0.5096913820316024,0.6139513267863566,0.5096913820316024,0.6895224185542546,0.507066947588675,0.6895224185542546,0.507066947588675,0.44123874249865935,0.5056141939187544,0.44123874249865935,0.5056141939187544,0.46099080844932994,0.5155683293652933,0.46099080844932994,0.5155683293652933,0.49944243713417685,0.3662872150887046,0.49944243713417685,0.3662872150887046,0.6717639684177823,0.6341395898139075,0.6717639684177823,0.6341395898139075,0.4410784473761692,0.48073961395475556,0.4410784473761692,0.48073961395475556
3.0706068483974818,2.877637853489653,3.0706068483974818,2.877637853489653,2.865194295169298,3.2222361485425974,2.865194295169298,3.2222361485425974,3.1433686458557,2.959652438288235,3.1433686458557,2.959652438288235,3.2528084491983367,3.2039006752873287,3.2528084491983367,3.2039006752873287,3.0706068483974818,2.877637853489653,3.0706068483974818,2.877637853489653,2.865194295169298,3.2222361485425974,2.865194295169298,3.2222361485425974,3.0855641836070955,3.0648516604991958,3.0855641836070955,3.0648516604991958,3.334166018691059,4.3464221916164725,3.334166018691059,4.3464221916164725,2.9468425675307355,3.16523120075556,2.9468425675307355,3.16523120075556,3.1988192905662642,3.1614423892749532,3.1988192905662642,3.1614423892749532,3.224057198805819,3.1319197652280026,3.224057198805819,3.1319197652280026,3.6532323861082094,3.590315255893586,3.6532323861082094,3.590315255893586,3.2347357515353816,3.7008430248255553,3.2347357515353816,3.7008430248255553,3.0965057388989945,2.693290923662039,3.0965057388989945,2.693290923662039,2.928755796796734,3.491570366738088,2.928755796796734,3.491570366738088,2.509172268424431,4.174576296750857,2.509172268424431,4.174576296750857,3.2109109011863115,3.4287532468663606,3.2109109011863115,3.4287532468663606,2.96326327080199,2.504446669358684,2.96326327080199,2.504446669358684
0.3644299160664224,0.31833357998240114,0.3644299160664224,0.31833357998240114,0.3298268440074601,0.37824254494720627,0.3298268440074601,0.37824254494720627,0.3671804316092726,0.2948506154317839,0.3671804316092726,0.2948506154317839,0.326900074209401,0.31328420192895257,0.326900074209401,0.31328420192895257,0.3644299160664224,0.31833357998240114,0.3644299160664224,0.31833357998240114,0.3298268440074601,0.37824254494720627,0.3298268440074601,0.37824254494720627,0.32186841751596024,0.28918000206524336,0.32186841751596024,0.28918000206524336,0.322492404681101,0.3191903543039971,0.322492404681101,0.3191903543039971,0.3032608041703952,0.29555612782344953,0.3032608041703952,0.29555612782344953,0.32373964988591836,0.25730619172829755,0.32373964988591836,0.25730619172829755,0.32249365977565086,0.2837499590894534,0.32249365977565086,0.2837499590894534,0.2645398841297066,0.2881396227639598,0.2645398841297066,0.2881396227639598,0.24110044823547586,0.26563042173327717,0.24110044823547586,0.26563042173327717,0.3099540362819792,0.23490248608216094,0.3099540362819792,0.23490248608216094,0.3212607194671247,0.3014650199548926,0.3212607194671247,0.3014650199548926,0.37346087138395045,0.45531221576911124,0.37346087138395045,0.45531221576911124,0.38220637981131494,0.3145691355846996,0.38220637981131494,0.3145691355846996,0.2747354722908097,0.2726998280867243,0.2747354722908097,0.2726998280867243
1.268244102471584,1.2812504922060366,1.268244102471584,1.2812504922060366,1.235692634727864,1.1536951843991385,1.235692634727864,1.1536951843991385,1.2569271966091304,1.3030713044220459,1.2569271966091304,1.3030713044220459,1.2603780127920434,1.2182793578962199,1.2603780127920434,1.2182793578962199,1.268244102471584,1.2812504922060366,1.268244102471584,1.2812504922060366,1.235692634727864,1.1536951843991385,1.235692634727864,1.1536951843991385,1.3091091091314981,1.2560702949831601,1.3091091091314981,1.2560702949831601,1.4272857810111579,1.1382059741439872,1.4272857810111579,1.1382059741439872,1.3038875727544041,1.4441515576798654,1.3038875727544041,1.4441515576798654,1.3697450366940667,1.3688942789042013,1.3697450366940667,1.3688942789042013,1.345870311261077,1.4625768005796116,1.345870311261077,1.4625768005796116,1.4041677048311196,1.1217299696473133,1.4041677048311196,1.1217299696473133,1.1463364692126468,1.3162643944022303,1.1463364692126468,1.3162643944022303,1.2213401756440336,1.3624294400553558,1.2213401756440336,1.3624294400553558,1.1730649608382355,1.263853626076187,1.1730649608382355,1.263853626076187,1.0897351934479589,1.2185147383065649,1.0897351934479589,1.2185147383065649,1.351355289938215,1.3407121816289482,1.351355289938215,1.3407121816289482,1.642528362205413,1.941301066920022,1.642528362205413,1.941301066920022
0.8262177196527951,0.49356441542236656,0.8262177196527951,0.49356441542236656,0.9428314155774385,0.9131803236335069,0.9428314155774385,0.9131803236335069,0.8560577392765258,0.47902244222069085,0.8560577392765258,0.47902244222069085,1.2309740433428973,0.9641009177373109,1.2309740433428973,0.9641009177373109,0.8262177196527951,0.49356441542236656,0.8262177196527951,0.49356441542236656,0.9428314155774385,0.9131803236335069,0.9428314155774385,0.9131803236335069,0.6612970608646899,0.6741999700835751,0.6612970608646899,0.6741999700835751,0.8993339161091546,0.8283583302304454,0.8993339161091546,0.8283583302304454,0.5060541734126836,0.5006072743224304,0.5060541734126836,0.5006072743224304,1.073130849969613,0.538266620728641,1.073130849969613,0.538266620728641,0.889608112105602,0.6039659992893938,0.889608112105602,0.6039659992893938,0.9958608502134927,0.6068495886457227,0.9958608502134927,0.6068495886457227,0.8722480304997291,0.5532709239438997,0.8722480304997291,0.5532709239438997,0.841453299380901,0.6226133588450485,0.841453299380901,0.6226133588450485,0.8166740402978718,0.5667374421737248,0.8166740402978718,0.5667374421737248,1.210130433730291,0.885743656428547,1.210130433730291,0.885743656428547,1.0617849219642832,0.6673126478895801,1.0617849219642832,0.6673126478895801,0.799114430218456,0.9216738318963718,0.799114430218456,0.9216738318963718
0.585761140031125,0.5963561731225863,0.585761140031125,0.5963561731225863,0.6026885921973798,0.9669326579221039,0.6026885921973798,0.9669326579221039,0.5808373223673587,0.6021415954276894,0.5808373223673587,0.6021415954276894,0.6020445774174272,0.8189855982737096,0.6020445774174272,0.8189855982737096,0.585761140031125,0.5963561731225863,0.585761140031125,0.5963561731225863,0.6026885921973798,0.9669326579221039,0.6026885921973798,0.9669326579221039,0.8444415719878967,1.0953721763700905,0.8444415719878967,1.0953721763700905,0.7977061683690515,1.188862687575747,0.7977061683690515,1.188862687575747,0.7337300148342734,0.8669454847512194,0.7337300148342734,0.8669454847512194,1.2031192305362066,1.189517679085068,1.2031192305362066,1.189517679085068,0.6478019544373738,0.9255493452660507,0.6478019544373738,0.9255493452660507,1.292453885264987,1.69070619135122,1.292453885264987,1.69070619135122,1.2360365224978545,1.50207008036548,1.2360365224978545,1.50207008036548,2.1747986537004116,1.0743686060220667,2.1747986537004116,1.0743686060220667,1.0747711316394575,0.9031063140189518,1.0747711316394575,0.9031063140189518,1.3071428014097806,1.4702118388792875,1.3071428014097806,1.4702118388792875,1.2988824319200143,1.35296825726006,1.2988824319200143,1.35296825726006,1.7792277863010453,1.552248061968636,1.7792277863010453,1.552248061968636
0.22197858472451873,0.23445076962827627,0.22197858472451873,0.23445076962827627,0.29385669802159653,0.1777495077706637,0.29385669802159653,0.1777495077706637,0.31151645223078156,0.33068906051859864,0.31151645223078156,0.33068906051859864,0.3720065904297543,0.5286538911397346,0.3720065904297543,0.5286538911397346,0.22197858472451873,0.23445076962827627,0.22197858472451873,0.23445076962827627,0.29385669802159653,0.1777495077706637,0.29385669802159653,0.1777495077706637,0.29267588472428413,0.3369229715480075,0.29267588472428413,0.3369229715480075,0.4516141421825606,0.5343040959374725,0.4516141421825606,0.5343040959374725,0.41236977789652857,0.3465914673925538,0.41236977789652857,0.3465914673925538,0.10327504273406041,0.32298254247819763,0.10327504273406041,0.32298254247819763,0.3023410550126126,0.3858020706184278,0.3023410550126126,0.3858020706184278,0.16054998788106598,0.42166433587061153,0.16054998788106598,0.42166433587061153,0.196915903661853,0.29184650029216086,0.196915903661853,0.29184650029216086,0.1844090364644446,0.3261532279775555,0.1844090364644446,0.3261532279775555,0.37255442880267015,0.5506285656834704,0.37255442880267015,0.5506285656834704,0.08015904553223685,0.3233781092704756,0.08015904553223685,0.3233781092704756,0.19289189275368482,0.1817512116176665,0.19289189275368482,0.1817512116176665,0.4324965518279736,0.40607247545963016,0.4324965518279736,0.40607247545963016
1.7273824924483385,1.9380842232340818,1.7273824924483385,1.9380842232340818,1.965685003928356,1.8069942063030553,1.965685003928356,1.8069942063030553,1.7111693308091602,1.9495503116383086,1.7111693308091602,1.9495503116383086,1.5530804041591793,1.7618918115509452,1.5530804041591793,1.7618918115509452,1.7273824924483385,1.9380842232340818,1.7273824924483385,1.9380842232340818,1.965685003928356,1.8069942063030553,1.965685003928356,1.8069942063030553,1.8171001747820414,1.9184945185219768,1.8171001747820414,1.9184945185219768,1.761980925760696,1.973392069087209,1.761980925760696,1.973392069087209,1.6922140135082657,1.6957119389054576,1.6922140135082657,1.6957119389054576,1.4550464461442798,1.7819793349933306,1.4550464461442798,1.7819793349933306,1.717804236811761,1.9239082254199986,1.717804236811761,1.9239082254199986,1.391964383071731,1.689028934408894,1.391964383071731,1.689028934408894,2.0009573414196313,1.9884226151031228,2.0009573414196313,1.9884226151031228,1.7350366224068778,1.8128140487887627,1.7350366224068778,1.8128140487887627,1.880138762958096,1.8309874780077002,1.880138762958096,1.8309874780077002,2.3080697346229497,1.6581395623572581,2.3080697346229497,1.6581395623572581,2.2180161048535507,1.7777911516331015,2.2180161048535507,1.7777911516331015,1.5062114580669843,1.4997070273285524,1.5062114580669843,1.4997070273285524
1.7766729109220591,1.2694433264067102,1.7766729109220591,1.2694433264067102,1.059712313009516,1.1402479697618382,1.059712313009516,1.1402479697618382,1.4800928285543333,1.4625091743358365,1.4800928285543333,1.4625091743358365,1.2418862395987604,1.297022430607407,1.2418862395987604,1.297022430607407,1.7766729109220591,1.2694433264067102,1.7766729109220591,1.2694433264067102,1.059712313009516,1.1402479697618382,1.059712313009516,1.1402479697618382,1.780979420014731,1.8819460335655103,1.780979420014731,1.8819460335655103,2.6825740853108093,1.846633003246253,2.6825740853108093,1.846633003246253,1.7177688533268336,1.829479803367187,1.7177688533268336,1.829479803367187,1.6924153489280265,1.629434184260692,1.6924153489280265,1.629434184260692,2.0849952517742234,2.0896484681520904,2.0849952517742234,2.0896484681520904,2.921588831539443,2.1651183622563255,2.921588831539443,2.1651183622563255,2.165760631412423,1.8877166397858811,2.165760631412423,1.8877166397858811,2.3918393212600297,1.827233618353361,2.3918393212600297,1.827233618353361,2.1015224873113807,1.79410372471341,2.1015224873113807,1.79410372471341,1.800070097354495,2.2357120421689536,1.800070097354495,2.2357120421689536,1.7396034143188903,1.9669819559094373,1.7396034143188903,1.9669819559094373,2.6443320727507946,1.9683486042892346,2.6443320727507946,1.9683486042892346
1.5324594825850308,1.6401181613300544,1.5324594825850308,1.6401181613300544,1.618434756745321,1.2194353649913785,1.618434756745321,1.2194353649913785,1.551559188793868,1.569295899013225,1.551559188793868,1.569295899013225,1.3775043082765979,1.310504340157886,1.3775043082765979,1.310504340157886,1.5324594825850308,1.6401181613300544,1.5324594825850308,1.6401181613300544,1.618434756745321,1.2194353649913785,1.618434756745321,1.2194353649913785,1.2867842256135513,1.5716230152240314,1.2867842256135513,1.5716230152240314,1.431279151468525,1.3462797076411066,1.431279151468525,1.3462797076411066,1.312004915848106,1.46163149866173,1.312004915848106,1.46163149866173,1.2822508735228146,1.6074277665327479,1.2822508735228146,1.6074277665327479,1.3400631617372876,1.3278262869317419,1.3400631617372876,1.3278262869317419,1.562207873891345,1.3271837907374837,1.562207873891345,1.3271837907374837,1.2292716598686941,1.2455762173181855,1.2292716598686941,1.2455762173181855,1.469558955522362,1.6219413232952562,1.469558955522362,1.6219413232952562,1.4589833545903428,1.4360757179190144,1.4589833545903428,1.4360757179190144,1.5259738793003628,1.5199567884217287,1.5259738793003628,1.5199567884217287,1.3856367708256032,1.3920955601559408,1.3856367708256032,1.3920955601559408,1.413655276739642,1.4797607329104043,1.413655276739642,1.4797607329104043
0.30556865576288234,0.29271797462610183,0.30556865576288234,0.29271797462610183,0.3175818876581909,0.2945600851398799,0.3175818876581909,0.2945600851398799,0.28277156560819944,0.3033082953301537,0.28277156560819944,0.3033082953301537,0.32709299900478134,0.2819962798825362,0.32709299900478134,0.2819962798825362,0.30556865576288234,0.29271797462610183,0.30556865576288234,0.29271797462610183,0.3175818876581909,0.2945600851398799,0.3175818876581909,0.2945600851398799,0.3207612319481878,0.3405443196655627,0.3207612319481878,0.3405443196655627,0.3000156025224872,0.2950535309297863,0.3000156025224872,0.2950535309297863,0.3399217764523965,0.33916308157991765,0.3399217764523965,0.33916308157991765,0.3378088924398022,0.3153020311421059,0.3378088924398022,0.3153020311421059,0.3218913286143291,0.31346659188100506,0.3218913286143291,0.31346659188100506,0.3246837740060097,0.356744825859974,0.3246837740060097,0.356744825859974,0.28922535934501753,0.31782046211948006,0.28922535934501753,0.31782046211948006,0.33113976733716244,0.39635572270992503,0.33113976733716244,0.39635572270992503,0.2825559261952404,0.33393846898149293,0.2825559261952404,0.33393846898149293,0.3341627341481062,0.41095719856763846,0.3341627341481062,0.41095719856763846,0.3246339385793462,0.3238908889027538,0.3246339385793462,0.3238908889027538,0.3113995213472185,0.3279830719114766,0.3113995213472185,0.3279830719114766
0.25679968707793577,0.4033747826289201,0.25679968707793577,0.4033747826289201,0.20666911711681052,0.42256990037720926,0.20666911711681052,0.42256990037720926,0.16899958176676913,0.22755545643277672,0.16899958176676913,0.22755545643277672,0.2980899567208873,0.2793723590895331,0.2980899567208873,0.2793723590895331,0.25679968707793577,0.4033747826289201,0.25679968707793577,0.4033747826289201,0.20666911711681052,0.42256990037720926,0.20666911711681052,0.42256990037720926,0.2949033185228908,0.20953686518414613,0.2949033185228908,0.20953686518414613,0.2075551622959862,0.2855079008467776,0.2075551622959862,0.2855079008467776,0.4496141502139623,0.21765611951949299,0.4496141502139623,0.21765611951949299,0.2818911316049617,0.6869908799217569,0.2818911316049617,0.6869908799217569,0.1790760587936304,0.20174859304169654,0.1790760587936304,0.20174859304169654,0.2640838384789541,0.42087066871324297,0.2640838384789541,0.42087066871324297,0.24100538967475238,0.3945697360649276,0.24100538967475238,0.3945697360649276,0.2610797853905994,0.20629866870999028,0.2610797853905994,0.20629866870999028,0.22440072396062377,0.2645705101725681,0.22440072396062377,0.2645705101725681,0.30345768739081336,0.257687654957095,0.30345768739081336,0.257687654957095,0.29125958572154176,0.3633240828714942,0.29125958572154176,0.3633240828714942,0.305832196114683,0.4043331692681389,0.305832196114683,0.4043331692681389
0.677961863495908,0.5296633081164501,0.677961863495908,0.5296633081164501,0.6952611149474633,0.63207122231565,0.6952611149474633,0.63207122231565,0.6423075769074952,0.5104214027711647,0.6423075769074952,0.5104214027711647,0.8721627999180471,0.5284820068693928,0.8721627999180471,0.5284820068693928,0.677961863495908,0.5296633081164501,0.677961863495908,0.5296633081164501,0.6952611149474633,0.63207122231565,0.6952611149474633,0.63207122231565,0.8652837840861825,0.7982029071162435,0.8652837840861825,0.7982029071162435,0.7438756682927656,0.7846205184488446,0.7438756682927656,0.7846205184488446,0.749926596202405,0.6772573542839269,0.749926596202405,0.6772573542839269,0.5981168376970178,0.6578067919377433,0.5981168376970178,0.6578067919377433,0.7598895755202999,0.8253812155621792,0.7598895755202999,0.8253812155621792,0.6784714223172006,0.7674579884586117,0.6784714223172006,0.7674579884586117,0.8834112012941502,0.8672654860324066,0.8834112012941502,0.8672654860324066,0.5458581712042708,1.1303015176171363,0.5458581712042708,1.1303015176171363,0.6354351665294168,0.6672264981447886,0.6354351665294168,0.6672264981447886,0.9623400295499686,0.5904340113242059,0.9623400295499686,0.5904340113242059,0.8898872431117606,0.8184009558383565,0.8898872431117606,0.8184009558383565,0.6636632137396672,0.8820599300850731,0.6636632137396672,0.8820599300850731
0.46754121141152327,0.48639166483397905,0.46754121141152327,0.48639166483397905,0.5399221533605582,0.6882414047726633,0.5399221533605582,0.6882414047726633,0.4814217505237322,0.5561921037731475,0.4814217505237322,0.5561921037731475,0.5251790837271059,0.5312179742045416,0.5251790837271059,0.5312179742045416,0.46754121141152327,0.48639166483397905,0.46754121141152327,0.48639166483397905,0.5399221533605582,0.6882414047726633,0.5399221533605582,0.6882414047726633,0.5642445725044207,0.40646956885222524,0.5642445725044207,0.40646956885222524,0.45831869206791115,0.3488377784333752,0.45831869206791115,0.3488377784333752,0.4288128075348553,0.5921134798302101,0.4288128075348553,0.5921134798302101,0.5427955660492055,0.4586773472220031,0.5427955660492055,0.4586773472220031,0.5482664524665154,0.5378127985771908,0.5482664524665154,0.5378127985771908,0.6131633761492241,0.49792812989481755,0.6131633761492241,0.49792812989481755,0.5444057580736344,0.36559059910496017,0.5444057580736344,0.36559059910496017,0.6527391222550061,0.2037779161497359,0.6527391222550061,0.2037779161497359,0.4240703396157961,0.46659794908418023,0.4240703396157961,0.46659794908418023,0.36005706082943084,0.2828457261583918,0.36005706082943084,0.2828457261583918,0.3516658584064315,0.5318021363785501,0.3516658584064315,0.5318021363785501,0.6084590795690175,1.0674797251453223,0.6084590795690175,1.0674797251453223
0.6757769392965527,0.623349380893882,0.6757769392965527,0.623349380893882,0.5172093797649544,0.7417876932122188,0.5172093797649544,0.7417876932122188,0.5731581923317769,0.6216302595520041,0.5731581923317769,0.6216302595520041,0.6698211247268079,0.7218947163186942,0.6698211247268079,0.7218947163186942,0.6757769392965527,0.623349380893882,0.6757769392965527,0.623349380893882,0.5172093797649544,0.7417876932122188,0.5172093797649544,0.7417876932122188,0.47752573589475755,0.4577664552976933,0.47752573589475755,0.4577664552976933,0.4753902463874953,0.44733475386576366,0.4753902463874953,0.44733475386576366,0.5285978905085106,0.4737368388353715,0.5285978905085106,0.4737368388353715,0.4300600309717942,0.551248555551568,0.4300600309717942,0.551248555551568,0.48503083429807775,0.4512484167009187,0.48503083429807775,0.4512484167009187,0.5097716206109149,0.4004655949905219,0.5097716206109149,0.4004655949905219,0.595227772165052,0.5622453747108594,0.595227772165052,0.5622453747108594,0.4761623634404932,0.5840823671341199,0.4761623634404932,0.5840823671341199,0.5417355513630744,0.4954158724007318,0.5417355513630744,0.4954158724007318,0.4942290718636783,0.48248034442945237,0.4942290718636783,0.48248034442945237,0.519385993176836,0.48191813982464404,0.519385993176836,0.48191813982464404,0.5338033667855828,0.5366983405571729,0.5338033667855828,0.5366983405571729
0.3543777776085004,0.33439633898029736,0.3543777776085004,0.33439633898029736,0.3381267791260291,0.33089113855427926,0.3381267791260291,0.33089113855427926,0.3640807461422413,0.32380984738947477,0.3640807461422413,0.32380984738947477,0.34578860128395367,0.3228317362178759,0.34578860128395367,0.3228317362178759,0.3543777776085004,0.33439633898029736,0.3543777776085004,0.33439633898029736,0.3381267791260291,0.33089113855427926,0.3381267791260291,0.33089113855427926,0.3641746319797708,0.36362901744029447,0.3641746319797708,0.36362901744029447,0.311277348830519,0.35371853686456123,0.311277348830519,0.35371853686456123,0.29689932775332806,0.3432811489447278,0.29689932775332806,0.3432811489447278,0.381788612054355,0.3583190301885523,0.381788612054355,0.3583190301885523,0.37077621464159893,0.33846808343914064,0.37077621464159893,0.33846808343914064,0.318132801935521,0.39612116632439,0.318132801935521,0.39612116632439,0.5219241353980116,0.398381330200735,0.5219241353980116,0.398381330200735,0.3336131279281105,0.4188062214888862,0.3336131279281105,0.4188062214888862,0.3529627692779866,0.3633084501420369,0.3529627692779866,0.3633084501420369,0.3628313284356522,0.3692815639368479,0.3628313284356522,0.3692815639368479,0.518260503017058,0.3678657652601529,0.518260503017058,0.3678657652601529,0.4078237306560783,0.3868052419286032,0.4078237306560783,0.3868052419286032
0.12536302700117433,0.12696959381419906,0.12536302700117433,0.12696959381419906,0.1200294202510192,0.18623039305561032,0.1200294202510192,0.18623039305561032,0.09969086517972899,0.13480758202321086,0.09969086517972899,0.13480758202321086,0.14421086898215477,0.11744397326811318,0.14421086898215477,0.11744397326811318,0.12536302700117433,0.12696959381419906,0.12536302700117433,0.12696959381419906,0.1200294202510192,0.18623039305561032,0.1200294202510192,0.18623039305561032,0.17815233116775567,0.17193416320872312,0.17815233116775567,0.17193416320872312,0.2048304655521975,0.17360579833499315,0.2048304655521975,0.17360579833499315,0.16617892338926835,0.2359743922687275,0.16617892338926835,0.2359743922687275,0.2350915818800654,0.2645600953278154,0.2350915818800654,0.2645600953278154,0.19100165365777444,0.17073937402383452,0.19100165365777444,0.17073937402383452,0.12198630878315243,0.16238176171970775,0.12198630878315243,0.16238176171970775,0.17264555424615155,0.11022279093382846,0.17264555424615155,0.11022279093382846,0.1546680046280784,0.3264924785448062,0.1546680046280784,0.3264924785448062,0.14531998793530196,0.2117000337175036,0.14531998793530196,0.2117000337175036,0.15980526167156597,0.18790488169038957,0.15980526167156597,0.18790488169038957,0.10995916304053883,0.1095995905182236,0.10995916304053883,0.1095995905182236,0.0825684519977371,0.22733220425314568,0.0825684519977371,0.22733220425314568
0.11309471494925231,0.15153829831442295,0.11309471494925231,0.15153829831442295,0.23051982304179852,0.17171219770812873,0.23051982304179852,0.17171219770812873,0.1495532806789154,0.1642507827798053,0.1495532806789154,0.1642507827798053,0.1797739435562944,0.14112148797222687,0.1797739435562944,0.14112148797222682,0.11309471494925234,0.15153829831442295,0.11309471494925231,0.15153829831442295,0.23051982304179852,0.17171219770812873,0.23051982304179855,0.17171219770812873,0.2164252737387415,0.22523519324099098,0.2164252737387415,0.22523519324099098,0.12147664654026508,0.3054011923990494,0.12147664654026508,0.3054011923990494,0.1645744135991324,0.2189355027121341,0.1645744135991324,0.2189355027121341,0.09877327188848377,0.2747873047855624,0.09877327188848377,0.2747873047855624,0.20698347867741218,0.17930091792576727,0.20698347867741218,0.17930091792576727,0.1553089449215981,0.2910990591489257,0.1553089449215981,0.2910990591489257,0.16236310244110372,0.14788214588170986,0.16236310244110372,0.14788214588170986,0.1583504861770084,0.14679571656349907,0.1583504861770084,0.14679571656349907,0.17078306482573916,0.19890238130606272,0.17078306482573677,0.19890238130606272,0.11556456294062023,0.09857798374723498,0.11556456294062023,0.09857798374723498,0.1288431758551534,0.1951915639056586,0.1288431758551534,0.1951915639056586,0.1333692831383395,0.1599388458257366,0.1333692831383395,0.1599388458257366
0.08821405493110439,0.115629645809939,0.08821405493110439,0.115629645809939,0.11862807380898682,0.2658325823183052,0.11862807380898682,0.2658325823183052,0.0716213541622855,0.12860375686803147,0.0716213541622855,0.12860375686803147,0.03676648876800704,0.2184920781601929,0.03676648876800704,0.2184920781601929,0.08821405493110439,0.115629645809939,0.08821405493110439,0.115629645809939,0.11862807380898682,0.2658325823183052,0.11862807380898682,0.2658325823183052,0.09143806279477333,0.1025697125397614,0.09143806279477333,0.1025697125397614,0.08924145193158622,0.19018717949600997,0.08924145193158622,0.19018717949600997,0.08480550894560242,0.04758280138616083,0.08480550894560242,0.047582801386160854,0.06800416770892394,0.12392618600043938,0.06800416770892394,0.12392618600043938,0.09179994933608775,0.11295709693718449,0.09179994933608775,0.11295709693718449,0.09931156169630011,0.10865181781656179,0.09931156169630011,0.10865181781656179,0.10552074049912159,0.09394328741508202,0.10552074049911468,0.093943287415079,0.1218900146158165,0.10181286998688717,0.1218900146158165,0.10181286998688431,0.10808650009201877,0.059134947674690186,0.10808650009201877,0.059134947674690186,0.040449309736198334,0.14145610521980498,0.040449309736198334,0.14145610521980498,0.10356157268180259,0.077348381975418,0.10356157268180259,0.077348381975418,0.19418849598940957,0.05643274875373863,0.19418849598940957,0.05643274875373863
0.252904101579345,0.11360404867562286,0.252904101579345,0.11360404867562286,0.13072827769969245,0.12587668399520172,0.1307282776996926,0.12587668399520172,0.22671737048013343,0.12816246056479375,0.22671737048013343,0.12816246056479375,0.16517543818308472,0.15019694244718038,0.16517543818308472,0.15019694244718038,0.252904101579345,0.11360404867562286,0.252904101579345,0.11360404867562286,0.1307282776996926,0.12587668399520172,0.1307282776996926,0.12587668399520172,0.1280425902647167,0.17520108710676116,0.1280425902647167,0.17520108710676116,0.07572520801421971,0.17497086095882522,0.07572520801421971,0.17497086095882522,0.12606818958837987,0.0760448120666102,0.12606818958837987,0.0760448120666102,0.15311682035826993,0.043414431768144086,0.15311682035826993,0.043414431768144086,0.18997651629627507,0.16233493217345524,0.18997651629627507,0.16233493217345524,0.07900200083096919,0.15710206788924666,0.07900200083096919,0.15710206788924666,0.10190485196286088,0.1064129905665299,0.10190485196286088,0.1064129905665299,0.15758899760529407,0.11355076179739217,0.15758899760529407,0.11355076179739217,0.15887080683685248,0.07923402564026436,0.15887080683685248,0.07923402564026436,0.18662591960842853,0.19171100480296963,0.18662591960842853,0.19171100480296963,0.1787485174491221,0.10096456697809612,0.1787485174491221,0.10096456697809626,0.09902692291422906,0.08706360208076419,0.09902692291422906,0.08706360208067339
0.03712726469897835,0.07240305920129923,0.03712726469897835,0.07240305920129923,0.04926855562201466,0.058408303879597244,0.04926855562201454,0.058408303879597244,0.03440527395015664,0.05418524653678838,0.03440527395015664,0.05418524653678838,0.06311607749494948,0.053641118954538346,0.06311607749494948,0.053641118954538346,0.03712726469897835,0.07240305920129923,0.03712726469897826,0.07240305920129923,0.04926855562201466,0.058408303879597244,0.04926855562201466,0.058408303879597244,0.048088200653681155,0.0847413213963474,0.048088200653681155,0.0847413213963474,0.04887613275795855,0.07372355366824962,0.0488761327579586,0.07372355366824962,0.03537866277436515,0.05052372970572374,0.03537866277436515,0.05052372970572374,0.05509133048228102,0.07507516118659167,0.05509133048223827,0.07507516118658651,0.031234218636911112,0.06640686684687637,0.031234218636911115,0.06640686684687637,0.04144208482734282,0.07357412468111715,0.04144208482734282,0.07357412468111715,0.05864011303229862,0.04071700047499741,0.05864011303229862,0.04071700047499741,0.06835044476567341,0.05932223906211487,0.06835044476567341,0.05932223906211487,0.043922204542398986,0.056651435878355215,0.043922204542398986,0.056651435878355215,0.05389826020675587,0.03942818964762865,0.05389826020675587,0.03942818964762865,0.018443384382946803,0.027969501087461202,0.018443384382946803,0.027969501087461202,0.020642181517280995,0.06611281382814164,0.020642181517280995,0.06611281382814164
0.25908810376760244,0.16834080524217207,0.25908810376760244,0.16834080524217207,0.18555329622465502,0.08151511674884114,0.18555329622465502,0.08151511674884114,0.24372337994009188,0.1684941532606226,0.24372337994009188,0.1684941532606226,0.11520158309222152,0.06883829408242244,0.11520158309222152,0.06883829408242244,0.25908810376760244,0.16834080524217201,0.25908810376760244,0.16834080524217207,0.18555329622465502,0.08151511674884114,0.18555329622465502,0.08151511674884114,0.16231156689358464,0.19582122511594657,0.16231156689358464,0.1958212251159465,0.15068172861049936,0.1931512189175499,0.15068172861049936,0.1931512189175498,0.12869152426854794,0.20061522075167768,0.12869152426854794,0.20061522075167768,0.12059534845897069,0.14320754008074407,0.12059534845896845,0.14320754008074407,0.18177599868799377,0.17037164503405808,0.18177599868799377,0.17037164503405808,0.13715758983126303,0.21388038423168257,0.13715758983126303,0.21388038423168157,0.10424984236702484,0.10616521898123538,0.10424984236702484,0.10616521898123592,0.08632416715534834,0.10176286831359593,0.08632416715534831,0.10176286831359692,0.0903253286312315,0.11485466946171208,0.09032532863123233,0.11485466946171208,0.06860886544699102,0.15109741689184675,0.06860886544699102,0.15109741689184678,0.1008789293066884,0.12908702845638367,0.1008789293066884,0.12908702845638367,0.09932373753671771,0.15023385331752834,0.09932373753671771,0.15023385331752834
0.05721630445174642,0.073735339350659,0.05721630445174642,0.073735339350659,0.10009931848561987,0.1575189831192075,0.10009931848561987,0.1575189831192075,0.05166003785401163,0.06088958304436359,0.05166003785401163,0.06088958304436359,0.10082416474994783,0.11990622245592837,0.10082416474994783,0.11990622245592837,0.05721630445174642,0.073735339350659,0.05721630445174642,0.073735339350659,0.10009931848561987,0.1575189831192075,0.10009931848561987,0.1575189831192075,0.050598394091417864,0.09195527402058994,0.050598394091417864,0.09195527402058994,0.1531909247871405,0.09840990495360628,0.1531909247871405,0.09840990495360628,0.07051629344239595,0.10939288660057135,0.07051629344239595,0.10939288660057135,0.07700126151939833,0.04616455395198108,0.07700126151939833,0.04616455395198108,0.06240047069463447,0.08754329831111328,0.06240047069463447,0.08754329831111328,0.13359433209288096,0.09369578461257266,0.13359433209288096,0.09369578461257266,0.08167666472560332,0.03517105685968506,0.08167666472560332,0.03517105685968506,0.0708685852150792,0.04269810649395193,0.0708685852150792,0.04269810649395193,0.08148111679895194,0.038406942942324655,0.08148111679895194,0.038406942942324655,0.09461709041535112,0.04530529459021585,0.09461709041535112,0.04530529459021585,0.06582143286362882,0.042223462936027994,0.06582143286362882,0.042223462936027994,0.055466649650827766,0.046657875175687404,0.055466649650827766,0.046657875175687404
0.10892173334040477,0.07447183748648696,0.10892173334040477,0.07447183748648696,0.12137984944543061,0.09679283411063111,0.12137984944543061,0.09679283411063111,0.11105873078133555,0.07410835565344684,0.11105873078133549,0.07410835565344684,0.12604891723826986,0.09671502118081436,0.12604891723827003,0.09671502118081433,0.10892173334040477,0.07447183748648696,0.10892173334040477,0.07447183748648696,0.12137984944543061,0.09679283411063111,0.12137984944543075,0.09679283411063111,0.06930741620826711,0.05772801251032436,0.06930741620826711,0.05772801251032436,0.04890536871668826,0.0441485429773625,0.04890536871668826,0.04414854297736202,0.11633673199582373,0.04430122040652936,0.1163367319958238,0.04430122040652936,0.12677620328973424,0.032402617605707944,0.12677620328973424,0.032402617605707944,0.08104971849879644,0.07187237496184702,0.08104971849879644,0.07187237496184702,0.05130453354907099,0.050389491761937605,0.05130453354907099,0.050389491761937605,0.04771677202300963,0.020571506279870342,0.04771677202300963,0.020571506279870342,0.09021169956911168,0.0266132716801995,0.09021169956911168,0.026613271680199557,0.04562887706110356,0.033423530528815165,0.04562887706110356,0.033423530528815165,0.07102872963235035,0.034009182498739084,0.07102872963235035,0.034009182498739084,0.06291100899148427,0.031379610182176436,0.06291100899148465,0.031379610182176436,0.12302494591342078,0.030851184726012282,0.12302494591342146,0.030851184726012167
0.0837057779811845,0.0720679489388431,0.0837057779811845,0.0720679489388431,0.14997494315274426,0.0364776606091251,0.14997494315274426,0.0364776606091251,0.09850747223629852,0.0702038145820494,0.09850747223629852,0.0702038145820494,0.1379664977046642,0.06775242197898067,0.1379664977046642,0.06775242197898067,0.0837057779811845,0.0720679489388431,0.0837057779811845,0.0720679489388431,0.14997494315274426,0.0364776606091251,0.14997494315274426,0.0364776606091251,0.06310759826640132,0.038335956678044576,0.06310759826640132,0.038335956678044576,0.06639534188663665,0.02476773723910476,0.06639534188663665,0.02476773723910476,0.05146803553191234,0.05345718687797212,0.051468035531912336,0.05345718687797212,0.049001080914284595,0.04191569372777872,0.049001080914284595,0.04191569372777872,0.04998657598590118,0.04136924512138236,0.04998657598590118,0.04136924512138236,0.06211757375787739,0.025217831450343748,0.06211757375787739,0.025217831450343748,0.03214185035161491,0.015353532401722672,0.03214185035161491,0.015353532401722672,0.04485837267717572,0.018049235208996085,0.04485837267717572,0.018049235208996085,0.07011724410762392,0.05064960876232095,0.07011724410762392,0.05064960876232095,0.0819884805231025,0.03944199871075615,0.0819884805231025,0.03944199871075629,0.04870916628401919,0.03625916542616994,0.04870916628401919,0.03625916542616994,0.05447290288413933,0.032286389413327364,0.05447290288413933,0.032286389413327364
0.06957377512157185,0.05277563522673176,0.06957377512157185,0.05277563522673176,0.10422009716571633,0.06125396790214186,0.10422009716571633,0.06125396790214186,0.07032415335399904,0.05337120480663184,0.07032415335399916,0.05337120480663184,0.09814573275585094,0.05059210966754104,0.09814573275585071,0.05059210966754104,0.06957377512157185,0.05277563522673176,0.06957377512157185,0.05277563522673176,0.10422009716571633,0.06125396790214186,0.10422009716571633,0.06125396790214186,0.04018409098709071,0.019147705390689978,0.04018409098709071,0.019147705390689978,0.04865435085147315,0.029723657592758513,0.04865435085147321,0.029723657592757965,0.03258666414861588,0.02240579305698791,0.03258666414861588,0.02240579305698791,0.06574439601534986,0.024323458547572622,0.06574439601534986,0.024323458547572622,0.04309265408393853,0.015973865833725443,0.04309265408393853,0.015973865833725443,0.043167357874865586,0.03329120647840328,0.043167357874865586,0.03329120647840328,0.033055635812724034,0.018551796000208367,0.033055635812724034,0.018551796000208367,0.03088802960280344,0.025828093836060995,0.03088802960280344,0.025828093836060995,0.04027946902958033,0.02961683954030568,0.04027946902958033,0.02961683954030568,0.04946643742933835,0.013728455170564377,0.04946643742933835,0.013728455170564377,0.04074644045965751,0.021189064599490607,0.04074644045965751,0.021189064599490607,0.0175221084083674,0.02843681468169576,0.017522108408343087,0.028436814681869937
0.07930453577631998,0.05611341364332544,0.07930453577631998,0.05611341364332544,0.0787245125185495,0.04709149137965169,0.0787245125185495,0.04709149137965169,0.0664877200885598,0.05817670607377771,0.0664877200885598,0.05817670607377767,0.08134864284317797,0.04350362454511849,0.08134864284317797,0.04350362454511849,0.07930453577631998,0.05611341364332544,0.07930453577631998,0.05611341364332544,0.0787245125185495,0.04709149137965169,0.0787245125185495,0.04709149137965169,0.043138876204418065,0.013573781677444932,0.043138876204418065,0.013573781677444932,0.030209785700569442,0.0146981574642511,0.030209785700569442,0.0146981574642511,0.028606432286737354,0.01327517872064059,0.028606432286737354,0.013275178720640685,0.04082017620398696,0.027160664994514475,0.04082017620398696,0.027160664994513556,0.038180303387656066,0.01211083055883966,0.038180303387656066,0.01211083055883966,0.02578762294655193,0.023280597612783633,0.02578762294655193,0.023280597612784115,0.008782004664495262,0.008448713814938533,0.008782004664495262,0.008448713814938533,0.010373606619460926,0.013917944824523167,0.010373606619460926,0.013917944824523609,0.012810219266264236,0.004030071354680149,0.012810219266264236,0.004030071354680149,0.0053116523915092565,0.021436967159841325,0.0053116523915092565,0.021436967159855488,0.012717924942583383,0.003873007817962199,0.012717924942583383,0.0038730078179621055,0.024143617215582572,0.014337650003431368,0.024143617215582572,0.014337650003431368
0.04575015614638598,0.03627503148754984,0.04575015614638598,0.03627503148754987,0.04501602759655088,0.03831736057115643,0.04501602759655088,0.03831736057115643,0.04457319137655211,0.04101263388259161,0.04457319137655211,0.04101263388259161,0.07292504772923235,0.04012072479743816,0.07292504772923235,0.04012072479743816,0.04575015614638598,0.03627503148754984,0.04575015614638598,0.03627503148754987,0.04501602759655088,0.03831736057115643,0.04501602759655088,0.03831736057115651,0.027995731711147418,0.012298030270084095,0.027995731711147418,0.012298030270084095,0.019949628662437595,0.01775634486360791,0.01994962866243784,0.01775634486360791,0.01939885272996342,0.022913197638122797,0.019398852729963525,0.022913197638122797,0.02752255349839755,0.02560542355922321,0.027522553498397287,0.02560542355922321,0.043930234424703084,0.01179338530403057,0.04393023442470292,0.011793385304030573,0.0273512655953643,0.019659204538985148,0.0273512655953643,0.019659204538985148,0.020640810761728943,0.0067390611116079175,0.020640810761728943,0.0067390611116079175,0.016156270581823576,0.007165988348525808,0.016156270581823576,0.007165988348525554,0.016095072056376947,0.011264963231256664,0.016095072056377085,0.011264963231256758,0.056163179390051464,0.03338466006273889,0.056163179390051464,0.03338466006273889,0.05167176373639779,0.007703039084473802,0.05167176373639779,0.007703039084473802,0.0854988577232609,0.013657914104634494,0.0854988577232609,0.013657914104634275
0.04132452429952035,0.04027474967310504,0.04132452429952035,0.04027474967310504,0.051590177634580736,0.06064463230752776,0.051590177634580736,0.06064463230752776,0.04936573470252135,0.04019582815848841,0.04936573470252135,0.04019582815848841,0.043488495239248026,0.07631533030163694,0.043488495239248026,0.07631533030163683,0.04132452429952035,0.04027474967310504,0.04132452429952035,0.04027474967310504,0.051590177634580736,0.06064463230752776,0.051590177634580736,0.06064463230752776,0.01494609715792837,0.016850237800877497,0.01494609715792837,0.016850237800877497,0.030636856553921846,0.011914443255931854,0.030636856553921846,0.011914443255931854,0.018133044734340322,0.017661835716121795,0.018133044734340322,0.017661835716121795,0.0827381860271859,0.03379217806369364,0.0827381860271859,0.03379217806369364,0.013003065231843669,0.018102938141598423,0.013003065231843669,0.018102938141598423,0.01358431341985924,0.025949840983077167,0.01358431341985924,0.025949840983077167,0.014445801641688724,0.009428202285985642,0.014445801641688724,0.009428202285985642,0.010545124967474067,0.04297592801109209,0.010545124967474067,0.04297592801109209,0.012073858056767977,0.004459748060959491,0.012073858056767977,0.004459748060959491,0.0454376307784905,0.02161003672849604,0.0454376307784905,0.02161003672849604,0.011318720211663608,0.016781587761012146,0.011318720211663608,0.016781587761012146,0.00910234388138718,0.04288819840118772,0.00910234388138718,0.04288819840118772
0.08019559987572827,0.02931181572229145,0.08019559987572827,0.029311815722291478,0.041889076199117116,0.09830113011900592,0.041889076199117116,0.09830113011900592,0.06552423400293125,0.01966738850874947,0.06552423400293114,0.01966738850874947,0.047373895719670635,0.09246767328932777,0.04737389571967029,0.09246767328932777,0.08019559987572827,0.02931181572229145,0.08019559987572851,0.029311815722291478,0.041889076199117116,0.09830113011900592,0.041889076199117116,0.09830113011900592,0.030699338240895126,0.023057863562687502,0.030699338240895126,0.023057863562687502,0.01978683832836794,0.04357279417637753,0.01978683832836794,0.04357279417637627,0.039775370517621644,0.029589495142770667,0.039775370517626925,0.029589495142770667,0.04900948318919906,0.052404647569733946,0.04900948318919906,0.052404647569733946,0.03509997898400254,0.022268583249969626,0.03509997898400254,0.022268583249969626,0.02719208304170971,0.03751921173821245,0.02719208304170971,0.03751921173821245,0.01629972684936741,0.014887160333654394,0.01629972684936741,0.014887160333654394,0.028000471824122634,0.027336060333865677,0.028000471824122634,0.027336060333865677,0.033192011591801435,0.013434264912255064,0.033192011591801435,0.013434264912255064,0.05433869611698224,0.027177614183037657,0.05433869611698224,0.027177614183037657,0.024013433694591454,0.016378906846804302,0.024013433694591454,0.016378906846804302,0.03553478837830655,0.02878011081642758,0.03553478837830629,0.02878011081642758
0.0659533589381689,0.022394369930737196,0.0659533589381689,0.022394369930737196,0.08619761065512188,0.029409493984481155,0.08619761065512184,0.029409493984481155,0.06444987058724341,0.02214715696118152,0.06444987058724341,0.02214715696118152,0.0970290324778381,0.09413100170981659,0.0970290324778381,0.09413100170981659,0.06595335893816888,0.022394369930737196,0.0659533589381689,0.022394369930737196,0.08619761065512184,0.029409493984481155,0.08619761065512184,0.029409493984481155,0.013904994308200807,0.00983316631837618,0.013904994308200807,0.00983316631837618,0.024973833774597092,0.032126516513317105,0.024973833774597092,0.032126516513317105,0.013887829849625541,0.008752649095764316,0.013887829849625541,0.008752649095764316,0.02666192187371964,0.031156887630519645,0.02666192187371964,0.031156887630519645,0.013760107853443638,0.008082415463407827,0.013760107853443638,0.008082415463407827,0.018374746744845342,0.01489707174242231,0.018374746744845342,0.01489707174242231,0.015114395759358976,0.0033814338778974575,0.015114395759358976,0.0033814338778974575,0.02883155653008442,0.020246449734732618,0.02883155653008442,0.020246449733693238,0.029005697787198848,0.01329611595253948,0.029005697787199053,0.01329611595253948,0.013570775229356997,0.0045501743568018465,0.013570775229356997,0.0045501743568018465,0.026228602024754726,0.0023294187609756074,0.026228602024754726,0.0023294187609756074,0.013841506298050726,0.01928025961252196,0.013841506298050726,0.01928025961252196
0.04871832401018367,0.02818312210744096,0.04871832401018367,0.02818312210744096,0.058145191478080754,0.02967715237211067,0.058145191478080754,0.02967715237211067,0.03877386088020043,0.027282977705539304,0.03877386088020043,0.027282977705539304,0.0699826913112941,0.03376071445900764,0.0699826913112941,0.03376071445900764,0.04871832401018367,0.02818312210744096,0.04871832401018367,0.02818312210744096,0.058145191478080754,0.02967715237211067,0.058145191478080754,0.02967715237211067,0.019397663256379465,0.01584863652510122,0.019397663256379438,0.015848636525100625,0.025511327552103738,0.0064317459698733205,0.02551132755210361,0.0064317459698733205,0.023120004308762626,0.010719066779248906,0.02312000430876261,0.010719066779248906,0.028328283703690785,0.02326635019963204,0.028328283703690785,0.02326635019963204,0.02072185013760994,0.01891109702923144,0.02072185013760994,0.01891109702923144,0.035740670813312676,0.00985976040225636,0.035740670813312676,0.00985976040225636,0.01729369853697856,0.007613573155462554,0.01729369853697856,0.007613573155462554,0.027224455391146776,0.019758276239016027,0.027224455391146776,0.019758276239016027,0.018042376505621883,0.0072910961553414285,0.018042376505621883,0.0072910961553414285,0.04525125743166653,0.017769726380170717,0.04525125743166653,0.017769726380170717,0.019459795990770565,0.011229633905069597,0.019459795990770565,0.011229633905069597,0.011582631711543818,0.019545329806626585,0.011582631711543818,0.019545329806626585
0.02238397861624769,0.02351140569444903,0.02238397861624769,0.02351140569444903,0.014292763096621868,0.042816960147592585,0.014292763096621868,0.042816960147592585,0.021541487555017575,0.0239558052884843,0.021541487555017575,0.0239558052884843,0.03719704510800575,0.06163688502135584,0.03719704510800575,0.06163688502135584,0.02238397861624769,0.02351140569444903,0.02238397861624769,0.02351140569444903,0.014292763096621868,0.042816960147592585,0.014292763096621868,0.042816960147592585,0.01942942950310049,0.01730112805235037,0.01942942950310049,0.01730112805235037,0.029254161153359992,0.05328296139086963,0.029254161153359992,0.05328296139086963,0.016746097250655675,0.01848975621403582,0.016746097250655675,0.01848975621403582,0.020624869477469745,0.020428087835900017,0.020624869477469745,0.020428087835900017,0.023200178689410805,0.020900981520733497,0.023200178689410805,0.020900981520733497,0.021291313611493765,0.040410698098591,0.021291313611493765,0.040410698098591,0.016038619206960775,0.02487420503153542,0.016038619206960775,0.02487420503153542,0.02723267928268874,0.013709192416517036,0.02723267928268874,0.013709192416517036,0.020989837907802063,0.01867977563576473,0.020989837907802063,0.01867977563576473,0.07368866899982073,0.050719258491216335,0.07368866899982073,0.050719258491216335,0.011721498460047006,0.008357893954230112,0.011721498460047006,0.008357893954230112,0.05700811086162908,0.02700093285394753,0.05700811086162908,0.02700093285394753
0.03204136946935327,0.021813430908556752,0.03204136946935327,0.021813430908556752,0.06660144976643623,0.0343077485720109,0.06660144976643623,0.0343077485720109,0.0372177575614775,0.026088696674940223,0.0372177575614775,0.026088696674940223,0.03605474453386773,0.03444589310616869,0.03605474453386794,0.03444589310616869,0.03204136946935327,0.021813430908556752,0.03204136946935327,0.021813430908556752,0.06660144976643623,0.0343077485720109,0.06660144976643623,0.0343077485720109,0.008269312164944068,0.006845012292307243,0.008269312164944097,0.006845012292307243,0.012699369605550846,0.01335767899223749,0.012699369605550846,0.013357678992237491,0.01723791328699761,0.009475089702674605,0.01723791328699761,0.009475089702674605,0.03886871159185965,0.017141835524406977,0.03886871159194271,0.017141835524406977,0.021376741963136093,0.007857327196159907,0.021376741963136093,0.007857327196159905,0.03752180168155613,0.016095946172433512,0.03752180168155613,0.016095946172433512,0.00920398487264937,0.002999056911692275,0.00920398487264937,0.002999056911692275,0.01118920096614569,0.010648752824308738,0.01118920096614569,0.010648752824308738,0.047960570113026846,0.012981698942158082,0.047960570113026846,0.012981698942158082,0.028373782934680403,0.033820888299978084,0.028373782934680403,0.033820888299978084,0.005322563849316991,0.0030354265568364783,0.005322563849316991,0.0030354265568364783,0.022238213585035943,0.011931453044232534,0.022238213585035943,0.011931453044232534
0.024983114184334965,0.01850380031215378,0.024983114184334965,0.01850380031215378,0.05456040357980638,0.0242499619140208,0.05456040357980638,0.0242499619140208,0.028919189347762785,0.01737207094916662,0.028919189347762785,0.01737207094916662,0.051507058691979836,0.021115854799235678,0.051507058691979836,0.021115854799235678,0.024983114184334965,0.01850380031215378,0.024983114184334965,0.01850380031215378,0.05456040357980638,0.0242499619140208,0.05456040357980638,0.0242499619140208,0.008669060171649961,0.010408159200326951,0.008669060171649961,0.010408159200326951,0.035151422414917886,0.021888007715433404,0.035151422414917886,0.021888007715433404,0.011110130786319665,0.011527397474341233,0.011110130786319665,0.011527397474341233,0.03644736755326768,0.00844426716688841,0.03644736755326768,0.00844426716688841,0.006562439140763651,0.010630163726711966,0.006562439140763651,0.010630163726711966,0.017985832958033677,0.013068648466042542,0.017985832958033677,0.013068648466042542,0.014593547623464561,0.0021087978966138807,0.014593547623464561,0.0021087978966138807,0.0075151365245545955,0.008230324924081878,0.0075151365245545955,0.008230324924081878,0.011597852843425419,0.011361188019012702,0.011597852843425419,0.011361188019012702,0.06681370042630543,0.028517573132060613,0.06681370042630543,0.028517573132060613,0.010361822098586519,0.011382554011175001,0.010361822098586519,0.011382554011175001,0.014597952805167307,0.0415927468399469,0.014597952805167307,0.0415927468399469
0.036436436908144354,0.02207677154835656,0.036436436908144354,0.022076771548356574,0.03859713174461806,0.025129397401053164,0.03859713174461806,0.025129397401053067,0.029543475894701295,0.0178740173796678,0.02954347589470142,0.0178740173796678,0.024958293009544403,0.017050337250536143,0.024958293009544403,0.017050337250536143,0.036436436908144236,0.022076771548356574,0.036436436908144236,0.02207677154835656,0.0385971317446179,0.025129397401053164,0.03859713174461806,0.025129397401053067,0.013621763845842043,0.010066066698130751,0.013621763845842043,0.010066066698130751,0.009414236539070829,0.011720305903273961,0.009414236539070829,0.011720305903273961,0.009183153289506227,0.015663593007066805,0.009183153289506227,0.015663593007066805,0.007785853699246976,0.016189527426341877,0.007785853699275772,0.016189527426341877,0.010167949921619363,0.010611748069412388,0.010167949921619424,0.010611748069412388,0.005068811368912241,0.017108513488422326,0.005068811368912241,0.017108513488422326,0.004223872925719963,0.0043847473157535575,0.004223872925719963,0.0043847473157535575,0.0030484880427928233,0.010224858225215657,0.0030484880427928233,0.010224858225215657,0.006800834736425564,0.00465821643874926,0.006800834736425564,0.004658216438753262,0.011917115940276656,0.006660174562761245,0.011917115940276656,0.006660174562761245,0.0054234844145254766,0.0030107290001645183,0.0054234844145254766,0.0030107290001645183,0.00347771106305256,0.007040944606641793,0.0034777110630475633,0.007040944606641793
0.024277931801304307,0.020254430146111783,0.024277931801304307,0.020254430146111804,0.07257614671963877,0.01941171073987753,0.07257614671963877,0.01941171073987753,0.030693988579934776,0.01908208044371198,0.030693988579934776,0.01908208044371196,0.06932842546105153,0.026343563267878376,0.06932842546105944,0.026343563267878376,0.024277931801304307,0.020254430146111783,0.024277931801304307,0.020254430146111804,0.07257614671963877,0.01941171073987753,0.07257614671963862,0.01941171073987753,0.011619583764874488,0.0052022043061878,0.011619583764874536,0.0052022043061878,0.01196670750155749,0.012162521984653618,0.01196670750155749,0.012162521984653535,0.014548051125578845,0.008713346242496513,0.014548051125578845,0.008713346242496513,0.009215114182172052,0.007293299514737942,0.009215114182172052,0.007293299514737942,0.010437886852287992,0.004702276447383834,0.010437886852287992,0.004702276447383861,0.011901763107461277,0.01167627038496973,0.011901763107461277,0.01167627038496973,0.004275544113042772,0.005544149005209247,0.004275544113033355,0.005544149005209247,0.007631678854568482,0.0031274531277800054,0.0076316788545682775,0.0031274531278035066,0.016685251071313426,0.006110763298004455,0.016685251071313426,0.006110763298004455,0.07528355046332151,0.00610013359618941,0.07528355046331076,0.006100133596189147,0.0034460882165445075,0.002786088552842894,0.0034460882165445075,0.0027860885528565235,0.008127228513173622,0.006017563408573676,0.008127228513205522,0.006017563408573674
0.023660534465226937,0.021811412896095155,0.023660534465226937,0.021811412896095155,0.02651435573524648,0.019096562199057854,0.026514355735246565,0.019096562199057854,0.025051651205137044,0.021067385653889225,0.025051651205137044,0.021067385653889225,0.019000893549192713,0.019912958109182834,0.019000893548255408,0.019912958109182834,0.023660534465226937,0.021811412896095155,0.023660534465226937,0.021811412896095155,0.02651435573524648,0.019096562199057848,0.02651435573524648,0.019096562199057854,0.0075572159445017155,0.002786295495474636,0.00755721594450175,0.002786295495474636,0.009614002166974658,0.006968951718006346,0.009614002166974658,0.006968951718006346,0.010715448078715087,0.0059068338717449724,0.010715448078715087,0.0059068338717449724,0.003810027306538131,0.00667979673080935,0.003810027306538131,0.00667979673080935,0.007970838017558773,0.00391337006183208,0.007970838017558773,0.00391337006183208,0.011922623578099955,0.006767828223290871,0.011922623578100052,0.006767828223290871,0.004645963442662369,0.0027252904934557437,0.004645963442662369,0.0027252904934557437,0.003064786594297334,0.017760619462378124,0.003064786594297334,0.017760619462370564,0.0063936250073061245,0.0053605237318262305,0.0063936250073061245,0.0053605237318262305,0.006425769089527643,0.012675861987229878,0.006425769089527643,0.012675861987228773,0.0018490307556177845,0.001942088079917928,0.0018490307556177684,0.001942088079917928,0.016185826144237223,0.007633072217199337,0.016185826144237223,0.007633072217199337
0.012102770975741068,0.019253753354121158,0.012102770975741008,0.019253753354121172,0.014911126958332124,0.02222781260134639,0.014911126958332124,0.022227812601346392,0.014250231926608938,0.02454398443623575,0.014250231926607687,0.024543984436235733,0.009390585472836529,0.017304141430108517,0.009390585472836529,0.017304141430108517,0.012102770975741068,0.019253753354121172,0.012102770975741008,0.019253753354121172,0.014911126958332022,0.022227812601346392,0.014911126958332124,0.022227812601346392,0.006622418318558786,0.005940273350675394,0.006622418318558786,0.005940273350675394,0.05746239166115515,0.018855213957940813,0.05746239166115463,0.018855213957940813,0.005235147652925567,0.0055606489175067065,0.0052351476529255946,0.005560648917506707,0.0030873610795616895,0.007989708977683417,0.0030873610795616757,0.007989708977683417,0.004856005514053299,0.004344706572652661,0.004856005514053258,0.004344706572652661,0.00986456419873886,0.009023223898670942,0.00986456419873886,0.009023223898670942,0.006639895198639695,0.0013510605904013897,0.006639895198639357,0.0013510605904013967,0.00425325060725314,0.009189098849826743,0.00425325060725314,0.009189098849811584,0.056893792761196736,0.039996137082784954,0.05689379276120258,0.039996137082784954,0.07247584815007749,0.029277308106497757,0.07247584815007749,0.029277308106497757,0.002393962325365212,0.001426708611207036,0.002393962325365212,0.001426708611207036,0.002944533585062989,0.05399937252609888,0.0029445335850633325,0.05399937252609888
0.017890934273748785,0.013518105019604045,0.017890934273748785,0.013518105019604045,0.01620955404241439,0.028638241809679,0.01620955404237578,0.028638241809679,0.01708947599087175,0.012218220199746952,0.01708947599087175,0.012218220199746952,0.010600419908078598,0.024622674529193134,0.010600419908078598,0.024622674529193134,0.017890934273748785,0.013518105019604045,0.017890934273748785,0.013518105019604045,0.01620955404241439,0.028638241809679,0.01620955404237578,0.028638241809679,0.0073396882820341855,0.004310339024256593,0.007339688282034244,0.004310339024256593,0.004755983777049164,0.005304489000156727,0.004755983777049164,0.005304489000156725,0.007141425245509776,0.004888499416747394,0.007141425245509776,0.004888499416747394,0.00779253089298424,0.008370498647856946,0.007792530892984216,0.008370498647856946,0.008315944466926309,0.003913611686583154,0.008315944466926309,0.003913611686583109,0.0057789678587845915,0.004598800735415495,0.00577896785878038,0.004598800735415495,0.002215476824589241,0.002389098388161308,0.002215476824589241,0.002389098388163804,0.0030464774529763397,0.0026361749552865077,0.0030464774529763397,0.0026361749552865077,0.01083966824577958,0.007310265221174575,0.01083966824577958,0.007310265221174575,0.010215773795456433,0.014002771047086563,0.010215773795456294,0.014002771047087149,0.002444764254099478,0.0015850464755031329,0.002444764254099527,0.0015850464755031329,0.0025449810182777495,0.0021213102692948208,0.0025449810182879024,0.0021213102692948208
0.01564920372672567,0.009276987959817814,0.01564920372672567,0.009276987959817814,0.009696528176649682,0.01055630157023405,0.009696528176649682,0.01055630157023405,0.01864272103725406,0.010320409785001322,0.01864272103725406,0.010320409785001322,0.013592882111140561,0.008938855788111336,0.013592882111140561,0.008938855788111336,0.01564920372672559,0.009276987959817814,0.01564920372672567,0.009276987959817814,0.009696528176649682,0.01055630157023405,0.009696528176649682,0.010556301570234053,0.008031033868492004,0.0037180374330783735,0.008031033868492004,0.0037180374330783735,0.01172482840790761,0.012795196136185958,0.01172482840790761,0.012795196135917045,0.02140074168453002,0.0048373041059494365,0.02140074168453002,0.0048373041059494365,0.026250086576307983,0.02361490327309436,0.026250086576307983,0.02361490327309436,0.012456349216975374,0.003625497332110533,0.012456349216975374,0.003625497332110533,0.011883442492472083,0.028528618097740488,0.011883442492472083,0.028528618097740488,0.018621775694526405,0.0019620741251953656,0.018621775694526405,0.0019620741251953656,0.021770809942553565,0.007486112834414381,0.021770809942553565,0.007486112834414381,0.031870414592903296,0.01585529761899779,0.031870414592903296,0.01585529761899779,0.023018922002583143,0.02764147016524458,0.023018922002583143,0.02764147016524318,0.003021943539653656,0.017902507712469522,0.003021943539653656,0.017902507712508616,0.0519276167772613,0.02977138190291967,0.0519276167772613,0.02977138190291967
0.021370416578414042,0.014718763016988086,0.02137041657841403,0.014718763016988086,0.026363764972436757,0.014376903987185016,0.026363764972436757,0.014376903987185016,0.02030425571630091,0.01585490292499778,0.02030425571630091,0.01585490292499778,0.02368184524559906,0.012318538810116896,0.02368184524559906,0.012318538810116896,0.02137041657841403,0.014718763016988086,0.021370416578414042,0.014718763016988086,0.026363764972436757,0.014376903987185016,0.026363764972436757,0.014376903987185016,0.004933810320274154,0.009880439263835677,0.004933810320274154,0.009880439263835677,0.011892895166018056,0.01416109850128678,0.011892895166018052,0.01416109850128678,0.007110848762790167,0.009985385403775835,0.007110848762790167,0.009985385403775835,0.026475140047930074,0.020137608906052908,0.026475140047926032,0.02013760890605291,0.004670341385039428,0.0088041820075329,0.004670341385039428,0.0088041820075329,0.015470068205822729,0.006044739449232281,0.015470068205822729,0.006044739449232281,0.0038700138558948522,0.003092081766834457,0.0038700138558948743,0.003092081766834457,0.010494391038782922,0.01813035627225305,0.010494391038782922,0.01813035627225305,0.013786365666963637,0.03990758172077414,0.013786365666963637,0.03990758172077414,0.01226778493207177,0.027016690532822785,0.01226778493207177,0.027016690532822785,0.004659910006559667,0.002032294090160411,0.004659910006559687,0.002032294090160404,0.0142325396793928,0.003353886580115576,0.014232539679393424,0.003353886580115576
0.01203251664605566,0.009154291852344896,0.01203251664605566,0.009154291852344896,0.02161796377849212,0.008186922335392763,0.02161796377849212,0.008186922335392763,0.008117122615172046,0.00645459067184997,0.008117122615172046,0.00645459067184997,0.01358884158945057,0.014902848756633164,0.013588841589449929,0.014902848756633164,0.01203251664605566,0.009154291852344896,0.01203251664605566,0.009154291852344896,0.02161796377849212,0.008186922335392763,0.02161796377849212,0.008186922335392763,0.010200498760505008,0.00360270154972835,0.010200498760505008,0.00360270154972835,0.019787622536103427,0.016232865572563013,0.019787622536103427,0.016232865572563013,0.014012616917666953,0.005230052510843526,0.014012616917666953,0.005230052510843526,0.053943273562710614,0.019553337059943235,0.05394327356271204,0.019553337059943235,0.006063549535480658,0.0033891141243236316,0.006063549535480658,0.0033891141243236316,0.008018768806633806,0.04980224622058905,0.008018768806633806,0.04980224622058905,0.007395625737543803,0.004216335654815713,0.0073956257375218,0.004216335654815713,0.013550892827229781,0.05780572222203905,0.013550892827229993,0.05780572222203905,0.027124946379661622,0.005252759220110095,0.027124946379661622,0.005252759220110095,0.05854956165850925,0.019574735727124395,0.05854956165850925,0.019574735727124395,0.013792135821348797,0.007539003561231168,0.013792135821348797,0.007539003561231168,0.03612255004032905,0.042002953250523445,0.03612255004032872,0.042002953250523445
0.01495316340894505,0.010281992880182925,0.01495316340894505,0.010281992880182927,0.008835309062330645,0.010524521050414562,0.008835309062330645,0.010524521050414562,0.015737237233680958,0.009169852926301516,0.015737237233680958,0.009169852926301516,0.005530996111610829,0.013619760402340893,0.005530996111610829,0.013619760402340893,0.01495316340894505,0.010281992880182925,0.01495316340894505,0.010281992880182925,0.008835309062330645,0.010524521050414562,0.008835309062330645,0.010524521050414562,0.006225522019385467,0.005018413431830259,0.006225522019385467,0.005018413431830259,0.01312347437892906,0.01116877862746079,0.01312347437892906,0.011168778627460756,0.003909553614888001,0.004763550957865916,0.003909553614888001,0.004763550957865916,0.015968721218879194,0.011862560328424388,0.015968721218879194,0.011862560328424388,0.004335750858771581,0.006082974141351036,0.00433575085877155,0.006082974141351036,0.004754550273897408,0.007025026868675109,0.004754550273897408,0.007025026868675109,0.0039070776882474305,0.0026554659255647924,0.003907077688247461,0.0026554659255647746,0.003716316197140903,0.00677780287841221,0.003716316197140903,0.00677780287841221,0.003223826965749721,0.004849855774275953,0.003223826965749721,0.004849855774275953,0.01685031321250882,0.0034767555619197306,0.01685031321250882,0.0034767555619197306,0.00532349149586575,0.0013968843361851907,0.00532349149586575,0.0013968843361851946,0.008411780231078723,0.004331907016462786,0.008411780231078723,0.004331907016462786
0.006244805947985062,0.00990647912179293,0.006244805947985058,0.00990647912179293,0.011845448082912326,0.0077313911612794314,0.011845448082912326,0.0077313911612794314,0.011248305949123,0.008360095134539948,0.011248305949123025,0.008360095134539948,0.006909134963471832,0.011988449577664081,0.006909134963471832,0.011988449577664081,0.006244805947985062,0.00990647912179293,0.006244805947985062,0.00990647912179293,0.011845448082912458,0.0077313911612794314,0.011845448082912326,0.0077313911612794314,0.0020487883301429613,0.0014817315299740987,0.0020487883301429613,0.0014817315299740987,0.005078120204624726,0.005208547857822268,0.00507812020462496,0.005208547857822266,0.002747580365085222,0.0023794599053085634,0.0027475803650852076,0.002379459905308566,0.012098508055612536,0.0026122585907582146,0.012098508055612536,0.0026122585907582107,0.0021563905084167868,0.0011100155743144326,0.0021563905084168067,0.0011100155743144326,0.0008960302808979197,0.007244395510375424,0.0008960302808982296,0.007244395510375424,0.002108412608565794,0.0010269396656279446,0.002108412608565794,0.0010269396656279446,0.0033749210566875374,0.0014283093983605867,0.0033749210566875374,0.0014283093983605867,0.01061361403359498,0.002552110526581245,0.010613614033594947,0.002552110526581245,0.005382634075272833,0.0055532596869823985,0.005382634075272833,0.005553259686982413,0.001057626979129954,0.0006523287587262408,0.001057626979129954,0.0006523287587262413,0.0036124089769841612,0.001426700909550462,0.0036124089769841612,0.0014267009095448398
0.007897117351657214,0.008741966598187437,0.007897117351657214,0.008741966598187437,0.015120733983394585,0.007823087707875388,0.015120733983394585,0.007823087707875388,0.007426242278774967,0.009931304923247302,0.007426242278774967,0.009931304923247302,0.007672547060782117,0.007862982723245317,0.007672547060782117,0.007862982723245317,0.007897117351657214,0.008741966598187437,0.007897117351657214,0.008741966598187437,0.015120733983394585,0.007823087707875388,0.015120733983394585,0.007823087707875388,0.0015189656014345514,0.002280794118680739,0.0015189656014345514,0.002280794118680739,0.003273436583161126,0.002539722995542863,0.003273436583161126,0.002539722995542863,0.002029474979145227,0.005818904810918833,0.002029474979145227,0.005818904810918833,0.0030627222730347484,0.0028800077477085357,0.0030627222730347484,0.0028800077477085426,0.0020884187559629835,0.0014725564459747802,0.0020884187559629835,0.0014725564459747802,0.002786230275287621,0.0019107371526054743,0.002786230275287621,0.0019107371526054743,0.0007233289166113918,0.0007270667419399891,0.0007233289166113918,0.0007270667419399934,0.0024408418751845945,0.001037558391423697,0.0024408418751843152,0.001037558391423697,0.0031239870527594543,0.0016571435264743524,0.0031239870527594543,0.0016571435264743524,0.0074462541338374865,0.0028275412580043104,0.0074462541338374865,0.0028275412580043104,0.0009442666771062221,0.0008712411469864149,0.0009442666771062221,0.0008712411469864149,0.0007734105952659822,0.0015635686270191063,0.0007734105952634179,0.0015635686270191063
0.019000057055549056,0.012387443622006266,0.019000057055549056,0.012387443622006266,0.01779734751480679,0.01189506082387276,0.01779734751480679,0.01189506082387276,0.017251943963825345,0.013518420086864871,0.017251943963825345,0.013518420086864871,0.016491737839064227,0.014294330231294864,0.016491737839064227,0.014294330231294804,0.019000057055549056,0.012387443622006266,0.019000057055549056,0.012387443622006266,0.01779734751480679,0.01189506082387276,0.01779734751480679,0.01189506082387276,0.007513873935140364,0.004605946695124417,0.007513873935140364,0.004605946695124417,0.006103565092499424,0.025117539723005882,0.006103565092499424,0.025117539723005882,0.010831802994690791,0.010132940163373058,0.010831802994690791,0.010132940163373058,0.0069076130716190535,0.013969572447004633,0.0069076130716190535,0.013969572447004633,0.010492678990916991,0.00583600433255413,0.010492678990814547,0.005836004332554105,0.00959821113441453,0.03190558267279662,0.00959821113441453,0.03190558267277462,0.017353454067133896,0.0017745334167220458,0.017353454067133896,0.0017745334167220458,0.04115379659296914,0.008627492221197217,0.04115379659296914,0.008627492221197217,0.005745574891391876,0.0033201810880072184,0.005745574891391876,0.0033201810880072184,0.006600531963584694,0.005813626097716102,0.006600531963584694,0.005813626097716102,0.00377864475883502,0.009283259995583713,0.00377864475883502,0.009283259995583713,0.004358017140910563,0.009968853746590222,0.004358017140910563,0.009968853746590222
1.427008769264086,1.558276692937106,1.427008769264086,1.558276692937106,1.5904909693610674,1.556155149575509,1.5904909693610674,1.556155149575509,1.2951038513733104,1.6285222024798873,1.2951038513733104,1.6285222024798873,1.3335560357998706,1.215607271183772,1.3335560357998706,1.215607271183772,1.427008769264086,1.558276692937106,1.427008769264086,1.558276692937106,1.5904909693610674,1.556155149575509,1.5904909693610674,1.556155149575509,1.3209516713216,1.5289688187643609,1.3209516713216,1.5289688187643609,1.3298486400614156,1.4087247702031114,1.3298486400614156,1.4087247702031114,1.3159357071852098,1.3850347057837096,1.3159357071852098,1.3850347057837094,1.0650268857125014,1.2512459706159205,1.0650268857125014,1.2512459706159205,1.6519900816407642,1.2838209426204608,1.6519900816407642,1.2838209426204608,1.2345758649732026,1.3468540593028688,1.2345758649732026,1.3468540593028688,1.3389468771964705,1.4199467814740796,1.3389468771964705,1.4199467814740796,1.1262692330196966,1.1250037482599986,1.1262692330196966,1.1250037482599986,1.4536130913108072,1.568662966345864,1.4536130913108072,1.5686629663461775,1.3655981601430205,1.2002105838023913,1.3655981601430207,1.2002105838023913,1.2381626086684445,1.4217031757712735,1.2381626086684445,1.4217031757712735,1.261265806822087,1.3794296195695936,1.261265806822087,1.3794296195696032
0.33681685389949767,0.20777701241255178,0.33681685389949767,0.20777701241255178,0.1952199875232066,0.17187282220594544,0.1952199875232066,0.17187282220594544,0.2895634029519946,0.3208817897279937,0.2895634029519946,0.3208817897279937,0.19848454669143673,0.1341056868087908,0.19848454669141796,0.1341056868087908,0.33681685389949767,0.20777701241255178,0.33681685389949767,0.20777701241255178,0.1952199875232066,0.17187282220594544,0.1952199875232066,0.17187282220594544,0.27959480926017033,0.040808518292745795,0.27959480926017033,0.040808518292745795,0.06318905266243499,0.037895054137690176,0.06318905266243499,0.037895054137690176,0.215671143176424,0.18949013241075716,0.215671143176424,0.18949013241075716,0.17483765528026773,0.1092581454057263,0.17483765528031608,0.1092581454057263,0.15732888538862655,0.09673855330367347,0.15732888538862655,0.09673855330367347,0.12859261390494103,0.0467420521874452,0.12859261390494117,0.0467420521874452,0.056203614542121465,0.021216822176260725,0.056203614542121465,0.021216822176260725,0.044215233157056374,0.04623907798189867,0.044215233157056374,0.04623907798189867,0.05496978393585191,0.06895628432070812,0.05496978393585191,0.06895628432070812,0.09228674164154484,0.12486849234405158,0.09228674164154484,0.12486849234405158,0.07391461169296587,0.02767859733520518,0.07391461169296587,0.02767859733520518,0.1053229091281552,0.04035941540956558,0.1053229091281552,0.04035941540952611
0.8204042919668983,0.8402245413129502,0.8204042919668983,0.8402245413129502,0.6400981317142099,0.5879002801694344,0.6400981317142098,0.5879002801694344,0.8888304677792018,0.7838425701645945,0.8888304677792018,0.7838425701645945,0.5263750155316574,0.5991959033234664,0.5263750155316574,0.5991959033234665,0.8204042919668983,0.8402245413129502,0.8204042919668983,0.8402245413129502,0.6400981317142098,0.5879002801694342,0.6400981317142099,0.5879002801694342,0.6126770728828931,0.4180645237374441,0.6126770728828931,0.4180645237374437,0.23345835570743348,0.36428196831947024,0.2334583557074334,0.36428196831947035,0.3747449075271214,0.5700845863770918,0.3747449075271214,0.5700845863770918,0.5594542406434224,0.3722513299931087,0.5594542406434428,0.3722513299931087,0.5603939794977985,0.4690031729648691,0.5603939794977985,0.4690031729648691,0.20380470233578135,0.3278065446705566,0.2038047023357751,0.3278065446705566,0.3050018505309174,0.37886135486560624,0.3050018505309172,0.37886135486561207,0.25102713247391634,0.494852224354928,0.25102713247391634,0.494852224354933,0.23717450185774283,0.31802209681621757,0.237174501857591,0.3180220968162175,0.19008900268746276,0.16118260948808413,0.19008900268746276,0.16118260948808596,0.2904802149035305,0.46949855620981545,0.29048021490353043,0.4694985562098097,0.21968403198495143,0.314657698499295,0.21968403198495143,0.31465769849929026
1.11489042810732,1.023810012081019,1.11489042810732,1.023810012081019,0.7809855941855103,0.8300406691334526,0.7809855941855103,0.8300406691334526,1.133699733942483,1.165453859093693,1.133699733942483,1.1654538590936931,0.7789140139744527,0.9222687660711768,0.7789140139744527,0.9222687660711768,1.11489042810732,1.023810012081019,1.11489042810732,1.023810012081019,0.7809855941855103,0.8300406691334526,0.7809855941855103,0.8300406691334526,0.9318829319097244,0.9471980474915477,0.9318829319097244,0.9471980474915477,0.7913503591878085,0.7090826368739929,0.7913503591878085,0.7090826368739929,0.8767616247912564,0.8714149477800092,0.8767616247912564,0.8714149477800092,0.9843879577703095,0.7863361132794651,0.9843879577703084,0.7863361132794651,0.8993894571285084,0.9252672078677275,0.8993894571285084,0.9252672078677275,0.8181933043383603,0.7280238264613148,0.8181933043383603,0.7280238264613148,0.6149635865647306,0.6919714754243892,0.6149635865647453,0.6919714754243892,0.5964193302562093,0.6633740675899936,0.5964193302562093,0.6633740675899805,0.633483840387558,0.7024416679478083,0.633483840387558,0.7024416679478083,0.5727801401566411,0.6779221046823823,0.5727801401566411,0.6779221046823823,0.6118511370156506,0.663497268736894,0.6118511370156506,0.663497268736894,0.5161406088693816,0.7494802209992405,0.5161406088693816,0.7494802209992454
0.35736857702292163,0.392383572820546,0.35736857702292163,0.392383572820546,0.379700566618685,0.41630490644610335,0.379700566618685,0.41630490644610335,0.39619040366454195,0.41247333410868225,0.39619040366454195,0.41247333410868225,0.3714872311311697,0.36045927885117657,0.3714872311311697,0.36045927885117657,0.35736857702292163,0.392383572820546,0.35736857702292163,0.392383572820546,0.379700566618685,0.41630490644610235,0.379700566618685,0.41630490644610235,0.45493348414262874,0.5458384127803326,0.4549334841426286,0.5458384127803326,0.5482657410148114,0.7202630493093807,0.5482657410148114,0.7202630493093807,0.4737322464813763,0.5125479722276418,0.4737322464813763,0.5125479722276418,0.5237544446132564,0.5230056126271126,0.5237544446132564,0.5230056126271126,0.49627142428768783,0.584745560052684,0.49627142428768783,0.584745560052684,0.4895385008414919,0.5466403316227424,0.4895385008414919,0.5466403316227424,0.5163258251204395,0.639257377443689,0.5163258251204395,0.639257377443689,0.4869633071805385,0.5884280047735189,0.4869633071805385,0.5884280047735189,0.32946513302907193,0.39487768136145224,0.32946513302907193,0.39487768136145224,0.3941020638359136,0.34388772071725177,0.3941020638359136,0.34388772071725177,0.49753607091891155,0.5795074111642091,0.49753607091891155,0.5795074111642091,0.5118556957971147,0.6823361947470233,0.5118556957971147,0.6823361947470233
0.40637833436917764,0.23426926875055804,0.40637833436917764,0.23426926875055804,0.33062812598852154,0.15131558531626874,0.33062812598852154,0.15131558531626874,0.4784100069062601,0.39532293129013446,0.4784100069062601,0.39532293128883095,0.26750029198670144,0.2552688202108566,0.26750029198670144,0.25526882021085695,0.40637833436917764,0.23426926875055804,0.40637833436917764,0.23426926875055804,0.33062812598852154,0.15131558531626874,0.33062812598852154,0.15131558531626874,0.14073274739293126,0.14431775701491908,0.14073274739293126,0.14431775701491908,0.14355804859562674,0.09252698567293925,0.14355804859562674,0.09252698567293936,0.2507695477686747,0.166035131807404,0.2507695477686747,0.166035131807404,0.11428593114935182,0.06526272695353362,0.11428593114935182,0.06526272695353362,0.12266249858330786,0.11004932215467818,0.12266249858330786,0.11004932215467818,0.09871706321893667,0.08610377446857088,0.09871706321893667,0.08610377446857088,0.15840730007000378,0.06043420590150247,0.15840730007000378,0.06043420590150247,0.0883744184381654,0.06998024683383197,0.0883744184381654,0.06998024683430808,0.1143954817576517,0.0967020785263664,0.1143954817576517,0.0967020785263664,0.08655657890203845,0.08830979247745098,0.08655657890203845,0.08830979247745098,0.16355731689571773,0.11261765300388925,0.16355731689571773,0.11261765300389089,0.07274707361505098,0.08000418034999109,0.07274707361505098,0.08000418034999109
0.7329048164218014,0.8297857554941573,0.7329048164218014,0.8297857554941573,0.6365095727163622,0.6150139043916353,0.6365095727163622,0.6150139043916353,0.7561652980552791,0.7169048486225976,0.7561652980552791,0.7169048486225976,0.8018423469532717,0.5509041808749946,0.8018423469532717,0.5509041808749946,0.7329048164218014,0.8297857554941573,0.7329048164218014,0.8297857554941573,0.6365095727163622,0.6150139043916353,0.6365095727163622,0.6150139043916353,0.6466825292096647,0.6450344354925944,0.6466825292096647,0.6450344354925944,0.5169452936952358,0.4983605831630763,0.5169452936952358,0.4983605831630763,0.5848467924916767,0.6759754190977396,0.5848467924916767,0.6759754190977396,0.6763233715390292,0.6248442283498482,0.6763233715390292,0.6248442283498482,0.5904341587905614,0.553278980715659,0.5904341587905614,0.553278980715659,0.5716238181801762,0.45819894273711725,0.5716238181801762,0.45819894273711725,0.6879946240861193,0.5849042725115643,0.6879946240861193,0.5849042725115643,0.5648032380382022,0.6616726362903883,0.5648032380382022,0.6616726362903883,0.6164495322455259,0.5064131687085164,0.6164495322455259,0.5189997715889361,0.6574244475081593,0.6199371092156104,0.6574244475081593,0.6199371092156104,0.5709865984405785,0.5910701323098759,0.5709865984405785,0.5910701323098688,0.44556030410911385,0.6401630918090919,0.44556030410911385,0.6401630918090919
0.5538733271003144,0.5923367408693619,0.5538733271003144,0.5923367408693619,0.5866715495093839,0.594400030647152,0.5866715495093839,0.594400030647152,0.6019760197471626,0.6770036721591189,0.6019760197471626,0.6770036721591189,0.6269513089093747,0.607856759387534,0.6269513089093747,0.607856759387534,0.5538733271003144,0.5923367408693619,0.5538733271003144,0.5923367408693619,0.5866715495093839,0.594400030647152,0.5866715495093839,0.594400030647152,0.633072107568492,0.552992856524066,0.633072107568492,0.552992856524066,0.5437380835984106,0.5868010654177099,0.5437380835984106,0.5868010654177099,0.6341864775332412,0.6595496656313796,0.6341864775332412,0.6595496656313796,0.7064159894975595,0.6223198085893514,0.7064159894975595,0.6223198085893514,0.6584379945304971,0.5600437793559373,0.6584379945304971,0.5600437793559373,0.5496537064373147,0.5403285315434788,0.5496537064373147,0.5403285315434788,0.7334731282629564,0.6497945977477674,0.7334731282629564,0.6497945977477674,0.6725627249021892,0.736016511557081,0.6725627249021892,0.7360165115570793,0.6292714619043276,0.6070822408079024,0.6292714619043276,0.6070822408079024,0.655033766692405,0.6390423311175867,0.655033766692405,0.6390423311175867,0.6481035594954997,0.6326886900441766,0.6481035594954997,0.6326886900441766,0.5256350563979012,0.7402532681178356,0.5256350563979012,0.7402532681178356
0.504249934488375,0.5645410642496194,0.504249934488375,0.5645410642496194,0.48557413353741835,0.5222561027436589,0.48557413353741835,0.5222561027436592,0.48314113689668226,0.5616470980164815,0.48314113689668237,0.5616470980164815,0.5055636119456836,0.41014521778877144,0.5055636119456836,0.41014521778877144,0.504249934488375,0.5645410642496194,0.504249934488375,0.5645410642496194,0.48557413353741835,0.5222561027436592,0.48557413353741835,0.5222561027436589,0.4822206561229705,0.4684616774537513,0.4822206561229705,0.4684616774537513,0.4334953691702433,0.5307515498074292,0.4334953691701192,0.5307515498074299,0.46111292959208017,0.4416795777871615,0.46111292959207323,0.4416795777871614,0.4693462956958085,0.7043547636898048,0.46934629569580844,0.7043547636898048,0.5011232539336224,0.501789609605369,0.5011232539336226,0.5017896096053688,0.6197668284888227,0.5605710152820701,0.6197668284888226,0.5605710152820701,0.6291938143044575,0.5327808595195241,0.6291938143044575,0.5327808595195241,0.5396505512274357,0.7653578719112274,0.5396505512274354,0.7653578719112274,0.5121197061812072,0.4843847845539352,0.5121197061812073,0.4843847845539352,0.4739583956783844,0.6780262612071332,0.4739583956783844,0.6780262612046642,0.6024938726023048,0.5040984595068471,0.6024938726023047,0.5040984595068471,0.668596319025615,0.4605090805755393,0.668596319025615,0.4605090805755393
0.4721626478519875,0.511210479293098,0.4721626478519875,0.511210479293098,0.3891460187379122,0.4174167702983787,0.3891460187379122,0.4174167702983787,0.5553149006568849,0.6394523657796349,0.5553149006568849,0.6394523657796349,0.4193770577580644,0.4094788760025922,0.4193770577580644,0.4094788760025922,0.4721626478519875,0.511210479293098,0.4721626478519875,0.511210479293098,0.3891460187379122,0.4174167702983785,0.3891460187379122,0.4174167702983785,0.30886738368952044,0.32295610076645115,0.30886738368952044,0.32295610076645115,0.5974439141819897,0.2925292890117872,0.5974439141819897,0.2925292890117872,0.334126624969815,0.349893563526623,0.3341266249697474,0.349893563526623,0.4639821328656559,0.3347510267339038,0.4639821328656559,0.3347510267339038,0.4145674776595853,0.3467107044851254,0.4145674776595853,0.3467107044851254,0.40087178530661266,0.414765462036255,0.40087178530661066,0.414765462036255,0.33896351853226475,0.35049491069314515,0.33896351853226475,0.35049491069314176,0.3680923255077142,0.4271237958346387,0.3680923255077142,0.42712379583568993,0.38041724487913775,0.3858094378993679,0.380417244879138,0.3858094378993679,0.5681688150464003,0.37648986744020085,0.5681688150464003,0.37648986744020085,0.38610015270866604,0.39475904121977184,0.38610015270881204,0.39475904121977534,0.32984086260606094,0.5036017869945701,0.32984086261478135,0.5036017869945701
2.2984060199147343,1.711058261618181,2.2984060199147343,1.711058261618181,1.7907459275617956,2.084523930998747,1.7907459275617974,2.084523930998747,1.7947143391963962,1.9716660549076799,1.7947143391963962,1.9716660549076799,1.6161442560360924,1.6787293685989313,1.6161442560360924,1.6787293685989313,2.2984060199147343,1.711058261618181,2.2984060199147343,1.711058261618181,1.7907459275617974,2.084523930998747,1.7907459275617974,2.084523930998747,1.5167553051980913,1.7715377826618235,1.5167553051980882,1.7715377826618235,1.2796469568478934,1.3734950485467294,1.2796469568478934,1.3734950485467294,1.68542779844308,2.151195835659992,1.68542779844308,2.151195835659992,1.3895821343414518,1.031164858331075,1.3895821343414518,1.031164858331075,1.5660308424528167,1.8696241645658205,1.5660308424528158,1.8696241645658205,1.3470274168068175,1.2587205718681223,1.3470274168065075,1.2587205718681218,1.463687830187782,1.377516012956826,1.4636878301877836,1.377516012956822,1.6851144285658657,1.2675603610487047,1.685114428565872,1.2675603610487047,1.6742219817160502,1.9340726217522513,1.6742219817160502,1.4383930266895957,1.4095645058747654,1.2303575035742946,1.4095645058747752,1.230357503574331,1.5085058608940658,1.9534076814202317,1.5085058608940658,1.953407681420235,1.359746538459133,1.329173608872159,1.3597465384592968,1.329173608872159
0.7138427865254395,1.1461059206336597,0.7138427865254395,1.1461059206336597,0.8398550314849796,0.8203958627434614,0.8398550314849796,0.8203958627480993,0.696190192914782,1.3104486366533792,0.696190192914782,1.3104486366533792,0.7995697811006987,0.886915016535474,0.7995697811006987,0.8869150165354731,0.7138427865254395,1.1461059206336597,0.7138427865254395,1.1461059206336597,0.8398550314849796,0.8203958627480993,0.8398550314849786,0.8203958627480993,0.6110933607885081,0.6562871817905448,0.6110933607885081,0.6562871817905448,0.6877954071169063,0.46327493918857954,0.6877954071169063,0.46327493918857954,0.7586075912700929,0.7607072449832292,0.7586075912700929,0.7607072449832292,0.8360322393350684,0.4851341502988265,0.8360322393350613,0.4851341502988265,0.6824687544258778,0.917829667961486,0.6824687544258778,0.917829667961486,0.574938268920597,0.6624902206823081,0.574938268920597,0.6624902206823081,0.5831920434398247,0.7199330404989591,0.5831920434398247,0.7199330404989612,0.39972500750288337,0.24387305563577,0.3997250075028845,0.24387305561215797,0.6579739317140431,0.7827090411094205,0.6579739317140431,0.7827090411085739,0.4797721871320346,0.5410972163548021,0.4797721871320346,0.5410972163548021,0.5834316836047025,0.6672319699496082,0.5834316836033305,0.6672319699496082,0.6560325850896981,0.8107858070619955,0.6560325850896981,0.8107858070619955
0.7804620055610322,0.8047209049623799,0.7804620055610322,0.8047209049623799,0.6255609200235078,0.8845355971121109,0.6255609200235078,0.8845355971121109,0.8460079500990871,0.8693193168988923,0.8460079500990871,0.8693193168988923,0.46634852972216567,1.0040986498322317,0.46634852972216567,1.0040986498322317,0.7804620055610322,0.8047209049623799,0.7804620055610322,0.8047209049623799,0.6255609200235078,0.8845355971121109,0.6255609200235078,0.8845355971121109,0.5637894903661521,0.6276834045618895,0.5637894903661521,0.6276834045618895,0.9376191339888507,0.6527149724059947,0.9376191339888507,0.6527149724059947,0.6448539187045161,0.4926525528620473,0.6448539187045161,0.4926525528620473,0.6503230250460107,0.4686465682047745,0.6503230250460107,0.4686465682047745,0.5631034314204806,0.6520874545325047,0.5631034314204806,0.6520874545325049,0.7289027187028784,0.9335340127884972,0.7289027187027373,0.933534012788498,0.327352995685891,0.5172219652827569,0.327352995685891,0.5172219652827569,0.5778175444353468,0.36144691706787824,0.5778175444353468,0.36144691706787824,0.7885547918004974,0.5030229255970681,0.7885547918004974,0.5030229255970675,0.6304629417714572,0.260172764911196,0.6304629417714572,0.260172764911196,0.3950282147349323,0.5750016815081469,0.3950282147349323,0.5750016815081469,0.6859609878096111,0.9507665788365259,0.6859609878096111,0.9507665788365195
2.2466466571957935,2.4763788768347323,2.2466466571957935,2.4763788768347323,2.1610657048538897,2.3212882255480256,2.1610657048538897,2.3212882255480256,2.2122985236364943,2.5646178871468517,2.2122985236364943,2.564617887146912,2.180045722590767,2.1882057707095552,2.1800457225907675,2.1882057707095552,2.2466466571957935,2.4763788768347323,2.2466466571957935,2.4763788768347323,2.1610657048538897,2.3212882255480256,2.1610657048538897,2.3212882255480256,2.3969159912549816,2.085926438012472,2.3969159912549807,2.085926438012472,2.1744185608645346,2.570082041233017,2.1744185608645306,2.570082041233017,2.334785694612393,2.103468384403783,2.334785694612393,2.103468384403783,2.2093077322027743,2.442495373710962,2.2093077322027743,2.442495373710962,2.232745412619641,1.8990729745750026,2.232745412619641,1.8990729745750026,2.120496005369436,2.1947351786597977,2.1204960053696156,2.1947351786597977,2.4258870580363987,2.3502055484638738,2.4258870580363987,2.3502055484638684,2.289018492963269,2.3307480646894403,2.289018492963269,2.3307480646894403,2.296956170213981,2.3484025230970675,2.296956170213981,2.3484025230970675,2.24286644292754,2.078381910699821,2.24286644292754,2.078381910699821,2.3702426239452206,2.38876468866784,2.3702426239452206,2.3887646886678406,2.1186081957816665,2.39704407905833,2.1186081957816665,2.39704407905833
2.8277220008315087,2.8326993680293238,2.827722000831508,2.8326993680293238,2.483674626363344,2.611101522009135,2.4836746263633454,2.611101522009135,2.8351230061850323,2.8449483680304666,2.835123006185033,2.8449483680304666,2.3602510002677737,2.4856633144051923,2.3602510002677715,2.4856633144051923,2.827722000831508,2.8326993680293238,2.827722000831508,2.8326993680293238,2.483674626363344,2.611101522009135,2.483674626363344,2.611101522009135,3.1849724906888475,3.2569446813341107,3.1849724906888475,3.2569446813341107,2.502590121587032,3.3854643381734584,2.502590121587032,3.3854643381734584,3.0640289410968276,3.5882274371267733,3.0640289410968276,3.5882274371267733,2.6444673116343713,3.506284824382945,2.6444673116343713,3.506284824382945,3.1488147010674044,3.124843809237084,3.148814701067399,3.124843809237084,2.693742987781308,2.7440526831774763,2.693742987781319,2.7440526831774763,2.56841907446396,3.2413924792880566,2.568419074463964,3.241392479286379,1.9638850592234083,5.065222119845608,1.9638850592260755,5.065222119845618,2.6113391840034565,3.490805913281308,2.6113391840034565,3.490805913281308,3.0723707747359383,3.196183098135498,3.0723707747354356,3.196183098139813,2.419527433507315,3.7651440854207316,2.419527433507315,3.7651440854207316,2.6625247652874178,2.939615775364142,2.6625247652874093,2.939615775364142
1.96980050768734,1.852128812700007,1.96980050768734,1.8521288127000075,2.1392162788360345,2.1737254291874644,2.1392162788360345,2.1737254291874644,2.0023666691975985,1.883851535683204,2.0023666691975985,1.883851535683204,2.115687328460532,2.0198290035673496,2.115687328460546,2.0198290035673496,1.96980050768734,1.8521288127000075,1.96980050768734,1.852128812700007,2.1392162788360354,2.1737254291874644,2.1392162788360354,2.1737254291874644,1.9230471475351967,2.14384488080906,1.9230471475351967,2.1438448808090604,2.2990068328357043,2.3444349686232857,2.2990068328357043,2.3444349686232857,1.9204568564512798,2.0369427922047545,1.9204568564512798,2.0369427922047545,2.1783926630128736,2.448248653003909,2.1783926630128736,2.44824865300391,1.775111947833871,2.1196030973695525,1.775111947833871,2.1196030973695525,2.133117035861123,1.9149931020110396,2.133117035861123,1.9149931020110396,2.0661047731041573,2.2703274547048475,2.0661047731041573,2.270327454704845,2.060638179131584,2.1631501428361233,2.060638179131584,2.1631501428361233,1.8664861094971554,2.1155187454978783,1.866486109497154,2.1155187454978783,2.077510745486581,2.5093337578508597,2.077510745486586,2.509333757851114,1.9710219056248568,2.128713252815201,1.9710219056248646,2.128713252815201,1.9552756055881724,1.9555296859252658,1.9552756055881724,1.9555296859252658
1.7858367059435383,1.7750606324911637,1.7858367059435383,1.7750606324911637,1.9220143566061978,2.630106906047472,1.9220143566061978,2.630106906047472,1.8144054298080088,1.8715098761287052,1.8144054298080088,1.8715098761287052,2.4249889329226817,2.148409030884897,2.4249889329226817,2.148409030884897,1.7858367059435383,1.7750606324911637,1.7858367059435383,1.7750606324911637,1.9220143566061978,2.630106906047472,1.9220143566061978,2.630106906047472,2.42275866992438,2.871938664919845,2.42275866992438,2.871938664919845,2.3419158506069846,2.7037976878508374,2.3419158506069846,2.7037976878508374,1.9409662282730706,2.7143277276388607,1.9409662282730706,2.7143277276388607,2.129416022962686,3.0746608378488873,2.129416022962686,3.0746608378488873,2.266120614404181,2.68978324835841,2.266120614404181,2.68978324835841,2.187802252063687,4.054815217851969,2.187802252063687,4.054815217851969,2.3715204104261134,3.5760509116099923,2.3715204104261134,3.5760509116099923,2.767750581726128,2.6396162407209793,2.767750581726128,2.6396162407209793,2.7878247069917825,2.4689967508403474,2.7878247069917825,2.4689967508403474,3.119707452304027,2.6223412134633928,3.119707452304027,2.6223412134633928,2.3491388097324806,2.700031890506584,2.3491388097324806,2.700031890506584,2.2542413044210656,2.8095954948971236,2.2542413044210656,2.8095954948971236
1.9439009726082979,1.803047853941479,1.9439009726082979,1.803047853941479,1.7964977740122767,1.3208992361708958,1.7964977740131396,1.3208992361708958,2.0423577511227737,1.6517524402275021,2.0423577511227737,1.6517524402275023,1.297811568657938,1.4737347395374727,1.297811568657931,1.4737347395374727,1.9439009726082979,1.803047853941479,1.9439009726082979,1.8030478539414794,1.7964977740131396,1.3208992361708958,1.7964977740122767,1.3208992361708958,1.79773584983707,1.5869339964953582,1.79773584983707,1.5869339964953584,1.8568436753982978,1.1433048396297374,1.8568436753983066,1.1433048396297374,1.5450936469075784,1.5005684753259496,1.5450936469075784,1.5005684753259496,1.3141737678012413,0.9031094121780355,1.3141737678012466,0.903109412178035,1.7458295392971899,1.6177235972846973,1.7458295392971899,1.6177235972846977,1.2722786658880283,1.457819582459969,1.2722786658880283,1.457819582459969,1.3399947212223062,1.107332008444369,1.3399947212223062,1.107332008444369,0.834160763201242,0.6453886260717536,0.8341607632010564,0.6453886260717536,1.638473193491919,1.0854076238557198,1.638473193491919,1.0854076238557198,0.6336071523618773,0.7837908786032557,0.6336071523618773,0.7837894894380638,0.9868940583389446,1.1017335569316709,0.9868940583389446,1.1017335569316709,0.6411974482434764,0.8806561340306861,0.6411974482434764,0.8806561340306861
1.8212572839548138,1.6039565432077822,1.8212572839548138,1.6039565432077822,1.4755002270298163,2.3517157996857523,1.4755002270298163,2.3517157996857523,1.8417571811710531,1.5942121411065862,1.8417571811710531,1.5942121411065862,1.6823868940105333,2.3675917432744296,1.6823868940107096,2.3675917432744304,1.8212572839548138,1.6039565432077822,1.8212572839548138,1.6039565432077822,1.4755002270298163,2.3517157996857523,1.4755002270298163,2.3517157996857523,1.7408646511661794,1.5427082076512229,1.7408646511661794,1.5427082076512226,1.6215115791727603,1.3134177191210927,1.6215115791727603,1.3134177191210936,1.5021875657876878,1.6514958508743918,1.5021875657876878,1.6514958508743922,1.6350699302193148,2.8344714932946427,1.6350699302193148,2.8344714932946435,1.3909560543146902,1.712460788801666,1.3909560543146902,1.712460788801666,1.3724265283193609,2.0747320200035038,1.3724265283193606,2.0747320200035038,1.736137532331581,1.6769121947798349,1.736137532331581,1.6769121947798349,2.082509990111417,1.9375639214989382,2.082509990111417,1.9375639214989595,2.2725417684911373,1.7908041324721617,2.272541768491136,1.7908041324721622,2.106305911071232,2.428987387801795,2.106305911071232,2.428987387801795,1.7384498492829368,1.7330769040325593,1.7384498492829368,1.733076904032549,1.8510694976517028,2.3898678436860563,1.8510694976517028,2.389867843686112
1.1604334784437784,1.2290653052308818,1.1604334784437784,1.2290653052308815,1.1505358427324952,1.0759623247084134,1.1505358427324952,1.0759623247084134,1.1831107838895507,1.2216963649563828,1.1831107838895507,1.2216963649563828,1.0335332830964157,1.0922365138805725,1.0335332830964157,1.0922365138805725,1.1604334784437784,1.2290653052308815,1.1604334784437784,1.2290653052308815,1.1505358427324952,1.075962324708414,1.1505358427324952,1.075962324708414,1.1684765673263662,1.121870773940024,1.1684765673263662,1.121870773940027,1.2008115683404132,1.1298578759945335,1.2008115683404132,1.129857875994533,1.0984835094375185,1.1801382658631,1.0984835094375183,1.1801382658631,1.0116074663542831,1.0541949558115862,1.0116074663542824,1.0541949558115862,1.1669570300327843,1.1535602522454131,1.1669570300327843,1.153560252245413,1.0846205288427908,1.0958261276939698,1.0846205288427901,1.0958261276939698,1.0901528062093342,1.00406160023417,1.0901528062093342,1.00406160023417,1.0373749043103542,0.8841473145780777,1.0373749043103542,0.8841473145780777,1.118165251291021,1.258404099085146,1.118165251291021,1.258404099085146,1.1940414083110942,1.144823996555866,1.1940414083111006,1.144823996555866,1.0949940864925507,1.0874472675773676,1.0949940864925507,1.0874472675773676,1.2611086610607611,1.2192100438819877,1.2611086610607611,1.2192100438819877
2.9739012096620123,2.864764409456866,2.9739012096620123,2.864764409456866,3.1660327903637864,3.0241741374826483,3.1660327903637775,3.0241741374826483,2.8606737403629583,3.0808865060121153,2.8606737403629583,3.0808865060121153,3.1747490285693973,2.8906172881227588,3.1747490285694,2.8906172881228223,2.9739012096620123,2.864764409456866,2.9739012096620123,2.864764409456866,3.1660327903637775,3.0241741374826483,3.1660327903637775,3.0241741374826483,2.962824590236144,3.0720464012955246,2.962824590236145,3.0720464012955246,3.295727762545716,2.7356565023633266,3.295727762545718,2.735656502363327,3.2676602582608076,2.909641520396974,3.2676602582608076,2.909641520396974,3.5095773499461207,2.7123684329563944,3.5095773499461207,2.712368432956394,3.0922359413917957,2.943731503566683,3.0922359413917957,2.9437315035681144,2.697467137396296,2.632276331208135,2.697467137396296,2.6322763312081356,2.3625744414003127,2.4776829884662774,2.3625744414003127,2.4776829884661504,1.7506326931336635,1.9358970352311982,1.7506326931336635,1.9358970352311982,2.8393416314422777,2.8545189566103093,2.8393416314419824,2.8545189566103093,2.7252867032361663,2.5337019961716662,2.7252867032361636,2.5337019961716662,2.477043215337265,2.5680892497630854,2.477043215337265,2.5680892497630854,2.5433964844082926,2.254390524522617,2.5433964844083152,2.254390524522617
1.9365240670604489,2.185520702700691,1.9365240670604489,2.185520702700691,2.8298362934367103,2.7497836150824977,2.8298362934367103,2.7497836150824972,1.9338592521486362,2.202666641921429,1.9338592521486362,2.202666641921429,2.7290605126428016,2.770228104568418,2.7290605126428016,2.770228104568418,1.9365240670604489,2.185520702700691,1.9365240670604489,2.185520702700691,2.8298362934367103,2.7497836150824977,2.8298362934367103,2.7497836150824977,2.4940966810048617,2.7395573794085113,2.4940966810045464,2.7395573794085113,1.960978832105421,2.848892215756411,1.9609788321054185,2.848892215756411,2.4869260084659417,2.514874768988491,2.486926008465941,2.514874768988554,2.34872993354425,3.3912302916562616,2.34872993354425,3.3912302916562616,2.9014460918018714,2.221051725097348,2.9014460918018714,2.221051725097348,2.294721457834339,2.7386761489719356,2.294721457834339,2.7386761489719356,2.5875511929979953,3.264828092364563,2.5875511929977297,3.2648280923645676,2.945206637247543,3.6053841318063244,2.945206637247548,3.6053841318063244,2.7266171841204265,3.156547342239127,2.7266171841204265,3.156547342239127,3.5541406293422786,3.217711983093834,3.5541406293422924,3.217711983093834,2.7586625124087867,3.310554158993678,2.7586625124087867,3.310554158993672,2.3806022238866715,2.5648929988619362,2.3806022238866715,2.5648929988619362
4.566779960718831,4.509767534416933,4.566779960718831,4.509767534416934,4.261866930036022,4.856191224361853,4.261866930036022,4.856191224361851,4.940154715217126,4.619113766764756,4.940154715217126,4.619113766764756,4.7766619232641,4.886264865677021,4.7766619232641,4.886264865677021,4.566779960718831,4.509767534416934,4.566779960718831,4.509767534416933,4.261866930036022,4.856191224361853,4.261866930036022,4.856191224361853,6.1570563661369135,6.183851222660619,6.1570563661369135,6.183851222660669,6.000379574064607,8.013894750086349,6.000379574064607,8.013894750086344,5.986800982351185,6.099774221788653,5.986800982351185,6.099774221788655,6.957840886084565,5.933140379213956,6.957840886084563,5.933140379213952,5.507817648718796,6.024170514386134,5.507817648718796,6.024170514386134,6.909355414068227,6.956675454226677,6.909355414069349,6.956675454226673,6.502113903932794,8.125924571990456,6.502113903932794,8.12592457198989,8.861716210612862,7.619321246560398,8.861716210613332,7.619321246560366,6.110889334945603,6.177037364885254,6.110889334945603,6.177037364885254,7.149768450761896,8.4827376308207,7.149768450761896,8.4827376308207,6.547516319455596,9.411022589200424,6.547516319455596,9.411022589200444,7.428030090956887,7.396842468924354,7.428030090956887,7.396842468816405
0.7949762911418177,0.9165961248552056,0.7949762911418177,0.9165961248552056,1.0266544015744208,0.8059453979251706,1.0266544015744208,0.8059453979251706,0.7660881849452127,0.9216624987089274,0.7660881849452127,0.9216624987089274,0.9639190840823079,0.7275208612238567,0.9639190840823079,0.7275208612238567,0.7949762911418177,0.9165961248552056,0.7949762911418177,0.9165961248552056,1.0266544015744208,0.8059453979251706,1.0266544015744208,0.8059453979251706,0.7352743436415585,0.8239173363135124,0.7352743436415585,0.8239173363135124,0.6621428760383691,0.764592265576099,0.6621428760383691,0.764592265576099,0.8009227150393803,0.8363009763613912,0.8009227150393803,0.8363009763613912,0.9955861611215772,0.9703702093305017,0.9955861611215606,0.9703702093305017,0.8083421827674055,0.7204033610516394,0.8083421827674055,0.7204033610516394,0.5811028412982225,0.9809570511286785,0.5811028412982225,0.9809570511286785,0.8509428898130855,0.5022241622624078,0.8509428898130855,0.5022241622624078,1.0513919809076593,0.3376974284128889,1.0513919809076593,0.3376974284128889,1.052099720561465,0.8225766003834785,1.052099720561465,0.8225766003834785,1.1867008420429166,1.0158298921792563,1.1867008420422371,1.0158298921792814,0.660822488830833,0.43644473846714693,0.660822488830833,0.43644473846714693,1.039470761192712,0.7651596764446069,1.0394707611927099,0.7651596764446069
0.45767735778355384,0.47077656020227476,0.45767735778355384,0.47077656020227476,0.489449701713626,0.43408461882646765,0.489449701713626,0.43408461882646765,0.4404371934523962,0.5357241023045037,0.44043719345239607,0.5357241023045037,0.47509551017783025,0.5273198195628098,0.47509551017783025,0.5273198195628098,0.4576773577835541,0.47077656020227476,0.45767735778355384,0.47077656020227476,0.489449701713626,0.43408461882646765,0.489449701713626,0.43408461882646837,0.4405494516208758,0.40789394802202844,0.4405494516208758,0.40789394802202844,0.3634310215227688,0.4204795467975308,0.3634310215227688,0.4204795467975308,0.44977096501647645,0.42449816651964356,0.44977096501647645,0.42449816651964356,0.421053612730081,0.4637580908830378,0.4210536127300775,0.4637580908830378,0.44319514974294666,0.37760397348505215,0.44319514974294666,0.37760397348505176,0.3046418188724211,0.3716315107470239,0.3046418188724211,0.37163151074702355,0.47017243510731477,0.4409445427009629,0.47017243510731477,0.4409445427009629,0.4085095702987856,0.4865223055126287,0.4085095702987856,0.4865223055126287,0.3939002071965431,0.4188662270002436,0.3939002071965431,0.4188662270002436,0.3788172644852626,0.49425519465840956,0.3788172644852626,0.4942551946584093,0.4500575701631265,0.38076367681527684,0.4500575701631278,0.38076367681527684,0.5663545583133673,0.5039670925065126,0.5663545583133673,0.5039670925065126
0.5884145187146606,0.7120925012981306,0.5884145187146607,0.7120925012981306,0.5391432904261096,0.534279849879061,0.5391432904261088,0.5342798498790606,0.5681652650653717,0.6785589495062975,0.5681652650653717,0.6785589495062975,0.5477384831974087,0.5771699184691764,0.5477384831974087,0.5771699184691764,0.5884145187146606,0.7120925012981306,0.5884145187146606,0.7120925012981306,0.5391432904261088,0.5342798498790606,0.5391432904261088,0.5342798498790606,0.43328328602746485,0.6329717608190913,0.4332832860274665,0.6329717608190913,0.43156581855421466,0.5957627063793263,0.43156581855421466,0.595762706379347,0.4901162629510771,0.6758741831959708,0.4901162629510787,0.6758741831959709,0.4440672687703983,0.5196482882463193,0.4440672687703983,0.5196482882463193,0.4913708671865974,0.6021806245364825,0.4913708671865974,0.6021806245364825,0.4632117354495548,0.5581422326043676,0.4632117354495548,0.5581422326043676,0.5149321358823947,0.4793542142964399,0.5149321358823947,0.4793542142964399,0.3817763785306436,0.5488995404342927,0.3817763785306436,0.5488995404342873,0.4599731155424585,0.5277830924879808,0.4599731155424568,0.5277830924879808,0.32706259533387483,0.498694841573954,0.32706259533387483,0.498694841573954,0.5344417720966126,0.49889265264557897,0.5344417720966126,0.49889265264557897,0.38571476538310817,0.5880884541380075,0.38571476538304095,0.5880884541380113
1.270882504795712,1.5032874098304312,1.270882504795712,1.5032874098304319,1.2605344380748946,1.4729637657562002,1.2605344380748946,1.4729637657561996,1.2611992749186431,1.4851647886339217,1.2611992749186431,1.4851647886339217,1.3247816865666302,1.3998764196473852,1.3247816865666302,1.3998764196473843,1.270882504795712,1.5032874098304312,1.270882504795712,1.5032874098304312,1.2605344380748946,1.4729637657562002,1.2605344380748946,1.4729637657562002,1.5207357655993121,1.453575843313022,1.5207357655993121,1.453575843313021,1.312303166143778,1.3293051808147973,1.3123031661437774,1.3293051808147986,1.484006410072347,1.2953957363542628,1.484006410072347,1.2953957363542628,1.7168186487253472,1.8040103339140088,1.7168186487253472,1.804010333914008,1.5124373260627737,1.359793767325893,1.5124373260627737,1.3597937673258924,1.35850415918353,1.5553072951039553,1.3585041591835307,1.5553072951039553,1.3146971562446508,1.497358876897405,1.3146971562446508,1.4973588768974275,1.7577659673614552,1.3977954556716543,1.7577659673609405,1.3977954556714487,1.5322945383051603,1.5196384886046874,1.5322945383051603,1.5196384886046874,1.4325527442370383,1.470204933036756,1.4325527442370383,1.470204933036756,1.2570097974601795,1.5704328410720427,1.2570097974601795,1.5704328410720465,2.3299296991995773,1.5639776838517132,2.3299296991995773,1.5639776838517132
1.5258806578947584,1.4119900459682777,1.5258806578947584,1.4119900459682777,1.4293946658566499,1.5321108581299794,1.4293946658566499,1.53211085812998,1.485091488929091,1.4190255031436465,1.4850914889290912,1.4190255031436458,1.4545319394577485,1.5305887885042286,1.4545319394577485,1.5305887885042277,1.5258806578947581,1.4119900459682777,1.5258806578947584,1.4119900459682777,1.4293946658566499,1.53211085812998,1.429394665856649,1.53211085812998,1.351603257694498,1.4778874336562495,1.351603257694498,1.4778874336562495,1.4582937091673407,1.5648456503382806,1.45829370916734,1.5648456503382806,1.382969022847029,1.4314621173040505,1.382969022847029,1.4314621173040505,1.227238384516965,1.5157577812012621,1.227238384516965,1.5157577812012621,1.455749803227069,1.4654578718436133,1.4557498032270693,1.4654578718436133,1.398595941169903,1.5124658620936404,1.398595941169903,1.5124658620936404,1.2896310642471203,1.546098827530008,1.2896310642471203,1.546098827530019,1.3272050623786937,1.575195888494579,1.3272050623786937,1.575195888494579,1.2902981263646554,1.4842550070654343,1.2902981263646554,1.4842550070654343,1.3248444779432909,1.3883014157021663,1.3248444779432909,1.388301415701855,1.3036954364578794,1.3172766699676164,1.3036954364578794,1.3172766699676082,1.506723972867499,1.488750141973537,1.506723972867499,1.488750141973537
0.395510850391378,0.3517716230420051,0.3955108503913776,0.3517716230420051,0.35698271344154736,0.3924745266853859,0.35698271344154736,0.3924745266853859,0.3844631551901025,0.386514769105836,0.3844631551901023,0.386514769105836,0.4063092881226678,0.5414816107142096,0.40630928812266864,0.5414816107142096,0.3955108503913776,0.3517716230420051,0.395510850391378,0.3517716230420051,0.35698271344154736,0.3924745266853859,0.35698271344154736,0.3924745266853859,0.44680119655949124,0.4408472354689016,0.44680119655949124,0.4408472354689016,0.46402186096022574,0.44001720682150214,0.46402186096022574,0.44001720682150214,0.38530814450282236,0.4425286557852915,0.38530814450282236,0.4425286557852915,0.61629635703956,0.5434373742674673,0.61629635703956,0.5434373742674673,0.41193341312548254,0.6653885879450422,0.41193341312548254,0.6653885879450426,0.574838874624205,0.34508144668873975,0.574838874624205,0.34508144668873975,0.4613716658392774,0.37008022055007034,0.4613716658392774,0.37008022055007034,0.457580189901926,0.6002019944499419,0.457580189901926,0.6002019944499326,0.43887184090851245,0.44329692184857183,0.43887184090851245,0.4432969218489052,0.6293414781108302,0.5303750644530005,0.6293414781108302,0.5303750644530005,0.6253372820266992,0.477674484328654,0.6253372820266992,0.477674484328654,0.48689922871382924,0.2683977491832285,0.48689922871382924,0.2683977491832285
0.9452092462692513,0.9930505853512211,0.9452092462692513,0.9930505853512211,0.8397732783802351,1.0813523230562863,0.8397732783802351,1.0813523230562792,1.0145239495215903,1.0274092111349218,1.0145239495215903,1.0274092111349218,0.8433761930636375,0.9927095323347458,0.8433761930636375,0.9927095323347458,0.9452092462692513,0.9930505853512211,0.9452092462692513,0.9930505853512211,0.8397732783802351,1.0813523230562863,0.8397732783802351,1.0813523230562863,1.1331378820217883,1.0626044165352455,1.1331378820217883,1.0626044165352448,1.1660471210954886,0.956263168238827,1.1660471210954886,0.956263168238827,1.1824957467085113,1.0681286832897883,1.1824957467085113,1.0681286832897883,1.3094869037517665,1.038064800474737,1.3094869037517665,1.038064800474737,1.1393811677075332,1.0488417587505636,1.1393811677075416,1.0488417587505636,1.1206754311211187,1.0401225364291546,1.1206754311211187,1.0401225364291544,1.0079704261744804,0.9021046952329204,1.0079704261744804,0.9021046952329179,1.240905495121749,1.0694823693813282,1.240905495121759,1.0694823693813282,0.997146974552133,0.9810390550195113,0.997146974552133,0.9810390550195113,1.0970264724562322,0.8891263493894431,1.0970264724562908,0.8891263493894431,0.9887080663933717,0.9831445407718469,0.9887080663933717,0.9831445407718469,1.0048540214553527,1.056619513403923,1.0048540214553527,1.056619513403923
0.20259238838549692,0.2084318673979528,0.20259238838549695,0.2084318673979528,0.24144949574796656,0.22228927732662881,0.24144949574796656,0.22228927732662881,0.2061725948454595,0.21871269851794126,0.20617259484545958,0.21871269851794126,0.23483067640204647,0.2558881808488244,0.23483067640204647,0.25588818084882325,0.20259238838549695,0.2084318673979528,0.20259238838549695,0.2084318673979528,0.24144949574796656,0.22228927732662881,0.24144949574796667,0.22228927732662881,0.18718777824080934,0.17521242317029087,0.18718777824081112,0.17521242317029087,0.2049405935888475,0.1408712154870863,0.2049405935888475,0.1408712154870863,0.1853594625167168,0.20722148670348917,0.1853594625167168,0.20722148670348922,0.12376646533992626,0.2103007063352999,0.12376646533992597,0.21030070633529974,0.17392922925917584,0.2336777814054006,0.17392922925917548,0.23367778140540055,0.17449449743538478,0.19599569831266578,0.17449449743538478,0.19599569831266578,0.1952696603868164,0.17569758351932147,0.19526966038681678,0.17569758352407888,0.2542950634112429,0.14215497231557558,0.2542950634112177,0.14215497231556976,0.22918913546203373,0.25480979852093494,0.22918913546203373,0.25480979852093494,0.21092404349991806,0.18087460549517967,0.14773568436815238,0.18087460549517967,0.1871689059700111,0.19101793219360894,0.1871689059700111,0.19101793219360894,0.16924786752045964,0.21246727657759165,0.16924786752045837,0.21246727657759165
0.9587699536024701,0.9245814621583935,0.9587699536024701,0.9245814621583935,0.8759837166329743,0.8676868260361734,0.8759837166329743,0.8676868260361734,0.9196786570875989,0.9694653835023967,0.9196786570875989,0.9694653835023967,0.8979485932720913,0.8729477017833635,0.8979485932720913,0.8729477017833635,0.9587699536024701,0.924581462158394,0.9587699536024701,0.924581462158394,0.8759837166329743,0.8676868260361734,0.8759837166329743,0.8676868260361738,0.8700020827176734,0.8429481368493732,0.8700020827176734,0.8429481368493732,0.8742342299886413,0.8547826234277512,0.8742342299886815,0.854782623427751,0.9105521481106283,0.9268015356061012,0.9105521481106283,0.9268015356061012,0.8275087231799533,0.8555949553568444,0.8275087231799533,0.8555949553568439,0.8524675551541313,0.8760724097835031,0.8524675551541313,0.8760724097835031,0.8234775967034885,0.8229336069946561,0.8234775967034885,0.8229336069946561,0.7738420034928316,0.7832614840377498,0.7738420034928323,0.7832614840377498,0.8139546799239026,0.7043134598169647,0.8139546799239026,0.7043134598169647,0.87009503950758,0.8585259105665136,0.87009503950758,0.8585259105664486,0.7758178336765942,0.7348997848595534,0.7758178336765942,0.7348997848595534,0.7556405043520967,0.8043194573272853,0.7556405043520967,0.8043194573272853,0.6984383339503877,0.7775613392332155,0.6984383339503877,0.7775613392332155
0.7075160126511183,0.7655555819264345,0.7075160126511183,0.7655555819264348,0.761380954527278,0.7342782514771756,0.761380954527278,0.7342782514771756,0.71525983050389,0.7566660083559781,0.71525983050389,0.756666008355978,0.7423369071625363,0.6866198228071234,0.7423369071625363,0.6866198228071233,0.7075160126511183,0.7655555819264345,0.7075160126511183,0.7655555819264345,0.761380954527278,0.7342782514771756,0.761380954527278,0.7342782514771756,0.6722543739459472,0.7593261952334805,0.6722543739459472,0.7593261952334802,0.7042515611865855,0.7128135809026621,0.7042515611865855,0.7128135809026617,0.7325747741934224,0.749797491544173,0.7325747741934224,0.7497974915441727,0.6918132929601242,0.7213146556643545,0.6918132929601242,0.7213146556643549,0.7260898417045714,0.7890966508390883,0.7260898417045714,0.7890966508390884,0.664859554621596,0.6956524027952466,0.6648595546215964,0.6956524027952466,0.7260783406994545,0.7492529219993423,0.7260783406994545,0.7492529219993423,0.7560136201241947,0.6889139536272878,0.7560136201241826,0.6889139536272878,0.7180285539850527,0.7229408172509749,0.7180285539850527,0.7229408172509749,0.7073198584997553,0.6971644646203035,0.7073198584997553,0.6971644646203035,0.744288930752854,0.7485408497002926,0.744288930752854,0.7485408497002926,0.7978310165425011,0.6867929243863802,0.7978310165425011,0.6867929243863802
1.228547303967861,1.4742818369647845,1.228547303967861,1.4742818369647848,1.690955788353121,1.3360644403168107,1.690955788353121,1.3360644403168107,1.3725136134188307,1.420949063573271,1.3725136134188307,1.420949063573271,1.6544741306369457,1.4919697311851046,1.6544741306369457,1.4919697311851032,1.228547303967861,1.4742818369647845,1.228547303967861,1.4742818369647848,1.6909557883531208,1.3360644403168107,1.6909557883531208,1.3360644403168107,1.2354087325132173,1.1019015420933553,1.2354087325132173,1.1019015420933553,1.0608195413257417,1.3401111554892822,1.060819541325719,1.3401111554892822,1.1306983635841121,1.2113827666540982,1.130698363584111,1.2113827666540982,1.2064263856861437,1.09077235614494,1.2064263856861437,1.09077235614494,1.1220619256998867,1.0887768706525351,1.1220619256998867,1.0887768706525351,1.1219269839897819,1.224518581557241,1.1219269839898034,1.224518581557241,1.2683619431282325,1.1891395218279137,1.2683619431282325,1.1891395218279137,1.4821363914391925,1.1727427434867623,1.4821363914391925,1.1727427434867623,1.2099416269492151,1.1612087388222803,1.1789903025112418,1.1612087388222645,1.2941123588759245,1.1712466621704034,1.3999211115100327,1.1712466621704045,1.263414468487505,1.1281230173495291,1.263414468487505,1.1281230173495291,1.3802085118441079,1.0315109750000588,1.3802085118438623,1.0315109750000588
1.91145787149111,2.0507356150991822,1.91145787149111,2.0507356150991813,1.419930414118981,2.0349988134035923,1.419930414118981,2.0349988134035923,1.9337504961679517,2.151882108511311,1.9337504961679517,2.151882108511311,1.7300929540417955,1.7458909032517564,1.7300929540417955,1.7458909032517564,1.9114578714911092,2.0507356150991822,1.91145787149111,2.0507356150991822,1.419930414118981,2.0349988134035923,1.419930414118981,2.0349988134035923,1.330028365278467,2.2341242164525434,1.330028365278467,2.2341242164525434,1.1273227426583206,1.8809877502344894,1.1273227426583206,1.8809877502344894,1.3376913476341306,1.9110537003568568,1.3376913476341306,1.9110537003568568,1.2378250503337576,2.05903816582723,1.2378250503337576,2.05903816582723,1.2896695663702655,2.331417674641061,1.2896695663702622,2.331417674641061,1.9927528670280534,2.9132301541934353,1.9927528670280534,2.9132301541934353,1.6234719940435742,1.9649965102169291,1.6234719940435742,1.9649965102169291,1.1449808889464193,2.613199381610646,1.1449808889464193,2.613199381610646,1.2368631421486138,1.858034547908602,1.2368631421486138,1.858034547908602,1.1813413745199104,2.6857372337127696,1.1813413745199104,2.6857372337127696,1.0689191182478999,2.1488389383257402,1.0689191182478999,2.1488389383257402,0.9878418343110649,2.7317771821469843,0.9878418343110649,2.7317771821469843
0.09909955826100532,0.1467262571916055,0.09909955826100532,0.14672625719160542,0.19412366904071995,0.11637301403697949,0.19412366904071995,0.11637301403697949,0.0925474204709617,0.12482503066935,0.0925474204709617,0.12482503066936029,0.1512808402092189,0.11909810939870713,0.1512808402092189,0.1190981093987072,0.09909955826100532,0.14672625719160542,0.09909955826100532,0.14672625719160542,0.19412366904071995,0.11637301403697949,0.19412366904072031,0.11637301403697949,0.08041655847504973,0.09642993340885916,0.08041655847504973,0.09642993340885916,0.05342229416123838,0.04789421675460718,0.05342229416123838,0.04789421675460718,0.051875633431719484,0.05414758085163704,0.05187563343172035,0.05414758085163704,0.10107047857878762,0.0517212418936953,0.10107047857878595,0.05172124189369516,0.07814252661590977,0.12458566055394535,0.07814252661591044,0.12458566055394542,0.051650151394235295,0.12013279870084627,0.051650151394235295,0.12013279870084627,0.06855695362176434,0.08874268231201442,0.06855695362176434,0.08874268231201442,0.04868116225938787,0.14643053263830097,0.04868116225938787,0.14643053263830097,0.06516997810803989,0.049270613766753,0.06516997810803918,0.049270613766753,0.05499653216683619,0.058687144746560845,0.05499653216683619,0.058687144746571426,0.05837452084737907,0.07746602482150504,0.05837452084737907,0.07746602482150504,0.06952276031499594,0.11206862031530584,0.06952276031499594,0.11206862031530584
0.38853381043420604,0.5321287567674912,0.3885338104342098,0.5321287567674912,0.4611462471090779,0.4149315425197162,0.4611462471090783,0.4149315425197162,0.48105959792343184,0.5554174681348153,0.48105959792343184,0.5554174681348156,0.4042936534419037,0.46466785571707686,0.4042936534419037,0.46466785571706337,0.38853381043420604,0.5321287567674914,0.38853381043420604,0.5321287567674914,0.4611462471090779,0.4149315425197158,0.4611462471090779,0.4149315425197158,0.3618566988279886,0.366935744910869,0.3618566988279886,0.366935744910869,0.2408273450891842,0.23240337336421749,0.2408273450891842,0.2324033733642172,0.3152296833641764,0.3650154232651328,0.3152296833641764,0.3650154232651328,0.3254375364772829,0.30219777454283,0.3254375364772831,0.30219777454283,0.43382314254823323,0.4019874389470972,0.43382314254823323,0.4019874389470972,0.1625683570772622,0.18698164867222747,0.1625683570772622,0.18698164867222747,0.33184488878944574,0.2905148628559766,0.33184488878945684,0.2905148628559766,0.4129841368450735,0.15286605769869013,0.4129841368450735,0.15286605769869013,0.30473133348339454,0.2569079568607526,0.30473133348339454,0.2569079568607526,0.3886016183860576,0.3755951728362091,0.3886016183860576,0.3755951728362091,0.3472621783451571,0.22664157812349417,0.3472621783451571,0.22664157812349547,0.20256695965274393,0.31981137058318115,0.20256695965274393,0.31981137058317843
0.2848064784776942,0.33506877548336567,0.2848064784776942,0.33506877548336567,0.2673630173571043,0.39209154655246564,0.2673630173571043,0.39209154655246564,0.2556850018769776,0.3055100025588364,0.2556850018769776,0.30551000255883637,0.25702173098271314,0.3871875857115367,0.25702173098271314,0.3871875857115367,0.2848064784776943,0.33506877548336567,0.2848064784776943,0.33506877548336567,0.2673630173571043,0.39209154655246564,0.26736301735710466,0.39209154655246564,0.268061201619969,0.36004122814490763,0.268061201619969,0.36004122814490763,0.26117225967089897,0.37941174149749507,0.26117225967089897,0.37941174149749507,0.31793646647821244,0.33435840837504055,0.31793646647821244,0.33435840837504055,0.2945613231165322,0.42056117286235256,0.29456132311653027,0.42056117286235256,0.2693893591565941,0.2613885027464781,0.2693893591565939,0.2613885027464781,0.21142595181112037,0.3513331043859895,0.21142595181112037,0.3513331043859895,0.3340724022742349,0.4971695793928961,0.3340724022742349,0.4971695793929003,0.3440406907067634,0.33994830944213733,0.3440406907067634,0.33994830944213733,0.33095876152485987,0.3121598542348569,0.3309587615248599,0.31215985423485676,0.3588474285837022,0.3795981958880043,0.3588474285846766,0.37959819588800375,0.27179027703340325,0.43075169988949275,0.27179027703340325,0.43075169988949275,0.31055388367065995,0.3680049689729698,0.31055388367065995,0.3680049689729698
2.0638114175202396,1.9288406790466468,2.0638114175202396,1.9288406790466468,1.4243280227029478,1.6460446311658383,1.4243280227029478,1.6460446311658374,2.1048775854532984,1.937664471183897,2.1048775854532984,1.9376644711838964,1.7045348491965122,1.3083850022794563,1.7045348491965122,1.3083850022794563,2.0638114175202396,1.9288406790466468,2.0638114175202396,1.9288406790466468,1.4243280227029478,1.6460446311658374,1.4243280227029478,1.6460446311658374,1.567747391861918,1.349743007345821,1.567747391861918,1.349743007345821,1.0069651700872038,1.205495983823637,1.0069651700872475,1.205495983823637,1.5645822868654686,1.4250380558742677,1.5645822868654686,1.4250380558742677,1.2977465099179026,1.1660534789484929,1.2977465099179257,1.1660534789484929,1.7541418405721236,1.432200974841612,1.7541418405721236,1.432200974841612,1.0177996158424714,1.1017093385583407,1.0177996158424414,1.1017093385583407,1.1197021116563983,1.246293857965307,1.1197021116563983,1.246293857965307,0.7303515035753532,1.0716199442645502,0.7303515035753492,1.0716199442645502,1.7868401609752878,1.6456922039172246,1.7868401609752878,1.6456922039172246,1.0831791058646683,1.1987870392783215,1.083179105864672,1.1987870392783215,1.3534907669315637,1.365288820648949,1.3534907669315637,1.365288820648949,0.783549045905549,1.1928395064734412,0.783549045905549,1.1928395064734438
4.066284319822129,3.859711611524267,4.066284319822132,3.859711611524267,4.072644071997084,4.217442586772693,4.072644071997084,4.217442586772692,4.163326542164985,3.9550887926259746,4.163326542164985,3.9550887926259746,4.133176770959129,4.039449899927346,4.13317677095913,4.039449899927346,4.066284319822132,3.859711611524267,4.066284319822129,3.859711611524267,4.072644071997084,4.217442586772693,4.072644071997082,4.217442586772693,4.109032720736961,3.6497940892858254,4.109032720736961,3.6497940892858254,3.939171166144022,3.795863137966826,3.939171166143607,3.795863137966825,3.5317499725596706,3.677079080358156,3.531749972559671,3.677079080358157,3.3736955254039964,3.373911572600112,3.373695525402515,3.373911572600112,3.9451253075955703,3.532948427406648,3.945125307595574,3.532948427406649,4.038946120736601,3.419423132681937,4.038946120736601,3.419423132681937,3.7827110078547195,3.835058703954096,3.7827110078583814,3.835058703954098,4.185158902024107,3.202413301359468,4.185158902024107,3.2024133013594613,3.6908285785073573,3.8992931469933914,3.6908285785073573,3.8992931469933914,3.529339442656643,3.2968598978540973,3.5293394426566245,3.2968598978540973,3.5877903440238064,3.36431933120245,3.5877903440237824,3.3643193312024513,3.239457385580362,3.4159352888790857,3.239457385580362,3.4159352888790857
0.3776243288194247,0.31729045996833094,0.3776243288194247,0.3172904599683307,0.4066237320829392,0.2901679006055717,0.4066237320829392,0.2901679006055717,0.3915697825638764,0.31790419711061657,0.3915697825638764,0.31790419711061657,0.3783027303042668,0.29678827298609345,0.3783027303042668,0.29678827298609345,0.3776243288194247,0.3172904599683307,0.3776243288194247,0.3172904599683307,0.4066237320829392,0.2901679006055717,0.4066237320829392,0.29016790060557185,0.46289670885613343,0.30526351038515015,0.46289670885613343,0.30526351038515015,0.4805280942611594,0.3150020834343113,0.4805280942611594,0.3150020834343113,0.4233852664807943,0.3575219437574958,0.42338526648079444,0.35752194375749585,0.39800249340524707,0.3137331976994234,0.39800249340524707,0.3137331976994234,0.4363384257512511,0.36647970103479205,0.4363384257512511,0.36647970103479205,0.4289856208199653,0.3797846639133787,0.4289856208199653,0.3797846639133787,0.42672575807169444,0.44820353681433217,0.42672575807169555,0.44820353681433217,0.5038629740377373,0.430568091400208,0.5038629740377373,0.430568091400208,0.4194268060512811,0.39271715991006617,0.41942680605128196,0.39271715991006617,0.45925326737121325,0.3587105331306275,0.45925326737121325,0.3587105331306275,0.39549801550467006,0.42889031744774925,0.39549801550467006,0.4288903174477491,0.45344590478675945,0.44161670800886965,0.45344590478675945,0.44161670800886965
0.6014648578883623,0.6171515241699606,0.6014648578883629,0.6171515241699606,0.5598002966280766,0.37578082577157235,0.5598002966280766,0.37578082577157235,0.5867429713637946,0.7033185662796073,0.586742971363795,0.7033185662796073,0.6326760660060612,0.4130219549024501,0.6326760660060612,0.41302195490244975,0.6014648578883623,0.6171515241699606,0.6014648578883623,0.6171515241699606,0.5598002966280766,0.37578082577157235,0.5598002966280766,0.37578082577157235,0.4608482305685289,0.33351487818351805,0.4608482305685289,0.3335148781835177,0.5156258574204071,0.42898783385076455,0.5156258574205006,0.4289878338507639,0.42886674468430985,0.3008774311589571,0.42886674468430985,0.3008774311589571,0.4159312729062898,0.2611224488964918,0.41593127290628457,0.2611224488964918,0.4777734722369852,0.2736696312329527,0.4777734722369852,0.2736696312329529,0.40593611526257023,0.4926867502133823,0.40593611526380513,0.4926867502133823,0.35546160686183204,0.281406688366097,0.35546160686183204,0.2814066883660974,0.13197115757903521,0.1660879714952141,0.13197115757903521,0.1660879714952141,0.4481977543071882,0.20916183989468676,0.4481977543071882,0.2091618807704511,0.3716875257259526,0.10974217762427563,0.3716875257259526,0.10974188283254094,0.5276926379317712,0.21608451372352042,0.5276926379317712,0.21608451372352042,0.3012800283026596,0.26166586869100317,0.3012800283026596,0.26166586869100317
0.7162817036229868,0.7241619219079889,0.7162817036229868,0.7241619219079889,0.648437567196879,0.6070711242452607,0.648437567196879,0.6070711242452607,0.7335422679600995,0.7330709265612937,0.7335422679600997,0.7330709265612937,0.660191943888478,0.32890468729290545,0.660191943888478,0.3289046872867124,0.7162817036229868,0.7241619219079889,0.7162817036229868,0.7241619219079889,0.648437567196879,0.6070711242452607,0.648437567196879,0.6070711242452607,0.6879000409768335,0.6289899379851375,0.6879000409768335,0.6289899379851375,0.42491621249044786,0.22361834898460647,0.42491621249044786,0.22361834898460647,0.6758862578023359,0.5849761717948765,0.6758862578023352,0.5849761717948765,0.3180002343160387,0.35387318145035873,0.3180002343160401,0.35387318145035873,0.5523966425431419,0.4246415554378208,0.5523966425431417,0.4246415554378274,0.3464507218511369,0.5705679962643819,0.34645072185113757,0.570567996264382,0.34225226991016205,0.32876352526538516,0.34225226991016205,0.32876352526538516,0.4022344587335719,0.3383175896259517,0.4022344587335719,0.3383175896259517,0.6548208751965617,0.7062220807061641,0.6548208751965625,0.7062220807061641,0.28841773934606363,0.3717282064208263,0.28841773934606363,0.3717282064208263,0.6194335928532524,0.6666877490158122,0.6194335928532524,0.6666877490158122,0.11547953440356643,0.6668103735656863,0.11547953440356781,0.6668103735656863
3.6426956924013822,3.994733055225331,3.6426956924013822,3.994733055225333,3.8290943936204345,5.219080664957638,3.8290943936204345,5.219080664957638,3.412927022705315,3.9549180834345044,3.4129270227053183,3.9549180834345044,3.1550126178168045,4.90889023890567,3.1550126178168045,4.90889023890567,3.6426956924013822,3.994733055225333,3.6426956924013836,3.994733055225331,3.8290943936204345,5.219080664957638,3.829094393620437,5.219080664957638,4.393222899314157,5.004159249531738,4.393222899314157,5.004159249531738,3.2726314348399237,4.346362232510582,3.2726314348404726,4.346362232510583,3.85371130419718,4.358603643511155,3.85371130419718,4.358603643511155,4.4904266613365085,3.776789408428956,4.4904266613365085,3.7767894084289515,3.913455867729014,4.513010863380073,3.9134558677290174,4.513010863380073,4.155225656652954,5.324282039531206,4.155225656652954,5.324282039531204,3.8881568751311533,4.960950990203857,3.8881568751311533,4.960950990203857,5.0973586266108235,4.522089387237218,5.097358626611583,4.522089387237218,4.389174499761317,5.079500899186761,4.389174499761317,5.079500899186761,4.025345268201429,4.671586329976581,4.0253452682012885,4.671586329976581,4.137355658831663,3.4099275494917505,4.137355658831663,3.4099275494917505,3.9980753343578748,4.0266532170552845,3.9980753343578748,4.0266532170552845
2.5472736478173057,2.470167037580431,2.5472736478173057,2.470167037580431,2.88919356585686,2.998944411802732,2.8891935658568593,2.998944411802733,2.5037209092093144,2.61356216233414,2.5037209092093144,2.61356216233414,2.9634071938605255,2.901872717458484,2.9634071938605255,2.901872717458484,2.5472736478173057,2.470167037580431,2.5472736478173057,2.470167037580431,2.8891935658568593,2.998944411802732,2.8891935658568593,2.998944411802733,2.2415592850848154,2.6298975757960514,2.2415592850848154,2.6298975757960514,2.530301122769222,2.578813494505446,2.530301122769222,2.578813494505446,2.4165316712414873,2.3834289209127486,2.4165316712414873,2.383428920912748,2.9618634183277646,2.6572585510254485,2.961863418327769,2.6572585510254485,2.2545445362597745,2.0462041910918076,2.2545445362597745,2.046204191091807,2.2000900119486886,2.5631933376762523,2.20009001194869,2.5631933376762537,2.5508642324107447,2.633721293530944,2.5508642324107447,2.633721293530944,2.986285192754176,3.2043997381759026,2.9862851927541794,3.204399738177017,2.3076347066281855,2.2636270449875417,2.3076347066281855,2.2636270449875417,2.078617831152879,2.5507922746620078,2.078617831152879,2.5507922746620073,2.4729181567818665,2.154903560180201,2.4729181567818665,2.1549035601801947,2.8234265805491985,3.54456142500995,2.8234265805491985,3.5445614250099657
2.918974186242408,2.3997931209447585,2.918974186242408,2.3997931209447585,2.3619753318091363,2.5179264931549263,2.3619753318091363,2.5179264931549263,3.035644431527105,2.41197189209722,3.035644431527105,2.41197189209722,2.394350886854958,2.8320457689956373,2.3943508868549577,2.8320457689956373,2.918974186242408,2.3997931209447585,2.918974186242408,2.3997931209447585,2.3619753318091354,2.517926493154926,2.3619753318091354,2.5179264931549263,2.119444905686,1.9583597739482501,2.119444905686,1.9583597739482501,2.0656886127984833,2.2845042623571747,2.0656886127984833,2.2845042623571747,2.0958050455407977,2.240123160916984,2.095805045540796,2.240123160916984,1.6105674333682696,1.7561059355610944,1.610567433368433,1.7561059355610944,2.1417803506352353,2.075010228546461,2.1417803506352784,2.075010228546462,2.0037206405728507,1.9701190819078593,2.0037206405728507,1.9701190819078593,1.7237696854478533,1.9955420244455448,1.723769685447855,1.9955420244455448,1.385434999983578,1.8616403497593286,1.385434999983578,1.8616403497593286,2.0441693511160355,1.9111215764431815,2.0441693511160337,1.9111215764431815,1.5919265651679648,1.7559342504990356,1.591926565167796,1.7559342504990356,1.8563968008882321,1.7674719935567136,1.8563968008882339,1.7674719935567136,1.6358143143483872,1.9571525189336791,1.6358143143465946,1.9571525189336818
2.8412161616423206,2.5690683778761785,2.8412161616423197,2.569068377876178,2.5868162999509874,2.7881649948238416,2.5868162999509874,2.7881649948238416,2.7385564043821375,2.6767324825740197,2.7385564043821375,2.6767324825740197,2.6937702546356053,2.634515252420336,2.693770254635604,2.6345152524203357,2.8412161616423206,2.5690683778761785,2.8412161616423206,2.569068377876178,2.5868162999591644,2.7881649948238416,2.5868162999591644,2.7881649948238416,2.735084053765567,2.624783151025231,2.735084053765567,2.624783151025231,2.493891229973116,2.8181593082029064,2.493891229973116,2.8181593082029064,2.843857802706236,2.6671444555108184,2.8438578027062373,2.6671444555108184,2.9871736005517042,2.7826010581881615,2.9871736005517042,2.7826010581881615,2.7872125614933387,2.766343185111617,2.7872125614933387,2.766343185111617,2.681853962525708,3.2488145577405496,2.681853962525706,3.2488145577405496,3.098147967574823,3.003038134178487,3.098147967574823,3.0030381341784973,2.8954684583944377,3.3179622696224023,2.8954684583944377,3.3179622696224023,2.8359544896264723,2.9113992499022228,2.8359544896258746,2.9113992499022228,3.1605956602352783,3.2315406631811023,3.1605956602352783,3.2315406631811014,2.9541417849719633,2.8115322339610938,2.9541417849719633,2.8115322339611026,2.3943377624956774,3.0850413855103933,2.3943377624956774,3.085041385510412
0.32934980155437604,0.3974123964448775,0.32934980155437604,0.3974123964448775,0.3475383453642335,0.31068035795213333,0.3475383453642334,0.31068035795213333,0.408962410400773,0.41150450942661615,0.408962410400773,0.41150450942661615,0.36492109546117724,0.3521741646755987,0.36492109546117724,0.3521741646755987,0.32934980155437604,0.3974123964448775,0.32934980155437615,0.3974123964448775,0.3475383453642335,0.31068035795213333,0.3475383453642335,0.31068035795213333,0.3222020500732667,0.3093181791064495,0.3222020500732667,0.3093181791064495,0.22168278174260136,0.1830319279016582,0.22168278174260136,0.1830319279016582,0.4077718057305004,0.34165427945360216,0.40777180573039296,0.34165427945360216,0.2911402968125493,0.2464882650215917,0.2911402968125573,0.24648826502159174,0.4019772726205982,0.3043203265842651,0.40197727262059907,0.3043203265842651,0.2708938203249548,0.22585013672597173,0.2708938203249548,0.22585013672597173,0.2775551587003246,0.3755950796001801,0.2775551587003246,0.3755950796001801,0.18679003536126437,0.2503886370939585,0.18679003536126437,0.2503886370939585,0.39689727724131557,0.40600059159333485,0.3968972772413116,0.40600059159333485,0.23319422028480377,0.33880029169648224,0.23319422028480377,0.33880029169648224,0.32449232449387727,0.3291759532199308,0.32449232449387755,0.3291759532199308,0.3213105551268139,0.3181997150701666,0.3213105551268139,0.3181997150701667
1.323512719227851,1.197009068153123,1.323512719227851,1.197009068153123,1.2026085977744951,1.321205226456126,1.2026085977744951,1.321205226456126,1.2827885958041827,1.3274099579979335,1.2827885958041827,1.3274099579979335,1.27147672898259,1.3238685212477617,1.27147672898259,1.3238685212477617,1.323512719227851,1.197009068153123,1.323512719227851,1.197009068153123,1.2026085977744951,1.321205226456126,1.2026085977744962,1.321205226456126,1.395547474278313,1.4622170597924293,1.395547474278313,1.4622170597924293,1.62043202594955,1.8344725800042936,1.6204320259495502,1.8344725800042925,1.460483778458614,1.7361195063029455,1.460483778458614,1.7361195063029455,1.677692304016336,1.7253724319272303,1.6776923040163354,1.7253724319272303,1.4798086828173116,1.4853138381211959,1.4798086828173116,1.485313838121196,1.5778484445489147,1.8647347245655521,1.5778484445489147,1.8647347245655521,1.3054999483312792,1.7664281106978217,1.3054999483312792,1.7664281106978217,1.5199487323938758,1.3655539156344172,1.5199487323938758,1.3655539156344172,1.430529887740847,1.6219529287929586,1.430529887740847,1.5481160367847033,1.4484652624891439,1.2314067539500282,1.4484652624891439,1.2314067539500282,1.384535986859511,1.4734926061679496,1.384535986859512,1.4734926061679496,1.4687454218253866,1.4382853136765197,1.4687454218253866,1.4382853136765166
1.4978635467042751,1.755421662665605,1.4978635467042751,1.755421662665605,0.5682955415753881,1.4611368064430508,0.5682955415753881,1.4611368064430508,1.5910276098144491,1.5123076487719604,1.5910276098144491,1.5123076487719604,1.0859503462508358,1.5725711179793904,1.0859503462508358,1.5725711179793904,1.4978635467042751,1.755421662665605,1.4978635467042751,1.755421662665605,0.5682955415753881,1.4611368064430508,0.5682955415753881,1.4611368064430508,1.3888441861832561,1.3745724310688845,1.3888441861832561,1.3745724310688845,0.8848524908294637,0.5236086891270817,0.8848524908294637,0.5236086891270817,1.9169443307683167,1.5242194571210177,1.9169443307683167,1.5242194571210177,1.0561459985555677,1.6675009149818576,1.0561459985555677,1.667500914981865,1.979099936431225,1.2788637710821436,1.9790999364312263,1.2788637710817676,0.9978947548596936,1.5142475471530705,0.9978947548596936,1.5142475471530699,1.2104387902640175,1.9205205622790016,1.2104387902640175,1.9205205622790016,1.2227483971284923,1.5827432553765435,1.2227483971284923,1.5827432553765435,1.787171479531709,1.8508861461984487,1.787171479531709,1.8508861461984487,1.8950968055594801,2.2804635376656286,1.8950968055594852,2.28046353766563,1.9503092582299104,2.027942092848705,1.9503092582299104,2.027942092848705,1.3140891520309788,1.3723513895745627,1.314089152033701,1.3723513895745467
0.4345026617569248,0.4204593265570649,0.4345026617569245,0.4204593265570649,0.20869206287913253,0.25727208989881684,0.20869206287913253,0.25727208989881667,0.4930994237983543,0.3439124083934413,0.4930994237983543,0.3439124083934413,0.3243807867091551,0.2241928361772978,0.3243807867091551,0.2241928361772978,0.4345026617569245,0.4204593265570649,0.4345026617569245,0.4204593265570649,0.2086920628791323,0.25727208989881684,0.2086920628791323,0.25727208989881667,0.27204167822318165,0.3152282384812973,0.27204167822318165,0.3152282384812973,0.18765964216746844,0.10884864643012836,0.18765964216746844,0.10884864643012836,0.26666725980450584,0.3237856834513278,0.26666725980450684,0.3237856834513278,0.15076643157884123,0.10001937486369356,0.15076643157884123,0.10001937486369356,0.31358059149027667,0.29296694562959563,0.31358059149027667,0.29296694562959563,0.18020631605009393,0.1287511981971022,0.18020631605009393,0.1287511981971022,0.06604534868079477,0.1735307760454062,0.06604534868079477,0.1735307760454062,0.23183199343239322,0.057125604065782314,0.23183199343239322,0.05712560406578179,0.32109117248275915,0.23306017042563543,0.32109117248275915,0.23306017042563618,0.13828982706096996,0.08332476638228024,0.13828982706096996,0.08332476638228024,0.1571825196302081,0.0910818475820921,0.1571825196302081,0.0910818475820921,0.14039893582862495,0.13047252377069393,0.14039893582862403,0.13047252377069393
0.25764147090845324,0.2934647745855549,0.25764147090845324,0.2934647745855549,0.4159614957209581,0.47458825857549236,0.4159614957209581,0.47458825857549236,0.23780783828398822,0.3749111472864538,0.23780783828398822,0.3749111472864538,0.4122080699258031,0.44973185271439264,0.4122080699258031,0.44973185271439264,0.25764147090845324,0.2934647745855549,0.25764147090845313,0.2934647745855549,0.4159614957209581,0.47458825857549236,0.4159614957209581,0.47458825857549236,0.42357599019040487,0.4826261546140761,0.42357599019040487,0.4826261546140761,0.38119025293510256,0.664106054187038,0.38119025293510256,0.6641060541866555,0.44567154323092156,0.4929655901231309,0.44567154323092156,0.49296559012313057,1.018495746325395,0.5735752850531014,1.0184957463253907,0.5735752850532976,0.5476601656005298,0.41957367046791744,0.5476601656005298,0.4195736704679177,0.4446515612943966,0.6841716415151258,0.4446515612943966,0.6841716415151253,0.5509538130307117,0.4917793105449003,0.5509538130307117,0.4917793105449003,0.8310639008322843,0.5137830750940857,0.8310639008322904,0.5137830750940857,0.5582321099808687,0.6079366875651359,0.5582321099808701,0.6079366875651359,0.6017114256508095,0.7999851431613684,0.6017114256524341,0.7999851431613684,0.6277704586428994,0.6820985314643073,0.6277704586428994,0.6820985314643073,0.6270332487726212,1.0870829814000047,0.6270332487726203,1.0870829814000047
0.257505260054471,0.2714777351936422,0.257505260054471,0.2714777351936422,0.24081376398139936,0.24014732374309938,0.24081376398139911,0.24014732374309938,0.27505754761775664,0.27775703137889923,0.2750575476177567,0.27775703137889923,0.2783105249752394,0.23788279381927516,0.2783105249752394,0.23788279381927516,0.257505260054471,0.2714777351936422,0.257505260054471,0.2714777351936422,0.24081376398139936,0.24014732374309944,0.24081376398139911,0.24014732374309944,0.279063603585058,0.25954707257598436,0.279063603585058,0.25954707257598436,0.2952035187294894,0.23504912521615423,0.2952035187294906,0.23504912521615423,0.28973108269424863,0.26511715787811413,0.2897310826942485,0.26511715787811413,0.23958577844505807,0.25514120782254834,0.2395857784450373,0.25514120782254834,0.26154662522909394,0.26836438866490187,0.26154662522909394,0.26836438866490187,0.29959563232402553,0.2684501863726411,0.29959563232402414,0.2684501863726411,0.2770852815964036,0.3176751102645563,0.2770852815964036,0.3176751102645563,0.2785727287092364,0.29422865928378056,0.2785727287092375,0.29422865928378056,0.3267435437519651,0.24524412496659748,0.3267435437519651,0.24524412496659748,0.23880478574617206,0.2906641332102525,0.23880478574617206,0.2906641332102534,0.3336317372392796,0.30453666856274764,0.3336317372392796,0.30453666856274764,0.3794503836992353,0.34750770953773896,0.3794503836992353,0.34750770953773896
0.7055908141942794,0.6814201214888175,0.7055908141942794,0.6814201214888175,0.7509764079251698,0.7462113280317899,0.7509764079250997,0.7462113280317899,0.7174919850380699,0.7280958814500328,0.7174919850380699,0.7280958814500328,0.7467918256357926,0.8093427417545342,0.7467918256357928,0.8093427417545344,0.7055908141942794,0.6814201214888175,0.7055908141942794,0.6814201214888175,0.7509764079251698,0.7462113280317899,0.7509764079251698,0.7462113280317899,0.7134506340729386,0.7551526343965052,0.7134506340729386,0.755152634396505,0.7426925194370978,0.7972349802804495,0.7426925194365076,0.7972349802804496,0.6881588773353992,0.7528749489355065,0.6881588773353993,0.7528749489355065,0.7902980295564356,0.7071414102468297,0.7902980295564215,0.7071414102468297,0.6940146809941791,0.722270542303571,0.6940146809941791,0.722270542303571,0.7097214046355269,0.6660652945481423,0.7097214046355601,0.6660652945481422,0.7526458678840714,0.8598093711757446,0.7526458678840714,0.8598093711757501,0.5928597312658315,0.7598668362925854,0.5928597312658315,0.7598668362925854,0.7142615987491158,0.7780596501876059,0.7142615987491158,0.7780596501876059,0.9555213207768675,0.8035502272740269,0.9555213207768639,0.8035502272740269,0.7862187991612898,0.8054560517279727,0.7862187991612898,0.8054560517279781,0.6625208737455586,0.5298021796812699,0.6625208737460317,0.5298021796812774
0.22603000781352994,0.20420251991901298,0.22603000781353003,0.20420251991901298,0.24214175073698824,0.2805646715717159,0.24214175073698824,0.2805646715717159,0.22661978399360277,0.20334197820658342,0.2266197839936027,0.20334197820658342,0.2517896210435614,0.28345590475243315,0.2517896210435611,0.28345590475243315,0.22603000781353003,0.20420251991901298,0.22603000781353003,0.20420251991901298,0.24214175073698824,0.2805646715717159,0.24214175073698824,0.2805646715717159,0.2041848661867238,0.24718560257554392,0.2041848661867238,0.24718560257554392,0.206120645816292,0.21190378400230273,0.20612064581627929,0.21190378400230273,0.22571835874866314,0.24452865955056538,0.22571835874866306,0.24452865955056538,0.24532424746398557,0.2042066416638279,0.245324247463407,0.20420664166382782,0.1915136751856032,0.2452428845901258,0.19151367518560336,0.2452428845901258,0.16237929929693415,0.20486531940010203,0.16237929929692552,0.20486531940010203,0.20068060998342505,0.2526818489646226,0.20068060998342505,0.252681848964621,0.17357085898341237,0.2117923826084794,0.17357085898341176,0.211792382608475,0.22457268449160536,0.20354487915105723,0.2245726844916051,0.20354487915105723,0.22665496661514337,0.19874282900903242,0.22665496661514337,0.19874282900903242,0.20238573787092648,0.22843220483427015,0.20238573787092637,0.22843220483427015,0.2230872247839643,0.24652368698900062,0.22308722478396392,0.24652368698900062
0.8354864575930345,0.8397531415297664,0.8354864575930344,0.8397531415297664,0.733858346566222,0.7688985730866403,0.733858346566222,0.7688985730866403,0.8237604122388902,0.8292791835974913,0.8237604122388902,0.8292791835974913,0.6913375098713787,0.7055433731014393,0.6913375098713797,0.7055433731014393,0.8354864575930345,0.8397531415297664,0.8354864575930344,0.8397531415297664,0.733858346566222,0.7688985730866403,0.733858346566222,0.7688985730866403,0.7208002443154565,0.7494384559433213,0.7208002443154565,0.7494384559433213,0.7316879762500375,0.706241484222062,0.7316879762500366,0.706241484222062,0.6863124948396779,0.730548360178266,0.6863124948396779,0.730548360178266,0.8141620619112498,0.6618446155141494,0.8141620619112513,0.6618446155141494,0.7299489843834677,0.7264336556478391,0.7299489843834677,0.7264336556478391,0.6734383636929647,0.6741281928637186,0.6734383636929647,0.6741281928637177,0.7522064385860248,0.722020232839744,0.7522064385860247,0.722020232839744,0.6234807100200738,0.7641197201903706,0.623480710020073,0.7641197201903694,0.6385945263304081,0.6921877156874676,0.6385945263304081,0.6921877156874676,0.747272844062935,0.9845913591128649,0.7472728440629346,0.9863016423381089,0.702217533136069,0.6914834411042367,0.702217533136069,0.6914834411042367,0.6599548316815086,0.7169209619864019,0.6599548316815086,0.7169209619864019
0.7766066663610757,0.6175063748822894,0.7766066663610757,0.6175063748822894,0.7810933925332924,0.7347626180819063,0.7810933925332915,0.7347626180819066,0.7494696799279009,0.6896367064343366,0.7494696799279009,0.6896367064343362,0.7976842325230101,0.7133768337466319,0.7976842325230101,0.7133768337466319,0.776606666361076,0.6175063748822892,0.776606666361076,0.6175063748822894,0.7810933925332924,0.7347626180819066,0.7810933925332924,0.7347626180819066,0.7408280485553113,0.5810989730229109,0.7408280485553113,0.5810989730229109,0.7336756124782707,0.8830803480161366,0.7336756124782707,0.8830803480161366,0.7173666726535471,0.595629872136202,0.7173666726535465,0.5956298721362016,0.868689589551445,0.6574852539341582,0.868689589551445,0.6574852539341577,0.7825680422469778,0.6040432096105063,0.7825680422469778,0.6040432096105063,0.7087971443836005,0.6564155822406186,0.7087971443836005,0.6564155822406186,0.5858568839230959,0.6039141944242877,0.585856883923096,0.6039141944242877,1.213728758516299,1.3125785382983806,1.213728758516299,1.3125785382983952,0.7367080398480937,0.6583699558910661,0.7367080398480937,0.6583699558910661,0.742895786304174,0.9407802570372261,0.7428957863041177,0.9407802570372261,0.8143277836642554,0.6150415235174078,0.8143277836642558,0.6150415235174078,0.8263872989281535,0.8733385491346427,0.8263872989304762,0.8733385491346272
0.37065223982040896,0.3503109245146421,0.370652239820409,0.3503109245146421,0.396782083219522,0.3751052867085409,0.3967820832195222,0.3751052867085409,0.37381848046589694,0.34025181054172027,0.37381848046589694,0.34025181054172027,0.4001729229517949,0.36471758050749603,0.4001729229517949,0.36471758050749603,0.37065223982040896,0.3503109245146421,0.37065223982040896,0.3503109245146421,0.396782083219522,0.3751052867085409,0.396782083219522,0.375105286708541,0.5137715722483462,0.4397711024271545,0.5137715722483462,0.4397711024271545,0.5417809550586283,0.47063884293513586,0.5417809550586283,0.47063884293513586,0.46425315165516484,0.4368594020351414,0.46425315165516484,0.4368594020351414,0.4705497569679119,0.5252776948934306,0.47054975697094853,0.5252776948934306,0.48344782901521055,0.4561041793511644,0.48344782901521055,0.4561041793511644,0.5518756037279019,0.4825505719995046,0.5518756037278981,0.4825505719995046,0.47803678559933965,0.5039772249767215,0.47803678559933965,0.5039772249767215,0.4275270296810264,0.6201242158687155,0.42752702968102624,0.6201242158687046,0.4744914507681524,0.5464648804900517,0.4744914507681524,0.5464648804900515,0.4413265804017584,0.6375619095988666,0.4413265804017325,0.6375619095988665,0.43295336064846424,0.5124018570563258,0.43295336064846424,0.5124018570563258,0.5408861569463702,0.6370449278339854,0.5408861569463702,0.6370449278339854
0.7512470387036237,0.6765543925181277,0.751247038703624,0.6765543925181277,0.5617145062947733,0.5422816885602894,0.5617145062947734,0.5422816885602894,0.6795410129664071,0.6745868600061182,0.6795410129664071,0.6745868600061182,0.5644278358973551,0.5546500115899822,0.564427835897314,0.5546500115899822,0.7512470387036237,0.6765543925181277,0.751247038703624,0.6765543925181277,0.5617145062947734,0.5422816885602894,0.5617145062947734,0.5422816885602894,0.5167268799119769,0.5653272456710718,0.5167268799119742,0.5653272456710718,0.5610969864055347,0.5699340312106986,0.5610969864055347,0.5699340312106986,0.5705431686840406,0.5807498456180243,0.5705431686840406,0.5807498456180243,0.5662274742797678,0.5201415501694397,0.5662274742797687,0.5201415501694397,0.5435026749923269,0.5648401890310897,0.5435026749923269,0.5648401890310897,0.5252368441348546,0.5230926796112763,0.5252368441348546,0.5230926796112763,0.5427305518620745,0.5275880193250765,0.5427305518620745,0.5275880193250823,0.40054155284095144,0.41086762668923205,0.40054155284095233,0.41086762668922167,0.4687718352947064,0.5626462674797297,0.46877183529470706,0.5626462674797297,0.6181112074138632,0.6293017263406645,0.6181112074138124,0.6293017263406641,0.5190737477035735,0.441939808688744,0.5190737477035735,0.44193980868874866,0.5941764760314331,0.4835646895186264,0.5941764760314331,0.48356468951863757
0.7947211046983077,0.8101741966291145,0.7947211046983077,0.8101741966291147,0.767617678622915,0.8867752853540015,0.767617678622915,0.8867752853540015,0.7702954896388163,0.8359941394505312,0.7702954896388163,0.8359941394505312,0.7507942617205006,1.0041086413079259,0.7507942617205006,1.004108641307926,0.7947211046983077,0.8101741966291145,0.7947211046983077,0.8101741966291147,0.767617678622915,0.8867752853540019,0.767617678622915,0.8867752853540015,0.7985289273404107,0.8000401712159332,0.7985289273404107,0.8000401712159332,0.7868573779999327,0.9517003939144552,0.7868573779999328,0.9517003939144552,0.7397435461271469,0.7910314062517231,0.7397435461271469,0.7910314062517231,0.8355349645502897,0.8539138188595404,0.8355349645502895,0.8539138188595403,0.7659231021713122,0.6973206428731621,0.7659231021713122,0.6973206428731621,0.8658389628109644,1.1624871552103415,0.865838962810879,1.1624871552103415,0.8256401040590825,0.8333717867717821,0.8256401040590825,0.8333717867717821,0.5319856398616413,1.0334556602980396,0.5319856398616621,1.0334556602980396,0.885987929171617,0.7898234033292774,0.885987929171617,0.7898234033292774,1.0904431022800531,0.9269409527580287,1.0904431022800531,0.9269409527580287,0.9302807139483918,0.7970335785115601,0.9302807139483918,0.7970335785115601,0.8758075381155582,1.0012087399772807,0.8758075381155582,1.0012087399773053
0.46274728978219315,0.4628997199275713,0.46274728978219315,0.4628997199275713,0.5400232188515961,0.48410144515208314,0.5400232188515961,0.48410144515208314,0.5222886464355306,0.48322733601540163,0.5222886464355306,0.48322733601540163,0.5190978478012079,0.42647339090688074,0.5190978478012079,0.42647339090688074,0.46274728978219315,0.4628997199275713,0.46274728978219315,0.4628997199275713,0.5400232188515961,0.48410144515208314,0.5400232188515961,0.48410144515208314,0.5288134746831633,0.36705719227406686,0.5288134746831633,0.36705719227406686,0.5186202267934794,0.3111266179717872,0.5186202267934794,0.3111266179717872,0.5659334119798486,0.36097952606807077,0.5659334119796485,0.3609795260680708,0.45975666531464315,0.35393054728982526,0.45975666531464315,0.35393054728982526,0.6286236570176927,0.28523847842335703,0.6286236570176926,0.2852384784233571,0.5222949111369483,0.4529316832817066,0.5222949111369483,0.4529316832817066,0.4387166737180703,0.24953266688162515,0.4387166737180703,0.24953266688162265,0.7764823586448819,0.38159074077040067,0.7764823586448805,0.38159074077040067,0.40340710369962013,0.427129208805537,0.40340710369962013,0.427129208805537,0.6019927208728987,0.3120766720027435,0.6019927208738074,0.3120766720027435,0.36516301554338204,0.3077782623745413,0.36516301554338204,0.3077782623745413,0.3079368290249363,0.20467570049489148,0.3079368290249372,0.20467570049489148
2.272451162918499,2.381363720853721,2.272451162918499,2.381363720853721,2.2863528819621304,2.679903271294604,2.28635288196213,2.6799032712946054,2.2542674136736958,2.213165071065895,2.2542674136736958,2.213165071065895,2.3893708411423042,2.5198697346629775,2.3893708411423042,2.5198697346629775,2.272451162918499,2.381363720853721,2.272451162918499,2.381363720853721,2.28635288196213,2.679903271294604,2.28635288196213,2.679903271294604,2.4598737987547263,2.610362199364707,2.4598737987547263,2.610362199364707,2.611640358502509,3.4591660438402716,2.611640358502509,3.4591660438402716,2.630474388048793,2.6150386124818135,2.630474388048793,2.6150386124818135,2.795458113040685,2.6175570988741086,2.795458113040685,2.6175570988767585,2.6619279382894807,2.5697118138919346,2.6619279382894807,2.5697118138919346,2.562448027262206,2.4732580552461756,2.5624480272622034,2.473258055246189,2.5522268469903904,2.5607675481305257,2.5522268469903944,2.5607675481305257,3.1840808611343356,2.922622971904287,3.1840808611264997,2.922622971904287,2.7150505673468834,2.40281668188608,2.7150505673468825,2.524970239454718,3.0394578510364045,3.1631431231681244,3.0394578510364045,3.163143350178975,3.0419931343373037,2.478347441884786,3.0419931343373037,2.478347441884786,2.9444591622991667,2.817470235668052,2.9444591622991667,2.817470235668052
2.9645921407996103,3.294212409758727,2.964592140799611,3.294212409758727,4.019879692411328,4.087047510667543,4.019879692411329,4.087047510667543,3.1423136888149057,3.307382365312678,3.1423136888149057,3.30738236531097,3.4035351436921815,3.6701676973161694,3.403535143692182,3.6701676973161694,2.9645921407996103,3.294212409758727,2.964592140799611,3.294212409758727,4.019879692411328,4.087047510667543,4.019879692411328,4.087047510667543,3.6987560011942535,3.511783892050428,3.6987560011942535,3.511783892050428,3.4028500398245636,4.259417563955231,3.402850039824574,4.259417563955231,3.72605685210376,4.025417534471305,3.72605685210376,4.025417534471305,3.995801895614038,4.3202366744886325,3.995801895614038,4.3202366744886325,3.675344416345123,3.737794837465828,3.675344416345123,3.737794837465828,3.4721872288907245,3.9883007854504857,3.4721872288892253,3.9883007854504857,3.873199499604371,4.213230971516714,3.8731994996043753,4.213230971516723,3.4435606447936107,4.277568526659709,3.4435606447936107,4.277568526659709,3.7259979794834943,4.082956072789502,3.7259979794834943,4.082956072789502,4.867001627204706,4.950992753148484,4.867001627204706,5.397674678576291,4.5540140444015424,4.201266934949516,4.5540140444015424,4.2012669349495075,4.2828616877399135,4.386327631882354,4.282861687746908,4.386327631882354
1.16213413476541,1.1490777082701638,1.16213413476541,1.1490777082701635,0.9423629985495502,1.078933020823773,0.94236299854958,1.0789330208237728,1.088700885441394,1.1130985985875181,1.0887008854412803,1.1130985985875181,1.0622082465967138,1.2140010099829495,1.0622082465967138,1.2140010099829495,1.16213413476541,1.1490777082701638,1.16213413476541,1.1490777082701635,0.94236299854958,1.0789330208237728,0.9423629985495502,1.078933020823773,1.4396149733249712,1.538867025304822,1.439614973324971,1.5388670253048224,1.7133506191541399,1.6391408911046421,1.7133506191541399,1.6391408911046421,1.4326003574511044,1.6414784825733697,1.4326003574511044,1.6414784825733693,1.2627930265342366,1.8193116939465428,1.2627930265342349,1.8193116939465428,1.4185707045537441,1.4368825578847113,1.4185707045537441,1.4368825578847113,1.5666445420309507,1.7691771652645938,1.5666445420309494,1.7691771652645938,1.5942200014661028,1.865056146772163,1.5942200014661028,1.8650561467721567,1.1742566178275362,1.104536343513628,1.1742566178275362,1.104536343513628,1.3244806517265688,1.6859644064067185,1.3244806517265695,1.6859644064067185,1.4519136674567705,1.9454875170585935,1.4519136674567705,1.9454875170585935,1.639125292110439,1.4690112745257153,1.639125292110439,1.4690112745257153,1.9776174175712198,1.6283049015602593,1.9776174175712198,1.6283049015602438
0.8593908589729723,0.8109889501390327,0.8593908589729723,0.8109889501390327,1.0472100010465648,1.1008479655949779,1.0472100010465648,1.1008479655949779,0.8355786488779519,0.8840537375851515,0.8355786488779519,0.8840537375851515,1.0834184035437084,1.1797024259504776,1.0834184035437084,1.1797024259504776,0.8593908589729723,0.8109889501390327,0.8593908589729723,0.8109889501390327,1.0472100010465648,1.1008479655949779,1.0472100010465648,1.1008479655949779,1.2378387421110442,2.0340822173935447,1.2378387421110442,2.0340822173935447,1.5927470945011073,1.827073958214232,1.5927470945011082,1.827073958214232,1.0650104474753672,1.531411245657788,1.0650104474753672,1.531411245657788,1.7291332029501503,1.8637282449212604,1.729133202950149,1.8637282449212604,1.2136170952729575,1.40642202950074,1.2136170952729575,1.40642202950074,1.4952674254833254,1.6727927776508518,1.4952674254833254,1.6727927776508518,1.6628810598965438,1.3724478621368728,1.6628810598965438,1.3724478621388903,1.6055818852030987,1.467830150049541,1.6055818852030987,1.4678301500495434,1.1196948470837942,1.7634118518346609,1.1196948470837942,1.7634118518346609,1.8009132270989687,1.8185430591150793,1.8009132270989687,1.8185430591150784,1.4537689698226726,1.9627060673501264,1.4537689698226726,1.9627060673501264,1.1579664452203535,2.16490201317841,1.1579664452203535,2.164902013178412
0.3495864944729625,0.34841378074626156,0.3495864944729625,0.34841378074626156,0.33207716831664286,0.3698616853186888,0.3320771683166421,0.3698616853186888,0.32754965647681267,0.34606524458252935,0.32754965647681267,0.34606524458252935,0.23630681221332916,0.32462237170456754,0.23630681221332916,0.32462237170456754,0.3495864944729625,0.34841378074626156,0.3495864944729625,0.34841378074626156,0.33207716831664286,0.3698616853186888,0.33207716831664286,0.3698616853186888,0.20268808038399988,0.24905245928798622,0.20268808038399988,0.24905245928798622,0.09648072901418879,0.2140455878093554,0.09648072901418824,0.2140455878093554,0.20526436993921288,0.28253951354065554,0.20526436993921324,0.28253951354065554,0.15549316532043445,0.21405498577557153,0.15549316532043445,0.21405498577557158,0.2174771900941562,0.22938636620610509,0.2174771900941562,0.22938636620610509,0.25144725094719206,0.1754640838713837,0.25144725094719356,0.1754640838713837,0.10803989278128838,0.1261789584697241,0.10803989278128838,0.1261789584697241,0.07734628483180093,0.13926723766506283,0.07734628483180093,0.13926723766506285,0.2924412142492845,0.19641179732349007,0.2924412142492845,0.2192927065140336,0.19412359514617492,0.30837828022983077,0.19412359514617492,0.3083782802042948,0.17388114954793782,0.18279861703137001,0.17388114954793626,0.18279861703136996,0.16174570003531008,0.14674475294255607,0.1617457000350972,0.14674475294255607
2.0873873431668675,2.183069897328606,2.0873873431668653,2.1830698973286062,2.0623006574763676,2.0435278020112695,2.0623006574763676,2.0435278020112695,2.044506608518795,2.253353670300779,2.044506608518795,2.253353670300779,2.043853890874312,2.1355177990793903,2.043853890875014,2.1355177990793903,2.0873873431668653,2.1830698973286062,2.0873873431668675,2.183069897328606,2.062300657476366,2.0435278020112695,2.0623006574763676,2.0435278020112695,1.8544718631323203,1.5986089262512861,1.8544718631323203,1.5986089262512861,1.812842726834188,1.5967413881721089,1.812842726834188,1.5967413881721089,1.8773086227638707,1.7271274081415495,1.8773086227638782,1.7271274081415495,1.581741183347177,2.1629619173882437,1.581741183347177,2.162961917388244,1.8951478790117793,1.770467597544402,1.8951478790117793,1.770467597544402,1.762400480994215,1.8201647384696344,1.7624004809942206,1.8201647384696347,1.7709074103649622,1.559894941916288,1.7709074103649622,1.559894941916288,1.1799704654192147,1.2552964574602767,1.1799704654192618,1.2552964574602767,1.8619504797985449,1.6903596425812448,1.8619504797985449,1.6903596425812448,1.8522175336804991,2.0884560299128734,1.8522175336805087,2.0884560299128725,1.638686320300804,1.6920251601122214,1.638686320300804,1.6920251601122185,1.695696733237829,1.9367025141020402,1.6956967332384938,1.9367025141020402
5.174145388870489,5.774133019781084,5.174145388870489,5.774133019781084,4.22147543798074,5.693218025976886,4.22147543798074,5.693218025976886,5.125635630345771,5.8862004235017675,5.125635630345771,5.8862004235017675,4.6910342366672175,5.384094302605941,4.6910342366672175,5.384094302605941,5.174145388870489,5.774133019781084,5.174145388870489,5.774133019781084,4.22147543798074,5.693218025976886,4.22147543798074,5.693218025976886,5.191702055538872,6.331822970967361,5.191702055538867,6.331822970967361,4.724197062678178,5.535199683099469,4.724197062678178,5.535199683099469,5.461669105265332,6.493665380073803,5.461669105265332,6.493665380073803,5.078673331924817,5.536041462932148,5.078673331924817,5.536041462932148,5.57397494843719,6.098298635828938,5.57397494843719,6.098298635828938,5.479403861904165,4.436217383827486,5.479403861904175,4.436217383827486,4.77114378189951,5.8134790445065345,4.77114378189951,5.8134790445065345,3.8849628145544832,5.209150446939711,3.8849628145544832,5.209150446939711,5.422958745682039,6.573092267452753,5.422958745682039,6.573092267452753,5.232136689466094,6.000437195704706,5.232136689466094,6.000437195704706,4.735311605119713,5.483423382450555,4.735311605119713,5.483423382450555,3.583062990675009,5.44987587750934,3.583062990675009,5.44987587750934
0.13253661357089086,0.14642338055501905,0.13253661357089086,0.14642338055501905,0.15123117868991395,0.23992453356301294,0.15123117868991395,0.23992453356301294,0.16528330097956387,0.13318313773717425,0.16528330097956387,0.13318313773717425,0.2190713075753931,0.14020339323778241,0.21907130757539317,0.14020339323778241,0.13253661357089086,0.14642338055501905,0.13253661357089086,0.14642338055501905,0.15123117868991395,0.23992453356301294,0.15123117868991395,0.23992453356301294,0.13558715147744022,0.12977640620739395,0.13558715147744022,0.12977640620739395,0.17382223461743485,0.161292087185758,0.17382223461743485,0.161292087185758,0.106013748923724,0.16726341560138863,0.10601374892372405,0.16726341560138863,0.19798634029964118,0.2815542338847518,0.19798634029964132,0.2815542338847518,0.15537650089616895,0.11546031687682413,0.15537650089616895,0.11546031687686531,0.14757830037801606,0.1609819198260583,0.14757830037801603,0.1609819198260583,0.19697037254031807,0.2889850255056523,0.19697037254031807,0.2889850255056523,0.18900619056175066,0.2698971619859694,0.18900619056175066,0.2698971619859694,0.11459353536538473,0.2577308829599356,0.11459353536538473,0.22939371528466734,0.2704766287291249,0.22291949264822802,0.2704766287291249,0.22291949264822802,0.11196546590085364,0.18256071054123316,0.11196546590085364,0.18256071054123316,0.16966805508265526,0.24225899144615073,0.16966805508236843,0.24225899144615073
0.5729142702102694,0.4897656402406822,0.5729142702102685,0.4897656402406822,0.5537937343601608,0.4821841858328736,0.5537937343601608,0.4821841858328736,0.5360606276412467,0.47311335754861866,0.5360606276412467,0.4731133575486185,0.3455897250765252,0.32722257242458486,0.3455897250765252,0.32722257242458447,0.5729142702102685,0.4897656402406822,0.5729142702102685,0.4897656402406822,0.5537937343601612,0.4821841858328736,0.5537937343601608,0.4821841858328736,0.3256046137119345,0.5033398560990279,0.3256046137119365,0.503339856099028,0.324578421427416,0.4163321953023725,0.3245784214274191,0.4163321953023725,0.42683699555411214,0.385009858022408,0.42683699555411214,0.385009858022408,0.3893400605406019,0.4401941677149434,0.3893400605406019,0.440194167714944,0.5053078455416731,0.6347204847162564,0.5053078455416731,0.6347204847162564,0.3861751401622931,1.2393778351348028,0.3861751401622971,1.2393778351348028,0.3978273664013895,0.42163857795775755,0.39782736640138905,0.421638577957759,0.8498568028653581,0.26701667959007447,0.8498568028653581,0.26701667959007447,0.5802299988828729,0.3873674337089137,0.5802299988828729,0.3873674337089137,0.2615149989420544,0.7083117706953136,0.2615149989420544,0.7083119975816283,0.5742059972009222,0.2766109986735049,0.5742059972009222,0.2766109986735049,0.3600706973487576,0.4949771838467226,0.3600706973487576,0.4949771838467226
0.5164574812123605,0.6094936433137079,0.5164574812123605,0.6094936433137079,0.47486600373473287,0.5064178975927451,0.47486600373473287,0.5064178975927451,0.4949778465133714,0.6481494344944777,0.49497784651337123,0.6481494344944777,0.5863752571638886,0.5160476259577094,0.5863752571638886,0.5160476259577094,0.5164574812123605,0.6094936433137079,0.5164574812123605,0.6094936433137079,0.47486600373473287,0.5064178975927451,0.47486600373473287,0.5064178975927451,0.36521973020941556,0.3938343258945186,0.36521973020941556,0.3938343258945186,0.3834840337079846,0.4140102828880446,0.3834840337079846,0.4140102828880446,0.30852062534664065,0.40638388420371435,0.30852062534664065,0.40638388420371435,0.33502820554455215,0.38720989904972236,0.33502820554455215,0.38720989904972236,0.3126279982111874,0.48158308838234876,0.31262799821118986,0.48158308838234876,0.3121445555026535,0.3211499197035878,0.3121445555026535,0.3211499197035878,0.3661193767577163,0.41805020990297903,0.3661193767577163,0.41805020990297914,0.37261933169594913,0.5548309067955283,0.37261933169594913,0.5548309067955283,0.41148534576927,0.35486879383576286,0.41148534576927,0.35486879382080866,0.3758469500911303,0.49108554847084857,0.3758469500911303,0.49108554847084857,0.47736466494746965,0.41128918496352684,0.47736466494746965,0.41128918496352684,0.3581782193862041,0.5165915164275293,0.3581782193957576,0.5165915164275293
0.8696473656446877,0.8995791602126607,0.8696473656446877,0.8995791602126607,0.8015075338876743,0.7780100970601601,0.8015075338876725,0.7780100970601601,0.8830545462982942,0.9397579950998912,0.8830545462982942,0.9397579950998912,0.7953833539453854,0.8480700809301075,0.7953833539453854,0.8480700809301073,0.8696473656446877,0.8995791602126607,0.8696473656446877,0.8995791602126607,0.8015075338876725,0.7780100970601601,0.8015075338876743,0.7780100970601601,0.7235498373339254,0.6472530018991348,0.7235498373339254,0.6472530018991348,0.8266319074373527,0.6939587492363435,0.8266319074373565,0.6939587492363433,0.6249803503708777,0.5613576853197071,0.6249803503708777,0.5613576853197071,0.7272764679874857,0.5636303428838728,0.7272764679859672,0.5636303428838726,0.7450888738096733,0.6198906169171831,0.7450888738096733,0.6198906169171831,0.8313532104446513,0.8944494779265147,0.8313532104446615,0.8944494779265147,1.0215114268773484,0.8394920194445448,1.0215114268771606,0.8394920194445448,0.8960939946524229,1.0307657705996525,0.8960939946524229,1.0307657705996518,0.7446317810437735,0.6738957811126067,0.7446317810437757,0.6738957811126067,0.6910960519554831,0.7832383437266801,0.6910960519554612,0.7832383437266801,0.7572931716181263,0.7234011518313477,0.7572931716181293,0.7234011518313477,0.7158729789627405,1.0044391687281524,0.7158729789627405,1.0044391687281462
0.8989629092173798,0.8468497023487678,0.8989629092173798,0.8468497023487678,0.8367012448226806,0.9618239439917398,0.8367012448296189,0.9618239439917398,0.804492160873619,0.9244352125799038,0.8044921608736183,0.9244352125799038,0.9394257364905636,0.8143214830530856,0.9394257364905636,0.8143214830530856,0.8989629092173805,0.8468497023487678,0.8989629092173798,0.8468497023487678,0.8367012448226806,0.9618239439917398,0.8367012448296189,0.9618239439917398,0.8736034983883072,0.7708760553115576,0.8736034983883072,0.7708760553115576,1.1383012598251991,1.2326296212483108,1.1383012598251987,1.2326296212483108,0.9858401604499524,0.9437860972442714,0.9858401604499533,0.9437860972442714,0.8661533565861398,1.1706720342943686,0.8661533565861398,1.1706720342943686,0.9340268455530235,0.9272905104818099,0.9340268455530235,0.9272905104818099,1.4029146110832003,1.1758774894413524,1.4029146110832003,1.1758774894413524,1.0452833857297,0.7679920351041599,1.0452833857297,0.7679920351041599,1.0956583484138007,0.8294649424012054,1.0956583484137976,0.8294649424012054,1.0786548528575115,1.1978443882288106,1.0786548528575108,1.1978443882288106,1.3070157260697695,1.0623303101791983,1.3070157260697695,1.0623303101791983,1.113303288303349,0.9608874768067182,1.113303288303349,0.9608874768067129,1.1386765454029981,1.1303519035099983,1.1386765454029957,1.1303519035099983
0.9077394788718949,0.8400334559262019,0.9077394788718949,0.8400334559262022,0.7381173643749589,0.9616972376415808,0.7381173643749589,0.9616972376415807,0.8864130212166792,0.8172216929620434,0.8864130212166791,0.8172216929620434,0.7105655333669508,0.8350423056562016,0.7105655333669508,0.8350423056562016,0.9077394788718949,0.8400334559262022,0.9077394788718949,0.8400334559262022,0.7381173643749632,0.9616972376415808,0.7381173643749632,0.9616972376415807,0.8289223350428527,0.7184269504596864,0.8289223350428524,0.7184269504596864,0.808303612979122,0.8025054789480625,0.8083036129791079,0.8025054789480625,0.8616380970562203,0.7715850482688916,0.8616380970562195,0.7715850482688916,0.8230568916480655,0.98702093156451,0.8230568916480672,0.98702093156451,0.7951796461927534,0.8006721598726535,0.7951796461928702,0.8006721598726533,0.8764338898639702,0.8494444568304889,0.8764338898639702,0.849444456830489,0.9557258086591945,0.8751171605332454,0.9557258086591945,0.8751171605332454,0.9317856933674811,0.7658671617237002,0.9317856933674814,0.7658671617237002,0.7586061089842381,0.7441380304761378,0.7586061089842376,0.7441380304761374,0.8457161171530034,0.9468523146069543,0.8457161171525484,0.9468523146069543,1.0300181796129408,0.8485607235396502,1.0300181796129226,0.8485607235396426,0.9753555512116738,0.8767753944212531,0.9753555512116738,0.8767753944212514
0.4226194692686312,0.45573927629327887,0.4226194692686313,0.45573927629327887,0.3489192392026969,0.44980082518707654,0.3489192392026969,0.44980082518707654,0.392819374203175,0.45966583437645364,0.392819374203175,0.45966583437645364,0.3258330739121847,0.420496161851564,0.3258330739121847,0.420496161851564,0.4226194692686312,0.45573927629327887,0.4226194692686313,0.45573927629327887,0.3489192392026969,0.44980082518707654,0.34891923920269674,0.44980082518707654,0.35545099829266674,0.41051930460163844,0.35545099829266674,0.41051930460163844,0.2827269414343258,0.33986682888706915,0.2827269414343258,0.33986682888706915,0.3122450003501231,0.41417605221462356,0.3122450003501231,0.41417605221462356,0.308630437220061,0.347674279962617,0.30863043722005984,0.34767427996261707,0.35693064873205815,0.39381708998846676,0.35693064873205815,0.39381708998846676,0.27327124112998097,0.3065462069165785,0.27327124112998097,0.30654620691657863,0.2853419143129842,0.3658976725002222,0.2853419143129842,0.36589767250021726,0.3134914449410959,0.37057853215032593,0.31349144494109027,0.3705785321504375,0.31348648259596185,0.4036039307942364,0.31348648259596185,0.4036039307942364,0.2147730092831273,0.3456566991286717,0.2147730092831273,0.3456566991291049,0.33489640440553037,0.36001330661248204,0.3348964044055308,0.36001330661248204,0.24287608317439827,0.36847593008922674,0.24287608317450998,0.36847593008922674
0.07507566636229501,0.0583065533226944,0.07507566636229501,0.0583065533226944,0.08532848316254892,0.11192204224740869,0.08532848316254889,0.11192204224740869,0.07159904954225534,0.05968951887713889,0.0715990495422552,0.05968951887713889,0.07180533688721782,0.08328377234024334,0.07180533688721782,0.08328377234024274,0.07507566636229501,0.0583065533226944,0.07507566636229501,0.0583065533226944,0.08532848316254889,0.11192204224740918,0.08532848316254889,0.11192204224740918,0.08130068638646826,0.09906880511605018,0.08130068638654477,0.09906880511605018,0.09821948382141506,0.09621513685164304,0.09821948382141506,0.09621513685164336,0.09055265670151248,0.08070905631400006,0.09055265670151273,0.08070905631400006,0.13546603796232098,0.10891775215227519,0.13546603796232098,0.10891775215227548,0.09316511301800144,0.09314473437743616,0.09316511301800144,0.09314473437743616,0.1344875498371357,0.10978474518285429,0.1344875498371357,0.10978474518285429,0.0977655223733083,0.11538141739680093,0.0977655223733086,0.1153814173968035,0.07515468931396177,0.12075078591563627,0.07515468931396177,0.12075078591555799,0.11554976911138107,0.11138386550635147,0.11554976911138129,0.11138386550635147,0.10555616775589569,0.1607343042633528,0.10555616775589569,0.1607343042633528,0.11494905905848592,0.09894096599797887,0.11494905905848563,0.09894096599798077,0.14890695635945392,0.20233523847148227,0.14890695635945392,0.20233523847148227
0.4406652189495898,0.4918501938377478,0.4406652189495898,0.4918501938377478,0.4450959520682849,0.4236787627560495,0.4450959520682849,0.4236787627560495,0.4726687338145465,0.4269827213266981,0.4726687338145465,0.4269827213266982,0.4318336397457462,0.37109566980710434,0.4318336397457462,0.37109566980710434,0.44066521894958993,0.4918501938377478,0.4406652189495898,0.4918501938377478,0.4450959520682849,0.4236787627560494,0.4450959520682849,0.4236787627560495,0.4436258827289413,0.4751763779816021,0.4436258827289413,0.4751763779816021,0.43487778193087834,0.43682974070119773,0.43487778193087834,0.4368297407011979,0.4788904218226273,0.43875535229351453,0.4788904218226273,0.4387553522935144,0.3983710128883956,0.4606974360280101,0.3983710128883956,0.4606974360280101,0.49313340576944464,0.4572403222412502,0.49313340576944464,0.45724032224125016,0.4908937538125565,0.432972325083134,0.4908937538125565,0.432972325083134,0.39353809563076564,0.42423299601032477,0.39353809563076564,0.42423299601032743,0.352079822297545,0.37687487666394964,0.352079822297545,0.37687487666394964,0.3732462494019826,0.4442389107372824,0.37324624940198187,0.44423891073728256,0.3475764548438162,0.3917964413742806,0.3475764548438162,0.39179644137166963,0.34260314279526705,0.3809582454661337,0.342603142795266,0.3809582454661337,0.3877825979518273,0.36265268425903985,0.3877825979518273,0.36265268425903985
0.508982815297458,0.45161660835242223,0.508982815297458,0.45161660835242223,0.5306208680094749,0.5211510947990298,0.5306208680094749,0.5211510947990294,0.5199428099316747,0.4534315488560244,0.5199428099316747,0.4534315488560244,0.5306525034056002,0.5558265496453749,0.5306525034056002,0.5558265496453749,0.508982815297458,0.45161660835242223,0.508982815297458,0.45161660835242223,0.5306208680094749,0.5211510947990298,0.5306208680094749,0.5211510947990298,0.49367801834171077,0.45671265959448154,0.49367801834171077,0.4567126595944816,0.46398968125842815,0.4994814969385929,0.46398968125842815,0.4994814969385929,0.49346801366295046,0.4173237506907811,0.493468013662963,0.4173237506907811,0.5268723457959208,0.5027951360321652,0.5268723457959208,0.5027951360321652,0.47339598959522655,0.4562217256617701,0.4733959895952264,0.45622172566177016,0.40032145876597647,0.4065393870266464,0.40032145876597647,0.4065393870272717,0.4266097772569756,0.4258424424068445,0.42660977725697535,0.4258424424068488,0.5368204629193409,0.5299041435522861,0.5368204629193553,0.5299041435522861,0.4851603204878039,0.4465640592383365,0.4851603204878034,0.44656405923833603,0.569796686147979,0.5153481420531864,0.569796686147979,0.5153481420531868,0.5223766723776697,0.45675711913065636,0.5223766723776699,0.45675711913065636,0.48435096292025925,0.6404069759386626,0.48435096292025925,0.6404069759386827
0.4602385986381567,0.378753914195074,0.4602385986381704,0.378753914195074,0.435839773209272,0.43602134176534907,0.435839773209272,0.43602134176534907,0.45899316089373493,0.3776042377845553,0.45899316089373493,0.3776042377845553,0.4947722977903453,0.3699266828512497,0.4947722977903453,0.3699266828512497,0.4602385986381567,0.3787539141950739,0.4602385986381567,0.3787539141950739,0.435839773209272,0.43602134176534907,0.435839773209272,0.43602134176534907,0.42861877219260563,0.41067169131583087,0.42861877219260525,0.41067169131583087,0.38663607713857034,0.4611359788630344,0.3866360771385645,0.4611359788630344,0.3601730656827792,0.39101564841156694,0.3601730656827793,0.3910156484115737,0.39144281860855534,0.399535184643007,0.39144281860855534,0.399535184643007,0.43756622204965273,0.37527715195508815,0.43756622204970297,0.37527715195508815,0.3282074750094733,0.38857887770370075,0.3282074750094733,0.38857887770370075,0.4060374058105965,0.38748110665028485,0.4060374058105171,0.38748110665028485,0.26703319538528747,0.5237999997967994,0.26703319538528747,0.5237999997967994,0.3923410325372192,0.41435004039692325,0.3923410325372192,0.41435004039692325,0.3643680287844289,0.37616474195568367,0.3643680287844289,0.37616474195568367,0.41094500051711824,0.4771109201123295,0.41094500051711824,0.4771109201123295,0.43230751164720355,0.3760546914799638,0.43230751164720355,0.3760546914799638
1.0883681721458158,1.1267083708537171,1.0883681721458163,1.1267083708537171,0.980740361647024,1.0086555024743276,0.980740361647024,1.0086555024743276,1.110510075319368,1.1182968559528041,1.110510075319368,1.1182968559528041,1.0499510866677861,1.008157752909854,1.049951086667788,1.0081577529098544,1.0883681721458158,1.1267083708537171,1.0883681721458163,1.1267083708537171,0.980740361647024,1.0086555024743276,0.980740361647024,1.0086555024743276,1.0056077376434467,0.9798848049454608,1.0056077376434465,0.9798848049454608,0.8398975974381003,0.9004743864460696,0.8398975974381003,0.9004743864460696,1.0127002471087376,1.0456730464982251,1.0127002471087376,1.0456730464982251,0.9812302526703135,0.740706662701988,0.9812302526703135,0.7407066627025763,1.0177008412693673,0.9330895685883241,1.0177008412693678,0.9330895685883241,0.915460277501781,0.9914819499360229,0.915460277501781,0.9914819499360229,1.0306296350471307,0.96925871307135,1.0306296350471307,0.96925871307135,0.9882625970179533,0.9722540222025525,0.9882625970179533,0.9722540222025458,1.113219074123005,0.9851672711580175,1.113219074123005,0.9851672711580175,1.028002120374166,1.0105899144717465,1.0280021203820788,1.0105899144722907,0.9498574831015265,1.0304599061731194,0.9498574831015265,1.0304599061731194,0.9458588896740566,0.9770670070401433,0.9458588896740566,0.9770670070401433
0.29177584870838996,0.30419047576958164,0.29177584870839,0.30419047576958164,0.3837740466573915,0.2926093512053037,0.3837740466573915,0.2926093512053037,0.31411681901197486,0.3180811954222423,0.31411681901197486,0.3180811954222423,0.41729838724842494,0.29480945763693034,0.41729838724842494,0.2948094576369304,0.29177584870839,0.3041904757695817,0.29177584870839,0.30419047576958164,0.38377404665739157,0.2926093512053037,0.3837740466573915,0.2926093512053037,0.3245146535935803,0.2662036490138386,0.3245146535935803,0.2662036490138386,0.28866261868422427,0.28481172413095246,0.28866261868422427,0.28481172413095246,0.3616908942710176,0.24384223805670913,0.3616908942710176,0.24384223805670907,0.33950162098003883,0.3428847626601405,0.33950162098003883,0.3428847626601405,0.33349968733028124,0.2873980475319753,0.33349968733028124,0.2873980475319753,0.30979980082261493,0.25426060137019313,0.30979980082261493,0.25426060137019313,0.29239414159245586,0.2903939636336738,0.29239414159245586,0.2903939636336701,0.42328129136133663,0.31158868998155914,0.4232812913616148,0.31158868998159933,0.3409397963836077,0.25779977306250423,0.34093979638360816,0.2577997730625041,0.3091238420485914,0.25439172301200597,0.3091238420485903,0.25439172301200597,0.3546786735213763,0.32408950298670397,0.3546786735213763,0.32408950298670397,0.22570487259211183,0.25242636551689746,0.2257048725892635,0.25242636551689746
0.3810848749571201,0.359586268760356,0.3810848749571201,0.3595862687603556,0.4041668388924185,0.3652818340702894,0.4041668388924185,0.3652818340702894,0.3873281241758956,0.3693330515881964,0.3873281241758956,0.3693330515881964,0.38894190170466064,0.3408647008568048,0.38894190170466064,0.3408647008568048,0.3810848749571201,0.3595862687603556,0.3810848749571201,0.3595862687603556,0.4041668388924185,0.36528183407028914,0.4041668388924185,0.36528183407028914,0.41044053033481415,0.31269246751897367,0.41044053033481326,0.31269246751897395,0.32956125676253994,0.45529911936754647,0.32956125676253994,0.4552991193675471,0.36864782219020303,0.345270027494737,0.36864782219020303,0.345270027494737,0.35618936347125507,0.39568578278112865,0.35618936347125507,0.39568578278112865,0.3594864237005272,0.33545921055499,0.3594864237005272,0.33545921055499,0.3207234258812636,0.3935744617685287,0.3207234258812636,0.3935744617685287,0.372266026651134,0.31546247628002194,0.372266026651134,0.31546247628002194,0.3580431916367152,0.42881121287183055,0.3580431916367152,0.42881121287182616,0.3638395737881594,0.3169085952645111,0.3638395737881594,0.3169085952645111,0.3942780096300336,0.37407661039795753,0.3942780096300336,0.37407661039795753,0.33784879871377027,0.3294839109465414,0.33784879871377027,0.3294839109465428,0.3414076059418331,0.3966283673892316,0.3414076059418331,0.3966283673892316
0.6192010662701752,0.6760238945451835,0.6192010662701752,0.6760238945451835,0.5603767257357514,0.5909822439341131,0.5603767257357515,0.5909822439341134,0.6441364707204074,0.6777536183166853,0.6441364707204073,0.6777536183166851,0.597509362150813,0.5908365581895302,0.5975093621508126,0.5908365581895302,0.6192010662701751,0.6760238945451836,0.6192010662701752,0.6760238945451836,0.5603767257357514,0.5909822439341131,0.5603767257357515,0.5909822439341131,0.5853717271577202,0.6565926315296224,0.5853717271577202,0.6565926315296228,0.5711156795959071,0.5583435529306231,0.5711156795959071,0.5583435529306231,0.6209016629416676,0.6027959716177739,0.6209016629416676,0.6027959716177737,0.598839369750001,0.6444834284030673,0.5988393697500018,0.6444834284030676,0.5983319158626673,0.6362677368049907,0.5983319158626673,0.6362677368049907,0.5813344139781187,0.5687966157831053,0.5813344139781187,0.5687966157831054,0.5640052484238101,0.632164673704584,0.5640052484238101,0.6321646737045793,0.5657307058776828,0.5044671233081242,0.5657307058776828,0.5044671233081182,0.5880277568143052,0.5781932343143277,0.5880277568143052,0.5781932343143277,0.508323760901359,0.5841287898327369,0.5083237609013597,0.5841287898327369,0.569382887692203,0.5776208454981219,0.5693828876922028,0.5776208454981219,0.6017922828239862,0.5904548163871668,0.6017922828239862,0.5904548163871542
0.7457310202374112,0.734240288864137,0.7457310202374112,0.734240288864137,0.7862170723494564,0.8108669520470102,0.7862170723494624,0.8108669520470106,0.6979622275060382,0.7277478187682662,0.6979622275060382,0.7277478187682659,0.7681227603593452,0.7604714149073769,0.7681227603593452,0.7604714149073764,0.7457310202374112,0.7342402888641366,0.7457310202374112,0.7342402888641366,0.7862170723494564,0.8108669520470106,0.7862170723494564,0.8108669520470106,0.7198363871028829,0.6901421605059119,0.7198363871028829,0.6901421605059119,0.6716253407867588,0.837723454927617,0.6716253407867588,0.837723454927617,0.7596105550878925,0.7414848169914736,0.7596105550878937,0.7414848169914736,0.7443866455873189,0.8429701212896661,0.7443866455873189,0.8429701212896654,0.7134677492400626,0.6765923548538392,0.7134677492400626,0.6765923548538387,0.6693034661022381,0.9252499993803279,0.6693034661022381,0.9252499993803276,0.8171740594204505,0.7952083161511179,0.8171740594204505,0.79520831615112,0.9850252201177341,1.0601082703060647,0.9850252201177341,1.0601082703060647,0.6977277536406296,0.6843700029676708,0.6977277536406296,0.6843700029676708,0.7838174259727749,0.8209077542154889,0.7838174259727736,0.8209077542154889,0.8141509337916286,0.7610240691586845,0.8141509337916286,0.7610240691586825,0.9023031676455597,0.973895725014914,0.9023031676455597,0.9738957250149204
0.7829940660025126,0.7809066445356576,0.7829940660025124,0.7809066445356576,0.8727188033982308,0.8716616911216443,0.8727188033982308,0.8716616911216444,0.8473536434856991,0.8076860105044896,0.8473536434856993,0.8076860105044896,0.9062899009657666,0.8224213830280572,0.9062899009657666,0.8224213830280571,0.7829940660025124,0.7809066445356575,0.7829940660025126,0.7809066445356576,0.8727188033993536,0.8716616911216444,0.8727188033982308,0.8716616911216443,0.8802822982160672,0.8841265906700407,0.8802822982160667,0.8841265906700407,0.9307539616253607,0.8162361839387677,0.9307539616253607,0.8162361839387674,0.8337536026179849,0.8978584420286345,0.8337536026179849,0.8978584420286347,0.871736119902085,0.7723709684648966,0.871736119902085,0.7723709684648966,0.9146088955882195,0.8886877872160954,0.9146088955882195,0.8886877872160954,0.8985951596418641,0.9230175726951014,0.8985951596418414,0.9230175726951014,0.921083495388295,0.9689436496839464,0.921083495388295,0.9689436496839464,1.0208199793506585,0.8867472405721514,1.0208199793506585,0.8867472405721514,0.9609975720556196,0.9044371497290012,0.9609975720556198,0.9044371497290012,0.9261639503753339,0.7944299105534528,0.9261639503753342,0.7944299105534528,0.9526212604973705,0.8623390849957259,0.9526212604973705,0.8623390849957264,1.0022846485720143,0.872220368372604,1.0022846485722496,0.8722203683726034
0.7644675609966175,0.7552100858527916,0.7644675609966175,0.7552100858527916,0.6967987891286603,0.5453760161970085,0.6967987891286603,0.5453760161970084,0.7333554906696697,0.782199737636474,0.7333554906696697,0.782199737636474,0.6301403668010975,0.5509464403901551,0.6301403668010975,0.5509464403901551,0.7644675609966175,0.7552100858527916,0.7644675609966175,0.7552100858527916,0.6967987891286603,0.5453760161970085,0.6967987891286603,0.5453760161970085,0.5212998531156444,0.5385937445074245,0.5212998531156444,0.5385937445074245,0.4453115588864553,0.5580788560270585,0.4453115588864553,0.5580788560270585,0.5802563205227641,0.5623957556599426,0.5802563205227641,0.5623957556599426,0.45611873390288493,0.48512534487807074,0.45611873390288493,0.48512534487807074,0.6034841080828913,0.6155647486395868,0.6034841080828942,0.6155647486395868,0.5700659935790225,0.5246398693373858,0.5700659935790225,0.5246398693373858,0.5019121019268787,0.44502300973252934,0.5019121019268787,0.44502300973252934,0.6448027518092513,0.5901965061853972,0.6448027518092513,0.5901965061853972,0.5957794996161573,0.5495266774527368,0.5957794996161573,0.5495266774527368,0.49145051259333267,0.4564976128308293,0.49145051259333267,0.45649761283083273,0.5244337637793827,0.5066312422068164,0.5244337637793818,0.5066312422068148,0.7401231884962565,0.44529456076549745,0.7401231884962565,0.44529456076549745
0.4951644998174041,0.4346933955603616,0.49516449981740446,0.4346933955603616,0.4808563359296306,0.37871389151521273,0.4808563359296306,0.37871389151521273,0.5969157739906593,0.4158994907790079,0.5969157739906593,0.4158994907790079,0.4965816383000933,0.3917864546168964,0.4965816383000933,0.3917864546168964,0.49516449981740446,0.4346933955603616,0.49516449981740446,0.4346933955603616,0.4808563359296306,0.37871389151521273,0.4808563359296306,0.37871389151521273,0.4091985535667781,0.33353058487302056,0.4091985535667781,0.33353058487302056,0.2683915872771487,0.39948545926400186,0.2683915872771487,0.39948545926400186,0.37786522169264036,0.3231736197740063,0.37786522169264036,0.32317361977400666,0.3666928119287541,0.2615080270548328,0.3666928119287541,0.2615080270548328,0.3173692187757987,0.385016158311981,0.3173692187757987,0.385016158311981,0.44810225765394035,0.25155125713848825,0.44810225765394035,0.25155125713848825,0.32701432508120654,0.3255857680566456,0.32701432508120654,0.3255857680566456,0.1475934058001534,0.22003408370874825,0.1475934058001534,0.22003408370874825,0.34785064774594976,0.25719159560039445,0.34785064774594976,0.25719159560039445,0.26462137197653274,0.1485597494543722,0.26462137197653274,0.1485597494543722,0.30076536038655705,0.2812670371937439,0.30076536038655705,0.2812670371937439,0.20169194686472583,0.20858638807198104,0.20169194686472583,0.20858638807198104
0.9200438303264827,0.9272461380581934,0.9200438303264827,0.9272461380581934,1.0362446813265314,0.9001930053964077,1.0362446813265302,0.9001930053964083,0.862968877839691,0.9578911776011965,0.862968877839691,0.9578911776011965,1.0167590418737238,0.991816010785885,1.0167590418737238,0.991816010785885,0.9200438303264701,0.9272461380581938,0.9200438303264827,0.9272461380581934,1.0362446813265302,0.9001930053964077,1.0362446813265314,0.9001930053964077,1.2313817655622143,1.281352990193548,1.2313817655622143,1.281352990193548,1.0325668243884143,0.8331811593594182,1.0325668243884143,0.8331811593594182,1.139007571306181,1.2437575839391064,1.139007571306181,1.2437575839391066,0.70844846318558,1.251236847366319,0.70844846318558,1.2512368473663213,1.2282022817098126,1.275130828624751,1.2282022817098126,1.275130828624751,1.2614119548790035,1.413400769742829,1.2614119548790035,1.413400769742829,1.111157656177273,1.2936563808526835,1.111157656177273,1.293656380852683,0.6413611509952719,0.8921596273054672,0.6413611509952719,0.8921596273054672,1.0809695745638122,1.2709019492738654,1.0809695745638122,1.2709019492738654,1.1520513096742695,1.0917640299148916,1.1520513096742695,1.0917640299148916,1.2047273059690593,0.9459280451417,1.2047273059690593,0.9459280451416994,0.7336350420964618,1.0981648184524362,0.7336350420964618,1.0981648184524362
1.035359399170475,1.0035590255069742,1.0353593991704755,1.0035590255069742,1.084624284406201,1.14881694304029,1.0846242844062002,1.1488169430402881,0.9509891600794376,1.0049775253142919,0.9509891600794376,1.0049775253142927,0.9745176416503643,1.079642652082424,0.9745176416503645,1.0796426520824256,1.0353593991704755,1.0035590255069748,1.0353593991704755,1.0035590255069742,1.084624284406201,1.14881694304029,1.084624284406201,1.14881694304029,0.8493111943915392,1.0191370349271236,0.8493111943915392,1.0191370349271236,0.9652658383859679,0.9386539424026621,0.9652658383859679,0.9386539424026621,0.8351809724149758,0.8698686304287309,0.835180972414977,0.8698686304287324,1.0103448431260653,1.1177784521289065,1.01034484312941,1.1177784521295884,0.8579854863959533,0.9938012194438193,0.8579854863959533,0.9938012194438193,0.92305244844668,0.9261550624908054,0.9230524484457682,0.9261550624907976,1.0213630981605575,0.891682524064495,1.0213630981605575,0.8916825240644979,0.7414938146985703,0.7775532291412174,0.7414938146985703,0.7775532291412174,0.9910361623057741,0.8825805019000501,0.9910361623057715,0.8825805018995547,0.743637370795878,0.7562896803150007,0.7436373707957468,0.7562896803150007,0.9410303336057806,0.9039005207288809,0.9410303336057806,0.9039005207288809,0.9263794139729834,0.6393954708905997,0.9263794139729834,0.6393954708906034
2.6954038494925494,2.799483131750633,2.6954038494925494,2.799483131750633,2.417574512975923,2.6358396672052202,2.417574512975923,2.6358396672052202,2.635705685668534,2.7203049659147203,2.635705685668534,2.7203049659147203,2.3688163460344787,2.61830060952673,2.3688163460344787,2.61830060952673,2.6954038494925494,2.799483131750633,2.6954038494925494,2.799483131750633,2.417574512975923,2.6358396672052202,2.417574512975923,2.6358396672052202,2.5081387496266636,2.330769021300267,2.5081387496266636,2.330769021300266,2.5841330418809774,2.5981650102690734,2.5841330418809774,2.5981650102690734,2.360946877946693,2.3417996828628573,2.360946877946695,2.3417996828628573,2.819141850841573,2.1162858210041327,2.8191418508417265,2.1162858210041327,2.4462172459835214,2.4148912569935232,2.4462172459835214,2.4148912569935232,2.728733093000523,2.528002382979904,2.728733093000523,2.528002382979904,2.2741885450751944,2.2359588365963647,2.2741885450751944,2.2359588365963647,2.5193045072012863,2.6479555063502724,2.5193045072012863,2.6479555063502724,2.7744225694244444,2.270088397282733,2.774422569424445,2.270088397282733,2.7468333539484684,2.77380680983217,2.7468333539484684,2.77380680983217,2.4354155150060635,2.490699283269148,2.4354155150060635,2.490699283269148,2.839963468160127,2.7385857269329352,2.839963468160127,2.7385857269329343
0.32985073391592973,0.33481320157604066,0.32985073391592973,0.33481320157604066,0.3122872843559035,0.2933113731511308,0.3122872843559039,0.2933113731511308,0.39078481653117825,0.3349273333203463,0.39078481653117825,0.33492733332034713,0.26557034114418665,0.27108228664166045,0.26557034114418665,0.27108228664166045,0.3298507339158064,0.33481320157604016,0.32985073391592973,0.33481320157604066,0.3122872843559039,0.2933113731511371,0.3122872843559039,0.2933113731511371,0.12207056235623737,0.14441968839037334,0.12207056235623814,0.14441968839037334,0.17276543575785336,0.18020921619921126,0.17276543575788725,0.18020921619921126,0.14343320507209587,0.13259809781747126,0.14343320507208568,0.13259809781747053,0.09375672533871085,0.14045389482146492,0.09375672533821537,0.14045389482146492,0.15095123860340684,0.19889036442597252,0.15095123860340848,0.19889036442597252,0.12545279080053998,0.16818907815897055,0.12545279080053998,0.16818907815897055,0.18143994116079049,0.05438194928024178,0.18143994116078857,0.05438194928024158,0.09686528876547736,0.16021614948015983,0.0968652887655631,0.16021614948015936,0.15455531050852922,0.10266187860942286,0.1545553105085285,0.10266187860942286,0.057219995447786734,0.11009246125378928,0.05721999544778611,0.10632300499223182,0.09698110611998574,0.1487154429086147,0.09698110611998574,0.1487154429086147,0.06109672318444996,0.10850712560330955,0.06109672318444996,0.10850712560330955
1.0760255082672443,1.1015022061688315,1.0760255082672443,1.1015022061688324,1.2196832405607387,0.9733514111868775,1.2196832405607387,0.9733514111868763,1.0690390180474036,1.12660815695229,1.0690390180474036,1.12660815695229,1.0545223060166267,0.9727821825763087,1.0545223060166269,0.9727821825763087,1.0760255082672445,1.1015022061688324,1.0760255082672445,1.1015022061688324,1.2196832405607387,0.9733514111868775,1.2196832405607387,0.9733514111868775,1.0353826921794131,1.1309247465298065,1.0353826921794131,1.1309247465298065,1.071996233797099,1.3336533450513879,1.0719962337970994,1.3336533450513826,1.0093632983993657,1.2171369349108256,1.0093632983993657,1.2171369349108256,1.3183673009388013,1.107733913534893,1.3183673009388013,1.1077339135348905,1.1222984626029886,1.1018581298940422,1.1222984626029886,1.1018581298940422,1.1310691719057242,1.0549071378664419,1.1310691719057242,1.0549071378664419,0.9343402833317074,1.0583288882714752,0.9343402833317074,1.0583288882714752,1.2279325892740378,1.2394327071321527,1.2279325892740378,1.2394327071321527,0.962179110847579,1.2234559016307447,0.9621791108476041,1.2234559016307447,1.2858639599933746,0.9853290355326154,1.2858639599933746,0.9853290355326154,1.3639251834000428,1.2064307333748714,1.3639251834000414,1.2064307333748714,1.0315671844848764,1.7469987185022262,1.0315671844848806,1.7469987185022262
2.0816369310143368,1.8160285772346034,2.0816369310143368,1.8160285772346034,1.8481788295558346,1.4590905466329749,1.8481788295558346,1.4590905466329738,2.0261552571675456,1.6227274194692234,2.0261552571675456,1.6227274194692234,1.4834684844207089,1.4701873071782339,1.4834684844207089,1.4701873071782352,2.0816369310143368,1.8160285772346034,2.0816369310143363,1.8160285772346034,1.8481788295558346,1.4590905466329738,1.8481788295558346,1.4590905466329738,1.8370684729277438,1.6217539358757926,1.8370684729277438,1.6217539358757926,2.177021907455144,1.475818991006591,2.177021907454955,1.4758189910065895,2.2677463746351907,1.6214605877250328,2.2677463746351916,1.6214605877250328,2.350599999085748,1.2654599259139443,2.350599999085748,1.2654599259139443,1.9841269374343158,1.5883081549636886,1.9841269374343158,1.588308154963688,2.455880358720462,2.1640053191778645,2.455880358720462,2.164005319177863,1.8954721293075778,1.8441294743420436,1.8954721293075778,1.8441294743420436,2.0558744533465894,2.0276563268355123,2.05587445334659,2.0276563268355137,2.0306687201692877,1.7387141003667699,2.03066872016925,2.079713993186163,1.7829269142168636,1.925601885519747,1.7829269142168636,1.925601885519747,2.047598230238164,1.817211328485959,2.047598230238164,1.817211328485959,1.8281254480586782,1.9371930265789485,1.8281254480586782,1.9371930265784896
0.7547492051424775,0.7592767779429482,0.7547492051424775,0.7592767779429482,0.815045412251922,0.8846168014455714,0.8150454122519218,0.8846168014455728,0.7913979444591718,0.7555056813018385,0.7913979444591717,0.7555056813018387,0.82196935470762,0.8221607779153435,0.82196935470762,0.8221607779153439,0.7547492051424775,0.7592767779429482,0.7547492051424775,0.7592767779429482,0.815045412251922,0.8846168014455728,0.8150454122519218,0.8846168014455714,0.9207650640608017,0.7606395504245502,0.9207650640608017,0.7606395504245502,0.728329557320492,0.8244255236044419,0.728329557320492,0.8244255236043915,0.7716588763174063,0.8843985300294018,0.7716588763174063,0.8843985300294018,0.8446794485804383,0.8884922114570731,0.8446794485804383,0.8884922114570717,0.8278693002084504,0.7400830174182135,0.8278693002084513,0.7400830174182144,0.8342703160700248,0.7465606021509202,0.8342703160700248,0.7465606021509202,0.981608241204336,0.9103741208803733,0.981608241204336,0.910374120880371,0.8675054461736523,0.827975097844735,0.8675054461736526,0.827975097844731,0.7386599479653478,0.8039335713406149,0.7386599479653478,0.86562399082278,0.8369672591887168,0.8055348296846777,0.8369672591887168,0.8055349322273675,0.8153511992656789,0.8444340667323411,0.8153511992658885,0.8444340667323411,0.8754839716550388,1.0348142959811801,0.8754839716550388,1.0348142959811801
3.30057133374326,4.568140686055284,3.300571333743259,4.568140686055284,4.812219158194159,4.846503031614894,4.812219158194159,4.846503031614894,3.852626869708253,3.6241203443003855,3.852626869708253,3.6241203443003855,4.357861058876206,5.32085465453579,4.357861058876206,5.320854654535791,3.30057133374326,4.568140686055284,3.30057133374326,4.568140686055284,4.812219158194159,4.846503031614891,4.812219158194159,4.846503031614894,3.885689834180431,4.083415120674312,3.885689834180431,4.083415120674312,3.9028192612471737,6.124754143932645,3.9028192612471737,6.124754143932645,3.9901359766530233,3.8452372886331148,3.9901359766530233,3.8452372886331148,4.842959993670166,5.635689200315631,4.842959993670166,5.635689200315631,4.216786402042995,4.675521956089485,4.216786402042996,4.67552195608948,4.998861074666178,3.7042361522342993,4.998861074666178,3.7042361522342993,3.7619164116765273,3.7248150394983774,3.7619164116765273,3.724815039498392,5.348951513715012,4.569244766753334,5.348951513715012,4.569244766753334,3.432912864475776,4.049691706017937,3.432912864475776,4.049691706017937,4.243405689977605,5.470555877012906,4.243405689977605,5.470555877012906,6.025118473681135,5.110893537667572,6.025118473681135,5.110893537667572,5.207137768526867,4.452174182837186,5.207137768526867,4.452174182837186
0.8174456288627483,0.7599377768949537,0.8174456288627483,0.7599377768949552,0.896357026679972,1.42015493603182,0.8963570266799722,1.42015493603182,0.487494278042413,0.6522985763590597,0.487494278042413,0.6522985763590606,1.0542166122739174,1.47039238337517,1.0542166122739174,1.4703923833751735,0.8174456288627483,0.7599377768949537,0.8174456288627486,0.7599377768949537,0.8963570266799722,1.4201549360318158,0.8963570266799722,1.42015493603182,0.627265273174373,0.6984049835313866,0.627265273174373,0.6984049835313866,1.6486868345198022,0.37130684810417924,1.6486868345198022,0.37130684810417924,1.142403491193402,0.4128233592924413,1.142403491193402,0.4128233592924396,1.0599168120977291,0.5201229496590695,1.0599168120977291,0.5201229496590626,0.4962532093252543,0.503814903504887,0.49625320932525546,0.503814903504887,0.6964347418636275,0.27928865183589985,0.6964347418636275,0.27928865183590296,0.7587841736518023,0.7294956383635435,0.7587841736518012,0.7294956383635407,0.5218442868063177,1.0672260749261218,0.5218442868063177,1.0672260749261218,0.7803335116550117,0.6286195257657123,0.7803335116550117,0.628619525765716,0.7108975033051688,0.9069947668899384,0.7108975033051688,0.9069947668899384,0.6832788798201999,0.4705713075594217,0.6832788798201999,0.4705713075594217,0.4786287865745155,0.3265510910432447,0.4786287865745155,0.3265510910432497
1.5082517668651894,1.4656161735196263,1.5082517668651894,1.465616173519626,1.0208435803651241,1.0683327334372146,1.020843580365145,1.0683327334372146,1.4388525279520683,1.3093603837647942,1.4388525279520683,1.3093603837647942,1.2656081785903746,1.371917783701064,1.2656081785903734,1.3719177837014849,1.5082517668651894,1.4656161735196263,1.5082517668651894,1.4656161735196263,1.0208435803651241,1.0683327334372137,1.020843580365145,1.0683327334372146,0.5491607636948682,0.7750862078383763,0.5491607636948682,0.7750862078383763,0.8303670132026234,1.0515228974333997,0.8303670132026234,1.0515228974333997,1.2887177272642911,1.1632155781340399,1.2887177272642911,1.1632155781340399,1.5240575707020552,0.4906665191712847,1.5240575707020552,0.4906665191712833,0.8708190347944303,0.792719800367755,0.8708190347944303,0.792719800367755,0.19528105715720548,0.8345531832846911,0.1952810571572059,0.8345531832846911,1.048768650135618,0.7096800435001652,1.048768650135619,0.7096800435001652,0.539150856251467,0.802967411123297,0.5391508562514724,0.802967411123297,1.1549403296127605,0.4256415036618844,1.1549403296127594,0.4256415036618844,1.078184696217212,1.1122677129521568,1.078184696217212,1.1122677129531928,0.7544560703201455,0.6213419203350149,0.7544560703201455,0.621341920335014,0.6663598011774159,0.45765538649298465,0.6663598011774207,0.45765538649298465
1.139678194621327,1.265349499298155,1.139678194621327,1.265349499298155,1.0070632790392562,1.306755623184977,1.007063279036495,1.306755623184978,1.2938705893417415,1.1926981397861385,1.2938705893417415,1.1926981397861383,1.0905766233505212,1.402583386136626,1.0905766233505212,1.4025833861366255,1.139678194621327,1.265349499298155,1.1396781946213266,1.265349499298155,1.0070632790392562,1.306755623184978,1.0070632790392562,1.306755623184978,1.1695621750990783,0.9326669956491621,1.1695621750990763,0.9326669956491621,1.0856517769875194,1.0905507467904205,1.0856517769875251,1.0905507467904205,1.203810512975306,0.9455088172781466,1.203810512975304,0.9455088172781462,1.3949269608279742,0.7924017657591623,1.3949269608279795,0.7924017657592448,1.4048892523829943,1.0566365840445398,1.404889252382992,1.0566365840445395,1.173990882867007,1.3200453535785905,1.173990882867007,1.3200453535785917,1.1394713313961542,1.0907591621503812,1.139471331396147,1.0907591621503812,1.4790121267852896,1.2290132462073349,1.4790121267852896,1.2290132462073349,1.001943986345778,1.1083310976020948,1.001943986345778,1.1083310976020944,0.9999916954796754,0.9614799428454516,0.9999916954796754,0.9614799428454525,1.3621826299234716,1.1558840590946342,1.362182629923466,1.15588405909464,1.2001237828075701,1.2308731815000422,1.2001237828078024,1.2308731815000318
2.7013936255771003,2.9250289254543627,2.7013936255771003,2.9250289254543627,1.9525085625148473,2.068095497560686,1.952508562514849,2.068095497560686,2.656062126910569,2.586013159477789,2.656062126910569,2.586013159477789,2.5977660737570525,1.7087683940178957,2.5977660737570565,1.7087683940178957,2.7013936255771003,2.9250289254543644,2.7013936255771003,2.9250289254543644,1.9525085625148473,2.068095497560395,1.9525085625148473,2.068095497560686,1.7753330362603412,1.845984833848559,1.7753330362603412,1.845984833848559,1.4559558712251404,1.3000283794096037,1.4559558712251404,1.3000283794096077,1.8833704937359899,1.8093501701663774,1.8833704937359899,1.8093501701663774,1.4104018657063138,1.112526911337085,1.4104018657063138,1.1125269113372773,1.9393341189639983,1.9982481595791652,1.939334118963999,1.998248159579167,1.8776585230395082,1.1264300988036213,1.8776585230395082,1.1264300988036213,1.1934444838913045,1.3421713783131322,1.1934444838913045,1.3421713783131344,0.816938259837454,1.1827962838495332,0.8169382598374328,1.1827962838495332,1.3789520017664332,1.507276025126731,1.3789520017664332,1.507276025126728,0.7223443717410202,1.5643778679890084,0.7223443717410202,1.5643778679890084,1.3515350851710932,1.304385312835117,1.3515350851710932,1.304385312835119,1.5459508027521232,1.173965465413129,1.5459508027521232,1.173965465413129
0.3407829628363384,0.2697665668996759,0.3407829628363384,0.2697665668996759,0.3075881011581644,0.26289270030000794,0.3075881011581644,0.26289270030000794,0.3363735678215262,0.29015686298243865,0.33637356782152616,0.29015686298243865,0.29573487008772287,0.22160776996952364,0.29573487008772287,0.22160776996952364,0.3407829628363384,0.26976656689967593,0.34078296283633847,0.26976656689967593,0.3075881011581644,0.2628927003000087,0.3075881011581644,0.26289270030000794,0.25889943726772613,0.2769109254790306,0.25889943726772613,0.2769109254790306,0.27177601465821233,0.34616557353165456,0.27177601465821233,0.3461655735316545,0.28831559561832826,0.2961219448702774,0.28831559561832826,0.2961219448702774,0.30455184673993446,0.3662956880951773,0.30455184673993446,0.3662956880951773,0.30749189833561597,0.26676167644713933,0.3074918983356159,0.2667616764471392,0.33800042285686566,0.35656502148122315,0.33800042285686854,0.35656502148122315,0.5335417545188469,0.29163646478225713,0.5335417545188469,0.291636464782257,0.44809500647039135,0.29909847951858837,0.44809500647039135,0.29909847951858837,0.2527679412390348,0.28309135975001426,0.2527679412390348,0.2830913997969597,0.24906929460042562,0.27820627179064567,0.24906929460042562,0.27820627179064567,0.3061646943790302,0.32815025882151183,0.3061646943790302,0.32815025882151183,0.36072176422676294,0.39718234783568657,0.36072176422676294,0.39718234783568657
2.3862412525467134,2.5389744817207474,2.3862412525467134,2.5389744817207474,2.452355818678579,2.7550255044877114,2.452355818678579,2.755025504487712,2.2582284103476717,2.346303526908343,2.2582284103476717,2.346303526908343,2.343936917427743,2.6267176846978653,2.343936917427743,2.6267176846978653,2.3862412525467134,2.5389744817207474,2.3862412525467134,2.5389744817207474,2.452355818678579,2.755025504487712,2.452355818678579,2.755025504487712,2.3563239157891753,2.314814181576813,2.3563239157891753,2.3148141815768057,2.2009872482571278,2.1603395995723393,2.2009872482571278,2.1603395995723385,2.2967927323925066,2.592283474771448,2.296792732392506,2.592283474771448,2.389896220354058,2.712121650078081,2.389896220354058,2.7121216500780814,2.4092497282688154,2.5988104936219742,2.4092497282688154,2.5988104936219742,2.109658697555665,2.609465826991547,2.109658697555665,2.6094658269915465,2.3411527655568563,2.369024736224777,2.3411527655568563,2.369024736224777,2.2212389829351746,2.4357042381134115,2.2212389829375723,2.4357042381134115,2.558563894649354,2.2495864596284627,2.5585638946493545,2.2495864596284627,3.135430529297994,3.0393708375657646,3.135430529297994,3.0393708375657646,2.295099300618432,2.410337699525527,2.2950993006184315,2.410337699525527,2.7940176192177852,2.6984197077407326,2.7940176192177852,2.6984197077407326
0.5997936908763909,0.7059565392569335,0.599793690876391,0.7059565392569329,0.6518788947031,0.7238831817917994,0.6518788947031,0.7238831817917989,0.6187030233600225,0.7658109662018786,0.6187030233600225,0.7658109662018786,0.6540697565230527,0.6608349988045348,0.6540697565230527,0.6608349988045348,0.599793690876391,0.7059565392569335,0.599793690876391,0.7059565392569329,0.6518788947031,0.7238831817917994,0.6518788947031,0.7238831817917994,0.7442543129639116,0.6913773030098376,0.7442543129639116,0.6913773030098376,0.5425987713013052,0.7482688961830556,0.5425987713013052,0.7482688961830556,0.6581037694036433,0.7262523535831337,0.658103769403643,0.7262523535839291,0.7426992912953494,0.6233570684103606,0.7426992912953448,0.6233570684103606,0.7779010784122845,0.6517780324729311,0.7779010784122845,0.6517780324729311,0.6494883845242049,0.8077412159663889,0.6494883845242049,0.8077412159663889,0.7857885817697332,0.681909620988483,0.7857885817697335,0.681909620988483,0.6380681854835532,0.6552790530398568,0.6380681854835532,0.6552790530398568,0.6313905206568557,0.628332150827674,0.6313905206568557,0.628332150827674,0.7117966541117324,0.642849090062794,0.7117966541127316,0.642849090062794,0.7033214814224011,0.6775689978374798,0.7033214814224011,0.6775689978374795,0.7924129748217253,0.5934376803929011,0.7924129748217253,0.5934376803929011
0.674048025632916,0.6858997997024926,0.6740480256329161,0.6858997997024926,0.8511543435607977,0.6039335985375479,0.8511543435607977,0.6039335985375484,0.6563803756404489,0.7246356767783205,0.6563803756404489,0.7246356767783205,0.8098852278622746,0.5844615210795379,0.8098852278622743,0.5844615210795351,0.674048025632916,0.6858997997024926,0.6740480256329161,0.6858997997024925,0.8511543435607974,0.6039335985375484,0.8511543435607974,0.6039335985375479,0.5127332916055357,0.5221133737487469,0.5127332916055357,0.5221133737487469,0.6431074703332119,0.5417242485988839,0.6431074703332119,0.5417242485988839,0.5850023863412737,0.5262535910914612,0.5850023863412736,0.5262535910914612,0.5910988340018074,0.48388366067718785,0.5910988340018074,0.48388366067718785,0.5488895046546307,0.5388595131871099,0.5488895046546307,0.5388595131871096,0.6472702388503052,0.5915993803377393,0.6472702388502983,0.5915993803377632,0.5645570428329268,0.498265231985813,0.5645570428329268,0.4982652319858132,0.5295366992183758,0.4769896965186345,0.5295366992183758,0.4769896965186345,0.5294257235399545,0.508790426934279,0.5294257235399539,0.5087904269342804,0.5889792198340439,0.5634189432213577,0.5889792198336431,0.5634189432213577,0.5942714907035612,0.4583698244422126,0.5942714907035679,0.45836982444221214,0.6931139879036169,0.5343637105328117,0.6931139879036159,0.5343637105328117
0.23270100135930313,0.288225988213644,0.23270100135930313,0.288225988213644,0.26620220509861375,0.4139824219867834,0.26620220509861375,0.4139824219867834,0.22494636676878846,0.29026779223224086,0.22494636676878846,0.29026779223224086,0.27231187692976744,0.3149939465732719,0.2723118769297674,0.3149939465732719,0.232701001359303,0.288225988213644,0.23270100135930313,0.2882259882138803,0.26620220509861536,0.4139824219867834,0.26620220509861375,0.4139824219867834,0.313629872535385,0.2714017642136018,0.313629872535385,0.2714017642136018,0.34124101643826243,0.31655925576239874,0.34124101643826243,0.31655925576239874,0.30061439648182914,0.30674879395689025,0.3006143964818292,0.30674879395689025,0.3367217960722302,0.2639924102302423,0.33672179607223013,0.2639924102302423,0.3807223396955621,0.318971604167893,0.38072233969556374,0.318971604167893,0.4227992384155872,0.4309636841771947,0.42279923841558714,0.4309636841771947,0.38400220785182676,0.3874845933923591,0.38400220785182687,0.3874845933923591,0.49887960594553216,0.5412742457032435,0.4988796059455347,0.5412742457032433,0.31699246742443343,0.271534319115967,0.31699246742443715,0.271534319115967,0.39318775249060606,0.3363349138209165,0.39318775249060606,0.3363349138209165,0.33345682360705775,0.42318519118033465,0.33345682360705775,0.42318519118033454,0.46452485488933115,0.425207575046492,0.46452485488933115,0.425207575046492
0.4252590448417806,0.30291013393917215,0.4252590448417806,0.30291013393917215,0.3092941060207933,0.23892171079381141,0.30929410602079305,0.2389217107938115,0.3921052905508519,0.3295490497751949,0.39210529055085197,0.3295490497751949,0.27369580329147075,0.28102025095769884,0.2736958032914686,0.28102025095769895,0.4252590448417806,0.30291013393917215,0.4252590448417806,0.30291013393917215,0.3092941060207933,0.23892171079381141,0.30929410602079305,0.23892171079381141,0.3508123715433795,0.28741134922630895,0.3508123715433795,0.28741134922630895,0.2291877408165269,0.4282081953566946,0.2291877408165269,0.4282081953566946,0.37785273090468113,0.3027120651627515,0.37785273090468113,0.3027120651627515,0.2655203678033293,0.43345025223401756,0.2655203678033273,0.43345025223401784,0.30142968062369674,0.35387374205765415,0.3014296806236976,0.35387374205765515,0.1850748801123416,0.4604749734426799,0.1850748801123416,0.46047497344268024,0.31319459756854723,0.22984575734606508,0.31319459756854723,0.22984575734606538,0.29257116481006934,0.40833829866011234,0.29257116481006934,0.40833829866011234,0.3889862023846717,0.41635719336694477,0.3889862023846717,0.41635719336694477,0.35088953457028715,0.40486276555514716,0.35088953457028715,0.4048627655551475,0.3210013615931953,0.25777972252857395,0.3210013615931953,0.25777972252857395,0.4052194729103245,0.2907529417487591,0.4052194729103198,0.2907529417487591
0.4445026006592625,0.32537532418243154,0.4445026006592625,0.32537532418243154,0.29105692930303484,0.32320864585050896,0.2910569293030347,0.32320864585050896,0.3715047572028239,0.37822091409662617,0.3715047572028239,0.37822091409662617,0.4082977767641398,0.3224049312451505,0.4082977767641398,0.3224049312451508,0.4445026006592519,0.32537532418243154,0.4445026006592519,0.32537532418243154,0.2910569293030347,0.3232086458505088,0.29105692930303484,0.32320864585050896,0.3978182805218205,0.29625130678785877,0.39781828052207113,0.2962513067878602,0.49293532732049056,0.3958805901552862,0.49293532732049056,0.39588059015528837,0.424294744644028,0.358280723129523,0.42429474464402855,0.3582807231295231,0.4445584760164383,0.40475543732297387,0.4445584760166406,0.40475543732297337,0.4209608524993577,0.32496263849398516,0.42096085249935716,0.32496263849398416,0.44725744088497305,0.3894782310605734,0.44725744088497305,0.3894782310605734,0.24023693111869962,0.2635640551668969,0.24023693111869962,0.2635640551668979,0.3459016624426839,0.2290311382672662,0.3459016624426856,0.2290311382672662,0.33707696790454694,0.3428046614503624,0.33707696790454705,0.3428046614503624,0.29980633589850053,0.18223016128381267,0.29980633589850053,0.18223016128381267,0.2236842562296748,0.2553639773298162,0.2236842562296748,0.2553639773298162,0.3344275741856379,0.18074264501264822,0.3344275741856379,0.18074264501264703
0.5614854221650973,0.5437834680526284,0.5614854221650973,0.5437834680526284,0.58146495988252,0.5078081926542644,0.5814649598825198,0.5078081926542644,0.54127505377145,0.5280774034898742,0.54127505377145,0.5280774034898742,0.5925158400605322,0.47913723991778073,0.5925158400605326,0.47913723991778073,0.5614854221650977,0.5437834680526284,0.5614854221650977,0.5437834680526284,0.58146495988252,0.5078081926542648,0.5814649598825198,0.5078081926542644,0.43779785275564337,0.42375383539741773,0.43779785275564337,0.42375383539742995,0.47516169601122227,0.49517291170773825,0.4751616960112216,0.49517291170773703,0.43588945432240583,0.42422676448483065,0.43588945432240583,0.4242267644848312,0.40035341644686323,0.5306988678534234,0.40035341644686323,0.5306988678534234,0.4730920117267056,0.3657138337171342,0.4730920117267055,0.3657138337171342,0.550108721891309,0.5017350916929986,0.550108721891309,0.5017350916929986,0.5769959950865655,0.5378197714707404,0.5769959950865655,0.5378197714707394,0.6322684896441042,0.5697842528118546,0.6322684896441042,0.5697842528122433,0.4211865899673447,0.42697441115492196,0.4211865899671158,0.42697441115492196,0.34768754143460695,0.4413487657776353,0.34768754143460695,0.4413487657776353,0.5363901518777541,0.6040482268649988,0.5363901518777542,0.6040482268649882,0.4945861470781513,0.5779281576973015,0.49458614706476556,0.5779281576973015
0.3589818875431074,0.3712740504171266,0.3589818875431074,0.37127405041712686,0.33647978406966406,0.3879503097108858,0.33647978406966406,0.3879503097108858,0.32424160110552036,0.34925348382687865,0.32424160110552036,0.3492534838268783,0.3272137480031481,0.37032763449115186,0.3272137480031481,0.3703276344911525,0.3589818875431074,0.3712740504171266,0.3589818875431074,0.3712740504171266,0.33647978406966406,0.38795030971088645,0.33647978406966406,0.38795030971088645,0.31383843228536046,0.26270406459788087,0.3138384322853604,0.26270406459788087,0.3251554419331373,0.3029516094595083,0.32515544193313717,0.3029516094595083,0.39314726632561886,0.31544862933346896,0.39314726632561886,0.31544862933346896,0.33776453505083726,0.37038334904817827,0.33776453505083687,0.3703833490481783,0.3146206142981624,0.2759034488338706,0.3146206142981624,0.2759034488338706,0.32266332235953554,0.27330954808965835,0.3226633223595397,0.27330954808965835,0.28468349831511053,0.22848948057739057,0.28468349831511053,0.22848948057739044,0.21410738561683645,0.20973001450078863,0.21410738561683645,0.20973001450085246,0.31398817656032574,0.24581306792978,0.3139881765603259,0.24581306792978,0.3142726392134945,0.2637555634147207,0.3142726392134945,0.2637555634147207,0.26447603484936283,0.19298184174128927,0.2644760348493449,0.19298184174128927,0.2771672191312219,0.30397814106937177,0.2771672191325903,0.30397814106937177
0.5693669975820504,0.6877012002086312,0.5693669975820504,0.6877012002086312,0.6466610158873871,0.5865723469696829,0.6466610158873871,0.5865723469696829,0.5480596136295811,0.6664995831472638,0.5480596136295811,0.6664995831472638,0.6493989061829916,0.5913386970728436,0.6493989061829916,0.5913386970728436,0.5693669975820504,0.6877012002086315,0.5693669975820504,0.6877012002086312,0.6466610158873871,0.5865723469696829,0.6466610158873871,0.5865723469696829,0.6447415374545779,0.5583232272117837,0.6447415374545779,0.5583232272117837,0.5689297021294285,0.5167520122015696,0.5689297021294301,0.5167520122015696,0.6489009239251587,0.606234400180275,0.6489009239251587,0.606234400180275,0.7397891068163077,0.6561234408641929,0.7397891068163077,0.6561234408641929,0.6491655504606448,0.5454243509171112,0.6491655504606448,0.5454243509171112,0.6241357247095726,0.596162010899548,0.6241357247095726,0.596162010899548,0.5870212249380949,0.5044032169258764,0.5870212249380949,0.5044032169258764,0.5162476916267317,0.7125633114636183,0.5162476916267325,0.7125633114636183,0.6363568314330368,0.6236634032212198,0.6363568314330361,0.6236634032212198,0.7417841815001407,0.6925987704798333,0.7417841815001395,0.6925987704798333,0.7017244728064115,0.5775946470637714,0.7017244728064115,0.5775946470637716,0.4761659979009755,0.5246781182658875,0.47616599790102726,0.5246781182658875
1.802462537549425,1.4962486763128058,1.802462537549425,1.4962486763128053,1.7456838426386454,1.6655069856470877,1.7456838426386454,1.6655069856470877,1.7249297216655317,1.5989319115478007,1.7249297216655317,1.5989319115478007,1.7567825836515243,1.8658630423311429,1.7567825836515243,1.8658630423311429,1.802462537549425,1.4962486763128058,1.802462537549425,1.4962486763128053,1.7456838426386454,1.6655069856470877,1.7456838426386454,1.6655069856470877,2.20420330074439,1.8141527684924905,2.20420330074439,1.8141527684924914,2.1507787834216936,2.0551913125453956,2.1507787834216936,2.0551913125453956,1.5734283598321661,1.559013651310099,1.5734283598321661,1.559013651310099,1.3754856161807827,1.4816131377061925,1.3754856161807827,1.4816131377061925,2.7917666387457905,1.5685351048691456,2.7917666387457905,1.5685351048691452,2.592029859348304,1.3575820731125259,2.592029859348304,1.3575820731125259,3.083028033729904,1.3792264391974054,3.083028033729904,1.3792264391974054,2.1952985860195575,1.3892327531386859,2.1952985860195575,1.3892327531386859,1.8944180779575994,1.7103318713331042,1.8944180779575994,1.710331871333103,1.9041628740514678,1.9216070990902623,1.9041628740514678,1.9216070990902623,1.907143629660677,1.8370626970326733,1.907143629660677,1.8370626970326733,1.6571648118793303,2.1007591154068352,1.6571648118793303,2.100759115406836
0.7309953647643685,0.6936065838278778,0.7309953647643688,0.6936065838278778,0.578742986586224,0.7098510309406111,0.578742986586224,0.7098510309406111,0.760084128332378,0.6803977461604298,0.760084128332378,0.6803977461604298,0.5738397513332787,0.6430878347834525,0.5738397513332787,0.6430878347834521,0.7309953647643688,0.6936065838278775,0.7309953647643685,0.6936065838278778,0.578742986586224,0.7098510309406173,0.578742986586224,0.7098510309406111,0.6771986672691337,0.784732672126819,0.6771986672691341,0.784732672126819,0.8730416052111177,0.6564209692298691,0.8730416052111177,0.6564209692298691,0.6960911985099101,0.7416843682159004,0.6960911985099103,0.7416843682159004,0.7862594309162587,0.8603339978480529,0.7862594309162587,0.8603339978480529,0.6350369244502992,0.7338573025828121,0.6350369244502992,0.7338573025828122,0.81045372882141,0.8031524609855752,0.81045372882141,0.8031524609855752,0.7089663736815172,0.8105959457127963,0.7089663736815157,0.8105959457127954,0.6650527961343232,0.9406994462429464,0.6650527961294996,0.9406994462429553,0.6013037281530531,0.808278666433953,0.6013037281530531,0.8082786664339531,0.8593797011599702,0.6644581024135892,0.8593797011599702,0.6644581024135892,0.6038366747212645,0.6519455089974024,0.6038366747212645,0.6519455089974019,1.010375584730101,0.926921783572861,1.010375584730101,0.9269217835728616
1.9400582326370386,1.7351642104399432,1.940058232637039,1.7351642104399432,1.4449882656630886,1.6836752963909085,1.4449882656630886,1.6836752963909085,1.7596163134241358,1.6593473322834504,1.7596163134241358,1.6593473322834504,1.883003363819315,1.4427324044765075,1.883003363819315,1.4427324044765077,1.9400582326370386,1.7351642104399432,1.9400582326370386,1.7351642104399432,1.4449882656630886,1.6836752963909085,1.4449882656630886,1.6836752963909085,1.5629577636869665,1.5883907244196245,1.5629577636869665,1.5883907244196245,1.5165720661132513,1.3278871992721846,1.51657206611331,1.3278871992721855,1.781935224691782,1.4501382370650164,1.7819352246917828,1.4501382370650164,1.870861989890279,1.1755352451469387,1.8708619898902785,1.1755352451469387,1.7877824992306857,1.4520215351033046,1.7877824992306848,1.4520215351033046,1.339702455028172,1.100270830872929,1.3397024550280767,1.100270830872929,1.4140451175197757,1.4455026263574096,1.4140451175197757,1.4455026263574096,1.0850652448848694,1.0846255773680782,1.0850652448848694,1.0846255773682845,1.6070499909672775,1.2375391481113733,1.6070499909672775,1.2375391481113733,1.3604903408763382,1.0821241776979538,1.3604903408763382,1.0821241776979538,1.453544983352449,1.2796571661311753,1.453544983352449,1.2796571661311753,1.3062616128365154,0.9195035340374375,1.3062616128377156,0.9195035340374365
0.5582698502154816,0.7032616097992147,0.5582698502154823,0.7032616097992147,0.30751984107234076,1.022945433881814,0.30751984107234076,1.022945433881811,0.489938432824386,0.4135390344337734,0.489938432824386,0.4135390344337734,0.3718412173630654,2.354443627149357,0.3718412173630654,2.354443627149357,0.5582698502154823,0.7032616097992147,0.5582698502154816,0.7032616097992147,0.30751984107234076,1.022945433881811,0.30751984107234076,1.022945433881811,0.6697156897905115,1.5827559163533222,0.6697156897905113,1.5827559163533222,2.990451516965263,5.103831673900879,2.990451516965263,5.103831673900879,1.0088381519237664,1.1135041381589037,1.0088381519237664,1.1135041381589037,0.663364010611055,0.664799779590686,0.663364010611055,0.664799779590686,1.0619662024588037,1.4202081310607522,1.0619662024588037,1.4202081310602077,1.1205386893922338,3.1569806140716077,1.120538689392254,3.156980614071607,1.0886283857323253,1.6876542624633657,1.0886283857323253,1.6876542624633668,0.5679797853264492,2.1399740950175525,0.5679797853264492,2.1399740950175525,0.6890686720051065,1.011195125597965,0.6890686720051058,1.011195125597965,1.3198082131120326,2.6521897881507033,1.3198082131120326,2.6521897881507033,1.389859202678796,1.2165390563393,1.3898592026772887,1.2165390563393,2.433908792921865,2.0302755812354163,2.433908792921869,2.0302755812354127
1.174158032533264,1.249677586008205,1.174158032533264,1.249677586008205,0.9168118749017657,0.9743069393944578,0.9168118749017657,0.9743069393944578,1.2329784463739855,1.2596014286269812,1.2329784463739855,1.2596014286269812,1.0313872126260448,1.110113003405135,1.0313872126260448,1.110113003405135,1.174158032533264,1.249677586008205,1.174158032533264,1.249677586008205,0.9168118749017657,0.9743069393944578,0.9168118749017657,0.9743069393944578,1.0833345960890164,1.1789251347530574,1.0833345960890164,1.1789251347530574,0.9559782439608727,0.9116731752867149,0.9559782439608727,0.9116731752867149,1.0252624182466024,1.0721190856600173,1.0252624182466024,1.0721190856600173,1.0818040532847233,1.0629575877238369,1.0818040532847233,1.0629575877238369,1.011409783443936,1.2777455871108232,1.011409783443936,1.2777455871108232,1.0389271053539106,0.966622976228441,1.0389271053539106,0.966622976228441,1.1655614340279534,1.2320040247367654,1.1655614340279534,1.2320040247367654,1.2247672502487208,1.0791159276661395,1.2247672502487208,1.0791159276661395,1.1021493706131245,1.1252145131278541,1.1021493706131245,1.1252145131278541,1.2575947615003038,1.0330576624993486,1.2575947615003038,1.0330576624993486,1.148978623124654,1.030819175959586,1.148978623124654,1.030819175959586,1.1171908861192277,0.9994214922399692,1.1171908861192277,0.9994214922399692
1.4406996156891474,1.3262193950796868,1.4406996156891474,1.3262193950796868,2.1173446746719873,1.1824270382281215,2.1173446746719873,1.1824270382281215,1.4780642499048664,1.4396328445574937,1.4780642499048664,1.439632844557494,2.1240869681278656,1.1365390564181335,2.1240869681278656,1.1365390564181335,1.4406996156891474,1.3262193950796868,1.4406996156891474,1.3262193950796868,2.1173446746719873,1.1824270382281215,2.1173446746719877,1.1824270382281212,1.5374756902965985,1.1546466332574459,1.5374756902964375,1.1546466332574454,1.4051782677323266,1.175627358368652,1.4051782677323246,1.1756273583686527,1.6778816657416862,1.379125990598313,1.677881665742704,1.379125990598313,1.7154242108458808,2.0770991788116455,1.7154242108458808,2.0770991788116455,1.4384396780277315,1.3001585708275003,1.4384396780277315,1.3001585708275003,1.4725962585423646,1.3308992531028392,1.4725962585423646,1.3308992531028392,1.332636117624129,1.2870094113457575,1.332636117624129,1.2870094113457575,1.5799719434770065,1.4873447193452138,1.5799719434770072,1.4873447193452138,1.470494211186126,1.6887147832462714,1.470494211186126,1.6887147832462714,1.6185856383951327,1.8683439520387741,1.6185856383951327,1.8683439520387741,1.5553732393948019,1.494286601554034,1.555373239394802,1.4942866015540945,1.4096341268760628,1.6832923442877534,1.4096341268760628,1.6832923442877534
4.122959601317104,4.317058663911206,4.122959601317104,4.317058663911206,3.2089581693814155,3.8218321717041803,3.2089581693814155,3.8218321717041803,4.333393923050097,4.248228526875349,4.333393923050097,4.248228526875349,3.7519296637662345,3.916852878307176,3.7519296637662336,3.916852878307176,4.122959601317104,4.317058663911206,4.122959601317104,4.317058663911206,3.2089581693814155,3.8218321717041803,3.2089581693814155,3.8218321717041803,4.004277680638335,3.4713243128448568,4.004277680638335,3.4713243128448568,3.0461192900518905,3.0781743194301883,3.0461192900518905,3.0781743194301883,4.045659040322292,3.205920646007857,4.045659040322292,3.205920646007857,3.471787740732919,3.4950695017270847,3.4717877407328466,3.495069501725216,3.4785297621543143,3.522339183424099,3.4785297621543143,3.522339183424099,3.373337668323277,2.130872805495584,3.373337668323276,2.130872805495584,2.784280122465088,2.7838598361267506,2.784280122465088,2.7838598361267506,2.68926687958727,1.6844833824562702,2.689266879587281,1.6844833824553784,2.360070898406816,2.3380276808901397,2.360070898406815,2.3380276808901397,2.085699368297966,2.964029835628006,2.0856993682979974,2.964029835628006,3.1163557351208167,2.385847428224353,3.1163557351208167,2.385847428224353,1.9591660635500578,2.601800950658137,1.9591660635500354,2.6018009506581463
1.0802260839116293,1.224097222825888,1.0802260839116293,1.224097222825888,1.0739952464285596,1.2702715018293795,1.0739952464285596,1.2702715018293795,1.0731958632027112,1.1664544415309703,1.0731958632027112,1.1664544415309703,1.1922486670624868,1.2492006580089943,1.1922486670624868,1.2492006580089943,1.0802260839116293,1.224097222825888,1.0802260839116293,1.224097222825888,1.0739952464285596,1.2702715018293795,1.0739952464285596,1.2702715018293795,1.0160957391146705,1.102786907015673,1.0160957391146705,1.102786907015673,1.1788104676064866,1.0106121151767204,1.1788104676064866,1.0106121151767204,0.982471008312194,0.8709004508508418,0.982471008312194,0.8709004508508418,1.1537627974984361,1.1516557020432185,1.1537627974984361,1.1516557020432185,0.9504128921664238,0.9594955162601155,0.9504128921664238,0.9594955162601155,0.8918768099473194,1.0226186366134749,0.8918768099473194,1.0226186366134749,0.7262052665194604,0.7501597871359608,0.7262052665194604,0.7501597871359608,0.7660593926343554,0.8219534220355004,0.7660593926343554,0.8219534220355004,1.0489444893316913,0.9953493949451874,1.0489444893316913,0.9953493949451874,1.1710587004358295,1.273123885207171,1.1710587004358295,1.273123885207171,0.8838281386894006,1.1363092380477473,0.8838281386894006,1.1363092380477466,0.8026757688531069,1.099024157432656,0.8026757688531071,1.099024157432657
0.09559483751871094,0.15955690549503215,0.09559483751871094,0.15955690549503215,0.2063598037669404,0.07041886448574283,0.2063598037669404,0.07041886448574283,0.15220602089749882,0.10823613559909451,0.15220602089749882,0.10823613559909451,0.134606021700976,0.0756228417729976,0.134606021700976,0.0756228417729976,0.09559483751871094,0.15955690549503215,0.09559483751871094,0.15955690549503215,0.2063598037669404,0.07041886448574283,0.2063598037669404,0.07041886448574283,0.07948021513950891,0.08720210892945986,0.07948021513950891,0.08720210892945986,0.08899565969421545,0.14018247761698202,0.08899565969421545,0.14018247761698202,0.07067594159989429,0.1321974925765704,0.07067594159989429,0.1321974925765704,0.08370063131328166,0.08931870314181911,0.08370063131328166,0.08931870314181911,0.07150019121689495,0.07202168956022907,0.07150019121689495,0.07202168956022907,0.06322835776781872,0.16305416807685927,0.06322835776781872,0.16305416807685927,0.031465484841865815,0.07642590005785571,0.031465484841865815,0.07642590005785571,0.046314721412353564,0.2912230328627915,0.046314721412353564,0.2912230328627915,0.07608971661316812,0.09434176458062209,0.07608971661316812,0.09434176458062209,0.06394485914091357,0.07755412407706345,0.06394485914091357,0.07755412407706345,0.036075929923411014,0.04735210798098257,0.036075929923411014,0.04735210798098257,0.03034924914691693,0.03618230075529936,0.03034924914691693,0.03618230075529936
0.644745444428506,0.6701703842049399,0.6447454444285058,0.6701703842049402,0.8447087907057712,0.7569113227242051,0.8447087907057712,0.7569113227242042,0.7478551777284963,0.7037040119946147,0.7478551777284965,0.7037040119946147,0.8417001027115928,0.8448423530440159,0.8417001027116953,0.8448423530440159,0.644745444428506,0.6701703842049402,0.644745444428506,0.6701703842049399,0.8447087907057712,0.7569113227242051,0.8447087907057712,0.7569113227242042,0.7533381286877548,0.6956337069801067,0.7533381286877548,0.6956337069801062,0.6426382296624102,0.8892468100788806,0.6426382296624105,0.8892468100788806,0.8015137910415361,0.7794467024376182,0.801513791041537,0.7794467024376182,1.1804025403415335,0.7975495365192373,1.1804025403415324,0.7975495365192373,0.7551034783110817,0.8214075606376329,0.7551034783110827,0.8214075606376334,0.7541524344666557,0.8662807473895573,0.7541524344666557,0.8662807473895573,0.6915231921676166,0.7311382398669548,0.6915231921676159,0.7311382398669543,0.786238799055758,1.0550291512925765,0.786238799055758,1.0550291512925563,0.836159325959472,0.7176489032017095,0.836159325959472,0.7176489032017095,1.086842719570638,0.6438428507024229,1.086842719570638,0.6438428507024229,0.6540517797988776,0.7364659332690444,0.6540517797988776,0.7364659332690444,0.6560665790061273,0.7458575355319036,0.6560665790061273,0.7458575355318563
1.556432848603164,1.5548480063010146,1.5564328486031633,1.5548480063010148,1.6417872632335937,1.7143172219991203,1.6417872632335933,1.7143172219991203,1.5673338938040506,1.5883744975152179,1.5673338938040509,1.588374497515218,1.5447629290589384,1.717937260415784,1.5447629290589384,1.717937260415784,1.5564328486031633,1.5548480063010148,1.556432848603164,1.5548480063010146,1.6417872632335937,1.7143172219991203,1.6417872632335933,1.7143172219991194,1.5408493902286833,1.795380682100416,1.540849390228684,1.795380682100415,1.6250951968639282,1.9419388490785106,1.6250951968639282,1.9419388490785097,1.5725404418242162,1.7597616388530797,1.5725404418241962,1.7597616388530801,1.7859458300071063,1.9594141357711286,1.7859458300071063,1.959414135771155,1.5308126461576081,1.8053469033731264,1.5308126461576081,1.805346903373126,1.858144244299112,1.855021985072899,1.858144244299112,1.855021985072899,1.6961990565864704,1.917692036022322,1.69619905658647,1.917692036022322,1.830949935106768,2.371042714691286,1.8309499351068108,2.371042714691286,1.5576061012201203,1.9970633177687733,1.5576061012201203,1.9970633177687769,1.916796850569677,2.385968578038839,1.9167968505696764,2.385968578038839,1.8301165281340206,2.000819600227156,1.8301165281340206,2.000819600227157,1.9203240867305704,2.174029470304198,1.9203240867305704,2.1740294703041996
0.42598969980607,0.4094266382506668,0.4259896998060701,0.4094266382506668,0.515838232686378,0.4467051795400211,0.515838232686378,0.4467051795400211,0.40799148300673155,0.41045602898836236,0.40799148300673155,0.41045602898836236,0.506904856132802,0.4983785687737405,0.506904856132802,0.4983785687737404,0.42598969980607,0.4094266382506668,0.4259896998060701,0.4094266382506668,0.515838232686378,0.4467051795400211,0.515838232686378,0.4467051795400211,0.48155954997886796,0.39429590072106746,0.48155954997886796,0.39429590072106746,0.4811944287446171,0.5512426126088367,0.4811944287446171,0.5512426126088367,0.38036903449896287,0.3924916599915311,0.38036903449896287,0.3924916599915311,0.501148646129985,0.4365897398778464,0.501148646129985,0.4365897398778464,0.41505359070799963,0.4210685650455961,0.41505359070799963,0.4210685650455961,0.47763763735925396,0.4939968056767841,0.4776376373592198,0.4939968056767841,0.5251849395903816,0.4024633294995619,0.5251849395903816,0.4024633294995619,0.5630895610382021,0.46963031041211534,0.5630895610382021,0.46963031041211534,0.38963422346656496,0.4238612146468054,0.38963422346656806,0.4238612146468054,0.3944357480839989,0.38355937759204767,0.3944357480832086,0.38355937759204767,0.4796012855106225,0.49588564207620406,0.4796012855106225,0.49588564207620406,0.6182664063897781,0.4187695314406108,0.6182664063897779,0.4187695314406108
0.20759545840034796,0.2179680241123132,0.2075954584003479,0.2179680241123132,0.1837153331664015,0.14962654164044892,0.1837153331664015,0.14962654164044892,0.1977058112376117,0.24762556847559575,0.1977058112376117,0.24762556847559575,0.16718688400460185,0.2307395345520862,0.16718688400460202,0.2307395345520862,0.20759545840034796,0.21796802411231336,0.2075954584003479,0.21796802411231336,0.1837153331664015,0.14962654164044892,0.18371533316640162,0.14962654164044892,0.2024485052281658,0.19120779781603486,0.2024485052281658,0.19120779781603486,0.2095328671243864,0.12636925232431964,0.20953286712438587,0.12636925232432003,0.2780860640351847,0.17850173123096133,0.2780860640351845,0.17850173123096155,0.15646863740081013,0.15147831490238664,0.15646863740081013,0.15147831490238625,0.21201083362801215,0.17249219092276316,0.21201083362801215,0.17249219092276316,0.11621129949449042,0.1893231849790864,0.11621129949449065,0.189323184979073,0.2192727213599275,0.1974537579560088,0.2192727213599275,0.1974537579560088,0.2213468209079698,0.2129866657622577,0.2213468209079698,0.2129866657622577,0.20443280609128375,0.1834685514038003,0.20443280609128375,0.18346855140374063,0.15608679109819465,0.14382264049043916,0.15608679109806337,0.14382264049043916,0.22438425745557217,0.13994101113358756,0.22438425745554386,0.13994101113358756,0.1572525176739195,0.15474825150692112,0.15725251767392098,0.15474825150692112
1.00582610355905,0.8981926515415867,1.0058261035590499,0.8981926515415867,1.0523859319797333,0.8882470008313902,1.0523859319797333,0.888247000831411,1.0034776774356362,0.8949980170199928,1.0034776774356362,0.8949980170199928,1.0001018189003317,0.9007892637664268,1.0001018189003317,0.9007892637664268,1.0058261035590499,0.8981926515415867,1.0058261035590499,0.8981926515415867,1.0523859319797335,0.888247000831411,1.0523859319797333,0.888247000831411,0.8594978919205287,0.8211233170579081,0.8594978919205286,0.8211233170579081,0.9435561017016916,0.7591701023563618,0.9435561017016928,0.7591701023563618,0.8276715899729785,0.8144797909936967,0.8276715899729784,0.8144797909936967,0.8671156518994146,0.839379279858193,0.8671156518994146,0.839379279858193,0.8756088561024499,0.8179151794891061,0.8756088561024499,0.8179151794891061,0.8657233185928892,0.7507789428405192,0.8657233185928892,0.7507789428405192,0.8730294280497944,0.8856097800814693,0.8730294280497944,0.8856097800814693,0.8484961278917489,0.770843996470188,0.8484961278917489,0.770843996470188,0.9799245594289523,0.9076670142256569,0.9799245594289525,0.9076670142256569,0.99182433001505,0.9169209601661376,0.9918243300149865,0.9169209601661376,0.9275205170823873,0.8430836860683507,0.927520517082387,0.8430836860683507,0.8729435703665777,0.7582245363194298,0.8729435703665792,0.7582245363194298
0.4038890316784954,0.39638752810343514,0.40388903167849755,0.39638752810343514,0.3831386910736286,0.3982586006059539,0.3831386910736287,0.3982586006059539,0.42368194528916303,0.3939596397328124,0.42368194528916314,0.39395963973281206,0.39646931097636406,0.38962498393350126,0.39646931097636406,0.38962498393349687,0.40388903167849755,0.39638752810343547,0.4038890316784954,0.39638752810343547,0.3831386910736287,0.39825860060595486,0.3831386910736286,0.3982586006059539,0.38618954422535845,0.3975302748417174,0.38618954422535845,0.39753027484171694,0.34147737363030206,0.35419211635865705,0.34147737363030206,0.35419211635865705,0.39393992995655486,0.3486540675313763,0.3939399299565549,0.3486540675313763,0.3740723856625855,0.36659837992155236,0.37407238566258555,0.36659837992155236,0.4262845908077017,0.3826346386884146,0.4262845908077017,0.3826346386884146,0.3742130670948532,0.324339701257556,0.37421306709484037,0.324339701257556,0.384248977781756,0.31643152149124737,0.384248977781756,0.31643152149124715,0.44703653302953045,0.39260436527933695,0.44703653302953045,0.39260436527933695,0.4335715673983323,0.43348033241200895,0.4335715673983323,0.43348033241200895,0.3683819837845642,0.3097887640180375,0.3683819837845642,0.30978876401803596,0.3327325278913455,0.34658011083206314,0.3327325278913455,0.34658011083206297,0.3898192796386521,0.3459854451307482,0.3898192796386521,0.34598544513074836
1.1031062710001616,1.1254427716486077,1.1031062710001616,1.1254427716486077,1.0198429464575662,1.1319688735059834,1.0198429464575662,1.131968873506018,1.088010652767657,1.1445783838708907,1.088010652767657,1.1445783838708907,1.1304575696121126,1.1301689017897085,1.1304575696121126,1.1301689017897085,1.1031062710001616,1.1254427716486077,1.1031062710001616,1.1254427716486077,1.0198429464575662,1.1319688735059834,1.0198429464575662,1.131968873506018,1.2738734262507945,1.244868608819578,1.2738734262507945,1.244868608819578,1.103898884763375,1.054680026105472,1.1038988847633753,1.054680026105472,1.1921901424539627,1.312226217370894,1.1921901424539625,1.312226217370894,1.1111122857739557,1.3784521779209797,1.1111122857739557,1.3784521779209808,1.2205606413671466,1.2187925552274546,1.2205606413671466,1.218792555227454,1.101402200745853,0.9985755586418059,1.101402200745853,0.9985755586418069,1.2363099372944428,1.2655725171775676,1.2363099372944368,1.265572517177445,1.2462817751407447,1.3490770274841353,1.2462817751407447,1.3490770274841353,1.202477235919995,1.1496853090840982,1.202477235919995,1.1496853090840982,1.174256818718051,1.1582291621174106,1.174256818718051,1.158229162119294,1.1740623651063447,1.2541448536153994,1.1740623651063442,1.2541448536153994,1.1279511955816228,1.2925825238249011,1.1279511955816228,1.2925825238249011
0.424473428311323,0.42270388544383514,0.424473428311323,0.42270388544383514,0.389389598286194,0.5105315097060075,0.389389598286194,0.5105315097060075,0.3767149888397126,0.43700587025916676,0.3767149888397126,0.43700587025916676,0.42238913140834045,0.4245075098119232,0.42238913140834045,0.4245075098119232,0.424473428311323,0.42270388544383514,0.4244734283113226,0.42270388544383514,0.389389598286194,0.5105315097060075,0.389389598286194,0.5105315097060075,0.3698268469165241,0.4060458268857,0.3698268469165241,0.4060458268857,0.3731378153911319,0.4188469703488217,0.3731378153911319,0.41884697034881746,0.43197629503523416,0.4897757007928463,0.43197629503523427,0.4897757007928463,0.39941799781656623,0.627396630942182,0.39941799781656623,0.627396630942182,0.3717715002795644,0.4610103065103533,0.3717715002795644,0.4610103065103533,0.47103906724249406,0.532366419620346,0.47103906724249406,0.5323664196203468,0.5181373022784678,0.4161016516085189,0.5181373022784678,0.4161016516085189,0.5513800197973471,0.7621968414571869,0.5513800197973471,0.7621968414571869,0.4674567261924644,0.43925556762888035,0.4674567261924644,0.43925556762888035,0.4885324979954215,0.527296658172127,0.4885324979954215,0.52729665817211,0.5265735530730626,0.4197481921937954,0.5265735530730626,0.4197481921937954,0.8328098171118864,0.51455357207477,0.8328098171118864,0.51455357207477
0.21389182680898328,0.23851819142446565,0.21389182680898738,0.23851819142446565,0.22418749987835054,0.21625767570300425,0.2241874998783503,0.21625767570300425,0.20770090735303753,0.26309701496403676,0.20770090735303753,0.26309701496403715,0.22368106898121096,0.23919437975851962,0.22368106898121096,0.23919437975851962,0.21389182680898738,0.23851819142446565,0.21389182680898738,0.23851819142446565,0.2241874998783503,0.21625767570300425,0.2241874998783503,0.21625767570300425,0.24932847042095588,0.18832352679601944,0.24932847042095588,0.18832352679601944,0.17940865794590455,0.22172613757656096,0.17940865794590455,0.22172613757656096,0.2856705497796573,0.17979924382434723,0.2856705497796573,0.17979924382434723,0.24279828776320095,0.23609075708248703,0.24279828776320095,0.23609075708248703,0.2633970644107351,0.18508917567118427,0.2633970644107351,0.18508917567118427,0.17714137640590627,0.22136660983907233,0.17714137640590627,0.22136660983907233,0.24481250159374726,0.20303537270079214,0.24481250159373563,0.20303537270079214,0.1980991283977803,0.21576478667808946,0.1980991283977803,0.21576478667808946,0.24478458050135943,0.20764826782130516,0.24478458050135943,0.2076482678213054,0.242704068312663,0.22662672286407987,0.242704068312663,0.22662672286407987,0.25785348113082457,0.21977234624554895,0.2578534811309113,0.21977234624554895,0.29483110298415555,0.1816113856595953,0.29483110298415555,0.18161138565959423
0.47949434841334754,0.43221196280382196,0.47949434841334754,0.43221196280382185,0.47678684383361875,0.4412707525207011,0.4767868438342146,0.4412707525207011,0.4960036199070737,0.4180051158687916,0.4960036199070737,0.4180051158687917,0.4863376605186984,0.49645817816001375,0.4863376605186984,0.49645817816001375,0.47949434841334754,0.43221196280382196,0.47949434841334754,0.43221196280382196,0.4767868438342146,0.4412707525206778,0.4767868438342146,0.4412707525206778,0.5118321836752139,0.4673196942470356,0.5118321836752139,0.4673196942470356,0.5425682596011804,0.4682487425463713,0.5425682596011804,0.4682487425463711,0.48556815643875734,0.4697614278255278,0.48556815643875734,0.4697614278255278,0.5779095046635974,0.4658559248615959,0.5779095046635974,0.46585592486159594,0.5032300714071688,0.46505362161771585,0.5032300714071692,0.46505362161771585,0.5121804430108596,0.5111330535806476,0.5121804430108596,0.5111330535806476,0.4828323834836006,0.4205483308211864,0.4828323834836006,0.4205483308211864,0.5106468438409613,0.5763444560460653,0.5106468438409569,0.5763444560460654,0.4792163746231089,0.4193686339397285,0.4792163746231089,0.4193686339397285,0.5396223144661575,0.36904420993883696,0.5396223144661575,0.36904420993883696,0.46129083588684355,0.3888244052944199,0.46129083588684355,0.3888244052944199,0.5175986914770652,0.43869487960068526,0.5175986914770688,0.43869487960068526
0.4642990484323122,0.4167627891228205,0.4642990484323122,0.41676278912282033,0.44064925131865645,0.4477861262329525,0.44064925131865623,0.4477861262329525,0.4466743335255163,0.41896381984283687,0.4466743335255163,0.41896381984283676,0.4464261845946393,0.469862779572543,0.4464261845946566,0.469862779572543,0.4642990484323122,0.4167627891228205,0.4642990484323122,0.41676278912282033,0.44064925131865623,0.4477861262329525,0.44064925131865623,0.44778612623295205,0.4823555540178686,0.6191975698613702,0.4823555540178686,0.6191975698613704,0.5223345959754296,0.6795253581620125,0.5223345959754296,0.6795253581620129,0.5035872992964469,0.4524699225172683,0.5035872992964469,0.4524699225172683,0.5107695228829425,0.5028349035990839,0.5107695228829425,0.5028349035990839,0.5052232403484341,0.6158804607803389,0.5052232403484341,0.6158804607803389,0.5025193680085674,0.7644651057291552,0.5025193680085674,0.7644651057291552,0.503234651539216,0.5997607210848616,0.503234651539216,0.5997607210848616,0.49089863912280024,0.8014985136168664,0.49089863912279985,0.8014985136168664,0.44268672616064486,0.4619493126322607,0.44268672616064486,0.4677564239328234,0.6698462496195426,0.7036008726334749,0.6698462496195426,0.6396235978771067,0.4834545579630202,0.5595356595785704,0.4834545579630202,0.5595356595785678,0.5714402716500243,0.5623919831410357,0.5714402716500239,0.5623919831410357
0.6839222136417958,0.6610839876850056,0.6839222136417956,0.6610839876850054,0.8560915149221766,0.6742535562436986,0.8560915149221766,0.6742535562436986,0.7243911417400444,0.6965271284816414,0.7243911417400442,0.6965271284816412,0.7618357884942035,0.668209409390729,0.7618357884942035,0.668209409390729,0.6839222136417958,0.6610839876850054,0.6839222136417956,0.6610839876850054,0.8560915149221761,0.6742535562436983,0.8560915149221766,0.6742535562436983,0.8263705986847,0.7587672418992389,0.8263705986847009,0.758767241899239,0.9573586707508017,0.8855204967717957,0.9573586707514626,0.8855204967717957,0.7753556930100215,0.7473266880241302,0.7753556930100215,0.7473266880241304,0.7872130997770305,0.8856736351192194,0.787213099777156,0.8856736351192194,0.8568174719976658,0.7985326399447022,0.8568174719976648,0.7985326399447022,1.0208515369691464,0.9299996444308474,1.0208515369718776,0.9299996444308469,0.9190692262261384,0.863147759644124,0.9190692262261384,0.8631477596441238,0.694527345779374,1.2379307797712715,0.694527345779374,1.2379307797712857,0.8590593940921676,0.785998865917368,0.8590593940921676,0.785998865917368,1.036478702954461,1.0157967898560238,1.036478702954461,0.8227530271136185,0.9215902333677586,0.9728108560936607,0.9215902333677586,0.9728108560936606,0.8826412582478684,1.0152968849929898,0.8826412582478684,1.0152968849929898
0.3057968421440532,0.21936248894056,0.3057968421440534,0.21936248894056032,0.28090805223797505,0.25224324639105733,0.28090805223797505,0.25224324639105733,0.3068520680640324,0.2722490516016926,0.30685206806403253,0.2722490516016926,0.28989710851059397,0.26514103258454375,0.2898971085105914,0.2651410325845961,0.3057968421440534,0.21936248894056,0.3057968421440532,0.21936248894056032,0.28090805223797505,0.2522432463910568,0.28090805223797505,0.25224324639105733,0.19025375437420597,0.17472471213351062,0.19025375437420597,0.17472471213351068,0.16756080723615788,0.20724065231720748,0.16756080723615704,0.2072406523172087,0.18519300236049505,0.16300392136643282,0.1851930023604944,0.16300392136643285,0.16253572313618742,0.15811553936320946,0.16253572313532974,0.15811553936320946,0.168515051792288,0.17638164287786262,0.168515051792288,0.1763816428778626,0.21727658300936203,0.2158072718372975,0.21727658300936203,0.2158072718372975,0.1818610747214842,0.17920997798798263,0.1818610747214842,0.17920997798798263,0.26620997717025113,0.20700105904052377,0.26620997717025113,0.20700105904052377,0.16043145548798232,0.14223736815579752,0.16043145548798232,0.14223736815579752,0.18664594698961937,0.17429340514666336,0.17564008041811505,0.17429340514666336,0.18203167431778766,0.1498157193275758,0.18203167431778766,0.1498157193275758,0.23125942644172578,0.20894390960966133,0.23125942644172578,0.20894390960966133
0.11289974080990542,0.10841105479307708,0.11289974080990542,0.10841105479307708,0.12428223851453293,0.08105417170217356,0.12428223851453304,0.08105417170217356,0.09354748951143801,0.10731631034055462,0.09354748951143801,0.10731631034055446,0.12050935799485663,0.1031873886831247,0.12050935799485663,0.1031873886831247,0.11289974080990538,0.10841105479307708,0.11289974080990538,0.10841105479307708,0.12428223851453293,0.08105417170217377,0.12428223851453304,0.08105417170217377,0.10577271558720179,0.08100297302012008,0.10577271558720179,0.08100297302012008,0.0941184814490637,0.1300470107079988,0.0941184814490637,0.1300470107079988,0.1034612526180186,0.09285722939044895,0.1034612526180186,0.09285722939036185,0.14880533547372313,0.16890321408626763,0.14880533547372446,0.16890321408626746,0.09150819184165147,0.06254260168792597,0.09150819184165147,0.06254260168792591,0.17076013604618284,0.09951611883476458,0.17076013604618284,0.09951611883476458,0.08832202633939357,0.096168334883893,0.08832202633939357,0.096168334883893,0.21184669367914832,0.11035718677842794,0.21184669367914832,0.11035718677842794,0.08527116393325442,0.07134193999264898,0.08663938436050475,0.07134193999264898,0.11165084921653988,0.1169357892337448,0.11164839228856249,0.1169357892337448,0.09863425014974422,0.06499375381073827,0.09863425014974461,0.0649937538107382,0.06338185791520091,0.10812746681825781,0.06338185791520091,0.10812746681825781
0.6174791172175619,0.7806601642376829,0.6174791172175619,0.7806601642376829,0.6827779922043355,0.8469845639405256,0.6827779922043355,0.8469845639405265,0.6142111324247889,0.8012514389526912,0.6142111324248151,0.8012514389526912,0.6139708749680615,0.8253994810314859,0.613970874968063,0.8253994810314859,0.6174791172175619,0.7806601642376829,0.6174791172175619,0.7806601642376829,0.6827779922043355,0.8469845639405256,0.6827779922043355,0.8469845639405265,0.5972904986356136,0.7034836517424103,0.5972904986356136,0.7034836517424103,0.6632493379859989,0.6566206442919615,0.663249337986002,0.6566206442919615,0.6478485187225143,0.8461194069613149,0.6478485187225143,0.8461194069613188,0.652224248967022,0.836104274992593,0.6522242489651959,0.8361042749940606,0.5805756009811085,0.7186062282176437,0.5805756009811085,0.7186062282176437,0.6619140306827899,0.6129114953193308,0.6619140306827899,0.6129114953193308,0.5600780790033193,0.7725562119254222,0.5600780790033193,0.7725562119254222,0.5641879915089368,0.7305134801322061,0.564187991508937,0.7305134801322061,0.6187441544329466,0.7943273394475016,0.6187430629811321,0.7943274251815692,0.5208732136760329,0.7280383206144566,0.5208732136760329,0.7280383206144566,0.6418192265149693,0.8414736767496598,0.6418192265149678,0.8414736767496598,0.6450371948117625,0.6490817918174325,0.6450371948117625,0.6490817918174325
0.22976064761087936,0.21676912129867937,0.22976064761087936,0.21676912129867937,0.18764984672988883,0.20401773555301597,0.18764984672988883,0.20401773555301597,0.22109990979098998,0.22472540699612262,0.22109990979098998,0.22472540699612262,0.20520661057523812,0.20214594105482353,0.20520661057523812,0.20214594105482353,0.22976064761087936,0.21676912129867937,0.22976064761087936,0.21676912129867937,0.18764984672988883,0.20401773555301597,0.18764984672988883,0.20401773555301597,0.18744500844179907,0.1913146686022578,0.18744500844179907,0.1913146686022578,0.17011619691958277,0.13066315745134388,0.17011619691958277,0.13066315745134388,0.20311037657543612,0.20343296194290023,0.20311037657543612,0.20343296194290023,0.13980985214269345,0.1771545474645473,0.13980985214269345,0.1771545474645473,0.1842152416166502,0.18722912534764402,0.1842152416166502,0.18722912534764402,0.13750570056353542,0.10195565319330015,0.13750570056353542,0.10195565319330015,0.18211357811723275,0.2051209608409062,0.18211357811723275,0.2051209608409062,0.15914390288360145,0.13602096983743553,0.15914390288360145,0.13602096983743553,0.14327346741314678,0.17563919407099673,0.14327346741314678,0.17563919407099673,0.17030420155072745,0.1851774230924081,0.17030420155072745,0.1851774230924081,0.1574516967702762,0.17543285876425008,0.1574516967702762,0.17543285876425008,0.22471851415816577,0.18161223297841012,0.22471851415816577,0.18161223297841012
1.4337545012128512,1.479543450533164,1.4337545012128512,1.479543450533164,1.5505425088091613,1.695970173779867,1.5505425088091613,1.695970173779867,1.5008145195754705,1.4894924951967357,1.5008145195754705,1.4894924951967357,1.5551236263442714,1.6626722278865118,1.5551236263442714,1.6626722278864303,1.4337545012128512,1.479543450533164,1.4337545012128512,1.479543450533164,1.5505425088091613,1.695970173779868,1.5505425088091613,1.695970173779868,1.7369621743110681,1.3939671218796945,1.7369621743110681,1.3939671218796945,1.823927559168803,1.6083587945346034,1.823927559168803,1.6083587945346036,1.6395504678069057,1.6023688599475168,1.6395504678069244,1.6023688599475168,1.5354004943494477,1.668643904076479,1.5354004943494857,1.668643904076479,1.8061887472117375,1.3691522089731363,1.8061887472117375,1.369152208973136,1.4770169505491486,1.467805420607249,1.477016950549148,1.4678054206072495,1.535715020661294,1.3121183672932604,1.535715020661294,1.3121183672932604,1.2059196083654238,1.5369286605911572,1.2059196083654238,1.5369286605911572,1.7360773670139718,1.5060437058571416,1.736083728630634,1.5060437058571416,1.4023985358181303,1.1910632702107604,1.4023985358181303,1.1910632702107602,1.4702934050787555,1.3109549190481242,1.4702934050787555,1.3109549190481242,1.108370117122743,1.1879923306658156,1.108370117122743,1.1879923306658156
1.9611527179089203,1.8123415859590521,1.9611527179089203,1.8123415859590521,1.7388847296368064,1.5022127435129173,1.7388847296368064,1.5022127435129151,2.0383419628330453,1.78752442705553,2.0383419628330453,1.78752442705553,1.8170459015579261,1.5680954106247524,1.8170459015579261,1.5680954106247524,1.9611527179089203,1.8123415859590521,1.9611527179089203,1.8123415859590521,1.7388847296367842,1.5022127435129173,1.7388847296368064,1.5022127435129173,1.3619179766881706,1.378671960831339,1.3619179766881706,1.378671960831339,1.2510649776044063,1.3159351611722145,1.2510649776044063,1.3159351611722145,1.516118577558308,1.5656165411607914,1.516118577558308,1.5656165411607914,1.4077113971420119,1.598729593630168,1.4077113971420119,1.598729593630168,1.2723959347525797,1.2936780013277132,1.2723959347525797,1.2936780013277132,1.3190275674282068,1.3172497696473362,1.3190275674282068,1.3172497696473362,1.300762367086894,1.346854222047069,1.300762367086894,1.346854222047069,1.249345876094567,1.181972398718484,1.249345876094567,1.181972398718484,1.5592028243047282,1.6839500392196518,1.5592028243047282,1.6839500392196518,1.4717722145050383,1.641261405366298,1.4717722145050383,1.641261405366298,1.3002391628358112,1.3382431964981047,1.3002391628358112,1.3382431964981047,1.269463025836431,1.180825376770454,1.269463025836431,1.180825376770454
3.1164842717837917,3.26289355132117,3.1164842717837917,3.26289355132117,2.966902927778038,3.397164870056548,2.966902927778038,3.397164870056548,3.225406378669473,3.2563500031018227,3.225406378669473,3.2563500031018227,2.721277754963741,3.6277069509110107,2.721277754963741,3.6277069509110107,3.1164842717837917,3.26289355132117,3.1164842717837917,3.26289355132117,2.966902927778038,3.397164870056548,2.966902927778038,3.397164870056548,3.1106056777537874,3.084364210130842,3.1106056777537874,3.084364210130842,2.4943698548600715,3.781487392532121,2.4943698548600715,3.781487392532121,3.3589865650014348,3.1691806983308535,3.3589865650014348,3.1691806983308535,3.3657778788788715,3.4697618588046026,3.3657778788788715,3.4697618588046026,3.01045623781828,3.1859037891487443,3.01045623781828,3.1859037891487443,2.721535853325378,3.603446864338675,2.721535853325378,3.603446864338675,2.9908999342770644,3.274805026492393,2.9908999342770644,3.274805026492393,3.4718450622462487,2.846081266406532,3.4718450622462487,2.846081266406532,3.209813006329323,3.0524145632692883,3.209813006329323,3.0524145632692883,3.0609829996588656,2.7641774977015716,3.0609829996588656,2.7641774977015716,3.054508952808114,3.25887777015068,3.054508952808114,3.25887777015068,2.8651775304247655,4.010192426516354,2.8651775304247655,4.010192426516354
1.2948311883790529,1.336120588138252,1.2948311883790529,1.336120588138252,1.532172501524054,1.6162831769313575,1.532172501524054,1.6162831769313575,1.2412884275147464,1.4936024679642486,1.2412884275147464,1.4936024679642486,1.593135664091182,1.7488038372300816,1.593135664091182,1.7488038372300816,1.2948311883790529,1.336120588138252,1.2948311883790529,1.336120588138252,1.532172501524054,1.6162831769313575,1.532172501524054,1.6162831769313575,1.4835546047722823,1.5779745353483408,1.4835546047722823,1.5779745353483408,1.7915271097183407,1.6632281665935116,1.7915271097183407,1.6632281665935116,1.7839945579447771,1.6710794828201718,1.7839945579447771,1.6710794828201718,1.564131675909942,1.8133717511593914,1.564131675909942,1.8133717511593914,1.5835001082686937,1.5309843414176476,1.5835001082686937,1.5309843414176476,1.5071808087212866,1.7372484062130575,1.5071808087212866,1.7372484062130575,1.607838735146194,1.555688596548358,1.607838735146194,1.555688596548358,1.5466470764910234,1.7585272672812842,1.5466470764910234,1.7585272672812842,1.5729719792694083,1.6235158682602184,1.5729719792694083,1.6235158682602184,1.5673312070382943,1.587298158019106,1.5673312070382943,1.587298158019106,1.578387060291992,1.456036475137011,1.578387060291992,1.456036475137011,1.5890867883596065,1.9731094875211463,1.5890867883596065,1.9731094875211463
0.8718547787573594,0.9130024694236695,0.8718547787573595,0.9130024694236695,0.7824558429597354,1.0366252239575,0.7824558429597354,1.0366252239575,0.8702220475012521,0.831419324300445,0.8702220475012521,0.831419324300445,0.8664829934012523,1.0029376353923427,0.8664829934012523,1.0029376353923427,0.8718547787573595,0.9130024694236695,0.8718547787573595,0.9130024694236695,0.7824558429597354,1.0366252239575,0.7824558429597354,1.0366252239575,0.871614152128808,1.0328082009652342,0.871614152128808,1.0328082009652342,0.9601572203210214,1.1934836942186273,0.9601572203210214,1.1934836942186273,0.8710673696952508,0.9814374827322656,0.8710673696952508,0.9814374827322656,0.8922104656468328,1.1170046828091842,0.8922104656468328,1.1170046828091842,0.8365215860460342,0.9521360823544448,0.8365215860460342,0.9521360823544448,0.8711027307664512,1.046313463882547,0.8711027307664512,1.046313463882547,0.9447211209646545,1.1139022121737516,0.9447211209646545,1.1139022121737516,0.8484208724296688,1.2242810828082167,0.8484208724296688,1.2242810828082167,0.9098610761409364,1.043137241686615,0.9098607632301121,1.0431372416872784,0.7954657131540372,1.1512431223915631,0.7954657131540372,1.1512431223915642,0.9159495320116169,1.0035674061642876,0.9159495320116201,1.0035674061642879,1.0241736756382676,1.2035703220159537,1.0241736756381454,1.2035703220159533
0.2392028561682222,0.3003476795260171,0.23920285616822845,0.3003476795260171,0.22969989600796803,0.20493254796771276,0.22969989600796803,0.20493254796771276,0.29690122388716256,0.29661886930120934,0.29690122388716256,0.29661886930120934,0.18990879511565212,0.21520483248342162,0.18990879511565212,0.21520483248342162,0.2392028561682222,0.3003476795260171,0.2392028561682222,0.3003476795260171,0.22969989600796803,0.20493254796771276,0.22969989600796803,0.20493254796771276,0.29260736520399594,0.24699212175485774,0.29260736520399594,0.24699212175485774,0.2294763163119259,0.3368519306969988,0.2294763163119259,0.3368519306969988,0.33134054531705953,0.4008557301925029,0.33134054531705953,0.4008557301925029,0.2630912665134576,0.3869052944790503,0.2630912665134576,0.3869052944790503,0.2669605713182653,0.35130769015982527,0.2669605713182653,0.35130769015982527,0.23040059066775642,0.3174830122148566,0.23040059066775642,0.3174830122148566,0.20720637999125105,0.27457244298106676,0.20720637999125105,0.27457244298106676,0.19637113252875782,0.17657822774862783,0.19637113252875782,0.17657822774862783,0.2452727014373683,0.40427960831207843,0.2452727014373683,0.40427960831207843,0.21791477910672744,0.27531988129151874,0.21791477910672744,0.27531988129151874,0.26391637999619416,0.2793296621641643,0.26391637999619416,0.2793296621641643,0.1990634085921025,0.2508018667258404,0.1990634085921025,0.2508018667258404
1.0898209474705711,1.0330695014853075,1.0898209474705711,1.0330695014853075,1.1600882504861618,1.0988309199384199,1.1600882504861614,1.0988309199384194,1.0611755661932287,0.9765540868980452,1.0611755661932287,0.9765540868980458,1.0539574846734323,1.131310275108181,1.0539574846734323,1.131310275108181,1.0898209474705711,1.0330695014853073,1.0898209474705711,1.0330695014853075,1.1600882504861618,1.0988309199384199,1.1600882504861618,1.0988309199384199,1.171184170240961,0.8752802118485551,1.171184170240961,0.8752802118485551,1.154623054782438,0.798369546275942,1.154623054782438,0.7983695462759418,1.2003427547765153,0.9793007660532594,1.2003427547765153,0.9793007660532591,1.1831588851597223,0.9222901700375142,1.1831588851596695,0.9222901700375131,1.0855436570505008,0.866696478932262,1.0855436570505002,0.866696478932262,1.0927635705937222,0.9495687645863977,1.0927635705937229,0.9495687645863977,1.046858554143322,0.7265972459019798,1.0468585541433222,0.7265972459019798,0.7819562373815785,0.6065662051120103,0.7819562373815785,0.6065662051120103,1.1169399394015878,0.9541733599425879,1.1169399394015878,0.9541733262351723,0.9100355217053768,0.8859634396659142,0.910025409390506,0.8859634396659142,0.9829109274721415,0.8988350954751609,0.9829109274721415,0.8988350954751613,0.9062663200718166,0.791289234576135,0.9062663200718166,0.791289234576135
0.6828872115577354,0.5880677283834874,0.6828872115577354,0.5880677283834874,0.7133332354173235,0.7117300738102403,0.7133332354173234,0.7117300738102407,0.6852946231170369,0.587577188677725,0.6852946231170369,0.587577188677725,0.8448179324464118,0.7014693058235256,0.8448179324464118,0.7014693058235256,0.6828872115577354,0.5880677283834874,0.6828872115577354,0.5880677283834874,0.7133332354173234,0.7117300738102407,0.7133332354173234,0.7117300738102407,0.6798472395167319,0.6753893111458392,0.6798472395167319,0.6753893111458392,0.49410891580430377,0.7926461759128837,0.49410891580430377,0.7926461759128837,0.7400894618841444,0.6523006992198944,0.7400894618841444,0.6523006992198944,0.7754510009609539,0.6782793404541104,0.7754510009609539,0.6782793404541104,0.694352184892402,0.6907673576110407,0.694352184892402,0.6907673576110407,0.7123894284630853,0.6791581941321518,0.7123894284630853,0.6791581941321518,0.8214218680019086,0.7595381223334734,0.8214218680019086,0.7595381223334734,0.8766480116357347,0.7484081362707555,0.8766480116357347,0.7484081362707555,0.7670108854980776,0.7134933321218906,0.7670108854980776,0.7134933321218906,0.7406732056197427,0.8591362224195667,0.7406732056197427,0.8591362224195667,0.630685348654718,0.7336686990332173,0.630685348654718,0.7336686990332173,0.861291581204598,0.8846276577753982,0.861291581204598,0.8846276577753982
0.14141514793812815,0.12325800890093444,0.14141514793812832,0.12325800890093444,0.08324643135194207,0.0983090486930325,0.08324643135194207,0.09830904869303257,0.13048371797874536,0.14759247577927742,0.13048371797874536,0.14759247577927742,0.10115353506244477,0.07624668474501997,0.10115353506244473,0.07624668474501997,0.14141514793812832,0.12325800890094216,0.14141514793812832,0.12325800890094216,0.08324643135194207,0.0983090486930325,0.08324643135194207,0.0983090486930325,0.0652089201042672,0.06364654517438317,0.06520892010426696,0.06364654517438376,0.05088263101259015,0.08512877810634983,0.050882631012590884,0.08512877810634979,0.09299742002117563,0.0653933239371556,0.09299742002117563,0.06539332393715558,0.06185424155325102,0.046221264608881756,0.06185424155325102,0.04622126460888139,0.08593953388919652,0.04537280465362935,0.08593953388919685,0.04537280465362898,0.050026698464364236,0.03710011956612627,0.050026698464364236,0.03710011956612727,0.05782440022377504,0.04567706086361821,0.05782440022377443,0.04567706086361821,0.054450996589452696,0.09626097543626919,0.05445099658945661,0.09626097543626919,0.03974882746021061,0.038279669855246654,0.03974882746021061,0.038279669855246654,0.06696289496940738,0.0314170879203732,0.06696289496940738,0.0314170879203732,0.05173854819777849,0.02589745736755546,0.05173854819777849,0.02589745736755512,0.06773347289846172,0.03464299273043912,0.06773347289846172,0.03464299273043912
1.6566377390338105,1.8084373329417835,1.6566377390338105,1.8084373329417835,1.9172798116288328,1.7016302633344573,1.9172798116288288,1.7016302633344573,1.6025028281883174,1.7733736194175436,1.6025028281883174,1.7733736194175436,2.039860326947168,1.9246424944185556,2.039860326947168,1.9246424944177272,1.6566377390338105,1.8084373329417835,1.6566377390338105,1.8084373329417835,1.9172798116288288,1.7016302633344573,1.9172798116288288,1.7016302633344573,1.486724933580489,1.4352435460950712,1.4867249335804895,1.435243546094986,1.7460347389026687,1.4308602116593045,1.7460347389026682,1.4308602116593045,1.3557828427120135,1.587594751211722,1.3557828427119898,1.5875947512116941,1.740447858623326,1.353024736261703,1.740447858623326,1.3530247362617032,1.460140620495772,1.3332182863533781,1.460140620495772,1.3332182863533781,1.8540374593622437,1.418712638850384,1.8540374593622437,1.4187126388505669,1.4446347475444379,1.3511490672904047,1.4446347475444379,1.3511490672904047,1.5463246083974682,1.6235790000748502,1.5463246083974682,1.6235790000748502,1.4669539516154795,1.605160528809741,1.4669605517081865,1.605160528809741,1.414220537075969,1.2112193787756373,1.414220537075969,1.2112193787756373,1.6837496369479918,1.1900522875491721,1.683749636947784,1.1900522875491724,1.4181079008555546,1.0965857511506665,1.4181079008555546,1.0965857511506667
0.04702527170262414,0.06686184052460231,0.04702527170262415,0.06686184052460224,0.08104780969975803,0.0974603774351525,0.08104780969975803,0.0974603774351525,0.05145750903563394,0.07853068100717098,0.05145750903563395,0.07853068100717098,0.0560024270447832,0.06602181135979134,0.0560024270447832,0.06602181135979138,0.04702527170262414,0.06686184052460231,0.04702527170262414,0.06686184052460224,0.08104780969975803,0.0974603774351525,0.08104780969975797,0.0974603774351525,0.03250823415469496,0.0987740702907331,0.032508234154694435,0.0987740702907331,0.0662557091299206,0.17299685242789348,0.0662557091299206,0.17299685242789348,0.04204288300052674,0.06605342507720992,0.04204288300052674,0.06605342507720992,0.05523352735664818,0.04597789214774679,0.05523352735664981,0.04597789214774731,0.06378935532849653,0.050258002428002956,0.06378935532849653,0.050258002428002956,0.09300012821449374,0.06569063076202415,0.09300012821449374,0.06569063076206486,0.06191338632752286,0.09172234697621996,0.06191338632752286,0.09172234697621996,0.07339038199483001,0.11355634786758265,0.0733903819948282,0.11355634786758265,0.038769155332129136,0.04554678316767104,0.03876928310298576,0.03056434123555358,0.06219779167956104,0.04566495125897198,0.06219779167956104,0.04566495125897198,0.10815065794961691,0.1062768844291728,0.10815065794961691,0.1062768844291728,0.13403492443764692,0.08924269430231883,0.13403492443764692,0.08924269430231986
2.983640201762926,3.2444412733426176,2.983640201762926,3.2444412733426176,3.0519610862032116,3.490709571192876,3.0519610862032116,3.490709571192877,3.0136477554121326,3.4452574054752545,3.013647755412132,3.4452574054752545,3.2514779778617586,3.7533693748932513,3.2514779778617586,3.7533693748932513,2.9836402017629267,3.2444412733426176,2.9836402017629267,3.2444412733426176,3.051961086203211,3.490709571192876,3.0519610862032116,3.490709571192876,3.1168891168748063,3.8236529721429946,3.1168891168748063,3.823652972142992,3.128233966827064,3.9694672968600564,3.1282339668260186,3.969467296860059,3.265435055441629,3.4306352287129736,3.2654350554416625,3.4306352287129718,3.506790683526657,3.533287150156594,3.5067906835252636,3.533287150156597,2.952313638355833,3.7218617233554037,2.952313638355833,3.7218617233554037,3.110344456389025,3.16867671101248,3.110344456389506,3.168676711012467,3.15699402582366,2.6501493556869353,3.156994025823659,2.6501493556869353,3.4305185343703513,1.4797573455885185,3.4305185343703513,1.4797573455885185,3.473395944097529,3.9832789648419764,3.511268804248167,3.983276110625119,2.910374280982809,4.145800032418256,2.910374280982809,4.021308503941938,3.4077179623707985,3.3663258823325193,3.4077179623707985,3.3663258823325193,3.5637338099489284,2.6332684152667007,3.5637338099489284,2.6332684152666994
0.6854038317912405,0.5871995879740949,0.6854038317912405,0.5871995879740949,0.6772616894639865,0.5265962219803207,0.6772616894639865,0.5265962219803207,0.6829998707036391,0.7124780435661041,0.6829998707036391,0.7124780435661041,0.7810861165406762,0.6895787168754597,0.7810861165406762,0.6895787168754597,0.6854038317912405,0.5871995879740949,0.6854038317912405,0.5871995879740949,0.6772616894639865,0.5265962219803207,0.6772616894639865,0.5265962219803207,1.0126749470067264,0.7844382522041813,1.0126749470067264,0.7844382522041813,0.6166418591995032,0.5255947821692197,0.6166418591995032,0.5255947821692197,0.7973208934867586,0.7214606276072344,0.7973208934867586,0.7214606276072344,1.0228768712788137,0.7070779021638779,1.0228768712788137,0.7070779021638779,0.8104568386641583,0.8224138238535345,0.8104568386641583,0.8224138238535345,0.693855418388548,1.1157617605372534,0.693855418388548,1.1157617605372534,0.8690056048193551,0.5837384769989923,0.8690056048193551,0.5837384769989923,0.721760655723228,0.5232533266418335,0.721760655723228,0.5232533266418335,0.4903093122139735,0.6208042190149383,0.4903093122139735,0.6208042190149383,0.7295935544896796,0.6695595322987098,0.7295935544896796,0.6695595322987098,0.7379989546180692,0.5912966314428167,0.7379989546180692,0.5912966314428167,0.9607358450959381,0.6098967666135165,0.9607358450959381,0.6098967666135165
0.12157317735616076,0.13805022675451883,0.12157317735616081,0.13805022675451892,0.2645197765590956,0.16408443594062408,0.2645197765590956,0.16408443594062408,0.11194579637638435,0.1316178550533677,0.11194579637638435,0.1316178550533677,0.22608176099646127,0.15312718907081632,0.22608176099646127,0.15312718907081632,0.12157317735616081,0.13805022675451892,0.12157317735616081,0.13805022675451892,0.2645197765590956,0.16408443594062408,0.2645197765590956,0.16408443594062408,0.2538604186159566,0.14147067643373593,0.2538604186159566,0.14147067643373593,0.5587322042810337,0.17802827940237947,0.5587322042810337,0.17802827940237947,0.15060946983509754,0.1754870321109692,0.15060946983509754,0.1754870321109692,0.16710023119894155,0.3935292817266136,0.16710023119894155,0.3935292817266136,0.26424994050765394,0.13753570013077868,0.26424994050765394,0.13753570013077868,0.2366884629074102,0.34290985659901535,0.2366884629074102,0.34290985659901535,0.22172207750640008,0.2686234950311676,0.22172207750640008,0.2686234950311676,0.3303406746387081,0.21140121873724038,0.3303406746387081,0.21140121873724038,0.23044483582811434,0.27742405276970095,0.23044483582811434,0.27742405276970095,0.19930658653001299,0.6741966237259363,0.19930658653001299,0.6741966237259363,0.2715154346023451,0.23505295780126667,0.2715154346023451,0.23505295780126667,0.43689072083399816,0.4224396515180666,0.43689072083399816,0.4224396515180666
1.0115231771542332,0.9906340837267013,1.011523177154234,0.990634083726701,0.8213961902961486,0.8734152542622002,0.8213961902961486,0.8734152542621995,0.9820692257188238,0.9240733944246965,0.9820692257188232,0.9240733944246965,0.871399224186036,0.9141712559960834,0.8713992241860358,0.9141712559960834,1.0115231771542332,0.9906340837267013,1.0115231771542332,0.9906340837267013,0.8213961902961486,0.8734152542622002,0.8213961902961486,0.8734152542622002,0.7489155563464713,0.5538744260892882,0.7489155563464734,0.5538744260892882,0.6223337627741089,0.6245525375377166,0.6223337627741089,0.6245525375377188,0.7957092436795024,0.7144818741867504,0.7957092436795024,0.7144818741867511,0.866926548689571,0.7706337022278795,0.866926548689571,0.7706337022278795,0.8594159130508924,0.5541438256548518,0.8594159130508942,0.5541438256548518,0.6111525871605153,0.886613385742509,0.6111525871605177,0.886613385742509,0.7365455850849263,0.6922279690828389,0.7365455850849263,0.6922279690828389,0.8989322627356068,0.8188980542320774,0.8989322627356068,0.8188980542320774,0.8846235733440143,0.9055983065269605,0.8846235733440145,0.9055983065269605,0.813313173334479,0.6915732690717529,0.8133131733344762,0.6915732690717529,0.9063894704982598,0.6495420225379492,0.9063894704982598,0.6495420225379506,0.9080703337525773,0.7526416456275502,0.9080703337525744,0.7526416456275473
1.8523700216968568,1.8323092074458078,1.852370021696857,1.8323092074458078,1.7401480370572386,2.0282386433358233,1.7401480370572386,2.0282386433358233,1.860882029812878,1.895980659033682,1.8608820298126971,1.895980659033682,1.8458932356898088,1.7188212559264233,1.8458932356898088,1.7188212559264233,1.8523700216968568,1.8323092074458078,1.852370021696857,1.8323092074458078,1.7401480370572386,2.0282386433358233,1.7401480370572386,2.0282386433358233,1.921877160481391,1.8659607437476187,1.921877160481391,1.8659607437476187,1.8149930918096988,1.804092548329845,1.8149930918096988,1.804092548329845,1.7583632381375285,2.0543928068381754,1.7583632381375285,2.0543928068381754,1.7886722239063098,1.932619692585091,1.7886722239063098,1.932619692585091,1.7781204724100088,1.9402226163606215,1.7781204724100086,1.940222616360621,1.6613705913473322,1.9234862919330038,1.6613705913473322,1.9234862919330038,1.6973150541059234,1.9523264829004094,1.6973150541059234,1.9523264829004099,1.8982303150925497,1.8620720925819618,1.8982303150925497,1.8620720925819618,1.6429547006377974,1.771741548803077,1.6429547006377976,1.771741548803077,1.7534358028867179,1.7089548149614686,1.7534358028867179,1.7089548149614686,1.8327308738649866,1.846533822706536,1.8327308738649866,1.846533822706626,1.8108164488475293,1.3796364531275234,1.8108164488475293,1.3796364531275238
0.29400930697030786,0.2926251197708916,0.29400930697030814,0.2926251197708916,0.25796037431166724,0.25927353443509704,0.25796037431166724,0.25927353443509704,0.29662922986332624,0.29390396563035465,0.29662922986332624,0.29390396563035465,0.2430985117781648,0.2416864173086235,0.2430985117781648,0.2416864173086235,0.29400930697030814,0.2926251197708916,0.29400930697030786,0.2926251197708916,0.2579603743116671,0.25927353443509765,0.25796037431166724,0.25927353443509704,0.3058144300819317,0.2855695622220252,0.3058144300819317,0.28556956222202473,0.2707521060346721,0.33529741360108045,0.2707521060346721,0.33529741360108045,0.2349096557887815,0.29819033310595994,0.23490965578875647,0.2981903331059602,0.1572401860549444,0.30975347421748783,0.1572401860549444,0.30975347421748795,0.23637779986873297,0.28947459985415014,0.23637779986873295,0.28947459985415014,0.252170936298482,0.3388735520471964,0.252170936298482,0.3388735520471983,0.27153970713516,0.27991699943906795,0.27153970713516,0.2799169994390686,0.24162536891207834,0.2573066800242158,0.2416253689120782,0.25730668002421697,0.2883328603106938,0.2821490589714009,0.2883328603106938,0.2821490589714009,0.1782545987046593,0.2538433761377931,0.17825459870465912,0.25384337613779295,0.22345297405982323,0.2976303926590282,0.22345297405982337,0.29763039265902863,0.25847549449098256,0.37328630880637964,0.25847549449098256,0.37328630880637964
1.3328594878592246,1.429305804186907,1.3328594878592244,1.429305804186907,1.2653841336053586,1.1867038326740924,1.2653841336053586,1.1867038326740926,1.377429294696717,1.528136139421343,1.377429294696717,1.528136139421343,1.2472668707660024,1.0381214335736673,1.2472668707660024,1.0381214335736668,1.3328594878592246,1.429305804186907,1.3328594878592244,1.429305804186907,1.2653841336053586,1.1867038326740924,1.2653841336053586,1.1867038326740924,1.1745958277928568,1.0029535115334456,1.1745958277928568,1.0029535115325696,0.8267146968323029,0.7845339673447659,0.8267146968323029,0.7845339673447648,1.3047554016542966,1.1117333784830992,1.3047554016542966,1.1117333784830992,0.6771344414146571,0.9855809958303501,0.6771344414145557,0.9855809958303501,1.0625573893344338,0.9523358396919153,1.0625573893344338,0.9523358396919162,0.8546180397460057,0.8713296100090058,0.8546180397460053,0.8713296100090064,0.9812839693819573,0.9151051783687868,0.9812839693819573,0.9151051783687868,0.8703207389734181,0.7134227019675703,0.8703207389734181,0.7134227019675703,1.014322339814325,0.9046871744426054,1.014322339814325,0.9046871744426054,0.7797909832521628,0.8610775886124984,0.7797909832549996,0.8610775886155361,1.0494135511250067,0.8610718504818539,1.0494135511250064,0.8610718504818539,1.0084821002244913,0.8049378428352905,1.0084821002236668,0.8049378428352905
0.7226396324642004,0.7411049032202045,0.7226396324642,0.7411049032202045,0.9273476055424126,0.8311211131390991,0.927347605542413,0.8311211131390991,0.7013104356808955,0.8251557194764564,0.7013104356808958,0.825155719476456,0.9766455376850105,0.7292677510510753,0.9766455376850105,0.7292677510510753,0.7226396324642,0.7411049032202045,0.7226396324642,0.7411049032202047,0.927347605542413,0.8311211131390991,0.927347605542413,0.8311211131390716,0.8000987280610508,0.889356067489848,0.8000987280610504,0.889356067489848,0.8197077592915701,0.9231298634221071,0.8197077592915694,0.9231298634221063,0.8215722022747945,0.8338341224790892,0.8215722022747991,0.8338341224790892,0.9189878212862682,0.870091276903638,0.9189878212862682,0.8700912769036384,0.8163845811420344,0.9290165349677689,0.8163845811420344,0.9290165349677688,0.9735089803933886,0.9301166296281344,0.9735089803933886,0.930116629628135,0.7290134471696633,0.8643756973443412,0.7290134471696633,0.8643756973443416,1.0297853498182172,0.9448203340976804,1.0297853498182172,0.9448203340976804,0.8382615103512479,0.8878589067432335,0.8382615103512484,0.8706154237563021,0.895818308355837,0.8376789164214001,0.895818308355837,0.83768020066982,0.8054380851145639,0.8503126074616387,0.8054380851145639,0.8503126074616387,0.7257094344155005,0.9847696101981059,0.7257094344152603,0.9847696101981059
0.4505075213930634,0.4401916089535563,0.45050752139306327,0.4401916089535563,0.4519131910305346,0.5308211104015399,0.4519131910305346,0.5308211104015399,0.4390944220785747,0.4424452751851934,0.43909442207857474,0.4424452751851934,0.4693945710323879,0.518111806921231,0.46939457103238696,0.518111806921231,0.45050752139306327,0.4401916089535563,0.4505075213930634,0.4401916089535559,0.45191319103053446,0.5308211104013975,0.45191319103053446,0.5308211104015399,0.3807279778205424,0.45904201041559095,0.3807279778205424,0.45904201041559095,0.35176071926277974,0.42190936158406395,0.35176071926277974,0.42190936158406395,0.4046603595120554,0.4186641714989921,0.4046603595120554,0.4186641714989923,0.37544618840794486,0.4644044998935844,0.3754461884079448,0.4644044998935844,0.37577168078478884,0.46685486498466106,0.37577168078478884,0.4668548649846609,0.3436391888899149,0.4669518034949823,0.3436391888899149,0.4669518034949819,0.420681903143175,0.43352559252188877,0.420681903143175,0.43352559252188877,0.329728630890972,0.3795363676909217,0.329728630890972,0.3795363676909217,0.3535274667231274,0.4118986936533643,0.3535274667231274,0.4118986936533643,0.3362418115567984,0.3853529242062222,0.3362418115567984,0.3853529242062222,0.3796862769632751,0.3922925486294952,0.3796862769632751,0.3922925486294952,0.3523521454424707,0.38417363895205464,0.3523521454424707,0.38417363895205464
0.5293283581705435,0.48129867501559254,0.5293283581705435,0.48129867501559254,0.48133436575780875,0.4421941594135807,0.48133436575780875,0.4421941594135807,0.4802766927784267,0.4631002651795834,0.4802766927784267,0.4631002651795834,0.4122499012721402,0.485594443323178,0.4122499012721402,0.485594443323178,0.5293283581705435,0.48129867501559254,0.5293283581705435,0.48129867501559254,0.48133436575780875,0.4421941594135806,0.48133436575780875,0.4421941594135807,0.4193308015990911,0.5232359270048255,0.4193308015990911,0.5232359270048255,0.40752962945618637,0.44157209896430655,0.40752962945618637,0.44157209896430655,0.4712975242425261,0.5229808910711212,0.47129752424252624,0.5229808910711212,0.39376308523713427,0.4204228465640117,0.39376308523713427,0.4204228465640117,0.4309517361752108,0.4957164970203344,0.4309517361752108,0.4957164970203344,0.34128529518046724,0.4559549837629386,0.34128529518046724,0.4559549837629386,0.4814641644613515,0.4121742723539981,0.4814641644613515,0.4121742723539981,0.45833085307569876,0.4677483030722175,0.45833085307569876,0.4677483030722175,0.40309836390939086,0.3865370206105105,0.40309836390939086,0.3865370206105105,0.41683246114051853,0.34380409408390716,0.41683246114051853,0.34380409408390716,0.4362534782380404,0.41855346955518596,0.4362534782380404,0.41855346955518596,0.3504776895583489,0.5053918027417003,0.3504776895583489,0.5053918027417003
1.110232493721693,1.1651619224464207,1.110232493721693,1.1651619224464207,1.195172778699408,1.222593316661244,1.1951727786994417,1.2225933166612446,1.0792629141419514,1.0778227477355438,1.0792629141419514,1.0778227477355442,1.2573762049933161,1.2110602844583727,1.2573762049933161,1.2110602844583727,1.110232493721693,1.165161922446421,1.110232493721693,1.1651619224464207,1.1951727786994417,1.222593316661244,1.1951727786994417,1.2225933166612446,1.0491343748243724,1.0627101128188046,1.0491343748243724,1.062710112818804,1.1347388192279675,1.1782960905548172,1.1347388192279675,1.1782960905548185,0.9597003155799272,0.9814625713745639,0.9597003155799272,0.9814625713745639,1.0410686560618758,1.0113713085109353,1.0410686560618758,1.0113713085113105,1.0415793079822393,1.046110643285098,1.0415793079822393,1.0461106432850984,1.0940632149971077,1.1425404352359652,1.0940632149971035,1.1425404352359638,1.0481190746701337,0.997964139149584,1.0481190746701337,0.997964139149584,0.9172387095718312,0.988128650181513,0.9172387095718312,0.988128650181513,1.0126015319311141,0.985518086467814,1.0126015319311141,0.985518086467814,0.9491922509871638,0.9722922368491985,0.9491922509871638,0.9722922368491985,0.9271999012075808,1.067918898824063,0.9271999012075806,1.0679188988240635,0.9204600709358394,1.0359176781892718,0.9204600709358389,1.0359176781892718
0.8406942388878954,0.8038343440812469,0.8406942388878951,0.8038343440812469,0.9290046048740062,0.8428079090780013,0.9290046048740065,0.8428079090780013,0.821447644722816,0.8242208203957304,0.821447644722816,0.8242208203957304,0.9083602127177101,0.8732136096270368,0.9083602127177101,0.8732136096270368,0.8406942388878951,0.8038343440812469,0.8406942388878951,0.8038343440812469,0.9290046048740065,0.8428079090780013,0.9290046048740065,0.8428079090780013,0.865227223612345,0.8707145671929452,0.865227223612345,0.8707145671929452,1.0168695338300815,1.026952681238143,1.0168695338300795,1.026952681238143,0.9154983683623622,0.8116202490389305,0.9154983683623622,0.8116202490389305,0.8358809730669291,0.8706136647789632,0.8358809730669271,0.8706136647789608,0.9299014415678001,0.9107957792548419,0.9299014415678,0.9107957792548419,0.8790330607021883,0.8735116737368908,0.8790330607021898,0.8735116737368929,0.8327156016351703,0.7504378958318049,0.832715601635161,0.7504378958318049,1.0103189689027332,0.8617967323390443,1.010318968902788,0.8617967323388289,0.8063652192687989,0.6950367993746298,0.8063673484039103,0.6950367993746305,0.9409349419750229,0.7093343871651163,0.9409349419750229,0.7093343871651163,0.8371631502769552,0.6467568092210851,0.8371631502769552,0.6467568092210846,0.9373603251455785,0.7988374904100355,0.9373603251455785,0.7988374904100367
0.46313893700079684,0.4899471993946737,0.46313893700079695,0.4899471993946737,0.5516264963798868,0.49918187671888353,0.5516264963798868,0.49918187671888353,0.4811014295215232,0.5195857910055565,0.4811014295215232,0.5195857910055567,0.4998975541736787,0.5125344100990109,0.4998975541736787,0.5125344100989565,0.46313893700079684,0.4899471993946737,0.46313893700079695,0.4899471993946737,0.5516264963798868,0.4991818767188826,0.5516264963798868,0.49918187671888353,0.4422713126976489,0.4630520419060847,0.4422713127254429,0.4630520419060841,0.5083648123228363,0.5929902191795404,0.5083648123228363,0.5929902191795404,0.5494479117215202,0.5661119070524744,0.5494479117215202,0.5661119070524738,0.5004128082937257,0.5664683387657957,0.5004128082937257,0.5664683387657968,0.45999714155213683,0.5170363325326428,0.45999714155213683,0.5170363325326428,0.5261841653224464,0.5366063093513691,0.5261841653224468,0.5366063093513691,0.5228526313765001,0.5198429480411202,0.5228526313765001,0.5198429480411211,0.49874253198151985,0.5974048114845892,0.49874253198155705,0.5974048114846056,0.52063626002999,0.5680639582952488,0.561744168950841,0.5680639582952492,0.48084020129145605,0.5835696477847945,0.4808593347231342,0.5835696477847933,0.6043945143186915,0.5640181835678041,0.6043945143186915,0.5640181835678041,0.47794632751030236,0.6779481598893448,0.47794632751030236,0.6779481598893448
0.41443054267627627,0.44976175387253015,0.41443054267627627,0.4497617538725302,0.37312222826144364,0.40299507380982735,0.37312222826144364,0.40299507380982724,0.40380716137264333,0.46401468747875013,0.4038071613726437,0.46401468747875024,0.39740624152741516,0.43212235828031587,0.3974062415274152,0.43212235828031587,0.4144305426763106,0.44976175387253015,0.4144305426763106,0.4497617538725302,0.37312222826144364,0.40299507380982735,0.37312222826144364,0.40299507380982735,0.37545165620193827,0.44111478556055805,0.37545165620193827,0.44111478556055844,0.40826608520773816,0.38887434202709187,0.4082660852077394,0.38887434202709187,0.398947795055087,0.39899736411712666,0.398947795055087,0.39899736411712616,0.4090417584255464,0.3986266304967037,0.4090417584255464,0.3986266304967037,0.3566995633817856,0.4434070967628841,0.3566995633817861,0.4434070967628837,0.3664480581226209,0.3710272968483847,0.36644805812183684,0.3710272968483847,0.37145763055153613,0.44187134717607235,0.37145763055153613,0.441871347176073,0.3834743719408961,0.382587130707686,0.3834743719408945,0.382587130707685,0.40829815187174107,0.44385098321507976,0.40829815187174107,0.44385098321507976,0.27993733721284975,0.34780514747370445,0.27993733721284975,0.34780514747370445,0.5462039053087082,0.43282829200281486,0.546203905308708,0.4328282920028155,0.3911916017810616,0.33922146294188266,0.3911916017810616,0.3392214629418813
0.5950380503761232,0.5227383257702725,0.5950380503761232,0.5227383257702727,0.5780385249317981,0.5306111186767887,0.5780385249317983,0.5306111186767887,0.6111127979683922,0.5351766675654558,0.6111127979683922,0.5351766675654558,0.6215045787378658,0.5893202757396242,0.6215045787378658,0.5893202757396243,0.5950380503761232,0.5227383257702727,0.5950380503761232,0.5227383257702727,0.5780385249317983,0.5306111186767887,0.5780385249317983,0.5306111186767887,0.6104067998136483,0.5616464136006198,0.6104067998136483,0.5616464136006201,0.6149398464043112,0.5807875190099796,0.6149398464043112,0.5807875190099804,0.6018973192930923,0.5293442308790411,0.6018973192930925,0.5293442308790411,0.5539283647387007,0.5295532065759985,0.5539283647387246,0.5295532065759985,0.63038142763224,0.5852718783657246,0.63038142763224,0.5852718783657244,0.6188314993972212,0.5701180152666868,0.6188314993972212,0.5701180152666868,0.5901217501517851,0.5997612998019689,0.5901217501517851,0.5997612998019689,0.6135990306196001,0.5543607760878845,0.6135990306197212,0.5543607760878846,0.5538488198034053,0.516532983291832,0.5538457979015801,0.5165329832918322,0.5663606095696924,0.5309877160843641,0.5663605952750077,0.5309877160843641,0.5854538970720001,0.5553054519785717,0.5854538970720001,0.5553054519785717,0.5654192136317212,0.5823308790822398,0.565419213631721,0.5823308790822398
0.5822105290523024,0.5738566636777681,0.5822105290523023,0.5738566636777681,0.636559181320424,0.617285904758552,0.636559181320424,0.617285904758552,0.6345382972230283,0.5937487444056694,0.6345382972230283,0.5937487444056696,0.6439307478877672,0.6677081005371148,0.6439307478877672,0.6677081005371155,0.5822105290523023,0.5738566636777681,0.5822105290523024,0.5738566636777681,0.636559181320424,0.6172859047585515,0.636559181320424,0.617285904758552,0.6594475875301039,0.6704107738203008,0.6594475875301037,0.6704107738203008,0.7850046425693887,0.6873437037855251,0.7850046425693885,0.6873437037855251,0.6893549045890887,0.6740277261606206,0.6893549045891331,0.6740277261606206,0.7631342203368378,0.6915121567307896,0.7631342203365135,0.6915121567307896,0.6574742789926141,0.680028625389537,0.6574742789926142,0.680028625389537,0.821233918229173,0.6444545008009476,0.821233918229173,0.6444545008009476,0.7840327435467813,0.789265552999506,0.7840327435467813,0.789265552999506,0.9310635616994859,0.9374362620054771,0.9310635616994859,0.9374362620054771,0.7387675296541385,0.6736601368211678,0.7387675296541384,0.6736601368211679,0.7572431240972054,0.7818099727219353,0.7572431240972054,0.7818099727219353,0.8199253535847989,0.808887384781439,0.8199253535847989,0.8088873847813913,0.8157900026874491,0.9498179912177216,0.8157900026874491,0.9498179912177216
0.5995100108521518,0.6396693823958833,0.5995100108521516,0.6396693823958833,0.5760171135575624,0.6167568298802337,0.5760171135575624,0.6167568298802337,0.6059685330044613,0.6044802474416079,0.6059685330044613,0.6044802474416079,0.5345598542902333,0.615711807523129,0.534559854290246,0.6157118075231284,0.5995100108521518,0.6396693823958833,0.5995100108521516,0.6396693823958833,0.5760171135575624,0.6167568298802337,0.5760171135575624,0.6167568298802336,0.6360123804915572,0.6162095642620454,0.6360123804915572,0.6162095642620454,0.5923639456868426,0.6879500621170962,0.5923639456868426,0.6879500621218568,0.6465349624950483,0.6520094806706598,0.6465349624950483,0.6520094806706597,0.6629517048388086,0.6585465052041418,0.6629517048388086,0.6585465052041418,0.6401230323348612,0.6505218981674836,0.640123032334876,0.6505218981674836,0.6352343688793558,0.627017935503323,0.6352343688793558,0.6270179355033227,0.5922081115815333,0.6875773605009328,0.5922081115816294,0.6875773605009328,0.6790529747547599,0.8854284233476418,0.6790529747547605,0.8854284233476423,0.6464638378366961,0.6034923673529629,0.6464638378366968,0.603492367352963,0.631142383258836,0.6286983113023711,0.631142383258836,0.6286983113023711,0.7216605910636867,0.7116360278487585,0.7216605910636867,0.7116360278487585,0.6562036582639534,0.6202885277293159,0.6562036582639277,0.6202885277293159
1.3977903801989984,1.3296533531499108,1.3977903801989984,1.3296533531499108,1.5799419933239098,1.3823883123754541,1.5799419933239098,1.3823883123754541,1.4443550578500357,1.315384367596739,1.4443550578500357,1.315384367596739,1.6254235581553536,1.5411803544905631,1.6254235581561758,1.5411803544905631,1.3977903801989984,1.329653353149911,1.3977903801989984,1.3296533531499108,1.5799419933239098,1.3823883123754541,1.5799419933239098,1.3823883123754548,1.4207007983867277,1.1377092058633018,1.4207007983867272,1.1377092058633016,1.5199272089181342,1.4518188806100814,1.5199272089181342,1.4518188806100814,1.5266873740596436,1.247052453276792,1.5266873740596436,1.247052453276792,1.3417674593974842,1.1661227870300706,1.3417674593974853,1.1661227870300706,1.465642787522942,1.283419180938316,1.4656427875229405,1.283419180938316,1.5631323836140396,1.5625575788101473,1.5631323836140396,1.5625575788101473,1.4591211140236133,1.296277136631278,1.4591211140236353,1.296277136631278,1.451366359564254,0.9002885792954917,1.451366359564253,0.9002885792954917,1.4405758115095497,1.3871988904555221,1.440575811509561,1.3871988904555221,1.7088381877772392,1.1828940466130133,1.7088381877772392,1.1828940466130133,1.3728024217507238,1.3851160778836555,1.3728024217507238,1.3851160778836555,1.2439429082481357,1.3580050102713528,1.2439429082481355,1.3580050102713528
2.6614046362414445,2.7114562593383313,2.661404636241445,2.7114562593383322,2.5528585532761143,2.9158599937867113,2.5528585532761143,2.9158599937869742,2.6059028468776213,2.7199212620027935,2.6059028468776217,2.7199212620027926,2.577179103980425,3.1080510714171883,2.5771791039804217,3.1080510714171883,2.661404636241445,2.7114562593383322,2.6614046362414445,2.7114562593383322,2.552858553276115,2.9158599937869742,2.5528585532761143,2.9158599937867113,2.6853479476148987,2.699341926118994,2.6853479476148987,2.6993419261189953,2.715523834589737,2.5417042387034905,2.715523834589737,2.5417042387034874,2.7493415427853702,2.8487732651289046,2.7493415427853702,2.848773265128904,2.7924400965807687,2.6825553525127215,2.7924400965807687,2.6825553525127215,2.647902299500439,2.626567283052697,2.647902299500439,2.626567283052698,2.5971319657289293,2.815718057977915,2.5971319657289293,2.8157180579779175,2.788845075060829,2.719390513581075,2.788845075060827,2.7193905135810743,2.923460822135901,2.3340164585409684,2.923460822135901,2.3340164585409697,2.6944830458242404,2.686211118735535,2.6944830458242404,2.686211118735535,3.1343841371716867,2.7147210395873507,3.1343841371716867,2.7147210395873507,2.7390020059224454,2.7631243825935643,2.739002005922447,2.7631243825935643,2.666029769881806,2.5505967336266844,2.666029769881803,2.5505967336266844
1.6727133073456022,1.937893390373395,1.6727133073456022,1.937893390373395,1.7807838032303815,1.950957351362476,1.7807838032303815,1.950957351362476,1.6916589250615863,1.9216264621219445,1.6916589250615863,1.9216264621219445,1.6988127267090685,1.7659231100467367,1.6988127267090685,1.7659231100467367,1.6727133073456022,1.937893390373395,1.6727133073456022,1.937893390373395,1.7807838032303815,1.950957351362476,1.7807838032303815,1.950957351362476,1.536166265149968,1.7255548599428892,1.536166265149968,1.7255548599428892,1.5700428686321564,1.7586031313364716,1.5700428686321564,1.7586031313364716,1.5942701287950187,1.6844551239374737,1.5942701287950198,1.6844551239374737,1.4887198985363979,1.696171274294258,1.4887198985363994,1.696171274294258,1.613323396246338,1.7247759966487373,1.613323396246338,1.7247759966487373,1.7356526332203308,1.7456143180752752,1.7356526332203308,1.7456143180752752,1.732250531188388,1.7196969867315361,1.732250531188388,1.7196969867315361,1.9675448119257923,1.8507890157118971,1.9675448119257923,1.8507890157118971,1.5809720173827833,1.6985570461812427,1.5809720173827833,1.6985570461812427,1.503044756977033,1.697391641771064,1.503044756977033,1.697391641771064,1.7828391458478015,1.78175616721989,1.7828391458478015,1.78175616721989,1.798692675211671,1.6668260794241545,1.798692675211671,1.6668260794241545
5.177966789778006,4.967685163842524,5.177966789778006,4.967685163842524,4.653916491190309,4.371337760615165,4.6539164911903095,4.371337760615165,5.191440753733385,4.797295491455774,5.191440753733385,4.797295491455774,4.753907342874708,4.477052328265162,4.753907342874708,4.477052328265162,5.177966789778006,4.967685163842524,5.177966789778006,4.967685163842524,4.653916491190309,4.371337760615163,4.6539164911903095,4.371337760615163,4.585401244259206,4.617084362151799,4.585401244259206,4.6170843621517985,4.584904887058708,3.932444398616401,4.584904887058708,3.932444398616402,4.74005244698587,4.403464885591186,4.74005244698587,4.403464885591186,4.443532733596483,4.235932307123769,4.443532733596483,4.235932307123769,4.681050082145027,4.655357835020982,4.681050082145026,4.655357835020982,3.973737253088566,3.740381674561264,3.9737372530885597,3.740381674561264,4.229218457003196,4.242159935375333,4.229218457003345,4.242159935375333,4.06458199676371,4.69705082593892,4.064581996763707,4.69705082593892,4.308734464634991,4.443789403827935,4.308734464634991,4.443789403827935,4.970253421593725,4.1331364939323825,4.970253421593725,4.1331364939323825,5.030904221985505,4.338879582502166,5.030904221985491,4.338879582502166,3.851355613132414,4.496852794275423,3.851355613132414,4.496852794275423
1.3470716143267019,1.2098437983910815,1.3470716143267019,1.2098437983910815,1.2421608755606643,1.205293844363353,1.242160875560664,1.205293844363353,1.2919367429808704,1.196256871771628,1.2919367429808704,1.196256871771628,1.2672491441273614,1.2708996280337728,1.267249144127361,1.2708996280337728,1.3470716143267019,1.2098437983910815,1.3470716143267019,1.2098437983910815,1.242160875560664,1.205293844363353,1.242160875560664,1.205293844363353,1.2273477023920951,1.151729091346886,1.2273477023920951,1.151729091346886,1.2039427720204599,1.2202389439396795,1.2039427720204599,1.2202389439396795,1.184375694404139,1.1394620667809543,1.1843756944041384,1.1394620667809543,1.242093462516996,1.2907491247928298,1.242093462516996,1.2907491247928298,1.238089557133778,1.131792436795488,1.238089557133778,1.131792436795488,1.170741757346053,1.2343005701867913,1.170741757346053,1.2343005701867913,1.0876548756933972,1.1634603376839756,1.0876548756933972,1.1634603376839756,1.3328120810370898,1.0443216488080387,1.3328120810370898,1.0443216488080387,1.1895597752866451,1.1857394719752568,1.1895597752866451,1.1857394719752568,1.0634293869841687,1.0101554743448349,1.0634293869841687,1.0101554743448349,1.0759132818978694,1.1671254488129152,1.0759132818978694,1.1671254488129152,1.180414006422333,1.268068958346853,1.180414006422333,1.268068958346853
2.0685566536943396,2.213537453360829,2.0685566536943396,2.213537453360829,2.1956883986019813,2.086891670282098,2.1956883986019813,2.086891670282098,2.0271253264775115,2.1785230941957527,2.0271253264775115,2.1785230941957527,2.0693872689491717,2.0437791654257373,2.0693872689491717,2.0437791654257373,2.06855665369434,2.213537453360829,2.06855665369434,2.213537453360829,2.1956883986019813,2.086891670282098,2.1956883986019813,2.086891670282098,2.0272521146459264,1.8600333717381967,2.0272521146459264,1.8600333717381967,2.0969485397321463,2.1172043406189127,2.0969485397321463,2.1172043406189127,2.043787299521268,1.9045732970916913,2.043787299521268,1.9045732970916915,1.9439962824150434,1.7633039103496337,1.9439962824150434,1.7633039103496337,1.9771932809222155,1.888080028304247,1.9771932809222155,1.888080028304247,1.9723150744084177,2.0052842235388946,1.9723150744076012,2.0052842235388946,2.034961639202015,1.9814130438948254,2.0349616392020153,1.9814130438948254,1.99767992491327,2.2074283073392493,1.99767992491327,2.2074283073392493,1.8760717140011713,2.0092140531672045,1.8760717140011713,2.0092140531672045,1.7898410401319436,2.07699304692364,1.7898410401319436,2.07699304692364,2.0330754467094843,1.9725082092609347,2.0330754467094843,1.9725082092609347,2.152137187383297,1.8085142499404814,2.152137187383297,1.8085142499404814
1.698442691871049,1.4607687077122053,1.698442691871049,1.4607687077122047,1.7297720115901576,1.7008114781086916,1.7297720115901576,1.7008114781086916,1.7777951746870084,1.4370432940283986,1.7777951746870084,1.4370432940283986,1.653524410238845,1.59878410265804,1.6535244102388478,1.5987841026587624,1.698442691871049,1.4607687077122047,1.698442691871049,1.4607687077122047,1.7297720115901576,1.7008114781086916,1.7297720115901576,1.7008114781086916,1.6113838656338175,1.7236403191578016,1.6113838656338175,1.7236403191578007,1.8437725698949587,1.6873995057981233,1.8437725698864451,1.6873995057981233,1.9476855369173094,1.7948496036321437,1.9476855369173094,1.7948496036321437,1.8825561522264054,1.4508089426728203,1.8825561522264043,1.4508089426728203,1.7259846561619365,1.8754318068295017,1.7259846561619365,1.8754318068295024,1.848367119721053,1.516715219068653,1.8483671197207752,1.5167152190686555,1.9059895879948905,1.8458133937125782,1.9059895879948905,1.8458133937125782,1.7220442939379095,1.5110350832355528,1.7220442939379095,1.5110350832355652,1.6959925666200042,1.8118348476769732,1.6959925666200069,1.8118348476769732,1.7595107251526407,1.9057973602039833,1.7595107251090867,1.9057973602039833,1.755766001044745,1.8433539912381907,1.7557660010447418,1.843353991238196,1.7850145773327604,2.0104960687336506,1.7850145773327604,2.0104960687336506
0.37133055970911955,0.3643282875926985,0.37133055970924883,0.3643282875926985,0.33562672439324637,0.3439199684036057,0.33562672439324637,0.3439199684036057,0.37038704217751917,0.34092611510896564,0.37038704217751917,0.34092611510896564,0.38379240805188986,0.31856103036933914,0.38379240805188986,0.31856103036933914,0.37133055970924883,0.3643282875926985,0.37133055970924883,0.3643282875926985,0.33562672439324637,0.3439199684036057,0.33562672439324637,0.3439199684036057,0.28066804435143256,0.3122538801082387,0.28066804435143256,0.3122538801082387,0.33363574764035503,0.36211690316184214,0.33363574764035503,0.36211690316184214,0.3038748194869535,0.3111518930224081,0.3038748194869535,0.3111518930224081,0.3095370707917358,0.25354284195345805,0.3095370707917358,0.25354284195345805,0.3479214943943073,0.2704535790380703,0.3479214943943073,0.2704535790380703,0.2968251678260789,0.34654214839406455,0.2968251678260789,0.34654214839406455,0.31476644138604354,0.23636426091487733,0.31476644138604354,0.23636426091487733,0.2135354220899786,0.19844518542826348,0.2135354220899786,0.19844518542826348,0.27454936013229186,0.29187964204734224,0.27454936013229186,0.29187964204734224,0.37615841379829157,0.2577537931467056,0.37615841379829157,0.2577537931467056,0.2085990397057192,0.26315896630395497,0.2085990397057192,0.26315896630395497,0.3227814762614869,0.19073608268706904,0.3227814762614869,0.19073608268706904
1.5350864091757728,1.428483663983328,1.5350864091757728,1.428483663983328,1.455244974933682,1.639320462001276,1.455244974933682,1.639320462001276,1.5148164847187275,1.4453528932536428,1.5148164847187275,1.4453528932536428,1.50693342189029,1.5123109133087265,1.5069334218899855,1.5123109133087265,1.5350864091757728,1.428483663983328,1.5350864091757728,1.428483663983328,1.455244974933682,1.639320462001276,1.4552449749336815,1.639320462001276,1.4221950141349884,1.3437574266536898,1.4221950141349884,1.3437574266536898,1.469037545868104,1.2272317313366357,1.469037545868101,1.227231731336635,1.3917612780824475,1.4321476087667189,1.3917612780823565,1.4321476087667189,1.49430644255528,1.3073986269410705,1.4943064425552781,1.3073986269410705,1.2682962338171264,1.357227992644446,1.268296233817125,1.357227992644446,1.295701067976364,1.8489418692320825,1.295701067976364,1.8489418692320825,1.4490802245237155,1.3664454080736186,1.4490802245237155,1.3664454080736186,1.3188805556177639,1.575501745863472,1.3188805556185696,1.575501745863472,1.442178665307567,1.3202184973260727,1.442178665307567,1.3202184973260727,1.4970377801428971,1.201590866892214,1.497037780142895,1.201590866892214,1.5563296831899565,1.3896179655242766,1.5563296831899565,1.3896179655242766,1.4385080415729186,2.119768859231407,1.4385080415729186,2.119768859231407
2.5197958103969618,2.796098678814902,2.5197958103969618,2.796098678814902,2.7459439293169243,2.5334353151757973,2.7459439293169243,2.5334353151757973,2.686975279900179,2.6918834851159863,2.686975279900179,2.6918834851159863,2.519269481173438,2.4396245352158097,2.519269481173438,2.4396245352158097,2.5197958103969618,2.796098678814902,2.5197958103969618,2.796098678814902,2.7459439293169243,2.5334353151757973,2.7459439293169243,2.5334353151757973,2.2797553852966024,2.3813557579984055,2.2797553852966024,2.3813557579984055,2.74941254912342,2.4305911256385744,2.74941254912342,2.4305911256385744,2.2462548318464517,2.2122504944881083,2.2462548318464517,2.2122504944881083,2.208709939390021,2.2820779188594553,2.208709939390021,2.2820779188594553,2.4111238445369336,2.4257388349947573,2.4111238445369336,2.4257388349947573,2.5306241745864524,2.472815677736323,2.5306241745864524,2.472815677736323,2.2436707616795384,2.245467213025035,2.2436707616795384,2.245467213025035,2.167644260695595,2.868995931386789,2.167644260695595,2.868995931386789,2.535026559970385,2.426604887443473,2.535026559970385,2.426604887443473,2.394752951047737,2.6167532487827097,2.394752951047737,2.6167532487827097,2.6203438563421817,2.150647781355517,2.6203438563421817,2.150647781355517,3.078498859432285,2.1178665625242545,3.078498859432285,2.1178665625242545
0.986454424057426,0.8663342476647102,0.986454424057426,0.8663342476647102,0.9023920087820023,0.8414890639693976,0.9023920087820023,0.8414890639693976,0.9876855919713202,0.8750503900713668,0.9876855919713202,0.8750503900713665,0.8807436006462289,0.857893650780922,0.8807436006462289,0.857893650780922,0.986454424057426,0.8663342476647102,0.986454424057426,0.8663342476647105,0.9023920087820023,0.8414890639693976,0.9023920087820019,0.8414890639693976,0.8181009866296813,0.7710619109674636,0.8181009866296813,0.7710619109674637,0.5572579466201246,0.5219381243266223,0.5572579466201246,0.5219381243266223,0.8058271655400301,0.6774065299679679,0.8058271655400301,0.6774065299679679,0.5562767591423732,0.6826989744479375,0.5562767591423732,0.6826989744479375,0.7682089207467375,0.7513106536899162,0.7682089207467373,0.7513106536899162,0.7775887334238505,0.7414832943499835,0.7775887334238505,0.7414832943499835,0.8464998728968828,0.8437032734733485,0.8464998728968828,0.8437032734733482,1.8858593262718166,1.2175006715088754,1.8858593262718166,1.2175006715088754,0.8284809009770641,0.6619991199371639,0.8284809009770641,0.6619991199371639,0.34001431834645035,0.4805235180172727,0.34001431834645035,0.4805235180172727,0.725209848512302,0.6738472143630175,0.725209848512302,0.6738472143630175,0.44923449529706383,0.6816266845106628,0.44923449529706383,0.681626684510223
2.764842396679766,2.4413498843855446,2.764842396679766,2.4413498843855446,2.5591243095242553,2.11390623471995,2.5591243095242553,2.113906234719951,2.8351848008412843,2.1914857925290603,2.8351848008412843,2.1914857925290274,2.254448126915746,2.091486228242682,2.254448126915746,2.091486228242691,2.764842396679766,2.4413498843855446,2.7648423966797666,2.441349884385544,2.5591243095242553,2.113906234719951,2.5591243095242553,2.113906234719951,2.4497862324723334,2.46339460997798,2.4497862324723334,2.4633946099779807,2.4857373616173053,2.118230658409194,2.4857373616173044,2.118230658409194,2.5266997914827383,1.9182002029708092,2.5266997914827396,1.9182002029708092,2.123921891612554,2.1199911354440593,2.123921891612554,2.1199911354440593,2.3565345054409153,1.9002352563746194,2.3565345054409153,1.9002352563746194,2.041159177018759,2.4461160467123704,2.041159177018759,2.4461160467123704,2.253167097635851,2.536879491032629,2.253167097635851,2.536879491032629,1.4609451014200632,2.805221261645071,1.4609451014190795,2.805221261645071,2.4225227485862217,1.8999235922774114,2.422522748586229,1.8999235922774114,2.3872450768071527,2.0693800918187146,2.3872450768071527,2.0693800918187146,2.223939687125286,2.244456549941491,2.223939687125286,2.2444565499414924,2.2300471805183957,2.5409616720952872,2.2300471805183957,2.540961672095303
0.21824853735387112,0.26737849835553706,0.21824853735387117,0.26737849835553706,0.364355814959427,0.2901401574712275,0.364355814959427,0.2901401574712275,0.21460477361388058,0.2529122969588814,0.21460477361388058,0.2529122969588814,0.27102286834744965,0.2778310699780012,0.2710228683474498,0.2778310699780012,0.21824853735387112,0.26737849835553706,0.21824853735387117,0.26737849835553706,0.364355814959427,0.2901401574712275,0.36435581495942715,0.2901401574712275,0.20141514081583703,0.21784285386614927,0.20141514081583703,0.21784285386614927,0.26005013661600157,0.2325436232658631,0.26005013661600185,0.2325436232658631,0.24265535709019376,0.2144718508923093,0.24265535709019376,0.2144718508923093,0.247707942554355,0.2432042425119147,0.247707942554355,0.24320424251189401,0.19896315204418233,0.23628267170676365,0.19896315204418233,0.23628267170676365,0.26069324024294693,0.26524207546580414,0.26069324024294693,0.2652420754658557,0.24209883888520692,0.28071489624008844,0.24209883888520692,0.28071489624008844,0.357272109699711,0.2903932607352057,0.35727210969971124,0.2903932607352057,0.21682746595102614,0.2285218459673229,0.21682746595102614,0.2285218459673229,0.29646998456125895,0.2391609688148495,0.29646998456125895,0.2391609688148495,0.2972947298357964,0.23348990212031323,0.29729472983582206,0.23348990212031323,0.3281465475084368,0.18112516902543804,0.32814654750870836,0.18112516902529988
2.3448274567760183,2.540663891561996,2.3448274567760183,2.540663891561996,2.2425089282129447,2.1698147706268145,2.2425089282129447,2.169814770626815,2.2422507999482577,2.4984992802982293,2.2422507999482577,2.4984992802982293,2.0635283420076553,2.0728600353960602,2.0635283420076553,2.0728600353960602,2.3448274567747243,2.540663891561996,2.3448274567760183,2.540663891561996,2.2425089282129447,2.169814770626815,2.2425089282129447,2.1698147706268145,2.17898009858116,2.140294103614933,2.17898009858116,2.140294103614933,1.481511145437001,1.7937759916257385,1.481511145437001,1.7937759916257385,2.165851332088452,1.8817459862221717,2.165851332088452,1.8817459862221724,2.125443055607497,1.8627015617522833,2.125443055607494,1.8627015617522833,1.9620827024661947,1.9813483034220412,1.9620827024661947,1.9813483034220412,1.7284849579203478,1.5980113662531035,1.7284849579203478,1.5980113662531035,1.869088853426146,1.9459630785846138,1.869088853426136,1.9459630785846138,2.0241372800115314,1.490814323494821,2.0241372800115314,1.490814323494821,1.8796388978793037,1.9480043212259948,1.8796388978793037,1.9480043212259948,2.172100743347781,1.5338130272261592,2.1721007433424466,1.5338130272261592,2.2195345308703756,1.9192117442378447,2.2195345308703733,1.9192117442378447,1.8095636992481707,2.0753488836718246,1.8095636992481707,2.0753488836718246
3.6009381768439046,3.914573118803678,3.6009381768439046,3.914573118803678,3.8208616473288473,4.2415536938459475,3.8208616473288473,4.2415536938459475,3.6899972703212853,3.8768765419400086,3.6899972703212853,3.876876541940008,3.769668753715483,4.279513538896864,3.769668753715483,4.279513538896864,3.6009381768439046,3.914573118803678,3.6009381768439046,3.914573118803678,3.8208616473288473,4.2415536938459475,3.8208616473288473,4.2415536938459475,3.9756719027873944,4.429282773449949,3.9756719027873944,4.429282773449949,3.8044989279739436,4.2984852845073585,3.80449892797394,4.2984852845073585,4.150186224178277,4.506416418276357,4.1501862241782606,4.506416418276357,4.137960112540666,4.540336352009559,4.137960112540667,4.540336352009557,4.370597178259347,4.4847613210774275,4.370597178259347,4.4847613210774275,4.419980769476004,4.52834535858553,4.419980769476004,4.528345358585544,4.821996427956087,4.3700095145942575,4.821996427956439,4.3700095145942575,5.132104227075682,4.825673527963805,5.132104227075682,4.825673527963806,4.266202486065997,4.502085826725397,4.266202486065997,4.502085826725397,3.902962183063019,4.529358045816697,3.9029726882112015,4.529358045816697,4.201532808555452,4.378641450176143,4.201532808555452,4.378641450176143,4.390702208138692,4.203100285916069,4.390702208138692,4.203100285916069
1.571771544121736,1.3306189554393693,1.571771544121736,1.3306189554393693,1.5396633117564,1.5539418932191638,1.5396633117564,1.5539418932191638,1.5573318439572015,1.4292053922395769,1.5573318439572015,1.4292053922395769,1.6388269063965657,1.602458505524328,1.6388269063965657,1.602458505524328,1.571771544121736,1.3306189554393693,1.571771544121736,1.3306189554393693,1.5396633117564,1.5539418932191638,1.5396633117564,1.5539418932191638,1.7287618195129715,1.5771474353998969,1.7287618195129715,1.5771474353998969,1.7242546684294582,1.329696140024675,1.7242546684294582,1.329696140024675,1.7880866703966563,1.6612196607955079,1.7880866703966563,1.6612196607955079,2.0075782066234695,1.5792545624846488,2.0075782066234695,1.5792545624846488,1.7279768710131436,1.5456417721527567,1.7279768710131436,1.5456417721527567,1.7570843266728415,1.5998015576306606,1.7570843266728415,1.5998015576306606,1.2012438204934999,1.7430939474892349,1.2012438204934999,1.7430939474892342,1.6090834839517938,1.6136097140691712,1.6090834839401382,1.6136097140691736,1.7808945904345974,1.7021222738416504,1.7900210055705605,1.70212227384165,1.927078877289405,1.7245928666383945,1.927078877289405,1.7245928666383945,1.4252487362971022,1.5120777906565408,1.4252487362971011,1.5120777906565408,0.9413674641477232,1.1998904303104043,0.9413674641477232,1.1998904303104043
0.6697792556979839,0.6484179333164611,0.6697792556979839,0.6484179333164607,0.5472188355773552,0.5570913872361024,0.5472188355773552,0.5570913872361032,0.6662858265848094,0.6847503475007155,0.6662858265848094,0.6847503475007163,0.5748392724856476,0.5591778707101953,0.5748392724856474,0.5591778707101953,0.6697792556979838,0.6484179333164611,0.6697792556979838,0.6484179333164607,0.5472188355773552,0.5570913872361032,0.5472188355773552,0.5570913872361032,0.5644788277145538,0.5135556232504306,0.5644788277145195,0.5135556232504294,0.5490465774136412,0.4401179285547247,0.5490465774136412,0.4401179285547247,0.5249808316005949,0.5540037398317291,0.5249808316005948,0.5540037398317291,0.5123695228748754,0.49540377652386747,0.5123695228748754,0.49540377652386747,0.5174093650298837,0.5147953860806206,0.5174093650298837,0.5147953860806206,0.5524322913453902,0.43965308667999653,0.5524322913453091,0.43965308667999653,0.5871091299175739,0.5488150738697187,0.5871091299175739,0.5488150738697187,0.626677218247615,0.6017294812904243,0.6266772182476192,0.6017294812904243,0.5452391294542878,0.6176087748325525,0.5452391294542878,0.6176087748325525,0.502449970627842,0.5065435773593958,0.502449970627842,0.5065435773593958,0.5176703374695893,0.5801006364102601,0.5176703374695893,0.5801006364102601,0.8782023104314526,0.7910512484819158,0.8782023104314526,0.7910512484819158
2.3806830360619267,2.4416023066218933,2.3806830360619267,2.4416023066218933,2.577070273749036,2.5747294847762845,2.5770702737490354,2.5747294847762845,2.4018479401411614,2.5440326313671715,2.4018479401411614,2.5440326313671715,2.6671623583014252,2.5212451712149018,2.6671623583014252,2.5212451712149018,2.3806830360619267,2.4416023066218933,2.3806830360619267,2.4416023066218933,2.577070273749036,2.5747294847762845,2.577070273749036,2.5747294847762845,2.666847540299336,2.716811842205345,2.666847540299336,2.716811842205345,2.456161822443198,2.8628553783114223,2.4561618224352615,2.8628553783114223,2.7812111579533476,3.014254303958605,2.7812111579533476,3.014254303958605,3.0774116280843944,2.3922434715511067,3.0774116280807218,2.3922434715511067,2.9605720458828944,2.755761432000719,2.9605720458828944,2.755761432000719,3.2432990164876028,1.9265510850316112,3.2432990164876028,1.9265510850316112,2.530682911332279,2.7438436015707253,2.530682911332279,2.7438436015707253,2.8917446904277426,2.96738761015629,2.8917446904278847,2.96738761015629,2.3864375423532653,2.4334889032405793,2.3864375423532653,2.4334889032405793,2.3069577550188765,2.992778577227337,2.3069577550188765,2.992778577227337,2.682340885925687,2.752869946457668,2.6823408859256865,2.752869946457668,2.904918582257208,3.490657401388217,2.904918582257208,3.490657401388217
1.2655997625994342,1.2377918705582547,1.2655997625994342,1.2377918705582547,1.7586250382572914,1.462282127471103,1.7586250382572914,1.462282127471103,1.299014462577028,1.2327642906982246,1.299014462577028,1.2327642906982246,1.5790142313497633,1.5740994095125926,1.5790142313497633,1.5740994095125926,1.2655997625994342,1.2377918705582547,1.2655997625994342,1.2377918705582547,1.7586250382572914,1.462282127471103,1.7586250382572914,1.462282127471103,1.543864609301592,1.4944848069417296,1.5438646093015913,1.4944848069417296,1.6749806757955945,1.7912440652066466,1.6749806757955945,1.7912440652066466,1.5445576861296184,1.5621619887992821,1.5445576861296184,1.5621619887992821,1.808187082600996,1.9581065667631747,1.808187082600996,1.9581065667631747,1.5900413484299492,1.464489614277708,1.5900413484299492,1.464489614277708,2.011239573737924,1.7710859784174275,2.011239573737924,1.7710859784174275,1.804485975943568,1.4671082645775562,1.804485975943568,1.4671082645775562,1.9911109882966869,1.8293735194036216,1.9911109882966869,1.8293735194036216,1.7042390571644688,1.5844861064980629,1.7042390571644688,1.5844861064980633,2.094714038879653,2.306943979880042,2.094714038879653,2.306943979880042,1.8787472674027723,1.8572991769132003,1.8787472674027723,1.8572991769132003,2.3083188720550605,1.7255228634996513,2.3083188720550605,1.7255228634996513
0.15341915714095256,0.13073312996322015,0.15341915714095256,0.13073312996322015,0.15309728052336818,0.15505510641677492,0.15309728052336818,0.15505510641677492,0.1531003739056838,0.14175949172982558,0.1531003739056838,0.14175949172982558,0.1809899486216009,0.156922714954353,0.1809899486216009,0.156922714954353,0.15341915714095256,0.13073312996322015,0.15341915714095256,0.13073312996322015,0.15309728052336818,0.15505510641677492,0.15309728052336818,0.15505510641677492,0.15113164041575664,0.19664739940799925,0.15113164041575664,0.19664739940799925,0.1661816084867657,0.18541517026201537,0.1661816084867657,0.18541517026201537,0.17865201977682185,0.20277449824718505,0.17865201977682185,0.20277449824718505,0.2966978721788253,0.27282225106315194,0.2966978721788253,0.27282225106315194,0.17208302999332384,0.2201403879235236,0.17208302999332395,0.2201403879235236,0.19235957365377102,0.19722412965646488,0.19235957365377113,0.19722412965646488,0.16223546515709922,0.17379444403245145,0.16223546515709922,0.17379444403245145,0.221369843650387,0.21720218023546697,0.221369843650387,0.21720218023546697,0.2789880530074876,0.12643310735801475,0.2789880530074876,0.12643310735801475,0.2744373426313875,0.1912811133756763,0.2744373426313875,0.1912811133756763,0.20439201008004348,0.1429835004824577,0.20439201008004348,0.1429835004824577,0.1140106263825081,0.1195023880054114,0.1140106263825081,0.1195023880054114
0.09020133491908675,0.07258245643791097,0.09020133491908683,0.07258245643791097,0.06633835875187831,0.08760587526562072,0.06633835875187878,0.08760587526562189,0.1251558588915499,0.08281174897600763,0.1251558588915499,0.08281174897600763,0.07764693863328219,0.06989304840868447,0.07764693863328219,0.06989304840868447,0.09020133491908675,0.0725824564379109,0.09020133491908683,0.07258245643791097,0.06633835875187878,0.08760587526562072,0.06633835875187878,0.08760587526562189,0.10572389426920871,0.06601787505165954,0.105723894269209,0.06601787505165954,0.1336712962524436,0.059206379546279636,0.13367129625244448,0.059206379546279796,0.07707868030807993,0.07660892299442087,0.07707868030807993,0.07660892299442087,0.09493557754315764,0.06824518063714727,0.0949355775431578,0.06824518063714727,0.08285552665776336,0.07075513869122836,0.08285552665776336,0.07075513869122836,0.09642278128029155,0.04944255504681981,0.09642278128029155,0.04944255504681981,0.07901921428320513,0.05926967169122152,0.07901921428320513,0.05926967169122152,0.035905624877811126,0.042602505468020906,0.035905624877811126,0.042602505468020906,0.07844240355764952,0.07869554340988505,0.07844240355764952,0.0786955434098848,0.06750576372040934,0.09559814333373572,0.06751227035789985,0.09559814333373572,0.04556103078638402,0.04922505913608128,0.04556103078638402,0.04922505913608128,0.04899188953282547,0.052338684484317895,0.04899188953282556,0.052338684484317895
0.1834453273350999,0.18422540384364455,0.18344532733509983,0.18422540384364455,0.21839232501203493,0.2551579082775676,0.21839232501203493,0.2551579082775676,0.21080633089234418,0.23339515425073706,0.2108063308923442,0.23339515425073706,0.18397495685830098,0.22452071675116095,0.18397495685830104,0.22452071675116095,0.1834453273350999,0.18422540384364455,0.18344532733509983,0.18422540384364455,0.21839232501203493,0.2551579082775676,0.21839232501203493,0.2551579082775676,0.19518862641825627,0.25839891106646384,0.19518862641825785,0.25839891106646384,0.2698929405094556,0.2650653812571812,0.2698929405094556,0.2650653812571812,0.2644406611573799,0.1868850627084949,0.2644406611573799,0.1868850627084949,0.3127183069999161,0.23203611094594392,0.3127183069999161,0.23203611094594392,0.26233941178182135,0.2545967071529313,0.26233941178182135,0.2545967071529395,0.33391287076334336,0.3062022559849969,0.33391287076334336,0.3062022559849969,0.23504163804866907,0.3116262196626483,0.23504163804866907,0.3116262196626483,0.1969484125948096,0.24202037066388887,0.19694841259481058,0.24202037066388887,0.22248298693019547,0.2654121294002191,0.2224824423738951,0.2654121294002191,0.2890397541667117,0.32544158924790173,0.2890397541667117,0.39045505546862547,0.20594689106905922,0.34191273235924796,0.20594689106905922,0.34191273235924796,0.3930948197066318,0.22299007280231184,0.3930948197066318,0.2229900728023107
0.6016921179326616,0.6617183306866135,0.6016921179326615,0.6617183306866135,0.6056751192886153,0.622450385109295,0.6056751192886153,0.622450385109295,0.6047977439544134,0.6755983212700621,0.6047977439544134,0.6755983212700621,0.6400789060863883,0.6053507446164154,0.6400789060863883,0.6053507446164154,0.6016921179326615,0.6617183306866135,0.6016921179326615,0.6617183306866135,0.6056751192886153,0.622450385109295,0.6056751192886153,0.622450385109295,0.5935960192023001,0.5578855326006609,0.5935960192023001,0.5578855326006609,0.6253354773888412,0.5562800504826032,0.6253354773888434,0.5562800504826029,0.6507777922080915,0.6307110752494256,0.6507777922080915,0.6307110752494256,0.5755254156033015,0.5201607048814305,0.5755254156037927,0.5201607048814302,0.6001033230082632,0.588868558106902,0.6001033230082632,0.588868558106902,0.5593032592941183,0.5755409769078215,0.5593032592941276,0.5755409769078215,0.642323027263233,0.5811573512693043,0.642323027263233,0.5811573512693043,0.5045841371441747,0.6258793466701539,0.5045841371441747,0.6258793466701539,0.6597559875431409,0.5602440402046024,0.6597559875431409,0.5602440402046024,0.5413788898407943,0.5600994364212027,0.5413788898407943,0.5600994364212027,0.6445648103113364,0.5858187090903153,0.6445648103113364,0.5858187090903153,0.504329410810448,0.48366069849564125,0.504329410810448,0.48366069849564125
