"(7, -1, 0.1, 100, 0.8, 0.8)","(7, -1, 0.1, 100, 0.8, 1.0)","(7, -1, 0.1, 100, 1.0, 0.8)","(7, -1, 0.1, 100, 1.0, 1.0)","(7, -1, 0.2, 100, 0.8, 0.8)","(7, -1, 0.2, 100, 0.8, 1.0)","(7, -1, 0.2, 100, 1.0, 0.8)","(7, -1, 0.2, 100, 1.0, 1.0)","(7, 5, 0.1, 100, 0.8, 0.8)","(7, 5, 0.1, 100, 0.8, 1.0)","(7, 5, 0.1, 100, 1.0, 0.8)","(7, 5, 0.1, 100, 1.0, 1.0)","(7, 5, 0.2, 100, 0.8, 0.8)","(7, 5, 0.2, 100, 0.8, 1.0)","(7, 5, 0.2, 100, 1.0, 0.8)","(7, 5, 0.2, 100, 1.0, 1.0)","(7, 7, 0.1, 100, 0.8, 0.8)","(7, 7, 0.1, 100, 0.8, 1.0)","(7, 7, 0.1, 100, 1.0, 0.8)","(7, 7, 0.1, 100, 1.0, 1.0)","(7, 7, 0.2, 100, 0.8, 0.8)","(7, 7, 0.2, 100, 0.8, 1.0)","(7, 7, 0.2, 100, 1.0, 0.8)","(7, 7, 0.2, 100, 1.0, 1.0)","(15, -1, 0.1, 100, 0.8, 0.8)","(15, -1, 0.1, 100, 0.8, 1.0)","(15, -1, 0.1, 100, 1.0, 0.8)","(15, -1, 0.1, 100, 1.0, 1.0)","(15, -1, 0.2, 100, 0.8, 0.8)","(15, -1, 0.2, 100, 0.8, 1.0)","(15, -1, 0.2, 100, 1.0, 0.8)","(15, -1, 0.2, 100, 1.0, 1.0)","(15, 5, 0.1, 100, 0.8, 0.8)","(15, 5, 0.1, 100, 0.8, 1.0)","(15, 5, 0.1, 100, 1.0, 0.8)","(15, 5, 0.1, 100, 1.0, 1.0)","(15, 5, 0.2, 100, 0.8, 0.8)","(15, 5, 0.2, 100, 0.8, 1.0)","(15, 5, 0.2, 100, 1.0, 0.8)","(15, 5, 0.2, 100, 1.0, 1.0)","(15, 7, 0.1, 100, 0.8, 0.8)","(15, 7, 0.1, 100, 0.8, 1.0)","(15, 7, 0.1, 100, 1.0, 0.8)","(15, 7, 0.1, 100, 1.0, 1.0)","(15, 7, 0.2, 100, 0.8, 0.8)","(15, 7, 0.2, 100, 0.8, 1.0)","(15, 7, 0.2, 100, 1.0, 0.8)","(15, 7, 0.2, 100, 1.0, 1.0)","(31, -1, 0.1, 100, 0.8, 0.8)","(31, -1, 0.1, 100, 0.8, 1.0)","(31, -1, 0.1, 100, 1.0, 0.8)","(31, -1, 0.1, 100, 1.0, 1.0)","(31, -1, 0.2, 100, 0.8, 0.8)","(31, -1, 0.2, 100, 0.8, 1.0)","(31, -1, 0.2, 100, 1.0, 0.8)","(31, -1, 0.2, 100, 1.0, 1.0)","(31, 5, 0.1, 100, 0.8, 0.8)","(31, 5, 0.1, 100, 0.8, 1.0)","(31, 5, 0.1, 100, 1.0, 0.8)","(31, 5, 0.1, 100, 1.0, 1.0)","(31, 5, 0.2, 100, 0.8, 0.8)","(31, 5, 0.2, 100, 0.8, 1.0)","(31, 5, 0.2, 100, 1.0, 0.8)","(31, 5, 0.2, 100, 1.0, 1.0)","(31, 7, 0.1, 100, 0.8, 0.8)","(31, 7, 0.1, 100, 0.8, 1.0)","(31, 7, 0.1, 100, 1.0, 0.8)","(31, 7, 0.1, 100, 1.0, 1.0)","(31, 7, 0.2, 100, 0.8, 0.8)","(31, 7, 0.2, 100, 0.8, 1.0)","(31, 7, 0.2, 100, 1.0, 0.8)","(31, 7, 0.2, 100, 1.0, 1.0)"
0.42737004105316173,0.4319011111888272,0.42737004105316173,0.4319011111888272,0.41090123217926555,0.4187543546960815,0.41090123217926555,0.4187543546960815,0.39623596259691585,0.4544464308787366,0.39623596259691585,0.4544464308787366,0.4110763820157565,0.465992825806418,0.4110763820157565,0.465992825806418,0.42737004105316173,0.4319011111888272,0.42737004105316173,0.4319011111888272,0.41090123217926555,0.4187543546960815,0.41090123217926555,0.4187543546960815,0.45298646943723,0.426541698599082,0.45298646943723,0.426541698599082,0.5217420168810664,0.5612034530596063,0.5217420168810664,0.5612034530596063,0.40775434544183736,0.47557186748486585,0.40775434544183736,0.47557186748486585,0.3874184850438532,0.449218815637982,0.3874184850438532,0.449218815637982,0.34187110183934655,0.4934932577468051,0.34187110183934655,0.4934932577468051,0.3065518597340604,0.5063419518011469,0.3065518597340604,0.5063419518011469,0.2742627125346121,0.4296500341740727,0.2742627125346121,0.4296500341740727,0.19698078959075038,0.6311851696582298,0.19698078959075038,0.6311851696582298,0.4438108603587443,0.30482498354789495,0.4438108603587443,0.30482498354789495,0.26451694541365417,0.42328832043059955,0.26451694541365417,0.42328832043059955,0.3882640927978368,0.34694204105759885,0.3882640927978368,0.34694204105759885,0.20697829971958354,0.4352149914423312,0.20697829971958354,0.4352149914423312
0.16868613610078845,0.1169426207792167,0.16868613610078845,0.1169426207792167,0.1854657156253995,0.11684603172630838,0.1854657156253995,0.11684603172630838,0.17148062065426298,0.11308989869293117,0.17148062065426298,0.11308989869293117,0.1261623096044622,0.1427247563052976,0.1261623096044622,0.1427247563052976,0.16868613610078845,0.1169426207792167,0.16868613610078845,0.1169426207792167,0.1854657156253995,0.11684603172630838,0.1854657156253995,0.11684603172630838,0.1481291492145502,0.09994973805793199,0.1481291492145502,0.09994973805793199,0.1200671134164777,0.15324323763124456,0.1200671134164777,0.15324323763124456,0.09683775830225044,0.12495658597104758,0.09683775830225044,0.12495658597104758,0.0998481267265001,0.0999455385517222,0.0998481267265001,0.0999455385517222,0.13987567675026066,0.1140032513082395,0.13987567675026066,0.1140032513082395,0.2323298040914548,0.14474913712443851,0.2323298040914548,0.14474913712443851,0.10246373022332907,0.12117588783263811,0.10246373022332907,0.12117588783263811,0.11393229614900237,0.08631956293945887,0.11393229614900237,0.08631956293945887,0.11787286668890329,0.1058606269688902,0.11787286668890329,0.1058606269688902,0.15570640147780754,0.15101243608361925,0.15570640147780754,0.15101243608361925,0.13674366326152018,0.1246398795578571,0.13674366326152018,0.1246398795578571,0.16169206151898213,0.09895247255131231,0.16169206151898213,0.09895247255131231
1.6475724300865893,1.82164089972675,1.6475724300865893,1.82164089972675,1.6580444659937297,1.734100327859398,1.6580444659937297,1.734100327859398,1.6650001325847523,1.949714035655409,1.6650001325847523,1.949714035655409,1.8700778113506928,1.7336599136768018,1.8700778113506928,1.7336599136768018,1.6475724300865893,1.82164089972675,1.6475724300865893,1.82164089972675,1.6580444659937297,1.734100327859398,1.6580444659937297,1.734100327859398,2.001901845680316,1.6812842387227611,2.001901845680316,1.6812842387227611,1.6694708134109615,1.596970290700948,1.6694708134109615,1.596970290700948,1.6299087274335924,1.483689568323531,1.6299087274335924,1.483689568323531,1.7046786241684437,1.552579579822813,1.7046786241684437,1.552579579822813,1.899255532010803,1.6190920549870769,1.899255532010803,1.6190920549870769,1.6581582918151312,2.396088969536962,1.6581582918151312,2.396088969536962,2.243965279527036,2.4066529560476733,2.243965279527036,2.4066529560476733,2.5306841096097363,2.298771075452981,2.5306841096097363,2.298771075452981,1.7086346510512982,1.508782845282702,1.7086346510512982,1.508782845282702,1.5643142037560311,1.7656307726587097,1.5643142037560311,1.7656307726587097,1.7501833810742877,2.029547953967369,1.7501833810742877,2.029547953967369,1.8159425715980393,1.870303549973905,1.8159425715980393,1.870303549973905
4.677220913292779,4.884454213657178,4.677220913292779,4.884454213657178,4.42189949594449,4.83071818057114,4.42189949594449,4.83071818057114,4.778884871366622,4.559378404196493,4.778884871366622,4.559378404196493,5.216507136649034,3.6341980183547666,5.216507136649034,3.6341980183547666,4.677220913292779,4.884454213657178,4.677220913292779,4.884454213657178,4.42189949594449,4.83071818057114,4.42189949594449,4.83071818057114,3.3044370152563585,3.5200414927548036,3.3044370152563585,3.5200414927548036,3.818414375866895,2.6173766399624134,3.818414375866895,2.6173766399624134,4.418698020628415,3.1684597326359794,4.418698020628415,3.1684597326359794,4.766788317343437,4.944669802607957,4.766788317343437,4.944669802607957,3.6563166712566684,3.383537103354634,3.6563166712566684,3.383537103354634,3.6715264088321296,3.3190474370339684,3.6715264088321296,3.3190474370339684,4.09801353622831,2.108198052913286,4.09801353622831,2.108198052913286,3.07532569160352,2.19564915053202,3.07532569160352,2.19564915053202,4.237486274770276,3.128740798856707,4.237486274770276,3.128740798856707,2.9413930214954926,2.598897269137571,2.9413930214954926,2.598897269137571,3.860043410984976,2.574232032403862,3.860043410984976,2.574232032403862,3.4304427547051985,2.9192099753244976,3.4304427547051985,2.9192099753244976
5.178498368468146,5.627974920000532,5.178498368468146,5.627974920000532,5.825687103091836,5.718470353313423,5.825687103091836,5.718470353313423,5.197063901450376,5.8451928342205495,5.197063901450376,5.8451928342205495,5.891357570059375,6.008454492180173,5.891357570059375,6.008454492180173,5.178498368468146,5.627974920000532,5.178498368468146,5.627974920000532,5.825687103091836,5.718470353313423,5.825687103091836,5.718470353313423,5.439777822426736,6.187189655034348,5.439777822426736,6.187189655034348,6.476385504948338,6.744195809428552,6.476385504948338,6.744195809428552,6.1924655447776376,5.752713456897705,6.1924655447776376,5.752713456897705,6.464509421822816,6.7764095865571665,6.464509421822816,6.7764095865571665,6.000583107473789,5.784251554035555,6.000583107473789,5.784251554035555,6.693776962950186,6.045782747965491,6.693776962950186,6.045782747965491,5.8382443260076915,6.386037557399122,5.8382443260076915,6.386037557399122,6.0202287095080145,6.181279359661257,6.0202287095080145,6.181279359661257,5.4631178289361975,6.085016511176792,5.4631178289361975,6.085016511176792,6.004584486470042,5.826159534760135,6.004584486470042,5.826159534760135,5.7727619092592075,6.401301604184676,5.7727619092592075,6.401301604184676,6.517495796739847,5.563748931516456,6.517495796739847,5.563748931516456
0.8338666651776953,0.9466932372822907,0.8338666651776953,0.9466932372822907,0.8527944478995539,0.7567169246515412,0.8527944478995539,0.7567169246515412,0.9172910876866348,1.1194351813081709,0.9172910876866348,1.1194351813081709,0.6065138696660997,0.9774433860147989,0.6065138696660997,0.9774433860147989,0.8338666651776953,0.9466932372822907,0.8338666651776953,0.9466932372822907,0.8527944478995539,0.7567169246515412,0.8527944478995539,0.7567169246515412,0.6395028287950105,0.9813672321814663,0.6395028287950105,0.9813672321814663,0.8582456104862182,1.6192228605847592,0.8582456104862182,1.6192228605847592,0.634650372524072,1.2848655070331885,0.634650372524072,1.2848655070331885,1.6409606390730729,1.8052665447993743,1.6409606390730729,1.8052665447993743,0.608030621992429,0.8497924483770241,0.608030621992429,0.8497924483770241,1.0507859946487983,1.4399074681550579,1.0507859946487983,1.4399074681550579,0.961343416540376,0.9775419155714683,0.961343416540376,0.9775419155714683,1.510890151201423,1.5154528010206323,1.510890151201423,1.5154528010206323,1.115441898606285,0.9888901010681656,1.115441898606285,0.9888901010681656,0.61748300750793,1.9817578826011382,0.61748300750793,1.9817578826011382,1.008873281426265,1.0041365256573775,1.008873281426265,1.0041365256573775,0.5726160627356711,1.0263122468558163,0.5726160627356711,1.0263122468558163
1.064331033372057,0.6849641027407196,1.064331033372057,0.6849641027407196,1.509062461037277,1.1496185432504582,1.509062461037277,1.1496185432504582,1.190095478771449,0.7502394627624354,1.190095478771449,0.7502394627624354,1.3709237447619116,0.9936042121277232,1.3709237447619116,0.9936042121277232,1.064331033372057,0.6849641027407196,1.064331033372057,0.6849641027407196,1.509062461037277,1.1496185432504582,1.509062461037277,1.1496185432504582,1.89436702628728,1.4018096532559396,1.89436702628728,1.4018096532559396,0.8784335166059272,1.703413624414021,0.8784335166059272,1.703413624414021,1.5539384506666787,1.63335921176419,1.5539384506666787,1.63335921176419,1.9534584924708653,1.7119272536163959,1.9534584924708653,1.7119272536163959,1.2686937038372652,1.715509809755071,1.2686937038372652,1.715509809755071,0.9764253744199929,0.8621968381249003,0.9764253744199929,0.8621968381249003,0.9509054142893951,1.1637540581409946,0.9509054142893951,1.1637540581409946,1.2473559156408878,2.253495533746851,1.2473559156408878,2.253495533746851,1.443313035542458,1.6884052786787813,1.443313035542458,1.6884052786787813,2.2092828267263007,3.383284237027399,2.2092828267263007,3.383284237027399,1.374939344632872,2.1431823195510415,1.374939344632872,2.1431823195510415,1.038537509184588,2.6768327794787914,1.038537509184588,2.6768327794787914
4.439729246917694,4.767631076945467,4.439729246917694,4.767631076945467,4.7451086062893175,5.213595798024422,4.7451086062893175,5.213595798024422,4.487409938290102,5.241914949426274,4.487409938290102,5.241914949426274,4.232904456229203,4.3621668245530065,4.232904456229203,4.3621668245530065,4.439729246917694,4.767631076945467,4.439729246917694,4.767631076945467,4.7451086062893175,5.213595798024422,4.7451086062893175,5.213595798024422,4.036173921215536,2.744062319404872,4.036173921215536,2.744062319404872,3.4644498632331646,3.49038869746736,3.4644498632331646,3.49038869746736,3.480962648814627,3.9180420400539586,3.480962648814627,3.9180420400539586,3.832821430269873,3.732849951004604,3.832821430269873,3.732849951004604,3.2294437686158455,3.3098390684148007,3.2294437686158455,3.3098390684148007,2.5002319233475614,4.345221479409803,2.5002319233475614,4.345221479409803,2.178387422416723,3.668949485308486,2.178387422416723,3.668949485308486,3.4385115615557917,3.435872676720257,3.4385115615557917,3.435872676720257,3.9732416912664164,5.323653190981497,3.9732416912664164,5.323653190981497,3.820924141736029,4.615535987643036,3.820924141736029,4.615535987643036,2.9362771780255086,3.5668841054076403,2.9362771780255086,3.5668841054076403,4.06905204843298,3.59817645726994,4.06905204843298,3.59817645726994
0.811923124385181,0.7613329283023003,0.811923124385181,0.7613329283023003,0.7303057686459739,0.8059898707349031,0.7303057686459739,0.8059898707349031,0.8015323701082937,0.7562184872000904,0.8015323701082937,0.7562184872000904,0.7095194091473631,0.7245460575358439,0.7095194091473631,0.7245460575358439,0.811923124385181,0.7613329283023003,0.811923124385181,0.7613329283023003,0.7303057686459739,0.8059898707349031,0.7303057686459739,0.8059898707349031,0.6332849673806193,0.6307375232292008,0.6332849673806193,0.6307375232292008,0.49319357361007315,0.7816858047558898,0.49319357361007315,0.7816858047558898,0.7743851143521138,0.7246812937190126,0.7743851143521138,0.7246812937190126,0.5679876051028835,0.6879246012589779,0.5679876051028835,0.6879246012589779,0.702363815700521,0.6240080293895862,0.702363815700521,0.6240080293895862,0.6306392030728228,0.7961294302743785,0.6306392030728228,0.7961294302743785,0.46234833432412176,0.4075657550637096,0.46234833432412176,0.4075657550637096,0.30535511949138144,0.5533884116378079,0.30535511949138144,0.5533884116378079,0.6011179648366292,0.5935459973870034,0.6011179648366292,0.5935459973870034,0.8260215253155091,0.7658762707917092,0.8260215253155091,0.7658762707917092,0.49020408153725226,0.5783429338327014,0.49020408153725226,0.5783429338327014,0.43006651286610365,0.5808145112759392,0.43006651286610365,0.5808145112759392
0.1430116481995664,0.14699692836077374,0.1430116481995664,0.14699692836077374,0.1330734720647623,0.2192402174328745,0.1330734720647623,0.2192402174328745,0.16083404869549467,0.12100350549245563,0.16083404869549467,0.12100350549245563,0.13761811961130002,0.15874319376818977,0.13761811961130002,0.15874319376818977,0.1430116481995664,0.14699692836077374,0.1430116481995664,0.14699692836077374,0.1330734720647623,0.2192402174328745,0.1330734720647623,0.2192402174328745,0.1629338885124279,0.18619156641156442,0.1629338885124279,0.18619156641156442,0.22135198933623712,0.2853864707177416,0.22135198933623712,0.2853864707177416,0.16300679516043523,0.15303651734993703,0.16300679516043523,0.15303651734993703,0.16309766685098392,0.22578231260545206,0.16309766685098392,0.22578231260545206,0.1652584303022971,0.19954562771763565,0.1652584303022971,0.19954562771763565,0.2110485137279622,0.2155714093834485,0.2110485137279622,0.2155714093834485,0.2351899385377874,0.16809030869528174,0.2351899385377874,0.16809030869528174,0.39547729820305194,0.2128967003260556,0.39547729820305194,0.2128967003260556,0.23723671921234232,0.22358780711302295,0.23723671921234232,0.22358780711302295,0.2798860567578123,0.2662113078485874,0.2798860567578123,0.2662113078485874,0.23451894168450374,0.2076190537911172,0.23451894168450374,0.2076190537911172,0.2833592728507516,0.28809594048431414,0.2833592728507516,0.28809594048431414
1.4970183027360036,1.46281202998534,1.4970183027360036,1.46281202998534,1.4407647925829132,1.4072796376466588,1.4407647925829132,1.4072796376466588,1.5284528198116243,1.5307218298957614,1.5284528198116243,1.5307218298957614,1.4219883335351673,1.6460352258357516,1.4219883335351673,1.6460352258357516,1.4970183027360036,1.46281202998534,1.4970183027360036,1.46281202998534,1.4407647925829132,1.4072796376466588,1.4407647925829132,1.4072796376466588,1.415612906672954,1.4678139325768964,1.415612906672954,1.4678139325768964,1.5520425835575762,1.4047086161499633,1.5520425835575762,1.4047086161499633,1.7062476652491276,1.4681467642154733,1.7062476652491276,1.4681467642154733,1.852497340021498,1.377205906428252,1.852497340021498,1.377205906428252,1.542984175820501,1.4472531244341833,1.542984175820501,1.4472531244341833,1.496743390790781,1.6393360841535962,1.496743390790781,1.6393360841535962,1.4531534210101282,1.7657759501773536,1.4531534210101282,1.7657759501773536,1.3605562990290143,1.5945302365093394,1.3605562990290143,1.5945302365093394,1.5990563764222192,1.6868385072350915,1.5990563764222192,1.6868385072350915,1.353250656110749,1.61508279749246,1.353250656110749,1.61508279749246,1.5193331273030735,1.252788424860215,1.5193331273030735,1.252788424860215,1.9414714542266134,1.2177179568543441,1.9414714542266134,1.2177179568543441
1.2157086589584096,1.4397190608543564,1.2157086589584096,1.4397190608543564,1.4422111113766232,1.1045534920583582,1.4422111113766232,1.1045534920583582,1.0820404361110492,1.411074436421659,1.0820404361110492,1.411074436421659,1.0670415436297338,1.1486173276704603,1.0670415436297338,1.1486173276704603,1.2157086589584096,1.4397190608543564,1.2157086589584096,1.4397190608543564,1.4422111113766232,1.1045534920583582,1.4422111113766232,1.1045534920583582,0.79990364325568,0.8793210736715825,0.79990364325568,0.8793210736715825,0.7142245519003989,0.9722899914660418,0.7142245519003989,0.9722899914660418,1.1037243963388628,1.0528958691052146,1.1037243963388628,1.0528958691052146,1.0475920193530037,0.9252307109311327,1.0475920193530037,0.9252307109311327,0.8855221904154328,1.1497062238812066,0.8855221904154328,1.1497062238812066,0.5215225141525499,0.5589636225710404,0.5215225141525499,0.5589636225710404,0.8136099124509727,0.45056920529264693,0.8136099124509727,0.45056920529264693,0.3474018555198351,0.4267638593352591,0.3474018555198351,0.4267638593352591,0.6498931944763273,0.9048274564685221,0.6498931944763273,0.9048274564685221,0.6681337591053587,0.5789131280043115,0.6681337591053587,0.5789131280043115,0.6249164099402923,0.6333527081741044,0.6249164099402923,0.6333527081741044,0.42331939384426004,0.33473859847308735,0.42331939384426004,0.33473859847308735
0.3278815299625622,0.2985274206691161,0.3278815299625622,0.2985274206691161,0.4475830894884969,0.3134786398998485,0.4475830894884969,0.3134786398998485,0.33487533948816006,0.2939298438844137,0.33487533948816006,0.2939298438844137,0.33851595722812466,0.29332805200839934,0.33851595722812466,0.29332805200839934,0.3278815299625622,0.2985274206691161,0.3278815299625622,0.2985274206691161,0.4475830894884969,0.3134786398998485,0.4475830894884969,0.3134786398998485,0.2990592244588685,0.2799263281406205,0.2990592244588685,0.2799263281406205,0.21265573446141736,0.26363251481613864,0.21265573446141736,0.26363251481613864,0.27027291991158187,0.27651622283775346,0.27027291991158187,0.27651622283775346,0.3221870104691367,0.27795349282440956,0.3221870104691367,0.27795349282440956,0.2207649903538648,0.33443187573046035,0.2207649903538648,0.33443187573046035,0.22464390655539734,0.2356267759352473,0.22464390655539734,0.2356267759352473,0.21762516343975305,0.22574516031554973,0.21762516343975305,0.22574516031554973,0.16865476414229216,0.10090261109607947,0.16865476414229216,0.10090261109607947,0.26947169998860665,0.2380888060974179,0.26947169998860665,0.2380888060974179,0.1313914630337469,0.19104953568198035,0.1313914630337469,0.19104953568198035,0.16702607651709578,0.2840083437730544,0.16702607651709578,0.2840083437730544,0.120700086415581,0.1608659768620196,0.120700086415581,0.1608659768620196
0.678783029940469,0.6990318335792276,0.678783029940469,0.6990318335792276,0.8637502160820333,0.8649849956875322,0.8637502160820333,0.8649849956875322,0.7331662446375141,0.7200478655856917,0.7331662446375141,0.7200478655856917,0.918398301320048,0.7157812175799984,0.918398301320048,0.7157812175799984,0.678783029940469,0.6990318335792276,0.678783029940469,0.6990318335792276,0.8637502160820333,0.8649849956875322,0.8637502160820333,0.8649849956875322,1.0793659737220318,0.7886619663812194,1.0793659737220318,0.7886619663812194,1.3147844214597717,0.8967913991036983,1.3147844214597717,0.8967913991036983,0.7526230714006225,0.650041723341921,0.7526230714006225,0.650041723341921,0.9783342100628943,0.7408493887887798,0.9783342100628943,0.7408493887887798,0.8451986023468563,0.7278264489442923,0.8451986023468563,0.7278264489442923,1.1680882686013427,0.9498194480457961,1.1680882686013427,0.9498194480457961,0.9162787536898596,0.9037837148539911,0.9162787536898596,0.9037837148539911,1.111673655448097,0.8276567839393209,1.111673655448097,0.8276567839393209,0.8707615219298318,0.64905644331782,0.8707615219298318,0.64905644331782,0.8614578882261952,0.7756230600521924,0.8614578882261952,0.7756230600521924,0.8091263196664751,0.790136292584351,0.8091263196664751,0.790136292584351,0.971925854587175,0.8012470706454967,0.971925854587175,0.8012470706454967
0.8831896274151801,0.8269488594656608,0.8831896274151801,0.8269488594656608,1.042129949724216,0.7842565694525621,1.042129949724216,0.7842565694525621,0.886825571486424,0.8635336791094868,0.886825571486424,0.8635336791094868,0.9304132564614521,0.6941881544570077,0.9304132564614521,0.6941881544570077,0.8831896274151801,0.8269488594656608,0.8831896274151801,0.8269488594656608,1.042129949724216,0.7842565694525621,1.042129949724216,0.7842565694525621,0.9237846400772117,0.8018980488448859,0.9237846400772117,0.8018980488448859,0.9740371328108509,1.0946304796053337,0.9740371328108509,1.0946304796053337,0.8338601091941872,0.7515884140386101,0.8338601091941872,0.7515884140386101,0.9325183671668619,0.8814480237948684,0.9325183671668619,0.8814480237948684,0.8935182066402015,0.750637760231649,0.8935182066402015,0.750637760231649,1.0866672907343626,0.8123314891930474,1.0866672907343626,0.8123314891930474,0.991524897153031,0.9174357511381803,0.991524897153031,0.9174357511381803,1.2682173668924772,0.9539688924533642,1.2682173668924772,0.9539688924533642,0.8520638277291653,0.7654862502680738,0.8520638277291653,0.7654862502680738,0.9329274950582648,0.8345356933972887,0.9329274950582648,0.8345356933972887,0.9802348067085704,0.8089196240017572,0.9802348067085704,0.8089196240017572,1.2553482049392337,0.8065428000756699,1.2553482049392337,0.8065428000756699
1.2019758090674435,1.3309983414155682,1.2019758090674435,1.3309983414155682,1.3086061960889486,1.3531855730787299,1.3086061960889486,1.3531855730787299,1.2353869601295122,1.288836000745926,1.2353869601295122,1.288836000745926,1.318204376818864,1.3743220558013023,1.318204376818864,1.3743220558013023,1.2019758090674435,1.3309983414155682,1.2019758090674435,1.3309983414155682,1.3086061960889486,1.3531855730787299,1.3086061960889486,1.3531855730787299,1.2150274819587943,1.4361387135844372,1.2150274819587943,1.4361387135844372,1.4957763243578543,1.3105954520755356,1.4957763243578543,1.3105954520755356,1.27728167184007,1.3102518603592794,1.27728167184007,1.3102518603592794,1.2553136778477836,1.5686413040931206,1.2553136778477836,1.5686413040931206,1.2823436498576009,1.4663196800260778,1.2823436498576009,1.4663196800260778,1.3433531431961365,1.5887448860525755,1.3433531431961365,1.5887448860525755,1.4778788860182777,1.3323607904081851,1.4778788860182777,1.3323607904081851,1.657831818702756,1.5189434489300175,1.657831818702756,1.5189434489300175,1.224606675757794,1.2839958843750992,1.224606675757794,1.2839958843750992,1.3817393313064061,1.5269104130466928,1.3817393313064061,1.5269104130466928,1.1352716205973108,1.2918507116295015,1.1352716205973108,1.2918507116295015,1.3164248348568923,1.6359935979811089,1.3164248348568923,1.6359935979811089
1.5016584014518222,1.3782134550542664,1.5016584014518222,1.3782134550542664,1.2953754647729425,0.9580277737904843,1.2953754647729425,0.9580277737904843,1.4960218901185385,1.284068497994988,1.4960218901185385,1.284068497994988,1.2873899808751352,0.9909534343305748,1.2873899808751352,0.9909534343305748,1.5016584014518222,1.3782134550542664,1.5016584014518222,1.3782134550542664,1.2953754647729425,0.9580277737904843,1.2953754647729425,0.9580277737904843,1.3135356393728281,1.2193288833337803,1.3135356393728281,1.2193288833337803,1.05538585537151,1.2844938008861215,1.05538585537151,1.2844938008861215,1.1042812751839342,1.1901301287281496,1.1042812751839342,1.1901301287281496,1.0861614633931274,1.1169620168053145,1.0861614633931274,1.1169620168053145,1.354887666723484,1.4513621219147603,1.354887666723484,1.4513621219147603,0.8366376340372838,1.2025060394977465,0.8366376340372838,1.2025060394977465,1.3658470590117509,1.4711392318297845,1.3658470590117509,1.4711392318297845,1.0929794479607433,1.4073249636704046,1.0929794479607433,1.4073249636704046,1.2754125837531818,1.4096217642492297,1.2754125837531818,1.4096217642492297,1.171151814891102,1.2087325472401418,1.171151814891102,1.2087325472401418,1.0452785740848174,1.2254449891195753,1.0452785740848174,1.2254449891195753,0.8366429436752054,1.704766481853036,0.8366429436752054,1.704766481853036
0.24744964262025912,0.15973773920013454,0.24744964262025912,0.15973773920013454,0.22273099187278053,0.22231748893978312,0.22273099187278053,0.22231748893978312,0.19037862032110395,0.1673332164258794,0.19037862032110395,0.1673332164258794,0.168106958779047,0.19455920430183468,0.168106958779047,0.19455920430183468,0.24744964262025912,0.15973773920013454,0.24744964262025912,0.15973773920013454,0.22273099187278053,0.22231748893978312,0.22273099187278053,0.22231748893978312,0.28846697156976236,0.2595151920638341,0.28846697156976236,0.2595151920638341,0.23812823512696404,0.36183233594666636,0.23812823512696404,0.36183233594666636,0.255542313600199,0.21671719049021154,0.255542313600199,0.21671719049021154,0.26904162860545516,0.20189070283078936,0.26904162860545516,0.20189070283078936,0.28137664360216325,0.28004688038366227,0.28137664360216325,0.28004688038366227,0.2585842893151847,0.22269772134411023,0.2585842893151847,0.22269772134411023,0.3432968479116319,0.2975346823969441,0.3432968479116319,0.2975346823969441,0.18886111489690494,0.5400364749154817,0.18886111489690494,0.5400364749154817,0.2619324430449051,0.2957350304975433,0.2619324430449051,0.2957350304975433,0.35893584746833973,0.28332468050048626,0.35893584746833973,0.28332468050048626,0.25828486115427707,0.2094529712338471,0.25828486115427707,0.2094529712338471,0.4555946811381972,0.3188098739792101,0.4555946811381972,0.3188098739792101
0.2090530459438052,0.017053578800795673,0.2090530459438052,0.017053578800795673,0.2350298457269606,0.32779951229135224,0.2350298457269606,0.32779951229135224,0.1754725643026616,0.029105147285530448,0.1754725643026616,0.029105147285530448,0.40194280227513246,0.2469033971710441,0.40194280227513246,0.2469033971710441,0.2090530459438052,0.017053578800795673,0.2090530459438052,0.017053578800795673,0.2350298457269606,0.32779951229135224,0.2350298457269606,0.32779951229135224,0.03559164275248186,0.13738877484329465,0.03559164275248186,0.13738877484329465,0.14575131510151318,0.08924705029571094,0.14575131510151318,0.08924705029571094,0.1501232686589692,0.09167583802356499,0.1501232686589692,0.09167583802356499,0.15170800480923918,0.20099434186930926,0.15170800480923918,0.20099434186930926,0.09738568994212156,0.07298481714387929,0.09738568994212156,0.07298481714387929,0.3229467879165502,0.28304478081552337,0.3229467879165502,0.28304478081552337,0.2231940905924109,0.06358921399445781,0.2231940905924109,0.06358921399445781,0.23470658202439687,0.08679468560636942,0.23470658202439687,0.08679468560636942,0.22264873418930373,0.10847851502462036,0.22264873418930373,0.10847851502462036,0.29911697148934935,0.1746344681625132,0.29911697148934935,0.1746344681625132,0.13833132495705328,0.07240155357615864,0.13833132495705328,0.07240155357615864,0.04760784130549283,0.04616158745102338,0.04760784130549283,0.04616158745102338
0.23462885758877788,0.446699972400308,0.23462885758877788,0.446699972400308,0.3849440698789496,0.3772940954452594,0.3849440698789496,0.3772940954452594,0.24346654300199294,0.2957652709479338,0.24346654300199294,0.2957652709479338,0.264002164373849,0.21971410045548603,0.264002164373849,0.21971410045548603,0.23462885758877788,0.446699972400308,0.23462885758877788,0.446699972400308,0.3849440698789496,0.3772940954452594,0.3849440698789496,0.3772940954452594,0.6064646367032706,0.1667974790183976,0.6064646367032706,0.1667974790183976,0.32845559589991785,0.260912854437389,0.32845559589991785,0.260912854437389,0.07856494671034796,0.13314205687822192,0.07856494671034796,0.13314205687822192,0.3994847309560152,0.4233708988764139,0.3994847309560152,0.4233708988764139,0.1823705897643026,0.1319175008140232,0.1823705897643026,0.1319175008140232,0.7037384329988619,0.23784535258385553,0.7037384329988619,0.23784535258385553,0.05991373937755077,0.18743237813295127,0.05991373937755077,0.18743237813295127,0.533651050189641,0.17987365399278926,0.533651050189641,0.17987365399278926,0.04755676918217274,0.04934025590071987,0.04755676918217274,0.04934025590071987,0.28347519408034266,0.12001508886114191,0.28347519408034266,0.12001508886114191,0.18566311931403556,0.043803326334241804,0.18566311931403556,0.043803326334241804,0.5050398596102859,0.19595711744810151,0.5050398596102859,0.19595711744810151
0.37063375676842064,0.39820724505661176,0.37063375676842064,0.39820724505661176,0.6211974169723067,0.3442903979413396,0.6211974169723067,0.3442903979413396,0.40538165436867835,0.43079125896156395,0.40538165436867835,0.43079125896156395,0.6623388574609594,0.5275998515198655,0.6623388574609594,0.5275998515198655,0.37063375676842064,0.39820724505661176,0.37063375676842064,0.39820724505661176,0.6211974169723067,0.3442903979413396,0.6211974169723067,0.3442903979413396,0.20786613861028638,0.43356514041102884,0.20786613861028638,0.43356514041102884,0.20138854599799874,0.3225035101911519,0.20138854599799874,0.3225035101911519,0.09043209181862938,0.27863535842195214,0.09043209181862938,0.27863535842195214,0.355606514624057,0.32271675644203746,0.355606514624057,0.32271675644203746,0.20607288911214466,0.4661205882859428,0.20607288911214466,0.4661205882859428,0.09628847089476932,0.266472365268682,0.09628847089476932,0.266472365268682,0.2053171957499228,0.1146943084929891,0.2053171957499228,0.1146943084929891,0.10571644922213942,0.16420526905036442,0.10571644922213942,0.16420526905036442,0.2335427109747602,0.20635591175762316,0.2335427109747602,0.20635591175762316,0.32084352963552565,0.4285964787984891,0.32084352963552565,0.4285964787984891,0.4680206456550773,0.21654455758285385,0.4680206456550773,0.21654455758285385,0.14437801340863599,0.21520031525341557,0.14437801340863599,0.21520031525341557
0.15481623764958843,0.12020989462788627,0.15481623764958843,0.12020989462788627,0.17241774911133884,0.33392578281184326,0.17241774911133884,0.33392578281184326,0.1423388994643563,0.11649344183418889,0.1423388994643563,0.11649344183418889,0.12815208481077767,0.38357051549081217,0.12815208481077767,0.38357051549081217,0.15481623764958843,0.12020989462788627,0.15481623764958843,0.12020989462788627,0.17241774911133884,0.33392578281184326,0.17241774911133884,0.33392578281184326,0.20603094919096726,0.1613052507984569,0.20603094919096726,0.1613052507984569,0.273022687724299,0.14412229404411428,0.273022687724299,0.14412229404411428,0.2003744672703102,0.13514253683313796,0.2003744672703102,0.13514253683313796,0.24656650269186087,0.27403423611760225,0.24656650269186087,0.27403423611760225,0.1270949121538,0.1743933754890717,0.1270949121538,0.1743933754890717,0.3243273179099836,0.21238636616523898,0.3243273179099836,0.21238636616523898,0.24711210825977953,0.13362622402427385,0.24711210825977953,0.13362622402427385,0.24195056215553995,0.07557003180203864,0.24195056215553995,0.07557003180203864,0.08199176150678268,0.16902068857472,0.08199176150678268,0.16902068857472,0.13118305615511086,0.23641452383812678,0.13118305615511086,0.23641452383812678,0.1760188606590188,0.2108983585890726,0.1760188606590188,0.2108983585890726,0.1627010164384118,0.12744875242486434,0.1627010164384118,0.12744875242486434
0.10221217418170711,0.13359462591367424,0.10221217418170711,0.13359462591367424,0.24279434722043294,0.31999975416020504,0.24279434722043294,0.31999975416020504,0.1686861311774722,0.13954492469816537,0.1686861311774722,0.13954492469816537,0.4101805381269963,0.1603399456783043,0.4101805381269963,0.1603399456783043,0.10221217418170711,0.13359462591367424,0.10221217418170711,0.13359462591367424,0.24279434722043294,0.31999975416020504,0.24279434722043294,0.31999975416020504,0.1734145430660608,0.1310659179569262,0.1734145430660608,0.1310659179569262,0.3156524059075013,0.22670481940674003,0.3156524059075013,0.22670481940674003,0.21944099167060793,0.189564220200308,0.21944099167060793,0.189564220200308,0.25399953029458483,0.294703032163366,0.25399953029458483,0.294703032163366,0.1423331038991587,0.14535681265725733,0.1423331038991587,0.14535681265725733,0.41956922224247667,0.2169772569679215,0.41956922224247667,0.2169772569679215,0.11726574815541095,0.1703380011120767,0.11726574815541095,0.1703380011120767,0.13669852997505597,0.2737159884922085,0.13669852997505597,0.2737159884922085,0.160028038077983,0.22488396010306086,0.160028038077983,0.22488396010306086,0.20421501229755182,0.4547405325435664,0.20421501229755182,0.4547405325435664,0.17155086054864402,0.1388630351131179,0.17155086054864402,0.1388630351131179,0.15103411874842299,0.1692882821932437,0.15103411874842299,0.1692882821932437
0.12412606885163428,0.14672828587498857,0.12412606885163428,0.14672828587498857,0.2553124102895059,0.10660436857620954,0.2553124102895059,0.10660436857620954,0.12352362631708005,0.11779253609861165,0.12352362631708005,0.11779253609861165,0.1716960675599395,0.09926556212677869,0.1716960675599395,0.09926556212677869,0.12412606885163428,0.14672828587498857,0.12412606885163428,0.14672828587498857,0.2553124102895059,0.10660436857620954,0.2553124102895059,0.10660436857620954,0.15798658312132347,0.16309497585147037,0.15798658312132347,0.16309497585147037,0.2150391249382136,0.12550551309083438,0.2150391249382136,0.12550551309083438,0.16443225901835049,0.1487627545182845,0.16443225901835049,0.1487627545182845,0.18255938905046248,0.20631381650865518,0.18255938905046248,0.20631381650865518,0.13172186661158686,0.18621176522664093,0.13172186661158686,0.18621176522664093,0.24892570410810935,0.20170098020947358,0.24892570410810935,0.20170098020947358,0.18760499884723564,0.09775837180664794,0.18760499884723564,0.09775837180664794,0.32058250830006096,0.16888755032407254,0.32058250830006096,0.16888755032407254,0.19194713863447907,0.24194711338354202,0.19194713863447907,0.24194711338354202,0.15431319590023146,0.26734806864884564,0.15431319590023146,0.26734806864884564,0.1689072259374408,0.16766238941409367,0.1689072259374408,0.16766238941409367,0.13421481023808127,0.10271892224615739,0.13421481023808127,0.10271892224615739
0.1862563228416379,0.09628098548341116,0.1862563228416379,0.09628098548341116,0.1278543498176272,0.1984388814979648,0.1278543498176272,0.1984388814979648,0.16118252194915375,0.09896905086067681,0.16118252194915375,0.09896905086067681,0.1530883174984023,0.293332728789042,0.1530883174984023,0.293332728789042,0.1862563228416379,0.09628098548341116,0.1862563228416379,0.09628098548341116,0.1278543498176272,0.1984388814979648,0.1278543498176272,0.1984388814979648,0.1309529940518002,0.21733708656923473,0.1309529940518002,0.21733708656923473,0.1624926763942734,0.15407792815821794,0.1624926763942734,0.15407792815821794,0.19300610669338286,0.14751831634677037,0.19300610669338286,0.14751831634677037,0.20007807870786803,0.3013738467121826,0.20007807870786803,0.3013738467121826,0.21982183589535728,0.14505260676797568,0.21982183589535728,0.14505260676797568,0.13029594008079112,0.05253835657614279,0.13029594008079112,0.05253835657614279,0.0794175352131481,0.16723835559176053,0.0794175352131481,0.16723835559176053,0.2186837697966796,0.20883394331989374,0.2186837697966796,0.20883394331989374,0.2522039380326119,0.24636873706888057,0.2522039380326119,0.24636873706888057,0.23344692016857466,0.4674655302408256,0.23344692016857466,0.4674655302408256,0.059949696361329574,0.3022474609703644,0.059949696361329574,0.3022474609703644,0.2805392942320655,0.21396084388530365,0.2805392942320655,0.21396084388530365
0.0833689239622038,0.08501073660556399,0.0833689239622038,0.08501073660556399,0.2019036722100263,0.45182994708379853,0.2019036722100263,0.45182994708379853,0.09500353808036488,0.06806872643106963,0.09500353808036488,0.06806872643106963,0.11371309539559445,0.4109800743106981,0.11371309539559445,0.4109800743106981,0.0833689239622038,0.08501073660556399,0.0833689239622038,0.08501073660556399,0.2019036722100263,0.45182994708379853,0.2019036722100263,0.45182994708379853,0.12206113598952176,0.05977630021760618,0.12206113598952176,0.05977630021760618,0.10530761115093021,0.056406193182273336,0.10530761115093021,0.056406193182273336,0.05515745594713349,0.05663330329367593,0.05515745594713349,0.05663330329367593,0.05583730402835452,0.09640871413401579,0.05583730402835452,0.09640871413401579,0.06988326460311353,0.06404280036730459,0.06988326460311353,0.06404280036730459,0.10022859195826525,0.06652100760640113,0.10022859195826525,0.06652100760640113,0.013962383652789614,0.029622022575643364,0.013962383652789614,0.029622022575643364,0.14896228856872357,0.08187997655029108,0.14896228856872357,0.08187997655029108,0.056936489302836915,0.0675945051377022,0.056936489302836915,0.0675945051377022,0.046561574248654376,0.11238481817316545,0.046561574248654376,0.11238481817316545,0.0293191692851835,0.09498397245868816,0.0293191692851835,0.09498397245868816,0.13521697997283877,0.15370194560173842,0.13521697997283877,0.15370194560173842
0.1345803272791043,0.11471613891146368,0.1345803272791043,0.11471613891146368,0.19879780712465117,0.10590242784705593,0.19879780712465117,0.10590242784705593,0.0941931053661288,0.1021422754224785,0.0941931053661288,0.1021422754224785,0.17737028020002,0.0566895101490663,0.17737028020002,0.0566895101490663,0.1345803272791043,0.11471613891146368,0.1345803272791043,0.11471613891146368,0.19879780712465117,0.10590242784705593,0.19879780712465117,0.10590242784705593,0.1408441363427042,0.11308509429637637,0.1408441363427042,0.11308509429637637,0.09564722390116737,0.05750086626332496,0.09564722390116737,0.05750086626332496,0.11744630439559232,0.12630780373090034,0.11744630439559232,0.12630780373090034,0.07884371221900167,0.06889347320192533,0.07884371221900167,0.06889347320192533,0.1437945258468828,0.10151133886527355,0.1437945258468828,0.10151133886527355,0.0479016830499978,0.07913907450646517,0.0479016830499978,0.07913907450646517,0.13456360061653166,0.08031715589549765,0.13456360061653166,0.08031715589549765,0.11057366304546347,0.08264992870285211,0.11057366304546347,0.08264992870285211,0.14011725489893365,0.1606582350057105,0.14011725489893365,0.1606582350057105,0.18460379057717974,0.06438870164601017,0.18460379057717974,0.06438870164601017,0.1499048949918887,0.1762532439800464,0.1499048949918887,0.1762532439800464,0.1323559121898673,0.07382395281366604,0.1323559121898673,0.07382395281366604
0.03474430548452721,0.041193039368877506,0.03474430548452721,0.041193039368877506,0.055723537648321976,0.06961424365280733,0.055723537648321976,0.06961424365280733,0.03876559243521704,0.04874688908257767,0.03876559243521704,0.04874688908257767,0.04797740935252541,0.09419353003229508,0.04797740935252541,0.09419353003229508,0.03474430548452721,0.041193039368877506,0.03474430548452721,0.041193039368877506,0.055723537648321976,0.06961424365280733,0.055723537648321976,0.06961424365280733,0.01211821111670057,0.022913793786559177,0.01211821111670057,0.022913793786559177,0.04657556331229335,0.04921106456147235,0.04657556331229335,0.04921106456147235,0.006784799964555405,0.03253380585222935,0.006784799964555405,0.03253380585222935,0.023961289986716008,0.04062889201039193,0.023961289986716008,0.04062889201039193,0.015907344766918536,0.01997639412658138,0.015907344766918536,0.01997639412658138,0.01431317667562735,0.06359206582959863,0.01431317667562735,0.06359206582959863,0.04838710614373858,0.05071029540818494,0.04838710614373858,0.05071029540818494,0.21069337635580007,0.04579789019427592,0.21069337635580007,0.04579789019427592,0.03631283046658861,0.018363116672067727,0.03631283046658861,0.018363116672067727,0.09878174890264663,0.08061787093069578,0.09878174890264663,0.08061787093069578,0.03617974317648284,0.019361369757780106,0.03617974317648284,0.019361369757780106,0.1146863229730695,0.06734424430167289,0.1146863229730695,0.06734424430167289
0.025039281311867164,0.04158411040869218,0.025039281311867164,0.04158411040869218,0.031018700408006795,0.05214951901173759,0.031018700408006795,0.05214951901173759,0.02799541861439756,0.04253378695699103,0.02799541861439756,0.04253378695699103,0.043103236400914284,0.04304602567759454,0.043103236400914284,0.04304602567759454,0.025039281311867164,0.04158411040869218,0.025039281311867164,0.04158411040869218,0.031018700408006795,0.05214951901173759,0.031018700408006795,0.05214951901173759,0.013171007859284363,0.011219612987647424,0.013171007859284363,0.011219612987647424,0.012203436095821158,0.021422345035689502,0.012203436095821158,0.021422345035689502,0.013277740917769688,0.01156372302397782,0.013277740917769688,0.01156372302397782,0.021307587310514315,0.05023555588376336,0.021307587310514315,0.05023555588376336,0.009061076547383464,0.010668749776427856,0.009061076547383464,0.010668749776427856,0.016525343502213317,0.017749201530533512,0.016525343502213317,0.017749201530533512,0.006410157288434429,0.0059946310246515346,0.006410157288434429,0.0059946310246515346,0.05061893356333266,0.0418070175098788,0.05061893356333266,0.0418070175098788,0.010381018549123698,0.027255495443480115,0.010381018549123698,0.027255495443480115,0.010868853142461221,0.044404967604412454,0.010868853142461221,0.044404967604412454,0.006218627218551803,0.00542882220001937,0.006218627218551803,0.00542882220001937,0.02250858596589061,0.037331411770078184,0.02250858596589061,0.037331411770078184
0.019541263823404667,0.02617742081077234,0.019541263823404667,0.02617742081077234,0.019285249990280893,0.0505512239234942,0.019285249990280893,0.0505512239234942,0.027924938059589777,0.02872222008720652,0.027924938059589777,0.02872222008720652,0.02358913259866283,0.04870841053024588,0.02358913259866283,0.04870841053024588,0.019541263823404667,0.02617742081077234,0.019541263823404667,0.02617742081077234,0.019285249990280893,0.0505512239234942,0.019285249990280893,0.0505512239234942,0.009865852907035165,0.0090860216250962,0.009865852907035165,0.0090860216250962,0.05332988669508369,0.03373298782974667,0.05332988669508369,0.03373298782974667,0.018845199932818572,0.0072023165928080755,0.018845199932818572,0.0072023165928080755,0.016684454339694652,0.009876143081470569,0.016684454339694652,0.009876143081470569,0.012186127754001895,0.00929326801279094,0.012186127754001895,0.00929326801279094,0.06176612063588694,0.02229255706921894,0.06176612063588694,0.02229255706921894,0.004908935129274685,0.007312478404082978,0.004908935129274685,0.007312478404082978,0.008692921049822395,0.027054464810490363,0.008692921049822395,0.027054464810490363,0.021747801345385093,0.004422597704313658,0.021747801345385093,0.004422597704313658,0.01311203709990872,0.01105228678000813,0.01311203709990872,0.01105228678000813,0.012202840660701653,0.00716788924880033,0.012202840660701653,0.00716788924880033,0.018557520117468758,0.0362672031143981,0.018557520117468758,0.0362672031143981
0.02429323487585734,0.035438487196366344,0.02429323487585734,0.035438487196366344,0.07956645548176551,0.03451473634276655,0.07956645548176551,0.03451473634276655,0.023937194987519842,0.03589036373847506,0.023937194987519842,0.03589036373847506,0.0462958374173807,0.03176295802808932,0.0462958374173807,0.03176295802808932,0.02429323487585734,0.035438487196366344,0.02429323487585734,0.035438487196366344,0.07956645548176551,0.03451473634276655,0.07956645548176551,0.03451473634276655,0.006241010415605451,0.011497896890269562,0.006241010415605451,0.011497896890269562,0.012258471031078398,0.007298205903392113,0.012258471031078398,0.007298205903392113,0.00954207829818845,0.0067603217452817735,0.00954207829818845,0.0067603217452817735,0.030576374945560997,0.009697039321724037,0.030576374945560997,0.009697039321724037,0.007821677296765297,0.010289237232280273,0.007821677296765297,0.010289237232280273,0.012214147848964428,0.007882536050276633,0.012214147848964428,0.007882536050276633,0.009184763777986103,0.006422638879555798,0.009184763777986103,0.006422638879555798,0.02475741636755919,0.007476999496403127,0.02475741636755919,0.007476999496403127,0.00417581336407489,0.008384391953524306,0.00417581336407489,0.008384391953524306,0.022036497422650216,0.021535161352741538,0.022036497422650216,0.021535161352741538,0.009293923014581127,0.003661114342971983,0.009293923014581127,0.003661114342971983,0.03610841984859941,0.03577515998647237,0.03610841984859941,0.03577515998647237
0.04165129615007344,0.07747623827689587,0.04165129615007344,0.07747623827689587,0.10805429320753346,0.26320322421162334,0.10805429320753346,0.26320322421162334,0.03665131234682244,0.05116508640343804,0.03665131234682244,0.05116508640343804,0.150989649024999,0.2164368166667203,0.150989649024999,0.2164368166667203,0.04165129615007344,0.07747623827689587,0.04165129615007344,0.07747623827689587,0.10805429320753346,0.26320322421162334,0.10805429320753346,0.26320322421162334,0.021910443683915957,0.037658227959551045,0.021910443683915957,0.037658227959551045,0.16705629885898232,0.07377435607489186,0.16705629885898232,0.07377435607489186,0.04287673332482556,0.024195857977823355,0.04287673332482556,0.024195857977823355,0.08117000695029596,0.05022600428529705,0.08117000695029596,0.05022600428529705,0.02125991223067393,0.07017708694323131,0.02125991223067393,0.07017708694323131,0.07083099845519668,0.030925441684484148,0.07083099845519668,0.030925441684484148,0.019850671885656233,0.042906402430425795,0.019850671885656233,0.042906402430425795,0.1019264450098075,0.027311484654420237,0.1019264450098075,0.027311484654420237,0.04314407601406562,0.03458304657020856,0.04314407601406562,0.03458304657020856,0.10425215395952724,0.04240534469390264,0.10425215395952724,0.04240534469390264,0.033082840263859374,0.028160438472345336,0.033082840263859374,0.028160438472345336,0.03832656697365722,0.04072973115061981,0.03832656697365722,0.04072973115061981
0.02359701751053218,0.026109978224713077,0.02359701751053218,0.026109978224713077,0.07245821533081573,0.04485875010257718,0.07245821533081573,0.04485875010257718,0.024683164859274274,0.033483106494006036,0.024683164859274274,0.033483106494006036,0.08129020766426165,0.05292185260719798,0.08129020766426165,0.05292185260719798,0.02359701751053218,0.026109978224713077,0.02359701751053218,0.026109978224713077,0.07245821533081573,0.04485875010257718,0.07245821533081573,0.04485875010257718,0.010245514566372115,0.044179401387589086,0.010245514566372115,0.044179401387589086,0.14575515814378978,0.049767373878243315,0.14575515814378978,0.049767373878243315,0.028527114909068948,0.023303384771719043,0.028527114909068948,0.023303384771719043,0.042395920175065695,0.06578863384458343,0.042395920175065695,0.06578863384458343,0.031092683846682307,0.009532808948391269,0.031092683846682307,0.009532808948391269,0.0786982971135384,0.020155950013069242,0.0786982971135384,0.020155950013069242,0.017585547368875434,0.003164934827586349,0.017585547368875434,0.003164934827586349,0.06709789371448667,0.004357407024443303,0.06709789371448667,0.004357407024443303,0.03373270761211849,0.008383229702435132,0.03373270761211849,0.008383229702435132,0.048989950204724624,0.032944709815870096,0.048989950204724624,0.032944709815870096,0.012777614608408193,0.013107512439305026,0.012777614608408193,0.013107512439305026,0.05049718536024372,0.003371983201217802,0.05049718536024372,0.003371983201217802
0.04546614376826017,0.024577652641496497,0.04546614376826017,0.024577652641496497,0.041287807431674504,0.04597888518354179,0.041287807431674504,0.04597888518354179,0.0222257953704649,0.02989233202156231,0.0222257953704649,0.02989233202156231,0.06467621173733372,0.02815112110161679,0.06467621173733322,0.02815112110161679,0.04546614376826017,0.024577652641496497,0.04546614376826017,0.024577652641496497,0.041287807431674504,0.04597888518354179,0.041287807431674504,0.04597888518354179,0.005628272071677228,0.007724064957153305,0.005628272071677228,0.007724064957153305,0.02341026846626913,0.02607843070793772,0.02341026846626913,0.02607843070793772,0.010171066436701797,0.010616445555496866,0.010171066436701797,0.010616445555496866,0.02337624829990742,0.07611345663404909,0.02337624829990742,0.07611345663404909,0.007162225271271644,0.0071016623241985455,0.007162225271271644,0.0071016623241985455,0.016061365017883612,0.027803453100897862,0.016061365017883612,0.027803453100897862,0.005395072224174367,0.002531879596800356,0.005395072224174367,0.002531879596800356,0.0061637188605721946,0.014970090695750322,0.0061637188605721946,0.014970090695750322,0.016678885356214274,0.016212148804427763,0.016678885356214274,0.016212148804427763,0.038343458444731464,0.021311459911983827,0.038343458444731464,0.021311459911983827,0.00944635684424503,0.010308881951225127,0.00944635684424503,0.010308881951225127,0.06831026694141144,0.013224707201993072,0.06831026694141144,0.013224707201993072
0.027054124985517503,0.024428017169861115,0.027054124985517503,0.024428017169861115,0.02135691375897247,0.02335902841867993,0.02135691375897247,0.02335902841867993,0.0303749601552481,0.028081504120087974,0.0303749601552481,0.028081504120087974,0.015358058765396494,0.026896539181183364,0.015358058765396494,0.026896539181183364,0.027054124985517503,0.024428017169861115,0.027054124985517503,0.024428017169861115,0.02135691375897247,0.02335902841867993,0.02135691375897247,0.02335902841867993,0.006743753530605615,0.006667852175727998,0.006743753530605615,0.006667852175727998,0.008411772538148716,0.02077352796731531,0.008411772538148716,0.02077352796731531,0.012593507540921846,0.013737413948741813,0.012593507540921846,0.013737413948741813,0.020536425580542434,0.02782498201956526,0.020536425580542434,0.02782498201956526,0.010485673274752881,0.00616542631785291,0.010485673274752881,0.00616542631785291,0.011165096574440862,0.017267998764033208,0.011165096574440862,0.017267998764033208,0.006916744605834723,0.006675616056568282,0.006916744605834723,0.006675616056568282,0.0077217517936326585,0.009732549484768612,0.0077217517936326585,0.009732549484768612,0.02675765799140393,0.015581400266748775,0.02675765799140393,0.015581400266748775,0.015527961327017252,0.0249603364913578,0.015527961327017252,0.0249603364913578,0.01203571309454159,0.017340045363704717,0.01203571309454159,0.017340045363704717,0.011893368809186112,0.020898773999188738,0.011893368809186112,0.020898773999188738
0.016643165726944152,0.019432232765119767,0.016643165726944152,0.019432232765119767,0.031412375296549395,0.041836098652430646,0.031412375296549395,0.041836098652430646,0.012595553457422004,0.027991298366142073,0.012595553457422004,0.027991298366142073,0.0445355533474083,0.04980363493715114,0.0445355533474083,0.04980363493715114,0.016643165726944152,0.019432232765119767,0.016643165726944152,0.019432232765119767,0.031412375296549395,0.041836098652430646,0.031412375296549395,0.041836098652430646,0.011336642972289148,0.006391981056907865,0.011336642972289148,0.006391981056907865,0.06476576037530547,0.017717008730927325,0.06476576037530547,0.017717008730927325,0.023599104392271582,0.01671878516977238,0.023599104392271582,0.01671878516977238,0.026884180689906837,0.019868696730430454,0.026884180689906837,0.019868696730430454,0.014980090718992442,0.00963073092140328,0.014980090718992442,0.00963073092140328,0.047869290879410144,0.030264208205974637,0.047869290879410144,0.030264208205974637,0.013685229072036625,0.006878872066256956,0.013685229072036625,0.006878872066256956,0.03640994444310027,0.014667462801631795,0.03640994444310027,0.014667462801631795,0.006039770422723055,0.011128206414243001,0.006039770422723055,0.011128206414243001,0.05411355117375558,0.03852819596336749,0.05411355117375558,0.03852819596336749,0.017360417617004378,0.004973718991941242,0.017360417617004378,0.004973718991941242,0.178868520433259,0.05829335036968658,0.178868520433259,0.05829335036968658
0.028558319847555223,0.021130125586152917,0.028558319847555223,0.021130125586152917,0.03167585538921492,0.014480445411909298,0.03167585538921492,0.014480445411909298,0.030522474146601388,0.022652313779283496,0.030522474146601388,0.022652313779283496,0.05342103992601848,0.01602574150925109,0.05342103992601848,0.01602574150925109,0.028558319847555223,0.021130125586152917,0.028558319847555223,0.021130125586152917,0.03167585538921492,0.014480445411909298,0.03167585538921492,0.014480445411909298,0.007056985315951323,0.007073521529909198,0.007056985315951323,0.007073521529909198,0.01567676372825875,0.007934793269971287,0.01567676372825875,0.007934793269971287,0.011421877378717664,0.018717473013017173,0.011421877378717664,0.018717473013017173,0.0203626067167349,0.03827207848523424,0.0203626067167349,0.03827207848523424,0.0072812045074639046,0.011179277071345035,0.0072812045074639046,0.011179277071345035,0.007330825735303941,0.014882526745183138,0.007330825735303941,0.014882526745183138,0.007324393450225202,0.0021723439969393533,0.007324393450225202,0.0021723439969393533,0.010654193140904177,0.012840750522962407,0.010654193140904177,0.012840750522962407,0.005784741628061426,0.006343721793911339,0.005784741628061426,0.006343721793911339,0.028625458227586432,0.03365579752686787,0.028625458227586432,0.03365579752686787,0.005549717005346232,0.004245208883907145,0.005549717005346232,0.004245208883907145,0.0069387096609922535,0.0067472728162666475,0.0069387096609922535,0.0067472728162666475
1.0296357276456605,0.9235480776584893,1.0296357276456605,0.9235480776584893,0.3624292145562459,0.7354554511397732,0.3624292145562459,0.7354554511397732,1.0378124630997008,0.9163054007320851,1.0378124630997008,0.9163054007320851,0.8368523975422365,0.559015019858198,0.8368523975422365,0.559015019858198,1.0296357276456605,0.9235480776584893,1.0296357276456605,0.9235480776584893,0.3624292145562459,0.7354554511397732,0.3624292145562459,0.7354554511397732,0.4383229516445012,0.6341520585458603,0.4383229516445012,0.6341520585458603,0.28523579041027586,0.35045149165525585,0.28523579041027586,0.35045149165525585,0.46886527988778315,0.6881129123115445,0.46886527988778315,0.6881129123115445,0.1851076114186569,0.38092940826980737,0.1851076114186569,0.38092940826980737,0.5235887420688191,0.6057487219121829,0.5235887420688191,0.6057487219121829,0.24863134007404944,0.19913169051282079,0.24863134007404944,0.19913169051282079,0.49109472474200494,0.35229204854531115,0.49109472474200494,0.35229204854531115,0.13133249130314334,0.22942919453194338,0.13133249130314334,0.22942919453194338,0.5061010169821724,0.24283927338105885,0.5061010169821724,0.24283927338105885,0.26707836898831594,0.1675202026979974,0.26707836898831594,0.1675202026979974,0.2856276645175916,0.25241107815325475,0.2856276645175916,0.25241107815325475,0.25065096550248184,0.12734711821736994,0.25065096550248184,0.12734711821736994
1.2244345836651898,1.1791568357113533,1.2244345836651898,1.1791568357113533,1.1513143336456866,1.1495901254758434,1.1513143336456866,1.1495901254758434,1.2228363670055404,1.1962705235796192,1.2228363670055404,1.1962705235796192,1.0973163265108925,1.1388106629269492,1.0973163265108925,1.1388106629269492,1.2244345836651898,1.1791568357113533,1.2244345836651898,1.1791568357113533,1.1513143336456866,1.1495901254758434,1.1513143336456866,1.1495901254758434,1.2093132506947608,1.0929970433883909,1.2093132506947608,1.0929970433883909,1.164873415260397,0.961039213501249,1.164873415260397,0.961039213501249,1.027678026944422,1.1561013933886883,1.027678026944422,1.1561013933886883,1.0174403337044615,1.1286134024731702,1.0174403337044615,1.1286134024731702,1.1831420207087955,1.2058746149073973,1.1831420207087955,1.2058746149073973,0.9130548176904815,1.1082174743982331,0.9130548176904815,1.1082174743982331,1.0912324211896782,1.008053959689853,1.0912324211896782,1.008053959689853,1.309614734516243,1.089694565214125,1.309614734516243,1.089694565214125,1.0050323482953405,1.0889038743347854,1.0050323482953405,1.0889038743347854,0.8577696544521842,1.0792061202259098,0.8577696544521842,1.0792061202259098,1.0169189697757754,1.1079833687298977,1.0169189697757754,1.1079833687298977,1.1336945690476448,0.967401419241698,1.1336945690476448,0.967401419241698
0.761890572416775,0.715164254206179,0.761890572416775,0.715164254206179,0.8497961114430441,0.8128135569201972,0.8497961114430441,0.8128135569201972,0.8594611714498716,0.7711034615366045,0.8594611714498716,0.7711034615366045,1.0085065946812328,0.6479665994245498,1.0085065946812328,0.6479665994245498,0.761890572416775,0.715164254206179,0.761890572416775,0.715164254206179,0.8497961114430441,0.8128135569201972,0.8497961114430441,0.8128135569201972,0.6501973136055158,0.6785268454916032,0.6501973136055158,0.6785268454916032,0.8587947591303111,0.5159996337606038,0.8587947591303111,0.5159996337606038,0.8444405971567379,0.7384641482237199,0.8444405971567379,0.7384641482237199,0.8902780348439582,0.8703317654940741,0.8902780348439582,0.8703317654940741,0.7508986111641868,0.6525640751031742,0.7508986111641868,0.6525640751031742,0.9562578848462837,0.7135646871246378,0.9562578848462837,0.7135646871246378,0.5113155294952426,0.6679713165673439,0.5113155294952426,0.6679713165673439,0.9091984617725845,0.7450239236712287,0.9091984617725845,0.7450239236712287,0.7696165107521683,0.6899455441332867,0.7696165107521683,0.6899455441332867,0.5093316088443512,0.38028571984286774,0.5093316088443512,0.38028571984286774,0.7022840329248113,0.7476796910207549,0.7022840329248113,0.7476796910207549,0.9962978348008887,0.6679626750211574,0.9962978348008887,0.6679626750211574
0.7759856268923574,0.7318216137020213,0.7759856268923574,0.7318216137020213,0.7174826821687259,0.7192585384095254,0.7174826821687259,0.7192585384095254,0.9053217541155557,0.7374139568988656,0.9053217541155557,0.7374139568988656,0.6213561784318814,0.8402934829660861,0.6213561784318814,0.8402934829660861,0.7759856268923574,0.7318216137020213,0.7759856268923574,0.7318216137020213,0.7174826821687259,0.7192585384095254,0.7174826821687259,0.7192585384095254,0.836068048597122,0.6528778988530581,0.836068048597122,0.6528778988530581,0.7187757890383359,0.7771002412265213,0.7187757890383359,0.7771002412265213,0.8131730112620515,0.8022602617634952,0.8131730112620515,0.8022602617634952,0.6122717686485339,0.838531660408642,0.6122717686485339,0.838531660408642,0.9199755100169061,0.7175769217208976,0.9199755100169061,0.7175769217208976,0.6577739864350755,0.9862070457337118,0.6577739864350755,0.9862070457337118,0.6674106766918263,0.6832413156691448,0.6674106766918263,0.6832413156691448,1.0644236203541275,1.3562140407900876,1.0644236203541275,1.3562140407900876,0.7628556980752462,0.7431676062995272,0.7628556980752462,0.7431676062995272,0.822616703454976,0.7264309388721927,0.822616703454976,0.7264309388721927,0.7810706605169752,0.8844916930125003,0.7810706605169752,0.8844916930125003,0.6862922206744266,0.930987311066721,0.6862922206744266,0.930987311066721
1.7826938764712912,1.7511224429874874,1.7826938764712912,1.7511224429874874,1.6265633698360504,2.1567318248554925,1.6265633698360504,2.1567318248554925,1.8340668073042987,1.730857989631108,1.8340668073042987,1.730857989631108,1.6212096927334976,2.0426078127877423,1.6212096927334976,2.0426078127877423,1.7826938764712912,1.7511224429874874,1.7826938764712912,1.7511224429874874,1.6265633698360504,2.1567318248554925,1.6265633698360504,2.1567318248554925,1.9454995821058265,1.5844098043830266,1.9454995821058265,1.5844098043830266,1.9879742155331612,1.403285066299283,1.9879742155331612,1.403285066299283,1.9404797905474338,1.6088514746139235,1.9404797905474338,1.6088514746139235,1.9697238882975119,2.1666915364827113,1.9697238882975119,2.1666915364827113,2.0293601286111693,1.5288405490154542,2.0293601286111693,1.5288405490154542,2.1748083680184203,1.5645422760687309,2.1748083680184203,1.5645422760687309,1.6581420870263868,1.509412821667904,1.6581420870263868,1.509412821667904,1.7732771740390143,1.8771335532005244,1.7732771740390143,1.8771335532005244,1.8000182807069625,1.402605641792233,1.8000182807069625,1.402605641792233,1.4567238426595088,1.8866249076089983,1.4567238426595088,1.8866249076089983,2.161002667069513,2.0602912570261855,2.161002667069513,2.0602912570261855,1.5880366826486025,1.4830087989202185,1.5880366826486025,1.4830087989202185
1.6096519310982214,1.411075560634764,1.6096519310982214,1.411075560634764,1.6873488909579084,1.1773115686011093,1.6873488909579084,1.1773115686011093,1.5935176701060778,1.3408777346430358,1.5935176701060778,1.3408777346430358,1.6169880513483206,1.2503090965802253,1.6169880513483206,1.2503090965802253,1.6096519310982214,1.411075560634764,1.6096519310982214,1.411075560634764,1.6873488909579084,1.1773115686011093,1.6873488909579084,1.1773115686011093,1.4985099308616567,1.4770538112951959,1.4985099308616567,1.4770538112951959,1.3070290665394129,1.212291091768073,1.3070290665394129,1.212291091768073,1.5720010189828246,1.450521863496341,1.5720010189828246,1.450521863496341,1.125816924270911,1.311799346958424,1.125816924270911,1.311799346958424,1.7353493276359868,1.4065095714397569,1.7353493276359868,1.4065095714397569,1.4184187472314893,1.170302404575138,1.4184187472314893,1.170302404575138,1.3537491058636661,1.434914706313654,1.3537491058636661,1.434914706313654,1.2389639888074115,0.9295176944489362,1.2389639888074115,0.9295176944489362,1.683941398817841,1.1687429573916213,1.683941398817841,1.1687429573916213,1.5243752972408198,0.9655567902566756,1.5243752972408198,0.9655567902566756,1.2521323780103495,1.472007241349181,1.2521323780103495,1.472007241349181,0.9106953667867054,1.073295264052881,0.9106953667867054,1.073295264052881
0.5726374356011319,0.29765341474095836,0.5726374356011319,0.29765341474095836,0.4395310800662547,0.29779166803368184,0.4395310800662547,0.29779166803368184,0.5517924058092899,0.26805543512749685,0.5517924058092899,0.26805543512749685,0.48046076480173183,0.22641763242762236,0.48046076480173183,0.22641763242762236,0.5726374356011319,0.29765341474095836,0.5726374356011319,0.29765341474095836,0.4395310800662547,0.29779166803368184,0.4395310800662547,0.29779166803368184,0.48688800224397283,0.312370829828674,0.48688800224397283,0.312370829828674,0.3889034091417627,0.34698573390564724,0.3889034091417627,0.34698573390564724,0.48688840905713526,0.4084388360824723,0.48688840905713526,0.4084388360824723,0.21777897940467575,0.28325038825930976,0.21777897940467575,0.28325038825930976,0.3930127039694829,0.27110996627816586,0.3930127039694829,0.27110996627816586,0.24162747105734128,0.45356348059476326,0.24162747105734128,0.45356348059476326,0.3659910501779848,0.2874976537575384,0.3659910501779848,0.2874976537575384,0.33622331994456317,0.23744428865039102,0.33622331994456317,0.23744428865039102,0.3575431375592586,0.31637415948961384,0.3575431375592586,0.31637415948961384,0.5653864150498601,0.3459526426462091,0.5653864150498601,0.3459526426462091,0.34747005931701064,0.30885387092046407,0.34747005931701064,0.30885387092046407,0.3803558173603971,0.24079597606925937,0.3803558173603971,0.24079597606925937
0.36418623263537686,0.42582373150842434,0.36418623263537686,0.42582373150842434,0.16798382953313554,0.32769564200328066,0.16798382953313554,0.32769564200328066,0.30003652324031943,0.40649380277619734,0.30003652324031943,0.40649380277619734,0.19276857377956827,0.24940996157485862,0.19276857377956827,0.24940996157485862,0.36418623263537686,0.42582373150842434,0.36418623263537686,0.42582373150842434,0.16798382953313554,0.32769564200328066,0.16798382953313554,0.32769564200328066,0.308852346590005,0.27756839178559156,0.308852346590005,0.27756839178559156,0.30901680583604013,0.24423882226943613,0.30901680583604013,0.24423882226943613,0.31787480201874224,0.24929472493167495,0.31787480201874224,0.24929472493167495,0.23337199989953442,0.22448618324312872,0.23337199989953442,0.22448618324312872,0.36141637798557663,0.2869743835408387,0.36141637798557663,0.2869743835408387,0.23978002291729797,0.1380783913075806,0.23978002291729797,0.1380783913075806,0.2180808830750125,0.21110440033760522,0.2180808830750125,0.21110440033760522,0.17414414388231034,0.2781927951058571,0.17414414388231034,0.2781927951058571,0.13912239041882354,0.23085360593898563,0.13912239041882354,0.23085360593898563,0.39053063027487606,0.0933866719645572,0.39053063027487606,0.0933866719645572,0.18005168017677511,0.17749797697066064,0.18005168017677511,0.17749797697066064,0.12648087910643627,0.13178197777539705,0.12648087910643627,0.13178197777539705
1.614384975768482,1.3515448840887185,1.614384975768482,1.3515448840887185,1.67352884510695,1.2959193152115067,1.67352884510695,1.2959193152115067,1.6063190123042175,1.3147196759672133,1.6063190123042175,1.3147196759672133,1.579919774449302,1.495694765245034,1.579919774449302,1.495694765245034,1.614384975768482,1.3515448840887185,1.614384975768482,1.3515448840887185,1.67352884510695,1.2959193152115067,1.67352884510695,1.2959193152115067,1.449126832039785,1.3746962077808733,1.449126832039785,1.3746962077808733,1.491865796855306,1.028518736347839,1.491865796855306,1.028518736347839,1.4093356166564943,1.293657305862543,1.4093356166564943,1.293657305862543,1.4433357863503342,1.3937976941613723,1.4433357863503342,1.3937976941613723,1.513900032087194,1.3628105326545643,1.513900032087194,1.3628105326545643,1.8284949611911416,1.161662109805798,1.8284949611911416,1.161662109805798,1.499358650520502,1.1811653710938026,1.499358650520502,1.1811653710938026,2.086598726719785,1.371926539527579,2.086598726719785,1.371926539527579,1.274632015986181,1.3783788655553038,1.274632015986181,1.3783788655553038,1.7138439400584293,1.17700967206721,1.7138439400584293,1.17700967206721,1.5104475939834305,1.4239886866929385,1.5104475939834305,1.4239886866929385,1.8064285486126923,1.5358599570813565,1.8064285486126923,1.5358599570813565
0.724010190089665,0.6409878005787096,0.724010190089665,0.6409878005787096,0.570284926142939,0.5766116938723534,0.570284926142939,0.5766116938723534,0.7624513560847553,0.6151826030837428,0.7624513560847553,0.6151826030837428,0.5375810099476933,0.7118801787378318,0.5375810099476933,0.7118801787378318,0.724010190089665,0.6409878005787096,0.724010190089665,0.6409878005787096,0.570284926142939,0.5766116938723534,0.570284926142939,0.5766116938723534,0.5799053043843505,0.5551116045195004,0.5799053043843505,0.5551116045195004,0.6603570549943982,0.3157140949628862,0.6603570549943982,0.3157140949628862,0.5670102478947411,0.6179240072686082,0.5670102478947411,0.6179240072686082,0.9532020651181887,0.6531337062100917,0.9532020651181887,0.6531337062100917,0.6170751688783768,0.5038647549518935,0.6170751688783768,0.5038647549518935,0.6132491159635303,0.5110429905011545,0.6132491159635303,0.5110429905011545,0.49039092079627583,0.5512288460988458,0.49039092079627583,0.5512288460988458,0.8255999668894116,0.3306603741502269,0.8255999668894116,0.3306603741502269,0.6811990430870326,0.42484782323545484,0.6811990430870326,0.42484782323545484,0.7593377983632205,0.3462366729747198,0.7593377983632205,0.3462366729747198,0.8164237558189219,0.4549548721963317,0.8164237558189219,0.4549548721963317,1.3002915784166944,0.14666576103984857,1.3002915784166944,0.14666576103984857
2.3112587639250317,2.430540706678352,2.3112587639250317,2.430540706678352,2.012538660936517,1.694899350546885,2.012538660936517,1.694899350546885,2.258163043560502,2.4340289512849473,2.258163043560502,2.4340289512849473,1.9344188374883595,1.7213795030120442,1.9344188374883595,1.7213795030120442,2.3112587639250317,2.430540706678352,2.3112587639250317,2.430540706678352,2.012538660936517,1.694899350546885,2.012538660936517,1.694899350546885,1.6029030575052283,1.7780993810595582,1.6029030575052283,1.7780993810595582,1.85096207379649,1.6971248887812151,1.85096207379649,1.6971248887812151,1.6908573797813944,1.9797305852431857,1.6908573797813944,1.9797305852431857,1.5794709907296267,1.8840481197220171,1.5794709907296267,1.8840481197220171,1.5674325179719177,1.8841560963094643,1.5674325179719177,1.8841560963094643,1.7705409334834423,1.4427013013110597,1.7705409334834423,1.4427013013110597,1.3378810299569155,1.601827529559487,1.3378810299569155,1.601827529559487,1.2460604975606857,1.150979636481496,1.2460604975606857,1.150979636481496,1.6691468089957993,1.980978703385462,1.6691468089957993,1.980978703385462,1.6097709744339348,1.3067267901851551,1.6097709744339348,1.3067267901851551,1.5721585452270788,1.4113989894360113,1.5721585452270788,1.4113989894360113,1.2821894153788653,1.5320260818346592,1.2821894153788653,1.5320260818346592
3.1038474365621,3.0538303597166316,3.1038474365621,3.0538303597166316,3.1557584487823513,3.0334077856723627,3.1557584487823513,3.0334077856723627,3.057038868242271,3.10032331645583,3.057038868242271,3.10032331645583,3.1110104839098334,3.0453342707899553,3.1110104839098334,3.0453342707899553,3.1038474365621,3.0538303597166316,3.1038474365621,3.0538303597166316,3.1557584487823513,3.0334077856723627,3.1557584487823513,3.0334077856723627,3.1210433439275542,2.7155101930214705,3.1210433439275542,2.7155101930214705,2.825066256167759,2.6402411517636475,2.825066256167759,2.6402411517636475,2.911600116492604,2.8229789151150255,2.911600116492604,2.8229789151150255,2.7908398056553443,2.772121446037706,2.7908398056553443,2.772121446037706,3.0345225050673266,2.795586636018558,3.0345225050673266,2.795586636018558,2.5898106216019583,2.8862796884586364,2.5898106216019583,2.8862796884586364,2.9881768366119754,3.0171315379619204,2.9881768366119754,3.0171315379619204,3.0252830417644607,3.340159844798044,3.0252830417644607,3.340159844798044,2.657804773375946,3.002342660851691,2.657804773375946,3.002342660851691,2.7690907331159904,2.8969605962287117,2.7690907331159904,2.8969605962287117,2.9972297395035596,3.065702242393953,2.9972297395035596,3.065702242393953,3.4222783641235233,3.052363317846233,3.4222783641235233,3.052363317846233
3.3508664905099463,3.1177822501336534,3.3508664905099463,3.1177822501336534,3.3401555023688907,2.924753714247472,3.3401555023688907,2.924753714247472,3.354938863418912,3.2176812103103245,3.354938863418912,3.2176812103103245,3.310742008744777,2.926470433881209,3.310742008744777,2.926470433881209,3.3508664905099463,3.1177822501336534,3.3508664905099463,3.1177822501336534,3.3401555023688907,2.924753714247472,3.3401555023688907,2.924753714247472,2.8938341939520402,2.930614202996469,2.8938341939520402,2.930614202996469,2.7004542271709546,2.6921665077428605,2.7004542271709546,2.6921665077428605,2.9772755728231814,2.8428201775918973,2.9772755728231814,2.8428201775918973,2.761954984022437,2.611998477993241,2.761954984022437,2.611998477993241,2.878506825242343,2.913074679446342,2.878506825242343,2.913074679446342,2.626229467937372,2.8856018444143894,2.626229467937372,2.8856018444143894,2.5864036643921193,2.865470033746647,2.5864036643921193,2.865470033746647,2.832138471887709,2.1832924384695973,2.832138471887709,2.1832924384695973,3.292418525714072,2.82868113002246,3.292418525714072,2.82868113002246,2.973013324461935,2.7927619244426163,2.973013324461935,2.7927619244426163,2.9432581721643674,2.817929735479443,2.9432581721643674,2.817929735479443,2.9513531478246167,2.768436162991059,2.9513531478246167,2.768436162991059
0.4480035686809361,0.35628970224223266,0.4480035686809361,0.35628970224223266,0.4427861968666285,0.3425091221626301,0.4427861968666285,0.3425091221626301,0.43046916140470637,0.34746689340174014,0.43046916140470637,0.34746689340174014,0.4532684995361335,0.37966512314413886,0.4532684995361335,0.37966512314413886,0.4480035686809361,0.35628970224223266,0.4480035686809361,0.35628970224223266,0.4427861968666285,0.3425091221626301,0.4427861968666285,0.3425091221626301,0.4760448582782395,0.3559634430781878,0.4760448582782395,0.3559634430781878,0.4099124574305519,0.5185070255514806,0.4099124574305519,0.5185070255514806,0.4885237355155132,0.36428921646108875,0.4885237355155132,0.36428921646108875,0.45630283688183365,0.36882387149822826,0.45630283688183365,0.36882387149822826,0.4214154392266322,0.3868398636108023,0.4214154392266322,0.3868398636108023,0.3802867071717081,0.4277114169944552,0.3802867071717081,0.4277114169944552,0.41512400086556883,0.41349019869407905,0.41512400086556883,0.41349019869407905,0.4568831977678157,0.4364295062895174,0.4568831977678157,0.4364295062895174,0.2833228361553993,0.2516845124174995,0.2833228361553993,0.2516845124174995,0.3913130555560599,0.439868720588808,0.3913130555560599,0.439868720588808,0.3647801865010572,0.4254520721864057,0.3647801865010572,0.4254520721864057,0.5603530989220854,0.46423311833881237,0.5603530989220854,0.46423311833881237
0.12706361519818313,0.06732161674622207,0.12706361519818313,0.06732161674622207,0.1587017731645006,0.09549041957822613,0.1587017731645006,0.09549041957822613,0.09921419951381343,0.0772109231392135,0.09921419951381343,0.0772109231392135,0.2758737945663838,0.09097227681429644,0.2758737945663838,0.09097227681429644,0.12706361519818313,0.06732161674622207,0.12706361519818313,0.06732161674622207,0.1587017731645006,0.09549041957822613,0.1587017731645006,0.09549041957822613,0.12926805336745859,0.08886104786476837,0.12926805336745859,0.08886104786476837,0.07823539127513902,0.09688446860451057,0.07823539127513902,0.09688446860451057,0.16042302899473607,0.08235271197722216,0.16042302899473607,0.08235271197722216,0.07154814478333726,0.09484005716906707,0.07154814478333726,0.09484005716906707,0.1300875780417268,0.07080803495024882,0.1300875780417268,0.07080803495024882,0.27645037897466523,0.09861920014037218,0.27645037897466523,0.09861920014037218,0.0945157902642939,0.13747728861214326,0.0945157902642939,0.13747728861214326,0.11496978937154213,0.1537667053200288,0.11496978937154213,0.1537667053200288,0.06359169633178559,0.10941306594909538,0.06359169633178559,0.10941306594909538,0.11533980465372308,0.04983995163946863,0.11533980465372308,0.04983995163946863,0.11684758751381577,0.13983608239914475,0.11684758751381577,0.13983608239914475,0.09798176741776617,0.11406784830839524,0.09798176741776617,0.11406784830839524
0.22147219052135986,0.18648022524923322,0.22147219052135986,0.18648022524923322,0.23205792855744184,0.3563902920189666,0.23205792855744184,0.3563902920189666,0.2272793706481461,0.181256386444716,0.2272793706481461,0.181256386444716,0.18439381335493996,0.254950899811574,0.18439381335493996,0.254950899811574,0.22147219052135986,0.18648022524923322,0.22147219052135986,0.18648022524923322,0.23205792855744184,0.3563902920189666,0.23205792855744184,0.3563902920189666,0.24281890732520645,0.22759417440253182,0.24281890732520645,0.22759417440253182,0.20648701376967618,0.1333856696680705,0.20648701376967618,0.1333856696680705,0.2361526574382307,0.19815116886495932,0.2361526574382307,0.19815116886495932,0.11474833765092045,0.15715296063367598,0.11474833765092045,0.15715296063367598,0.24951579297206836,0.16877039844099515,0.24951579297206836,0.16877039844099515,0.3396334372119413,0.1347717972255747,0.3396334372119413,0.1347717972255747,0.14574352594082624,0.1361301534533287,0.14574352594082624,0.1361301534533287,0.24064331900822578,0.1087115520302683,0.24064331900822578,0.1087115520302683,0.20509452974791367,0.1808532674055891,0.20509452974791367,0.1808532674055891,0.14503134165661644,0.14915585042300925,0.14503134165661644,0.14915585042300925,0.21309594476261065,0.09422203778424196,0.21309594476261065,0.09422203778424196,0.20078888645159607,0.16695963471357925,0.20078888645159607,0.16695963471357925
0.5140237058567861,0.7367377176365231,0.5140237058567861,0.7367377176365231,0.8749802995008246,1.2494493286416815,0.8749802995008246,1.2494493286416815,0.5101041990346312,0.7257835417411519,0.5101041990346312,0.7257835417411519,0.5467940844845651,0.8019895849519897,0.5467940844845651,0.8019895849519897,0.5140237058567861,0.7367377176365231,0.5140237058567861,0.7367377176365231,0.8749802995008246,1.2494493286416815,0.8749802995008246,1.2494493286416815,0.6450252619774967,0.6158212062981098,0.6450252619774967,0.6158212062981098,0.5175036907891425,0.46568463567111235,0.5175036907891425,0.46568463567111235,0.6752062778712554,0.6206185101705864,0.6752062778712554,0.6206185101705864,0.5794230257127314,0.27211685042861944,0.5794230257127314,0.27211685042861944,0.6270921727847564,0.521777691959837,0.6270921727847564,0.521777691959837,0.6613888463602199,0.4251698260511861,0.6613888463602199,0.4251698260511861,0.5394629938218413,0.5321580536762502,0.5394629938218413,0.5321580536762502,0.5956672788622358,0.755296182183139,0.5956672788622358,0.755296182183139,0.6063967645827432,0.7042908459183975,0.6063967645827432,0.7042908459183975,0.6271183946368427,1.048094762393822,0.6271183946368427,1.048094762393822,0.552583592530116,0.7547126681845017,0.552583592530116,0.7547126681845017,0.40507633149481254,0.7366100611392133,0.40507633149481254,0.7366100611392133
0.37249058282579106,0.326817028464707,0.37249058282579106,0.326817028464707,0.356237047826642,0.40908149506715225,0.356237047826642,0.40908149506715225,0.3097942687556478,0.3368265379015483,0.3097942687556478,0.3368265379015483,0.38417647563079405,0.3880718533796269,0.38417647563079405,0.3880718533796269,0.37249058282579106,0.326817028464707,0.37249058282579106,0.326817028464707,0.356237047826642,0.40908149506715225,0.356237047826642,0.40908149506715225,0.39141892100061637,0.34218245858792745,0.39141892100061637,0.34218245858792745,0.34984862284327783,0.3096680396541916,0.34984862284327783,0.3096680396541916,0.3820710825499849,0.397201254736474,0.3820710825499849,0.397201254736474,0.32657731471806767,0.255985644144154,0.32657731471806767,0.255985644144154,0.3645556754460763,0.3913374977977507,0.3645556754460763,0.3913374977977507,0.385213643618935,0.30896780035065075,0.385213643618935,0.30896780035065075,0.3217783913217264,0.3283472110274145,0.3217783913217264,0.3283472110274145,0.3357221469599874,0.3031538566373052,0.3357221469599874,0.3031538566373052,0.38232402949936767,0.3867533138919987,0.38232402949936767,0.3867533138919987,0.4737466113284789,0.4143053909854845,0.4737466113284789,0.4143053909854845,0.3232489340423708,0.25164386461000193,0.3232489340423708,0.25164386461000193,0.33833367316338514,0.33623630675628685,0.33833367316338514,0.33623630675628685
0.3816011172649984,0.30433238593880313,0.3816011172649984,0.30433238593880313,0.31765611558819695,0.3120726535500667,0.31765611558819695,0.3120726535500667,0.3850027213322414,0.3069247847274631,0.3850027213322414,0.3069247847274631,0.32584511451653303,0.32773730641969817,0.32584511451653303,0.32773730641969817,0.3816011172649984,0.30433238593880313,0.3816011172649984,0.30433238593880313,0.31765611558819695,0.3120726535500667,0.31765611558819695,0.3120726535500667,0.4056294186284095,0.3901282417847044,0.4056294186284095,0.3901282417847044,0.42706681633207216,0.46769046100008754,0.42706681633207216,0.46769046100008754,0.36853585485531026,0.44309764745642966,0.36853585485531026,0.44309764745642966,0.429272617679356,0.43151690239165846,0.429272617679356,0.43151690239165846,0.36688331150049386,0.3966709916599275,0.36688331150049386,0.3966709916599275,0.46936898300526625,0.46719177382018834,0.46936898300526625,0.46719177382018834,0.5253297028957435,0.3433500572842142,0.5253297028957435,0.3433500572842142,0.5521670218022309,0.6033119683278982,0.5521670218022309,0.6033119683278982,0.48770717850499845,0.32020908902223716,0.48770717850499845,0.32020908902223716,0.3655770102046413,0.4579798166538567,0.3655770102046413,0.4579798166538567,0.41567164493559694,0.424185989614535,0.41567164493559694,0.424185989614535,0.4899885709042291,0.3820540032729245,0.4899885709042291,0.3820540032729245
0.33680587813059426,0.34577577748246513,0.33680587813059426,0.34577577748246513,0.2892006096966558,0.42489600886564954,0.2892006096966558,0.42489600886564954,0.3657856709487417,0.3314394035011143,0.3657856709487417,0.3314394035011143,0.30962430766704924,0.41286703601388414,0.30962430766704924,0.41286703601388414,0.33680587813059426,0.34577577748246513,0.33680587813059426,0.34577577748246513,0.2892006096966558,0.42489600886564954,0.2892006096966558,0.42489600886564954,0.2673505773880817,0.3361123508007394,0.2673505773880817,0.3361123508007394,0.41014527352935587,0.39228511057242343,0.41014527352935587,0.39228511057242343,0.5045586559617776,0.3468688042228872,0.5045586559617776,0.3468688042228872,0.4363393712803336,0.42773652162427356,0.4363393712803336,0.42773652162427356,0.2992400071697725,0.32925082513801657,0.2992400071697725,0.32925082513801657,0.15385603059080472,0.5455828235088217,0.15385603059080472,0.5455828235088217,0.22855557032401455,0.3678525013561064,0.22855557032401455,0.3678525013561064,0.350359099668152,0.39728881961851936,0.350359099668152,0.39728881961851936,0.35960475512945156,0.43545762737165367,0.35960475512945156,0.43545762737165367,0.5556641858959821,0.2892196726018915,0.5556641858959821,0.2892196726018915,0.30227983099888955,0.36205224731444474,0.30227983099888955,0.36205224731444474,0.22511155623585385,0.6252745483358327,0.22511155623585385,0.6252745483358327
0.8606769562513171,0.7168806664400147,0.8606769562513171,0.7168806664400147,0.7400942538651433,0.7583751421299334,0.7400942538651433,0.7583751421299334,0.8582408577628681,0.7613837064439929,0.8582408577628681,0.7613837064439929,0.7718017231297467,0.7043819708956112,0.7718017231297467,0.7043819708956112,0.8606769562513171,0.7168806664400147,0.8606769562513171,0.7168806664400147,0.7400942538651433,0.7583751421299334,0.7400942538651433,0.7583751421299334,0.7970273338377261,0.7098115100925491,0.7970273338377261,0.7098115100925491,0.8049254617131132,0.8566194879065789,0.8049254617131132,0.8566194879065789,0.7957179673501599,0.6983837692536845,0.7957179673501599,0.6983837692536845,0.9886415376372308,0.8076831100318717,0.9886415376372308,0.8076831100318717,0.7689880875380702,0.6925912657402513,0.7689880875380702,0.6925912657402513,0.9341451169964388,0.8687220760868665,0.9341451169964388,0.8687220760868665,0.6646297014594477,0.7701285686829453,0.6646297014594477,0.7701285686829453,1.0211408972749367,0.613532108394545,1.0211408972749367,0.613532108394545,0.7627744264751926,0.6066901414067121,0.7627744264751926,0.6066901414067121,1.1703740562560312,0.6769472794367686,1.1703740562560312,0.6769472794367686,0.7753333249639047,0.7640312698676781,0.7753333249639047,0.7640312698676781,0.9061613108621148,0.6973401442046032,0.9061613108621148,0.6973401442046032
0.429714189655814,0.35602156584330863,0.429714189655814,0.35602156584330863,0.4633182577895569,0.45776995468301057,0.4633182577895569,0.45776995468301057,0.4346449852767033,0.34799202075580327,0.4346449852767033,0.34799202075580327,0.5293473219004778,0.42166099123054296,0.5293473219004778,0.42166099123054296,0.429714189655814,0.35602156584330863,0.429714189655814,0.35602156584330863,0.4633182577895569,0.45776995468301057,0.4633182577895569,0.45776995468301057,0.4514317934295102,0.44002936132251025,0.4514317934295102,0.44002936132251025,0.49851400693734765,0.5585332302319579,0.49851400693734765,0.5585332302319579,0.43965994163891736,0.4379047762314735,0.43965994163891736,0.4379047762314735,0.5174875425587546,0.4669355939377655,0.5174875425587546,0.4669355939377655,0.4657649664712852,0.43630206653378906,0.4657649664712852,0.43630206653378906,0.5315206640567264,0.5560733119692345,0.5315206640567264,0.5560733119692345,0.4706144547299193,0.5031394198400637,0.4706144547299193,0.5031394198400637,0.6803096177726242,0.7330040103013207,0.6803096177726242,0.7330040103013207,0.47160411358481535,0.4817895553168536,0.47160411358481535,0.4817895553168536,0.5381326550198852,0.48387358861635343,0.5381326550198852,0.48387358861635343,0.41049473214215676,0.5041344210351749,0.41049473214215676,0.5041344210351749,0.516047555204991,0.6520090108050242,0.516047555204991,0.6520090108050242
1.7098867645460651,1.9849943962386833,1.7098867645460651,1.9849943962386833,1.6342997548396692,2.1312778163396433,1.6342997548396692,2.1312778163396433,1.5610145117419751,1.9708531920299717,1.5610145117419751,1.9708531920299717,1.852264912441479,2.0428937991475404,1.852264912441479,2.0428937991475404,1.7098867645460651,1.9849943962386833,1.7098867645460651,1.9849943962386833,1.6342997548396692,2.1312778163396433,1.6342997548396692,2.1312778163396433,1.4271787958728928,1.7306310108363712,1.4271787958728928,1.7306310108363712,1.7435527203998233,1.7847053633152865,1.7435527203998233,1.7847053633152865,1.5795049130943701,1.6784139621146927,1.5795049130943701,1.6784139621146927,1.6466184899679348,1.4598726114855036,1.6466184899679348,1.4598726114855036,1.6181214865192683,1.73744103643605,1.6181214865192683,1.73744103643605,1.7222153305518397,1.6214673852366268,1.7222153305518397,1.6214673852366268,1.7383527434269366,1.466445617475569,1.7383527434269366,1.466445617475569,1.5912824016233706,1.5167564288337896,1.5912824016233706,1.5167564288337896,1.6474545212165126,1.5210688010028997,1.6474545212165126,1.5210688010028997,1.6995145274354824,1.3678447005213985,1.6995145274354824,1.3678447005213985,1.4964046569110028,1.4206597497444189,1.4964046569110028,1.4206597497444189,1.4544646551846856,1.5855085610379989,1.4544646551846856,1.5855085610379989
0.7643662729440032,0.6604468531037095,0.7643662729440032,0.6604468531037095,0.8917382073876591,0.7644511092628247,0.8917382073876591,0.7644511092628247,0.7778744573573134,0.6690167558055428,0.7778744573573134,0.6690167558055428,0.9354467057250097,0.630138811522204,0.9354467057250097,0.630138811522204,0.7643662729440032,0.6604468531037095,0.7643662729440032,0.6604468531037095,0.8917382073876591,0.7644511092628247,0.8917382073876591,0.7644511092628247,0.8031084819575423,0.724293558520615,0.8031084819575423,0.724293558520615,0.6900972505277916,0.8115170392773567,0.6900972505277916,0.8115170392773567,0.7166633220647616,0.7000133577174577,0.7166633220647616,0.7000133577174577,0.7764026215332351,0.7440664963940493,0.7764026215332351,0.7440664963940493,0.7359729467915319,0.6970110557277885,0.7359729467915319,0.6970110557277885,0.6863511821471117,0.7425381322646207,0.6863511821471117,0.7425381322646207,0.7395348599054163,0.7518065501901291,0.7395348599054163,0.7518065501901291,0.8065133927788364,0.6833059738633805,0.8065133927788364,0.6833059738633805,0.6678590907035408,0.6430086692210355,0.6678590907035408,0.6430086692210355,0.8543206006153733,0.7278454156597245,0.8543206006153733,0.7278454156597245,0.6782982520402085,0.866751303259439,0.6782982520402085,0.866751303259439,0.5817200404182732,0.838423962771613,0.5817200404182732,0.838423962771613
0.699500382890606,0.5455953361821166,0.699500382890606,0.5455953361821166,0.5722527754474451,0.49084127654361875,0.5722527754474451,0.49084127654361875,0.7177780354317773,0.5808169825082565,0.7177780354317773,0.5808169825082565,0.5128755224563869,0.5052257032485616,0.5128755224563869,0.5052257032485616,0.699500382890606,0.5455953361821166,0.699500382890606,0.5455953361821166,0.5722527754474451,0.49084127654361875,0.5722527754474451,0.49084127654361875,0.5583586995986864,0.5473405675146933,0.5583586995986864,0.5473405675146933,0.5294015524053974,0.537113688034282,0.5294015524053974,0.537113688034282,0.5750601372710293,0.5194973245678931,0.5750601372710293,0.5194973245678931,0.67350446870536,0.5872911604024023,0.67350446870536,0.5872911604024023,0.5974805354797551,0.5726436688094813,0.5974805354797551,0.5726436688094813,0.5563210132451288,0.5397179082759161,0.5563210132451288,0.5397179082759161,0.58920726888596,0.4482737271341585,0.58920726888596,0.4482737271341585,0.6489185647195174,0.6182692356298222,0.6489185647195174,0.6182692356298222,0.48765378644080487,0.5052613569698623,0.48765378644080487,0.5052613569698623,0.33590293411664973,0.5705869011652184,0.33590293411664973,0.5705869011652184,0.6559352525133296,0.5624282610454053,0.6559352525133296,0.5624282610454053,0.7442244424590277,0.5762428802156964,0.7442244424590277,0.5762428802156964
2.7499457030375285,2.719945422174878,2.7499457030375285,2.719945422174878,2.6253305700495337,2.8981250999569967,2.6253305700495337,2.8981250999569967,2.863087439959863,2.686595507117626,2.863087439959863,2.686595507117626,2.797788625927625,2.8623869821895997,2.797788625927625,2.8623869821895997,2.7499457030375285,2.719945422174878,2.7499457030375285,2.719945422174878,2.6253305700495337,2.8981250999569967,2.6253305700495337,2.8981250999569967,2.722120377877815,2.851522727147111,2.722120377877815,2.851522727147111,3.0784459066975285,2.947516674411738,3.0784459066975285,2.947516674411738,2.88781752829717,2.830884621694364,2.88781752829717,2.830884621694364,2.542240981914527,3.1045790151343793,2.542240981914527,3.1045790151343793,2.6767793419363963,2.908378034018554,2.6767793419363963,2.908378034018554,3.014448211585781,2.726069535890408,3.014448211585781,2.726069535890408,2.9370366920459166,2.8967842610164354,2.9370366920459166,2.8967842610164354,2.4589042294855847,3.1917919322263715,2.4589042294855847,3.1917919322263715,2.6280933136168807,2.8286638691368275,2.6280933136168807,2.8286638691368275,2.6922681323115594,3.048467196292594,2.6922681323115594,3.048467196292594,2.805021781136919,3.0259377659879174,2.805021781136919,3.0259377659879174,2.820261751575819,3.055448701959368,2.820261751575819,3.055448701959368
2.390076996017269,1.9379066903315267,2.390076996017269,1.9379066903315267,2.4248614237126542,2.385561762557118,2.4248614237126542,2.385561762557118,2.1767721877511765,1.8745450940847173,2.1767721877511765,1.8745450940847173,1.9989400836476583,2.6902383601043116,1.9989400836476583,2.6902383601043116,2.390076996017269,1.9379066903315267,2.390076996017269,1.9379066903315267,2.4248614237126542,2.385561762557118,2.4248614237126542,2.385561762557118,2.7396576668945993,2.374889634726038,2.7396576668945993,2.374889634726038,3.5059509630005654,2.6082612520338575,3.5059509630005654,2.6082612520338575,2.848463427086625,2.1711659642385195,2.848463427086625,2.1711659642385195,2.5219133292993146,2.4189984534831424,2.5219133292993146,2.4189984534831424,2.824939759429191,2.3468243713419437,2.824939759429191,2.3468243713419437,3.1273000167835887,2.341415321026867,3.1273000167835887,2.341415321026867,3.3310266861286624,3.299900868833099,3.3310266861286624,3.299900868833099,3.412402928800564,4.0173767966075,3.412402928800564,4.0173767966075,2.3996736708844075,2.331154055117472,2.3996736708844075,2.331154055117472,2.6605048687537827,2.472963825037308,2.6605048687537827,2.472963825037308,2.9521289490413394,2.729196720063403,2.9521289490413394,2.729196720063403,3.1006022401503954,2.7400933759801025,3.1006022401503954,2.7400933759801025
1.9611548951298983,1.7516548817558424,1.9611548951298983,1.7516548817558424,1.7581031438431443,1.7242411095595245,1.7581031438431443,1.7242411095595245,1.8619634070270372,1.70316070123743,1.8619634070270372,1.70316070123743,1.6932164732966875,1.5119308167634367,1.6932164732966875,1.5119308167634367,1.9611548951298983,1.7516548817558424,1.9611548951298983,1.7516548817558424,1.7581031438431443,1.7242411095595245,1.7581031438431443,1.7242411095595245,1.8151034439856548,1.8539848467567475,1.8151034439856548,1.8539848467567475,1.3619471094519728,1.146040949284821,1.3619471094519728,1.146040949284821,2.0387947264807673,1.6424949115983285,2.0387947264807673,1.6424949115983285,1.1117398566299719,1.8450435578328264,1.1117398566299719,1.8450435578328264,1.8802939442352127,1.8409995216484123,1.8802939442352127,1.8409995216484123,1.3411900612411725,1.426050320353165,1.3411900612411725,1.426050320353165,1.894149114025782,1.7139079263299526,1.894149114025782,1.7139079263299526,1.7156696289592293,1.4816049739791919,1.7156696289592293,1.4816049739791919,1.3004856724373066,1.5299143758136635,1.3004856724373066,1.5299143758136635,1.3179300437313013,1.1218231696201084,1.3179300437313013,1.1218231696201084,1.4933129876149611,1.7738729304188474,1.4933129876149611,1.7738729304188474,1.3776680390775493,1.1411843949818656,1.3776680390775493,1.1411843949818656
2.2707294222482046,2.2921381945881936,2.2707294222482046,2.2921381945881936,2.332434169043725,2.28242539821333,2.332434169043725,2.28242539821333,2.256911809202749,2.5014747942723154,2.256911809202749,2.5014747942723154,2.5180587558812295,2.3401873194712346,2.5180587558812295,2.3401873194712346,2.2707294222482046,2.2921381945881936,2.2707294222482046,2.2921381945881936,2.332434169043725,2.28242539821333,2.332434169043725,2.28242539821333,2.344617969100037,2.4933923135300264,2.344617969100037,2.4933923135300264,2.4600055826504996,2.9501605667834587,2.4600055826504996,2.9501605667834587,2.1346598860553843,2.2263691152569884,2.1346598860553843,2.2263691152569884,2.201671270658692,2.461144233545176,2.201671270658692,2.461144233545176,2.43126855148132,2.202443964701995,2.43126855148132,2.202443964701995,2.3413462166166115,2.649840673330272,2.3413462166166115,2.649840673330272,2.3626678872359523,2.4272955209515414,2.3626678872359523,2.4272955209515414,2.644577510895416,2.434765429670484,2.644577510895416,2.434765429670484,2.0161210675106007,2.145696322039687,2.0161210675106007,2.145696322039687,2.040527056101806,2.4012932576695634,2.040527056101806,2.4012932576695634,2.59460213148657,2.745908778892625,2.59460213148657,2.745908778892625,2.4542432732822594,2.214931010336317,2.4542432732822594,2.214931010336317
0.2252379273156448,0.3224802639143151,0.2252379273156448,0.3224802639143151,0.2260843032411199,0.2405548108281299,0.2260843032411199,0.2405548108281299,0.2716268639232519,0.3802710120178615,0.2716268639232519,0.3802710120178615,0.2176494484890065,0.3084278100953608,0.2176494484890065,0.3084278100953608,0.2252379273156448,0.3224802639143151,0.2252379273156448,0.3224802639143151,0.2260843032411199,0.2405548108281299,0.2260843032411199,0.2405548108281299,0.15947844745852527,0.17220588834485054,0.15947844745852527,0.17220588834485054,0.059383920353781594,0.08788414292096795,0.059383920353781594,0.08788414292096795,0.23192137370850574,0.25452685367905425,0.23192137370850574,0.25452685367905425,0.1544812378565808,0.2220143720653703,0.1544812378565808,0.2220143720653703,0.20162667967988757,0.1687571635418742,0.20162667967988757,0.1687571635418742,0.06865204221965368,0.12023230770557505,0.06865204221965368,0.12023230770557505,0.10632934116367043,0.14253880070439812,0.10632934116367043,0.14253880070439812,0.08539968667909839,0.12601734753617702,0.08539968667909839,0.12601734753617702,0.15270458564769532,0.21011506341867872,0.15270458564769532,0.21011506341867872,0.1503647364823825,0.18537016700146108,0.1503647364823825,0.18537016700146108,0.09873085077175507,0.15666908971655374,0.09873085077175507,0.15666908971655374,0.1272444646589805,0.12783965262529465,0.1272444646589805,0.12783965262529465
1.4852612869146369,0.937868265144559,1.4852612869146369,0.937868265144559,1.115700517217031,0.8386867708195824,1.115700517217031,0.8386867708195824,1.3151550452308203,0.8980103067862528,1.3151550452308203,0.8980103067862528,1.2945875791346204,0.7281494553672172,1.2945875791346204,0.7281494553672172,1.4852612869146369,0.937868265144559,1.4852612869146369,0.937868265144559,1.115700517217031,0.8386867708195824,1.115700517217031,0.8386867708195824,1.01694360417445,0.5658883320155944,1.01694360417445,0.5658883320155944,0.7520001765166373,0.6541085775361435,0.7520001765166373,0.6541085775361435,0.9929214990038107,0.6929791220337058,0.9929214990038107,0.6929791220337058,1.0246625154746554,0.755328838942495,1.0246625154746554,0.755328838942495,1.1548489139553435,0.6641377523038773,1.1548489139553435,0.6641377523038773,0.7954933852437075,0.6712877559721988,0.7954933852437075,0.6712877559721988,0.7865543657608887,0.8305691156876378,0.7865543657608887,0.8305691156876378,0.6457346288224994,0.48357368081475577,0.6457346288224994,0.48357368081475577,0.8295898974330471,0.7568095531933889,0.8295898974330471,0.7568095531933889,1.1102237203476957,0.6288045882546582,1.1102237203476957,0.6288045882546582,0.6334228684536576,0.7756253579910259,0.6334228684536576,0.7756253579910259,0.5952897030339178,0.7060108858168099,0.5952897030339178,0.7060108858168099
1.1957661701357227,1.0606933748718705,1.1957661701357227,1.0606933748718705,0.9033827714721742,1.04898948077521,0.9033827714721742,1.04898948077521,1.0961063196487069,1.0524513588535982,1.0961063196487069,1.0524513588535982,0.8961900575860231,0.9958181343887949,0.8961900575860231,0.9958181343887949,1.1957661701357227,1.0606933748718705,1.1957661701357227,1.0606933748718705,0.9033827714721742,1.04898948077521,0.9033827714721742,1.04898948077521,1.1643684164198975,1.1618750840177108,1.1643684164198975,1.1618750840177108,1.0241058760148536,1.0307149147769339,1.0241058760148536,1.0307149147769339,1.0215908613209113,1.0677955654413753,1.0215908613209113,1.0677955654413753,1.0960507279604363,1.0369810102748285,1.0960507279604363,1.0369810102748285,1.1185090149610935,1.188995895933839,1.1185090149610935,1.188995895933839,1.247513612822776,1.0322239513324876,1.247513612822776,1.0322239513324876,1.098171216832673,1.0987853331939332,1.098171216832673,1.0987853331939332,0.793269359904611,1.4007049239729203,0.793269359904611,1.4007049239729203,1.006816722184595,1.0496496422862025,1.006816722184595,1.0496496422862025,1.0779626064918735,0.9836450695205784,1.0779626064918735,0.9836450695205784,1.1915696164571332,1.0775988374236432,1.1915696164571332,1.0775988374236432,1.1488998062738482,1.642857473182037,1.1488998062738482,1.642857473182037
0.8511501453083673,0.9812696240120651,0.8511501453083673,0.9812696240120651,1.124295492259011,0.9086978295882668,1.124295492259011,0.9086978295882668,0.9283493171824586,0.8535929429969092,0.9283493171824586,0.8535929429969092,1.2504360812875517,0.9243612211808732,1.2504360812875517,0.9243612211808732,0.8511501453083673,0.9812696240120651,0.8511501453083673,0.9812696240120651,1.124295492259011,0.9086978295882668,1.124295492259011,0.9086978295882668,0.9620252293034033,0.7951182486426105,0.9620252293034033,0.7951182486426105,0.8341997858023676,1.1895920776888504,0.8341997858023676,1.1895920776888504,0.8422673566731831,0.7927219241615663,0.8422673566731831,0.7927219241615663,0.8949991470406807,0.904844453746918,0.8949991470406807,0.904844453746918,0.897589826833787,0.8168631766688945,0.897589826833787,0.8168631766688945,0.8212943018626966,1.0291638686751474,0.8212943018626966,1.0291638686751474,0.846458622890861,0.7491909885269114,0.846458622890861,0.7491909885269114,0.652040659219476,1.0364285736241612,0.652040659219476,1.0364285736241612,1.0005504051094891,0.8911567442231624,1.0005504051094891,0.8911567442231624,0.8117174604685322,1.049261275985455,0.8117174604685322,1.049261275985455,0.8178097877637109,0.5837643396196935,0.8178097877637109,0.5837643396196935,0.8647724479808824,0.836633367542785,0.8647724479808824,0.836633367542785
3.45244422826816,3.2565192686003286,3.45244422826816,3.2565192686003286,3.844319504578827,4.257444203871445,3.844319504578827,4.257444203871445,3.7330013125307104,3.4787721756499526,3.7330013125307104,3.4787721756499526,3.3812506710394397,4.126790651863489,3.3812506710394397,4.126790651863489,3.45244422826816,3.2565192686003286,3.45244422826816,3.2565192686003286,3.844319504578827,4.257444203871445,3.844319504578827,4.257444203871445,3.35952051726271,3.3246678402008123,3.35952051726271,3.3246678402008123,3.008263484814864,3.784006824255412,3.008263484814864,3.784006824255412,3.4530549400866066,3.001887081990112,3.4530549400866066,3.001887081990112,3.003269474814263,4.052789664986642,3.003269474814263,4.052789664986642,4.147316377113745,2.890429585235346,4.147316377113745,2.890429585235346,3.433921988582159,3.4857348375815778,3.433921988582159,3.4857348375815778,2.3256796565230444,2.87154725708446,2.3256796565230444,2.87154725708446,1.9095057116319067,2.4370537920288475,1.9095057116319067,2.4370537920288475,3.3540941228705865,3.2997275269148707,3.3540941228705865,3.2997275269148707,2.9332274137753687,3.385308037377566,2.9332274137753687,3.385308037377566,2.659281150763154,2.515751318315974,2.659281150763154,2.515751318315974,1.7264712807689144,2.315816409653633,1.7264712807689144,2.315816409653633
0.6288624491817589,0.5477551076328144,0.6288624491817589,0.5477551076328144,0.5266947526172407,0.8475267836922693,0.5266947526172407,0.8475267836922693,0.7308605855750332,0.36398759921085005,0.7308605855750332,0.36398759921085005,0.5511752744088335,0.6706963563852565,0.5511752744088335,0.6706963563852565,0.6288624491817589,0.5477551076328144,0.6288624491817589,0.5477551076328144,0.5266947526172407,0.8475267836922693,0.5266947526172407,0.8475267836922693,0.8998377355248659,0.5666814425592711,0.8998377355248659,0.5666814425592711,0.7947797596130328,0.9764894288810009,0.7947797596130328,0.9764894288810009,0.4305297667223032,0.28507979968906116,0.4305297667223032,0.28507979968906116,1.3550781381416344,1.642280510733265,1.3550781381416344,1.642280510733265,0.5334507906595544,0.5005884819242018,0.5334507906595544,0.5005884819242018,0.7196898709116124,0.5368055232633779,0.7196898709116124,0.5368055232633779,0.9309793363543534,0.6335853519116742,0.9309793363543534,0.6335853519116742,0.937444996870392,0.9458316224647423,0.937444996870392,0.9458316224647423,0.26918163641452236,0.7272952005627149,0.26918163641452236,0.7272952005627149,1.0998226519850178,0.4969983757395563,1.0998226519850178,0.4969983757395563,0.32414811828381135,0.6529651481060692,0.32414811828381135,0.6529651481060692,0.8582099631053804,0.8410985111808523,0.8582099631053804,0.8410985111808523
1.0564225431726582,1.2097615554161385,1.0564225431726582,1.2097615554161385,1.4506938764030592,1.1948315878452695,1.4506938764030592,1.1948315878452695,1.1543202539641024,1.1919606009069106,1.1543202539641024,1.1919606009069106,1.386306180032132,1.1191201964643835,1.386306180032132,1.1191201964643835,1.0564225431726582,1.2097615554161385,1.0564225431726582,1.2097615554161385,1.4506938764030592,1.1948315878452695,1.4506938764030592,1.1948315878452695,1.3347946307272032,1.154736588075283,1.3347946307272032,1.154736588075283,1.5041889354144202,0.9791955648714108,1.5041889354144202,0.9791955648714108,0.9865614659494131,1.105527621181144,0.9865614659494131,1.105527621181144,1.575690740688117,1.1710036088296991,1.575690740688117,1.1710036088296991,1.2884133939612794,1.3315219382088306,1.2884133939612794,1.3315219382088306,1.7583495362948465,0.9533036467177307,1.7583495362948465,0.9533036467177307,1.206691254572671,1.5215718322154344,1.206691254572671,1.5215718322154344,1.0723115823966964,1.5048400213975157,1.0723115823966964,1.5048400213975157,1.0942108527656558,0.94493689195087,1.0942108527656558,0.94493689195087,1.3822816051905853,1.458677855025272,1.3822816051905853,1.458677855025272,1.350175510396536,1.4950677680306617,1.350175510396536,1.4950677680306617,1.5299592611677673,1.4356854050244137,1.5299592611677673,1.4356854050244137
0.5883657538188538,0.41682603486022723,0.5883657538188538,0.41682603486022723,0.6771948336091704,0.3581552494735883,0.6771948336091704,0.3581552494735883,0.37792688029637944,0.38608795359602055,0.37792688029637944,0.38608795359602055,0.9094817567427251,0.3645225979372572,0.9094817567427251,0.3645225979372572,0.5883657538188538,0.41682603486022723,0.5883657538188538,0.41682603486022723,0.6771948336091704,0.3581552494735883,0.6771948336091704,0.3581552494735883,0.710393388664233,0.40521610032898436,0.710393388664233,0.40521610032898436,0.8122240443360399,0.4191292406670965,0.8122240443360399,0.4191292406670965,0.6168552725888911,0.3372828484761076,0.6168552725888911,0.3372828484761076,0.9188124224211289,0.38946719740329494,0.9188124224211289,0.38946719740329494,0.607501780531078,0.3821608460338552,0.607501780531078,0.3821608460338552,0.7903590771623933,0.23988782520276186,0.7903590771623933,0.23988782520276186,0.46781462781797795,0.32560800678519936,0.46781462781797795,0.32560800678519936,0.5547108121839819,0.4182325296083186,0.5547108121839819,0.4182325296083186,0.4816219921948444,0.3579362412134442,0.4816219921948444,0.3579362412134442,0.30579000781855264,0.5103729673611628,0.30579000781855264,0.5103729673611628,0.4188986731761437,0.41369663907707244,0.4188986731761437,0.41369663907707244,0.2572992582254812,0.4079894801282492,0.2572992582254812,0.4079894801282492
0.04176774997693439,0.036124040990264276,0.04176774997693439,0.036124040990264276,0.06288655388013305,0.04369625999103377,0.06288655388013305,0.04369625999103377,0.04086352108552511,0.03267075458641011,0.04086352108552511,0.03267075458641011,0.050892177956162896,0.03218558742180927,0.050892177956162896,0.03218558742180927,0.04176774997693439,0.036124040990264276,0.04176774997693439,0.036124040990264276,0.06288655388013305,0.04369625999103377,0.06288655388013305,0.04369625999103377,0.02895779547681236,0.021004634322022646,0.02895779547681236,0.021004634322022646,0.04127106938766987,0.055843723509661485,0.04127106938766987,0.055843723509661485,0.028574665133565706,0.03880978914216424,0.028574665133565706,0.03880978914216424,0.03966449143143946,0.044808459634214134,0.03966449143143946,0.044808459634214134,0.03362954665831162,0.024530629920429602,0.03362954665831162,0.024530629920429602,0.03070116752236866,0.05009387931783214,0.03070116752236866,0.05009387931783214,0.019813313536499396,0.03023036163367182,0.019813313536499396,0.03023036163367182,0.060995651108688285,0.0300623829143443,0.060995651108688285,0.0300623829143443,0.02956766522069205,0.02495035843910951,0.02956766522069205,0.02495035843910951,0.01939103589911095,0.047222763375754394,0.01939103589911095,0.047222763375754394,0.023376878031588437,0.033320888435755994,0.023376878031588437,0.033320888435755994,0.04700494606516629,0.05902841755368911,0.04700494606516629,0.05902841755368911
0.30948201255067215,0.31761701210045523,0.30948201255067215,0.31761701210045523,0.25300343282727933,0.23748458039325346,0.25300343282727933,0.23748458039325346,0.2884048266852751,0.32241781558853333,0.2884048266852751,0.32241781558853333,0.28127124038968543,0.2346638080119699,0.28127124038968543,0.2346638080119699,0.30948201255067215,0.31761701210045523,0.30948201255067215,0.31761701210045523,0.25300343282727933,0.23748458039325346,0.25300343282727933,0.23748458039325346,0.3273455954260453,0.27662259516824333,0.3273455954260453,0.27662259516824333,0.37703631483057476,0.2529767354176688,0.37703631483057476,0.2529767354176688,0.26871613593143945,0.3067270128747877,0.26871613593143945,0.3067270128747877,0.2484593353348628,0.11610428352045575,0.2484593353348628,0.11610428352045575,0.3145685912996978,0.2770955538748869,0.3145685912996978,0.2770955538748869,0.23248647737749945,0.29308907638355114,0.23248647737749945,0.29308907638355114,0.22684023209555568,0.1734624766531348,0.22684023209555568,0.1734624766531348,0.25589882850338336,0.09020829218483949,0.25589882850338336,0.09020829218483949,0.2576352432822992,0.2089064942073709,0.2576352432822992,0.2089064942073709,0.20789486892323097,0.17393923759544708,0.20789486892323097,0.17393923759544708,0.21048266348617134,0.21362318456732754,0.21048266348617134,0.21362318456732754,0.2401039749663361,0.09363526774763208,0.2401039749663361,0.09363526774763208
0.21954475160535908,0.1838962519784266,0.21954475160535908,0.1838962519784266,0.3050128645587552,0.2289709383192086,0.3050128645587552,0.2289709383192086,0.20093395281673793,0.1905873158920567,0.20093395281673793,0.1905873158920567,0.27150405195226357,0.21216869169565458,0.27150405195226357,0.21216869169565458,0.21954475160535908,0.1838962519784266,0.21954475160535908,0.1838962519784266,0.3050128645587552,0.2289709383192086,0.3050128645587552,0.2289709383192086,0.27185024229997484,0.17819091621776775,0.27185024229997484,0.17819091621776775,0.19443605269919906,0.13197031008213342,0.19443605269919906,0.13197031008213342,0.21798234810197575,0.17631826894383149,0.21798234810197575,0.17631826894383149,0.19176537572114638,0.13448266048631313,0.19176537572114638,0.13448266048631313,0.24227130321111026,0.1804808944439921,0.24227130321111026,0.1804808944439921,0.1851965359127894,0.09753152395142768,0.1851965359127894,0.09753152395142768,0.19835791021052188,0.14623865367674746,0.19835791021052188,0.14623865367674746,0.15195214967069112,0.203890183533941,0.15195214967069112,0.203890183533941,0.18447757843887116,0.18624262993353474,0.18447757843887116,0.18624262993353474,0.24009250982987476,0.14528322804390567,0.24009250982987476,0.14528322804390567,0.1871087432749369,0.11160730335924483,0.1871087432749369,0.11160730335924483,0.14834403583480343,0.2762511409914102,0.14834403583480343,0.2762511409914102
0.4837023509656029,0.4377823714069439,0.4837023509656029,0.4377823714069439,0.3457364534222655,0.4110145993566214,0.3457364534222655,0.4110145993566214,0.4487834918388126,0.4341409213657918,0.4487834918388126,0.4341409213657918,0.35842429267955583,0.39269708978140067,0.35842429267955583,0.39269708978140067,0.4837023509656029,0.4377823714069439,0.4837023509656029,0.4377823714069439,0.3457364534222655,0.4110145993566214,0.3457364534222655,0.4110145993566214,0.48359465748982455,0.42997121270564526,0.48359465748982455,0.42997121270564526,0.32571907090538116,0.5415530538784948,0.32571907090538116,0.5415530538784948,0.4876599993505944,0.46232549444655263,0.4876599993505944,0.46232549444655263,0.4059586663696891,0.3994165986522561,0.4059586663696891,0.3994165986522561,0.4582515846026928,0.41228504011849143,0.4582515846026928,0.41228504011849143,0.44315748910149005,0.3700411063983223,0.44315748910149005,0.3700411063983223,0.31137495798355375,0.38699972432511254,0.31137495798355375,0.38699972432511254,0.3878828942084282,0.33984295290949706,0.3878828942084282,0.33984295290949706,0.3462063051691479,0.42607692793038093,0.3462063051691479,0.42607692793038093,0.29783271584820437,0.335699536181545,0.29783271584820437,0.335699536181545,0.26238088197155973,0.30780575923057,0.26238088197155973,0.30780575923057,0.21462012449845894,0.2522647930770387,0.21462012449845894,0.2522647930770387
0.6093624703143501,0.618687835722956,0.6093624703143501,0.618687835722956,0.6071355638065726,0.6483094510691848,0.6071355638065726,0.6483094510691848,0.7246638724610203,0.5629044861629386,0.7246638724610203,0.5629044861629386,0.5233999449668397,0.6043296885371071,0.5233999449668397,0.6043296885371071,0.6093624703143501,0.618687835722956,0.6093624703143501,0.618687835722956,0.6071355638065726,0.6483094510691848,0.6071355638065726,0.6483094510691848,0.5538486893869944,0.5179723390486046,0.5538486893869944,0.5179723390486046,0.2520690225599534,0.42549929375418716,0.2520690225599534,0.42549929375418716,0.5328770920391329,0.5966079998028329,0.5328770920391329,0.5966079998028329,0.40866448193427585,0.38899128467396815,0.40866448193427585,0.38899128467396815,0.5842462343039317,0.6010103218747894,0.5842462343039317,0.6010103218747894,0.28782875248388207,0.4135139487532352,0.28782875248388207,0.4135139487532352,0.3943990852815574,0.43006318315875547,0.3943990852815574,0.43006318315875547,0.3136870309547632,0.33883839139926264,0.3136870309547632,0.33883839139926264,0.522527329510808,0.4781579037553108,0.522527329510808,0.4781579037553108,0.5999863015104119,0.40758014990065566,0.5999863015104119,0.40758014990065566,0.3745139789136604,0.34124148847256486,0.3745139789136604,0.34124148847256486,0.3145426224806162,0.30545350829488777,0.3145426224806162,0.30545350829488777
0.5618365704446336,0.5419796712391749,0.5618365704446336,0.5419796712391749,0.4034187237568673,0.4022999116903631,0.4034187237568673,0.4022999116903631,0.5342269694770545,0.5264599090859633,0.5342269694770545,0.5264599090859633,0.4268833141545472,0.3793912446852565,0.4268833141545472,0.3793912446852565,0.5618365704446336,0.5419796712391749,0.5618365704446336,0.5419796712391749,0.4034187237568673,0.4022999116903631,0.4034187237568673,0.4022999116903631,0.39488271394675645,0.37635498478795737,0.39488271394675645,0.37635498478795737,0.44785360906456,0.3248630793860069,0.44785360906456,0.3248630793860069,0.475820507318041,0.4000760174649794,0.475820507318041,0.4000760174649794,0.38241581336990105,0.3842346789671133,0.38241581336990105,0.3842346789671133,0.46731241739600055,0.3811572959670815,0.46731241739600055,0.3811572959670815,0.3779876413986953,0.3266144373397123,0.3779876413986953,0.3266144373397123,0.40499137075092684,0.31774843687440973,0.40499137075092684,0.31774843687440973,0.4951402880720893,0.33779898865729496,0.4951402880720893,0.33779898865729496,0.3602214820169909,0.43693968428593066,0.3602214820169909,0.43693968428593066,0.41776945523198256,0.39367440302825524,0.41776945523198256,0.39367440302825524,0.3550550720453368,0.3676062716885678,0.3550550720453368,0.3676062716885678,0.33725742314998663,0.320471347902596,0.33725742314998663,0.320471347902596
0.17365467048512748,0.2382082009834594,0.17365467048512748,0.2382082009834594,0.22529870400762247,0.20082111261014193,0.22529870400762247,0.20082111261014193,0.17726295855067614,0.23230700468951368,0.17726295855067614,0.23230700468951368,0.20634130493882027,0.19252768171886459,0.20634130493882027,0.19252768171886459,0.17365467048512748,0.2382082009834594,0.17365467048512748,0.2382082009834594,0.22529870400762247,0.20082111261014193,0.22529870400762247,0.20082111261014193,0.20080281359821722,0.2481607175316784,0.20080281359821722,0.2481607175316784,0.23621925296258137,0.21151377126970364,0.23621925296258137,0.21151377126970364,0.20373719364657114,0.22996535256655717,0.20373719364657114,0.22996535256655717,0.24108223271084994,0.18845920153074422,0.24108223271084994,0.18845920153074422,0.20736991184377476,0.21445582395877594,0.20736991184377476,0.21445582395877594,0.22482122117276546,0.2710213849283128,0.22482122117276546,0.2710213849283128,0.21391287472236348,0.22864153138783808,0.21391287472236348,0.22864153138783808,0.29279344835736876,0.24818874454738954,0.29279344835736876,0.24818874454738954,0.18551677080012102,0.24020157343045057,0.18551677080012102,0.24020157343045057,0.2340199643808746,0.18157376322281066,0.2340199643808746,0.18157376322281066,0.24225305070813058,0.2364431862891126,0.24225305070813058,0.2364431862891126,0.27570307328247534,0.3357307190366505,0.27570307328247534,0.3357307190366505
0.2919640802964873,0.19938357212092092,0.2919640802964873,0.19938357212092092,0.29986914177472235,0.2913926391462765,0.29986914177472235,0.2913926391462765,0.29160811229634853,0.20840140375605157,0.29160811229634853,0.20840140375605157,0.36766998685349017,0.2850606818805567,0.36766998685349017,0.2850606818805567,0.2919640802964873,0.19938357212092092,0.2919640802964873,0.19938357212092092,0.29986914177472235,0.2913926391462765,0.29986914177472235,0.2913926391462765,0.28640264796212384,0.22884864863527724,0.28640264796212384,0.22884864863527724,0.23799407389797306,0.17857715003563493,0.23799407389797306,0.17857715003563493,0.38189930373409975,0.21967678191979922,0.38189930373409975,0.21967678191979922,0.34870615442883357,0.2203844898457041,0.34870615442883357,0.2203844898457041,0.2903626924969058,0.21833902098106514,0.2903626924969058,0.21833902098106514,0.2717033630709277,0.21382880433700355,0.2717033630709277,0.21382880433700355,0.280965995251816,0.23577219892823809,0.280965995251816,0.23577219892823809,0.20922351137036313,0.19526930159048897,0.20922351137036313,0.19526930159048897,0.3041939126927051,0.24258167928824437,0.3041939126927051,0.24258167928824437,0.2335106819487202,0.1672578913247355,0.2335106819487202,0.1672578913247355,0.2394793256980378,0.24517448204600412,0.2394793256980378,0.24517448204600412,0.18472995193232222,0.1930415771019338,0.18472995193232222,0.1930415771019338
1.5470076768046483,1.3970671177651415,1.5470076768046483,1.3970671177651415,1.2988088527133412,1.2903073981091437,1.2988088527133412,1.2903073981091437,1.5304573431716406,1.386223228247933,1.5304573431716406,1.386223228247933,1.3129106086516986,1.3161907653607066,1.3129106086516986,1.3161907653607066,1.5470076768046483,1.3970671177651415,1.5470076768046483,1.3970671177651415,1.2988088527133412,1.2903073981091437,1.2988088527133412,1.2903073981091437,1.2624248148758637,1.2633079077109914,1.2624248148758637,1.2633079077109914,1.2116059423337562,1.1666487011569628,1.2116059423337562,1.1666487011569628,1.4441822917022653,1.2744286941211294,1.4441822917022653,1.2744286941211294,1.0926319285381323,1.1285732099062515,1.0926319285381323,1.1285732099062515,1.2367688520777993,1.236820496068255,1.2367688520777993,1.236820496068255,1.1002284552937616,1.0522286878437077,1.1002284552937616,1.0522286878437077,1.0797317343143171,0.9959962626859827,1.0797317343143171,0.9959962626859827,0.8535185882137928,0.8231950128783245,0.8535185882137928,0.8231950128783245,1.1374190164676103,0.969541646336673,1.1374190164676103,0.969541646336673,1.01354150026552,0.9876318977660575,1.01354150026552,0.9876318977660575,1.001179304166202,1.0732248732408136,1.001179304166202,1.0732248732408136,0.9698615616001538,0.9326808285751079,0.9698615616001538,0.9326808285751079
0.7001014931428655,0.6595865532453695,0.7001014931428655,0.6595865532453695,0.6848290090178955,0.6329881301313647,0.6848290090178955,0.6329881301313647,0.7055395281419579,0.6593718464535466,0.7055395281419579,0.6593718464535466,0.7152257513581741,0.6173396265531331,0.7152257513581741,0.6173396265531331,0.7001014931428655,0.6595865532453695,0.7001014931428655,0.6595865532453695,0.6848290090178955,0.6329881301313647,0.6848290090178955,0.6329881301313647,0.6538524811073831,0.6605057731038738,0.6538524811073831,0.6605057731038738,0.6636713357782085,0.5272750060063884,0.6636713357782085,0.5272750060063884,0.6474774586967066,0.6342438078191889,0.6474774586967066,0.6342438078191889,0.55006967127819,0.6107615167801032,0.55006967127819,0.6107615167801032,0.6577817883920732,0.6450444824864826,0.6577817883920732,0.6450444824864826,0.5989411203696333,0.5666592597912803,0.5989411203696333,0.5666592597912803,0.6280359590385929,0.5299638932168651,0.6280359590385929,0.5299638932168651,0.5924990661581288,0.6245710035103766,0.5924990661581288,0.6245710035103766,0.6438440142330002,0.6376750877255855,0.6438440142330002,0.6376750877255855,0.5618407855257076,0.6071106985377662,0.5618407855257076,0.6071106985377662,0.591264180176361,0.6233304827333607,0.591264180176361,0.6233304827333607,0.5722377921281457,0.5671418148049886,0.5722377921281457,0.5671418148049886
0.2057661184874355,0.20427855241168383,0.2057661184874355,0.20427855241168383,0.2193435270389961,0.2690671800447089,0.2193435270389961,0.2690671800447089,0.20028515404134745,0.20635649785769936,0.20028515404134745,0.20635649785769936,0.21246020655544243,0.23243843781849544,0.21246020655544243,0.23243843781849544,0.2057661184874355,0.20427855241168383,0.2057661184874355,0.20427855241168383,0.2193435270389961,0.2690671800447089,0.2193435270389961,0.2690671800447089,0.23116436299079338,0.17943369886843658,0.23116436299079338,0.17943369886843658,0.2300210577417532,0.17676506776176823,0.2300210577417532,0.17676506776176823,0.2094804394439262,0.2115844335613018,0.2094804394439262,0.2115844335613018,0.2921149183970274,0.26655759916870325,0.2921149183970274,0.26655759916870325,0.20299005028255768,0.2142734120142821,0.20299005028255768,0.2142734120142821,0.2528788002167646,0.24338145943480052,0.2528788002167646,0.24338145943480052,0.22907636438281612,0.24963612796789117,0.22907636438281612,0.24963612796789117,0.31455273099508957,0.35303337491415304,0.31455273099508957,0.35303337491415304,0.2197777208307989,0.22097138117542767,0.2197777208307989,0.22097138117542767,0.2002339983972509,0.30709887239613326,0.2002339983972509,0.30709887239613326,0.2196096123991007,0.29366949767623035,0.2196096123991007,0.29366949767623035,0.23277471705074496,0.33234203260686723,0.23277471705074496,0.33234203260686723
0.5176268672286785,0.5124581417961646,0.5176268672286785,0.5124581417961646,0.5275655796086945,0.4855581498231619,0.5275655796086945,0.4855581498231619,0.5741232810792363,0.5205606096672587,0.5741232810792363,0.5205606096672587,0.4806212195446141,0.40694794844371773,0.4806212195446141,0.40694794844371773,0.5176268672286785,0.5124581417961646,0.5176268672286785,0.5124581417961646,0.5275655796086945,0.4855581498231619,0.5275655796086945,0.4855581498231619,0.3583898059779597,0.4351755368110701,0.3583898059779597,0.4351755368110701,0.4864922139751044,0.5312584123647007,0.4864922139751044,0.5312584123647007,0.4795553337499126,0.40617488972532595,0.4795553337499126,0.40617488972532595,0.4940390642525746,0.5740382063332474,0.4940390642525746,0.5740382063332474,0.36094370509930296,0.45763196935456973,0.36094370509930296,0.45763196935456973,0.5409747978174071,0.5048024435613195,0.5409747978174071,0.5048024435613195,0.41890700667096353,0.41611139634638206,0.41890700667096353,0.41611139634638206,0.6000765429246558,0.8900437062882164,0.6000765429246558,0.8900437062882164,0.4241964572723023,0.4454363466414008,0.4241964572723023,0.4454363466414008,0.3980484197202542,0.6053906576117382,0.3980484197202542,0.6053906576117382,0.3938542332759951,0.4520180348003784,0.3938542332759951,0.4520180348003784,0.609746421705495,0.5092497641408393,0.609746421705495,0.5092497641408393
0.8939633338667783,1.004345871285239,0.8939633338667783,1.004345871285239,1.0883955056111978,1.0593543646998287,1.0883955056111978,1.0593543646998287,0.9105264447196931,0.9729338069984345,0.9105264447196931,0.9729338069984345,0.9842173844718581,1.0864666667155547,0.9842173844718581,1.0864666667155547,0.8939633338667783,1.004345871285239,0.8939633338667783,1.004345871285239,1.0883955056111978,1.0593543646998287,1.0883955056111978,1.0593543646998287,1.0126532852842962,0.9758139444897677,1.0126532852842962,0.9758139444897677,1.172669801423065,1.1827161961305812,1.172669801423065,1.1827161961305812,1.0571296322764991,0.9507691030913233,1.0571296322764991,0.9507691030913233,1.1332201015429544,1.1748592932068251,1.1332201015429544,1.1748592932068251,1.0890583850749158,0.9612464099906285,1.0890583850749158,0.9612464099906285,0.9263984937223121,1.2001088124271846,0.9263984937223121,1.2001088124271846,1.196003567662913,1.1843279816023564,1.196003567662913,1.1843279816023564,1.3560639327948643,0.9392831579196615,1.3560639327948643,0.9392831579196615,1.1133644395902422,1.0450638145839501,1.1133644395902422,1.0450638145839501,0.8794915626808674,1.0224705226552713,0.8794915626808674,1.0224705226552713,0.9450325795698323,1.0041589131174886,0.9450325795698323,1.0041589131174886,1.2263445937760662,1.2567794345378167,1.2263445937760662,1.2567794345378167
1.0213790288400535,0.93847619434765,1.0213790288400535,0.93847619434765,1.392474083504547,0.8465344595528257,1.392474083504547,0.8465344595528257,1.0408584614305874,1.0105367501780296,1.0408584614305874,1.0105367501780296,1.19758977051119,0.935632422689091,1.19758977051119,0.935632422689091,1.0213790288400535,0.93847619434765,1.0213790288400535,0.93847619434765,1.392474083504547,0.8465344595528257,1.392474083504547,0.8465344595528257,1.0726587907860303,0.9304185801161604,1.0726587907860303,0.9304185801161604,1.366027438494586,1.2664298502537246,1.366027438494586,1.2664298502537246,1.1954484315051848,0.9542481828378566,1.1954484315051848,0.9542481828378566,1.349917048471502,1.2926165543274848,1.349917048471502,1.2926165543274848,1.0802926121354346,0.9167023189815849,1.0802926121354346,0.9167023189815849,1.272761602029058,1.0588873423134613,1.272761602029058,1.0588873423134613,1.0910857957787845,0.9219959544302917,1.0910857957787845,0.9219959544302917,1.1639918168967827,1.2913008756349533,1.1639918168967827,1.2913008756349533,0.9137096168345793,0.9508424088722992,0.9137096168345793,0.9508424088722992,1.2085678660381864,1.081112597160416,1.2085678660381864,1.081112597160416,0.9898755087917978,0.8929573757055612,0.9898755087917978,0.8929573757055612,1.162344192689026,1.0987622950603706,1.162344192689026,1.0987622950603706
0.8248540908924145,1.0253485670463784,0.8248540908924145,1.0253485670463784,0.8103148850973423,0.8320508834264088,0.8103148850973423,0.8320508834264088,0.879246712759056,1.0582505125479496,0.879246712759056,1.0582505125479496,0.7532141680530005,0.7898647008042888,0.7532141680530005,0.7898647008042888,0.8248540908924145,1.0253485670463784,0.8248540908924145,1.0253485670463784,0.8103148850973423,0.8320508834264088,0.8103148850973423,0.8320508834264088,0.8451174968952733,0.9271036162936501,0.8451174968952733,0.9271036162936501,0.8608877199521815,0.9879357349800846,0.8608877199521815,0.9879357349800846,0.9329905136375485,0.9315923301197854,0.9329905136375485,0.9315923301197854,0.9477585387021562,0.9352372158744037,0.9477585387021562,0.9352372158744037,0.8497532885446669,0.864090013832096,0.8497532885446669,0.864090013832096,0.9167721488867812,1.0265921912233613,0.9167721488867812,1.0265921912233613,0.9896736368894323,1.042133856548911,0.9896736368894323,1.042133856548911,1.056781003470407,1.1176037411019577,1.056781003470407,1.1176037411019577,0.9904676185204548,1.0289264601509909,0.9904676185204548,1.0289264601509909,1.0397045758624772,1.1375637698324097,1.0397045758624772,1.1375637698324097,1.011606664471161,0.9948180089428511,1.011606664471161,0.9948180089428511,0.9870220529221263,1.2022480016413166,0.9870220529221263,1.2022480016413166
1.758848577136583,1.740556437115967,1.758848577136583,1.740556437115967,1.5385222459504908,1.2635765017066116,1.5385222459504908,1.2635765017066116,1.7102177788769968,1.5414774297619316,1.7102177788769968,1.5414774297619316,1.6841813101344514,1.179150020327167,1.6841813101344514,1.179150020327167,1.758848577136583,1.740556437115967,1.758848577136583,1.740556437115967,1.5385222459504908,1.2635765017066116,1.5385222459504908,1.2635765017066116,1.4744130226373475,1.6657814622957194,1.4744130226373475,1.6657814622957194,1.259732394119268,1.9628151756730166,1.259732394119268,1.9628151756730166,1.473819583369728,1.5382758527806604,1.473819583369728,1.5382758527806604,1.371083914222538,1.7341101264005894,1.371083914222538,1.7341101264005894,1.8474199183962352,1.5344172698870486,1.8474199183962352,1.5344172698870486,0.9692230884690879,1.265583110064243,0.9692230884690879,1.265583110064243,0.8078369969166657,1.2880255438547064,0.8078369969166657,1.2880255438547064,1.058861934424335,1.277568248161153,1.058861934424335,1.277568248161153,1.5623271014114315,1.5768083575212883,1.5623271014114315,1.5768083575212883,1.1050355731770232,1.7254250706212055,1.1050355731770232,1.7254250706212055,1.1396135250051784,1.3224046909109757,1.1396135250051784,1.3224046909109757,1.0737920016797309,1.5966656098147147,1.0737920016797309,1.5966656098147147
3.0980472603602167,3.2053776795149416,3.0980472603602167,3.2053776795149416,4.066253611654514,3.753384178587352,4.066253611654514,3.753384178587352,3.206559990179059,3.2321998961755627,3.206559990179059,3.2321998961755627,3.6373629941586896,3.350330071488851,3.6373629941586896,3.350330071488851,3.0980472603602167,3.2053776795149416,3.0980472603602167,3.2053776795149416,4.066253611654514,3.753384178587352,4.066253611654514,3.753384178587352,3.233684408218434,2.8761758555099837,3.233684408218434,2.8761758555099837,3.51809211392522,4.5376356502064885,3.51809211392522,4.5376356502064885,3.23318333421459,3.2355455087223133,3.23318333421459,3.2355455087223133,3.631553845697033,3.5102080224183068,3.631553845697033,3.5102080224183068,3.3997551833289226,3.0366927863513324,3.3997551833289226,3.0366927863513324,3.7584272971995136,3.305674504819839,3.7584272971995136,3.305674504819839,3.5064502208274893,3.9159011618501967,3.5064502208274893,3.9159011618501967,4.334486641123678,3.9233278082086396,4.334486641123678,3.9233278082086396,3.2817412706704885,3.55618380825544,3.2817412706704885,3.55618380825544,4.413296764568884,3.6738830698986216,4.413296764568884,3.6738830698986216,3.514183403114866,3.7514303854391384,3.514183403114866,3.7514303854391384,4.511721681576682,4.2192432584726145,4.511721681576682,4.2192432584726145
0.9681986684476049,0.8656588759158446,0.9681986684476049,0.8656588759158446,0.646800789842502,0.9667056526958403,0.646800789842502,0.9667056526958403,0.9866440409169641,1.0749393989046543,0.9866440409169641,1.0749393989046543,0.856595276785822,0.855461120142737,0.856595276785822,0.855461120142737,0.9681986684476049,0.8656588759158446,0.9681986684476049,0.8656588759158446,0.646800789842502,0.9667056526958403,0.646800789842502,0.9667056526958403,0.9044243397665751,1.3564209149169009,0.9044243397665751,1.3564209149169009,0.9764332921904135,0.7554083212647025,0.9764332921904135,0.7554083212647025,1.2418195651403445,1.1827760827528422,1.2418195651403445,1.1827760827528422,0.8410167750700166,0.549872426268942,0.8410167750700166,0.549872426268942,0.7088259296484634,1.4541655336313277,0.7088259296484634,1.4541655336313277,0.868328722600021,1.0213207108691376,0.868328722600021,1.0213207108691376,0.538992471507635,0.6494764332739806,0.538992471507635,0.6494764332739806,0.5387083475813291,0.4437576852033406,0.5387083475813291,0.4437576852033406,0.8892089997910313,0.8462936259004318,0.8892089997910313,0.8462936259004318,0.6066451096229947,0.49789616596014297,0.6066451096229947,0.49789616596014297,0.6439893208589575,0.7629769842192116,0.6439893208589575,0.7629769842192116,0.7080970184460217,0.8670865372027862,0.7080970184460217,0.8670865372027862
3.3291668678291515,2.9921324402053573,3.3291668678291515,2.9921324402053573,3.0386534271397134,3.0831791343055173,3.0386534271397134,3.0831791343055173,3.22189691296901,2.9631800600021707,3.22189691296901,2.9631800600021707,3.19724998440979,2.9684862488003882,3.19724998440979,2.9684862488003882,3.3291668678291515,2.9921324402053573,3.3291668678291515,2.9921324402053573,3.0386534271397134,3.0831791343055173,3.0386534271397134,3.0831791343055173,3.2168150027657445,3.6817638253500533,3.2168150027657445,3.6817638253500533,3.326146568223173,3.8133878855143184,3.326146568223173,3.8133878855143184,3.359800029626537,3.5758658319560013,3.359800029626537,3.5758658319560013,3.1111003453566997,3.64323399935824,3.1111003453566997,3.64323399935824,3.203293838241329,3.608915033795787,3.203293838241329,3.608915033795787,2.884834338877601,2.9857834741684233,2.884834338877601,2.9857834741684233,3.1780742646755997,3.3311462227318342,3.1780742646755997,3.3311462227318342,3.200092193274097,2.8197292165784362,3.200092193274097,2.8197292165784362,3.2367539298396597,3.4354397834365984,3.2367539298396597,3.4354397834365984,3.270270439160269,3.4673553774366628,3.270270439160269,3.4673553774366628,2.9274818871694834,3.351691708489236,2.9274818871694834,3.351691708489236,2.9080392229059644,3.4525135976974344,2.9080392229059644,3.4525135976974344
0.7171296150691728,0.7038113777521013,0.7171296150691728,0.7038113777521013,0.6131970342246894,0.49618493628172294,0.6131970342246894,0.49618493628172294,0.6656986192762646,0.6916476119567546,0.6656986192762646,0.6916476119567546,0.5854276840879307,0.48186084060899353,0.5854276840879307,0.48186084060899353,0.7171296150691728,0.7038113777521013,0.7171296150691728,0.7038113777521013,0.6131970342246894,0.49618493628172294,0.6131970342246894,0.49618493628172294,0.571293996501549,0.44402485379174894,0.571293996501549,0.44402485379174894,0.5149228413140313,0.47110431036170153,0.5149228413140313,0.47110431036170153,0.4731915476743825,0.5918917806482829,0.4731915476743825,0.5918917806482829,0.6361952657524433,0.45648876902276136,0.6361952657524433,0.45648876902276136,0.5187090390330706,0.6020919740431779,0.5187090390330706,0.6020919740431779,0.2960116694227834,0.36545396145226344,0.2960116694227834,0.36545396145226344,0.4168586068882775,0.3494151271055823,0.4168586068882775,0.3494151271055823,0.3153880844106166,0.42585615846745306,0.3153880844106166,0.42585615846745306,0.5019477194121931,0.4398892206507001,0.5019477194121931,0.4398892206507001,0.2367502013932933,0.39125520832050636,0.2367502013932933,0.39125520832050636,0.4370275877258959,0.3393544341195007,0.4370275877258959,0.3393544341195007,0.4382194564695583,0.3136965861246804,0.4382194564695583,0.3136965861246804
2.524754454721626,2.4207674640720898,2.524754454721626,2.4207674640720898,2.617409542933275,2.496119058397708,2.617409542933275,2.496119058397708,2.4160564603457075,2.407040918740105,2.4160564603457075,2.407040918740105,2.537090448989292,2.372614440770864,2.537090448989292,2.372614440770864,2.524754454721626,2.4207674640720898,2.524754454721626,2.4207674640720898,2.617409542933275,2.496119058397708,2.617409542933275,2.496119058397708,2.599017746828054,2.2317978979862216,2.599017746828054,2.2317978979862216,2.335138650647454,2.2220187858066245,2.335138650647454,2.2220187858066245,2.3447994329808868,2.433618599496872,2.3447994329808868,2.433618599496872,2.388748912033468,2.318856403221692,2.388748912033468,2.318856403221692,2.7849200122408138,2.4362816780858596,2.7849200122408138,2.4362816780858596,2.555456889550798,2.7034203006552975,2.555456889550798,2.7034203006552975,2.660975482697627,2.5910594725204286,2.660975482697627,2.5910594725204286,2.1619072523299083,2.9661820331688658,2.1619072523299083,2.9661820331688658,2.554629977862639,2.4679961752730404,2.554629977862639,2.4679961752730404,2.8670956606429328,2.498879639759907,2.8670956606429328,2.498879639759907,2.540292842169855,2.4312042505185145,2.540292842169855,2.4312042505185145,2.1570493558818478,2.434060004049324,2.1570493558818478,2.434060004049324
2.818576499942984,3.2631488011732976,2.818576499942984,3.2631488011732976,2.8552396091665857,3.0698754068528755,2.8552396091665857,3.0698754068528755,2.8859624429035224,3.351143502600171,2.8859624429035224,3.351143502600171,2.8298783724846635,3.0335181682970163,2.8298783724846635,3.0335181682970163,2.818576499942984,3.2631488011732976,2.818576499942984,3.2631488011732976,2.8552396091665857,3.0698754068528755,2.8552396091665857,3.0698754068528755,3.1205965140100274,3.5120286530991587,3.1205965140100274,3.5120286530991587,2.9553389154544885,3.001045658958699,2.9553389154544885,3.001045658958699,3.014467546583601,2.9945026906663608,3.014467546583601,2.9945026906663608,2.481457861978224,3.1458306484222134,2.481457861978224,3.1458306484222134,3.117021942309127,3.245544637319347,3.117021942309127,3.245544637319347,2.6905990504328754,2.7481015204910713,2.6905990504328754,2.7481015204910713,2.863864346069781,3.15346229130619,2.863864346069781,3.15346229130619,1.6704623206909783,2.388654412711987,1.6704623206909783,2.388654412711987,2.7085057003182182,2.961220751104137,2.7085057003182182,2.961220751104137,2.885330849240529,2.478772987696486,2.885330849240529,2.478772987696486,2.4600203927509092,2.8992789906311502,2.4600203927509092,2.8992789906311502,3.2479191869778434,3.2136697074442395,3.2479191869778434,3.2136697074442395
2.845865298295244,2.7068990386667404,2.845865298295244,2.7068990386667404,1.5279937901394194,1.9034485823379492,1.5279937901394194,1.9034485823379492,2.904118997772105,2.729952639329383,2.904118997772105,2.729952639329383,2.215351244087662,2.115129015679729,2.215351244087662,2.115129015679729,2.845865298295244,2.7068990386667404,2.845865298295244,2.7068990386667404,1.5279937901394194,1.9034485823379492,1.5279937901394194,1.9034485823379492,2.659815421955775,2.2715350392841622,2.659815421955775,2.2715350392841622,1.8173200070514106,2.1580795987404424,1.8173200070514106,2.1580795987404424,2.100508172853409,2.211759790354805,2.100508172853409,2.211759790354805,1.5083037394723744,1.5963666985291345,1.5083037394723744,1.5963666985291345,2.2096820363108525,2.0405741848489196,2.2096820363108525,2.0405741848489196,2.6122814290484353,2.3220786789668493,2.6122814290484353,2.3220786789668493,2.3617575971812776,2.1918567352813074,2.3617575971812776,2.1918567352813074,1.1537207479823282,1.5893268993174745,1.1537207479823282,1.5893268993174745,1.9863046837110276,2.216517034377338,1.9863046837110276,2.216517034377338,1.881329717681063,1.8130945716679707,1.881329717681063,1.8130945716679707,1.603759866791637,2.5239747284264045,1.603759866791637,2.5239747284264045,1.7178853923344923,2.6104530047895937,1.7178853923344923,2.6104530047895937
1.164193871769792,1.0553027764665406,1.164193871769792,1.0553027764665406,1.0076836791384962,1.0845963144914632,1.0076836791384962,1.0845963144914632,1.149315872621464,1.1125252605850835,1.149315872621464,1.1125252605850835,1.0645320236611906,1.177225910730797,1.0645320236611906,1.177225910730797,1.164193871769792,1.0553027764665406,1.164193871769792,1.0553027764665406,1.0076836791384962,1.0845963144914632,1.0076836791384962,1.0845963144914632,0.984220169889109,1.0436902755668795,0.984220169889109,1.0436902755668795,1.117067752339121,1.4870367726421336,1.117067752339121,1.4870367726421336,0.9740391751747246,1.0302682138333537,0.9740391751747246,1.0302682138333537,1.1102971447182983,1.228898017569103,1.1102971447182983,1.228898017569103,1.0189579000087876,1.05572500031822,1.0189579000087876,1.05572500031822,1.2080221679657974,1.2644524080673973,1.2080221679657974,1.2644524080673973,1.1985492581744104,1.2044338994037898,1.1985492581744104,1.2044338994037898,1.3664078314349255,1.693417518801105,1.3664078314349255,1.693417518801105,1.0232501823396682,1.1884480790532843,1.0232501823396682,1.1884480790532843,1.4228644690991512,1.3832662105741504,1.4228644690991512,1.3832662105741504,1.0505036514769304,1.0764819253991844,1.0505036514769304,1.0764819253991844,1.0759200288778332,1.4208073193480237,1.0759200288778332,1.4208073193480237
0.6780227407892738,0.6663985035978892,0.6780227407892738,0.6663985035978892,0.4931301412745387,0.5031547133792638,0.4931301412745387,0.5031547133792638,0.6620567455060397,0.7620874690924683,0.6620567455060397,0.7620874690924683,0.5478216307377551,0.5081986831668599,0.5478216307377551,0.5081986831668599,0.6780227407892738,0.6663985035978892,0.6780227407892738,0.6663985035978892,0.4931301412745387,0.5031547133792638,0.4931301412745387,0.5031547133792638,0.40066267234434094,0.5022551535897541,0.40066267234434094,0.5022551535897541,0.32712101234383717,0.46434440362175267,0.32712101234383717,0.46434440362175267,0.7372910459061545,0.5844284064316834,0.7372910459061545,0.5844284064316834,0.40970822485306324,0.31041411746474146,0.40970822485306324,0.31041411746474146,0.5871307079001656,0.3496573580406924,0.5871307079001656,0.3496573580406924,0.41178930029251565,0.33325390203818345,0.41178930029251565,0.33325390203818345,0.34058009830418157,0.3152082040379551,0.34058009830418157,0.3152082040379551,0.47915313372062346,0.30611918649776715,0.47915313372062346,0.30611918649776715,0.4720694703827081,0.28029209298896113,0.4720694703827081,0.28029209298896113,0.2850124655974505,0.24336142696694316,0.2850124655974505,0.24336142696694316,0.46309787668762126,0.3118163847500687,0.46309787668762126,0.3118163847500687,0.5535418987597756,0.2692877638790183,0.5535418987597756,0.2692877638790183
0.8192595812245415,0.7844483865084174,0.8192595812245415,0.7844483865084174,0.8572271881977399,0.8764971718809003,0.8572271881977399,0.8764971718809003,0.7591730647002061,0.7339841122360639,0.7591730647002061,0.7339841122360639,0.6041645478320933,1.0990872003294374,0.6041645478320933,1.0990872003294374,0.8192595812245415,0.7844483865084174,0.8192595812245415,0.7844483865084174,0.8572271881977399,0.8764971718809003,0.8572271881977399,0.8764971718809003,0.7096236540352149,0.8570341540838703,0.7096236540352149,0.8570341540838703,0.7180226239870836,0.901958283752038,0.7180226239870836,0.901958283752038,1.0374854044362318,0.8247571033171117,1.0374854044362318,0.8247571033171117,0.7655632500963815,0.69413526778406,0.7655632500963815,0.69413526778406,0.702742355986973,0.6734710782686929,0.702742355986973,0.6734710782686929,1.0274101307499273,1.1162803273431685,1.0274101307499273,1.1162803273431685,0.884841692588711,0.6727359451634932,0.884841692588711,0.6727359451634932,0.7319571045134704,0.49318800907881255,0.7319571045134704,0.49318800907881255,0.7502852822518986,0.8443890961777737,0.7502852822518986,0.8443890961777737,0.49057507011948315,0.8216405109596908,0.49057507011948315,0.8216405109596908,0.5895573957219202,0.6514935429102667,0.5895573957219202,0.6514935429102667,0.6883436683128547,0.8244300230834295,0.6883436683128547,0.8244300230834295
0.2657177805988945,0.27824687204107945,0.2657177805988945,0.27824687204107945,0.31161608469885554,0.2246560385205054,0.31161608469885554,0.2246560385205054,0.25616397735174895,0.3099912346970326,0.25616397735174895,0.3099912346970326,0.314186778757984,0.24690636699367094,0.314186778757984,0.24690636699367094,0.2657177805988945,0.27824687204107945,0.2657177805988945,0.27824687204107945,0.31161608469885554,0.2246560385205054,0.31161608469885554,0.2246560385205054,0.17301298331286974,0.15532873015919482,0.17301298331286974,0.15532873015919482,0.14188276022059815,0.13239177839222518,0.14188276022059815,0.13239177839222518,0.12424430058966462,0.19202813855302522,0.12424430058966462,0.19202813855302522,0.16151509693947544,0.2312147544933286,0.16151509693947544,0.2312147544933286,0.19476250245650395,0.15544517061100654,0.19476250245650395,0.15544517061100654,0.17216273899927956,0.09939907952324302,0.17216273899927956,0.09939907952324302,0.1632835022706532,0.10750476431108386,0.1632835022706532,0.10750476431108386,0.24823137857619382,0.15322182802089987,0.24823137857619382,0.15322182802089987,0.17836947120055793,0.16642321692002304,0.17836947120055793,0.16642321692002304,0.15063242907684413,0.11136663265482866,0.15063242907684413,0.11136663265482866,0.2172937812430847,0.19395073682050257,0.2172937812430847,0.19395073682050257,0.2531590990351792,0.2290005027519688,0.2531590990351792,0.2290005027519688
1.9605036476300366,1.8319355007378804,1.9605036476300366,1.8319355007378804,1.3658612923500781,0.9354538261687689,1.3658612923500781,0.9354538261687689,1.8792610740166034,1.9911539467082744,1.8792610740166034,1.9911539467082744,1.8958683032388344,1.8044372060956,1.8958683032388344,1.8044372060956,1.9605036476300366,1.8319355007378804,1.9605036476300366,1.8319355007378804,1.3658612923500781,0.9354538261687689,1.3658612923500781,0.9354538261687689,1.5312620938184793,1.0697641297826999,1.5312620938184793,1.0697641297826999,1.5288175008610405,1.0007038072451317,1.5288175008610405,1.0007038072451317,1.8063352153899708,1.101878106179128,1.8063352153899708,1.101878106179128,1.6348645605260135,1.3073874155409757,1.6348645605260135,1.3073874155409757,1.7887428965123127,1.210112175746166,1.7887428965123127,1.210112175746166,1.1202755123655792,1.2104090722131553,1.1202755123655792,1.2104090722131553,1.2600846563881245,1.1336795420370602,1.2600846563881245,1.1336795420370602,1.3860441905286842,0.8662676935493846,1.3860441905286842,0.8662676935493846,1.5005110840564024,0.8458641011771526,1.5005110840564024,0.8458641011771526,1.091264265413858,0.9223464428880351,1.091264265413858,0.9223464428880351,1.1762238230232158,1.082412524749108,1.1762238230232158,1.082412524749108,1.400234581393663,1.062483772523533,1.400234581393663,1.062483772523533
3.1774858773320296,3.192344786170206,3.1774858773320296,3.192344786170206,3.388528918831675,3.2827701638615188,3.388528918831675,3.2827701638615188,3.308171349208068,3.225456763948617,3.308171349208068,3.225456763948617,3.26942605440707,2.952439741425373,3.26942605440707,2.952439741425373,3.1774858773320296,3.192344786170206,3.1774858773320296,3.192344786170206,3.388528918831675,3.2827701638615188,3.388528918831675,3.2827701638615188,2.924663897762434,3.1128666179386926,2.924663897762434,3.1128666179386926,3.20051498863025,3.2172059300719478,3.20051498863025,3.2172059300719478,3.1492079155436925,3.008606569413456,3.1492079155436925,3.008606569413456,3.0403144621863873,3.2881595759754436,3.0403144621863873,3.2881595759754436,3.2232749326141423,3.2216481002073802,3.2232749326141423,3.2216481002073802,3.2246000843958953,3.027055551353609,3.2246000843958953,3.027055551353609,2.9822721180961316,3.0426981501404686,2.9822721180961316,3.0426981501404686,3.0310703316034915,2.5591864284093675,3.0310703316034915,2.5591864284093675,2.9954446491919717,2.5852418365314,2.9954446491919717,2.5852418365314,3.072090500630397,3.234081509698551,3.072090500630397,3.234081509698551,3.533486480996603,3.241286635702753,3.533486480996603,3.241286635702753,3.449130383611562,2.9104292668621086,3.449130383611562,2.9104292668621086
0.08054827545959015,0.096566115436082,0.08054827545959015,0.096566115436082,0.10075046639224157,0.09784214394272654,0.10075046639224157,0.09784214394272654,0.09303595583244818,0.11918192001258036,0.09303595583244818,0.11918192001258036,0.08389921196667521,0.08693246520046068,0.08389921196667521,0.08693246520046068,0.08054827545959015,0.096566115436082,0.08054827545959015,0.096566115436082,0.10075046639224157,0.09784214394272654,0.10075046639224157,0.09784214394272654,0.06301086835373236,0.052043734620346206,0.06301086835373236,0.052043734620346206,0.09391507354826444,0.10991738583483947,0.09391507354826444,0.10991738583483947,0.057757944647774985,0.06417447273423504,0.057757944647774985,0.06417447273423504,0.09932577420847853,0.05410535733540823,0.09932577420847853,0.05410535733540823,0.07039304054755564,0.045497725398278906,0.07039304054755564,0.045497725398278906,0.1571163438938292,0.10359535225299116,0.1571163438938292,0.10359535225299116,0.06072503313500336,0.10227565297668824,0.06072503313500336,0.10227565297668824,0.0893227705124785,0.05552712557705929,0.0893227705124785,0.05552712557705929,0.07530213564841555,0.05821024922811863,0.07530213564841555,0.05821024922811863,0.07010511236111022,0.1390033560755838,0.07010511236111022,0.1390033560755838,0.06346646588980295,0.043400550960151135,0.06346646588980295,0.043400550960151135,0.09454704213531911,0.09581780324503442,0.09454704213531911,0.09581780324503442
0.5427862128616744,0.6141807740728461,0.5427862128616744,0.6141807740728461,0.790063986285933,0.5604205408592351,0.790063986285933,0.5604205408592351,0.5359245028190905,0.6720246758834035,0.5359245028190905,0.6720246758834035,0.6616805825299878,0.617309481921606,0.6616805825299878,0.617309481921606,0.5427862128616744,0.6141807740728461,0.5427862128616744,0.6141807740728461,0.790063986285933,0.5604205408592351,0.790063986285933,0.5604205408592351,0.6520397091514785,0.6125611991115477,0.6520397091514785,0.6125611991115477,0.47146532928904444,0.45659005219925547,0.47146532928904444,0.45659005219925547,0.7314082759228532,0.7259471190492827,0.7314082759228532,0.7259471190492827,0.6680986435076804,0.6451372492453652,0.6680986435076804,0.6451372492453652,0.7047235319185674,0.582865229514754,0.7047235319185674,0.582865229514754,0.5880760878878964,0.47241557467647244,0.5880760878878964,0.47241557467647244,0.5345512150790206,0.41035154746189345,0.5345512150790206,0.41035154746189345,0.475915994794355,0.22915555036102753,0.475915994794355,0.22915555036102753,0.6660637309326837,0.6806427034413906,0.6660637309326837,0.6806427034413906,0.6474218231422852,0.7543409988184678,0.6474218231422852,0.7543409988184678,0.5406674508460684,0.4356994802675706,0.5406674508460684,0.4356994802675706,0.44334702945852356,0.49421465874011594,0.44334702945852356,0.49421465874011594
0.11106446246220465,0.08354067462679933,0.11106446246220465,0.08354067462679933,0.1916010456326492,0.12432968586103225,0.1916010456326492,0.12432968586103225,0.12266958132662222,0.07894322558984081,0.12266958132662222,0.07894322558984081,0.16658306412995194,0.10673577123918554,0.16658306412995194,0.10673577123918554,0.11106446246220465,0.08354067462679933,0.11106446246220465,0.08354067462679933,0.1916010456326492,0.12432968586103225,0.1916010456326492,0.12432968586103225,0.16628608865416405,0.19383412091132537,0.16628608865416405,0.19383412091132537,0.22284427768798576,0.24770217325978194,0.22284427768798576,0.24770217325978194,0.17111885014436115,0.12963049975283478,0.17111885014436115,0.12963049975283478,0.3021395640224899,0.1985291750474348,0.3021395640224899,0.1985291750474348,0.15981400812184487,0.15172366153622022,0.15981400812184487,0.15172366153622022,0.18545317012048823,0.308804110922453,0.18545317012048823,0.308804110922453,0.18766477741135365,0.15995437448668828,0.18766477741135365,0.15995437448668828,0.15082710008190375,0.20681718128875726,0.15082710008190375,0.20681718128875726,0.1536057937449275,0.12557293779449943,0.1536057937449275,0.12557293779449943,0.174665415618433,0.2807857747964034,0.174665415618433,0.2807857747964034,0.23128141094647472,0.19779652298985975,0.23128141094647472,0.19779652298985975,0.19377723725358162,0.23710308453083653,0.19377723725358162,0.23710308453083653
2.9710680916677212,3.2756724653392397,2.9710680916677212,3.2756724653392397,2.5684246779142983,3.1193637379286323,2.5684246779142983,3.1193637379286323,2.952826412092825,3.297156196402073,2.952826412092825,3.297156196402073,2.9664795850788823,3.1564577791181567,2.9664795850788823,3.1564577791181567,2.9710680916677212,3.2756724653392397,2.9710680916677212,3.2756724653392397,2.5684246779142983,3.1193637379286323,2.5684246779142983,3.1193637379286323,2.4596029081491,2.942966930778491,2.4596029081491,2.942966930778491,1.8441280805845144,2.554838502011964,1.8441280805845144,2.554838502011964,2.6763136452615934,2.833386862227774,2.6763136452615934,2.833386862227774,2.1407270427297074,2.0246500556784084,2.1407270427297074,2.0246500556784084,2.4991952524433567,2.9946585940174537,2.4991952524433567,2.9946585940174537,2.233687499725964,2.7598035113739834,2.233687499725964,2.7598035113739834,2.5512988412399946,1.9101668061371353,2.5512988412399946,1.9101668061371353,1.3649331873858923,2.1888071834617375,1.3649331873858923,2.1888071834617375,2.5423281409047838,2.318378412784647,2.5423281409047838,2.318378412784647,2.1862928595728692,2.1228650385929595,2.1862928595728692,2.1228650385929595,2.048895293489469,1.8014307504845064,2.048895293489469,1.8014307504845064,1.4724375016876905,1.5881391267952232,1.4724375016876905,1.5881391267952232
0.07268487402263947,0.10922538902387183,0.07268487402263947,0.10922538902387183,0.06494924350866654,0.07097478431659933,0.06494924350866654,0.07097478431659933,0.06054340520292401,0.11130187942534743,0.06054340520292401,0.11130187942534743,0.08619807105711356,0.0585372186700211,0.08619807105711356,0.0585372186700211,0.07268487402263947,0.10922538902387183,0.07268487402263947,0.10922538902387183,0.06494924350866654,0.07097478431659933,0.06494924350866654,0.07097478431659933,0.07007788976507956,0.12657461582969365,0.07007788976507956,0.12657461582969365,0.12750582962474788,0.10490085657773486,0.12750582962474788,0.10490085657773486,0.1272484143020302,0.10795397538360964,0.1272484143020302,0.10795397538360964,0.2632765380503777,0.3080141022381308,0.2632765380503777,0.3080141022381308,0.08839578574597286,0.08722164663582727,0.08839578574597286,0.08722164663582727,0.23033780503167833,0.1381186164772351,0.23033780503167833,0.1381186164772351,0.21705756973438078,0.2352517571404932,0.21705756973438078,0.2352517571404932,0.4598568332820406,0.4052949263277626,0.4598568332820406,0.4052949263277626,0.16707456254278855,0.24966351238770282,0.16707456254278855,0.24966351238770282,0.4533865343502606,0.4527315736846655,0.4533865343502606,0.4527315736846655,0.13594485499641348,0.2755441306073354,0.13594485499641348,0.2755441306073354,0.3189313798023795,0.6136358057217867,0.3189313798023795,0.6136358057217867
0.2648390352160475,0.20578448666453744,0.2648390352160475,0.20578448666453744,0.6113206207638611,0.20323392121361397,0.6113206207638611,0.20323392121361397,0.2705412064042401,0.1887529316081432,0.2705412064042401,0.1887529316081432,0.43159111047668236,0.29272804516150813,0.43159111047668236,0.29272804516150813,0.2648390352160475,0.20578448666453744,0.2648390352160475,0.20578448666453744,0.6113206207638611,0.20323392121361397,0.6113206207638611,0.20323392121361397,0.4112371560684173,0.34965878421727553,0.4112371560684173,0.34965878421727553,0.48838672190806837,0.6407188996879022,0.48838672190806837,0.6407188996879022,0.44666550236545044,0.3876402830541097,0.44666550236545044,0.3876402830541097,0.7441786318871269,0.9382879032959498,0.7441786318871269,0.9382879032959498,0.5021710013985601,0.4384641232601308,0.5021710013985601,0.4384641232601308,0.5189507231637969,0.5500850367145873,0.5189507231637969,0.5500850367145873,0.5925700946927156,0.5015696697442132,0.5925700946927156,0.5015696697442132,0.6725925295660593,0.7906202731912936,0.6725925295660593,0.7906202731912936,0.6549968632252796,0.6181271321687423,0.6549968632252796,0.6181271321687423,1.4098603032603767,1.2842185074502492,1.4098603032603767,1.2842185074502492,0.7726909888194212,0.5616919521370377,0.7726909888194212,0.5616919521370377,0.8195540600684293,1.3184183819862747,0.8195540600684293,1.3184183819862747
0.3826264049280962,0.34340339087120114,0.3826264049280962,0.34340339087120114,0.45901477606616053,0.20860803425246371,0.45901477606616053,0.20860803425246371,0.3673621673746648,0.3301871344634075,0.3673621673746648,0.3301871344634075,0.4025257886473121,0.24595379145386523,0.4025257886473121,0.24595379145386523,0.3826264049280962,0.34340339087120114,0.3826264049280962,0.34340339087120114,0.45901477606616053,0.20860803425246371,0.45901477606616053,0.20860803425246371,0.3310852445674495,0.31528973398942084,0.3310852445674495,0.31528973398942084,0.47143365193790926,0.4289300364827433,0.47143365193790926,0.4289300364827433,0.3346153037228204,0.4195082842934428,0.3346153037228204,0.4195082842934428,0.3501810685783704,0.4580958189326802,0.3501810685783704,0.4580958189326802,0.3266032610193543,0.30992336471131404,0.3266032610193543,0.30992336471131404,0.4153162496774449,0.34107867514675533,0.4153162496774449,0.34107867514675533,0.23748469610954037,0.2912264855875634,0.23748469610954037,0.2912264855875634,0.5240289566045448,0.35670710543374673,0.5240289566045448,0.35670710543374673,0.36071067356402653,0.3598512090608479,0.36071067356402653,0.3598512090608479,0.33002667024814647,0.3689471110333061,0.33002667024814647,0.3689471110333061,0.3008658218142215,0.27462126904201234,0.3008658218142215,0.27462126904201234,0.26485505211056243,0.3266308394443518,0.26485505211056243,0.3266308394443518
0.6038647355692185,0.4646208853235416,0.6038647355692185,0.4646208853235416,0.31987266786439256,0.38736849817639957,0.31987266786439256,0.38736849817639957,0.5362183255201428,0.41304719698627673,0.5362183255201428,0.41304719698627673,0.33941468626077764,0.4692298894116467,0.33941468626077764,0.4692298894116467,0.6038647355692185,0.4646208853235416,0.6038647355692185,0.4646208853235416,0.31987266786439256,0.38736849817639957,0.31987266786439256,0.38736849817639957,0.3444682341410898,0.25563439287532924,0.3444682341410898,0.25563439287532924,0.40256335953110395,0.32828102529945785,0.40256335953110395,0.32828102529945785,0.3711499631359918,0.29262394068513237,0.3711499631359918,0.29262394068513237,0.23968264528480884,0.1690385718350201,0.23968264528480884,0.1690385718350201,0.3557186087036431,0.2123265726203816,0.3557186087036431,0.2123265726203816,0.31902538543614006,0.26221482630140996,0.31902538543614006,0.26221482630140996,0.26983875333275925,0.1292654677365823,0.26983875333275925,0.1292654677365823,0.30358870695859314,0.1728468073479491,0.30358870695859314,0.1728468073479491,0.3049574397276759,0.1305837159164896,0.3049574397276759,0.1305837159164896,0.24203087420116468,0.21442849446171633,0.24203087420116468,0.21442849446171633,0.28343351884042944,0.16856821356556936,0.28343351884042944,0.16856821356556936,0.3355440927633158,0.14871236471821483,0.3355440927633158,0.14871236471821483
1.0345305902266022,0.9808150924291602,1.0345305902266022,0.9808150924291602,0.8549804012481951,1.0257146323109734,0.8549804012481951,1.0257146323109734,1.0402721555114807,0.9588481402999929,1.0402721555114807,0.9588481402999929,0.6790262980242553,0.9478917668941927,0.6790262980242553,0.9478917668941927,1.0345305902266022,0.9808150924291602,1.0345305902266022,0.9808150924291602,0.8549804012481951,1.0257146323109734,0.8549804012481951,1.0257146323109734,0.7350447785547872,0.8040464447752,0.7350447785547872,0.8040464447752,0.7809952434080302,0.9824058664048517,0.7809952434080302,0.9824058664048517,0.7956338371744219,0.812225424255356,0.7956338371744219,0.812225424255356,0.9622578634797868,0.9041158590708704,0.9622578634797868,0.9041158590708704,0.7649658587634053,0.8597957343368158,0.7649658587634053,0.8597957343368158,0.8062125469441291,0.98030839790521,0.8062125469441291,0.98030839790521,0.9259828584892176,0.96913838953849,0.9259828584892176,0.96913838953849,1.1791491041917415,1.4371026659694341,1.1791491041917415,1.4371026659694341,0.9305895224560778,0.8691302995262586,0.9305895224560778,0.8691302995262586,0.9825939390307602,1.1713828324630204,0.9825939390307602,1.1713828324630204,0.9681359310921477,0.8789926695454304,0.9681359310921477,0.8789926695454304,1.6959976108145403,1.1900594089816676,1.6959976108145403,1.1900594089816676
0.8563725645525594,1.0180734807587817,0.8563725645525594,1.0180734807587817,1.052085037931594,0.9602598076621391,1.052085037931594,0.9602598076621391,0.9038358352951502,0.952092850988053,0.9038358352951502,0.952092850988053,0.8801662863832956,0.8761433789766478,0.8801662863832956,0.8761433789766478,0.8563725645525594,1.0180734807587817,0.8563725645525594,1.0180734807587817,1.052085037931594,0.9602598076621391,1.052085037931594,0.9602598076621391,0.8587648539070992,0.8028020191322057,0.8587648539070992,0.8028020191322057,0.6246924953969683,0.9395121825101592,0.6246924953969683,0.9395121825101592,0.9279165505699312,0.7903412229623705,0.9279165505699312,0.7903412229623705,0.9172620977033344,1.215804226729277,0.9172620977033344,1.215804226729277,0.8932675669681301,0.7614645471296994,0.8932675669681301,0.7614645471296994,0.8779330720573614,1.0672436184198368,0.8779330720573614,1.0672436184198368,0.7065622789754693,0.7930452599186304,0.7065622789754693,0.7930452599186304,0.6914677739195195,1.2049868402858006,0.6914677739195195,1.2049868402858006,0.8756885981978559,0.9478556952392024,0.8756885981978559,0.9478556952392024,0.6088480135719807,0.9752050717040049,0.6088480135719807,0.9752050717040049,0.8178117588488631,0.7563140742354634,0.8178117588488631,0.7563140742354634,0.6920302155725154,0.8112124130308295,0.6920302155725154,0.8112124130308295
0.9434906497869778,0.8697689576081444,0.9434906497869778,0.8697689576081444,0.9882966759859508,0.7788491952945126,0.9882966759859508,0.7788491952945126,0.9522005799827692,0.8457226394061766,0.9522005799827692,0.8457226394061766,0.9617707948524917,0.759719739808877,0.9617707948524917,0.759719739808877,0.9434906497869778,0.8697689576081444,0.9434906497869778,0.8697689576081444,0.9882966759859508,0.7788491952945126,0.9882966759859508,0.7788491952945126,0.933854560884201,0.9208175893953444,0.933854560884201,0.9208175893953444,1.1126139255743683,0.7564891956527515,1.1126139255743683,0.7564891956527515,1.211192607739902,0.8909758794266058,1.211192607739902,0.8909758794266058,1.0039933052881957,1.0403746144886317,1.0039933052881957,1.0403746144886317,0.9072150514782171,0.919109633956744,0.9072150514782171,0.919109633956744,1.37739477219528,0.6481488528143508,1.37739477219528,0.6481488528143508,0.8930833175123704,0.8222939668208946,0.8930833175123704,0.8222939668208946,1.0305368806459418,0.8372840932448402,1.0305368806459418,0.8372840932448402,1.1474688176519374,1.1258833677667681,1.1474688176519374,1.1258833677667681,1.0306347268794138,1.0708661477909602,1.0306347268794138,1.0708661477909602,0.9148064925645558,0.8301636146353886,0.9148064925645558,0.8301636146353886,1.1756133914686517,1.1202614134907543,1.1756133914686517,1.1202614134907543
1.608074521779727,1.8335501459340766,1.608074521779727,1.8335501459340766,1.9459212036098066,1.8231783975327562,1.9459212036098066,1.8231783975327562,1.574269542457506,1.753977878935538,1.574269542457506,1.753977878935538,1.954222309708797,1.7430752246610184,1.954222309708797,1.7430752246610184,1.608074521779727,1.8335501459340766,1.608074521779727,1.8335501459340766,1.9459212036098066,1.8231783975327562,1.9459212036098066,1.8231783975327562,1.4887554403391376,1.6329287103998114,1.4887554403391376,1.6329287103998114,1.3925278115120536,1.645659694867682,1.3925278115120536,1.645659694867682,1.5352348924782393,1.5488654389973362,1.5352348924782393,1.5488654389973362,1.4330007995294944,1.643479302020022,1.4330007995294944,1.643479302020022,1.4801044817384368,1.5553655490814868,1.4801044817384368,1.5553655490814868,1.6077254693203233,1.6659583653762973,1.6077254693203233,1.6659583653762973,1.4683774483832845,1.7294006143545209,1.4683774483832845,1.7294006143545209,1.5511282977005523,1.3402935237339146,1.5511282977005523,1.3402935237339146,1.3749451928991576,1.5933961116055655,1.3749451928991576,1.5933961116055655,1.321549399457955,1.8482718213040827,1.321549399457955,1.8482718213040827,1.3287329048701568,1.6359622554441504,1.3287329048701568,1.6359622554441504,1.0076528472686703,1.68078095550099,1.0076528472686703,1.68078095550099
0.07119183333627975,0.031444487079575575,0.07119183333627975,0.031444487079575575,0.08692649269604641,0.056467846577160995,0.08692649269604641,0.056467846577160995,0.07552992096324755,0.03545067425979256,0.07552992096324755,0.03545067425979256,0.09036471904686229,0.04598181954617683,0.09036471904686229,0.04598181954617683,0.07119183333627975,0.031444487079575575,0.07119183333627975,0.031444487079575575,0.08692649269604641,0.056467846577160995,0.08692649269604641,0.056467846577160995,0.056779519715979526,0.05159344744470721,0.056779519715979526,0.05159344744470721,0.05208056791331278,0.05373364850636708,0.05208056791331278,0.05373364850636708,0.06311283696770578,0.03404322286656069,0.06311283696770578,0.03404322286656069,0.11457995665708182,0.025936282371587644,0.11457995665708182,0.025936282371587644,0.04581299679984677,0.031160208853614646,0.04581299679984677,0.031160208853614646,0.053440346354022616,0.027172602904727446,0.053440346354022616,0.027172602904727446,0.03973328254306855,0.03748533819026544,0.03973328254306855,0.03748533819026544,0.09789257246603296,0.06405166129137481,0.09789257246603296,0.06405166129137481,0.04397836538086227,0.030820609944905732,0.04397836538086227,0.030820609944905732,0.08261796529287138,0.03298925841875208,0.08261796529287138,0.03298925841875208,0.04057054605781913,0.03430419017847399,0.04057054605781913,0.03430419017847399,0.07635428116979938,0.06049764790713685,0.07635428116979938,0.06049764790713685
1.525776712969022,1.3771126264511475,1.525776712969022,1.3771126264511475,1.670231080342566,1.7245398940723375,1.670231080342566,1.7245398940723375,1.4471133377942225,1.3558850169020737,1.4471133377942225,1.3558850169020737,1.6372070157408591,1.7832026552377014,1.6372070157408591,1.7832026552377014,1.525776712969022,1.3771126264511475,1.525776712969022,1.3771126264511475,1.670231080342566,1.7245398940723375,1.670231080342566,1.7245398940723375,1.5213697110476196,1.4509465438840323,1.5213697110476196,1.4509465438840323,0.8573862449751926,1.50089863266359,0.8573862449751926,1.50089863266359,1.6340732166395155,1.5409929872942731,1.6340732166395155,1.5409929872942731,1.731822774196658,1.6821060716537255,1.731822774196658,1.6821060716537255,1.448177098647103,1.5900171674614405,1.448177098647103,1.5900171674614405,1.016545889711603,1.352260961420104,1.016545889711603,1.352260961420104,1.0924583090130908,1.2566475076840529,1.0924583090130908,1.2566475076840529,1.0957439655764916,0.9395131354541053,1.0957439655764916,0.9395131354541053,1.7996202394492584,1.6082227293409401,1.7996202394492584,1.6082227293409401,1.624043088941457,1.6019315760900468,1.624043088941457,1.6019315760900468,1.4834272733927625,1.3290901107658057,1.4834272733927625,1.3290901107658057,1.5108680405045376,1.3437732660828594,1.5108680405045376,1.3437732660828594
0.9814437663725156,1.0263337456209038,0.9814437663725156,1.0263337456209038,0.9759351628991016,1.0479909754829864,0.9759351628991016,1.0479909754829864,1.0210989729902427,1.0585597422296822,1.0210989729902427,1.0585597422296822,1.032969385347062,1.0562817115033913,1.032969385347062,1.0562817115033913,0.9814437663725156,1.0263337456209038,0.9814437663725156,1.0263337456209038,0.9759351628991016,1.0479909754829864,0.9759351628991016,1.0479909754829864,1.127011700949915,1.1115474133523133,1.127011700949915,1.1115474133523133,1.1516856235525794,1.2152289994267977,1.1516856235525794,1.2152289994267977,1.142990323103888,1.0264120402535946,1.142990323103888,1.0264120402535946,1.1913268363744096,1.1617086911299006,1.1913268363744096,1.1617086911299006,1.1377202920729128,1.1058682354731906,1.1377202920729128,1.1058682354731906,1.1062040926162728,1.152019763903064,1.1062040926162728,1.152019763903064,1.108146685285109,1.0987479436223844,1.108146685285109,1.0987479436223844,0.904587293075135,1.303882606251819,0.904587293075135,1.303882606251819,1.0357870522194885,1.041787857154002,1.0357870522194885,1.041787857154002,0.9821879877804185,1.178363054517353,0.9821879877804185,1.178363054517353,1.1509113171925145,1.1856758028985277,1.1509113171925145,1.1856758028985277,1.1878442608035888,1.036305180358627,1.1878442608035888,1.036305180358627
1.5181264196047122,1.6479345269746708,1.5181264196047122,1.6479345269746708,1.6667664787924399,1.70787388088865,1.6667664787924399,1.70787388088865,1.5043136162907018,1.6125489414980245,1.5043136162907018,1.6125489414980245,1.6405617564895358,1.7196268570014372,1.6405617564895358,1.7196268570014372,1.5181264196047122,1.6479345269746708,1.5181264196047122,1.6479345269746708,1.6667664787924399,1.70787388088865,1.6667664787924399,1.70787388088865,1.5331427321670716,1.6739659004724894,1.5331427321670716,1.6739659004724894,1.6190128186306505,1.53758977854767,1.6190128186306505,1.53758977854767,1.6532004901322768,1.5978398785026209,1.6532004901322768,1.5978398785026209,1.6890860951839914,1.6346989135394734,1.6890860951839914,1.6346989135394734,1.5682599983685266,1.665488436432958,1.5682599983685266,1.665488436432958,1.6282396137584132,1.6752606149020735,1.6282396137584132,1.6752606149020735,1.5628142605096826,1.5704498226344492,1.5628142605096826,1.5704498226344492,1.8235461026204627,1.7866896306995805,1.8235461026204627,1.7866896306995805,1.597615335116871,1.6693749816186794,1.597615335116871,1.6693749816186794,1.623700846885959,1.6993668268160023,1.623700846885959,1.6993668268160023,1.6768134718784007,1.7287972641123568,1.6768134718784007,1.7287972641123568,1.761930876056778,1.7547742988861614,1.761930876056778,1.7547742988861614
1.895334103089463,1.934977174440871,1.895334103089463,1.934977174440871,1.9686373173521066,1.9708706978130095,1.9686373173521066,1.9708706978130095,1.8822440835563878,1.9243375759452968,1.8822440835563878,1.9243375759452968,1.9725863459989228,1.8893309205814024,1.9725863459989228,1.8893309205814024,1.895334103089463,1.934977174440871,1.895334103089463,1.934977174440871,1.9686373173521066,1.9708706978130095,1.9686373173521066,1.9708706978130095,1.6197967605298744,1.8484602199148163,1.6197967605298744,1.8484602199148163,1.8254783302899142,1.666228877655212,1.8254783302899142,1.666228877655212,1.7212411292194398,1.7910865063608046,1.7212411292194398,1.7910865063608046,1.8386607808764623,1.6680643004664764,1.8386607808764623,1.6680643004664764,1.6170204247928925,1.7928633112696886,1.6170204247928925,1.7928633112696886,1.5761833090662207,1.8354440170590736,1.5761833090662207,1.8354440170590736,1.7612886441212516,1.941526795986307,1.7612886441212516,1.941526795986307,1.7056901498978143,2.2111362561402137,1.7056901498978143,2.2111362561402137,1.787800232602306,1.973518348464383,1.787800232602306,1.973518348464383,1.9662899868021315,1.578648369584604,1.9662899868021315,1.578648369584604,1.930567642137791,1.9365764334410633,1.930567642137791,1.9365764334410633,1.8014731228102239,2.399597742601611,1.8014731228102239,2.399597742601611
0.7083880700466767,0.6487158032758066,0.7083880700466767,0.6487158032758066,0.6553069963662755,0.5546019454291916,0.6553069963662755,0.5546019454291916,0.6669172601914334,0.6171402546077652,0.6669172601914334,0.6171402546077652,0.6100130263905199,0.6120171072737238,0.6100130263905199,0.6120171072737238,0.7083880700466767,0.6487158032758066,0.7083880700466767,0.6487158032758066,0.6553069963662755,0.5546019454291916,0.6553069963662755,0.5546019454291916,0.5970348469378742,0.5513269207299983,0.5970348469378742,0.5513269207299983,0.6311319506611871,0.5098548794604778,0.6311319506611871,0.5098548794604778,0.6252607582527379,0.518474335094628,0.6252607582527379,0.518474335094628,0.6057795347328587,0.6108728877374275,0.6057795347328587,0.6108728877374275,0.5912384148867454,0.5718594727490505,0.5912384148867454,0.5718594727490505,0.6221614627024222,0.6299443747046247,0.6221614627024222,0.6299443747046247,0.5511956036346569,0.5081582611475116,0.5511956036346569,0.5081582611475116,0.6290968424997643,0.5279177391176194,0.6290968424997643,0.5279177391176194,0.47054744300002593,0.5607273237530351,0.47054744300002593,0.5607273237530351,0.5719288284781563,0.6185061151209716,0.5719288284781563,0.6185061151209716,0.6053160039285566,0.5252050850444189,0.6053160039285566,0.5252050850444189,0.6579017732796522,0.5997701420846725,0.6579017732796522,0.5997701420846725
0.6990310044373593,0.633696011540544,0.6990310044373593,0.633696011540544,0.6655556424872829,0.576768698705991,0.6655556424872829,0.576768698705991,0.6801399331701768,0.6232350046036851,0.6801399331701768,0.6232350046036851,0.6415128412445394,0.5844857993384863,0.6415128412445394,0.5844857993384863,0.6990310044373593,0.633696011540544,0.6990310044373593,0.633696011540544,0.6655556424872829,0.576768698705991,0.6655556424872829,0.576768698705991,0.5615404499489273,0.5257616202792674,0.5615404499489273,0.5257616202792674,0.7656635062462624,0.6413808198043844,0.7656635062462624,0.6413808198043844,0.6275358420285232,0.6027027112544827,0.6275358420285232,0.6027027112544827,0.6725974845123559,0.5568994952478474,0.6725974845123559,0.5568994952478474,0.5317003687340545,0.5790511525206685,0.5317003687340545,0.5790511525206685,0.654955377348444,0.6378482253746147,0.654955377348444,0.6378482253746147,0.6495095494132306,0.5425819568599997,0.6495095494132306,0.5425819568599997,0.8546621963686346,0.5986587624009906,0.8546621963686346,0.5986587624009906,0.6641433902335302,0.5015824850810457,0.6641433902335302,0.5015824850810457,0.6233815667110293,0.6497813114887417,0.6233815667110293,0.6497813114887417,0.6582384191725248,0.5831279617822561,0.6582384191725248,0.5831279617822561,0.7957293367169165,0.6997077502364402,0.7957293367169165,0.6997077502364402
0.1328699148081103,0.12733682839109356,0.1328699148081103,0.12733682839109356,0.20048262226551247,0.14420024743129098,0.20048262226551247,0.14420024743129098,0.15454829296195108,0.11712223547474374,0.15454829296195108,0.11712223547474374,0.12671896558366108,0.16860707642322986,0.12671896558366108,0.16860707642322986,0.1328699148081103,0.12733682839109356,0.1328699148081103,0.12733682839109356,0.20048262226551247,0.14420024743129098,0.20048262226551247,0.14420024743129098,0.23889300349848133,0.21471205015093695,0.23889300349848133,0.21471205015093695,0.3031450394223734,0.181585235911805,0.3031450394223734,0.181585235911805,0.2990722549696853,0.19422134425120624,0.2990722549696853,0.19422134425120624,0.275827821575057,0.260491662952258,0.275827821575057,0.260491662952258,0.205054405933793,0.22075452218530114,0.205054405933793,0.22075452218530114,0.3270879519134652,0.3001314120642968,0.3270879519134652,0.3001314120642968,0.3334270006559681,0.3038811353149388,0.3334270006559681,0.3038811353149388,0.4377884815000562,0.3699830136065176,0.4377884815000562,0.3699830136065176,0.26730837257856976,0.19977112662102417,0.26730837257856976,0.19977112662102417,0.17991975880991745,0.10519271183756124,0.17991975880991745,0.10519271183756124,0.2457966660362529,0.2508237528340814,0.2457966660362529,0.2508237528340814,0.33658075880173666,0.4576957153591591,0.33658075880173666,0.4576957153591591
0.47739855882194565,0.47562922909144856,0.47739855882194565,0.47562922909144856,0.4927191126609427,0.5390266368723607,0.4927191126609427,0.5390266368723607,0.4531896798490006,0.4571412805683885,0.4531896798490006,0.4571412805683885,0.6001216092239013,0.4502657173612734,0.6001216092239013,0.4502657173612734,0.47739855882194565,0.47562922909144856,0.47739855882194565,0.47562922909144856,0.4927191126609427,0.5390266368723607,0.4927191126609427,0.5390266368723607,0.5021944610699303,0.5508459882757442,0.5021944610699303,0.5508459882757442,0.6364776156853389,0.5660427914724064,0.6364776156853389,0.5660427914724064,0.5646150870639232,0.5340863635776761,0.5646150870639232,0.5340863635776761,0.690522073277517,0.41074469546761855,0.690522073277517,0.41074469546761855,0.5473323240198961,0.545477351640184,0.5473323240198961,0.545477351640184,0.6138497181409557,0.6655079413137857,0.6138497181409557,0.6655079413137857,0.5994609668503226,0.6039918058068356,0.5994609668503226,0.6039918058068356,0.7848722355579445,0.5324674946563019,0.7848722355579445,0.5324674946563019,0.5650085733396394,0.5677216257043433,0.5650085733396394,0.5677216257043433,0.7347326890301651,0.4924652011449434,0.7347326890301651,0.4924652011449434,0.5826300781101259,0.40482341292832735,0.5826300781101259,0.40482341292832735,0.6990982915841726,0.5425654458727555,0.6990982915841726,0.5425654458727555
0.4584883394229425,0.3944646655960329,0.4584883394229425,0.3944646655960329,0.40153053918415016,0.41956937121314497,0.40153053918415016,0.41956937121314497,0.4682942631372493,0.3866007148397602,0.4682942631372493,0.3866007148397602,0.4397008140062168,0.41550260453510013,0.4397008140062168,0.41550260453510013,0.4584883394229425,0.3944646655960329,0.4584883394229425,0.3944646655960329,0.40153053918415016,0.41956937121314497,0.40153053918415016,0.41956937121314497,0.4087809981790706,0.37899832901597164,0.4087809981790706,0.37899832901597164,0.3730556296076344,0.3625553118359912,0.3730556296076344,0.3625553118359912,0.37381572315278544,0.38104763385719576,0.37381572315278544,0.38104763385719576,0.4769565921516703,0.400926383253601,0.4769565921516703,0.400926383253601,0.432204143419504,0.38104813499735724,0.432204143419504,0.38104813499735724,0.3783435495866497,0.37126929905742573,0.3783435495866497,0.37126929905742573,0.4408292401738559,0.39956075573823385,0.4408292401738559,0.39956075573823385,0.46497564161856597,0.4850330287095731,0.46497564161856597,0.4850330287095731,0.4171755449831871,0.4175352065734999,0.4171755449831871,0.4175352065734999,0.4101955163256804,0.41627998612851325,0.4101955163256804,0.41627998612851325,0.432284521879972,0.4103657428957207,0.432284521879972,0.4103657428957207,0.4745666232146822,0.3856692514881817,0.4745666232146822,0.3856692514881817
0.7678831555700808,0.6985348238478666,0.7678831555700808,0.6985348238478666,0.647354183882122,0.6107518922388884,0.647354183882122,0.6107518922388884,0.7705772283269681,0.7641547695016269,0.7705772283269681,0.7641547695016269,0.6905209737220485,0.5688056459370898,0.6905209737220485,0.5688056459370898,0.7678831555700808,0.6985348238478666,0.7678831555700808,0.6985348238478666,0.647354183882122,0.6107518922388884,0.647354183882122,0.6107518922388884,0.6021086617389931,0.5745014616734732,0.6021086617389931,0.5745014616734732,0.5658356049692966,0.5314910600085504,0.5658356049692966,0.5314910600085504,0.5710073307076173,0.5605186161085223,0.5710073307076173,0.5605186161085223,0.5464955871097347,0.5183072782444121,0.5464955871097347,0.5183072782444121,0.6017442856391533,0.5512722645684021,0.6017442856391533,0.5512722645684021,0.5376408100680957,0.6149153829918965,0.5376408100680957,0.6149153829918965,0.5252361151657625,0.5172329819876237,0.5252361151657625,0.5172329819876237,0.5892667470793446,0.6949128081120091,0.5892667470793446,0.6949128081120091,0.5202224267852065,0.565818230531466,0.5202224267852065,0.5658182305314663,0.4670746161961685,0.4934670807412324,0.4670746161961685,0.4934670807412324,0.6031516743943908,0.492901327005967,0.6031516743943908,0.492901327005967,0.7132396439188823,0.557866710767701,0.7132396439188823,0.557866710767701
1.1067507601617204,0.8632848086938404,1.1067507601617204,0.8632848086938404,1.0844445117057115,0.8135398717627595,1.0844445117057115,0.8135398717627595,1.0815924333343394,0.8697797212286712,1.0815924333343394,0.8697797212286712,1.0664808649193567,1.1135619164054928,1.0664808649193567,1.1135619164054928,1.1067507601617204,0.8632848086938404,1.1067507601617204,0.8632848086938404,1.0844445117057115,0.8135398717627595,1.0844445117057115,0.8135398717627595,0.9607284864584871,0.9775403322557283,0.9607284864584871,0.9775403322557283,0.8999153959469774,1.1324657660037682,0.8999153959469774,1.1324657660037682,1.2541049980450079,0.9216486963987072,1.2541049980450079,0.9216486963987072,1.1545615319557485,1.1127210854930787,1.1545615319557485,1.1127210854930787,0.9302688314312493,0.9470372697669115,0.9302688314312493,0.9470372697669115,1.0865804236905636,0.7551835926031216,1.0865804236905636,0.7551835926031216,1.2125346313250558,1.0807559590633995,1.2125346313250558,1.0807559590633995,1.3136484656460077,1.504010341971926,1.3136484656460077,1.504010341971926,1.0969056757607831,0.9213439713879245,1.0969056757607831,0.9213439713879245,1.5830900564038708,0.8930277353439852,1.5830900564038708,0.8930277353439852,1.1999668099922725,1.0662860012388644,1.1999668099922725,1.0662860012388644,1.0399367674674038,1.1596786449461134,1.0399367674674038,1.1596786449461134
4.7678375310056955,4.503661945297064,4.7678375310056955,4.503661945297064,4.328003915308126,4.95013844025639,4.328003915308126,4.95013844025639,4.808103441138083,4.545808168956716,4.808103441138083,4.545808168956716,4.491485019803274,4.878738578967773,4.491485019803274,4.878738578967773,4.7678375310056955,4.503661945297064,4.7678375310056955,4.503661945297064,4.328003915308126,4.95013844025639,4.328003915308126,4.95013844025639,4.384086541279656,4.732346771176105,4.384086541279656,4.732346771176105,3.786982788310307,3.5300554878788395,3.786982788310307,3.530055487878845,4.770608760933107,4.92694295137986,4.770608760933107,4.92694295137986,3.5400286634380245,3.369420425779507,3.5400286634380245,3.369420425779507,4.640374431712218,4.954423789741675,4.640374431712218,4.954423789741675,3.6021713901660326,4.252619462562725,3.6021713901660326,4.252619462562725,3.939978675202917,4.106425190873637,3.939978675202917,4.106425190873637,3.6954955611726,3.124933983929093,3.6954955611726,3.124933983929093,4.650590873744678,3.9255418047149733,4.650590873744678,3.9255418047149733,3.6701778941876766,3.139950170927367,3.6701778941876766,3.139950170927367,4.734072432847261,4.28206082347643,4.734072432847261,4.28206082347643,2.8492410729504263,3.0522553104919745,2.8492410729504263,3.0522553104919745
1.6456143165968968,0.6672007580450947,1.6456143165968968,0.6672007580450947,0.917706761613956,0.6916307740989294,0.917706761613956,0.6916307740989294,1.6341206993264623,0.7215801659655978,1.6341206993264623,0.7215801659655978,0.9454199254113391,0.6816258480704439,0.9454199254113391,0.6816258480704439,1.6456143165968968,0.6672007580450947,1.6456143165968968,0.6672007580450947,0.917706761613956,0.6916307740989294,0.917706761613956,0.6916307740989294,0.8642682768731177,0.781561494128477,0.8642682768731177,0.781561494128477,1.4041641730627274,1.296515724000852,1.4041641730627274,1.296515724000852,1.2169717699892988,0.8483077732965286,1.2169717699892988,0.8483077732965286,0.8734818712981065,0.7743470236361747,0.8734818712981065,0.7743470236361747,0.9034802548412879,0.7409710518004525,0.9034802548412879,0.7409710518004525,0.804121811462689,0.8497342615770889,0.804121811462689,0.8497342615770889,0.9831072207486852,1.3840473782049043,0.9831072207486852,1.3840473782049043,1.113526153835387,0.6580013224602099,1.113526153835387,0.6580013224602099,0.8915539175619294,0.8784338969375179,0.8915539175619294,0.8784338969375179,1.230513223140235,1.0478059713420351,1.230513223140235,1.0478059713420351,0.8187397751254034,0.672758683070768,0.8187397751254034,0.672758683070768,0.7008416590849641,1.358452712742341,0.7008416590849641,1.358452712742341
0.5529625607357229,0.4640624854040685,0.5529625607357229,0.4640624854040685,0.41218199048516907,0.5265004539760785,0.41218199048516907,0.5265004539760785,0.518211137717887,0.4718706216628396,0.518211137717887,0.4718706216628396,0.5998638988278258,0.4244066793526958,0.5998638988278258,0.4244066793526958,0.5529625607357229,0.4640624854040685,0.5529625607357229,0.4640624854040685,0.41218199048516907,0.5265004539760785,0.41218199048516907,0.5265004539760785,0.46098121439373596,0.48526154565743934,0.46098121439373596,0.48526154565743934,0.7982117307213855,0.618786379220317,0.7982117307213855,0.618786379220317,0.40986341367139795,0.4653450617133143,0.40986341367139795,0.4653450617133143,0.5783790927238938,0.39739534757959916,0.5783790927238938,0.39739534757959916,0.5198112142319735,0.5498702174889599,0.5198112142319735,0.5498702174889599,0.3743202098749401,0.5910550014133814,0.3743202098749401,0.5910550014133814,0.49151192602500104,0.5471561934951008,0.49151192602500104,0.5471561934951008,0.5747430242381657,0.7259086450262241,0.5747430242381657,0.7259086450262241,0.45036279996112977,0.4391981560548953,0.45036279996112977,0.4391981560548953,0.3291361983207373,0.29264675361160875,0.3291361983207373,0.29264675361160875,0.4967848304480362,0.5529169270049035,0.4967848304480362,0.5529169270049035,0.5569371983370829,0.4032443145420868,0.5569371983370829,0.4032443145420868
1.8910907715943146,1.9750695450982207,1.8910907715943146,1.9750695450982207,1.9219155758335493,1.713138125304059,1.9219155758335493,1.713138125304059,1.9322431595850162,1.931924634189857,1.9322431595850162,1.931924634189857,2.041256852338477,1.982714622893638,2.041256852338477,1.982714622893638,1.8910907715943146,1.9750695450982207,1.8910907715943146,1.9750695450982207,1.9219155758335493,1.713138125304059,1.9219155758335493,1.713138125304059,2.021582402215171,1.9742529202810744,2.021582402215171,1.9742529202810744,1.7994286891589912,2.2182005947188257,1.7994286891589912,2.2182005947188257,2.0493414281148845,2.133391189221303,2.0493414281148845,2.133391189221303,1.733523517056471,2.089449042667722,1.733523517056471,2.089449042667722,1.853138595995055,2.0936198855978256,1.853138595995055,2.0936198855978256,1.8874651562472313,1.4369329535759972,1.8874651562472313,1.4369329535759972,2.0926628093841226,1.9313090878988146,2.0926628093841226,1.9313090878988146,1.6495221259598538,1.8277474032323333,1.6495221259598538,1.8277474032323333,1.7933139859893046,1.9309726498720292,1.7933139859893046,1.9309726498720292,2.09447260641589,1.634978428794159,2.09447260641589,1.634978428794159,2.1270122229654396,2.1000007568667884,2.1270122229654396,2.1000007568667884,1.8444741182648143,1.7799646012278534,1.8444741182648143,1.7799646012278534
0.2679093295021291,0.1954936096765001,0.2679093295021291,0.1954936096765001,0.39182452515636085,0.21741092323116956,0.39182452515636085,0.21741092323116956,0.2739077239312119,0.1941565754540134,0.2739077239312119,0.1941565754540134,0.2504739253163091,0.2179067838438466,0.2504739253163091,0.2179067838438466,0.2679093295021291,0.1954936096765001,0.2679093295021291,0.1954936096765001,0.39182452515636085,0.21741092323116956,0.39182452515636085,0.21741092323116956,0.23869764996194864,0.21841817947740455,0.23869764996194598,0.21841817947740455,0.21023176044292172,0.19699878049272354,0.21023176044292172,0.19699878049272354,0.2760990307458502,0.20485316801557812,0.2760990307458502,0.20485316801557812,0.23883114127253235,0.21435067728018087,0.23883114127253235,0.21435067728018087,0.20966917215791528,0.2357506882204682,0.20966917215791528,0.2357506882204682,0.25533660975156725,0.15347467774826795,0.25533660975156725,0.15347467774826795,0.19856290676861027,0.23915646696551107,0.19856290676861027,0.23915646696551107,0.21868081227940883,0.15075583986825167,0.21868081227940883,0.15075583986825167,0.29391935011956166,0.23221434022700738,0.29391935011956166,0.23221434022700738,0.24684980540972384,0.1859407934570626,0.24684980540972384,0.1859407934570626,0.14399786538716028,0.2668992226655204,0.14399786538716028,0.2668992226655204,0.26027095570690373,0.2737626457347017,0.26027095570690373,0.2737626457347017
0.8747337629878874,0.8373988890187812,0.8747337629878874,0.8373988890187812,1.185983771420727,0.8850748136108969,1.185983771420727,0.8850748136108969,0.8730105764722762,0.843663479923101,0.8730105764722762,0.843663479923101,1.142070679517771,0.7540148828884553,1.142070679517771,0.7540148828884553,0.8747337629878874,0.8373988890187812,0.8747337629878874,0.8373988890187812,1.185983771420727,0.8850748136108969,1.185983771420727,0.8850748136108969,0.9293130262710537,0.7359296494885621,0.9293130262710537,0.7359296494885621,1.337522062619332,0.8371028161054179,1.337522062619332,0.8371028161054179,0.9280495003862816,0.751326672564259,0.9280495003862816,0.751326672564259,1.1483749477589245,0.7627778782806992,1.1483749477589245,0.7627778782806992,0.8628897383409806,0.7116014943444121,0.8628897383409806,0.7116014943444121,0.8057370116683898,0.7358336932767587,0.8057370116683898,0.7358336932767587,0.8073098860563219,0.7696123137371231,0.8073098860563219,0.7696123137371231,0.7032822566324511,0.631299849855292,0.7032822566324511,0.631299849855292,0.9572597068414502,0.7203271451540061,0.9572597068414502,0.7203271451540061,0.9004951604635364,0.5676248382450423,0.9004951604635364,0.5676248382450423,1.1011040030952017,0.6561443886147154,1.1011040030952017,0.6561443886147154,0.4543305315549346,0.36877953917410095,0.4543305315549346,0.36877953917410095
1.439575819780673,1.4945153543446397,1.439575819780673,1.4945153543446397,1.485766276792377,1.3857519544182557,1.485766276792377,1.3857519544182557,1.4010881317271793,1.4754837310670044,1.4010881317271793,1.4754837310670044,1.5625676295680626,1.4253873939844774,1.5625676295680626,1.4253873939844774,1.439575819780673,1.4945153543446397,1.439575819780673,1.4945153543446397,1.485766276792377,1.3857519544182557,1.485766276792377,1.3857519544182557,1.5918901603787314,1.56076691746742,1.5918901603787314,1.56076691746742,1.576042662491375,1.9977183040741249,1.576042662491375,1.9977183040741249,1.5472874461124633,1.6604380439118998,1.5472874461124633,1.6604380439118998,1.4844106542447482,1.7357813670864641,1.4844106542447482,1.7357813670864641,1.7946043994768952,1.823029895131653,1.7946043994768952,1.823029895131653,1.4084456040692515,1.9190611858650635,1.4084456040692515,1.9190611858650635,1.5681779999724403,1.7197538241428378,1.5681779999724403,1.7197538241428378,1.5647211376523074,2.0271871636949887,1.5647211376523074,2.0271871636949887,1.6521075871140432,1.7185403740364784,1.6521075871140432,1.7185403740364784,1.890444826670078,1.8028573338372602,1.890444826670078,1.8028573338372602,1.8030801641705936,1.6942919004711943,1.8030801641705936,1.6942919004711943,1.8553173320135108,1.5869203407363766,1.8553173320135108,1.5869203407363766
0.2881715557200249,0.2618350539082204,0.2881715557200249,0.2618350539082204,0.34599105287980597,0.24954593448921855,0.34599105287980597,0.24954593448921855,0.2615814701525219,0.2679886660210833,0.2615814701525219,0.2679886660210833,0.2947967381114042,0.32107043095650956,0.2947967381114042,0.32107043095650956,0.2881715557200249,0.2618350539082204,0.2881715557200249,0.2618350539082204,0.34599105287980597,0.24954593448921855,0.34599105287980597,0.24954593448921855,0.30609841990765135,0.17839435496909772,0.30609841990765135,0.17839435496909772,0.2419412122253435,0.18558961165457832,0.2419412122253435,0.18558961165457832,0.21510716468779745,0.24218238579491216,0.21510716468779745,0.24218238579491216,0.35737966996810555,0.1840980303702378,0.35737966996810555,0.1840980303702378,0.3018660650071512,0.23083405033867638,0.3018660650071512,0.23083405033867638,0.2599031922156491,0.19524374176560613,0.2599031922156491,0.19524374176560613,0.27157124721568887,0.24819419655346095,0.27157124721568887,0.24819419655346095,0.2966042929531762,0.2077718906451018,0.2966042929531762,0.2077718906451018,0.22049413475558144,0.16538808774944835,0.22049413475558144,0.16538808774944835,0.2127535814088069,0.19566460640945413,0.2127535814088069,0.19566460640945413,0.2782939739060512,0.17053016719495487,0.2782939739060512,0.17053016719495487,0.23213120699810508,0.26023620287932,0.23213120699810508,0.26023620287932
0.5039000680934759,0.352623029367058,0.5039000680934759,0.352623029367058,0.28580107145674793,0.3269727347687864,0.28580107145674793,0.3269727347687864,0.4731852153552027,0.32202337033434986,0.4731852153552027,0.32202337033434986,0.32076819399962214,0.4073570090796738,0.32076819399962214,0.4073570090796738,0.5039000680934759,0.352623029367058,0.5039000680934759,0.352623029367058,0.28580107145674793,0.3269727347687864,0.28580107145674793,0.3269727347687864,0.3977154317114454,0.36572137504614555,0.3977154317114454,0.36572137504614555,0.6358618095315098,0.28916616191193134,0.6358618095315098,0.28916616191193134,0.4655257554371734,0.39899398107083317,0.4655257554371734,0.39899398107083317,0.3744179590223313,0.3140239354446216,0.3744179590223313,0.3140239354446216,0.3928345553484039,0.3029938699506638,0.3928345553484039,0.3029938699506638,0.6039168935200899,0.4017443090561562,0.6039168935200899,0.4017443090561562,0.5704510782257513,0.8742562572993258,0.5704510782257513,0.8742562572993258,0.5825003216973572,0.6208168194057249,0.5825003216973572,0.6208168194057249,0.34661776614669787,0.4075538874177108,0.34661776614669787,0.4075538874177108,0.42275889580282033,0.2992214586403945,0.42275889580282033,0.2992214586403945,0.6185762405241702,0.36329686411802126,0.6185762405241702,0.36329686411802126,0.4712977848029464,0.5415674833646893,0.4712977848029464,0.5415674833646893
1.2490075571046386,1.0083775908768076,1.2490075571046386,1.0083775908768076,0.9084874008865369,1.0237353104879094,0.9084874008865369,1.0237353104879094,1.2834567054935977,0.981992052404701,1.2834567054935977,0.981992052404701,0.9762773070000601,1.0951951792419032,0.9762773070000601,1.0951951792419032,1.2490075571046386,1.0083775908768076,1.2490075571046386,1.0083775908768076,0.9084874008865369,1.0237353104879094,0.9084874008865369,1.0237353104879094,1.294768693391955,1.034002315621399,1.294768693391955,1.034002315621399,1.4269746406198403,1.0237336596153226,1.4269746406198403,1.0237336596153226,1.384382111408798,1.179883551926373,1.384382111408798,1.179883551926373,1.2899918153885328,1.627466238845743,1.2899918153885328,1.627466238845743,0.9475616685290553,1.212014090357233,0.9475616685290553,1.212014090357233,1.0820679487776232,1.1633385181380012,1.0820679487776232,1.1633385181380012,1.386436554965366,1.2095025598572107,1.386436554965366,1.2095025598572107,2.2463632320601907,1.47786131606773,2.2463632320601907,1.47786131606773,1.7390532735458146,1.600059009865054,1.7390532735458146,1.600059009865054,1.6796847691370045,1.2132730137902685,1.6796847691370045,1.2132730137902685,1.482088153342086,1.2028116995663989,1.482088153342086,1.2028116995663989,1.4076858182597556,2.5366694272642714,1.4076858182597556,2.5366694272642714
2.1878232232418395,2.001057519670157,2.1878232232418395,2.001057519670157,2.1270360258896712,2.060777721425629,2.1270360258896712,2.060777721425629,2.454611146657374,2.0727978124207502,2.454611146657374,2.0727978124207502,1.9593626223090264,1.9505732800385223,1.9593626223090264,1.9505732800385223,2.1878232232418395,2.001057519670157,2.1878232232418395,2.001057519670157,2.1270360258896712,2.060777721425629,2.1270360258896712,2.060777721425629,2.0172607556839868,1.6617615424424337,2.0172607556839868,1.6617615424424337,2.197265028213487,1.705983051189915,2.197265028213487,1.705983051189915,2.2768509009890217,1.9440975273447214,2.2768509009890217,1.9440975273447214,2.1630985771648197,2.5143861981975673,2.1630985771648197,2.5143861981975673,1.847465927143488,1.653933363049102,1.847465927143488,1.653933363049102,2.3932475901314283,1.684095007977504,2.3932475901314283,1.684095007977504,1.8630396507169416,1.8248335928733257,1.8630396507169416,1.8248335928733257,2.6663431001811357,2.2918115523844453,2.6663431001811357,2.2918115523844453,2.2568342736003313,2.2093139545892377,2.2568342736003313,2.2093139545892377,2.564964359496727,1.399104085701075,2.564964359496727,1.399104085701075,2.201850887770917,1.9141097599422194,2.201850887770917,1.9141097599422194,2.081834491108515,2.0733257663481623,2.081834491108515,2.0733257663481623
0.09715896691521647,0.14157748738641537,0.09715896691521647,0.14157748738641537,0.07835662557824573,0.18154054686839102,0.07835662557824573,0.18154054686839102,0.10770752325298888,0.14527914964310004,0.10770752325298888,0.14527914964310004,0.11009622635144498,0.15876605552476267,0.11009622635144498,0.15876605552476267,0.09715896691521647,0.14157748738641537,0.09715896691521647,0.14157748738641537,0.07835662557824573,0.18154054686839102,0.07835662557824573,0.18154054686839102,0.12118650040003631,0.08123892628436563,0.12118650040003631,0.08123892628436563,0.12379292424311768,0.04002777895253647,0.12379292424311768,0.04002777895253647,0.08806578922322024,0.05703011865147211,0.08806578922322024,0.05703011865147211,0.10359290227031265,0.041736179363175196,0.10359290227031265,0.041736179363175196,0.07095554107387726,0.07914473254282985,0.07095554107387726,0.07914473254282985,0.0842678923598483,0.05913875906449735,0.0842678923598483,0.05913875906449735,0.0840383081618927,0.04107336853105603,0.0840383081618927,0.04107336853105603,0.056676117371579335,0.086514622564456,0.056676117371579335,0.086514622564456,0.06496193935572023,0.07266922157065112,0.06496193935572023,0.07266922157065112,0.058183447703512935,0.06839827716268945,0.058183447703512935,0.06839827716268945,0.07409456387282531,0.046668470277098195,0.07409456387282531,0.046668470277098195,0.08366477098972609,0.053341842481113864,0.08366477098972609,0.053341842481113864
1.2248057581378395,1.3215481622528982,1.2248057581378395,1.3215481622528982,1.593124050094034,1.0893961130578402,1.593124050094034,1.0893961130578402,1.3100655876417677,1.293035420724018,1.3100655876417677,1.293035420724018,1.4962742483058655,1.1788742431165813,1.4962742483058655,1.1788742431165813,1.2248057581378395,1.3215481622528982,1.2248057581378395,1.3215481622528982,1.593124050094034,1.0893961130578402,1.593124050094034,1.0893961130578402,1.3018705086764983,1.1690180090401627,1.3018705086764983,1.1690180090401627,1.0024255783863636,1.1932488263828236,1.0024255783863636,1.1932488263828236,1.1941917816353271,1.392730252016632,1.1941917816353271,1.392730252016632,1.1049711285819461,1.21047821609161,1.1049711285819461,1.21047821609161,1.2283721226991065,1.0272366383584062,1.2283721226991065,1.0272366383584062,1.5227394495253306,1.2545150850559998,1.5227394495253306,1.2545150850559998,0.8347049753629044,1.0792281595481314,0.8347049753629044,1.0792281595481314,1.0949331540637506,1.1900642505786896,1.0949331540637506,1.1900642505786896,1.1881781875403405,1.3893395766210401,1.1881781875403405,1.3893395766210401,1.0833928150635874,0.8612064401320833,1.0833928150635874,0.8612064401320833,1.428015977576925,1.2590469325329061,1.428015977576925,1.2590469325329061,1.10014673294666,1.1113182925007943,1.10014673294666,1.1113182925007943
1.1550935366988944,1.415932348157114,1.1550935366988944,1.415932348157114,1.3100037297719687,1.2363068946250797,1.3100037297719687,1.2363068946250797,1.2661633990878596,1.4152761443050854,1.2661633990878596,1.4152761443050854,1.199779458029983,1.264553246402093,1.199779458029983,1.264553246402093,1.1550935366988944,1.415932348157114,1.1550935366988944,1.415932348157114,1.3100037297719687,1.2363068946250797,1.3100037297719687,1.2363068946250797,1.0543968792255116,0.9299278304058919,1.0543968792255116,0.9299278304058919,1.1716954597420648,1.171099844267008,1.1716954597420648,1.171099844267008,0.932714828299736,1.0092643118026918,0.932714828299736,1.0092643118026918,0.8989273694703095,1.0286917193003917,0.8989273694703095,1.0286917193003917,1.1149318696322166,1.0123596671022923,1.1149318696322166,1.0123596671022923,1.025667505817422,1.2218228368026425,1.025667505817422,1.2218228368026425,1.3103708402841434,1.0927083435723277,1.3103708402841434,1.0927083435723277,1.1310368402146915,0.7413801769816918,1.1310368402146915,0.7413801769816918,1.0876671561796736,1.039214543259465,1.0876671561796736,1.039214543259465,1.026029617652311,0.8809303847930555,1.026029617652311,0.8809303847930555,0.8470122941206317,1.060056087632422,0.8470122941206317,1.0600560876324219,1.202455752522769,0.6896248549499729,1.202455752522769,0.6896248549499729
1.6987599216388998,1.7939571951829163,1.6987599216388998,1.7939571951829163,1.6380122323499957,1.9003844630227793,1.6380122323499957,1.9003844630227793,1.6387722441539037,1.8143078616090456,1.6387722441539037,1.8143078616090456,1.5312460983410188,1.7318691184780537,1.5312460983410188,1.7318691184780537,1.6987599216388998,1.7939571951829163,1.6987599216388998,1.7939571951829163,1.6380122323499957,1.9003844630227793,1.6380122323499957,1.9003844630227793,1.6944137162722286,1.60200892703838,1.6944137162722286,1.60200892703838,1.675473006121218,2.079302006766503,1.675473006121218,2.079302006766503,1.669575379702481,1.5536905817242084,1.669575379702481,1.5536905817242084,1.3480967200917173,1.4515699976145287,1.3480967200917173,1.4515699976145287,1.5434909464021076,1.5106792307546102,1.5434909464021076,1.5106792307546102,1.4122634634726348,1.6810843207971646,1.4122634634726348,1.6810843207971646,1.4182210300502271,1.5645041354667701,1.4182210300502271,1.5645041354667701,1.5171805715149207,1.5911016552328001,1.5171805715149207,1.5911016552328001,1.444051504256253,1.4911177226798118,1.444051504256253,1.4911177226798118,1.4288350495477617,1.391168077718987,1.4288350495477617,1.391168077718987,1.366775296704485,1.4524219498386153,1.366775296704485,1.4524219498386153,1.5138719474959206,2.015468884513382,1.5138719474959206,2.015468884513382
0.5765266377954097,0.5808453369805904,0.5765266377954097,0.5808453369805904,0.2995299947980703,0.4323576848852895,0.2995299947980703,0.4323576848852895,0.5576654167191972,0.5879536900923319,0.5576654167191972,0.5879536900923319,0.34864443921363464,0.5116747829009163,0.34864443921363464,0.5116747829009163,0.5765266377954097,0.5808453369805904,0.5765266377954097,0.5808453369805904,0.2995299947980703,0.4323576848852895,0.2995299947980703,0.4323576848852895,0.3694957555469019,0.4718904607527645,0.3694957555469019,0.4718904607527645,0.33605641907510664,0.37672502429706234,0.33605641907510664,0.37672502429706234,0.4267525667088567,0.45568231361886496,0.4267525667088567,0.45568231361886496,0.26244948081825253,0.24725873771523935,0.26244948081825253,0.24725873771523935,0.3659804528932145,0.3824859471944061,0.3659804528932145,0.3824859471944061,0.3976594756636516,0.402027771974317,0.3976594756636516,0.402027771974317,0.362502283385861,0.4261918343536852,0.362502283385861,0.42619183435368535,0.4268207507867139,0.5007484288450791,0.4268207507867139,0.5007484288450791,0.2111454943965642,0.28860072959075234,0.2111454943965642,0.28860072959075234,0.26030516403529325,0.21117957550043692,0.26030516403529325,0.21117957550043692,0.32634804639917764,0.2795827957689393,0.32634804639917764,0.2795827957689393,0.4170981460207895,0.17959150598407145,0.4170981460207895,0.17959150598407145
1.1953519931911902,1.251786344111708,1.1953519931911902,1.251786344111708,1.1337199469129444,1.0588433244121356,1.1337199469129444,1.0588433244121356,1.1620612150691616,1.295020691716101,1.1620612150691616,1.295020691716101,1.0434265209955815,1.0397915825026596,1.0434265209955815,1.0397915825026596,1.1953519931911902,1.251786344111708,1.1953519931911902,1.251786344111708,1.1337199469129444,1.0588433244121356,1.1337199469129444,1.0588433244121356,1.2091760787620134,1.0807421418767287,1.2091760787620134,1.0807421418767287,1.044009827029931,0.9877839332273503,1.044009827029931,0.9877839332273503,1.1596312913921913,0.9807886422316094,1.1596312913921913,0.9807886422316094,1.0703238348419966,1.0766910008663508,1.0703238348419966,1.0766910008663508,1.1702796909679176,0.964696555349347,1.1702796909679176,0.964696555349347,1.133828114542513,1.0507821504558936,1.133828114542513,1.0507821504558936,1.2081933376730336,1.0037447190983382,1.2081933376730336,1.0037447190983382,1.3215879899402305,0.9053289219753253,1.3215879899402305,0.9053289219753253,0.9168501889314886,0.9385846072281826,0.9168501889314886,0.9385846072281826,0.8796223462025404,0.8036669361055315,0.8796223462025404,0.8036669361055315,1.0450114028681274,0.9535377053665224,1.0450114028681274,0.9535377053665224,1.158085549395794,0.868755380034596,1.158085549395794,0.868755380034596
0.5605767563406353,0.5846178655042369,0.5605767563406353,0.5846178655042369,0.743237819999154,0.5499135057009278,0.743237819999154,0.5499135057009278,0.6445720260419087,0.6128975355827333,0.6445720260419087,0.6128975355827333,0.8083901099995225,0.6369101845845995,0.8083901099995225,0.6369101845845995,0.5605767563406353,0.5846178655042369,0.5605767563406353,0.5846178655042369,0.743237819999154,0.5499135057009278,0.743237819999154,0.5499135057009278,0.5139230944897716,0.5090891278186114,0.5139230944897716,0.5090891278186114,0.6856057687323724,0.7376112161709487,0.6856057687323724,0.7376112161709487,0.5974932527065053,0.3814168738095439,0.5974932527065053,0.3814168738095439,0.6265379422914732,0.6078433864198709,0.6265379422914732,0.6078433864198709,0.6006203884866907,0.5008280978256234,0.6006203884866907,0.5008280978256234,0.5841383143010668,0.4776383621122924,0.5841383143010668,0.4776383621122924,0.4779779816206509,0.40668494446363246,0.4779779816206509,0.40668494446363246,0.5487424252310495,0.3886275245267969,0.5487424252310495,0.3886275245267969,0.5368269249479292,0.41863804472756855,0.5368269249479292,0.41863804472756855,0.4579825266656269,0.5811285469725576,0.4579825266656269,0.5811285469725576,0.5335480472115857,0.5496683990873974,0.5335480472115857,0.5496683990873974,0.5720358937508381,0.3645387911910084,0.5720358937508381,0.3645387911910084
0.3227738425432601,0.36618739655268634,0.3227738425432601,0.36618739655268634,0.41873857589529057,0.41955878363398597,0.41873857589529057,0.41955878363398597,0.32755430429070537,0.35443883649799185,0.32755430429070537,0.35443883649799185,0.45652813736553344,0.45109080273639646,0.45652813736553344,0.45109080273639646,0.3227738425432601,0.36618739655268634,0.3227738425432601,0.36618739655268634,0.41873857589529057,0.41955878363398597,0.41873857589529057,0.41955878363398597,0.4118475052829112,0.36748443914828294,0.4118475052829112,0.36748443914828294,0.5399330726400063,0.5723538984878996,0.5399330726400063,0.5723538984878996,0.30398057069398476,0.3276973370459073,0.30398057069398476,0.3276973370459073,0.5127088997386747,0.48346656572556235,0.5127088997386747,0.48346656572556235,0.33989245393325623,0.3746720414985943,0.33989245393325623,0.3746720414985943,0.4139457059917842,0.37078409470853346,0.4139457059917842,0.37078409470853346,0.5329705976809281,0.4771856866641015,0.5329705976809281,0.4771856866641015,0.37735673981735246,0.4212417106681042,0.37735673981735246,0.4212417106681042,0.4365799593756892,0.39793651468707525,0.4365799593756892,0.39793651468707525,0.43440686471816914,0.5056983350973508,0.43440686471816914,0.5056983350973508,0.5361837904932044,0.5219356898370561,0.5361837904932044,0.5219356898370561,0.6493506369253472,0.5097401619393505,0.6493506369253472,0.5097401619393505
0.0899963149980952,0.07367097521817147,0.0899963149980952,0.07367097521817147,0.14198359271016156,0.0989861316676931,0.14198359271016156,0.0989861316676931,0.09340440260101882,0.0751084673099581,0.09340440260101882,0.0751084673099581,0.12801259418885416,0.08035256010686088,0.12801259418885416,0.08035256010686088,0.0899963149980952,0.07367097521817147,0.0899963149980952,0.07367097521817147,0.14198359271016156,0.0989861316676931,0.14198359271016156,0.0989861316676931,0.09742241978293156,0.07619156176681514,0.09742241978293156,0.07619156176681514,0.0956153010929471,0.11525702940436407,0.0956153010929471,0.11525702940436407,0.07597670624793364,0.0763050979889428,0.07597670624793364,0.0763050979889428,0.07984436062590429,0.3146962506061343,0.07984436062590429,0.3146962506061343,0.08439968825186843,0.06262740677422841,0.08439968825186843,0.06262740677422841,0.08213554111102975,0.10889820513190894,0.08213554111102975,0.10889820513190894,0.06076313187042853,0.05720797251825927,0.06076313187042853,0.05720797251825927,0.1028019867915818,0.14057210414193694,0.1028019867915818,0.14057210414193694,0.07847094157671926,0.09570539552179932,0.07847094157671926,0.09570539552179932,0.09446861594901111,0.14094645185344884,0.09446861594901111,0.14094645185344884,0.09003186812023412,0.08259207195323377,0.09003186812023412,0.08259207195323377,0.16100872669404395,0.19997822524945627,0.16100872669404395,0.19997822524945627
0.17041718881155413,0.1737104916932961,0.17041718881155413,0.1737104916932961,0.22321875528805374,0.114738399730395,0.22321875528805374,0.114738399730395,0.18813543463237656,0.16436014642669458,0.18813543463237656,0.16436014642669458,0.18568350915177403,0.11251637316145839,0.18568350915177403,0.11251637316145839,0.17041718881155413,0.1737104916932961,0.17041718881155413,0.1737104916932961,0.22321875528805374,0.114738399730395,0.22321875528805374,0.114738399730395,0.1595946648505016,0.16813179417668508,0.1595946648505016,0.16813179417668508,0.2876344382027254,0.16578390045506014,0.2876344382027254,0.16578390045506014,0.1563972996266077,0.19877283443462507,0.1563972996266077,0.19877283443462507,0.12369106208364014,0.1931792144926839,0.12369106208364014,0.1931792144926839,0.14960896417718356,0.18104421905687276,0.14960896417718356,0.18104421905687276,0.1975054139948458,0.1254583963991426,0.1975054139948458,0.1254583963991426,0.14042328625927802,0.16035320395472866,0.14042328625927802,0.16035320395472866,0.15268039882371523,0.3604922196374257,0.15268039882371523,0.3604922196374257,0.15271960351624173,0.21344986539268448,0.15271960351624173,0.21344986539268448,0.28600303966793844,0.24415530097218321,0.28600303966793844,0.24415530097218321,0.140159454981316,0.1728153437381678,0.140159454981316,0.1728153437381678,0.18935559069988112,0.2190929099015118,0.18935559069988112,0.2190929099015118
0.9293267503051131,1.0976880346225069,0.9293267503051131,1.0976880346225069,1.2824111638711804,1.2369976182198132,1.2824111638711804,1.2369976182198132,0.9483624760056534,1.186580182399361,0.9483624760056534,1.186580182399361,1.2413367237177249,1.1754557010765376,1.2413367237177249,1.1754557010765376,0.9293267503051131,1.0976880346225069,0.9293267503051131,1.0976880346225069,1.2824111638711804,1.2369976182198132,1.2824111638711804,1.2369976182198132,0.9866124232923084,1.1410941322703416,0.9866124232923084,1.1410941322703416,1.3240892738694436,1.152780704068606,1.3240892738694436,1.152780704068606,1.0563014775833346,1.0976287879665596,1.0563014775833346,1.0976287879665596,1.4850806389973468,1.3599783828881398,1.4850806389973468,1.3599783828881398,1.0102627621938993,1.1237371554599067,1.0102627621938993,1.1237371554599067,1.4513644092712688,1.323160158061834,1.4513644092712688,1.323160158061834,0.9223955895947076,1.184505150570597,0.9223955895947076,1.184505150570597,1.1555980165411592,1.253349051990032,1.1555980165411592,1.253349051990032,1.1005823561948387,1.235537876623824,1.1005823561948387,1.235537876623824,1.0930337714015212,1.3798555195793594,1.0930337714015212,1.3798555195793594,1.2047114210007586,1.2027102167143677,1.2047114210007586,1.2027102167143677,1.1806975823586658,1.5574801445301711,1.1806975823586658,1.5574801445301711
1.0286638162115367,0.9177355074004278,1.0286638162115367,0.9177355074004278,1.0543916627677168,0.812416887410077,1.0543916627677168,0.812416887410077,1.022701039747181,0.9138389507063002,1.022701039747181,0.9138389507063002,1.085956585939584,0.8030169503126149,1.085956585939584,0.8030169503126149,1.0286638162115367,0.9177355074004278,1.0286638162115367,0.9177355074004278,1.0543916627677168,0.812416887410077,1.0543916627677168,0.812416887410077,0.8900088958390544,1.042442938312652,0.8900088958390544,1.042442938312652,0.913985522140252,0.871289098445127,0.913985522140252,0.871289098445127,0.9173165997094007,1.0102323057746465,0.9173165997094007,1.0102323057746465,0.9430973213409783,0.8449032930722397,0.9430973213409783,0.8449032930722397,0.8569947351562333,0.995790898780543,0.8569947351562333,0.995790898780543,1.183924741901001,0.808456247666715,1.183924741901001,0.808456247666715,0.6845749923675016,0.8680977229775643,0.6845749923675016,0.8680977229775643,0.8784337696864669,0.725610879691354,0.8784337696864669,0.725610879691354,0.9306477220324242,1.0781101411199518,0.9306477220324242,1.0781101411199518,0.8326765234308802,0.8364192086943739,0.8326765234308802,0.8364192086943739,0.717397065058246,0.8762992511972516,0.717397065058246,0.8762992511972516,0.5745743191063026,0.5819514011268946,0.5745743191063026,0.5819514011268946
0.2475741422790918,0.2663426309806923,0.2475741422790918,0.2663426309806923,0.31506147940763773,0.23782997389593616,0.31506147940763773,0.23782997389593616,0.2606413318129017,0.2679411947352394,0.2606413318129017,0.2679411947352394,0.29297125434042515,0.21981762213973316,0.29297125434042515,0.21981762213973316,0.2475741422790918,0.2663426309806923,0.2475741422790918,0.2663426309806923,0.31506147940763773,0.23782997389593616,0.31506147940763773,0.23782997389593616,0.3072294633076952,0.2533809803710983,0.3072294633076952,0.2533809803710983,0.25477592720932735,0.25267052745312174,0.25477592720932735,0.25267052745312174,0.2943249190909273,0.28476125139767455,0.2943249190909273,0.28476125139767455,0.20114670367759804,0.27866580016451514,0.20114670367759804,0.27866580016451514,0.3011849897024818,0.2413588482254809,0.3011849897024818,0.2413588482254809,0.2674946391255627,0.30249530003228525,0.2674946391255627,0.30249530003228525,0.2406787370115763,0.2535081381766104,0.2406787370115763,0.25350813817660983,0.23655525111457157,0.23403769895203408,0.23655525111457157,0.23403769895203408,0.19453469710963275,0.29487572103413956,0.19453469710963275,0.29487572103413956,0.22835131900030042,0.2846955355840891,0.22835131900030042,0.2846955355840891,0.2545430287012858,0.25661975368737905,0.2545430287012858,0.25661975368737905,0.2851196103944067,0.23881619527384085,0.2851196103944067,0.23881619527384138
1.7642753923423236,1.7665254958064718,1.7642753923423236,1.7665254958064718,1.7036974796962203,1.7333977716587419,1.7036974796962203,1.7333977716587419,1.7664550742881422,1.7918789749209674,1.7664550742881422,1.7918789749209674,1.7285266962819732,1.7027311285816675,1.7285266962819732,1.7027311285816675,1.7642753923423236,1.7665254958064718,1.7642753923423236,1.7665254958064718,1.7036974796962203,1.7333977716587419,1.7036974796962203,1.7333977716587419,1.7414066529885497,1.748064397106338,1.7414066529885497,1.748064397106338,1.73249161201157,1.7200281225840892,1.73249161201157,1.7200281225840892,1.6423531099653566,1.6995794651044087,1.6423531099653566,1.6995794651044087,1.7480583100470262,1.7591561628725447,1.7480583100470262,1.7591561628725447,1.7501104933623661,1.8133157428691624,1.7501104933623661,1.8133157428691624,1.8179813023901725,1.7573878213120995,1.8179813023901725,1.7573878213120995,1.7254619051098075,1.846559114578887,1.7254619051098075,1.846559114578887,1.828835752799803,1.8555655955832202,1.828835752799803,1.8555655955832202,1.7985409482642578,1.6880515469619455,1.7985409482642578,1.6880515469619455,1.7266560260193025,1.8530113950438385,1.7266560260193025,1.8530113950438385,1.7729938340037756,1.7772004236225467,1.7729938340037756,1.7772004236225467,1.785190647737697,1.8746441324243066,1.785190647737697,1.8746441324243066
0.7237738512647619,0.6470608333628027,0.7237738512647619,0.6470608333628027,0.7368868193012962,0.5526687034809856,0.7368868193012962,0.5526687034809856,0.595180105615994,0.5961207911296036,0.595180105615994,0.5961207911296036,0.6784779767965204,0.6126270682067335,0.6784779767965204,0.6126270682067335,0.7237738512647619,0.6470608333628027,0.7237738512647619,0.6470608333628027,0.7368868193012962,0.5526687034809856,0.7368868193012962,0.5526687034809856,0.6106531586772449,0.5649162098713919,0.6106531586772449,0.5649162098713919,0.6703876792676097,0.6616818320900643,0.6703876792676097,0.6616818320900643,0.6082634743762576,0.6087200478752538,0.6082634743762576,0.6087200478752538,0.6704188686216538,0.5501888646286796,0.6704188686216538,0.5501888646286796,0.6812809371999945,0.595863605643366,0.6812809371999945,0.595863605643366,0.6910181066610839,0.591842012808426,0.6910181066610839,0.591842012808426,0.574154870034862,0.6056284218302418,0.574154870034862,0.6056284218302418,0.5830402022504276,0.8690426687691265,0.5830402022504276,0.8690426687691265,0.5532178722188311,0.6495422855431852,0.5532178722188311,0.6495422855431852,0.661306125501616,0.5075335065181673,0.661306125501616,0.5075335065181673,0.5517905474012368,0.5892398246888865,0.5517905474012368,0.5892398246888865,0.45738956087717747,0.7231217898525256,0.45738956087717747,0.7231217898525256
0.32235329019124426,0.3773499990676299,0.32235329019124426,0.3773499990676299,0.3008739056650212,0.32360141790091396,0.3008739056650212,0.32360141790091396,0.33668846242745637,0.3787748709562647,0.33668846242745637,0.3787748709562647,0.3057919742974826,0.34762124401513544,0.3057919742974826,0.34762124401513544,0.32235329019124426,0.3773499990676299,0.32235329019124426,0.3773499990676299,0.3008739056650212,0.32360141790091396,0.3008739056650212,0.32360141790091396,0.30166623597090436,0.33690798624843116,0.30166623597090436,0.33690798624843116,0.33006868999270067,0.3443944931677987,0.33006868999270067,0.3443944931677987,0.26143372726674474,0.29863523598014474,0.26143372726674474,0.29863523598014474,0.2695294396794522,0.3065424305730919,0.2695294396796664,0.3065424305730919,0.3348819812979619,0.2802867548201979,0.3348819812979619,0.2802867548201979,0.3256747072856996,0.3338861630157471,0.3256747072856996,0.3338861630157471,0.2811363113453281,0.3276466954824189,0.2811363113453281,0.3276466954824189,0.33462883016094186,0.32251468681793416,0.33462883016094186,0.32251468681793416,0.24553719144704572,0.2867533836759809,0.24553719144704572,0.2867533836759809,0.2797942378530947,0.24409443143436518,0.2797942378530947,0.24409443143436518,0.2785945973737875,0.3027202465279988,0.2785945973737875,0.30272024652799867,0.32510017192173246,0.3048563294668339,0.32510017192173246,0.30485632946683344
0.651940795957158,0.5873773223864946,0.651940795957158,0.5873773223864946,0.6966453122951848,0.6722250664967542,0.6966453122951848,0.6722250664967542,0.6912535640565798,0.6078248362165518,0.6912535640565798,0.6078248362165518,0.7151194977096218,0.6434030873917674,0.7151194977096218,0.6434030873917674,0.651940795957158,0.5873773223864946,0.651940795957158,0.5873773223864946,0.6966453122951848,0.6722250664967542,0.6966453122951848,0.6722250664967542,0.635440685892483,0.4961360102728505,0.635440685892483,0.4961360102728505,0.6487906644792659,0.5506046392409387,0.6487906644792659,0.5506046392409387,0.7039613985167785,0.6271933047591906,0.7039613985167785,0.6271933047591906,0.7373774178011184,0.6193146140642758,0.7373774178011184,0.6193146140642758,0.6440161528554936,0.4997916078233874,0.6440161528554936,0.4997916078233874,0.7315960344300646,0.5884306491577068,0.7315960344300646,0.5884306491577068,0.6438411533597225,0.6129340968860143,0.6438411533597225,0.6129340968860143,0.7374900551239122,0.6905872850632867,0.7374900551239122,0.6905872850632867,0.5776150450581413,0.6556497268922657,0.5776150450581413,0.6556497268922657,0.5963880706286735,0.6427930516164128,0.5963880706286735,0.6427930516164128,0.6400750044746121,0.6747381974957474,0.6400750044746121,0.6747381974957474,0.632804411432255,0.5772917630628186,0.632804411432255,0.5772917630628186
0.23078216329848522,0.26891894966892904,0.23078216329848522,0.26891894966892904,0.17981649143345566,0.27190314843933117,0.17981649143345566,0.27190314843933117,0.23530688598191826,0.27017205099230995,0.23530688598191826,0.27017205099230995,0.17475466207422669,0.2860230195049406,0.17475466207422669,0.2860230195049406,0.23078216329848522,0.26891894966892904,0.23078216329848522,0.26891894966892904,0.17981649143345566,0.27190314843933117,0.17981649143345566,0.27190314843933117,0.20585371733461047,0.22573146048997653,0.20585371733461047,0.22573146048997653,0.1756155527765238,0.23195641484742022,0.1756155527765238,0.23195641484742022,0.20513644370775438,0.23326707526609794,0.20513644370775438,0.23326707526609794,0.18836886873717912,0.20311204743018463,0.18836886873717912,0.20311204743018463,0.19355132448240933,0.2233519299706097,0.19355132448240933,0.2233519299706097,0.17349133851903806,0.22960690751024915,0.17349133851903806,0.22960690751024915,0.202203415675884,0.2114849547997104,0.202203415675884,0.2114849547997104,0.17089678032816427,0.26203034268611247,0.17089678032816427,0.26203034268611247,0.20348643739785158,0.21076208527769263,0.20348643739785158,0.21076208527769263,0.18121645837346695,0.26017725627979116,0.18121645837346695,0.26017725627979116,0.22576884766715036,0.2036597018024384,0.22576884766715036,0.2036597018024384,0.17612113929550452,0.23490888793583803,0.17612113929550452,0.23490888793583803
0.6173359571683551,0.5361456745369952,0.6173359571683551,0.5361456745369952,0.5740291613223769,0.5328603972268545,0.5740291613223769,0.5328603972268545,0.5917183802353757,0.5252664585860295,0.5917183802353757,0.5252664585860295,0.5653044147217631,0.5677123962446672,0.5653044147217631,0.5677123962446672,0.6173359571683551,0.5361456745369952,0.6173359571683551,0.5361456745369952,0.5740291613223769,0.5328603972268545,0.5740291613223769,0.5328603972268545,0.5718306429669359,0.5379715374824096,0.5718306429669359,0.5379715374824096,0.524239133739654,0.6748257929113783,0.524239133739654,0.6748257929113783,0.5985264169819232,0.6051620395484586,0.5985264169819232,0.6051620395484586,0.5819117952661896,0.5810405726042811,0.5819117952661896,0.5810405726042811,0.567511882934832,0.525989457695193,0.567511882934832,0.525989457695193,0.5709235390061294,0.5878891159184931,0.5709235390061294,0.5878891159184931,0.6128214659008139,0.5869232445861482,0.6128214659008139,0.5869232445861482,0.7336227221839776,0.4942288435246436,0.7336227221839776,0.4942288435246436,0.5681326399316645,0.5119093846719793,0.5681326399316645,0.5119093846719793,0.6313139390366779,0.615600622596207,0.6313139390366779,0.615600622596207,0.5298519530146216,0.5911396868772464,0.5298519530146216,0.5911396868772464,0.6236086530960127,0.5449866426447315,0.6236086530960127,0.5449866426447315
0.6013491045678819,0.5519527738606534,0.6013491045678819,0.5519527738606534,0.5802692573344657,0.5532380474511238,0.5802692573344657,0.5532380474511238,0.5914805863456193,0.5489336673773896,0.5914805863456193,0.5489336673773896,0.5921378645653642,0.5477327360460642,0.5921378645653642,0.5477327360460642,0.6013491045678819,0.5519527738606534,0.6013491045678819,0.5519527738606534,0.5802692573344657,0.5532380474511238,0.5802692573344657,0.5532380474511238,0.5855009727398628,0.5329383647206898,0.5855009727398628,0.5329383647206898,0.5661684691999828,0.5199476545215884,0.5661684691999828,0.5199476545215884,0.580414757500395,0.51001467565957,0.580414757500395,0.51001467565957,0.578236219663998,0.5479376627864625,0.578236219663998,0.5479376627864625,0.5601167598046205,0.5388085410087093,0.5601167598046205,0.5388085410087093,0.568599511873664,0.5366699086915824,0.568599511873664,0.5366699086915824,0.5140827137325122,0.5539205332533008,0.5140827137325122,0.5539205332533008,0.5956986351331429,0.49377923750549274,0.5956986351331429,0.49377923750549274,0.5368798714560444,0.5187544788614239,0.5368798714560444,0.5187544788614239,0.6093148134164207,0.5002675524571019,0.6093148134164207,0.5002675524571019,0.5343537042087397,0.5301979135620595,0.5343537042087397,0.5301979135620595,0.5350776758374695,0.5014256703737776,0.5350776758374695,0.5014256703737776
1.4428734233161373,1.301810292684577,1.4428734233161373,1.301810292684577,1.303083237455233,1.2959470012486274,1.303083237455233,1.2959470012486274,1.505765244513771,1.2850441321728776,1.505765244513771,1.2850441321728776,1.3156891703670328,1.3102157761209061,1.3156891703670328,1.3102157761209061,1.4428734233161373,1.301810292684577,1.4428734233161373,1.301810292684577,1.303083237455233,1.2959470012486274,1.303083237455233,1.2959470012486274,1.2751849340272388,1.2715844304028456,1.2751849340272388,1.2715844304028456,1.2052602729956055,1.1208365097609123,1.2052602729956055,1.1208365097609123,1.2883154197262923,1.2690647425246988,1.2883154197262923,1.2690647425246988,1.1530718624568708,1.2744271277729098,1.1530718624568708,1.2744271277729098,1.2106343008353182,1.2426552864979636,1.210634300835316,1.2426552864979636,1.3114235061928043,1.1063025831660545,1.3114235061928043,1.1063025831660545,1.3146580517198225,1.1705823885112632,1.3146580517198225,1.1705823885112632,1.003781727765496,1.1004135137829247,1.003781727765496,1.1004135137829247,1.2907396806298435,1.3104393236579475,1.2907396806298435,1.3104393236579475,1.34138905350591,1.283305098799338,1.34138905350591,1.283305098799338,1.412128326955234,1.1235858639768437,1.412128326955234,1.1235858639768437,1.2211632925040588,1.2224784794466979,1.2211632925040588,1.2224784794466979
0.9945267418534721,0.9396588658888703,0.9945267418534721,0.9396588658888703,0.9825464951391332,1.0369935251350975,0.9825464951391332,1.0369935251350975,0.9687807070669654,0.9630574684779838,0.9687807070669654,0.9630574684779838,0.9679846451016944,1.0892488158757954,0.9679846451016944,1.0892488158757954,0.9945267418534721,0.9396588658888703,0.9945267418534721,0.9396588658888703,0.9825464951391332,1.0369935251350975,0.9825464951391332,1.0369935251350975,1.0615396352682673,0.9451932176995862,1.0615396352682673,0.9451932176995862,1.2654291046098434,0.9631515561286839,1.2654291046098434,0.9631515561286839,1.0094089017834516,1.019583091546398,1.0094089017834516,1.019583091546398,1.1041909625655955,0.9266673092499583,1.1041909625655955,0.9266673092499583,1.0861369930920037,0.9371622341428308,1.0861369930920037,0.9371622341428308,1.1110433543857225,0.9207431144477114,1.1110433543857225,0.9207431144477114,1.0362298178590148,1.2979128153541064,1.0362298178590148,1.2979128153541064,0.9659041934016751,0.861524145319803,0.9659041934016751,0.861524145319803,1.013447590769803,1.1935393355514257,1.013447590769803,1.1935393355514257,1.2448588992412295,1.1348395294249611,1.2448588992412295,1.1348395294249611,1.1833635774567162,1.2295387695423488,1.1833635774567162,1.2295387695423492,1.1205778600960474,1.2569569560047478,1.1205778600960474,1.2569569560047478
0.4692940082643541,0.47099428077899047,0.4692940082643541,0.47099428077899047,0.6758211193073346,0.6230428651725409,0.6758211193073346,0.6230428651725409,0.5218414411509873,0.4573702591490992,0.5218414411509873,0.4573702591490992,0.6286589991152197,0.7389331089244539,0.6286589991152197,0.7389331089244539,0.4692940082643541,0.47099428077899047,0.4692940082643541,0.47099428077899047,0.6758211193073346,0.6230428651725409,0.6758211193073346,0.6230428651725409,0.4982072569263599,0.5380785144892536,0.4982072569263599,0.5380785144892536,0.5667468415138498,0.47146563779996153,0.5667468415138498,0.47146563779996153,0.5347234951672083,0.5038020766726546,0.5347234951672083,0.5038020766726546,0.6449967552090112,0.4562131545490286,0.6449967552090112,0.4562131545490286,0.5050721845070419,0.5324858526491367,0.5050721845070419,0.5324858526491367,0.5824732496842304,0.46770109933671794,0.5824732496842304,0.46770109933671794,0.45076804816936716,0.5291731478292427,0.45076804816936716,0.5291731478292427,0.7038646715400935,0.5884401962240866,0.7038646715400935,0.5884401962240866,0.5577456158709565,0.5354892799021376,0.5577456158709565,0.5354892799021376,0.6241177107413027,0.5968416183486185,0.6241177107413027,0.5968416183486185,0.4957045188608078,0.5032465538941403,0.4957045188608078,0.5032465538941403,0.4994452071476351,0.45307703951411127,0.4994452071476351,0.45307703951411127
1.0101007856333029,0.8373498719636215,1.0101007856333029,0.8373498719636215,0.7337153701973554,0.7753922126112799,0.7337153701973554,0.7753922126112799,0.9421053297996951,0.8407898485614455,0.9421053297996951,0.8407898485614455,0.7659619794158423,0.7551411983934412,0.7659619794158423,0.7551411983934412,1.0101007856333029,0.8373498719636215,1.0101007856333029,0.8373498719636215,0.7337153701973554,0.7753922126112799,0.7337153701973554,0.7753922126112799,0.9611714574458214,0.9650263184998157,0.9611714574458214,0.9650263184998157,0.9333333963993452,1.0045962002053341,0.9333333963993452,1.0045962002053341,0.8390426622026805,0.9212843714289882,0.8390426622026805,0.9212843714289882,0.8787222958354648,0.9019979337947899,0.8787222958354648,0.9019979337947899,0.8987024246042176,0.9772730681205354,0.8987024246042176,0.9772730681205354,0.8442895927020003,0.9555207939161933,0.8442895927020003,0.9555207939161933,1.0566349221488935,0.9706221785919928,1.0566349221488935,0.9706221785919928,1.238010045528863,0.8523740168441927,1.238010045528863,0.8523740168441927,0.893339124658996,1.033009332929489,0.893339124658996,1.033009332929489,0.9415407702201404,1.2531728269590596,0.9415407702201404,1.2531728269590596,1.0112013984078578,1.0149846457399656,1.0112013984078578,1.0149846457399656,1.227343874184933,0.9606789092594763,1.227343874184933,0.9606789092594763
2.0664903659767657,2.289176514747773,2.0664903659767657,2.289176514747773,2.0840614320146162,2.080758209794992,2.0840614320146162,2.080758209794992,2.264170293048952,2.255790168837328,2.264170293048952,2.255790168837328,2.0583086634147825,2.119013690795353,2.0583086634147825,2.119013690795353,2.0664903659767657,2.289176514747773,2.0664903659767657,2.289176514747773,2.0840614320146162,2.080758209794992,2.0840614320146162,2.080758209794992,2.0533953443932687,2.0225467158630797,2.0533953443932687,2.0225467158630797,1.9529713408072773,2.2088762251954575,1.9529713408072773,2.2088762251954575,2.117856582255811,2.2656709939249637,2.117856582255811,2.2656709939249637,1.87641367505094,2.0914685412830907,1.87641367505094,2.0914685412830907,2.0405111977319206,2.170119826101875,2.0405111977319206,2.170119826101875,2.027932423855986,1.9076491564577858,2.027932423855986,1.9076491564577858,1.7768058812312721,2.0807977753656486,1.7768058812312721,2.0807977753656486,1.942376336604661,1.9806150647021519,1.942376336604661,1.9806150647021519,1.9615593535576294,2.0932910435021,1.9615593535576294,2.0932910435021,1.8561467115614187,2.1826327542430453,1.8561467115614187,2.1826327542430453,1.7662119577921693,2.0071586304870217,1.7662119577921693,2.0071586304870217,2.2422132556353875,1.7248223017752382,2.2422132556353875,1.7248223017752382
1.3069749660910783,1.2464825390723542,1.3069749660910783,1.2464825390723542,1.396987470150853,1.271164780657553,1.396987470150853,1.271164780657553,1.27484384077019,1.319719293678831,1.27484384077019,1.319719293678831,1.264278113767282,1.3405958815861625,1.264278113767282,1.3405958815861625,1.3069749660910783,1.2464825390723542,1.3069749660910783,1.2464825390723542,1.396987470150853,1.271164780657553,1.396987470150853,1.271164780657553,1.456876501081888,1.193183084095381,1.456876501081888,1.193183084095381,1.790187877454387,0.9536578377359731,1.790187877454387,0.9536578377359731,1.4052454957575484,1.3209429770015124,1.4052454957575484,1.3209429770015124,1.1992749605779132,1.2637561740978684,1.1992749605779132,1.2637561740978684,1.393522129169089,1.216248584392738,1.393522129169089,1.216248584392738,1.172574845202184,1.1992692054234024,1.172574845202184,1.1992692054234024,1.1615986019241684,0.9567518143324238,1.1615986019241684,0.9567518143324238,1.1411510174747546,0.9419284920101708,1.1411510174747546,0.9419284920101708,1.2432211409844858,1.1256459652969735,1.2432211409844858,1.1256459652969735,1.4642202971682927,1.7064219809890695,1.4642202971682927,1.7064219809890695,1.0114493268773181,1.0307688984931143,1.0114493268773181,1.0307688984931143,1.0980419921385667,0.9974930869417351,1.0980419921385667,0.9974930869417351
0.5474963873012121,0.5990407091379926,0.5474963873012121,0.5990407091379926,0.6483798735756934,0.6696418027653075,0.6483798735756934,0.6696418027653075,0.5420976929428691,0.6163525712315601,0.5420976929428691,0.6163525712315601,0.6353356484961085,0.6823880673673113,0.6353356484961085,0.6823880673673113,0.5474963873012121,0.5990407091379926,0.5474963873012121,0.5990407091379926,0.6483798735756934,0.6696418027653075,0.6483798735756934,0.6696418027653075,0.49357579181106376,0.6352827319209329,0.49357579181106376,0.6352827319209329,0.5683946448173512,0.699276646057538,0.5683946448173512,0.699276646057538,0.49315093673998595,0.5922919784279645,0.49315093673998595,0.5922919784279645,0.6685634320460875,0.6533337971298087,0.6685634320460875,0.6533337971298087,0.5158813002515457,0.6298518053333743,0.5158813002515457,0.6298518053333743,0.6677439975587226,0.6163885864569061,0.6677439975587226,0.6163885864569061,0.5087598620775722,0.6362589241565999,0.5087598620775722,0.6362589241565997,0.6929956414946793,0.5163070302968997,0.6929956414947783,0.5163070302968997,0.5242733770643608,0.6383271209527744,0.5242733770643608,0.6383271209527744,0.7444804263995496,0.9556399793417094,0.7444804263995496,0.9556399793417094,0.6036560860330036,0.7268705714633238,0.6036560860330228,0.7268705714633238,0.7054446479964435,0.6772775511802693,0.7054446479964435,0.6772775511802693
0.3699884308522327,0.4280169062483541,0.3699884308522327,0.4280169062483541,0.33908998697704923,0.39017173531328603,0.33908998697704923,0.39017173531328603,0.3955644751706355,0.40402381897188033,0.3955644751706355,0.40402381897188033,0.35140698462044634,0.35998906486491183,0.35140698462044634,0.35998906486491183,0.3699884308522327,0.4280169062483541,0.3699884308522327,0.4280169062483541,0.33908998697704923,0.39017173531328603,0.33908998697704923,0.39017173531328603,0.2867568304482188,0.331638918580368,0.2867568304482188,0.331638918580368,0.3197484097847279,0.30034273026285463,0.31974840978361857,0.30034273026285463,0.3283339274518083,0.3980584588507386,0.3283339274518089,0.3980584588507386,0.26964137086463474,0.3881173011740198,0.26964137086463474,0.3881173011740198,0.32946739303482303,0.34560650915279645,0.32946739303482303,0.34560650915279645,0.3103195725719086,0.23715553827947045,0.3103195725719086,0.23715553827947045,0.3419883318695178,0.32839108911904863,0.3419883318695178,0.32839108911904874,0.26705595528684084,0.49636614203638735,0.26705595528684084,0.49636614203638735,0.2794212843527723,0.468941779347622,0.2794212843527723,0.4689417793476221,0.2478183940337352,0.35638456841667304,0.2478183940337352,0.35638456841667304,0.38187149059398884,0.30453607500910523,0.38187149059398884,0.30453607500910523,0.2700686567152198,0.28203164034237477,0.2700686567145671,0.28203164034237477
0.34629400287889667,0.3291335541167354,0.34629400287889667,0.3291335541167354,0.45748715874076407,0.23574453575517484,0.45748715874076407,0.23574453575517484,0.34702631364466263,0.2900690216604117,0.34702631364466263,0.2900690216604117,0.5113064549742007,0.29707722956918703,0.5113064549742007,0.29707722956918703,0.34629400287889667,0.3291335541167354,0.34629400287889667,0.3291335541167354,0.45748715874076407,0.23574453575517484,0.45748715874076407,0.23574453575517484,0.33832957018781007,0.34543702394683373,0.33832957018781007,0.34543702394683373,0.2604936026387156,0.40783568551244515,0.2604936026387156,0.40783568551244515,0.42978039032304743,0.36540479655953545,0.42978039032304743,0.36540479655953545,0.32445418448496144,0.31407955561584994,0.32445418448496144,0.31407955561584994,0.36864186133161886,0.29068260344902513,0.36864186133161886,0.29068260344902513,0.32370649874557544,0.25644156947382496,0.32370649874557544,0.25644156947382496,0.338481114051629,0.3483819514455911,0.338481114051629,0.3483819514455911,0.37728381517233267,0.41648935021781075,0.37728381517233267,0.41648935021781075,0.422876873363788,0.36427692741757645,0.422876873363788,0.36427692741757645,0.3385843025764332,0.4901529792789135,0.3385843025764332,0.4901529792789135,0.4394275948308626,0.38599465631970814,0.4394275948308626,0.38599465631970814,0.2614152481025672,0.2498035257100814,0.2614152481025672,0.2498035257100814
2.1038057494696982,2.203441698812041,2.1038057494696982,2.203441698812041,1.8466056863198952,2.70467919725414,1.8466056863198952,2.70467919725414,2.1062514360504965,1.9717630054677022,2.1062514360504965,1.9717630054677022,1.8207402445098402,2.5613086705105825,1.8207402445098402,2.5613086705105825,2.1038057494696982,2.203441698812041,2.1038057494696982,2.203441698812041,1.8466056863198952,2.70467919725414,1.8466056863198952,2.70467919725414,2.390331881033879,2.640926821872369,2.390331881033879,2.640926821872369,2.585334032455636,2.6882129735673854,2.585334032455636,2.6882129735673868,2.937193470761797,2.732735378461897,2.937193470761797,2.7327353784618964,2.142445920983091,3.0206041823455623,2.142445920983091,3.0206041823455623,2.6700660826601226,3.272632442354487,2.6700660826601226,3.272632442354487,1.5445694544341995,2.190512103752311,1.5445694544341995,2.190512103752311,2.9398042845639307,1.8945760034324537,2.9398042845639307,1.8945760034324537,2.0619795830419965,1.7349673190035324,2.0619795830419965,1.7349673190035324,2.404032675204972,2.4477934274915154,2.404032675204972,2.4477934274915154,3.526177549865643,3.432876780036108,3.526177549865643,3.432876780036108,3.3747706069752184,1.36229342893214,3.3747706069752184,1.36229342893214,2.628365441468151,2.0264631909199036,2.628365441468151,2.0264631909199036
0.8687161303861706,1.0607090417142566,0.8687161303861706,1.0607090417142566,0.9104465410449419,0.6712469411103642,0.9104465410449419,0.6712469411103642,1.0297426746904155,1.082452709709514,1.0297426746904155,1.082452709709514,0.8545200165118383,0.6435896259258707,0.8545200165118383,0.6435896259258707,0.8687161303861706,1.0607090417142566,0.8687161303861706,1.0607090417142566,0.9104465410449419,0.6712469411103642,0.9104465410449419,0.6712469411103642,0.8216244028698535,0.6798885238443588,0.8216244028698535,0.6798885238443588,0.8798889941983322,0.949932760628957,0.8798889941983322,0.949932760628957,0.7697474490752075,0.6928265204969594,0.7697474490752075,0.6928265204969594,0.7136365274432419,0.6626522273727387,0.7136365274432419,0.6626522273727387,0.6653646704179643,0.660429812134223,0.6653646704179643,0.660429812134223,0.7150888156366311,0.7319653807232599,0.7150888156366311,0.7319653807232599,0.7653898663273814,0.7034585862629331,0.7653898663273814,0.7034585862629331,1.1844485067680042,0.690292374105874,1.1844485067680042,0.690292374105874,0.8014990035410259,0.6683193141328527,0.8014990035410259,0.6683193141328527,0.76057271329438,1.0430540491774205,0.76057271329438,1.0430540491774205,0.6090869642630692,0.8225140217156482,0.6090869642630692,0.8225140217156482,0.8023491465378987,0.951782290914081,0.8023491465378987,0.951782290914081
2.836673923365851,2.769566326307992,2.836673923365851,2.769566326307992,2.8786771840824263,2.564867039837996,2.8786771840824263,2.564867039837996,2.854853250739288,2.7021190752655997,2.854853250739288,2.7021190752655997,3.0134702856990727,2.7500923097806322,3.0134702856990727,2.7500923097806322,2.836673923365851,2.769566326307992,2.836673923365851,2.769566326307992,2.8786771840824263,2.564867039837996,2.8786771840824263,2.564867039837996,2.8065897527219357,2.75097840333615,2.8065897527219357,2.75097840333615,3.9488015467771445,3.3029016482161215,3.9488015467771445,3.3029016482161215,2.9234429269392574,3.0735699212977776,2.9234429269392574,3.0735699212977776,3.0929555766986683,2.9699325914057195,3.0929555766986683,2.9699325914057195,3.007568265241978,2.703125428617071,3.007568265241978,2.703125428617071,2.7117559185961757,2.9120979086362655,2.7117559185961757,2.9120979086362655,3.1007495667265443,2.8648865066298352,3.1007495667265443,2.8648865066298352,2.5105770013896596,2.8963948693898676,2.5105770013896596,2.8963948693898676,2.957280097622801,3.0434030621631702,2.957280097622801,3.0434030621631702,2.9193059407695956,3.055583214964547,2.9193059407695956,3.055583214964547,2.9329446512040107,2.8940467427924648,2.9329446512040107,2.8940467427924648,2.741006146521494,2.9276423003755103,2.741006146521494,2.9276423003755103
3.437708046227391,3.4651079447691173,3.437708046227391,3.4651079447691173,3.160711803978573,3.1346303909199773,3.160711803978573,3.1346303909199773,3.3928722132575846,3.4156442220117484,3.3928722132575846,3.4156442220117484,3.358161902181865,3.427034834705668,3.358161902181865,3.427034834705668,3.437708046227391,3.4651079447691173,3.437708046227391,3.4651079447691173,3.160711803978573,3.1346303909199773,3.160711803978573,3.1346303909199773,3.160126241389084,3.143778936921439,3.160126241389084,3.143778936921439,2.996521978680582,2.5785764616243125,2.996521978680582,2.5785764616243125,3.1609138234278062,3.3981141777933175,3.1609138234278062,3.3981141777933175,3.540067712120012,3.5081333806227435,3.540067712120012,3.5081333806227435,3.165269063476816,3.0945750309770657,3.165269063476816,3.0945750309770657,3.2540177249020044,2.7033666825030287,3.2540177249020044,2.7033666825030287,3.1826357670052117,3.3373706648532173,3.1826357670052117,3.3373706648532173,3.057839607639725,3.345421751843295,3.057839607639725,3.345421751843295,3.24224864130871,3.1676059734052298,3.24224864130871,3.1676059734052298,2.9492545275355884,3.229623757515358,2.9492545275355884,3.229623757515358,3.1024392544484884,3.3963525809715254,3.1024392544484884,3.3963525809715254,3.03639103013151,3.069243867869898,3.03639103013151,3.069243867869898
1.6063080647286705,1.4479433917262712,1.6063080647286705,1.4479433917262712,1.5798851306893475,1.4015022806690185,1.5798851306893475,1.4015022806690185,1.5734649821161784,1.4154398318279489,1.5734649821161784,1.4154398318279489,1.599288120139213,1.4678255753378158,1.599288120139213,1.4678255753378158,1.6063080647286705,1.4479433917262712,1.6063080647286705,1.4479433917262712,1.5798851306893475,1.4015022806690185,1.5798851306893475,1.4015022806690185,1.734130585578621,1.7838339015745717,1.734130585578621,1.7838339015745717,1.823128554307735,2.288316172276231,1.823128554307735,2.288316172276231,1.6262528376006877,1.7409834628208847,1.6262528376006877,1.7409834628208847,1.6464166918300245,2.0859546622217255,1.6464166918300245,2.0859546622217255,1.6207220497135446,1.791137298720132,1.6207220497135446,1.791137298720132,1.9924178575349025,2.1031665157534314,1.9924178575349025,2.1031665157534314,1.9998533939121053,2.144083186707928,1.9998533939121053,2.144083186707928,2.1402813551391997,2.330303832980791,2.1402813551391997,2.330303832980791,1.7651740983268818,1.7757678577022327,1.7651740983268818,1.7757678577022327,1.5947167845387482,2.2500615203327663,1.5947167845387482,2.2500615203327663,2.098737076597842,1.974116487033058,2.098737076597842,1.974116487033058,2.3493314554958413,2.305040143912448,2.3493314554958413,2.305040143912448
0.6732894260312601,0.5870830934472167,0.6732894260312601,0.5870830934472167,0.4774690341931505,0.5040372545230952,0.4774690341931505,0.5040372545230952,0.6851853335852408,0.5502404452571764,0.6851853335852408,0.5502404452571764,0.4275083281285172,0.4914133577475605,0.4275083281285172,0.4914133577475605,0.6732894260312601,0.5870830934472167,0.6732894260312601,0.5870830934472167,0.4774690341931505,0.5040372545230952,0.4774690341931505,0.5040372545230952,0.48102330637215046,0.45057565405321365,0.48102330637215046,0.45057565405321365,0.2755370598994933,0.33109619273624696,0.2755370598994933,0.33109619273624696,0.6583930532985116,0.4295237394287868,0.6583930532985116,0.4295237394287868,0.5696149405018249,0.456142760631162,0.5696149405018249,0.456142760631162,0.5771872037487848,0.4858954120488032,0.5771872037487848,0.4858954120488032,0.38716809913455386,0.44734857995496696,0.38716809913455386,0.44734857995496696,0.2852569959154908,0.3879567295000426,0.2852569959154908,0.3879567295000426,0.3995856733595948,0.3129182432900712,0.3995856733595948,0.3129182432900712,0.5216832143178185,0.49882998493375896,0.5216832143178185,0.49882998493375896,0.3916216294041536,0.34472045453283756,0.3916216294041536,0.34472045453283756,0.4975476730836422,0.56231255122031,0.4975476730836422,0.56231255122031,0.31168055960752467,0.3990769646373444,0.31168055960752467,0.3990769646373444
0.9973711301274799,0.855154813656072,0.9973711301274799,0.855154813656072,0.626895876154962,0.8240253522539465,0.626895876154962,0.8240253522539465,1.1008705823806724,0.8792422233744184,1.1008705823806724,0.8792422233744184,0.8475850169417976,0.540557251998057,0.8475850169417976,0.540557251998057,0.9973711301274799,0.855154813656072,0.9973711301274799,0.855154813656072,0.626895876154962,0.8240253522539465,0.626895876154962,0.8240253522539465,0.8119941552293628,0.68525579292262,0.8119941552293628,0.68525579292262,0.4951982210739813,0.4471749769706118,0.4951982210739823,0.4471749769706118,1.0975035965176572,1.013084378355722,1.0975035965176572,1.013084378355722,0.6716400992316458,0.7677181986142595,0.6716400992316458,0.7677181986142595,0.7263586718148491,0.7092574208401192,0.7263586718148491,0.7092574208401192,0.5859233254264838,0.6697888857469338,0.5859233254264838,0.6697888857469338,0.8944348293415176,0.43756348259690164,0.8944348293415176,0.43756348259690164,0.46426216173793566,0.17713967583509546,0.46426216173793566,0.17713967583509546,1.0414292558301634,1.201712546357805,1.0414292558301634,1.201712546357805,0.6138499802319027,0.8344556932290029,0.6138499802319027,0.8344556932290029,0.9526063591368711,0.9725964053617862,0.9526063591368711,0.9725964053617862,0.9001719950663803,0.4455464311086398,0.9001719950663803,0.4455464311086398
1.6260593916168111,1.7874840176588032,1.6260593916168111,1.7874840176588032,1.6494313141332713,1.813874939615304,1.6494313141332713,1.813874939615304,1.7066131678573984,1.7596634723401723,1.7066131678573984,1.7596634723401723,1.7199854173257336,1.8230223644925674,1.7199854173257336,1.8230223644925674,1.6260593916168111,1.7874840176588032,1.6260593916168111,1.7874840176588032,1.6494313141332713,1.813874939615304,1.6494313141332713,1.813874939615304,1.573713819973127,1.5996380138761401,1.573713819973127,1.5996380138761401,1.6409153809377306,1.587413031487866,1.6409153809377306,1.587413031487866,1.53587390021909,1.6981249201056827,1.53587390021909,1.6981249201056827,1.3981143768757038,1.697881891331457,1.3981143768757038,1.697881891331457,1.4149072572327908,1.6058578828362504,1.4149072572327908,1.6058578828362504,1.4468851158293914,1.8621010639122515,1.4468851158293914,1.8621010639122515,1.4951619353370917,1.5790002405035708,1.4951619353370917,1.5790002405035708,1.7849360523668423,1.761509829473023,1.7849360523668423,1.761509829473023,1.499003144796132,1.6116569655618618,1.499003144796132,1.6116569655618618,1.3760966305522666,1.3630555232034147,1.3760966305522666,1.3630555232034147,1.554664657460586,1.6479155197457325,1.554664657460586,1.6479155197457325,1.5086653937594134,1.7231151046547155,1.5086653937594134,1.7231151046547155
2.6498139026880385,2.4949234003195886,2.6498139026880385,2.4949234003195886,2.532154317110486,2.3819931031484605,2.532154317110486,2.3819931031484605,2.6293276937431567,2.4596619559136097,2.6293276937431567,2.4596619559136097,2.2154310833231743,2.509182152852909,2.2154310833231743,2.509182152852909,2.6498139026880385,2.4949234003195886,2.6498139026880385,2.4949234003195886,2.532154317110486,2.3819931031484605,2.532154317110486,2.3819931031484605,2.5178872817205393,2.4130907706396987,2.5178872817205393,2.4130907706396987,2.3882087319434726,1.9935675315718768,2.3882087319434726,1.9935675315718768,1.9849793371642461,2.32751666704551,1.9849793371642461,2.32751666704551,2.039364603005351,2.2180808460350465,2.039364603005351,2.2180808460350465,2.3386369555373325,2.2229258239678447,2.3386369555373325,2.2229258239678447,1.995465738503082,2.5268625777122136,1.995465738503082,2.5268625777122136,2.373118177691882,2.281680566569815,2.373118177691882,2.281680566569815,1.8044156001025833,2.6875464680510253,1.8044156001025833,2.6875464680510253,2.2564064788386564,2.3434701755526355,2.2564064788386564,2.3434701755526355,1.5999687519804637,2.1812221894665678,1.5999687519804637,2.1812221894665678,2.387500435704512,2.2894184660255568,2.387500435704512,2.2894184660255568,2.090599060843785,2.3370826395504976,2.090599060843785,2.3370826395504976
1.591168564729993,1.587393576610148,1.591168564729993,1.587393576610148,1.3042647132371843,1.5247563823385961,1.3042647132371843,1.5247563823385961,1.626247604391796,1.6299239943609145,1.626247604391796,1.6299239943609145,1.4709709488759641,1.4501000630549532,1.4709709488759641,1.4501000630549532,1.591168564729993,1.587393576610148,1.591168564729993,1.587393576610148,1.3042647132371843,1.5247563823385961,1.3042647132371843,1.5247563823385961,1.186884995396324,1.1999047317487874,1.186884995396324,1.1999047317487874,0.9976021680205684,1.137167347006112,0.9976021680205684,1.137167347006112,1.2698295964717026,1.3470409968153056,1.2698295964717026,1.3470409968153056,1.04923580794875,1.199211762930605,1.04923580794875,1.199211762930605,1.1771315386351975,1.1954579346489365,1.1771315386351975,1.1954579346489365,1.158771480405933,1.1134639958131403,1.158771480405933,1.1134639958131403,1.092147569532382,1.1534414555207462,1.092147569532382,1.1534414555207462,1.2237069271321936,0.8562160017330506,1.2237069271321936,0.8562160017330506,0.9823212891836978,1.2133430967733123,0.9823212891836978,1.2133430967733123,0.9454250226901693,0.9558284386274224,0.9454250226901693,0.9558284386274224,1.1466917049026955,1.0541881062838878,1.1466917049026955,1.0541881062838878,1.1896763900999023,0.9746331756177927,1.1896763900999023,0.9746331756177927
0.7905807223001254,0.9295502315488151,0.7905807223001254,0.9295502315488151,0.7214845143670312,0.5196987099227021,0.7214845143670312,0.5196987099227021,0.8299300638764714,0.8242056487195615,0.8299300638764714,0.8242056487195615,0.7582639702027586,0.7343305370148113,0.7582639702027586,0.7343305370148113,0.7905807223001254,0.9295502315488151,0.7905807223001254,0.9295502315488151,0.7214845143670312,0.5196987099227021,0.7214845143670312,0.5196987099227021,1.103563951374765,0.7849456323561076,1.103563951374765,0.7849456323561076,0.8514009021212353,0.7187859428928542,0.8514009021212353,0.7187859428928542,0.9267422279131533,0.8117411360764152,0.9267422279131533,0.8117411360764152,0.5934906336729567,0.777006717844735,0.5934906336729567,0.777006717844735,0.8620553136895807,0.8357932420930758,0.8620553136895807,0.8357932420930758,0.6531367002293044,0.7103560655594197,0.6531367002293044,0.7103560655594197,1.0012800923865266,0.9005659185748562,1.0012800923865266,0.9005659185748562,0.996706507396101,0.874665250581259,0.996706507396101,0.874665250581259,0.8047952462917749,1.1953857270756911,0.8047952462917749,1.1953857270756911,0.868690804742613,0.9061867915060854,0.868690804742613,0.9061867915060854,0.9572320473082313,0.822877625469483,0.9572320473082313,0.822877625469483,0.802875568861957,0.9254366181813598,0.802875568861939,0.9254366181813598
0.5792254267481594,0.3824757998915117,0.5792254267481594,0.3824757998915117,0.6469528349926058,0.46337437947857296,0.6469528349926058,0.46337437947857296,0.5997977230019399,0.3751551183498601,0.5997977230019399,0.3751551183498601,0.5756531823097142,0.3651715907968886,0.5756531823097142,0.3651715907968886,0.5792254267481594,0.3824757998915117,0.5792254267481594,0.3824757998915117,0.6469528349926058,0.46337437947857296,0.6469528349926058,0.46337437947857296,0.5008934134407822,0.3464775382296647,0.5008934134407822,0.3464775382296647,0.6180051835509837,0.44434944968545126,0.6180051835509837,0.44434944968545126,0.5356486820104669,0.35780910308449787,0.5356486820104669,0.35780910308449787,0.47401495327003723,0.2705121592325772,0.47401495327003723,0.2705121592325772,0.5441870398476321,0.44109207795163974,0.5441870398476321,0.44109207795163974,0.5185581147596914,0.4458442021518715,0.5185581147596914,0.4458442021518715,0.3927890781337797,0.34924104106387543,0.3927890781337797,0.34924104106387543,0.33834632316417473,0.2471037492697672,0.33834632316417473,0.2471037492697672,0.46009852896842895,0.41290764610709163,0.46009852896842895,0.41290764610709163,0.31511439202357877,0.5523767121140923,0.31511439202357877,0.5523767121140923,0.5027871506713183,0.33408935053013133,0.5027871506713183,0.33408935053013133,0.27888341275902423,0.33171313811519804,0.27888341275902423,0.33171313811519804
5.14092727928487,4.901329611917106,5.14092727928487,4.901329611917106,4.446228409845983,5.484728720966877,4.446228409845983,5.484728720966877,5.332780211027079,4.835169767393959,5.332780211027079,4.835169767393959,4.941977579229979,4.803225514294952,4.941977579229979,4.803225514294952,5.14092727928487,4.901329611917106,5.14092727928487,4.901329611917106,4.446228409845983,5.484728720966877,4.446228409845983,5.484728720966877,4.320389140107041,5.339421385113891,4.320389140107041,5.339421385113891,3.96683245372271,5.214552975206271,3.96683245372271,5.214552975206271,4.764338571236623,5.727951570154411,4.764338571236623,5.727951570154411,3.4336683160093475,6.107843770091465,3.4336683160093475,6.107843770091465,4.391754769777548,5.5400232996455685,4.391754769777548,5.5400232996455685,6.244900025055221,6.445633200273914,6.244900025055221,6.445633200273914,4.759287105897673,5.089422306514042,4.759287105897673,5.089422306514042,4.548856565083105,4.721647084995991,4.548856565083105,4.721647084995991,4.6120809743340425,4.4544871534750365,4.6120809743340425,4.4544871534750365,5.167061486419661,3.9980010580163747,5.167061486419661,3.9980010580163747,5.415384523680691,4.77133833752831,5.415384523680691,4.77133833752831,3.7389553106792954,5.2084319363829605,3.7389553106792954,5.2084319363829605
0.8445279968221124,0.8914882559247511,0.8445279968221124,0.8914882559247511,0.7985383781450538,0.8378677056318761,0.7985383781450538,0.8378677056318761,0.7665754171673971,0.9230526324894879,0.7665754171673971,0.9230526324894879,1.052742887857401,0.9970299027748645,1.052742887857401,0.9970299027748645,0.8445279968221124,0.8914882559247511,0.8445279968221124,0.8914882559247511,0.7985383781450538,0.8378677056318761,0.7985383781450538,0.8378677056318761,0.8011160376704123,0.7218189998482661,0.8011160376704123,0.7218189998482661,0.8684787817177824,0.7919796355714542,0.8684787817177824,0.7919796355714542,0.6983070275260996,0.6594541736223372,0.6983070275260996,0.6594541736223372,0.9210546196454195,0.8628739321219825,0.9210546196454195,0.8628739321219825,0.8044799509353806,0.6968226995196457,0.8044799509353806,0.6968226995196457,1.0496101065024446,0.6355327605670374,1.0496101065024446,0.6355327605670374,0.5501054702753674,0.4051056071100943,0.5501054702753674,0.4051056071100943,1.0938418527806222,0.7498347497560277,1.0938418527806222,0.7498347497560277,0.5672940284390139,0.5308950878862311,0.5672940284390139,0.5308950878862311,0.6836462910248592,0.8425989030353618,0.6836462910248592,0.8425989030353618,0.6768466545636989,0.529624694687476,0.6768466545636989,0.529624694687476,0.6123158376692962,0.5489008795987963,0.6123158376692962,0.5489008795987963
0.7811545233150525,0.8615826948931192,0.7811545233150525,0.8615826948931192,1.040809922247889,0.9100569273403999,1.040809922247889,0.9100569273403999,0.8444149668782391,0.8520286015944959,0.8444149668782391,0.8520286015944959,1.0055549953206533,0.8724702508331748,1.0055549953206533,0.8724702508331748,0.7811545233150525,0.8615826948931192,0.7811545233150525,0.8615826948931192,1.040809922247889,0.9100569273403999,1.040809922247889,0.9100569273403999,0.937376905519414,1.0794427655990644,0.937376905519414,1.0794427655990644,1.0703350930010962,1.3089411235906399,1.0703350930010962,1.3089411235906399,0.9723223277502471,0.8858542747663254,0.9723223277502471,0.8858542747663254,1.1224269951393473,1.0175479739420175,1.1224269951393473,1.0175479739420175,0.8884322710800401,0.8437249158758268,0.8884322710800401,0.8437249158758268,0.950190045628766,1.1954519493439457,0.950190045628766,1.1954519493439457,1.1220721613727729,1.183611566184367,1.1220721613727729,1.183611566184367,1.5882816365581696,0.9528815459481821,1.5882816365581696,0.9528815459481821,1.0200614346124408,0.8857651539742167,1.0200614346124408,0.8857651539742167,1.4917863239231623,1.27082350740676,1.4917863239231621,1.27082350740676,1.1403656460479032,1.074392371960477,1.1403656460479032,1.074392371960477,1.240074679779345,1.3493482065568465,1.240074679779345,1.3493482065568465
1.8873643893172702,2.4885171147479936,1.8873643893172702,2.4885171147479936,2.0025278966463707,2.165048018894322,2.0025278966463707,2.165048018894322,1.980268650330494,2.392575426062024,1.980268650330494,2.392575426062024,1.871377213528061,1.950144017525765,1.871377213528061,1.950144017525765,1.8873643893172702,2.4885171147479936,1.8873643893172702,2.4885171147479936,2.0025278966463707,2.165048018894322,2.0025278966463707,2.165048018894322,2.105407017893527,1.8265856515684558,2.105407017893527,1.8265856515684558,2.510270578636986,1.8530610592540477,2.510270578636986,1.8530610592540477,2.128180549081079,2.133150769809289,2.128180549081031,2.133150769809289,1.9931725780613565,1.558147804237211,1.9931725780613565,1.558147804237211,1.9820783008867502,1.952694177265548,1.9820783008867502,1.952694177265548,2.1307543491183765,2.6600075199459763,2.1307543491183765,2.6600075199459763,1.7965240369548152,1.9794055057414777,1.7965240369548152,1.9794055057414777,1.8824505372590992,1.888546887734056,1.8824505372590992,1.888546887734056,2.0146782491281763,2.130705765592409,2.0146782491281763,2.130705765592409,1.7502261467111406,1.8644949084715985,1.7502261467111406,1.8644949084715985,1.987978820539854,2.146987057483684,1.987978820539854,2.146987057483684,1.6664555753030612,1.118219678442658,1.6664555753030612,1.118219678442658
0.7835665956697296,0.745023018227252,0.7835665956697296,0.745023018227252,1.0094882923173487,0.6194875170690433,1.0094882923173487,0.6194875170690433,0.7906105672616192,0.6839624004556215,0.7906105672616192,0.6839624004556215,0.7542634856715267,0.6817857234787503,0.7542634856715267,0.6817857234787503,0.7835665956697296,0.745023018227252,0.7835665956697296,0.745023018227252,1.0094882923173487,0.6194875170690433,1.0094882923173487,0.6194875170690433,0.8108665995539169,0.6096575261247018,0.8108665995539169,0.6096575261247018,0.6824615897502,0.6216744479395659,0.6824615897502,0.6216744479395659,0.8356091589808866,0.6223886516196421,0.8356091589808866,0.6223886516196421,0.8069385061773697,0.6126225528503986,0.8069385061773697,0.6126225528503986,0.6992135839174896,0.5607182299830316,0.6992135839174896,0.5607182299830316,0.5237571929086904,0.6668413545707081,0.5237571929086904,0.6668413545707081,0.7008359465730876,0.5831797788886404,0.7008359465730876,0.5831797788886404,0.8038469705636467,0.939472918774517,0.8038469705636467,0.939472918774517,0.6549692942453935,0.6380688235910441,0.6549692942453935,0.6380688235910441,0.8444684036611481,0.5346262321817814,0.8444684036611481,0.5346262321817814,0.638039808335821,0.6978321209061428,0.638039808335821,0.6978321209061428,0.9473117960508844,0.6196916892258066,0.9473117960508844,0.6196916892258066
1.6045504040341008,1.4935633417866423,1.6045504040341008,1.4935633417866423,1.4058868253745305,1.4700128970096689,1.4058868253745305,1.4700128970096689,1.5653594007834206,1.4923698118762594,1.5653594007834206,1.4923698118762594,1.2285874025280847,1.2668896583914526,1.2285874025280847,1.2668896583914526,1.6045504040341008,1.4935633417866423,1.6045504040341008,1.4935633417866423,1.4058868253745305,1.4700128970096689,1.4058868253745305,1.4700128970096689,1.3150471525257976,1.3188671412717707,1.3150471525257976,1.3188671412717707,1.2011819856641741,1.3943558995466998,1.2011819856641741,1.3943558995466998,1.3844066510320667,1.4304579803690334,1.3844066510320667,1.4304579803690334,1.219428121451852,1.1819751466569977,1.219428121451852,1.1819751466569977,1.255461490307907,1.249883283411016,1.255461490307907,1.249883283411016,1.1667919554696498,1.0906044871642477,1.1667919554696498,1.0906044871642477,1.287479118497942,1.2529160495153406,1.287479118497942,1.2529160495153406,1.2147935528525475,1.3905490221001355,1.2147935528525475,1.3905490221001355,1.3044914692236358,1.1801199260095399,1.3044914692236358,1.1801199260095399,1.0867530106729562,1.170568541295102,1.0867530106729562,1.170568541295102,1.349734957284737,1.1638322482253103,1.349734957284737,1.1638322482253103,1.0801386804124586,1.1148056375978883,1.0801386804124586,1.1148056375978883
2.3198987810854286,2.2869067066210405,2.3198987810854286,2.2869067066210405,2.323517724682984,2.6643190057934345,2.323517724682984,2.6643190057934345,2.3495650435511104,2.3085808063506756,2.3495650435511104,2.3085808063506756,2.394387015953564,2.4376896798165513,2.394387015953564,2.4376896798165513,2.3198987810854286,2.2869067066210405,2.3198987810854286,2.2869067066210405,2.323517724682984,2.6643190057934345,2.323517724682984,2.6643190057934345,2.6221719047129386,2.6868665754085237,2.6221719047129386,2.6868665754085237,3.3378652833716167,3.323435189092629,3.3378652833716167,3.323435189092629,2.6468583399545644,2.3045260427366694,2.6468583399545644,2.3045260427366694,3.327980734612507,2.955902155223799,3.327980734612507,2.955902155223799,2.724338649552041,2.533243352236056,2.724338649552041,2.533243352236056,2.693304017475355,3.3553914210316607,2.693304017475355,3.3553914210316607,3.228034474939217,2.892758311206806,3.228034474939217,2.892758311206806,4.689397356019784,3.945323074286138,4.689397356019784,3.945323074286138,2.4777065946754404,2.709916292483547,2.4777065946754404,2.709916292483547,3.0521964900255956,2.617861208975205,3.0521964900255956,2.617861208975205,2.9647875402277606,2.925838065175559,2.9647875402277606,2.925838065175559,3.7795004545189235,4.050148806528834,3.7795004545189235,4.050148806528834
0.31094878206903864,0.3565288695697291,0.31094878206903864,0.3565288695697291,0.36240668782548857,0.39263397532446975,0.36240668782548857,0.39263397532446975,0.33469630307578224,0.36589721703658473,0.33469630307578224,0.36589721703658473,0.37618902670486143,0.3883130893334671,0.37618902670486143,0.3883130893334671,0.31094878206903864,0.3565288695697291,0.31094878206903864,0.3565288695697291,0.36240668782548857,0.39263397532446975,0.36240668782548857,0.39263397532446975,0.27017738355696286,0.40434141522730827,0.27017738355696286,0.40434141522730827,0.2772248177479614,0.44753192851607365,0.2772248177479614,0.44753192851607365,0.24230973502125558,0.37056352477302507,0.24230973502125558,0.37056352477302507,0.29968052501978065,0.3553058095282865,0.2996805250197807,0.3553058095282865,0.25178823105497405,0.39638848439665586,0.25178823105497405,0.39638848439665586,0.38889587543250564,0.4539083682775458,0.38889587543250564,0.4539083682775458,0.2945149439691846,0.33676730846896186,0.2945149439691846,0.33676730846896186,0.3670154701133,0.4132645152226158,0.3670154701133,0.4132645152226158,0.28140909962722804,0.3544707633717259,0.28140909962722804,0.3544707633717259,0.35546343266125685,0.4162678236845835,0.35546343266125685,0.4162678236845835,0.296610106195501,0.2919603359818262,0.296610106195501,0.2919603359818262,0.37493231741899447,0.4243783303842224,0.37493231741899447,0.4243783303842224
0.7851294753647757,0.8724626761523752,0.7851294753647757,0.8724626761523752,0.880459598458555,0.8297376246839578,0.880459598458555,0.8297376246839578,0.8175464813181235,0.7758721252825309,0.8175464813181235,0.7758721252825309,0.8650019045033707,0.8744849853745457,0.8650019045033707,0.8744849853745457,0.7851294753647757,0.8724626761523752,0.7851294753647757,0.8724626761523752,0.880459598458555,0.8297376246839578,0.880459598458555,0.8297376246839578,1.0316378623514444,0.8166425547722211,1.0316378623514444,0.8166425547722211,0.9528386665906694,1.11422213993847,0.9528386665906694,1.11422213993847,0.9007708943433353,0.7843878735553269,0.9007708943433353,0.7843878735553269,0.9667246332445453,0.9288207011927776,0.9667246332445453,0.9288207011927776,1.0346408200030575,0.8218405872621641,1.0346408200030575,0.8218405872621641,1.1998768852107458,0.9681090168653299,1.1998768852107458,0.9681090168653299,1.0326712869682937,1.2747320727597409,1.0326712869682937,1.2747320727597409,1.0406836316366375,1.0958639171766442,1.0406836316366375,1.0958639171766442,0.8357568436172226,0.9861180706258394,0.8357568436172226,0.9861180706258394,1.2594194770734102,1.0305048638829746,1.2594194770734102,1.0305048638829746,0.9016385501441662,1.0588653248777269,0.9016385501441662,1.0588653248777269,0.9058517120766396,1.441067796265655,0.9058517120766396,1.441067796265655
0.3864264527046655,0.3301948896652045,0.3864264527046655,0.3301948896652045,0.47988728657536317,0.26487632593991567,0.47988728657536317,0.26487632593991567,0.37966542072031817,0.32444045435239743,0.37966542072031817,0.32444045435239743,0.3632000882578386,0.27170434982300673,0.3632000882578386,0.27170434982300673,0.3864264527046655,0.3301948896652045,0.3864264527046655,0.3301948896652045,0.47988728657536317,0.26487632593991567,0.47988728657536317,0.26487632593991567,0.45497820947546985,0.2149958791786295,0.45497820947546985,0.2149958791786295,0.4961726657435082,0.11695553520120076,0.4961726657435082,0.11695553520120076,0.2816827499545624,0.25024603846486065,0.2816827499545624,0.25024603846486065,0.33922427332594707,0.19116592319146417,0.33922427332594707,0.19116592319146417,0.32918184269070394,0.16549027365935992,0.32918184269070394,0.16549027365935992,0.27824100423416676,0.21919347206472478,0.27824100423416676,0.21919347206472478,0.21323993304107652,0.2288546026952844,0.21323993304107652,0.2288546026952844,0.14926043333913458,0.4190583510183128,0.14926043333913458,0.4190583510183128,0.39626132005097336,0.38531386533356127,0.39626132005097336,0.38531386533356127,0.42842674851931334,0.3032133827113902,0.42842674851931334,0.3032133827113902,0.1933960247996903,0.3589488092066428,0.1933960247996903,0.3589488092066428,0.20616213007850911,0.26144975815308946,0.20616213007850911,0.26144975815308946
1.9763807240162152,2.067259078442315,1.9763807240162152,2.067259078442315,1.80923305764893,1.5685032871233433,1.80923305764893,1.5685032871233433,1.8975506738629904,2.0908937860387473,1.8975506738629904,2.0908937860387473,1.720797085676465,1.7231376264291676,1.720797085676465,1.7231376264291676,1.9763807240162152,2.067259078442315,1.9763807240162152,2.067259078442315,1.80923305764893,1.5685032871233433,1.80923305764893,1.5685032871233433,1.6067746353501868,1.7927986416605717,1.6067746353501868,1.7927986416605717,1.7612791854929306,1.4551792418323513,1.7612791854929306,1.4551792418323513,1.5165258875209253,1.7265649846464157,1.5165258875209253,1.7265649846464157,1.4602587426891598,1.7629258038407056,1.4602587426891598,1.7629258038407056,1.5866929724723609,1.713742505319073,1.5866929724723609,1.713742505319073,1.4146974328855098,1.697230211877697,1.4146974328855098,1.697230211877697,1.7763556754818215,1.7071936669579688,1.7763556754818215,1.7071936669579688,1.544865145850251,2.0478501751417606,1.544865145850251,2.0478501751417606,1.6935841580510715,1.7571750860005906,1.6935841580510715,1.7571750860005906,1.4185862684304071,1.964020647987692,1.4185862684304071,1.964020647987692,1.6830983470929446,1.6088555428425475,1.6830983470929446,1.6088555428425475,2.3067797207933105,1.6567918092671783,2.3067797207933105,1.6567918092671783
2.6556072261390433,2.574673338372606,2.6556072261390433,2.574673338372606,2.9270131539023074,2.4981826502941695,2.9270131539023074,2.4981826502941695,2.669286229111669,2.608565887021803,2.669286229111669,2.608565887021803,2.991179714269996,2.7501620193232066,2.991179714269996,2.7501620193232066,2.6556072261390433,2.574673338372606,2.6556072261390433,2.574673338372606,2.9270131539023074,2.4981826502941695,2.9270131539023074,2.4981826502941695,3.018863742025581,2.3967669751334992,3.018863742025581,2.3967669751334992,3.4319593643296953,2.9390697306435234,3.4319593643296953,2.9390697306435234,2.595290642310736,2.31960757887079,2.595290642310736,2.31960757887079,2.635162959129296,2.1662295812129124,2.635162959129296,2.1662295812129124,2.6562800493119116,2.346312321352591,2.6562800493119116,2.346312321352591,2.827835842824976,2.599730212219751,2.827835842824976,2.599730212219751,3.353673860655708,2.8595040805679863,3.353673860655708,2.8595040805679863,3.2874866972543613,2.840578147711681,3.2874866972543613,2.840578147711681,2.656068180037212,2.0583158340012955,2.656068180037212,2.0583158340012955,3.6154012834758413,2.900255552592931,3.6154012834758413,2.900255552592931,2.873327989630721,2.106958155206555,2.873327989630721,2.106958155206555,3.7953639184921273,2.517506594422672,3.7953639184921273,2.517506594422672
1.0234904211588243,0.925551477856709,1.0234904211588243,0.925551477856709,0.8424364820163358,0.660129489642918,0.8424364820163358,0.660129489642918,1.061093744591909,1.0252512959162954,1.061093744591909,1.0252512959162954,0.876220344971444,0.8706719167750329,0.876220344971444,0.8706719167750329,1.0234904211588243,0.925551477856709,1.0234904211588243,0.925551477856709,0.8424364820163358,0.660129489642918,0.8424364820163358,0.660129489642918,0.6146153675367821,0.5592303113151397,0.6146153675367821,0.5592303113151397,0.47666977715694847,0.371670472315171,0.47666977715694847,0.371670472315171,0.6552840254696021,0.709194923874628,0.6552840254696021,0.709194923874628,0.6232401571263197,0.7265152069905669,0.6232401571263197,0.7265152069905669,0.5802785106860193,0.6016507571510995,0.5802785106860193,0.6016507571510995,0.6484432725115539,0.5052204009063803,0.6484432725115539,0.5052204009063803,0.38178581120317107,0.47614075514218507,0.38178581120317107,0.47614075514218507,0.5021310968776598,0.38146479610460016,0.5021310968776598,0.38146479610460016,0.758711341764269,0.5605599184804033,0.758711341764269,0.5605599184804033,0.767204008885338,0.3862011286699956,0.767204008885338,0.3862011286699956,0.5979055213408313,0.46696404798939223,0.5979055213408313,0.46696404798939223,0.38807278617973207,0.5058609681908112,0.38807278617973207,0.5058609681908112
3.6742902335223655,3.557967796657804,3.6742902335223655,3.557967796657804,3.72988168370348,3.403558925321841,3.72988168370348,3.403558925321841,3.6346027413746103,3.5814859732439865,3.6346027413746103,3.5814859732439865,3.4225359163735143,3.157134688563863,3.4225359163735143,3.157134688563863,3.6742902335223655,3.557967796657804,3.6742902335223655,3.557967796657804,3.72988168370348,3.403558925321841,3.72988168370348,3.403558925321841,2.990194394949033,3.5133180298248745,2.990194394949033,3.5133180298248745,3.0335232104845637,3.157568257793736,3.0335232104845637,3.157568257793736,3.3888959524692144,3.689034436470285,3.3888959524692144,3.689034436470285,3.0483457750576886,3.371432086143293,3.0483457750576886,3.371432086143293,3.358931311058145,3.4716194816766066,3.358931311058145,3.4716194816766066,3.2443314409703676,3.2695385752436277,3.2443314409703676,3.2695385752436277,3.016681755598734,2.9741711262342143,3.016681755598734,2.9741711262342143,3.1219790905836167,2.556060299088446,3.1219790905836167,2.556060299088446,3.580347101916392,3.2011613406061423,3.580347101916392,3.2011613406061423,3.1656964908197756,3.0287492977148154,3.1656964908197756,3.0287492977148154,3.29501722941061,3.2010679520548373,3.29501722941061,3.2010679520548373,3.1427409969280897,2.862516838744925,3.1427409969280897,2.862516838744925
0.972369488607097,0.6286546033756415,0.972369488607097,0.6286546033756415,1.438203945217117,1.4982414286068664,1.438203945217117,1.4982414286068664,0.9205899325033222,0.6697551570227713,0.9205899325033222,0.6697551570227713,1.6823394338950517,0.7927837341170078,1.6823394338950517,0.7927837341170078,0.972369488607097,0.6286546033756415,0.972369488607097,0.6286546033756415,1.438203945217117,1.4982414286068664,1.438203945217117,1.4982414286068664,0.8412326511925534,0.8210851773303562,0.8412326511925534,0.8210851773303562,1.5114568955726781,1.6105312654544148,1.5114568955726781,1.6105312654544148,1.0547153465083186,0.9219168446778867,1.0547153465083186,0.9219168446778867,1.3051597458178432,1.34126003152962,1.3051597458178432,1.34126003152962,0.94494829365427,0.8108173251616688,0.94494829365427,0.8108173251616688,1.4048055409233327,1.525898760231171,1.4048055409233327,1.525898760231171,1.1038046883592552,1.0341300203872748,1.1038046883592552,1.0341300203872748,1.1234684388776084,1.399118568968399,1.1234684388776084,1.399118568968399,1.0173716028875672,1.0798781623547746,1.0173716028875672,1.0798781623547746,1.424366146431562,1.6343416625765423,1.424366146431562,1.6343416625765423,1.1215845673343372,1.1755701627671276,1.1215845673343372,1.1755701627671276,1.5280925116956214,0.9621722024513593,1.5280925116956214,0.9621722024513593
2.8488551498002193,2.5987879402446463,2.8488551498002193,2.5987879402446463,2.7255175927717996,2.081633759980817,2.7255175927717996,2.081633759980817,2.7973425432406454,2.6180212645460057,2.7973425432406454,2.6180212645460057,2.311277004696109,2.1050909011009815,2.311277004696109,2.1050909011009815,2.8488551498002193,2.5987879402446463,2.8488551498002193,2.5987879402446463,2.7255175927717996,2.081633759980817,2.7255175927717996,2.081633759980817,2.85841707669437,2.3671775240301005,2.85841707669437,2.3671775240301005,2.0260730473444806,2.1939579255701025,2.0260730473444806,2.1939579255701025,2.8930433566225022,2.133600958347901,2.8930433566225022,2.133600958347901,2.404620813300046,2.2865935072646106,2.404620813300046,2.2865935072646106,2.99538487939353,2.492224680224067,2.99538487939353,2.492224680224067,2.423498561541783,2.113956735655611,2.423498561541783,2.113956735655611,3.4966255880250317,2.7577622478292536,3.4966255880250317,2.7577622478292536,2.7687268248269294,2.255929466234141,2.7687268248269294,2.255929466234141,3.135426330767312,2.6420638738861633,3.135426330767312,2.6420638738861633,2.8273793175851605,1.9483103724666,2.8273793175851605,1.9483103724666,2.9867071700176897,2.290882794193526,2.9867071700176897,2.290882794193526,2.655063358691562,2.1250721251890976,2.655063358691562,2.1250721251890976
3.50678504955321,3.7681831685089175,3.50678504955321,3.7681831685089175,3.9962358067913573,4.422650018970958,3.9962358067913573,4.422650018970958,3.4946578774429766,3.8451833536357025,3.4946578774429766,3.8451833536357025,4.262117000389786,5.083310482085219,4.262117000389786,5.083310482085219,3.50678504955321,3.7681831685089175,3.50678504955321,3.7681831685089175,3.9962358067913573,4.422650018970958,3.9962358067913573,4.422650018970958,4.063818669491449,3.686007606683537,4.063818669491449,3.686007606683537,4.042215163912719,4.218337799425215,4.042215163912719,4.218337799425215,3.438512892528516,4.089999586324168,3.438512892528516,4.089999586324168,4.1202999578953365,5.016751803838861,4.1202999578953365,5.016751803838861,3.819095305120148,4.207539813681827,3.819095305120148,4.207539813681827,3.9950017257136015,3.7512594673103603,3.9950017257136015,3.7512594673103603,3.9145372710650386,3.4619993185272664,3.9145372710650386,3.4619993185272664,5.415369270947333,5.6264018140512535,5.415369270947333,5.6264018140512535,3.906504409900149,3.9551889857079123,3.906504409900149,3.9551889857079123,4.060498451241597,4.534988072337686,4.060498451241597,4.534988072337686,3.820219029541032,3.8454938038391173,3.820219029541032,3.8454938038391173,5.392701112825663,4.956444383443301,5.392701112825663,4.956444383443301
1.1362442649552538,0.9039758522350818,1.1362442649552538,0.9039758522350818,1.3361314662819457,1.5893434636053976,1.3361314662819457,1.5893434636053976,1.1158341382175352,1.061558286727105,1.1158341382175352,1.061558286727105,1.2953000019490335,1.7347908719290588,1.2953000019490335,1.7347908719290588,1.1362442649552538,0.9039758522350818,1.1362442649552538,0.9039758522350818,1.3361314662819457,1.5893434636053976,1.3361314662819457,1.5893434636053976,1.3285233615596184,1.0462858390562157,1.3285233615596184,1.0462858390562157,1.519808829246895,1.2295705163191433,1.519808829246899,1.2295705163191433,1.4365920758380235,1.2149867425702159,1.4365920758380255,1.2149867425702159,1.4287962220206643,2.0625374961889524,1.4287962220206643,2.0625374961889524,1.4890927225760773,1.085804870193578,1.4890927225760773,1.085804870193578,1.9302588027821455,1.4436059945066726,1.9302588027821455,1.4436059945066726,1.300529891309608,1.134975890431443,1.300529891309608,1.134975890431443,1.513987180857037,1.7431179476701404,1.513987180857037,1.7431179476701404,1.4275196940627881,1.4205393450099548,1.4275196940627881,1.4205393450099548,2.826400544351702,1.7513903405282578,2.826400544351702,1.7513903405282578,1.8092971214145044,1.4186557767866894,1.8092971214145044,1.4186557767866894,2.771684719110271,1.9597966546533563,2.771684719110271,1.9597966546533563
2.8758220070099654,2.8127341232451952,2.8758220070099654,2.8127341232451952,3.6475322042245004,3.791337542750712,3.6475322042245004,3.791337542750712,2.8804716434543067,2.9892785167466256,2.8804716434543067,2.9892785167466256,3.044652643048139,3.7267243157214778,3.044652643048139,3.7267243157214778,2.8758220070099654,2.8127341232451952,2.8758220070099654,2.8127341232451952,3.6475322042245004,3.791337542750712,3.6475322042245004,3.791337542750712,2.77492436742284,2.918715700982645,2.77492436742284,2.918715700982645,2.8720632252329183,3.0697749903480283,2.8720632252329086,3.0697749903480283,2.763120827948737,2.863480907423285,2.763120827948737,2.863480907423285,2.7433728804243978,3.3557026040625195,2.7433728804243978,3.3557026040625195,2.9032715402053713,2.966505839368402,2.9032715402053713,2.966505839368402,3.1633787116428933,2.903613365194942,3.1633787116428933,2.903613365194942,2.7657064811026784,2.6351058838578183,2.7657064811026784,2.6351058838578183,2.5980743115283125,3.0126359071083,2.5980743115283125,3.0126359071083,3.023221382994481,2.9820582862117497,3.023221382994481,2.9820582862117497,2.107826634787583,3.3123411078947798,2.107826634787583,3.3123411078947798,2.7668052010527893,2.449332107788934,2.7668052010527893,2.449332107788934,3.1261563470368987,3.700502927433201,3.1261563470368987,3.700502927433201
0.16733062616312738,0.1781715218492689,0.16733062616312738,0.1781715218492689,0.1062997156806941,0.13895088933735567,0.1062997156806941,0.13895088933735567,0.16334459264717066,0.16099908912657435,0.16334459264717066,0.16099908912657435,0.16997593587271628,0.11783496071474504,0.16997593587271628,0.11783496071474504,0.16733062616312738,0.1781715218492689,0.16733062616312738,0.1781715218492689,0.1062997156806941,0.13895088933735567,0.1062997156806941,0.13895088933735567,0.1369781698736005,0.1279506788962332,0.1369781698736005,0.1279506788962332,0.1303028584086935,0.15326111239043294,0.1303028584086935,0.15326111239043294,0.16975138026258912,0.127352866226092,0.16975138026258912,0.127352866226092,0.15793216042817523,0.18376421720491304,0.15793216042817523,0.18376421720491304,0.10980045549284682,0.13079070499425755,0.10980045549284682,0.13079070499425755,0.22138693853310837,0.11120867069521519,0.22138693853310837,0.11120867069521519,0.11409207277469727,0.1809889223654898,0.11409207277469727,0.1809889223654898,0.13947321886429465,0.431278041182109,0.13947321886429465,0.431278041182109,0.21703262387450736,0.10457181313614032,0.21703262387450736,0.10457181313614032,0.1630363623773371,0.06751120413249619,0.1630363623773371,0.06751120413249619,0.15424915895146896,0.1562666632364748,0.15424915895146896,0.1562666632364748,0.12609756791892307,0.07847169187735727,0.12609756791892307,0.07847169187735727
1.0848465714352973,0.9982951537619812,1.0848465714352973,0.9982951537619812,1.3344639425569589,1.6671991083646893,1.3344639425569589,1.6671991083646893,1.1308960908392214,1.0439955887824368,1.1308960908392214,1.0439955887824368,1.359466272725639,1.4567894123249423,1.359466272725639,1.4567894123249423,1.0848465714352973,0.9982951537619812,1.0848465714352973,0.9982951537619812,1.3344639425569589,1.6671991083646893,1.3344639425569589,1.6671991083646893,1.0775828466614366,1.45341033658841,1.0775828466614366,1.45341033658841,1.4653586785269637,1.5018571477326996,1.4653586785269637,1.5018571477326996,1.2895488693081347,1.2870469196281262,1.2895488693081347,1.2870469196281262,1.4256960271977461,1.3932677713319062,1.4256960271977466,1.3932677713319062,1.2092596934781707,1.2060244250786976,1.2092596934781707,1.2060244250786976,1.4663359577624298,1.2531582853390326,1.4663359577624298,1.2531582853390326,1.3734283086132126,1.4200426004148563,1.3734283086132126,1.4200426004148563,1.5397932489969925,1.319100720598731,1.5397932489969925,1.319100720598731,1.4420878650193232,1.425652341717102,1.4420878650193232,1.425652341717102,1.629893595916052,1.494183282184707,1.629893595916052,1.494183282184707,1.283381995132835,1.2837085440408504,1.283381995132835,1.2837085440408504,1.673084593055853,1.2310598734161262,1.673084593055853,1.2310598734161262
0.560486242081611,0.5728645592172124,0.560486242081611,0.5728645592172124,0.6234351825410261,0.5820287406963869,0.6234351825410261,0.5820287406963869,0.5844262766877844,0.5651033262114643,0.5844262766877844,0.5651033262114643,0.5041785784289764,0.7810292846018622,0.5041785784289764,0.7810292846018622,0.560486242081611,0.5728645592172124,0.560486242081611,0.5728645592172124,0.6234351825410261,0.5820287406963869,0.6234351825410261,0.5820287406963869,0.5694323189960183,0.3829375809377377,0.5694323189960183,0.3829375809377377,0.40143424026238456,0.39335826088064163,0.40143424026238456,0.39335826088064163,0.5209784483235033,0.4737951363314368,0.5209784483235033,0.4737951363314368,0.49418719507815584,0.4614124741651439,0.49418719507815584,0.4614124741651439,0.3917201861700513,0.3962920234105467,0.3917201861700513,0.3962920234105467,0.5538480857904686,0.4010734631231623,0.5538480857904686,0.4010734631231623,0.4542685350432176,0.3981881515676297,0.4542685350432176,0.3981881515676297,0.5363682166535005,0.5570085944854168,0.5363682166535005,0.5570085944854168,0.43467649267766534,0.39683076838226133,0.43467649267766534,0.39683076838226133,0.6432818951970566,0.41155418177210024,0.6432818951970566,0.41155418177210024,0.45219642384553826,0.31057529411982016,0.45219642384553826,0.31057529411982016,0.496270808802286,0.24408294256898166,0.496270808802286,0.24408294256898166
0.6681914506711965,0.8581208470621277,0.6681914506711965,0.8581208470621277,0.5916841701232264,0.5321446697074804,0.5916841701232264,0.5321446697074804,0.633001910218988,0.8186224318315407,0.633001910218988,0.8186224318315407,0.6802120801991228,0.7902319438527806,0.6802120801991228,0.7902319438527806,0.6681914506711965,0.8581208470621277,0.6681914506711965,0.8581208470621277,0.5916841701232264,0.5321446697074804,0.5916841701232264,0.5321446697074804,0.5946988077512612,0.561035234270699,0.5946988077512612,0.561035234270699,0.6697484857616459,0.5524513165791819,0.6697484857616459,0.5524513165791819,0.5763093594314476,0.6008203807726556,0.5763093594314476,0.6008203807726556,0.7424474400002788,0.610549157434202,0.7424474400002788,0.610549157434202,0.6217492262146636,0.5200062583418875,0.6217492262146636,0.5200062583418875,0.8697393070922383,0.47587745766624295,0.8697393070922383,0.47587745766624295,0.7654583598519461,0.503295230877997,0.7654583598519461,0.503295230877997,0.5921345753764756,0.5578827689171244,0.5921345753764756,0.5578827689171244,0.6204587402549223,0.5236832458694284,0.6204587402549223,0.5236832458694284,0.6652143779344116,0.431768661719451,0.6652143779344116,0.4317686617194508,0.630230623514594,0.4754637717488528,0.630230623514594,0.4754637717488528,0.6152952323495219,0.4532782396263661,0.6152952323495219,0.4532782396263661
1.2092254247899579,1.144250017161325,1.2092254247899579,1.144250017161325,0.8801235473414272,1.0981818450728609,0.8801235473414272,1.0981818450728609,1.1831341574256418,1.2225554439831814,1.1831341574256418,1.2225554439831814,0.9650643702801153,0.805605280964309,0.9650643702801153,0.805605280964309,1.2092254247899579,1.144250017161325,1.2092254247899579,1.144250017161325,0.8801235473414272,1.0981818450728609,0.8801235473414272,1.0981818450728609,1.1068917733572925,1.0657394208108781,1.1068917733572925,1.0657394208108781,0.6946313891311782,0.9279761797994053,0.6946313891311782,0.9279761797994053,0.8327324301889859,1.0043543421676397,0.8327324301889859,1.0043543421676397,1.0159085805101231,0.8393686226501802,1.0159085805101231,0.8393686226501802,1.0039363664516894,0.8859438213942744,1.0039363664516894,0.8859438213942744,0.8890484630906856,0.7406591373618426,0.8890484630906856,0.7406591373618426,0.7355468647908006,0.8087972974680459,0.7355468647908006,0.8087972974680459,0.5881356744785795,0.9684058160612988,0.5881356744785795,0.9684058160612988,0.8471379001586171,0.9920533452971232,0.8471379001586171,0.9920533452971232,0.705023553459712,0.5661232907012146,0.705023553459712,0.5661232907012146,0.7677936312743289,0.7807151695169111,0.7677936312743289,0.7807151695169111,0.5597967796919663,0.6088765689943669,0.5597967796919663,0.6088765689943669
0.37980725503490126,0.3487750254906717,0.37980725503490126,0.3487750254906717,0.2704539036132854,0.12084770510619698,0.2704539036132854,0.12084770510619698,0.31902477722494144,0.37651530318417437,0.31902477722494144,0.37651530318417437,0.2119320769044379,0.2506587544675258,0.2119320769044379,0.2506587544675258,0.37980725503490126,0.3487750254906717,0.37980725503490126,0.3487750254906717,0.2704539036132854,0.12084770510619698,0.2704539036132854,0.12084770510619698,0.11238578516986679,0.23215131406808087,0.11238578516986679,0.23215131406808087,0.1493885326941716,0.13569342456542333,0.1493885326941716,0.13569342456542333,0.18931803141056858,0.14854806575741716,0.18931803141056858,0.14854806575741716,0.22570660204041937,0.18576231690145428,0.22570660204041937,0.18576231690145428,0.18300173895603067,0.2205270980663482,0.18300173895603067,0.2205270980663482,0.16172054261754923,0.10215503931175202,0.16172054261754923,0.10215503931175202,0.18197898621518757,0.14835606323071482,0.18197898621518757,0.14835606323071482,0.18455467006492043,0.0956916867673082,0.18455467006492043,0.0956916867673082,0.165773525840645,0.17283490066102922,0.165773525840645,0.17283490066102922,0.06874310894398973,0.08073460675434202,0.06874310894398973,0.08073460675434202,0.19239868748118685,0.11504089200586565,0.19239868748118685,0.11504089200586565,0.11523130800609434,0.0954951511799255,0.11523130800609434,0.0954951511799255
1.5810312444440158,1.4044258557648248,1.5810312444440158,1.4044258557648248,1.5710156812220264,1.5684603578527878,1.5710156812220264,1.5684603578527878,1.6363967500535999,1.441890468279884,1.6363967500535999,1.441890468279884,1.673298003322489,1.5147162587711482,1.673298003322489,1.5147162587711482,1.5810312444440158,1.4044258557648248,1.5810312444440158,1.4044258557648248,1.5710156812220264,1.5684603578527878,1.5710156812220264,1.5684603578527878,1.5905736010144238,1.5364117673859852,1.5905736010144238,1.5364117673859852,1.96935509444381,1.610073445192885,1.96935509444381,1.610073445192885,1.5873581987478198,1.3806869927699716,1.5873581987478198,1.3806869927699716,1.9610409529065178,1.9779774176866118,1.9610409529065178,1.9779774176866118,1.4866245737280217,1.423761502450185,1.4866245737280217,1.423761502450185,1.5962434926955256,1.6059456735355868,1.5962434926955256,1.6059456735355868,2.0282656729746282,1.7047014215224328,2.0282656729746282,1.7047014215224328,2.2319765535579204,1.999191278235961,2.2319765535579204,1.999191278235961,1.6942527199504729,1.6380000627071787,1.6942527199504729,1.6380000627071787,2.2778429957589372,2.030387414097809,2.2778429957589372,2.030387414097809,2.073684152099133,1.5844382367659515,2.073684152099133,1.5844382367659515,2.3186340884450547,1.861639936732001,2.3186340884450547,1.861639936732001
0.14607295373794624,0.11072548688153942,0.14607295373794624,0.11072548688153942,0.11926048900912385,0.14851236808084167,0.11926048900912385,0.14851236808084167,0.12931490484700434,0.08458408109864289,0.12931490484700434,0.08458408109864289,0.16546186076883923,0.10288030876490617,0.16546186076883923,0.10288030876490617,0.14607295373794624,0.11072548688153942,0.14607295373794624,0.11072548688153942,0.11926048900912385,0.14851236808084167,0.11926048900912385,0.14851236808084167,0.06231244511511847,0.10390020079048735,0.06231244511511847,0.10390020079048735,0.1393958257676593,0.07638386504628807,0.1393958257676593,0.07638386504628807,0.1359226441667502,0.09392700448692913,0.1359226441667502,0.09392700448692913,0.07266064518924895,0.14066740602532088,0.07266064518924895,0.14066740602532088,0.10885236965748067,0.09652029220279884,0.10885236965748067,0.09652029220279884,0.15966553770152114,0.10227689489642254,0.15966553770152114,0.10227689489642254,0.0760533808478826,0.10479072271384479,0.0760533808478826,0.10479072271384479,0.2147329443259656,0.10785008724078084,0.2147329443259656,0.10785008724078084,0.08976889786562474,0.10130997858719439,0.08976889786562474,0.10130997858719439,0.10966297645808644,0.17251994086928885,0.10966297645808644,0.17251994086928885,0.06613254469097325,0.14216937669736837,0.06613254469097432,0.14216937669736837,0.1251807802587255,0.08015741259131554,0.1251807802587255,0.08015741259131554
0.25446543322967974,0.28508101285339177,0.25446543322967974,0.28508101285339177,0.24627648897925802,0.320501713073135,0.24627648897925802,0.320501713073135,0.3094048564276991,0.27472489409517203,0.3094048564276991,0.27472489409517203,0.28374816448899787,0.2853840820380085,0.28374816448899787,0.2853840820380085,0.25446543322967974,0.28508101285339177,0.25446543322967974,0.28508101285339177,0.24627648897925802,0.320501713073135,0.24627648897925802,0.320501713073135,0.1922668754007893,0.22269614165392906,0.1922668754007893,0.22269614165392906,0.2568830041249345,0.18167043189369841,0.2568830041249345,0.18167043189369841,0.22091500179739446,0.2450255697908341,0.22091500179739446,0.2450255697908341,0.21492880428274452,0.20698498956486,0.21492880428274452,0.20698498956486,0.20037116513164044,0.20786219924389296,0.20037116513164044,0.20786219924389296,0.196559167206603,0.17148444911753183,0.196559167206603,0.17148444911753183,0.16385039308034907,0.17394117931134506,0.16385039308034907,0.17394117931134506,0.16544566470280903,0.1728797728208658,0.16544566470280903,0.1728797728208658,0.21492694708930557,0.23916603690742638,0.21492694708930557,0.23916603690742638,0.2698128469616515,0.21026326696058786,0.2698128469616515,0.21026326696058786,0.17566110326448456,0.18888758358228983,0.17566110326448456,0.18888758358228983,0.24807694509877912,0.14004245749954142,0.24807694509877912,0.14004245749954142
0.38482290671704816,0.3323645776600473,0.38482290671704816,0.3323645776600473,0.44049527272250927,0.49325006392777193,0.44049527272250927,0.49325006392777193,0.4029402229405105,0.4176171154757923,0.4029402229405105,0.4176171154757923,0.4122671702026673,0.4608726729416416,0.4122671702026673,0.4608726729416416,0.38482290671704816,0.3323645776600473,0.38482290671704816,0.3323645776600473,0.44049527272250927,0.49325006392777193,0.44049527272250927,0.49325006392777193,0.45505579953117004,0.5121651072694682,0.45505579953117004,0.5121651072694682,0.6022902683896401,0.44793828133231917,0.6022902683896401,0.44793828133231917,0.4323273243692224,0.4677174116396187,0.4323273243692224,0.4677174116396187,0.9360889790476207,0.48733806570247434,0.9360889790476207,0.48733806570247434,0.48859170874485874,0.4872922060187988,0.48859170874485874,0.4872922060187988,0.6026930210386973,0.507802643450343,0.6026930210386973,0.507802643450343,0.49792630464683213,0.6403165674797987,0.49792630464683213,0.6403165674797987,0.9009082662470399,0.6443748276343972,0.9009082662470399,0.6443748276274055,0.4424640362917058,0.6052713944210886,0.4424640362917058,0.6052713944210886,0.49604081372539416,0.4922612616271872,0.49604081372539416,0.4922612616271872,0.40433342553761137,0.45392481642984106,0.40433342553761137,0.45392481642984106,0.3484444754007592,0.3312860503656577,0.3484444754007592,0.3312860503656577
3.414734528300688,3.4744061985279115,3.414734528300688,3.4744061985279115,3.598394856716197,3.4909132575729704,3.598394856716197,3.4909132575729704,3.414706918455232,3.536986730472713,3.414706918455232,3.536986730472713,3.640843007857833,3.1862112103655162,3.640843007857833,3.1862112103655162,3.414734528300688,3.4744061985279115,3.414734528300688,3.4744061985279115,3.598394856716197,3.4909132575729704,3.598394856716197,3.4909132575729704,3.281430854305377,3.1242006597711693,3.281430854305377,3.1242006597711693,3.010555038873663,3.2013488906673104,3.010555038873663,3.2013488906673104,2.9806365829350807,2.782927784375199,2.9806365829350807,2.782927784375199,3.4197033121964444,3.016635103956497,3.4197033121964444,3.016635103956497,3.1986259219971136,3.215348267609927,3.1986259219971136,3.215348267609927,2.9148634933210356,2.8895825846647902,2.9148634933210356,2.8895825846647902,2.708205636462076,2.8248028774562783,2.708205636462076,2.8248028774562783,3.095570540630792,3.1748506961812155,3.095570540630792,3.1748506961812155,3.459455631143393,2.5226534349710894,3.459455631143393,2.5226534349710894,3.422507882177871,2.8556294612984017,3.422507882177871,2.8556294612984017,3.302262694132456,2.296221332889258,3.302262694132456,2.296221332889258,2.9779306656222553,3.026353844275634,2.9779306656222553,3.026353844275634
0.9681230146858011,1.194469794343374,0.9681230146858011,1.194469794343374,1.096109061699696,1.0103778599444015,1.096109061699696,1.0103778599444015,0.9447107862953827,1.215845121743569,0.9447107862953827,1.215845121743569,0.9196632417704916,0.9388986462463164,0.9196632417704916,0.9388986462463164,0.9681230146858011,1.194469794343374,0.9681230146858011,1.194469794343374,1.096109061699696,1.0103778599444015,1.096109061699696,1.0103778599444015,0.7172431443732665,1.0243684523557484,0.7172431443732665,1.0243684523557484,0.8372995177868066,1.1720761400486874,0.8372995177868066,1.1720761400486874,0.7027304445734498,0.8780288725289344,0.7027304445734498,0.8780288725289344,0.8144869177481424,1.1050488756943608,0.8144869177481424,1.1050488756943608,0.7435156571074728,1.0118402180443467,0.7435156571074728,1.0118402180443467,0.7498338846605436,1.0166338175388103,0.7498338846605436,1.0166338175388103,0.6908357414982012,1.0001670305073065,0.6908357414982012,1.0001670305073065,0.7584234208868819,0.7825180872452944,0.7584234208868819,0.7825180872452944,0.794054171267856,0.8121904061386515,0.794054171267856,0.8121904061386515,0.7180688983303571,0.8792652658342877,0.7180688983303571,0.8792652658342877,0.8056832947271138,1.0315414451578433,0.8056832947271138,1.0315414451578433,0.8065730075025652,0.8572818635227468,0.8065730075025652,0.8572818635227468
0.21315534257613394,0.23150781364239337,0.21315534257613394,0.23150781364239337,0.2666945357851579,0.20379398109921754,0.2666945357851579,0.20379398109921754,0.19373179556815442,0.2641448584809314,0.19373179556815442,0.2641448584809314,0.28925399468040114,0.21122215009022405,0.28925399468040114,0.21122215009022405,0.21315534257613394,0.23150781364239337,0.21315534257613394,0.23150781364239337,0.2666945357851579,0.20379398109921754,0.2666945357851579,0.20379398109921754,0.19580158667857453,0.2630960872072591,0.19580158667857453,0.2630960872072591,0.27693263674516305,0.21483100604154162,0.27693263674516305,0.21483100604154162,0.24524545129107023,0.2217387617855317,0.24524545129107023,0.2217387617855317,0.253091965920398,0.2897150571430516,0.253091965920398,0.2897150571430516,0.2144397850244611,0.253955913434354,0.2144397850244611,0.253955913434354,0.3616841797139716,0.2404292419882182,0.3616841797139716,0.2404292419882182,0.17525497237414192,0.22564168118168682,0.17525497237414192,0.22564168118168682,0.36743463823185474,0.2741487623917575,0.36743463823185474,0.2741487623917575,0.21043254270767317,0.19452907986995197,0.21043254270767317,0.19452907986995197,0.2085245312351233,0.27419012448803254,0.2085245312351233,0.27419012448803254,0.19291378295318065,0.2005193224757158,0.19291378295318065,0.2005193224757158,0.23603744485040284,0.36896091431665873,0.23603744485040284,0.36896091431665873
0.6943800169361274,0.6407966114147532,0.6943800169361274,0.6407966114147532,0.5117860689448039,0.3442050521760012,0.5117860689448039,0.3442050521760012,0.6427919950161918,0.649844685282035,0.6427919950161918,0.649844685282035,0.45243653730160815,0.4434085842538656,0.45243653730160815,0.4434085842538656,0.6943800169361274,0.6407966114147532,0.6943800169361274,0.6407966114147532,0.5117860689448039,0.3442050521760012,0.5117860689448039,0.3442050521760012,0.5052219124799714,0.45478157167364525,0.5052219124799714,0.45478157167364525,0.3761639958655654,0.2856703358795423,0.3761639958655654,0.2856703358795423,0.33930526792403676,0.4716153488087824,0.33930526792403676,0.4716153488087824,0.3133435465695695,0.2893437902079064,0.3133435465695695,0.2893437902079064,0.45047837089935133,0.47315113476706727,0.45047837089935133,0.47315113476706727,0.257686605853085,0.31380467779018945,0.257686605853085,0.31380467779018945,0.4010843085638024,0.45241236149688124,0.4010843085638024,0.45241236149688124,0.17179389781323762,0.26489749170813115,0.17179389781323762,0.26489749170813115,0.4156655727698685,0.40687378174732086,0.4156655727698685,0.40687378174732086,0.40104923646308355,0.22815272060662245,0.40104923646308355,0.22815272060662245,0.3945846888483813,0.2833892036181618,0.3945846888483813,0.2833892036181622,0.29664930973127857,0.2531884678449619,0.29664930973127857,0.2531884678449619
0.1617532278253862,0.27296166600465405,0.1617532278253862,0.27296166600465405,0.1517867090038509,0.07066716988419484,0.1517867090038509,0.07066716988419484,0.17765576158950497,0.2193334149803157,0.17765576158950497,0.2193334149803157,0.1634051677725364,0.10172042802689817,0.1634051677725364,0.10172042802689817,0.1617532278253862,0.27296166600465405,0.1617532278253862,0.27296166600465405,0.1517867090038509,0.07066716988419484,0.1517867090038509,0.07066716988419484,0.17155476017095744,0.1978493436011505,0.17155476017095744,0.1978493436011505,0.10498591279032897,0.2762050899539011,0.10498591279032897,0.2762050899539011,0.17091027667939412,0.20317436242095663,0.17091027667939412,0.20317436242095663,0.09909901946069426,0.21312373973667742,0.09909901946069426,0.21312373973667742,0.172092489813124,0.20726576451457704,0.17209248981312317,0.20726576451457704,0.11443614489778962,0.15606929487807167,0.11443614489778962,0.15606929487807167,0.19420672996029228,0.2857056594681307,0.19420672996029228,0.2857056594681307,0.1446285525296227,0.2716941448449694,0.1446285525296227,0.2716941448449694,0.1730296795088353,0.2515661333047888,0.1730296795088353,0.2515661333047888,0.14356331958740082,0.21501773173122132,0.14356331958740082,0.21501773173122132,0.1607131068740037,0.21594400048336035,0.1607131068740037,0.21594400048336035,0.07762848904848782,0.13296044685908823,0.07762848904848782,0.13296044685908823
0.5248856449412466,0.5300005587668681,0.5248856449412466,0.5300005587668681,0.5479834368915244,0.46864934936952035,0.5479834368915244,0.46864934936952035,0.5079225465792134,0.5440569853508663,0.5079225465792134,0.5440569853508663,0.3852701395475774,0.42423521050285157,0.3852701395475774,0.42423521050285157,0.5248856449412466,0.5300005587668681,0.5248856449412466,0.5300005587668681,0.5479834368915244,0.46864934936952035,0.5479834368915244,0.46864934936952035,0.40461701182867815,0.436678644273825,0.40461701182867815,0.436678644273825,0.3168415189393021,0.3860616707679545,0.3168415189393021,0.3860616707679545,0.4527715868021473,0.4224487999066892,0.4527715868021473,0.4224487999066892,0.44814107887606547,0.3494877811505833,0.44814107887606547,0.3494877811505833,0.36915066870223207,0.46931048743758197,0.36915066870223207,0.46931048743758197,0.34831498891456447,0.4090081314689803,0.34831498891456447,0.4090081314689803,0.33150885023697174,0.43983251247483773,0.33150885023697174,0.43983251247483773,0.43253293249903735,0.3638146153476709,0.43253293249903735,0.3638146153476709,0.38314229445964515,0.4715898568891636,0.38314229445964515,0.4715898568891636,0.3676822828462527,0.3513210503712602,0.3676822828462527,0.3513210503712602,0.39121402396060123,0.45169446851666895,0.39121402396060123,0.45169446851666895,0.2381098575605844,0.6164113945508778,0.2381098575605844,0.6164113945508778
1.0798839983120145,1.0259971461460482,1.0798839983120145,1.0259971461460482,0.8813276426681103,1.0015572398593107,0.8813276426681103,1.0015572398593107,1.1659238921938333,1.0243244520753985,1.1659238921938333,1.0243244520753985,0.8588475541133751,0.9407055940557124,0.8588475541133751,0.9407055940557124,1.0798839983120145,1.0259971461460482,1.0798839983120145,1.0259971461460482,0.8813276426681103,1.0015572398593107,0.8813276426681103,1.0015572398593107,0.8489966036531608,0.7656836692025514,0.8489966036531608,0.7656836692025514,0.8370354941383416,0.7242736066622635,0.8370354941383416,0.7242736066622635,0.7828136452362078,0.8582911841432718,0.7828136452362078,0.8582911841432718,0.6510793366571914,0.7800090984384104,0.6510793366571914,0.7800090984384104,0.791675304424361,0.808764265933876,0.791675304424361,0.808764265933876,0.7189302502469939,0.7105514505069688,0.7189302502469939,0.7105514505069688,0.6194878927026389,0.6688360309128074,0.6194878927026389,0.6688360309128076,0.7959960080930755,0.6084538052798503,0.7959960080930755,0.6084538052798503,0.7318255650226076,0.7763696913538584,0.7318255650226076,0.7763696913538584,0.736556744602119,0.6140701967053118,0.736556744602119,0.6140701967053118,0.7334473024007941,0.5425782283181401,0.7334473024007934,0.5425782283181401,0.750764277398827,0.5927328766410678,0.750764277398827,0.5927328766410678
0.5848336151722757,0.7399775199062489,0.5848336151722757,0.7399775199062489,0.6304391295578913,0.707648002644471,0.6304391295578913,0.707648002644471,0.5806539322134096,0.7435823928757973,0.5806539322134096,0.7435823928757973,0.648314781624679,0.6921347202755413,0.648314781624679,0.6921347202755413,0.5848336151722757,0.7399775199062489,0.5848336151722757,0.7399775199062489,0.6304391295578913,0.707648002644471,0.6304391295578913,0.707648002644471,0.6899289070544159,0.627529335089152,0.6899289070544159,0.627529335089152,0.7390107678239345,0.6090439011926466,0.7390107678239345,0.6090439011926466,0.7146901701706951,0.6065559222184913,0.7146901701706951,0.6065559222184913,0.6607990893672031,0.5573864622366779,0.6607990893672031,0.5573864622366779,0.6940688484243566,0.6244932165662894,0.6940688484243566,0.6244932165662894,0.6530762148330148,0.6211613125974755,0.6530762148330148,0.6211613125974755,0.575383739483722,0.6443058633043576,0.575383739483722,0.6443058633043576,0.7438714677254235,0.6777272592052003,0.7438714677254235,0.677727259205201,0.6860973757251395,0.6154094652667851,0.6860973757251395,0.6154094652667851,0.6688528850531991,0.5863392680926719,0.6688528850531991,0.5863392680926719,0.5997417015734108,0.6810843702717173,0.5997417015734108,0.6810843702717173,0.7724801510934391,0.6259488311009248,0.7724801510934391,0.6259488311009248
0.12355956908318343,0.15693541311798478,0.12355956908318343,0.15693541311798478,0.15614321792810895,0.2125963403346372,0.15614321792810895,0.2125963403346372,0.14532298869135066,0.15091381720722846,0.14532298869135066,0.15091381720722846,0.16611191725680755,0.22508457978828283,0.16611191725680755,0.22508457978828283,0.12355956908318343,0.15693541311798478,0.12355956908318343,0.15693541311798478,0.15614321792810895,0.2125963403346372,0.15614321792810895,0.2125963403346372,0.22645631845360947,0.2140415547404208,0.22645631845360947,0.2140415547404208,0.24472112613526578,0.20769790460932255,0.24472112613827246,0.20769790460932255,0.1893198030260242,0.1731732724132702,0.1893198030260242,0.1731732724132702,0.17823863388236802,0.15534514214258618,0.17823863388236802,0.15534514214258618,0.16897637887671818,0.1593315766931291,0.16897637887671818,0.1593315766931291,0.2019403359015028,0.2034148853516585,0.20194033590244898,0.2034148853516585,0.17614850951964453,0.16603436444437822,0.17614850951964436,0.16603436444437822,0.22616000666687733,0.2475563641314507,0.2261600066668765,0.2475563641314507,0.12737665113544602,0.15732077964684751,0.12737665113544602,0.15732077964684751,0.11390418048519399,0.19717313240680442,0.11390418048519399,0.19717313240680442,0.14547250610881152,0.17270247342457337,0.14547250610881152,0.17270247342457337,0.22147335035055837,0.3076820940122002,0.22147335035055837,0.3076820940122002
0.2672374789346173,0.2763488159848121,0.2672374789346173,0.2763488159848121,0.43867354234573497,0.2368972394017472,0.43867354234573497,0.2368972394017472,0.2688598950104534,0.28262972539040054,0.2688598950104534,0.28262972539040054,0.4180784681057985,0.2018845720304169,0.4180784681057985,0.2018845720304169,0.2672374789346173,0.2763488159848121,0.2672374789346173,0.2763488159848121,0.43867354234573497,0.2368972394017472,0.43867354234573497,0.2368972394017472,0.22997541528073934,0.22843527402623207,0.22997541528073934,0.22843527402623207,0.28753220864740087,0.30703405995648075,0.28753220864740087,0.30703405995648075,0.2121199104628153,0.24043978281599615,0.2121199104628153,0.24043978281599615,0.24953038832750063,0.2916171072577378,0.24953038832750063,0.2916171072577378,0.22151991435049959,0.22266282220787814,0.22151991435049959,0.22266282220787814,0.40470924701155486,0.26309427033539584,0.40470924701155486,0.26309427033539584,0.20202316278764626,0.24791923698474233,0.20202316278764626,0.2479192369847424,0.18814880704636655,0.18103567030087162,0.18814880704636655,0.18103567030087198,0.1649028724417559,0.20490346115303373,0.1649028724417559,0.20490346115303373,0.2504343443718212,0.23634599509566506,0.2504343443718212,0.23634599509566506,0.20806922402547073,0.20607345410041425,0.20806922402547073,0.20607345410041425,0.1847482632385761,0.15811895138877766,0.1847482632385761,0.15811895138877766
0.3914164251293861,0.4111113082974128,0.3914164251293861,0.4111113082974128,0.36391293038374367,0.3831224022654202,0.36391293038374367,0.3831224022654202,0.4039239158856302,0.420528040175993,0.4039239158856302,0.420528040175993,0.3967215237947052,0.3886755584962335,0.3967215237947052,0.3886755584962335,0.3914164251293861,0.4111113082974128,0.3914164251293861,0.4111113082974128,0.36391293038374367,0.3831224022654202,0.36391293038374367,0.3831224022654202,0.3553513911063733,0.340249057139238,0.3553513911063733,0.340249057139238,0.3492287569316205,0.28253991077106405,0.3492287569316205,0.28253991077106405,0.36404330653330713,0.3472741181364967,0.3640433065333001,0.3472741181364967,0.35416302704313324,0.3635772076995715,0.35416302704313324,0.3635772076995715,0.32534098947961176,0.33915584646346686,0.32534098947961176,0.33915584646346686,0.42903969780072304,0.3008138758787697,0.42903969780078083,0.3008138758787697,0.28059698828203666,0.25450806893907774,0.28059698828203666,0.25450806893907774,0.2740782602410491,0.25512910340681655,0.2740782602410491,0.25512910340681655,0.3144588922572356,0.2973216122951232,0.3144588922572356,0.2973216122951232,0.38897939638217793,0.33451051995632386,0.38897939638217793,0.33451051995632386,0.2918172085795318,0.27196401489365235,0.2918172085795318,0.27196401489365235,0.4461956679906198,0.32567635752945423,0.4461956679906198,0.32567635752945423
0.27807687306188555,0.2869454878606883,0.27807687306188555,0.2869454878606883,0.307008081479368,0.26099766831638593,0.307008081479368,0.26099766831638593,0.2805529229694297,0.27526728759708463,0.2805529229694297,0.27526728759708463,0.2937092107094762,0.27072813845740745,0.2937092107094762,0.27072813845740745,0.27807687306188555,0.2869454878606883,0.27807687306188555,0.2869454878606883,0.307008081479368,0.26099766831638593,0.307008081479368,0.26099766831638593,0.27454037151155186,0.2670654353523539,0.27454037151155186,0.2670654353523539,0.22095088390905027,0.25646432061059693,0.22095088390905027,0.25646432061059693,0.30250591957279727,0.2842238002410001,0.30250591957279727,0.2842238002410001,0.2552244882295217,0.22849381888102485,0.2552244882295217,0.22849381888102485,0.30814904927259457,0.24051624477178252,0.30814904927259457,0.24051624477178252,0.272310690621803,0.28891254176355396,0.272310690621803,0.28891254176355396,0.3213685969704167,0.2763589598381145,0.3213685969704167,0.2763589598381145,0.3063228007992666,0.28747706960006436,0.3063228007992666,0.28747706960006436,0.25401189778289834,0.22809198830445435,0.25401189778289834,0.22809198830445435,0.2732544115471298,0.23599681011047882,0.2732544115471298,0.23599681011047882,0.2850521115715359,0.24505696012837944,0.2850521115715359,0.24505696012837944,0.29460351030114784,0.18285368679528163,0.29460351030114784,0.18285368679528163
1.2786172798369568,1.2461655067703559,1.2786172798369568,1.2461655067703559,1.1158572990708484,1.267091539725822,1.1158572990708484,1.267091539725822,1.2826460338791854,1.1700232121727219,1.2826460338791854,1.1700232121727219,1.1217845370352042,1.0994057855001147,1.1217845370352042,1.0994057855001147,1.2786172798369568,1.2461655067703559,1.2786172798369568,1.2461655067703559,1.1158572990708484,1.267091539725822,1.1158572990708484,1.267091539725822,0.9758695397105608,0.961010059674198,0.9758695397105608,0.961010059674198,0.953887253658394,0.8075572002402096,0.953887253658394,0.8075572002402096,1.1079623025013776,1.0428094942138553,1.1079623025013776,1.0428094942138553,0.9518069918427627,1.1064423436065467,0.9518069918427627,1.1064423436065467,0.9019481417586127,0.9470477845088108,0.9019481417586127,0.9470477845088108,0.9022375068840367,0.8881382905676437,0.9022375068840367,0.8881382905676437,0.6947381678477634,0.7202067264166914,0.6947381678477634,0.7202067264166914,0.8026926730063313,0.7653856236675719,0.8026926730063313,0.7653856236675719,0.9600970465452602,0.8322503100048013,0.9600970465452602,0.8322503100048013,0.6003956101609591,0.7445084752753968,0.6003956101609591,0.7445084752753968,0.820032061034706,0.7254949313350025,0.820032061034706,0.7254949313350025,0.6589164612799159,0.5883063044341601,0.6589164612799159,0.5883063044341619
0.36446868652310094,0.34794165183842934,0.36446868652310094,0.34794165183842934,0.4176361991652362,0.27868940688478344,0.4176361991652362,0.27868940688478344,0.3688825032129954,0.34323834950379634,0.3688825032129954,0.34323834950379634,0.3971946107850856,0.29286696953542074,0.3971946107850856,0.29286696953542074,0.36446868652310094,0.34794165183842934,0.36446868652310094,0.34794165183842934,0.4176361991652362,0.27868940688478344,0.4176361991652362,0.27868940688478344,0.37301696264137124,0.374400781481965,0.37301696264137124,0.374400781481965,0.3757182202346022,0.41480080616126486,0.3757182202346022,0.41480080616126486,0.3545739283102917,0.3516300008665875,0.3545739283102917,0.3516300008665875,0.36356452121526717,0.3673715463128713,0.36356452121526717,0.3673715463128713,0.3886258080245089,0.40709967106315165,0.3886258080245089,0.40709967106315165,0.3331788694819675,0.4026601479539832,0.3331788694819675,0.4026601479539832,0.3669136827747934,0.3852965682182105,0.3669136827747934,0.3852965682182105,0.4007822271198064,0.3883496111239967,0.4007822271198064,0.3883496111239967,0.39779858581324534,0.4096596585251312,0.39779858581324534,0.4096596585251312,0.4400891212817831,0.37640655995597555,0.4400891212817831,0.37640655995597555,0.39901584560886144,0.4047391798017808,0.39901584560886144,0.4047391798017808,0.46514234654254943,0.3621763453682087,0.46514234654254943,0.3621763453682087
1.4881257929904355,1.3491693700245933,1.4881257929904355,1.3491693700245933,1.276508527708628,1.2509949859984502,1.276508527708628,1.2509949859984502,1.440314970951342,1.4012284695725314,1.440314970951342,1.4012284695725314,1.316199634651049,1.1416463438131903,1.316199634651049,1.1416463438131903,1.4881257929904355,1.3491693700245933,1.4881257929904355,1.3491693700245933,1.276508527708628,1.2509949859984502,1.276508527708628,1.2509949859984502,1.153326201368968,1.2827736694585792,1.153326201368968,1.2827736694585792,1.3805958732684995,0.9132798425007101,1.3805958732684995,0.9132798425007101,1.446421623645717,1.282752128945085,1.446421623645717,1.282752128945085,1.240440240514679,1.0905528407395693,1.240440240514679,1.0905528407395693,1.2102887315690263,1.3753966665900923,1.2102887315690263,1.3753966665900923,1.2792047014236458,1.1697601309696275,1.2792047014236458,1.1697601309696275,1.1443796763098162,1.2785180736553596,1.1443796763098162,1.2785180736553596,1.0190566242296597,1.0871138392548547,1.0190566242296597,1.0871138392548547,1.205496550108171,1.2752113853089544,1.205496550108171,1.2752113853089544,1.2381666531790114,1.157950567458745,1.2381666531790114,1.157950567458745,1.0934773085034442,1.2986532792491297,1.0934773085034442,1.2986532792491297,1.1129864118688453,1.1648397761861031,1.1129864118688453,1.1648397761861033
0.6260039152314051,0.8534933404235965,0.6260039152314051,0.8534933404235965,0.7571978479946103,0.9108917575362512,0.7571978479946103,0.9108917575362512,0.5931725112610804,0.8250313588934947,0.5931725112610804,0.8250313588934947,0.6660349122235034,0.7823370983566527,0.6660349122235034,0.7823370983566527,0.6260039152314051,0.8534933404235965,0.6260039152314051,0.8534933404235965,0.7571978479946103,0.9108917575362512,0.7571978479946103,0.9108917575362512,0.6273891629408919,0.8949851027788628,0.6273891629408919,0.8949851027788628,0.560296448125489,0.8910896414799175,0.560296448125489,0.8910896414799175,0.6158588492950219,0.848337026767988,0.6158588492950214,0.848337026767988,0.6645365514717666,0.9985529229977465,0.6645365514717666,0.9985529229977465,0.6393118326249697,0.810533213794027,0.6393118326249697,0.810533213794027,0.4993390522786427,0.8477833585235108,0.4993390522786427,0.8477833585235108,0.830341316128713,0.8999026978356433,0.830341316128713,0.8999026978356431,0.9156710989608106,0.9417928702248233,0.9156710989608106,0.9417928702248233,0.7648064288663775,0.8907199597773543,0.7648064288663775,0.8907199597773543,0.7615207164821582,0.8583069067727479,0.7615207164821582,0.8583069067727479,0.7597234324363125,0.7895975490802504,0.7597234324363125,0.7895975490802504,0.6238417775123972,0.9246611998541479,0.6238417775123972,0.9246611998541479
0.2890607327781714,0.3207829463753274,0.2890607327781714,0.3207829463753274,0.24065000662999597,0.30219640035676704,0.24065000662999597,0.30219640035676704,0.2797522751043366,0.32792928710002184,0.2797522751043366,0.32792928710002184,0.2543838189663778,0.3119449892165379,0.2543838189663778,0.3119449892165379,0.2890607327781714,0.3207829463753274,0.2890607327781714,0.3207829463753274,0.24065000662999597,0.30219640035676704,0.24065000662999597,0.30219640035676704,0.22507450285861255,0.29367554647462857,0.2250745028586126,0.2936755464746285,0.2319440624149077,0.2960508063568338,0.2319440624149077,0.2960508063568338,0.24654852689285064,0.28819517317925486,0.24654852689285064,0.28819517317925486,0.24050065943362187,0.28427871615360295,0.24050065943362187,0.28427871615360295,0.23770673358730293,0.29142632846813815,0.23770673358730293,0.29142632846813815,0.22462950406602095,0.30548432302450845,0.22462950406602095,0.30548432302450845,0.273377260758503,0.23597109952536616,0.2733772607585026,0.23597109952536616,0.2705806270849613,0.21037697305625927,0.2705806270849613,0.21037697305625927,0.2611400067183046,0.28004464446293414,0.2611400067183046,0.28004464446293414,0.27744413493183334,0.2311842768648476,0.27744413493183334,0.2311842768648476,0.27508118587048797,0.2696583624522966,0.27508118587048797,0.2696583624522966,0.2926144557726755,0.34828515035838853,0.2926144557726755,0.34828515035838853
0.7809151496333566,0.8574943230537987,0.7809151496333566,0.8574943230537987,0.8691923894249304,0.7748232014643511,0.8691923894249304,0.7748232014643511,0.8223747692970915,0.8502102291335285,0.8223747692970915,0.8502102291335285,0.8905149019823048,0.8913803891778542,0.8905149019823048,0.8913803891778542,0.7809151496333566,0.8574943230537987,0.7809151496333566,0.8574943230537987,0.8691923894249304,0.7748232014643511,0.8691923894249304,0.7748232014643511,0.8890776286100781,0.892058590498039,0.8890776286100781,0.892058590498039,1.0117806919099903,0.9292417766990908,1.0117806919099952,0.9292417766990908,0.8479142390051889,0.8225284650832008,0.8479142390051889,0.8225284650832008,0.8651800776560784,0.9191865496212814,0.8651800776560784,0.9191865496212814,0.891875837169706,0.8443146195560793,0.891875837169706,0.8443146195560793,0.8774607812689609,0.9356138561654018,0.8774607812690743,0.9356138561654018,0.9152489050574059,0.8637237501233871,0.9152489050574059,0.8637237501233871,0.7809778099100642,0.9085392322788142,0.7809778099100642,0.9085392322788142,0.8649010470804426,0.7813964538313384,0.8649010470804426,0.7813964538313384,0.7792782031080058,0.8780109531487722,0.7792782031080058,0.8780109531487722,0.9687266969314183,0.8638331969760321,0.9687266969314183,0.8638331969760321,0.8809024758184003,0.8505102885168291,0.8809024758184064,0.8505102885168291
0.6083303793714224,0.49925939570187416,0.6083303793714224,0.49925939570187416,0.5641143049745782,0.5563592778112473,0.5641143049745782,0.5563592778112473,0.5772579921903964,0.49991228315672875,0.5772579921903964,0.49991228315672875,0.5426968002156293,0.5571817330793529,0.5426968002156293,0.5571817330793529,0.6083303793714224,0.49925939570187416,0.6083303793714224,0.49925939570187416,0.5641143049745782,0.5563592778112473,0.5641143049745782,0.5563592778112473,0.5468345292136257,0.4495468812058369,0.5468345292136257,0.4495468812058369,0.4750478279008546,0.3877973488269065,0.4750478279008546,0.3877973488269065,0.4744730513530064,0.3862356173063282,0.4744730513530064,0.3862356173063282,0.5690869230318814,0.4068672465612453,0.5690869230318814,0.4068672465612453,0.5769381521566959,0.44173858396491306,0.5769381521566959,0.44173858396491306,0.456736297677654,0.4503277690293773,0.456736297677654,0.4503277690293773,0.4689361142574292,0.39969501045986,0.4689361142574292,0.39969501045986,0.47234754449994093,0.4774828184243833,0.47234754449994093,0.4774828184243833,0.42648482159065043,0.4125643488723503,0.42648482159065043,0.4125643488723503,0.5580950062424631,0.37347847896624153,0.5580950062424631,0.37347847896624153,0.4966639858123659,0.4084696339610913,0.4966639858123659,0.4084696339610913,0.4641282050243687,0.6184021972203471,0.4641282050243687,0.6184021972203471
0.7674250169146724,0.6091746104472693,0.7674250169146724,0.6091746104472693,0.563691884676372,0.6427101726774785,0.563691884676372,0.6427101726774785,0.7516614554208692,0.6268609274301277,0.7516614554208692,0.6268609274301277,0.5657149266072169,0.6051721062208363,0.5657149266072169,0.6051721062208363,0.7674250169146724,0.6091746104472693,0.7674250169146724,0.6091746104472693,0.563691884676372,0.6427101726774785,0.563691884676372,0.6427101726774785,0.6421208005301466,0.61903711206892,0.6421208005301466,0.61903711206892,0.6293323425810452,0.5768400019873925,0.6293323425810452,0.5768400019873925,0.6799414968657056,0.6380465321266211,0.6799414968657056,0.6380465321266211,0.5270158291721768,0.5893210437331305,0.5270158291721768,0.5893210437331305,0.6722398998183744,0.5509458511445313,0.6722398998183744,0.5509458511445313,0.7660339309751096,0.4440432884863136,0.7660339309751096,0.4440432884863136,0.5589616665703102,0.7020524628681425,0.5589616665703102,0.7020524628681425,0.7462226543679676,0.5199851081595978,0.7462226543679676,0.5199851081595978,0.624936015235039,0.7009476080747143,0.624936015235039,0.7009476080747143,0.4951375739169688,0.6738936496534896,0.4951375739169688,0.6738936496534896,0.5761387633389098,0.634174887189334,0.5761387633389098,0.634174887189334,0.4603602208424986,0.5679441779959074,0.4603602208424986,0.5679441779959074
0.174715835779116,0.1520780237031593,0.174715835779116,0.1520780237031593,0.1809541633034955,0.16233508398504345,0.1809541633034955,0.16233508398504345,0.17405350839595649,0.16133579986611898,0.17405350839595649,0.16133579986611898,0.17695340849571892,0.17453781843430669,0.17695340849571892,0.17453781843430669,0.174715835779116,0.1520780237031593,0.174715835779116,0.1520780237031593,0.1809541633034955,0.16233508398504345,0.1809541633034955,0.16233508398504345,0.1867483795248226,0.20167707412144845,0.1867483795248226,0.20167707412144845,0.1624677586815469,0.2127312876507441,0.16246775868154706,0.2127312876507441,0.1821548994042379,0.20436424364274036,0.1821548994042379,0.20436424364274036,0.19177042387641782,0.23649520745503477,0.19177042387641782,0.23649520745503477,0.18906163574066573,0.20256114049001886,0.18906163574045748,0.20256114049001886,0.18367791905441402,0.2327937763336907,0.18367791905441402,0.2327937763336907,0.21120336758139885,0.2257422028154115,0.21120336758139885,0.2257422028154115,0.24553274493923882,0.2523084690174077,0.24553274493923882,0.2523084690174077,0.19175789012971897,0.2189493944014598,0.19175789012971897,0.2189493944014598,0.2155521459793687,0.23953279213175357,0.2155521459793687,0.23953279213175357,0.20944752110074535,0.22942691566225887,0.20944752110074535,0.22942691566225887,0.19931405614698547,0.23678137186711107,0.19931405614698436,0.23678137186711107
