"(7, -1, 0.1, 100, 0.8, 0.8)","(7, -1, 0.1, 100, 0.8, 1.0)","(7, -1, 0.1, 100, 1.0, 0.8)","(7, -1, 0.1, 100, 1.0, 1.0)","(7, -1, 0.2, 100, 0.8, 0.8)","(7, -1, 0.2, 100, 0.8, 1.0)","(7, -1, 0.2, 100, 1.0, 0.8)","(7, -1, 0.2, 100, 1.0, 1.0)","(7, 5, 0.1, 100, 0.8, 0.8)","(7, 5, 0.1, 100, 0.8, 1.0)","(7, 5, 0.1, 100, 1.0, 0.8)","(7, 5, 0.1, 100, 1.0, 1.0)","(7, 5, 0.2, 100, 0.8, 0.8)","(7, 5, 0.2, 100, 0.8, 1.0)","(7, 5, 0.2, 100, 1.0, 0.8)","(7, 5, 0.2, 100, 1.0, 1.0)","(7, 7, 0.1, 100, 0.8, 0.8)","(7, 7, 0.1, 100, 0.8, 1.0)","(7, 7, 0.1, 100, 1.0, 0.8)","(7, 7, 0.1, 100, 1.0, 1.0)","(7, 7, 0.2, 100, 0.8, 0.8)","(7, 7, 0.2, 100, 0.8, 1.0)","(7, 7, 0.2, 100, 1.0, 0.8)","(7, 7, 0.2, 100, 1.0, 1.0)","(15, -1, 0.1, 100, 0.8, 0.8)","(15, -1, 0.1, 100, 0.8, 1.0)","(15, -1, 0.1, 100, 1.0, 0.8)","(15, -1, 0.1, 100, 1.0, 1.0)","(15, -1, 0.2, 100, 0.8, 0.8)","(15, -1, 0.2, 100, 0.8, 1.0)","(15, -1, 0.2, 100, 1.0, 0.8)","(15, -1, 0.2, 100, 1.0, 1.0)","(15, 5, 0.1, 100, 0.8, 0.8)","(15, 5, 0.1, 100, 0.8, 1.0)","(15, 5, 0.1, 100, 1.0, 0.8)","(15, 5, 0.1, 100, 1.0, 1.0)","(15, 5, 0.2, 100, 0.8, 0.8)","(15, 5, 0.2, 100, 0.8, 1.0)","(15, 5, 0.2, 100, 1.0, 0.8)","(15, 5, 0.2, 100, 1.0, 1.0)","(15, 7, 0.1, 100, 0.8, 0.8)","(15, 7, 0.1, 100, 0.8, 1.0)","(15, 7, 0.1, 100, 1.0, 0.8)","(15, 7, 0.1, 100, 1.0, 1.0)","(15, 7, 0.2, 100, 0.8, 0.8)","(15, 7, 0.2, 100, 0.8, 1.0)","(15, 7, 0.2, 100, 1.0, 0.8)","(15, 7, 0.2, 100, 1.0, 1.0)","(31, -1, 0.1, 100, 0.8, 0.8)","(31, -1, 0.1, 100, 0.8, 1.0)","(31, -1, 0.1, 100, 1.0, 0.8)","(31, -1, 0.1, 100, 1.0, 1.0)","(31, -1, 0.2, 100, 0.8, 0.8)","(31, -1, 0.2, 100, 0.8, 1.0)","(31, -1, 0.2, 100, 1.0, 0.8)","(31, -1, 0.2, 100, 1.0, 1.0)","(31, 5, 0.1, 100, 0.8, 0.8)","(31, 5, 0.1, 100, 0.8, 1.0)","(31, 5, 0.1, 100, 1.0, 0.8)","(31, 5, 0.1, 100, 1.0, 1.0)","(31, 5, 0.2, 100, 0.8, 0.8)","(31, 5, 0.2, 100, 0.8, 1.0)","(31, 5, 0.2, 100, 1.0, 0.8)","(31, 5, 0.2, 100, 1.0, 1.0)","(31, 7, 0.1, 100, 0.8, 0.8)","(31, 7, 0.1, 100, 0.8, 1.0)","(31, 7, 0.1, 100, 1.0, 0.8)","(31, 7, 0.1, 100, 1.0, 1.0)","(31, 7, 0.2, 100, 0.8, 0.8)","(31, 7, 0.2, 100, 0.8, 1.0)","(31, 7, 0.2, 100, 1.0, 0.8)","(31, 7, 0.2, 100, 1.0, 1.0)"
1.8863642753481582,1.8125792339216484,1.8863642753481582,1.8125792339216484,1.930258317806608,1.8655731608427029,1.930258317806608,1.8655731608427029,1.826307333900171,1.9836852062706098,1.826307333900171,1.9836852062706098,1.9267167751809033,1.7961579467902848,1.9267167751809033,1.7961579467902848,1.8863642753481582,1.8125792339216484,1.8863642753481582,1.8125792339216484,1.930258317806608,1.8655731608427029,1.930258317806608,1.8655731608427029,1.8159410378508214,2.256977760185345,1.8159410378508214,2.256977760185345,1.9709639176528506,2.2505798180256393,1.9709639176528506,2.2505798180256393,1.8696337477261524,2.1811402181161736,1.8696337477261524,2.1811402181161736,1.8672735516034205,2.021404842090784,1.8672735516034205,2.021404842090784,1.890311983476612,2.2362072241516517,1.890311983476612,2.2362072241516517,2.0366471332569533,2.1025268794931558,2.0366471332569533,2.1025268794931558,1.7487241868947598,2.012462730318703,1.7487241868947598,2.012462730318703,1.9515420865051487,2.0162368542648474,1.9515420865051487,2.0162368542648474,2.0292166301637646,1.940301153236049,2.0292166301637646,1.940301153236049,1.8737228903725638,2.1713829708939802,1.8737228903725638,2.1713829708939802,1.9125862403860232,1.9595155837177873,1.9125862403860232,1.9595155837177873,1.9846948073656019,2.0822388911494363,1.9846948073656019,2.0822388911494363
0.960527400926415,1.1508380089271808,0.960527400926415,1.1508380089271808,1.2210092666023413,1.2477475461030976,1.2210092666023413,1.2477475461030976,0.8564099293841668,0.978970289820062,0.8564099293841668,0.978970289820062,1.3294912549664537,1.2815293015507911,1.3294912549664537,1.2815293015507911,0.960527400926415,1.1508380089271808,0.960527400926415,1.1508380089271808,1.2210092666023413,1.2477475461030976,1.2210092666023413,1.2477475461030976,0.9721334092855741,1.4825795535500004,0.9721334092855741,1.4825795535500004,1.3750220188192441,1.2751362006428184,1.3750220188192441,1.2751362006428184,1.2906935758309828,1.1882929996457319,1.2906935758309828,1.1882929996457319,1.2904766609170335,1.3735094860545065,1.2904766609170335,1.3735094860545065,1.292162153776742,1.5662255626358483,1.292162153776742,1.5662255626358483,0.8974309488768829,1.307361488629063,0.8974309488768829,1.307361488629063,1.4664586120321152,1.5032388225915823,1.4664586120321152,1.5032388225915823,1.470923796497731,1.445430866892158,1.470923796497731,1.445430866892158,1.1622099089838354,1.0628769828481608,1.1622099089838354,1.0628769828481608,0.9832478244108905,1.3322389133827135,0.9832478244108905,1.3322389133827135,1.4433193979004546,1.1005331418769864,1.4433193979004546,1.1005331418769864,0.9981818120545206,1.3347690001180565,0.9981818120545206,1.3347690001180565
0.4350755487670979,0.3637359358055003,0.4350755487670979,0.3637359358055003,0.3352028419956515,0.2343280134268057,0.3352028419956515,0.2343280134268057,0.3631444159829856,0.33103228751981567,0.3631444159829856,0.33103228751981567,0.2870641883534479,0.26319038535413336,0.2870641883534479,0.26319038535413336,0.4350755487670979,0.3637359358055003,0.4350755487670979,0.3637359358055003,0.3352028419956515,0.2343280134268057,0.3352028419956515,0.2343280134268057,0.19810338402625824,0.2763588586531427,0.19810338402625824,0.2763588586531427,0.24177606174989863,0.15327333302612794,0.24177606174989863,0.15327333302612794,0.3215264425147656,0.3793377742573644,0.3215264425147656,0.3793377742573644,0.16449808150978937,0.14832316117351674,0.16449808150978937,0.14832316117351674,0.15759478318784134,0.251507778050375,0.15759478318784134,0.251507778050375,0.19080839604053884,0.1152908012376578,0.19080839604053884,0.1152908012376578,0.10596992121765457,0.15573068709641452,0.10596992121765457,0.15573068709641452,0.16039355879689143,0.1368341843999861,0.16039355879689143,0.1368341843999861,0.19481417228788286,0.22532934595316442,0.19481417228788286,0.22532934595316442,0.17288667913975128,0.21362265720162618,0.17288667913975128,0.21362265720162618,0.16895829579153102,0.1366128204563689,0.16895829579153102,0.1366128204563689,0.08834762233665677,0.17274848923167416,0.08834762233665677,0.17274848923167416
0.7279928543144051,0.5423777987092332,0.7279928543144051,0.5423777987092332,0.7010898631302629,0.604229094631758,0.7010898631302629,0.604229094631758,0.5971924125470064,0.6102661382104285,0.5971924125470064,0.6102661382104285,0.7735864991517004,0.7561300028080641,0.7735864991517004,0.7561300028080641,0.7279928543144051,0.5423777987092332,0.7279928543144051,0.5423777987092332,0.7010898631302629,0.604229094631758,0.7010898631302629,0.604229094631758,0.6061018187877515,0.5550441919194924,0.6061018187877515,0.5550441919194924,0.9847794051587971,0.9898202285895906,0.9847794051587971,0.9898202285895906,0.6145409254873174,0.5429847167887253,0.6145409254873174,0.5429847167887253,0.825023042820065,0.8343607232819935,0.825023042820065,0.8343607232819935,0.5918123825276398,0.7532497544560016,0.5918123825276398,0.7532497544560016,0.5418036129080303,0.8022026741650756,0.5418036129080303,0.8022026741650756,0.4375438111853853,0.5793422219338239,0.4375438111853853,0.5793422219338239,0.5987662240043151,0.9776479762104949,0.5987662240043151,0.9776479762104949,0.8327805381031747,0.6522649096480826,0.8327805381031747,0.6522649096480826,0.6517428049100868,1.0069974173150082,0.6517428049100868,1.0069974173150082,0.3732400242187875,0.7190871091709274,0.3732400242187875,0.7190871091709274,0.5587143763873968,0.8027155271486177,0.5587143763873968,0.8027155271486177
1.824828195297793,1.864143521447178,1.824828195297793,1.864143521447178,1.4977776100346025,1.8221935218434004,1.4977776100346025,1.8221935218434004,2.221836349117747,1.8906171033439907,2.221836349117747,1.8906171033439907,2.000718092259116,1.7912431047093498,2.000718092259116,1.7912431047093498,1.824828195297793,1.864143521447178,1.824828195297793,1.864143521447178,1.4977776100346025,1.8221935218434004,1.4977776100346025,1.8221935218434004,2.601243714726261,3.0591264203851227,2.601243714726261,3.0591264203851227,1.9269492133434407,3.4694501576353005,1.9269492133434407,3.4694501576353005,2.226055914793393,2.2838469906741095,2.226055914793393,2.2838469906741095,2.6295217425381705,2.5522966575889674,2.6295217425381705,2.5522966575889674,2.2077477139806656,2.4448971017243606,2.2077477139806656,2.4448971017243606,1.979288747080772,3.214910380918693,1.979288747080772,3.214910380918693,2.180844032460763,2.027510285144575,2.180844032460763,2.027510285144575,2.7232746051521968,1.7264761557110344,2.7232746051521968,1.7264761557110344,2.4915403963200733,2.107091291265492,2.4915403963200733,2.107091291265492,1.956303168381811,2.5349983472349753,1.956303168381811,2.5349983472349753,2.0511923545163757,2.2959369452158263,2.0511923545163757,2.2959369452158263,1.7534556431975985,1.9047304485261172,1.7534556431975985,1.9047304485261172
1.282476944782956,1.1685471380071282,1.282476944782956,1.1685471380071282,1.4300299108254122,1.2213114375893017,1.4300299108254122,1.2213114375893017,1.2731137727915496,1.2783791325782383,1.2731137727915496,1.2783791325782383,1.740424102723797,1.372099921285057,1.740424102723797,1.372099921285057,1.282476944782956,1.1685471380071282,1.282476944782956,1.1685471380071282,1.4300299108254122,1.2213114375893017,1.4300299108254122,1.2213114375893017,1.6009331083439367,1.037988022274815,1.6009331083439367,1.037988022274815,1.8048916816227352,1.373132991337355,1.8048916816227352,1.373132991337355,1.492415887542636,1.1382997233325223,1.492415887542636,1.1382997233325223,1.465682784082118,1.6888837305094238,1.465682784082118,1.6888837305094238,1.2570616759173345,1.1699853819343549,1.2570616759173345,1.1699853819343549,1.672314620265011,1.20391210949359,1.672314620265011,1.20391210949359,0.9820626703915567,1.4352819143210287,0.9820626703915567,1.4352819143210287,1.8061942202510828,1.2792599705525745,1.8061942202510828,1.2792599705525745,1.1937324397754527,0.9762261006182318,1.1937324397754527,0.9762261006182318,1.115478277551939,1.5488072927326828,1.115478277551939,1.5488072927326828,1.2222141108504618,1.0085599078288687,1.2222141108504618,1.0085599078288687,1.335067824111401,1.0184523071121716,1.335067824111401,1.0184523071121716
1.5753460118743519,1.3735676827542864,1.5753460118743519,1.3735676827542864,1.9462917227998906,1.6481033679927117,1.9462917227998906,1.6481033679927117,1.4725481333908674,1.5325493287933203,1.4725481333908674,1.5325493287933203,1.553074936241476,1.8749107852394116,1.553074936241476,1.8749107852394116,1.5753460118743519,1.3735676827542864,1.5753460118743519,1.3735676827542864,1.9462917227998906,1.6481033679927117,1.9462917227998906,1.6481033679927117,1.7243729297775028,1.5052140719105331,1.7243729297775028,1.5052140719105331,1.7395189534193547,1.8821872141987295,1.7395189534193547,1.8821872141987295,1.4985175786955158,1.6411744615874675,1.4985175786955158,1.6411744615874675,1.4301298369763404,2.016081481853533,1.4301298369763404,2.016081481853533,1.886550593324309,1.2758186020081042,1.886550593324309,1.2758186020081042,1.9527789049742796,1.923172753304135,1.9527789049742796,1.923172753304135,1.5694575687577357,1.593743831790577,1.5694575687577357,1.593743831790577,2.2725958418848085,2.1795631780873337,2.2725958418848085,2.1795631780873337,1.5662408310756117,1.739498915136008,1.5662408310756117,1.739498915136008,1.7540975065003912,1.7645144934881205,1.7540975065003912,1.7645144934881205,1.3851898952935215,1.6521915806125933,1.3851898952935215,1.6521915806125933,1.8431572965557521,2.388283813119191,1.8431572965557521,2.388283813119191
3.6794339124599116,4.271163151012418,3.6794339124599116,4.271163151012418,3.6098848817214466,3.2748554134365766,3.6098848817214466,3.2748554134365766,4.131765623910863,5.066936227992207,4.131765623910863,5.066936227992207,4.737007237336102,2.933933625196382,4.737007237336102,2.933933625196382,3.6794339124599116,4.271163151012418,3.6794339124599116,4.271163151012418,3.6098848817214466,3.2748554134365766,3.6098848817214466,3.2748554134365766,4.5496424043966925,3.115482435166369,4.5496424043966925,3.115482435166369,3.128865022630484,6.356438460418066,3.128865022630484,6.356438460418066,4.464449757366413,4.962612122934428,4.464449757366413,4.962612122934428,5.434049202862224,5.2356786063866885,5.434049202862224,5.2356786063866885,3.9333678886378842,4.236567790526144,3.9333678886378842,4.236567790526144,4.237422418302726,4.950117566278093,4.237422418302726,4.950117566278093,4.97819831472658,5.367368372752857,4.97819831472658,5.367368372752857,6.369057580632517,5.533436849838146,6.369057580632517,5.533436849838146,5.550182555008155,7.660330263922587,5.550182555008155,7.660330263922587,4.576241229361635,4.509636271278546,4.576241229361635,4.509636271278546,5.220508800228298,6.073350408817301,5.220508800228298,6.073350408817301,5.123984225845991,2.4386468650271356,5.123984225845991,2.4386468650271356
0.4760797886585013,0.4355486007492142,0.4760797886585013,0.4355486007492142,0.4425416008994862,0.5926707205419658,0.4425416008994862,0.5926707205419658,0.3428262278956012,0.4630821080323551,0.3428262278956012,0.4630821080323551,0.6563401368189755,0.5125708723948027,0.6563401368189755,0.5125708723948027,0.4760797886585013,0.4355486007492142,0.4760797886585013,0.4355486007492142,0.4425416008994862,0.5926707205419658,0.4425416008994862,0.5926707205419658,0.4863858296368116,0.44136871300146224,0.4863858296368116,0.44136871300146224,0.574942832021242,0.4216091503349085,0.574942832021242,0.4216091503349085,0.4648443207846695,0.401389191736196,0.4648443207846695,0.401389191736196,0.4407116268048947,0.5109600543855484,0.4407116268048947,0.5109600543855484,0.2952484859411716,0.6058360877964398,0.2952484859411716,0.6058360877964398,0.6314601679405553,0.42034479823867194,0.6314601679405553,0.42034479823867194,0.4373897982821626,0.2372499249841631,0.4373897982821626,0.2372499249841631,0.3364060601482996,0.3639248050008543,0.3364060601482996,0.3639248050008543,0.5952517094875277,0.38873790661631064,0.5952517094875277,0.38873790661631064,0.32192669642903116,0.5668655633878709,0.32192669642903116,0.5668655633878709,0.624468082664134,0.3254609518747652,0.624468082664134,0.3254609518747652,0.6021765889847979,0.4736761723942564,0.6021765889847979,0.4736761723942564
1.158622415089523,1.2642500081515562,1.158622415089523,1.2642500081515562,1.0625277927096348,1.1611711382108207,1.0625277927096348,1.1611711382108207,1.1972969718607909,1.2728269209505878,1.1972969718607909,1.2728269209505878,1.1748237642211832,1.181500903737277,1.1748237642211832,1.181500903737277,1.158622415089523,1.2642500081515562,1.158622415089523,1.2642500081515562,1.0625277927096348,1.1611711382108207,1.0625277927096348,1.1611711382108207,1.0798952132877728,1.1241610603850576,1.0798952132877728,1.1241610603850576,0.990438496567962,1.1325917327901176,0.990438496567962,1.1325917327901176,1.2197168397289166,1.4534445755106724,1.2197168397289166,1.4534445755106724,1.3600293147602993,1.4747753375832773,1.3600293147602993,1.4747753375832773,1.0339946709003514,1.2393977337467141,1.0339946709003514,1.2393977337467141,1.3089737976757154,1.1750510800940852,1.3089737976757154,1.1750510800940852,1.3800255478954346,1.2427442574432288,1.3800255478954346,1.2427442574432288,1.4977351825000065,1.598799843052948,1.4977351825000065,1.598799843052948,1.3213313455134688,1.2336648630138505,1.3213313455134688,1.2336648630138505,1.1871957823921637,1.2852141846983294,1.1871957823921637,1.2852141846983294,1.4540662563604927,1.4476046152409034,1.4540662563604927,1.4476046152409034,1.251552925568665,1.3245232462592222,1.251552925568665,1.3245232462592222
1.807425436804829,1.7546008347569055,1.807425436804829,1.7546008347569055,1.467154840707989,1.8240460536045315,1.467154840707989,1.8240460536045315,1.7784473663478926,1.838088770055109,1.7784473663478926,1.838088770055109,1.3467597675591176,1.6653222636827425,1.3467597675591176,1.6653222636827425,1.807425436804829,1.7546008347569055,1.807425436804829,1.7546008347569055,1.467154840707989,1.8240460536045315,1.467154840707989,1.8240460536045315,1.5783946075418116,1.3818789751104956,1.5783946075418116,1.3818789751104956,1.115776467727997,1.3219592046486939,1.115776467727997,1.3219592046486939,1.637572928782433,1.6388401759706714,1.637572928782433,1.6388401759706714,1.0893183503662338,1.6112718989223904,1.0893183503662338,1.6112718989223904,1.4491424093882126,1.5919566232810272,1.4491424093882126,1.5919566232810272,1.0201740440507374,2.142872816035004,1.0201740440507374,2.142872816035004,1.0701689965174332,1.4771628927051137,1.0701689965174332,1.4771628927051137,1.159158018162639,1.1945072126201581,1.159158018162639,1.1945072126201581,1.587696622882548,1.6309652102722934,1.587696622882548,1.6309652102722934,1.2759953136897284,1.4116726939403574,1.2759953136897284,1.4116726939403574,1.2399576888455182,1.241973020412008,1.2399576888455182,1.241973020412008,0.713350074260924,1.487923140659526,0.713350074260924,1.487923140659526
0.6151829859644328,0.6774292900768704,0.6151829859644328,0.6774292900768704,0.6938901702287001,0.6361956964175199,0.6938901702287001,0.6361956964175199,0.6013465397820327,0.6810885450264705,0.6013465397820327,0.6810885450264705,0.6724024079234887,0.6868383194096176,0.6724024079234887,0.6868383194096176,0.6151829859644328,0.6774292900768704,0.6151829859644328,0.6774292900768704,0.6938901702287001,0.6361956964175199,0.6938901702287001,0.6361956964175199,0.5880512037974177,0.4579547316572849,0.5880512037974177,0.4579547316572849,0.4368277804629889,0.6178223489861673,0.4368277804629889,0.6178223489861673,0.6381481505464761,0.6012809761064528,0.6381481505464761,0.6012809761064528,0.6442196044058291,0.5711427062444657,0.6442196044058291,0.5711427062444657,0.5626777967299095,0.4924007401059383,0.5626777967299095,0.4924007401059383,0.4019036103360577,0.5367000525281994,0.4019036103360577,0.5367000525281994,0.6067143764632482,0.47677133107655706,0.6067143764632482,0.47677133107655706,0.6343831172980212,0.5587105037800366,0.6343831172980212,0.5587105037800366,0.559508575515927,0.5943880626573562,0.559508575515927,0.5943880626573562,0.5456252390604415,0.6567881910736181,0.5456252390604415,0.6567881910736181,0.5471703357035221,0.5426858494303869,0.5471703357035221,0.5426858494303869,0.44471066754312194,0.5634351391425962,0.44471066754312194,0.5634351391425962
0.2669367887562433,0.2443418539094682,0.2669367887562433,0.2443418539094682,0.17263907229393316,0.25492712170725856,0.17263907229393316,0.25492712170725856,0.2859912488273632,0.25939163493349604,0.2859912488273632,0.25939163493349604,0.21948977664709554,0.16497416711366095,0.21948977664709554,0.16497416711366095,0.2669367887562433,0.2443418539094682,0.2669367887562433,0.2443418539094682,0.17263907229393316,0.25492712170725856,0.17263907229393316,0.25492712170725856,0.12428160429321404,0.22154719935384526,0.12428160429321404,0.22154719935384526,0.15613861550570846,0.2641067291212402,0.15613861550570846,0.2641067291212402,0.23994093878195247,0.22219846809597907,0.23994093878195247,0.22219846809597907,0.21055536228601293,0.13920040026652603,0.21055536228601293,0.13920040026652603,0.1696040669402411,0.19895716590720713,0.1696040669402411,0.19895716590720713,0.09836417775062772,0.1667228601251935,0.09836417775062772,0.1667228601251935,0.14906237449257298,0.1378535192771449,0.14906237449257298,0.1378535192771449,0.20860921467886032,0.08527151464712636,0.20860921467886032,0.08527151464712636,0.12242965570495579,0.17895791167548872,0.12242965570495579,0.17895791167548872,0.17611344220638164,0.09616375718868944,0.17611344220638164,0.09616375718868944,0.13409673332609878,0.11512356293166669,0.13409673332609878,0.11512356293166669,0.13517875509632318,0.07681568276786119,0.13517875509632318,0.07681568276786119
0.7575964035199457,1.1839424211995038,0.7575964035199457,1.1839424211995038,1.2681501560337245,1.482785421067152,1.2681501560337245,1.482785421067152,0.7907464563130573,1.1188834969618884,0.7907464563130573,1.1188834969618884,0.9654590699623691,0.6452380125080948,0.9654590699623691,0.6452380125080948,0.7575964035199457,1.1839424211995038,0.7575964035199457,1.1839424211995038,1.2681501560337245,1.482785421067152,1.2681501560337245,1.482785421067152,1.0379188988413761,0.7092448417424788,1.0379188988413761,0.7092448417424788,0.8075743953013736,1.1838705731286694,0.8075743953013736,1.1838705731286694,1.4354389729899324,0.8586583440055351,1.4354389729899324,0.8586583440055351,1.9823515775218925,0.9588286207025767,1.9823515775218925,0.9588286207025767,1.215608595844388,0.9020406065652521,1.215608595844388,0.9020406065652521,0.9394472594520552,1.3918264294588083,0.9394472594520552,1.3918264294588083,0.7953409308343342,0.7483609266299007,0.7953409308343342,0.7483609266299007,1.0076694140794558,0.9970188365431166,1.0076694140794558,0.9970188365431166,0.8685939247318434,0.9248494924559291,0.8685939247318434,0.9248494924559291,0.8089314727627223,1.5153073511713937,0.8089314727627223,1.5153073511713937,0.5518231952995836,0.9918746227105416,0.5518231952995836,0.9918746227105416,0.7131520988612462,0.8953830659988915,0.7131520988612462,0.8953830659988915
0.9991566106766154,0.8298717967362828,0.9991566106766154,0.8298717967362828,1.2510911817357806,1.2210369124795095,1.2510911817357806,1.2210369124795095,0.9361819078971785,0.8878210341361146,0.9361819078971785,0.8878210341361146,1.3807098152802153,0.8652385427668474,1.3807098152802153,0.8652385427668474,0.9991566106766154,0.8298717967362828,0.9991566106766154,0.8298717967362828,1.2510911817357806,1.2210369124795095,1.2510911817357806,1.2210369124795095,0.9650961041106334,0.9237303158181481,0.9650961041106334,0.9237303158181481,0.8383360511715896,0.8514594507058306,0.8383360511715896,0.8514594507058306,0.9295507663011409,0.8346542965371161,0.9295507663011409,0.8346542965371161,1.0363029562782424,0.9508599086202457,1.0363029562782424,0.9508599086202457,0.9036095244025711,1.0947792269153511,0.9036095244025711,1.0947792269153511,0.9533164462519287,0.786876804421399,0.9533164462519287,0.786876804421399,1.0237684982384794,0.7585098516076094,1.0237684982384794,0.7585098516076094,0.528426712503663,0.5593236734753141,0.528426712503663,0.5593236734753141,1.0119211334437574,0.8324182290180073,1.0119211334437574,0.8324182290180073,1.1262688686957414,0.5834186680105216,1.1262688686957414,0.5834186680105216,0.764670854408371,0.8031110905229131,0.764670854408371,0.8031110905229131,0.9672152358924563,0.21230617157375772,0.9672152358924563,0.21230617157375772
0.4776365150281718,0.4244745070768635,0.4776365150281718,0.4244745070768635,0.43575912935910593,0.44904377029889153,0.43575912935910593,0.44904377029889153,0.4875242618412927,0.4121589244536984,0.4875242618412927,0.4121589244536984,0.4728745182467101,0.44968398018845485,0.4728745182467101,0.44968398018845485,0.4776365150281718,0.4244745070768635,0.4776365150281718,0.4244745070768635,0.43575912935910593,0.44904377029889153,0.43575912935910593,0.44904377029889153,0.4823469213935366,0.43758374625322766,0.4823469213935366,0.43758374625322766,0.4971520509072223,0.33506102594819537,0.4971520509072223,0.33506102594819537,0.44696984749183966,0.48676728787005913,0.44696984749183966,0.48676728787005913,0.5735742159044378,0.3808933088484715,0.5735742159044378,0.3808933088484715,0.5037177717500763,0.385333801721858,0.5037177717500763,0.385333801721858,0.5968109899412083,0.4125401551339097,0.5968109899412083,0.4125401551339097,0.4874920408611703,0.46333401741678937,0.4874920408611703,0.46333401741678937,0.5798986179587683,0.42837541061930134,0.5798986179587683,0.42837541061930134,0.44077091892181375,0.5277003960503681,0.44077091892181375,0.5277003960503681,0.40021675300385706,0.4985441307232686,0.40021675300385706,0.4985441307232686,0.5135528737481139,0.4465469455178219,0.5135528737481139,0.4465469455178219,0.60725985750552,0.4587453311359849,0.60725985750552,0.4587453311359849
0.33351807691799695,0.35508501637910644,0.33351807691799695,0.35508501637910644,0.4518518696118091,0.42403422979328703,0.4518518696118091,0.42403422979328703,0.38185527975866995,0.32250638735340115,0.38185527975866995,0.32250638735340115,0.3532409635714587,0.3655717894197638,0.3532409635714587,0.3655717894197638,0.33351807691799695,0.35508501637910644,0.33351807691799695,0.35508501637910644,0.4518518696118091,0.42403422979328703,0.4518518696118091,0.42403422979328703,0.45752173227470316,0.346461075174656,0.45752173227470316,0.346461075174656,0.4878868782421422,0.33616154059614334,0.4878868782421422,0.33616154059614334,0.4465019227927271,0.3748113569514002,0.4465019227927271,0.3748113569514002,0.8265118831330802,0.465187217734247,0.8265118831330802,0.465187217734247,0.44329334045706265,0.41128004133603735,0.44329334045706265,0.41128004133603735,0.4530162820228746,0.444120446288451,0.4530162820228746,0.444120446288451,0.3972674639120146,0.27749300685309974,0.3972674639120146,0.27749300685309974,0.5408586527318685,0.28650104106678637,0.5408586527318685,0.28650104106678637,0.545789147742773,0.38027567006883045,0.545789147742773,0.38027567006883045,0.5042970928613698,0.30616030350742235,0.5042970928613698,0.30616030350742235,0.5671389529098737,0.4427579030201094,0.5671389529098737,0.4427579030201094,0.29994663089480805,0.5361558424540739,0.29994663089480805,0.5361558424540739
0.5175876352312633,0.4677576575814456,0.5175876352312633,0.4677576575814456,0.5106407848225071,0.44825801651253416,0.5106407848225071,0.44825801651253416,0.499383141192428,0.46953738581198995,0.499383141192428,0.46953738581198995,0.43032272675254885,0.41532170768792,0.43032272675254885,0.41532170768792,0.5175876352312633,0.4677576575814456,0.5175876352312633,0.4677576575814456,0.5106407848225071,0.44825801651253416,0.5106407848225071,0.44825801651253416,0.4958013648128422,0.4239510221588734,0.4958013648128422,0.4239510221588734,0.39648017653776163,0.41760106047378376,0.39648017653776163,0.41760106047378376,0.4402233900981663,0.4609327706622988,0.4402233900981663,0.4609327706622988,0.4367004038769422,0.42569291140429394,0.4367004038769422,0.42569291140429394,0.5385226018951336,0.45521995000801946,0.5385226018951336,0.45521995000801946,0.4723848824574766,0.42340211560854607,0.4723848824574766,0.42340211560854607,0.359077859072179,0.40706323346208817,0.359077859072179,0.40706323346208817,0.5027541908429282,0.28459278556906603,0.5027541908429282,0.28459278556906603,0.3643764402954446,0.42791911517413056,0.3643764402954446,0.42791911517413056,0.41210492396156123,0.35503257494894286,0.41210492396156123,0.35503257494894286,0.40183880866208327,0.44733216960389505,0.40183880866208327,0.44733216960389505,0.4458145557876671,0.46205358278550845,0.4458145557876671,0.46205358278550845
0.7450636550203544,0.7303170567488935,0.7450636550203544,0.7303170567488935,0.6778459205776034,0.6767224526174598,0.6778459205776034,0.6767224526174598,0.7781801892480743,0.7396895485142424,0.7781801892480743,0.7396895485142424,0.6944318045673182,0.67887828995783,0.6944318045673182,0.67887828995783,0.7450636550203544,0.7303170567488935,0.7450636550203544,0.7303170567488935,0.6778459205776034,0.6767224526174598,0.6778459205776034,0.6767224526174598,0.698890689189107,0.7333766896511289,0.698890689189107,0.7333766896511289,0.7229443375306205,0.8558481580923049,0.7229443375306205,0.8558481580923049,0.794596492821821,0.745224561500797,0.794596492821821,0.745224561500797,0.9062751725650577,0.7288273232278399,0.9062751725650577,0.7288273232278399,0.7846448677792504,0.7639357701251002,0.7846448677792504,0.7639357701251002,1.07521712256996,0.6622153773142448,1.07521712256996,0.6622153773142448,0.7884134187244286,0.6304560094127581,0.7884134187244286,0.6304560094127581,1.096953133605904,0.9756138245248245,1.096953133605904,0.9756138245248245,0.7628216489023764,0.6386564346718315,0.7628216489023764,0.6386564346718315,0.7868136626098231,0.6998424009575989,0.7868136626098231,0.6998424009575989,0.6735158261136919,0.7648976058465679,0.6735158261136919,0.7648976058465679,0.833934413605614,0.9681806207007897,0.833934413605614,0.9681806207007897
0.4316586634984491,0.37310837508895395,0.4316586634984491,0.37310837508895395,0.3792799798735275,0.3344622099008429,0.3792799798735275,0.3344622099008429,0.4202919311463445,0.38062411853194084,0.4202919311463445,0.38062411853194084,0.41298100696887263,0.3783964127188231,0.41298100696887263,0.3783964127188231,0.4316586634984491,0.37310837508895395,0.4316586634984491,0.37310837508895395,0.3792799798735275,0.3344622099008429,0.3792799798735275,0.3344622099008429,0.3964459715538912,0.3728049685443901,0.3964459715538912,0.3728049685443901,0.43314348115073614,0.41832377869903753,0.43314348115073614,0.41832377869903753,0.36188056842698774,0.3599806846830152,0.36188056842698774,0.3599806846830152,0.4835195410408777,0.4675873999559641,0.4835195410408777,0.4675873999559641,0.42956115610743156,0.36931161067639245,0.42956115610743156,0.36931161067639245,0.5064458862161386,0.3874010519802862,0.5064458862161386,0.3874010519802862,0.504144871504877,0.4616344921155238,0.504144871504877,0.4616344921155238,0.5382357924141005,0.6966510823540619,0.5382357924141005,0.6966510823540619,0.4793154813751519,0.42014662897901606,0.4793154813751519,0.42014662897901606,0.44079945645216073,0.4430895576656613,0.44079945645216073,0.4430895576656613,0.5036184515002485,0.4161355213883906,0.5036184515002485,0.4161355213883906,0.5892844872565068,0.5513326253163249,0.5892844872565068,0.5513326253163249
1.2395677714321882,1.2172235429935592,1.2395677714321882,1.2172235429935592,1.5489001905467397,1.7761790516229823,1.5489001905467397,1.7761790516229823,1.299803061348356,1.403386439842282,1.299803061348356,1.403386439842282,1.5510924406403925,1.6178349553557296,1.5510924406403925,1.6178349553557296,1.2395677714321882,1.2172235429935592,1.2395677714321882,1.2172235429935592,1.5489001905467397,1.7761790516229823,1.5489001905467397,1.7761790516229823,1.3566051816600286,1.504495888630368,1.3566051816600286,1.504495888630368,1.7807686789150752,1.5132505297691183,1.7807686789150752,1.5132505297691183,1.059225845947614,1.210775626239945,1.059225845947614,1.210775626239945,1.0423860510800662,1.632921717268311,1.0423860510800662,1.632921717268311,1.1029556097103623,1.3629355203742424,1.1029556097103623,1.3629355203742424,0.9554632295826013,1.7605656287176588,0.9554632295826013,1.7605656287176588,1.2372899699465576,0.8884202114353735,1.2372899699465576,0.8884202114353735,0.87023956518231,1.1053476116918894,0.87023956518231,1.1053476116918894,1.0352212637063303,1.1179767253511368,1.0352212637063303,1.1179767253511368,1.0922103517926371,0.8485896624250285,1.0922103517926371,0.8485896624250285,0.9230725842075692,1.0248719530238912,0.9230725842075692,1.0248719530238912,0.9653178389481779,1.1866099776541634,0.9653178389481779,1.1866099776541634
2.1021802257430204,2.266776416744021,2.1021802257430204,2.266776416744021,2.130065023979786,2.5363191854626437,2.130065023979786,2.5363191854626437,2.0459800123931697,2.1856241958628417,2.0459800123931697,2.1856241958628417,2.140724246585289,2.6242760946753627,2.140724246585289,2.6242760946753627,2.1021802257430204,2.266776416744021,2.1021802257430204,2.266776416744021,2.130065023979786,2.5363191854626437,2.130065023979786,2.5363191854626437,2.1873113058431,2.4493747421692853,2.1873113058431,2.4493747421692853,1.8141480708956907,1.9937637899843466,1.8141480708956907,1.9937637899843466,2.276587799429246,2.7330178830635443,2.276587799429246,2.7330178830635443,2.337657347201418,3.1960698020131417,2.337657347201418,3.1960698020131417,2.163557595829099,2.4523397519476586,2.163557595829099,2.4523397519476586,2.094093388774643,2.346687941212649,2.094093388774643,2.346687941212649,1.9194893105517288,2.1950034752113865,1.9194893105517288,2.1950034752113865,2.0933457080813564,2.4539448263153334,2.0933457080813564,2.4539448263153334,1.9414361445769133,2.3564988051956868,1.9414361445769133,2.3564988051956868,1.4381367062630466,2.3086103429999105,1.4381367062630466,2.3086103429999105,1.9123743202715222,2.290700007102198,1.9123743202715222,2.290700007102198,1.9660043937457885,2.1526152137690096,1.9660043937457885,2.1526152137690096
0.3203392663707494,0.3817674139035096,0.3203392663707494,0.3817674139035096,0.44783904782392625,0.4422407307867375,0.44783904782392625,0.4422407307867375,0.33947488429697614,0.4203939087383356,0.33947488429697614,0.4203939087383356,0.44497332563822783,0.4512040633705245,0.44497332563822783,0.4512040633705245,0.3203392663707494,0.3817674139035096,0.3203392663707494,0.3817674139035096,0.44783904782392625,0.4422407307867375,0.44783904782392625,0.4422407307867375,0.4852092550781201,0.4099767361755793,0.4852092550781201,0.4099767361755793,0.4095485783346033,0.2546541219295829,0.4095485783346033,0.2546541219295829,0.416745984017104,0.383508109361608,0.416745984017104,0.383508109361608,0.5826268157543845,0.5564531176348428,0.5826268157543845,0.5564531176348428,0.3663008189428,0.39557193390873757,0.3663008189428,0.39557193390873757,0.43577850764885045,0.37885680439108477,0.43577850764885045,0.37885680439108477,0.46672711059935845,0.3405566114468738,0.46672711059935845,0.3405566114468738,0.5014612347698157,0.25077105546267414,0.5014612347698157,0.25077105546267414,0.4306355108059728,0.4604046981607527,0.4306355108059728,0.4604046981607527,0.7540380865426654,0.636019538127049,0.7540380865426654,0.636019538127049,0.4313697568087382,0.47313462096814607,0.4313697568087382,0.47313462096814607,0.5816746610568889,0.3828198447247265,0.5816746610568889,0.3828198447247265
0.30187131074355095,0.2698928716499309,0.30187131074355095,0.2698928716499309,0.17975295648155876,0.2214469543938965,0.17975295648155876,0.2214469543938965,0.3160619128513568,0.2733367024724803,0.3160619128513568,0.2733367024724803,0.1872648425465722,0.1875669746715507,0.1872648425465722,0.1875669746715507,0.30187131074355095,0.2698928716499309,0.30187131074355095,0.2698928716499309,0.17975295648155876,0.2214469543938965,0.17975295648155876,0.2214469543938965,0.21558829420403589,0.23661038335029136,0.21558829420403589,0.23661038335029136,0.1732412551374203,0.33285949340948967,0.1732412551374203,0.33285949340948967,0.2019361141029522,0.20333043305359344,0.2019361141029522,0.20333043305359344,0.23008027637805564,0.26785661261213306,0.23008027637805564,0.26785661261213306,0.18283257164022934,0.2401356952076409,0.18283257164022934,0.2401356952076409,0.20854669626511255,0.32983994711339637,0.20854669626511255,0.32983994711339637,0.19511949992393104,0.1770161883322701,0.19511949992393104,0.1770161883322701,0.2748643972403398,0.2415987172113895,0.2748643972403398,0.2415987172113895,0.18781425514345995,0.21651673740857824,0.18781425514345995,0.21651673740857824,0.1877127174430099,0.22540567414232957,0.1877127174430099,0.22540567414232957,0.2614398683805646,0.2480830272569069,0.2614398683805646,0.2480830272569069,0.2694448573753672,0.26988064226475134,0.2694448573753672,0.26988064226475134
1.6071807572629553,1.4265803042257914,1.6071807572629553,1.4265803042257914,1.3919979196981909,1.364465507150595,1.3919979196981909,1.364465507150595,1.7513240205853153,1.5863336110786035,1.7513240205853153,1.5863336110786035,1.6003320068265032,1.5539183086961308,1.6003320068265032,1.5539183086961308,1.6071807572629553,1.4265803042257914,1.6071807572629553,1.4265803042257914,1.3919979196981909,1.364465507150595,1.3919979196981909,1.364465507150595,1.7594787663901008,1.599838970326684,1.7594787663901008,1.599838970326684,1.1635435496467814,1.5803850392729195,1.1635435496467814,1.5803850392729195,1.8042667403521586,1.507304759255707,1.8042667403521586,1.507304759255707,1.299577708066171,1.3487259084051004,1.299577708066171,1.3487259084051004,1.9061011386793394,1.6081333265020783,1.9061011386793394,1.6081333265020783,1.8518732047827136,1.0658175485594927,1.8518732047827136,1.0658175485594927,1.7307965517227586,1.1430525641958555,1.7307965517227586,1.1430525641958555,1.7735675073592068,1.487478040434909,1.7735675073592068,1.487478040434909,1.6830534672116222,1.6412801308332048,1.6830534672116222,1.6412801308332048,1.1606715986872918,1.4735258265744415,1.1606715986872918,1.4735258265744415,1.2695565982870909,1.6161426591465484,1.2695565982870909,1.6161426591465484,1.5224514602440424,1.1888935680840336,1.5224514602440424,1.1888935680840336
0.14072343810968962,0.220602504703669,0.14072343810968962,0.220602504703669,0.23146446526687922,0.22828800433376867,0.23146446526687922,0.22828800433376867,0.15220334611648773,0.2012982353688629,0.15220334611648773,0.2012982353688629,0.2664136530852299,0.17208587081234192,0.2664136530852299,0.17208587081234192,0.14072343810968962,0.220602504703669,0.14072343810968962,0.220602504703669,0.23146446526687922,0.22828800433376867,0.23146446526687922,0.22828800433376867,0.17471707346160456,0.3848440860521557,0.17471707346160456,0.3848440860521557,0.18415949874380952,0.46580328225375717,0.18415949874380952,0.46580328225375717,0.19897999211636797,0.255134199575657,0.19897999211636797,0.255134199575657,0.3906156624491634,0.3665489996280698,0.3906156624491634,0.3665489996280698,0.19489262228700188,0.30358278405363315,0.19489262228700188,0.30358278405363315,0.23903715744488507,0.45876839579849993,0.23903715744488507,0.45876839579849993,0.29573614664000797,0.8093552786772215,0.29573614664000797,0.8093552786772215,0.42236197186619967,0.5060314108410293,0.42236197186619967,0.5060314108410293,0.21501453765469453,0.22454571307158325,0.21501453765469453,0.22454571307158325,0.2512753878618783,0.3094388028552803,0.2512753878618783,0.3094388028552803,0.317622272035084,0.21563990996426868,0.317622272035084,0.21563990996426868,0.3851643115568776,0.5045565805613441,0.3851643115568776,0.5045565805613441
1.91785097407541,1.8549162555152312,1.91785097407541,1.8549162555152312,1.8775923916933672,1.2585031000578926,1.8775923916933672,1.2585031000578926,1.8885409514431066,1.82434795843869,1.8885409514431066,1.82434795843869,2.0781949332841454,1.6329476458496393,2.0781949332841454,1.6329476458496393,1.91785097407541,1.8549162555152312,1.91785097407541,1.8549162555152312,1.8775923916933672,1.2585031000578926,1.8775923916933672,1.2585031000578926,1.8434178767710896,1.6007744819654481,1.8434178767710896,1.6007744819654481,2.167741779527945,1.9251326297421423,2.167741779527945,1.9251326297421423,1.7290207801275421,1.5873545389065855,1.7290207801275421,1.5873545389065855,1.3862286560378951,2.016054847513571,1.3862286560378951,2.016054847513571,1.5193109238261284,1.7200761023773865,1.5193109238261284,1.7200761023773865,2.0517307135471565,1.6243005833776194,2.0517307135471565,1.6243005833776194,1.404359946949263,1.9666959571285145,1.404359946949263,1.9666959571285145,1.3462739806141582,2.174658296245408,1.3462739806141582,2.174658296245408,1.7882158398180785,1.6199058259498484,1.7882158398180785,1.6199058259498484,1.408774909263366,1.381585573096634,1.408774909263366,1.381585573096634,1.6135269308652491,1.464537419575282,1.6135269308652491,1.464537419575282,1.7227581218660626,1.5876407169011963,1.7227581218660626,1.5876407169011963
0.7457909090366152,0.7608815695458631,0.7457909090366152,0.7608815695458631,0.8194825564053797,0.915635111574355,0.8194825564053797,0.915635111574355,0.8391977889010577,0.7713604288446508,0.8391977889010577,0.7713604288446508,0.7587433518465816,0.8855442196651624,0.7587433518465816,0.8855442196651624,0.7457909090366152,0.7608815695458631,0.7457909090366152,0.7608815695458631,0.8194825564053797,0.915635111574355,0.8194825564053797,0.915635111574355,0.8508772351922897,0.7006189962077163,0.8508772351922897,0.7006189962077163,0.8300629770771163,0.7808661631891529,0.8300629770771163,0.7808661631891529,0.8771045108792728,1.0339101021144619,0.8771045108792728,1.0339101021144619,0.7851354826942022,0.9277533438434896,0.7851354826942022,0.9277533438434896,0.7937760369901532,0.7949035476334515,0.7937760369901532,0.7949035476334515,0.8964807398727695,0.8060308490079529,0.8964807398727695,0.8060308490079529,0.7986842952073429,0.5899505577140419,0.7986842952073429,0.5899505577140419,0.779650557591519,0.5997250997750476,0.779650557591519,0.5997250997750476,0.8608933533507035,0.9935843502934198,0.8608933533507035,0.9935843502934198,0.6169385210071123,0.8344477633205094,0.6169385210071123,0.8344477633205094,1.0172257652187102,0.8437155202176366,1.0172257652187102,0.8437155202176366,0.7208840178592554,0.8284988769705738,0.7208840178592554,0.8284988769705738
1.454353532253062,1.4292071222189195,1.454353532253062,1.4292071222189195,1.4709343541282784,1.644707682437079,1.4709343541282784,1.644707682437079,1.485713168789398,1.4796610798100318,1.485713168789398,1.4796610798100318,1.4452632784918171,1.6419785285339625,1.4452632784918171,1.6419785285339625,1.454353532253062,1.4292071222189195,1.454353532253062,1.4292071222189195,1.4709343541282784,1.644707682437079,1.4709343541282784,1.644707682437079,1.4946365294255328,1.8745326229117645,1.4946365294255328,1.8745326229117645,1.3193653037541515,1.5523674972677695,1.3193653037541515,1.5523674972677695,1.5618395460689245,1.6636356726478307,1.5618395460689245,1.6636356726478307,1.3146371867316438,1.6309024176709543,1.3146371867316438,1.6309024176709543,1.5485634280789216,1.8133730007886701,1.5485634280789216,1.8133730007886701,1.4862494096660746,1.8947118716702598,1.4862494096660746,1.8947118716702598,1.5914276238872567,1.6450468956381552,1.5914276238872567,1.6450468956381552,1.547619895999145,1.506881658431686,1.547619895999145,1.506881658431686,1.3552309021395592,1.7105948781254332,1.3552309021395592,1.7105948781254332,1.385388987581108,1.7123823115929182,1.385388987581108,1.7123823115929182,1.3814983843869237,1.6853024271600743,1.3814983843869237,1.6853024271600743,1.5387490265209125,1.528805065595492,1.5387490265209125,1.528805065595492
2.9627432608831596,2.880634004118584,2.9627432608831596,2.880634004118584,3.2911567034330838,3.0305722248339566,3.2911567034330838,3.0305722248339566,2.8206821733452725,2.8919081569867555,2.8206821733452725,2.8919081569867555,3.6002927220256207,2.66609846878776,3.6002927220256207,2.66609846878776,2.9627432608831596,2.880634004118584,2.9627432608831596,2.880634004118584,3.2911567034330838,3.0305722248339566,3.2911567034330838,3.0305722248339566,3.1479064283065337,2.8279309162481283,3.1479064283065337,2.8279309162481283,2.4618118527381427,2.60519643297206,2.4618118527381427,2.60519643297206,3.4410865663018764,2.7027224459251187,3.4410865663018764,2.7027224459251187,2.996768212916042,2.6516422038483998,2.996768212916042,2.6516422038483998,3.4823308307245537,2.991394596077322,3.4823308307245537,2.991394596077322,3.0884547121843107,2.45993863928814,3.0884547121843107,2.45993863928814,3.307774100813406,3.2852644906874704,3.307774100813406,3.2852644906874704,3.39606966666492,4.173038968829448,3.39606966666492,4.173038968829448,3.1710227997552294,3.25379534324772,3.1710227997552294,3.25379534324772,2.8608212396081316,3.169177175398604,2.8608212396081316,3.169177175398604,3.20864530477005,3.3944785613239574,3.20864530477005,3.3944785613239574,4.021237055334002,3.5223563507316666,4.021237055334002,3.5223563507316666
1.0350064808175494,0.9392761308679778,1.0350064808175494,0.9392761308679778,1.040954928432637,0.9477212954950656,1.040954928432637,0.9477212954950656,1.0808778495407942,0.9887105477343908,1.0808778495407942,0.9887105477343908,0.9408007350845202,0.961128986812605,0.9408007350845202,0.961128986812605,1.0350064808175494,0.9392761308679778,1.0350064808175494,0.9392761308679778,1.040954928432637,0.9477212954950656,1.040954928432637,0.9477212954950656,1.1079677306327205,1.0178328784915254,1.1079677306327205,1.0178328784915254,1.1194191389989516,1.242220005854039,1.1194191389989516,1.242220005854039,1.0336432961398894,0.9643760832346202,1.0336432961398894,0.9643760832346202,1.0173093127438628,1.1384203763183607,1.0173093127438628,1.1384203763183607,1.1993213013318378,0.9945186504418131,1.1993213013318378,0.9945186504418131,0.9213050540502785,1.3623200741374413,0.9213050540502785,1.3623200741374413,1.1727124145912198,1.1560991190811454,1.1727124145912198,1.1560991190811454,1.3648744226250853,1.375871094365004,1.3648744226250853,1.375871094365004,1.1254736468732578,1.1211023311191435,1.1254736468732578,1.1211023311191435,1.168838494539775,1.2089617562148747,1.168838494539775,1.2089617562148747,1.0533341008364097,1.195573889610113,1.0533341008364097,1.195573889610113,1.2869447748823177,1.1862520556676406,1.2869447748823177,1.1862520556676406
0.9733503293871042,0.9774110293570253,0.9733503293871042,0.9774110293570253,0.8022631516272556,0.9435871144282312,0.8022631516272556,0.9435871144282312,0.9707740947085698,1.027220675354924,0.9707740947085698,1.027220675354924,0.9898358332812212,0.8017884137934065,0.9898358332812212,0.8017884137934065,0.9733503293871042,0.9774110293570253,0.9733503293871042,0.9774110293570253,0.8022631516272556,0.9435871144282312,0.8022631516272556,0.9435871144282312,0.8510470089385308,0.9582012244545247,0.8510470089385308,0.9582012244545247,1.006761570235038,0.8725483930526581,1.006761570235038,0.8725483930526581,0.914430320378198,0.9936845056398956,0.914430320378198,0.9936845056398956,0.8906015079668298,0.7795525450104855,0.8906015079668298,0.7795525450104855,0.8219607580801087,1.0271305621889821,0.8219607580801087,1.0271305621889821,0.6328659058761404,1.1878892662952216,0.6328659058761404,1.1878892662952216,1.1796947291156628,1.0887282772418938,1.1796947291156628,1.0887282772418938,0.7942894361364541,1.2078818671870974,0.7942894361364541,1.2078818671870974,1.0287683911102103,0.9160564332835661,1.0287683911102103,0.9160564332835661,0.5476544267727548,0.6148627497762302,0.5476544267727548,0.6148627497762302,1.1954460992208864,0.969734761184116,1.1954460992208864,0.969734761184116,0.9752235678138542,0.8953525012009105,0.9752235678138542,0.8953525012009105
0.49218168558802783,0.42356596884539016,0.49218168558802783,0.42356596884539016,0.32409491407648444,0.2260340411396246,0.32409491407648444,0.2260340411396246,0.4351503338928148,0.43705114293495106,0.4351503338928148,0.43705114293495106,0.2665548193025352,0.24053544464524682,0.2665548193025352,0.24053544464524682,0.49218168558802783,0.42356596884539016,0.49218168558802783,0.42356596884539016,0.32409491407648444,0.2260340411396246,0.32409491407648444,0.2260340411396246,0.3082303167385451,0.34501367889085405,0.3082303167385451,0.34501367889085405,0.3386092070900429,0.27836721065689557,0.3386092070900429,0.27836721065689557,0.42948060846228503,0.22173032243995924,0.42948060846228503,0.22173032243995924,0.24766037325230866,0.3182306510696687,0.24766037325230866,0.3182306510696687,0.37404295897892864,0.30683068363356625,0.37404295897892864,0.30683068363356625,0.5752307169872909,0.20892860522883752,0.5752307169872909,0.20892860522883752,0.5745569605133972,0.40656293396601134,0.5745569605133972,0.40656293396601134,0.6122486639582271,0.6949384839648216,0.6122486639582271,0.6949384839648216,0.2814307001942289,0.28395519220535675,0.2814307001942289,0.28395519220535675,0.33763927150602757,0.1486140125502125,0.33763927150602757,0.1486140125502125,0.2835635028460939,0.35580180015043694,0.2835635028460939,0.35580180015043694,0.5789478625616428,0.5176357015077994,0.5789478625616428,0.5176357015077994
0.747351690477517,0.67580002818012,0.747351690477517,0.67580002818012,0.6382946888079102,0.7043296705502371,0.6382946888079102,0.7043296705502371,0.8273064139278976,0.6872875432949974,0.8273064139278976,0.6872875432949974,0.6433043072243909,0.5970182293356807,0.6433043072243909,0.5970182293356807,0.747351690477517,0.67580002818012,0.747351690477517,0.67580002818012,0.6382946888079102,0.7043296705502371,0.6382946888079102,0.7043296705502371,0.7178085365207734,0.5903730977063172,0.7178085365207734,0.5903730977063172,0.7039671417503952,0.4841258782847945,0.7039671417503952,0.4841258782847945,0.7569085042286419,0.5151656687033653,0.7569085042286419,0.5151656687033653,0.6232692426170783,0.4935352642843596,0.6232692426170783,0.4935352642843596,0.6096004259537667,0.5034599773867352,0.6096004259537667,0.5034599773867352,0.9958402740904532,0.6852272040745377,0.9958402740904532,0.6852272040745377,0.6232476891207861,0.5635862871083315,0.6232476891207861,0.5635862871083315,1.2041556710726256,0.5136906986197636,1.2041556710726256,0.5136906986197636,0.5439216912984859,0.56413444155842,0.5439216912984859,0.56413444155842,0.9714140961247708,0.6614338021109077,0.9714140961247708,0.6614338021109077,0.6642971624376355,0.4401146927474957,0.6642971624376355,0.4401146927474957,0.8441743199881362,0.5964126551130835,0.8441743199881362,0.5964126551130835
1.2367625612944786,1.255382158153536,1.2367625612944786,1.255382158153536,0.7719405747238042,0.8150495709819262,0.7719405747238042,0.8150495709819262,1.2467285890671664,1.041880720056441,1.2467285890671664,1.041880720056441,1.192892151847625,0.7999298166060719,1.192892151847625,0.7999298166060719,1.2367625612944786,1.255382158153536,1.2367625612944786,1.255382158153536,0.7719405747238042,0.8150495709819262,0.7719405747238042,0.8150495709819262,0.8875960017651818,0.8118107106312493,0.8875960017651818,0.8118107106312493,0.17240394035400514,0.24790674301461557,0.17240394035400514,0.24790674301461557,0.9502044209135165,0.9467195385021512,0.9502044209135165,0.9467195385021512,0.6847998338113521,0.4874892310606329,0.6847998338113521,0.4874892310606329,0.9980529694132214,0.7993138467236479,0.9980529694132214,0.7993138467236479,0.33952893539008133,0.7586012152027205,0.33952893539008133,0.7586012152027205,0.5320257587522536,0.6796462665310001,0.5320257587522536,0.6796462665310001,0.2910970886314207,0.36721505688858,0.2910970886314207,0.36721505688858,0.745455063570289,0.6126740360821998,0.745455063570289,0.6126740360821998,0.7842609830755689,0.5166558782272809,0.7842609830755689,0.5166558782272809,0.6114030796344985,0.3151135336848556,0.6114030796344985,0.3151135336848556,0.4359334392697642,0.6436306094126152,0.4359334392697642,0.6436306094126152
0.6693565342004776,0.7904755970516625,0.6693565342004776,0.7904755970516625,0.7788575092118103,0.7473008127906313,0.7788575092118103,0.7473008127906313,0.7081114873087265,0.7239451351733468,0.7081114873087265,0.7239451351733468,0.6924417526440089,0.6083500993103941,0.6924417526440089,0.6083500993103941,0.6693565342004776,0.7904755970516625,0.6693565342004776,0.7904755970516625,0.7788575092118103,0.7473008127906313,0.7788575092118103,0.7473008127906313,0.7259277304920174,0.8388793303964961,0.7259277304920174,0.8388793303964961,0.5819539231860513,0.5803077655851252,0.5819539231860513,0.5803077655851252,0.6201135746377784,0.8960731610397245,0.6201135746377784,0.8960731610397245,0.5022638015008964,0.7968061836144726,0.5022638015008964,0.7968061836144726,0.5568937360895188,0.6668504552841357,0.5568937360895188,0.6668504552841357,0.5450213930986394,0.6244579788403721,0.5450213930986394,0.6244579788403721,0.6163432971030957,0.4762666246551649,0.6163432971030957,0.4762666246551649,0.6881493147390629,0.7095867948213894,0.6881493147390629,0.7095867948213894,0.781019284249202,0.9014748569887733,0.781019284249202,0.9014748569887733,0.6046853701039652,0.5930439322039824,0.6046853701039652,0.5930439322039824,0.6378749220004571,0.5096501463614624,0.6378749220004571,0.5096501463614624,0.7787935120758303,0.5401173355228991,0.7787935120758303,0.5401173355228991
0.9653012622417292,0.8214704084505646,0.9653012622417292,0.8214704084505646,1.1064484456213566,0.8876488665779081,1.1064484456213566,0.8876488665779081,0.9744441766198813,0.8737950432068324,0.9744441766198813,0.8737950432068324,0.929129761355842,1.1235316986731199,0.929129761355842,1.1235316986731199,0.9653012622417292,0.8214704084505646,0.9653012622417292,0.8214704084505646,1.1064484456213566,0.8876488665779081,1.1064484456213566,0.8876488665779081,1.12489550190264,0.7701466812827805,1.12489550190264,0.7701466812827805,0.7583538465304722,0.9144366389186307,0.7583538465304722,0.9144366389186307,1.0839856986425647,0.6844315475199924,1.0839856986425647,0.6844315475199924,0.8630202472828498,1.7343813722365045,0.8630202472828498,1.7343813722365045,0.9584301576969304,0.972086805086489,0.9584301576969304,0.972086805086489,0.9994317983454883,1.18064201399704,0.9994317983454883,1.18064201399704,0.8143194333114931,0.7754877693534143,0.8143194333114931,0.7754877693534143,0.6893663958195889,0.499419223642208,0.6893663958195889,0.499419223642208,0.8103751910231586,0.9504702304810855,0.8103751910231586,0.9504702304810855,0.9096195895066962,0.8648072980213473,0.9096195895066962,0.8648072980213473,0.9237442506893845,0.6756164870201944,0.9237442506893845,0.6756164870201944,0.7940949140827447,0.9241573875334408,0.7940949140827447,0.9241573875334408
3.1762964202265342,3.2722811593145225,3.1762964202265342,3.2722811593145225,2.8620754175061176,3.6355401434975176,2.8620754175061176,3.6355401434975176,2.8811865418160862,3.3059711830816836,2.8811865418160862,3.3059711830816836,3.400861298077718,3.4228141274839503,3.400861298077718,3.4228141274839503,3.1762964202265342,3.2722811593145225,3.1762964202265342,3.2722811593145225,2.8620754175061176,3.6355401434975176,2.8620754175061176,3.6355401434975176,2.884675693762502,3.4607008748649477,2.884675693762502,3.4607008748649477,2.9349395412126564,3.5232207700326583,2.9349395412126564,3.5232207700326583,2.790109866626081,2.7714680537067786,2.790109866626081,2.7714680537067786,2.7195195059058372,2.7716499476100003,2.7195195059058372,2.7716499476100003,2.992596864679587,2.8554838055045493,2.992596864679587,2.8554838055045493,2.904008354070021,3.5604716181486182,2.904008354070021,3.5604716181486182,2.259936667018723,2.9050453282015223,2.259936667018723,2.9050453282015223,1.3132873102789082,2.648358032559106,1.3132873102789082,2.648358032559106,3.2892856834455335,3.441820425806733,3.2892856834455335,3.441820425806733,2.25463040449168,2.825552629584428,2.25463040449168,2.825552629584428,2.32144236747545,2.9749831514636584,2.32144236747545,2.9749831514636584,2.1150852522555166,3.3910278386332173,2.1150852522555166,3.3910278386332173
1.47527316765531,1.583931125700479,1.47527316765531,1.583931125700479,1.380410782035578,1.6842977054347898,1.380410782035578,1.6842977054347898,1.7620192299947746,1.7185053404652302,1.7620192299947746,1.7185053404652302,1.704410986050667,1.4854785368800423,1.704410986050667,1.4854785368800423,1.47527316765531,1.583931125700479,1.47527316765531,1.583931125700479,1.380410782035578,1.6842977054347898,1.380410782035578,1.6842977054347898,1.4106025038897412,2.043277057732589,1.4106025038897412,2.043277057732589,1.4643259141092428,2.0207893402839225,1.4643259141092428,2.0207893402839225,1.7860636905920837,1.9545690335346264,1.7860636905920837,1.9545690335346264,1.8736173166303076,1.8722855048992997,1.8736173166303076,1.8722855048992997,1.5234902989909307,1.7283971018728814,1.5234902989909307,1.7283971018728814,2.3152064942654498,2.187120477738476,2.3152064942654498,2.187120477738476,1.6654507990398295,1.5395115585249728,1.6654507990398295,1.5395115585249728,1.7632002142596692,2.246280716482705,1.7632002142596692,2.246280716482705,1.6043736169127618,1.504159737572072,1.6043736169127618,1.504159737572072,1.618416467431804,1.9972268675867915,1.618416467431804,1.9972268675867915,1.8778278238073454,1.3966917285938962,1.8778278238073454,1.3966917285938962,1.4892590127257066,3.2051411993946775,1.4892590127257066,3.2051411993946775
0.2711942380601124,0.29645938939450117,0.2711942380601124,0.29645938939450117,0.2742605273383145,0.3984091676481349,0.2742605273383145,0.3984091676481349,0.25377843328946204,0.28587598853640994,0.25377843328946204,0.28587598853640994,0.31726334788277155,0.2938320584746675,0.31726334788277155,0.2938320584746675,0.2711942380601124,0.29645938939450117,0.2711942380601124,0.29645938939450117,0.2742605273383145,0.3984091676481349,0.2742605273383145,0.3984091676481349,0.27289243002478764,0.35277517064527436,0.27289243002478764,0.35277517064527436,0.2952045349853664,0.38672181818534507,0.2952045349853664,0.38672181818534507,0.36538952444856904,0.34122423321955325,0.36538952444856904,0.34122423321955325,0.5084854516977374,0.425912059987561,0.5084854516977374,0.425912059987561,0.31741768188052505,0.3384234643154413,0.31741768188052505,0.3384234643154413,0.3853181197233361,0.486009797764862,0.3853181197233361,0.486009797764862,0.32019961085757803,0.5309938032361489,0.32019961085757803,0.5309938032361489,0.4140225035331447,0.5964850031169434,0.4140225035331447,0.5964850031169434,0.36598326138870346,0.35674838582261825,0.36598326138870346,0.35674838582261825,0.41040692606690454,0.2887786106531842,0.41040692606690454,0.2887786106531842,0.4252743053392042,0.38562230800279645,0.4252743053392042,0.38562230800279645,0.5349625530457814,0.7449867145411692,0.5349625530457814,0.7449867145411692
1.6234658530896857,1.432925371765938,1.6234658530896857,1.432925371765938,1.6322275446829684,1.6054420027012581,1.6322275446829684,1.6054420027012581,1.6152192180361722,1.3948721799429913,1.6152192180361722,1.3948721799429913,2.0272201542708217,1.7273206365469511,2.0272201542708217,1.7273206365469511,1.6234658530896857,1.432925371765938,1.6234658530896857,1.432925371765938,1.6322275446829684,1.6054420027012581,1.6322275446829684,1.6054420027012581,1.2585250079109316,1.4059017677555898,1.2585250079109316,1.4059017677555898,1.1806785216248177,1.4215319583132917,1.1806785216248177,1.4215319583132917,1.863248486679382,1.8794886691527732,1.863248486679382,1.8794886691527732,1.566563909388624,1.554705936558458,1.566563909388624,1.554705936558458,1.7419538956936886,1.4474485130133221,1.7419538956936886,1.4474485130133221,1.7887329624059178,1.77012152300612,1.7887329624059178,1.77012152300612,1.4439423486104876,1.5729727352087906,1.4439423486104876,1.5729727352087906,1.0376863652334765,1.4390576210385715,1.0376863652334765,1.4390576210385715,1.4608185583066042,1.6635057828679793,1.4608185583066042,1.6635057828679793,1.4009940248341881,1.7548988051113534,1.4009940248341881,1.7548988051113534,1.4278941033225847,1.6204473641898083,1.4278941033225847,1.6204473641898083,1.6615440967613153,1.3345402444490757,1.6615440967613153,1.3345402444490757
0.14120212423181974,0.11614149733353346,0.14120212423181974,0.11614149733353346,0.11111899952788211,0.1277601759981043,0.11111899952788211,0.1277601759981043,0.13365756841421453,0.09501938960847763,0.13365756841421453,0.09501938960847763,0.09490436060919917,0.10186463031090164,0.09490436060919917,0.10186463031090164,0.14120212423181974,0.11614149733353346,0.14120212423181974,0.11614149733353346,0.11111899952788211,0.1277601759981043,0.11111899952788211,0.1277601759981043,0.12694055487608266,0.1585754242025354,0.12694055487608266,0.1585754242025354,0.12897813909107592,0.14370863033629372,0.12897813909107592,0.14370863033629372,0.09791059462670347,0.1312982926815268,0.09791059462670347,0.1312982926815268,0.11869737014829189,0.16316487177718716,0.11869737014829189,0.16316487177718716,0.0966837262424877,0.11296858773355435,0.0966837262424877,0.11296858773355435,0.15191423571760895,0.23500457025836677,0.15191423571760895,0.23500457025836677,0.06919545813623623,0.10716035331710766,0.06919545813623623,0.10716035331710766,0.15093325871391375,0.1797094451809584,0.15093325871391375,0.1797094451809584,0.10686915376555045,0.1590770479789057,0.10686915376555045,0.1590770479789057,0.1416649208267467,0.20580314507053946,0.1416649208267467,0.20580314507053946,0.09635141346489613,0.06371740190486269,0.09635141346489613,0.06371740190486269,0.09781376196139066,0.13390711383223086,0.09781376196139066,0.13390711383223086
0.9064430481215804,0.9542419936833789,0.9064430481215804,0.9542419936833789,0.7806840630675999,0.8633444289468503,0.7806840630675999,0.8633444289468503,0.9735111855342958,0.9906566806285128,0.9735111855342958,0.9906566806285128,0.8041480911733856,0.8252636332459056,0.8041480911733856,0.8252636332459056,0.9064430481215804,0.9542419936833789,0.9064430481215804,0.9542419936833789,0.7806840630675999,0.8633444289468503,0.7806840630675999,0.8633444289468503,0.7797278187195439,0.9180506246342905,0.7797278187195439,0.9180506246342905,0.7439769223799408,0.8764120027966098,0.7439769223799408,0.8764120027966098,0.8518714301784539,1.0054375974512493,0.8518714301784539,1.0054375974512493,0.7924514502437137,0.8309465578552409,0.7924514502437137,0.8309465578552409,0.7685787680372246,0.9820695814486247,0.7685787680372246,0.9820695814486247,0.6500819240455585,0.7603680475711267,0.6500819240455585,0.7603680475711267,0.6612975793707196,0.6844967159860578,0.6612975793707196,0.6844967159860578,0.5731528580893337,0.6081894493047689,0.5731528580893337,0.6081894493047689,0.7194696524605534,0.7900129670546339,0.7194696524605534,0.7900129670546339,0.6004387512681013,0.70592734076475,0.6004387512681013,0.70592734076475,0.6347845598299169,0.6127490186873159,0.6347845598299169,0.6127490186873159,0.5809094870388822,0.6228955910405491,0.5809094870388822,0.6228955910405491
0.8370721906995273,0.9249443415486175,0.8370721906995273,0.9249443415486175,0.8201868306581884,0.9875216224286408,0.8201868306581884,0.9875216224286408,0.8224786240844685,0.9312497338278141,0.8224786240844685,0.9312497338278141,0.9601215789376237,0.7564589620838409,0.9601215789376237,0.7564589620838409,0.8370721906995273,0.9249443415486175,0.8370721906995273,0.9249443415486175,0.8201868306581884,0.9875216224286408,0.8201868306581884,0.9875216224286408,0.8286996827559602,0.9531175931472606,0.8286996827559602,0.9531175931472606,0.8402868799599202,0.850075200642755,0.8402868799599202,0.850075200642755,0.9340559789782352,0.7786537639725796,0.9340559789782352,0.7786537639725796,0.9427988161881711,1.1472265584292687,0.9427988161881711,1.1472265584292687,0.8558278830963444,0.9356422847199555,0.8558278830963444,0.9356422847199555,0.8678697437650668,0.8240531317206268,0.8678697437650668,0.8240531317206268,0.7945871670854803,0.9356117206262446,0.7945871670854803,0.9356117206262446,0.5949243204833768,0.8793334155923274,0.5949243204833768,0.8793334155923274,0.9436455099708138,1.1421935613822873,0.9436455099708138,1.1421935613822873,1.2883061173400048,1.137253101642869,1.2883061173400048,1.137253101642869,0.768728288001369,0.9692301389273105,0.768728288001369,0.9692301389273105,0.810484216232091,0.7257690705682955,0.810484216232091,0.7257690705682955
1.1061132854871487,0.9922999284673926,1.1061132854871487,0.9922999284673926,1.0028791226473195,0.7777030163323614,1.0028791226473195,0.7777030163323614,1.1201669613281824,1.0429711509987003,1.1201669613281824,1.0429711509987003,0.9957753628124251,0.9025480783577664,0.9957753628124251,0.9025480783577664,1.1061132854871487,0.9922999284673926,1.1061132854871487,0.9922999284673926,1.0028791226473195,0.7777030163323614,1.0028791226473195,0.7777030163323614,0.9246538979665659,1.0065701422950046,0.9246538979665659,1.0065701422950046,0.810052180170308,1.2631749115400224,0.810052180170308,1.2631749115400224,0.8451848003338125,0.9997749981003918,0.8451848003338125,0.9997749981003918,0.558018095038146,0.6787285950560623,0.558018095038146,0.6787285950560623,1.0942266294467582,1.1780261818150695,1.0942266294467582,1.1780261818150695,0.5834591942739737,1.4647375108172926,0.5834591942739737,1.4647375108172926,1.091186996364275,0.8038006281514254,1.091186996364275,0.8038006281514254,0.8630334253773595,1.2313383140187557,0.8630334253773595,1.2313383140187557,0.8791965978677893,0.9594170527692987,0.8791965978677893,0.9594170527692987,1.0101669000974218,0.5242946137563603,1.0101669000974218,0.5242946137563603,0.8681365110527735,1.0146817440516323,0.8681365110527735,1.0146817440516323,0.6026019601589689,0.674774947792303,0.6026019601589689,0.674774947792303
0.9491006379722778,1.0997732596235603,0.9491006379722778,1.0997732596235603,1.6495567818072878,1.211189862820819,1.6495567818072878,1.211189862820819,0.8626333464821867,0.9606739242892706,0.8626333464821867,0.9606739242892706,1.337094382745666,1.3963826512664292,1.337094382745666,1.3963826512664292,0.9491006379722778,1.0997732596235603,0.9491006379722778,1.0997732596235603,1.6495567818072878,1.211189862820819,1.6495567818072878,1.211189862820819,1.1337307812555533,1.0837062520569734,1.1337307812555533,1.0837062520569734,1.2299400786586843,1.4313617641361707,1.2299400786586843,1.4313617641361707,1.0636842395060977,1.1692049346996387,1.0636842395060977,1.1692049346996387,1.5190146158187898,1.873775458361025,1.5190146158187898,1.873775458361025,1.1132851114197997,1.1596777107982346,1.1132851114197997,1.1596777107982346,1.502040607089414,1.255500313862537,1.502040607089414,1.255500313862537,1.2595041031175938,1.3294245904699993,1.2595041031175938,1.3294245904699993,1.5808706617392145,1.4784540931724968,1.5808706617392145,1.4784540931724968,1.2185717277857955,1.2428509760098225,1.2185717277857955,1.2428509760098225,1.4733051950293705,1.7772409232720165,1.4733051950293705,1.7772409232720165,1.4729891622756859,1.3912185717136831,1.4729891622756859,1.3912185717136831,1.5625645744661538,1.5805131348653958,1.5625645744661538,1.5805131348653958
2.9559813340817325,2.991321463344892,2.9559813340817325,2.991321463344892,3.7999787774892853,3.232496770454901,3.7999787774892853,3.232496770454901,2.823040927076806,2.8028576364410958,2.823040927076806,2.8028576364410958,3.293635864048125,3.1206540838491685,3.293635864048125,3.1206540838491685,2.9559813340817325,2.991321463344892,2.9559813340817325,2.991321463344892,3.7999787774892853,3.232496770454901,3.7999787774892853,3.232496770454901,3.2912611261900757,3.3392389502827933,3.2912611261900757,3.3392389502827933,4.713386746714593,4.112724315974922,4.713386746714593,4.112724315974922,3.4873129267741803,3.6026653576337266,3.4873129267741803,3.6026653576337266,4.386610874688499,3.992467936833415,4.386610874688499,3.992467936833415,3.4913197349749083,3.9088367510406443,3.4913197349749083,3.9088367510406443,4.500429037029242,4.553042092252037,4.500429037029242,4.553042092252037,3.9898534570103634,3.6643299085910295,3.9898534570103634,3.6643299085910295,4.649394941773992,3.987901602412884,4.649394941773992,3.987901602412884,3.2035010671461266,3.7667825891338387,3.2035010671461266,3.7667825891338387,5.620208310886176,4.106691004725668,5.620208310886176,4.106691004725668,3.766705340101828,3.5535494269372627,3.766705340101828,3.5535494269372627,4.355867129020417,5.0773827011954396,4.355867129020417,5.0773827011954396
2.797177129713213,2.8206476523225654,2.797177129713213,2.8206476523225654,3.054671513211463,2.7778093419771004,3.054671513211463,2.7778093419771004,2.800782053413229,2.8250613968096094,2.800782053413229,2.8250613968096094,2.9660040856690766,2.7157956012363447,2.9660040856690766,2.7157956012363447,2.797177129713213,2.8206476523225654,2.797177129713213,2.8206476523225654,3.054671513211463,2.7778093419771004,3.054671513211463,2.7778093419771004,2.723497991620453,2.5792058958707273,2.723497991620453,2.5792058958707273,2.332855542261672,2.4746323690602985,2.332855542261672,2.4746323690602985,2.629892931633745,2.4644672703672263,2.629892931633745,2.4644672703672263,2.519635940637442,2.5940065920820214,2.519635940637442,2.5940065920820214,2.6911225211704615,2.6617430208387076,2.6911225211704615,2.6617430208387076,2.2864627400256965,2.4185008984724865,2.2864627400256965,2.4185008984724865,2.5167680341260485,2.5344334371542008,2.5167680341260485,2.5344334371542008,2.436412090986693,2.6067932062159356,2.436412090986693,2.6067932062159356,2.558092913347168,2.8189753294729725,2.558092913347168,2.8189753294729725,2.6369895432036943,2.9630559366734768,2.6369895432036943,2.9630559366734768,2.6989603292361326,2.728624270895698,2.6989603292361326,2.728624270895698,2.9666689353626037,2.5176643932366494,2.9666689353626037,2.5176643932366494
2.693560996611736,3.0750873625000708,2.693560996611736,3.0750873625000708,2.6538531574313216,2.8031227574832402,2.6538531574313216,2.8031227574832402,2.8791459888088586,3.0029664689658415,2.8791459888088586,3.0029664689658415,2.9286215291121795,3.0302425691522332,2.9286215291121795,3.0302425691522332,2.693560996611736,3.0750873625000708,2.693560996611736,3.0750873625000708,2.6538531574313216,2.8031227574832402,2.6538531574313216,2.8031227574832402,2.5703552036021904,3.2102756359130025,2.5703552036021904,3.2102756359130025,2.1417546190639474,2.8801007811061963,2.1417546190639474,2.8801007811061963,3.0850987375586714,3.1413945134917793,3.0850987375586714,3.1413945134917793,2.8818974766027043,3.4937726795740116,2.8818974766027043,3.4937726795740116,2.6778128942312462,3.2072108080575035,2.6778128942312462,3.2072108080575035,2.7798193364199726,2.9318331980313683,2.7798193364199726,2.9318331980313683,3.0990750894141925,3.0800032899893925,3.0990750894141925,3.0800032899893925,2.233806769402266,2.3384832105362667,2.233806769402266,2.3384832105362667,2.992251870873739,3.0139937565253265,2.992251870873739,3.0139937565253265,2.250362931960977,2.7992780517837486,2.250362931960977,2.7992780517837486,2.599967935993728,2.6126122867044073,2.599967935993728,2.6126122867044073,1.42167120384881,3.1757978329417216,1.42167120384881,3.1757978329417216
2.1869053656357362,2.066839672753851,2.1869053656357362,2.066839672753851,2.2684197639812775,2.2075547310558123,2.2684197639812775,2.2075547310558123,2.043316115934146,2.089103586352804,2.043316115934146,2.089103586352804,2.1884820054527574,2.0914490473212832,2.1884820054527574,2.0914490473212832,2.1869053656357362,2.066839672753851,2.1869053656357362,2.066839672753851,2.2684197639812775,2.2075547310558123,2.2684197639812775,2.2075547310558123,2.0263677185735216,2.0478236707457733,2.0263677185735216,2.0478236707457733,2.9353496882666525,2.425555205459888,2.9353496882666525,2.425555205459888,2.402312307285972,2.2413813183985254,2.402312307285972,2.2413813183985254,2.9677952544378954,2.092558059246779,2.9677952544378954,2.092558059246779,2.19979455122128,2.1521268441190435,2.19979455122128,2.1521268441190435,2.858604185286259,2.6933305803351963,2.858604185286259,2.6933305803351963,2.005095385597953,2.8250201772728865,2.005095385597953,2.8250201772728865,3.0177769222666555,2.7372650383372537,3.0177769222666555,2.7372650383372537,2.178866691345647,2.9436160829826767,2.178866691345647,2.9436160829826767,2.5054417688902655,2.790994817803227,2.5054417688902655,2.790994817803227,2.4576656244803843,2.9340841020268584,2.4576656244803843,2.9340841020268584,2.2197760658775585,3.3941828981700084,2.2197760658775585,3.3941828981700084
0.34163098712434903,0.34482342811279465,0.34163098712434903,0.34482342811279465,0.42431675146111786,0.3812309587279407,0.42431675146111786,0.3812309587279407,0.3692273523761634,0.4142815164329517,0.3692273523761634,0.4142815164329517,0.3231154431919647,0.42404011865864616,0.3231154431919647,0.42404011865864616,0.34163098712434903,0.34482342811279465,0.34163098712434903,0.34482342811279465,0.42431675146111786,0.3812309587279407,0.42431675146111786,0.3812309587279407,0.44806744022787326,0.5001356404872858,0.44806744022787326,0.5001356404872858,0.45951802740989794,0.4931645258616512,0.45951802740989794,0.4931645258616512,0.4571351891452675,0.4406980388759529,0.4571351891452675,0.4406980388759529,0.5430916102755082,0.4179509091335994,0.5430916102755082,0.4179509091335994,0.3203232080045974,0.45759468833994227,0.3203232080045974,0.45759468833994227,0.4506370611412478,0.5037424411614322,0.4506370611412478,0.5037424411614322,0.40218282774299713,0.4391645868396324,0.40218282774299713,0.4391645868396324,0.4863707238798321,0.5211369010177728,0.4863707238798321,0.5211369010177728,0.46863955333394886,0.43906802156625985,0.46863955333394886,0.43906802156625985,0.5661284542027895,0.5068727874938147,0.5661284542027895,0.5068727874938147,0.41180269142371806,0.4899215466547004,0.41180269142371806,0.4899215466547004,0.5115251000472649,0.6930903376588908,0.5115251000472649,0.6930903376588908
4.92900149041683,4.987070718363995,4.92900149041683,4.987070718363995,5.323586709214829,5.392716645704761,5.323586709214829,5.392716645704761,4.868838955890965,5.097293789682536,4.868838955890965,5.097293789682536,4.826879054640342,5.3906876516067275,4.826879054640342,5.3906876516067275,4.92900149041683,4.987070718363995,4.92900149041683,4.987070718363995,5.323586709214829,5.392716645704761,5.323586709214829,5.392716645704761,5.566446103204042,5.340410051376888,5.566446103204042,5.340410051376888,4.9218134012115655,3.940441933727545,4.9218134012115655,3.940441933727545,5.518878556372107,5.5001686509158505,5.518878556372107,5.5001686509158505,5.594067322540728,4.968591041836917,5.594067322540728,4.968591041836917,5.389620165860565,5.44145770039841,5.389620165860565,5.44145770039841,4.794459088454932,5.385542294870716,4.794459088454932,5.385542294870716,4.652690088563722,4.193845924722812,4.652690088563722,4.193845924722812,6.013119878258576,3.5855369647372273,6.013119878258576,3.5855369647372273,5.30323062739538,5.5938582023359995,5.30323062739538,5.5938582023359995,5.766466219640464,4.920289692655813,5.766466219640464,4.920289692655813,4.770335597263031,4.430832658156107,4.770335597263031,4.430832658156107,4.697680083153231,4.3376078694086315,4.697680083153231,4.3376078694086315
0.24222561767892967,0.2207912154647583,0.24222561767892967,0.2207912154647583,0.2206946255183334,0.24312326407178017,0.2206946255183334,0.24312326407178017,0.29003334688885096,0.18239200812239365,0.29003334688885096,0.18239200812239365,0.3152056797673058,0.1894750249492608,0.3152056797673058,0.1894750249492608,0.24222561767892967,0.2207912154647583,0.24222561767892967,0.2207912154647583,0.2206946255183334,0.24312326407178017,0.2206946255183334,0.24312326407178017,0.1612766307434651,0.08689432056469876,0.1612766307434651,0.08689432056469876,0.32926511479615145,0.07171634559609572,0.32926511479615145,0.07171634559609572,0.14525580190795567,0.08278918223898174,0.14525580190795567,0.08278918223898174,0.2135814932795008,0.061922289686392636,0.2135814932795008,0.061922289686392636,0.10745266527604604,0.09302909522876175,0.10745266527604604,0.09302909522876175,0.2289249890819298,0.11390953711912374,0.2289249890819298,0.11390953711912374,0.11376868156829749,0.0956469526266907,0.11376868156829749,0.0956469526266907,0.05706178649761699,0.24136246413366436,0.05706178649761699,0.24136246413366436,0.07333038574842962,0.07536741691064387,0.07333038574842962,0.07536741691064387,0.10746683649935046,0.19588326671648806,0.10746683649935046,0.19588326671648806,0.13376960027527277,0.01771733359952946,0.13376960027527277,0.01771733359952946,0.0850175205551243,0.17551098730513512,0.0850175205551243,0.17551098730513512
0.27906357605262466,0.2796294795628874,0.27906357605262466,0.2796294795628874,0.39852301026235604,0.2505463711136777,0.39852301026235604,0.2505463711136777,0.31264854453507746,0.2696520544717639,0.31264854453507746,0.2696520544717639,0.34521936780517504,0.26602802373457507,0.34521936780517504,0.26602802373457507,0.27906357605262466,0.2796294795628874,0.27906357605262466,0.2796294795628874,0.39852301026235604,0.2505463711136777,0.39852301026235604,0.2505463711136777,0.17549636461335072,0.18205510897771193,0.17549636461335072,0.18205510897771193,0.14690984721679562,0.15278765945730294,0.14690984721679562,0.15278765945730294,0.1781181791607455,0.24206602412265452,0.1781181791607455,0.24206602412265452,0.13503459649436314,0.17886452834056207,0.13503459649436314,0.17886452834056207,0.20105008090537285,0.15149866186646685,0.20105008090537285,0.15149866186646685,0.09924091972055304,0.1929250692607166,0.09924091972055304,0.1929250692607166,0.19070203956721893,0.13810218463337215,0.19070203956721893,0.13810218463337215,0.14327651834836805,0.08782218248566097,0.14327651834836805,0.08782218248566097,0.2072514678426594,0.1804625080736765,0.2072514678426594,0.1804625080736765,0.11752589763210908,0.14679716287646086,0.11752589763210908,0.14679716287646086,0.14968493203233008,0.11840164465205802,0.14968493203233008,0.11840164465205802,0.07904210982587531,0.061821101937007274,0.07904210982587531,0.061821101937007274
2.6200497915436145,2.548199650375151,2.6200497915436145,2.548199650375151,2.716818708379394,2.8277320465645546,2.716818708379394,2.8277320465645546,2.6079429794994162,2.6451350949441372,2.6079429794994162,2.6451350949441372,2.8345709492955105,2.7801447392731227,2.8345709492955105,2.7801447392731227,2.6200497915436145,2.548199650375151,2.6200497915436145,2.548199650375151,2.716818708379394,2.8277320465645546,2.716818708379394,2.8277320465645546,2.5131323441664892,2.7736163478727778,2.5131323441664892,2.7736163478727778,2.7233059041745302,3.2061699059281437,2.7233059041745302,3.2061699059281437,2.677438718712478,2.5437953871510186,2.677438718712478,2.5437953871510186,3.183604053085385,2.690888902328171,3.183604053085385,2.690888902328171,2.436936340643148,2.7311615570836767,2.436936340643148,2.7311615570836767,2.621972938914358,2.5875699368610587,2.621972938914358,2.5875699368610587,2.7728099646538307,2.5687595146050737,2.7728099646538307,2.5687595146050737,3.496342829226111,2.9000715480482415,3.496342829226111,2.9000715480482415,2.6335308192470186,2.6652639549826254,2.6335308192470186,2.6652639549826254,2.520729686312794,3.033898070635736,2.520729686312794,3.033898070635736,2.73560394962795,2.542394859878577,2.73560394962795,2.542394859878577,2.934471122134991,3.0349860261788266,2.934471122134991,3.0349860261788266
0.06406886631989583,0.06508709779609147,0.06406886631989583,0.06508709779609147,0.0654152876759882,0.07711008203657913,0.0654152876759882,0.07711008203657913,0.06063058056331486,0.05253712820864096,0.06063058056331486,0.05253712820864096,0.07968745671269013,0.07206915721406111,0.07968745671269013,0.07206915721406111,0.06406886631989583,0.06508709779609147,0.06406886631989583,0.06508709779609147,0.0654152876759882,0.07711008203657913,0.0654152876759882,0.07711008203657913,0.06486943406778167,0.06912744883856328,0.06486943406778167,0.06912744883856328,0.0672832397959831,0.07106289095388987,0.0672832397959831,0.07106289095388987,0.05506121742634617,0.07271395791645471,0.05506121742634617,0.07271395791645471,0.08875923799383993,0.09833139007909601,0.08875923799383993,0.09833139007909601,0.07160154558383905,0.05585321553204787,0.07160154558383905,0.05585321553204787,0.06259886537460453,0.06648330411714289,0.06259886537460453,0.06648330411714289,0.06170645242600896,0.05399426242635923,0.06170645242600896,0.05399426242635923,0.07592475326239585,0.04653371937371451,0.07592475326239585,0.04653371937371451,0.058691638255154645,0.04679197226889904,0.058691638255154645,0.04679197226889904,0.03772757886140211,0.03853697696483619,0.03772757886140211,0.03853697696483619,0.06038949126303984,0.053924430276236314,0.06038949126303984,0.053924430276236314,0.10094865643680184,0.025614746996800945,0.10094865643680184,0.025614746996800945
1.0472142083198839,0.9813588720926902,1.0472142083198839,0.9813588720926902,1.0297408729198803,0.9355460651115391,1.0297408729198803,0.9355460651115391,1.0045600062317617,1.0107927224507125,1.0045600062317617,1.0107927224507125,1.1244671809038886,0.877113008887073,1.1244671809038886,0.877113008887073,1.0472142083198839,0.9813588720926902,1.0472142083198839,0.9813588720926902,1.0297408729198803,0.9355460651115391,1.0297408729198803,0.9355460651115391,1.0463184867724797,1.029980307814579,1.0463184867724797,1.029980307814579,0.7265306963749281,0.9071434160426334,0.7265306963749281,0.9071434160426334,1.0234166612398505,1.0250518139267029,1.0234166612398505,1.0250518139267029,1.062602400046131,1.1520441879493695,1.062602400046131,1.1520441879493695,1.0073474188916358,1.043916557598946,1.0073474188916358,1.043916557598946,0.8503637769696335,0.87829768122929,0.8503637769696335,0.87829768122929,1.1644953385487367,1.010329316095794,1.1644953385487367,1.010329316095794,0.8459812006756996,1.2851350474957544,0.8459812006756996,1.2851350474957544,0.9459982332852395,0.8944324172401654,0.9459982332852395,0.8944324172401654,0.9100292575897264,0.9101949562810234,0.9100292575897264,0.9101949562810234,0.9357566544345884,0.9834179643950033,0.9357566544345884,0.9834179643950033,1.020522568878627,0.726941931650201,1.020522568878627,0.726941931650201
0.7816327719248513,0.7935358663636743,0.7816327719248513,0.7935358663636743,0.7950457050618175,0.7797915969913465,0.7950457050618175,0.7797915969913465,0.7941128388401308,0.7672814278164367,0.7941128388401308,0.7672814278164367,0.7743827895630571,0.7943296167577095,0.7743827895630571,0.7943296167577095,0.7816327719248513,0.7935358663636743,0.7816327719248513,0.7935358663636743,0.7950457050618175,0.7797915969913465,0.7950457050618175,0.7797915969913465,0.7731409316358359,0.7977663833703262,0.7731409316358359,0.7977663833703262,0.7572337906307675,0.7386837054987853,0.7572337906307675,0.7386837054987853,0.7728466377456835,0.7230280989120992,0.7728466377456835,0.7230280989120992,0.7691497195440322,0.6765404317666887,0.7691497195440322,0.6765404317666887,0.7994992297057137,0.7566598523906471,0.7994992297057137,0.7566598523906471,0.7594058140239772,0.7287442621494656,0.7594058140239772,0.7287442621494656,0.7759525276895293,0.7779756706058827,0.7759525276895293,0.7779756706058827,0.6955322087890873,0.7182944821466165,0.6955322087890873,0.7182944821466165,0.7868765603925135,0.7706081467847713,0.7868765603925135,0.7706081467847713,0.7043380000900876,0.6977287119348566,0.7043380000900876,0.6977287119348566,0.7834841004586928,0.7857123371332744,0.7834841004586928,0.7857123371332744,0.7325559799268246,0.7304226309355277,0.7325559799268246,0.7304226309355277
1.6998774245193704,1.6000898042445544,1.6998774245193704,1.6000898042445544,1.5598560768909773,1.7164254182911294,1.5598560768909773,1.7164254182911294,1.6752111795533013,1.6222497272152727,1.6752111795533013,1.6222497272152727,1.6032632448098796,1.8810432849902767,1.6032632448098796,1.8810432849902767,1.6998774245193704,1.6000898042445544,1.6998774245193704,1.6000898042445544,1.5598560768909773,1.7164254182911294,1.5598560768909773,1.7164254182911294,1.4772671998369558,1.7721402286854155,1.4772671998369558,1.7721402286854155,2.1721276181863596,1.9708049658711695,2.1721276181863596,1.9708049658711695,1.8339760593579573,2.0157210619977737,1.8339760593579573,2.0157210619977737,1.7760087756014837,2.150828242654252,1.7760087756014837,2.150828242654252,1.9486914766028187,1.7610100752879303,1.9486914766028187,1.7610100752879303,2.4882617257736857,2.0610003292299766,2.4882617257736857,2.0610003292299766,2.295463399707722,2.277939641670882,2.295463399707722,2.277939641670882,3.240602320266844,2.093318925628249,3.240602320266844,2.093318925628249,2.2642484032776764,2.275993368218685,2.2642484032776764,2.275993368218685,2.22822860645885,2.4345011240849788,2.22822860645885,2.4345011240849788,2.6306129764574857,2.8485419708631685,2.6306129764574857,2.8485419708631685,3.05207896636043,1.9164802150621987,3.05207896636043,1.9164802150621987
0.31500001141696904,0.30510521737596064,0.31500001141696904,0.30510521737596064,0.30486159193714074,0.3199629179073617,0.30486159193714074,0.3199629179073617,0.3110294878679835,0.3207802937978212,0.3110294878679835,0.3207802937978212,0.2905126401637738,0.30685741830161045,0.2905126401637738,0.30685741830161045,0.31500001141696904,0.30510521737596064,0.31500001141696904,0.30510521737596064,0.30486159193714074,0.3199629179073617,0.30486159193714074,0.3199629179073617,0.38725472938205446,0.3541017181240343,0.38725472938205446,0.3541017181240343,0.34931382581768455,0.3948427826545879,0.34931382581768455,0.3948427826545879,0.3921197692908169,0.37406979190277695,0.3921197692908169,0.37406979190277695,0.3690311488189761,0.4031037093267354,0.3690311488189761,0.4031037093267354,0.40532546411274356,0.3536934607113838,0.40532546411274356,0.3536934607113838,0.36593882319194937,0.39063740020118487,0.36593882319194937,0.39063740020118487,0.3932843886032526,0.3183759244539767,0.3932843886032526,0.3183759244539767,0.41370013255351784,0.31676167016126117,0.41370013255351784,0.31676167016126117,0.47597796957185146,0.37747155327584153,0.47597796957185146,0.37747155327584153,0.3845670670297671,0.4546636757335877,0.3845670670297671,0.4546636757335877,0.4108873841238117,0.391787618607891,0.4108873841238117,0.391787618607891,0.40260084042249134,0.4766429306485349,0.40260084042249134,0.4766429306485349
1.9544025767604467,2.069162076267976,1.9544025767604467,2.069162076267976,1.9991593951529405,2.1674169758199224,1.9991593951529405,2.1674169758199224,1.9270953019185262,2.099059571398865,1.9270953019185262,2.099059571398865,2.067452127825341,2.055495439748037,2.067452127825341,2.055495439748037,1.9544025767604467,2.069162076267976,1.9544025767604467,2.069162076267976,1.9991593951529405,2.1674169758199224,1.9991593951529405,2.1674169758199224,2.2235099735722916,2.182942194015249,2.2235099735722916,2.182942194015249,2.0615248174710823,2.1744417280613217,2.0615248174710823,2.1744417280613217,2.1036570807698363,2.023011557462203,2.1036570807698363,2.023011557462203,2.2945152812415097,2.0800398615766116,2.2945152812415097,2.0800398615766116,2.0994817526864487,2.076144182830776,2.0994817526864487,2.076144182830776,2.04467322210092,1.841577770409435,2.04467322210092,1.841577770409435,1.9202484078334976,2.117534682203564,1.9202484078334976,2.117534682203564,1.8921302547750745,2.1543470592522453,1.8921302547750745,2.1543470592522453,2.026149114962509,2.2963816639805645,2.026149114962509,2.2963816639805645,2.18177276514785,2.1744188868120715,2.18177276514785,2.1744188868120715,1.9939712032386119,2.210659478593381,1.9939712032386119,2.210659478593381,2.265355845483475,2.2718572784369377,2.265355845483475,2.2718572784369377
0.171458568893224,0.1228085441036364,0.171458568893224,0.1228085441036364,0.19253866240747702,0.11805777952898779,0.19253866240747702,0.11805777952898779,0.18370701134433426,0.13048655816961208,0.18370701134433426,0.13048655816961208,0.19150850363341967,0.11672573596374561,0.19150850363341967,0.11672573596374561,0.171458568893224,0.1228085441036364,0.171458568893224,0.1228085441036364,0.19253866240747702,0.11805777952898779,0.19253866240747702,0.11805777952898779,0.13876275092443294,0.12188791935988114,0.13876275092443294,0.12188791935988114,0.13765643459292753,0.1320037608131132,0.13765643459292753,0.1320037608131132,0.12243204141293294,0.09993766751150651,0.12243204141293294,0.09993766751150651,0.16116676720321396,0.07992093851544371,0.16116676720321396,0.07992093851544371,0.1427841179340361,0.10813971967958595,0.1427841179340361,0.10813971967958595,0.09249476591642002,0.08204828510991141,0.09249476591642002,0.08204828510991141,0.10873640090860634,0.07422961275845195,0.10873640090860634,0.07422961275845195,0.16986258810513413,0.17519310164306692,0.16986258810513413,0.17519310164306692,0.12051733117834917,0.0811863417729058,0.12051733117834917,0.0811863417729058,0.11808519357404966,0.06366732014283184,0.11808519357404966,0.06366732014283184,0.16460233849792566,0.12113831679124455,0.16460233849792566,0.12113831679124455,0.07029364407443127,0.10331988248505061,0.07029364407443127,0.10331988248505061
0.4081644352506875,0.3525620714483932,0.4081644352506875,0.3525620714483932,0.4121812738431294,0.4457056093987145,0.4121812738431294,0.4457056093987145,0.42499839224689423,0.369224897108619,0.42499839224689423,0.369224897108619,0.42965923124854505,0.3640917704609995,0.42965923124854505,0.3640917704609995,0.4081644352506875,0.3525620714483932,0.4081644352506875,0.3525620714483932,0.4121812738431294,0.4457056093987145,0.4121812738431294,0.4457056093987145,0.48115977928165954,0.4159847840906402,0.48115977928165954,0.4159847840906402,0.3513637461142254,0.3393655017690337,0.3513637461142254,0.3393655017690337,0.5295173400898703,0.4331229340270067,0.5295173400898703,0.4331229340270067,0.28138235082110674,0.3429938180143347,0.28138235082110674,0.3429938180143347,0.5092490770438436,0.4366511402854544,0.5092490770438436,0.4366511402854544,0.34407124173915155,0.33885837955446296,0.34407124173915155,0.33885837955446296,0.43446095048578676,0.45474822643294166,0.43446095048578676,0.45474822643294166,0.33399884538758856,0.2361563793356797,0.33399884538758856,0.2361563793356797,0.37246947680134285,0.4034771912298531,0.37246947680134285,0.4034771912298531,0.5013653929582204,0.3453545373259098,0.5013653929582204,0.3453545373259098,0.4242997879330927,0.47248636529434646,0.4242997879330927,0.47248636529434646,0.33322784701702357,0.21023794906908533,0.33322784701702357,0.21023794906908533
0.8638285068680656,0.7993347149672212,0.8638285068680656,0.7993347149672212,0.9143572965941003,0.9213905137759741,0.9143572965941003,0.9213905137759741,0.8974781359531544,0.7711574795562595,0.8974781359531544,0.7711574795562595,0.9528379660734398,1.0335459233186766,0.9528379660734398,1.0335459233186766,0.8638285068680656,0.7993347149672212,0.8638285068680656,0.7993347149672212,0.9143572965941003,0.9213905137759741,0.9143572965941003,0.9213905137759741,0.8066613177417278,0.7296915772870459,0.8066613177417278,0.7296915772870459,0.916200141125868,0.7976561321420604,0.916200141125868,0.7976561321420604,0.8144669086929506,0.8261075338020436,0.8144669086929506,0.8261075338020436,0.8746253722872565,0.7432788495901331,0.8746253722872565,0.7432788495901331,0.8393023460062674,0.7594015670007741,0.8393023460062674,0.7594015670007741,0.9357836694584302,0.8383219742329047,0.9357836694584302,0.8383219742329047,0.8726522669708615,0.8840863848962558,0.8726522669708615,0.8840863848962558,0.8486896318799735,0.8933114985589329,0.8486896318799735,0.8933114985589329,0.7993504474455391,0.9987840483669157,0.7993504474455391,0.9987840483669157,0.6184627518041431,1.066268049220972,0.6184627518041431,1.066268049220972,0.9459603911489859,0.7863932800604191,0.9459603911489859,0.7863932800604191,0.7558393925255552,0.9517517868857203,0.7558393925255552,0.9517517868857203
0.24308992197424226,0.24182171127240099,0.24308992197424226,0.24182171127240099,0.37130379355096055,0.20497519601107758,0.37130379355096055,0.20497519601107758,0.3094717045395242,0.21675994097301926,0.3094717045395242,0.21675994097301926,0.4069820167693957,0.11584046267622947,0.4069820167693957,0.11584046267622947,0.24308992197424226,0.24182171127240099,0.24308992197424226,0.24182171127240099,0.37130379355096055,0.20497519601107758,0.37130379355096055,0.20497519601107758,0.145136207967646,0.14004254678546674,0.145136207967646,0.14004254678546674,0.18584374733502124,0.15449372311910356,0.18584374733502124,0.15449372311910356,0.16464055263491678,0.11300177813550596,0.16464055263491678,0.11300177813550596,0.2073247225564995,0.1113019949892203,0.2073247225564995,0.1113019949892203,0.13710119878990865,0.1396422854159611,0.13710119878990865,0.1396422854159611,0.09659787614424399,0.13045410973911992,0.09659787614424399,0.13045410973911992,0.2085125817255901,0.12513209025912952,0.2085125817255901,0.12513209025912952,0.04799627918148825,0.08942662079994954,0.04799627918148825,0.08942662079994954,0.1455110785106603,0.13629350834408532,0.1455110785106603,0.13629350834408532,0.17577401067362464,0.08877474841259048,0.17577401067362464,0.08877474841259048,0.17179851373699193,0.0722560076220905,0.17179851373699193,0.0722560076220905,0.08457478908415515,0.1010162038885091,0.08457478908415515,0.1010162038885091
2.3348507226885866,2.591542973441762,2.3348507226885866,2.591542973441762,2.238348465517032,1.9788854136090683,2.238348465517032,1.9788854136090683,2.2578131779259847,2.578923107591983,2.2578131779259847,2.578923107591983,2.2198877668106447,2.091933852740479,2.2198877668106447,2.091933852740479,2.3348507226885866,2.591542973441762,2.3348507226885866,2.591542973441762,2.238348465517032,1.9788854136090683,2.238348465517032,1.9788854136090683,2.10879187632894,2.4041615129696643,2.10879187632894,2.4041615129696643,1.4918371659613459,2.776531278126671,1.4918371659613459,2.776531278126671,2.0068951528382923,2.3410312765924344,2.0068951528382923,2.3410312765924344,2.4732487036445088,2.4729798500905984,2.4732487036445088,2.4729798500905984,1.8515674275134528,2.483420616866291,1.8515674275134528,2.483420616866291,1.8239970492797943,2.607185493878167,1.8239970492797943,2.607185493878167,2.094775737067383,2.2810748789688584,2.094775737067383,2.2810748789688584,1.8216394763174706,2.6405411712896325,1.8216394763174706,2.6405411712896325,1.8350378995284078,2.465944909137606,1.8350378995284078,2.465944909137606,2.3660246756395003,2.647781197561741,2.3660246756395003,2.647781197561741,2.820157793835411,2.1575503451894247,2.820157793835411,2.1575503451894247,2.679399223181971,2.3345646613228963,2.679399223181971,2.3345646613228963
1.2634321556279118,1.2807397126104174,1.2634321556279118,1.2807397126104174,1.366761609161509,1.0546070839655648,1.366761609161509,1.0546070839655648,1.485513759714514,1.3047116721727936,1.485513759714514,1.3047116721727936,1.2217773587538159,0.9509104951535802,1.2217773587538159,0.9509104951535802,1.2634321556279118,1.2807397126104174,1.2634321556279118,1.2807397126104174,1.366761609161509,1.0546070839655648,1.366761609161509,1.0546070839655648,1.0479449030460026,1.0843195573944562,1.0479449030460026,1.0843195573944562,0.9472738878437239,0.8918570817656771,0.9472738878437239,0.8918570817656771,1.0631141546168825,1.0815556029620945,1.0631141546168825,1.0815556029620945,0.9520239262208559,0.7452101895920532,0.9520239262208559,0.7452101895920532,1.0235912758299466,1.0805573565865545,1.0235912758299466,1.0805573565865545,1.2296704965600453,0.7946323211846243,1.2296704965600453,0.7946323211846243,1.0454329656368027,1.076723765493821,1.0454329656368027,1.076723765493821,0.8675642175394114,1.095962282058479,0.8675642175394114,1.095962282058479,1.1275779511160122,1.1212688321103985,1.1275779511160122,1.1212688321103985,1.1703061732418285,1.1385481846798609,1.1703061732418285,1.1385481846798609,1.021195444430187,1.070660423460795,1.021195444430187,1.070660423460795,1.0157722451856865,0.8760990703845918,1.0157722451856865,0.8760990703845918
1.2199038996925775,1.1942831214807919,1.2199038996925775,1.1942831214807919,1.3556406425868872,1.4321779740696676,1.3556406425868872,1.4321779740696676,1.2679166222977882,1.1776508303515074,1.2679166222977882,1.1776508303515074,1.406534987611964,1.2639668843472551,1.406534987611964,1.2639668843472551,1.2199038996925775,1.1942831214807919,1.2199038996925775,1.1942831214807919,1.3556406425868872,1.4321779740696676,1.3556406425868872,1.4321779740696676,1.3026044330262652,1.5063502131201068,1.3026044330262652,1.5063502131201068,1.104363975519389,1.400973322926669,1.104363975519389,1.400973322926669,1.3383782075225212,1.4752146586621178,1.3383782075225212,1.4752146586621178,1.415943712279635,1.1842533220684235,1.415943712279635,1.1842533220684235,1.205126409606243,1.3460230314101902,1.205126409606243,1.3460230314101902,1.0667962560535291,1.2386801160725338,1.0667962560535291,1.2386801160725338,1.2301313418333997,1.354066728258636,1.2301313418333997,1.354066728258636,0.8560640710979481,1.3602438376944954,0.8560640710979481,1.3602438376944954,1.3102800481613825,1.3219492972404976,1.3102800481613825,1.3219492972404976,1.4048756485795715,1.2648591306493053,1.4048756485795715,1.2648591306493053,1.4259084314335309,1.4967431921119705,1.4259084314335309,1.4967431921119705,1.451187313373142,1.356099938059028,1.451187313373142,1.356099938059028
5.928594358680473,5.95379812234508,5.928594358680473,5.95379812234508,5.533492887422853,5.3079848813518185,5.533492887422853,5.3079848813518185,5.701584767683577,6.023582022422372,5.701584767683577,6.023582022422372,5.946424800537105,6.058843000351381,5.946424800537105,6.058843000351381,5.928594358680473,5.95379812234508,5.928594358680473,5.95379812234508,5.533492887422853,5.3079848813518185,5.533492887422853,5.3079848813518185,5.4471051799221035,5.313407905908544,5.4471051799221035,5.313407905908544,5.447334586012773,5.313882609433271,5.447334586012773,5.313882609433271,5.830553573917883,5.714529031023474,5.830553573917883,5.714529031023474,5.387253429401472,5.652935833664489,5.387253429401472,5.652935833664489,5.645224820037368,5.796340831397025,5.645224820037368,5.796340831397025,5.107347211252599,6.011624474820223,5.107347211252599,6.011624474820223,5.4381587737320425,6.081424835030822,5.4381587737320425,6.081424835030822,5.261618920173768,6.2626995436625466,5.261618920173768,6.2626995436625466,5.475178942684004,5.939341158253182,5.475178942684004,5.939341158253182,5.388487678017031,5.992188846902671,5.388487678017031,5.992188846902671,5.536470494062226,5.5984976444682255,5.536470494062226,5.5984976444682255,5.884786108316962,6.413871831806165,5.884786108316962,6.413871831806165
0.4966870649440836,0.5061305138114806,0.4966870649440836,0.5061305138114806,0.4841998427009474,0.5325116145810861,0.4841998427009474,0.5325116145810861,0.48792474463640206,0.4960431804495077,0.48792474463640206,0.4960431804495077,0.4397718137071349,0.47977873440403984,0.4397718137071349,0.47977873440403984,0.4966870649440836,0.5061305138114806,0.4966870649440836,0.5061305138114806,0.4841998427009474,0.5325116145810861,0.4841998427009474,0.5325116145810861,0.4569966530426734,0.4743546862108218,0.4569966530426734,0.4743546862108218,0.3384376905323144,0.4358823342340848,0.3384376905323144,0.4358823342340848,0.4613763947337598,0.484688079234536,0.4613763947337598,0.484688079234536,0.41016519261028933,0.4179476074094401,0.41016519261028933,0.4179476074094401,0.5012837640058746,0.4668062531160368,0.5012837640058746,0.4668062531160368,0.4313651265235389,0.39957516392791537,0.4313651265235389,0.39957516392791537,0.5299689547901186,0.47588505741763026,0.5299689547901186,0.47588505741763026,0.3945825061669578,0.5219607475311369,0.3945825061669578,0.5219607475311369,0.49597850374498786,0.4282681773470893,0.49597850374498786,0.4282681773470893,0.7182465753432721,0.41469499136995586,0.7182465753432721,0.41469499136995586,0.45985948131114346,0.49069987160909917,0.45985948131114346,0.49069987160909917,0.37149658535180047,0.5043357403974735,0.37149658535180047,0.5043357403974735
1.0071241163442577,0.9794421704529022,1.0071241163442577,0.9794421704529022,0.9084501800382151,0.8862559037973595,0.9084501800382151,0.8862559037973595,1.0208006964288745,0.9470110795828558,1.0208006964288745,0.9470110795828558,0.86017277247192,0.8574813530727814,0.86017277247192,0.8574813530727814,1.0071241163442577,0.9794421704529022,1.0071241163442577,0.9794421704529022,0.9084501800382151,0.8862559037973595,0.9084501800382151,0.8862559037973595,0.948318658651301,0.9076762401631975,0.948318658651301,0.9076762401631975,0.8307023287961928,0.8640740222751788,0.8307023287961928,0.8640740222751788,0.9690866010522861,0.904141922370444,0.9690866010522861,0.904141922370444,0.8331804895731839,0.8000952576126361,0.8331804895731839,0.8000952576126361,0.9532636052601248,0.8832992108269553,0.9532636052601248,0.8832992108269553,1.0527511778936276,0.7484293628044922,1.0527511778936276,0.7484293628044922,0.9518279927399659,0.8499572379828123,0.9518279927399659,0.8499572379828123,1.0888588102017562,0.8945640872554914,1.0888588102017562,0.8945640872554914,0.9674740572734708,0.8969418582161512,0.9674740572734708,0.8969418582161512,0.8738501647469804,0.8245247110971239,0.8738501647469804,0.8245247110971239,0.8242020286207997,0.8922766515934748,0.8242020286207997,0.8922766515934748,0.9669994185463011,0.87052979094461,0.9669994185463011,0.87052979094461
0.10504809696191977,0.1330499126371047,0.10504809696191977,0.1330499126371047,0.1281395952436409,0.18394564388680468,0.1281395952436409,0.18394564388680468,0.11558491607156893,0.1404080212856997,0.11558491607156893,0.1404080212856997,0.12577581167218013,0.1725952045836202,0.12577581167218013,0.1725952045836202,0.10504809696191977,0.1330499126371047,0.10504809696191977,0.1330499126371047,0.1281395952436409,0.18394564388680468,0.1281395952436409,0.18394564388680468,0.09705648455113185,0.11259360606198296,0.09705648455113185,0.11259360606198296,0.18037049529741245,0.1294602953189552,0.18037049529741245,0.1294602953189552,0.10340177150253836,0.13621195432056446,0.10340177150253836,0.13621195432056446,0.13921090456466867,0.1451583645746853,0.13921090456466867,0.1451583645746853,0.09787477603328157,0.12256365037921696,0.09787477603328157,0.12256365037921696,0.1349990248148056,0.10611975632393436,0.1349990248148056,0.10611975632393436,0.08657977809390108,0.09493174868185263,0.08657977809390108,0.09493174868185263,0.19766171532364954,0.1710520263226752,0.19766171532364954,0.1710520263226752,0.11918320859053856,0.13669103877171346,0.11918320859053856,0.13669103877171346,0.15310140814586004,0.20114990633877447,0.15310140814586004,0.20114990633877447,0.13257475533150828,0.11779486208771833,0.13257475533150828,0.11779486208771833,0.259363534087341,0.12900771935097888,0.259363534087341,0.12900771935097888
0.35995083121182775,0.42771683687606665,0.35995083121182775,0.42771683687606665,0.42447895971642013,0.4663663934604321,0.42447895971642013,0.4663663934604321,0.34668482211929164,0.442159036852681,0.34668482211929164,0.442159036852681,0.3575689251072679,0.5247848609907261,0.3575689251072679,0.5247848609907261,0.35995083121182775,0.42771683687606665,0.35995083121182775,0.42771683687606665,0.42447895971642013,0.4663663934604321,0.42447895971642013,0.4663663934604321,0.4313937978975079,0.4849381575961122,0.4313937978975079,0.4849381575961122,0.5603702714628966,0.47633191748441683,0.5603702714628966,0.47633191748441683,0.4285982376519647,0.5122489676666772,0.4285982376519647,0.5122489676666772,0.5738517356994783,0.4968251171750561,0.5738517356994783,0.4968251171750561,0.4068875559192194,0.5468002201007924,0.4068875559192194,0.5468002201007924,0.3599659785583136,0.5176851111644488,0.3599659785583136,0.5176851111644488,0.5368007711291177,0.4483102735533481,0.5368007711291177,0.4483102735533481,0.29058908850133736,0.4918198824464988,0.29058908850133736,0.4918198824464988,0.5214022590145236,0.5050233984607663,0.5214022590145236,0.5050233984607663,0.513311408839249,0.4494064586567895,0.513311408839249,0.4494064586567895,0.49529119448098036,0.5558424985210315,0.49529119448098036,0.5558424985210315,0.6741091593929137,0.6153216295869149,0.6741091593929137,0.6153216295869149
0.5913899694023511,0.7131181297390018,0.5913899694023511,0.7131181297390018,0.7706248817541668,0.7509802626861846,0.7706248817541668,0.7509802626861846,0.625138455127085,0.6733546922100168,0.625138455127085,0.6733546922100168,0.8494125762707673,0.7061645504212333,0.8494125762707673,0.7061645504212333,0.5913899694023511,0.7131181297390018,0.5913899694023511,0.7131181297390018,0.7706248817541668,0.7509802626861846,0.7706248817541668,0.7509802626861846,0.6956266785748763,0.51935768948438,0.6956266785748763,0.51935768948438,0.7051189048433212,0.6608017393461586,0.7051189048433212,0.6608017393461586,0.577058432993456,0.5050073720718676,0.577058432993456,0.5050073720718676,0.5275088189294431,0.6132869053439046,0.5275088189294431,0.6132869053439046,0.7207384425529225,0.5604702715836116,0.7207384425529225,0.5604702715836116,0.9841867403467934,0.8970232329475606,0.9841867403467934,0.8970232329475606,0.47627423851968126,0.576344663271415,0.47627423851968126,0.576344663271415,1.2324525206490808,1.0560057570024983,1.2324525206490808,1.0560057570024983,0.6032218035345266,0.6250837665727164,0.6032218035345266,0.6250837665727164,0.6835626920666869,0.7877175830564408,0.6835626920666869,0.7877175830564408,0.5577313776282617,0.6328500537903424,0.5577313776282617,0.6328500537903424,1.1240901189407466,0.7025507120673936,1.1240901189407466,0.7025507120673936
0.8779432845625171,0.8625305235244195,0.8779432845625171,0.8625305235244195,0.9253913327085118,0.731119268050633,0.9253913327085118,0.731119268050633,0.9676552585085979,0.8423849121494182,0.9676552585085979,0.8423849121494182,0.8695589554092361,0.6731025024808783,0.8695589554092361,0.6731025024808783,0.8779432845625171,0.8625305235244195,0.8779432845625171,0.8625305235244195,0.9253913327085118,0.731119268050633,0.9253913327085118,0.731119268050633,0.8119132194681749,0.7700605205457859,0.8119132194681749,0.7700605205457859,0.6758549160930669,0.5826101200791363,0.6758549160930669,0.5826101200791363,0.814228437379298,0.7774644272052349,0.814228437379298,0.7774644272052349,0.6769024493915761,0.7493457913997011,0.6769024493915761,0.7493457913997011,0.8365019566112378,0.7560890799740223,0.8365019566112378,0.7560890799740223,0.7808982814196862,0.7010334620049218,0.7808982814196862,0.7010334620049218,0.7434267940480884,0.5124409145394561,0.7434267940480884,0.5124409145394561,0.8996542083949831,0.6481033694508005,0.8996542083949831,0.6481033694508005,0.7051234056276935,0.6207372932440474,0.7051234056276935,0.6207372932440474,0.6510687868659054,0.6536433923437514,0.6510687868659054,0.6536433923437514,0.6568469827249098,0.641558722843923,0.6568469827249098,0.641558722843923,0.7824476988030516,0.474389031800914,0.7824476988030516,0.474389031800914
0.9332429274076081,0.8302803388044714,0.9332429274076081,0.8302803388044714,0.9817743163784228,0.8669802369083347,0.9817743163784228,0.8669802369083347,0.9429180296552616,0.8220325544077981,0.9429180296552616,0.8220325544077981,0.9869345207146331,0.8769231721061624,0.9869345207146331,0.8769231721061624,0.9332429274076081,0.8302803388044714,0.9332429274076081,0.8302803388044714,0.9817743163784228,0.8669802369083347,0.9817743163784228,0.8669802369083347,0.9539798736908619,0.9298515916595034,0.9539798736908619,0.9298515916595034,0.9581091420489011,0.9440152334034324,0.9581091420489011,0.9440152334034324,0.8556944464501147,0.9285634182623688,0.8556944464501147,0.9285634182623688,0.7943003173918148,1.0004995042752904,0.7943003173918148,1.0004995042752904,1.0128777155258881,0.9682987475583998,1.0128777155258881,0.9682987475583998,0.706371374048389,0.7696709380976493,0.706371374048389,0.7696709380976493,0.8911807077342573,1.0034388015055866,0.8911807077342573,1.0034388015055866,1.0765279965381267,0.7844380233595495,1.0765279965381267,0.7844380233595495,0.8194290516299193,0.8964125479851061,0.8194290516299193,0.8964125479851061,0.7308910556560541,0.691854285037191,0.7308910556560541,0.691854285037191,0.8540904150482396,0.9318958733696555,0.8540904150482396,0.9318958733696555,1.0687822674801148,0.7540597754871131,1.0687822674801148,0.7540597754871131
0.3083481579754921,0.26679068377081455,0.3083481579754921,0.26679068377081455,0.4720643343863798,0.3276502301022632,0.4720643343863798,0.3276502301022632,0.36630592300801806,0.3015183810699658,0.36630592300801806,0.3015183810699658,0.46546727425814777,0.3560568416260352,0.46546727425814777,0.3560568416260352,0.3083481579754921,0.26679068377081455,0.3083481579754921,0.26679068377081455,0.4720643343863798,0.3276502301022632,0.4720643343863798,0.3276502301022632,0.39266430913532174,0.3067197647614125,0.39266430913532174,0.3067197647614125,0.7265579385887824,0.5406307291394413,0.7265579385887824,0.5406307291394413,0.32834568011781035,0.2813928355292471,0.32834568011781035,0.2813928355292471,0.4655448529120192,0.4012741314873433,0.4655448529120192,0.4012741314873433,0.3676112831004443,0.27729147286601696,0.3676112831004443,0.27729147286601696,0.5048312965709568,0.5138065266925661,0.5048312965709568,0.5138065266925661,0.47881388023565474,0.37005782282089833,0.47881388023565474,0.37005782282089833,0.5647064510646261,0.8850823310256631,0.5647064510646261,0.8850823310256631,0.3620811520017797,0.30582622348508376,0.3620811520017797,0.30582622348508376,0.448955879614283,0.5212010890798695,0.448955879614283,0.5212010890798695,0.48793478846610144,0.47680329510823577,0.48793478846610144,0.47680329510823577,0.5155930631254456,0.7007346644960176,0.5155930631254456,0.7007346644960176
0.24779736110267264,0.20781053123149568,0.24779736110267264,0.20781053123149568,0.23253688396844152,0.1860735444735485,0.23253688396844152,0.1860735444735485,0.21459201577234754,0.2210967101919508,0.21459201577234754,0.2210967101919508,0.23122150120033,0.17180751307547107,0.23122150120033,0.17180751307547107,0.24779736110267264,0.20781053123149568,0.24779736110267264,0.20781053123149568,0.23253688396844152,0.1860735444735485,0.23253688396844152,0.1860735444735485,0.25713301997916926,0.1793263826184289,0.25713301997916926,0.1793263826184289,0.1843532071832947,0.2557380097362519,0.1843532071832947,0.2557380097362519,0.2094199390152793,0.18970338220281666,0.2094199390152793,0.18970338220281666,0.2110928587009539,0.2067672401506659,0.2110928587009539,0.2067672401506659,0.25156711924902003,0.1938775269990922,0.25156711924902003,0.1938775269990922,0.16819614324488033,0.24777066518703175,0.16819614324488033,0.24777066518703175,0.3022360878201084,0.2143536303227318,0.3022360878201084,0.2143536303227318,0.22034745074273643,0.15425087202723298,0.22034745074273643,0.15425087202723298,0.15487706377093077,0.21829451280851017,0.15487706377093077,0.21829451280851017,0.16997246324192938,0.1237911288898902,0.16997246324192938,0.1237911288898902,0.20211196364984946,0.17349969944773977,0.20211196364984946,0.17349969944773977,0.19307673557379826,0.1588692595047682,0.19307673557379826,0.1588692595047682
0.8249163948974896,0.9882306649176152,0.8249163948974896,0.9882306649176152,0.8642257488141543,1.1037839421157116,0.8642257488141543,1.1037839421157116,0.8431251886087596,0.9535093626260691,0.8431251886087596,0.9535093626260691,0.8513150364450602,1.2705487477351005,0.8513150364450602,1.2705487477351005,0.8249163948974896,0.9882306649176152,0.8249163948974896,0.9882306649176152,0.8642257488141543,1.1037839421157116,0.8642257488141543,1.1037839421157116,1.0103821090714216,1.1039054891703322,1.0103821090714216,1.1039054891703322,0.948517959809639,0.8615321823854696,0.948517959809639,0.8615321823854696,0.9395461196854168,1.1005486078155162,0.9395461196854168,1.1005486078155162,0.8702493887757136,0.8082202071745812,0.8702493887757136,0.8082202071745812,0.969424184910106,1.0746130458173493,0.969424184910106,1.0746130458173493,0.8704665064182782,0.8121955894131165,0.8704665064182782,0.8121955894131165,0.8429279061485488,1.1341845236898824,0.8429279061485488,1.1341845236898824,1.1857046032671468,1.0715817922256625,1.1857046032671468,1.0715817922256625,0.8678634045076189,1.062546859941927,0.8678634045076189,1.062546859941927,0.8071822460814344,0.7001424758537853,0.8071822460814344,0.7001424758537853,0.8501917965229655,1.0061264923128983,0.8501917965229655,1.0061264923128983,1.254863592932928,0.7820802341169206,1.254863592932928,0.7820802341169206
2.462462398022378,2.0769877071466074,2.462462398022378,2.0769877071466074,2.370999275166274,2.052444073773218,2.370999275166274,2.052444073773218,2.2374165236559262,2.001013189855392,2.2374165236559262,2.001013189855392,2.4769046846682583,2.2293255498240785,2.4769046846682583,2.2293255498240785,2.462462398022378,2.0769877071466074,2.462462398022378,2.0769877071466074,2.370999275166274,2.052444073773218,2.370999275166274,2.052444073773218,2.2491868581297068,2.3178573077279783,2.2491868581297068,2.3178573077279783,2.1702150191127854,1.808276983989673,2.1702150191127854,1.808276983989673,2.144310031244015,2.2208828457074135,2.144310031244015,2.2208828457074135,2.1606174271702914,1.9042595524697952,2.1606174271702914,1.9042595524697952,2.1856222364287663,2.1557530475607782,2.1856222364287663,2.1557530475607782,1.8559854605677475,2.1574453218789222,1.8559854605677475,2.1574453218789222,2.1044271447785112,2.2363822288624666,2.1044271447785112,2.2363822288624666,2.153860579982305,2.2705889108069477,2.153860579982305,2.2705889108069477,2.1427707722809988,2.185104920119909,2.1427707722809988,2.185104920119909,2.1137189783637123,1.785406868672268,2.1137189783637123,1.785406868672268,2.1679468446570582,2.574093539857217,2.1679468446570582,2.574093539857217,2.3250994611195033,1.7293182329523127,2.3250994611195033,1.7293182329523127
1.2563179509116753,1.051530430296427,1.2563179509116753,1.051530430296427,1.6150431026998582,0.9060094800912297,1.6150431026998582,0.9060094800912297,0.928064821358239,1.0016292823065998,0.928064821358239,1.0016292823065998,1.1730679857670194,0.7694353423230148,1.1730679857670194,0.7694353423230148,1.2563179509116753,1.051530430296427,1.2563179509116753,1.051530430296427,1.6150431026998582,0.9060094800912297,1.6150431026998582,0.9060094800912297,0.7390922776465161,0.7643281560858859,0.7390922776465161,0.7643281560858859,0.914111352505812,0.7786566728354809,0.914111352505812,0.7786566728354809,0.738860190397887,0.6398459358908062,0.738860190397887,0.6398459358908062,0.824563266320767,1.1426691491254992,0.824563266320767,1.1426691491254992,0.7720406010966319,0.7825748553894767,0.7720406010966319,0.7825748553894767,0.9853253741118495,0.5403075465858357,0.9853253741118495,0.5403075465858357,0.7247994853548565,0.7398005155741704,0.7247994853548565,0.7398005155741704,1.2830674809780112,0.8164640306744178,1.2830674809780112,0.8164640306744178,0.7315542237023458,0.780238547210275,0.7315542237023458,0.780238547210275,1.2304073881999504,0.8858072203171001,1.2304073881999504,0.8858072203171001,0.7579040999039608,1.1509092904411717,0.7579040999039608,1.1509092904411717,0.8943987564793285,0.7916731352590848,0.8943987564793285,0.7916731352590848
0.2722461975807845,0.36825408942811605,0.2722461975807845,0.36825408942811605,0.3612699405777798,0.40328051358873224,0.3612699405777798,0.40328051358873224,0.28796846095568474,0.30522034793624403,0.28796846095568474,0.30522034793624403,0.40052322648913724,0.6144005139602408,0.40052322648913724,0.6144005139602408,0.2722461975807845,0.36825408942811605,0.2722461975807845,0.36825408942811605,0.3612699405777798,0.40328051358873224,0.3612699405777798,0.40328051358873224,0.28762705815836437,0.2792997503804587,0.28762705815836437,0.2792997503804587,0.4384196281731281,0.4416305246806781,0.4384196281731281,0.4416305246806781,0.3453816575215801,0.3068622201380557,0.3453816575215801,0.3068622201380557,0.3032851449263974,0.37215444601561193,0.3032851449263974,0.37215444601561193,0.26585159823933413,0.22951874908791386,0.26585159823933413,0.22951874908791386,0.4196098139461197,0.3307064077938622,0.4196098139461197,0.3307064077938622,0.3654441555935565,0.3488397263621717,0.3654441555935565,0.3488397263621717,0.3506111191955662,0.2944280341747318,0.3506111191955662,0.2944280341747318,0.36388513069159156,0.32102062035531315,0.36388513069159156,0.32102062035531315,0.5030503301676159,0.3962843706878868,0.5030503301676159,0.3962843706878868,0.4069997056625682,0.31851284243703126,0.4069997056625682,0.31851284243703126,0.5209668580665743,0.5384059512194305,0.5209668580665743,0.5384059512194305
0.423632539863182,0.4044111780299952,0.423632539863182,0.4044111780299952,0.6360418606340941,0.40292288518483116,0.6360418606340941,0.40292288518483116,0.43967657179058267,0.34871211675732994,0.43967657179058267,0.34871211675732994,0.6810971379232996,0.40028261800032233,0.6810971379232996,0.40028261800032233,0.423632539863182,0.4044111780299952,0.423632539863182,0.4044111780299952,0.6360418606340941,0.40292288518483116,0.6360418606340941,0.40292288518483116,0.34496994272568227,0.23964254570497603,0.34496994272568227,0.23964254570497603,0.7004879598995924,0.39380317951344135,0.7004879598995924,0.39380317951344135,0.4672037328823455,0.3174717984394213,0.4672037328823455,0.3174717984394213,0.4811157625951032,0.32743655257091725,0.4811157625951032,0.32743655257091725,0.30301878942432253,0.3182751273657611,0.30301878942432253,0.3182751273657611,0.43753277586899514,0.21672613116217462,0.43753277586899514,0.21672613116217462,0.25375212229586397,0.3569960775338313,0.25375212229586397,0.3569960775338313,0.3135224205990987,0.693052886790622,0.3135224205990987,0.693052886790622,0.4104010407859539,0.5727066617375324,0.4104010407859539,0.5727066617375324,0.32124891284163754,0.8139485891288186,0.32124891284163754,0.8139485891288186,0.37157497848409116,0.2873334641818734,0.37157497848409116,0.2873334641818734,0.4645643902624313,0.17877109423677487,0.4645643902624313,0.17877109423677487
0.1856237962767698,0.20659326569606884,0.1856237962767698,0.20659326569606884,0.3548664450803079,0.2280991956725046,0.3548664450803079,0.2280991956725046,0.23867476857541228,0.18207239352704638,0.23867476857541228,0.18207239352704638,0.2676832662715322,0.5063417415673318,0.2676832662715322,0.5063417415673318,0.1856237962767698,0.20659326569606884,0.1856237962767698,0.20659326569606884,0.3548664450803079,0.2280991956725046,0.3548664450803079,0.2280991956725046,0.23207089939961748,0.16063329346577343,0.23207089939961748,0.16063329346577343,0.3603598028653159,0.2219223141338531,0.3603598028653159,0.2219223141338531,0.17514265897789272,0.14587051423503203,0.17514265897789272,0.14587051423503203,0.10814557821089772,0.4563970519214094,0.10814557821089772,0.4563970519214094,0.20790839726740326,0.22110110148405304,0.20790839726740326,0.22110110148405304,0.16956990170821318,0.3096822305591973,0.16956990170821318,0.3096822305591973,0.13761798453760696,0.124843802288064,0.13761798453760696,0.124843802288064,0.2645546717318474,0.1416266705012564,0.2645546717318474,0.1416266705012564,0.24849900898329466,0.15549767728213257,0.24849900898329466,0.15549767728213257,0.36265569784081797,0.1549653643592416,0.36265569784081797,0.1549653643592416,0.12468836774849056,0.0857113647254369,0.12468836774849056,0.0857113647254369,0.4743915203332609,0.13993952838733706,0.4743915203332609,0.13993952838733706
1.8047421399923294,2.0679952417518743,1.8047421399923294,2.0679952417518743,2.130140457648644,1.8853741971729154,2.130140457648644,1.8853741971729154,1.6781311552850158,2.042448599424563,1.6781311552850158,2.042448599424563,1.7573332190751654,2.0803275101184884,1.7573332190751654,2.0803275101184884,1.8047421399923294,2.0679952417518743,1.8047421399923294,2.0679952417518743,2.130140457648644,1.8853741971729154,2.130140457648644,1.8853741971729154,1.3229290153893467,1.6930643306620274,1.3229290153893467,1.6930643306620274,2.650693333153817,1.9089078513432383,2.650693333153817,1.9089078513432383,1.7851428771035895,1.9293654783003915,1.7851428771035895,1.9293654783003915,2.2067754041235155,1.8949433971140281,2.2067754041235155,1.8949433971140281,1.762638546868786,2.06929259585681,1.762638546868786,2.06929259585681,2.113021743577168,1.6275045377066808,2.113021743577168,1.6275045377066808,1.5270017661256645,1.8647596992356805,1.5270017661256645,1.8647596992356805,1.695098743934333,1.7977590031377686,1.695098743934333,1.7977590031377686,2.108097842693889,1.9530685274830082,2.108097842693889,1.9530685274830082,2.9101774171981174,2.022595099006721,2.9101774171981174,2.022595099006721,2.1380715477406067,1.6863330755914032,2.1380715477406067,1.6863330755914032,2.269262272982466,3.056979948349021,2.269262272982466,3.056979948349021
0.35731547382975826,0.40223860192974265,0.35731547382975826,0.40223860192974265,0.3355463664258293,0.36067627597832386,0.3355463664258293,0.36067627597832386,0.3344203906551373,0.3687230602515161,0.3344203906551373,0.3687230602515161,0.37176157956424927,0.4145860359612577,0.37176157956424927,0.4145860359612577,0.35731547382975826,0.40223860192974265,0.35731547382975826,0.40223860192974265,0.3355463664258293,0.36067627597832386,0.3355463664258293,0.36067627597832386,0.46860969182680184,0.436791515287242,0.46860969182680184,0.436791515287242,0.4896582967633532,0.45285353800318023,0.4896582967633532,0.45285353800318023,0.46414188449692195,0.4092119282833827,0.46414188449692195,0.4092119282833827,0.5227579292959497,0.4103194953206702,0.5227579292959497,0.4103194953206702,0.4046252767550154,0.4174608399337704,0.4046252767550154,0.4174608399337704,0.3952557529264481,0.3483966278174742,0.3952557529264481,0.3483966278174742,0.3099656954186618,0.4375836309912478,0.3099656954186618,0.4375836309912478,0.40097499842635426,0.3609017320054902,0.40097499842635426,0.3609017320054902,0.44386171826161264,0.4287426829419636,0.44386171826161264,0.4287426829419636,0.4461883542934454,0.4230639672050135,0.4461883542934454,0.4230639672050135,0.42825902144483435,0.4892986531814469,0.42825902144483435,0.4892986531814469,0.49809184837781734,0.5617710822063958,0.49809184837781734,0.5617710822063958
0.2408574614971772,0.2972859671915086,0.2408574614971772,0.2972859671915086,0.22327106181142217,0.27940038252461324,0.22327106181142217,0.27940038252461324,0.24020157310475596,0.28516213481303854,0.24020157310475596,0.28516213481303854,0.24671549626290154,0.3205901997036366,0.24671549626290154,0.3205901997036366,0.2408574614971772,0.2972859671915086,0.2408574614971772,0.2972859671915086,0.22327106181142217,0.27940038252461324,0.22327106181142217,0.27940038252461324,0.2315559218436488,0.28294444056713,0.2315559218436488,0.28294444056713,0.3227801429562052,0.2310521445760984,0.3227801429562052,0.2310521445760984,0.26837489354830896,0.2545572045593694,0.26837489354830896,0.2545572045593694,0.3383499449105639,0.29867973312018703,0.3383499449105639,0.29867973312018703,0.29865823696866106,0.2611695907495185,0.29865823696866106,0.2611695907495185,0.2259396712303484,0.327153337437637,0.2259396712303484,0.327153337437637,0.23976958166170095,0.275458559496734,0.23976958166170095,0.275458559496734,0.31903414965137494,0.23492519674346116,0.31903414965137494,0.23492519674346116,0.24157004967538093,0.289566863135377,0.24157004967538093,0.289566863135377,0.28228314746908195,0.2888011398721605,0.28228314746908195,0.2888011398721605,0.23149252663672187,0.2647003195767391,0.23149252663672187,0.2647003195767391,0.3488330483825883,0.29586890543400096,0.3488330483825883,0.29586890543400096
0.5392545320415082,0.6003166999647755,0.5392545320415082,0.6003166999647755,0.41484353997889784,0.47053396901983,0.41484353997889784,0.47053396901983,0.5053842142323219,0.5992010816590775,0.5053842142323219,0.5992010816590775,0.3692589206178146,0.5198487315755906,0.3692589206178146,0.5198487315755906,0.5392545320415082,0.6003166999647755,0.5392545320415082,0.6003166999647755,0.41484353997889784,0.47053396901983,0.41484353997889784,0.47053396901983,0.4469087745134855,0.44104646193497143,0.4469087745134855,0.44104646193497143,0.5090118399106305,0.42334038325949486,0.5090118399106305,0.42334038325949486,0.4079584692782824,0.45332908919786724,0.4079584692782824,0.45332908919786724,0.4002769065190022,0.4103014565950632,0.4002769065190022,0.4103014565950632,0.4095514991468901,0.44003543025410274,0.4095514991468901,0.44003543025410274,0.46897431107447224,0.49918810081519877,0.46897431107447224,0.49918810081519877,0.5454473362414828,0.5183051186756684,0.5454473362414828,0.5183051186756684,0.36578994629716866,0.39164355485243374,0.36578994629716866,0.39164355485243374,0.4515893817323265,0.47232375286874984,0.4515893817323265,0.47232375286874984,0.43622430933980816,0.4614111323181973,0.43622430933980816,0.4614111323181973,0.4512242414086246,0.4674837219058899,0.4512242414086246,0.4674837219058899,0.4073592619629409,0.3365435206388179,0.4073592619629409,0.3365435206388179
2.3565768391502524,2.444752234118685,2.3565768391502524,2.444752234118685,1.4150436278288991,2.6717416040403013,1.4150436278288991,2.6717416040403013,2.2430145735069584,2.7928195024056452,2.2430145735069584,2.7928195024056452,1.8430014084006558,2.0431162597744077,1.8430014084006558,2.0431162597744077,2.3565768391502524,2.444752234118685,2.3565768391502524,2.444752234118685,1.4150436278288991,2.6717416040403013,1.4150436278288991,2.6717416040403013,2.006686585716845,1.441878989210214,2.006686585716845,1.441878989210214,1.5631235495279427,1.2246905115845204,1.5631235495279427,1.2246905115845204,1.7809757557564432,1.8350590719609514,1.7809757557564432,1.8350590719609514,2.278588312233676,1.9151201852024307,2.278588312233676,1.9151201852024307,1.9032716729401526,1.599532022189023,1.9032716729401526,1.599532022189023,2.5795726757814803,0.9843794840781439,2.5795726757814803,0.9843794840781439,2.215098268822721,1.6070454239237355,2.215098268822721,1.6070454239237355,1.4447395379184387,1.691718314933703,1.4447395379184387,1.691718314933703,1.7524078687960623,1.1266197874047363,1.7524078687960623,1.1266197874047363,2.324694487391703,1.5786717640854169,2.324694487391703,1.5786717640854169,1.902684844032577,2.1985973100297573,1.902684844032577,2.1985973100297573,0.7619037492947393,1.8996223021153524,0.7619037492947393,1.8996223021153524
1.2386468163111022,1.0718589709851247,1.2386468163111022,1.0718589709851247,1.1866038261724141,1.0946113585928923,1.1866038261724141,1.0946113585928923,1.261758271833576,1.0362362880770755,1.261758271833576,1.0362362880770755,1.1265304184833191,1.1727808813064728,1.1265304184833191,1.1727808813064728,1.2386468163111022,1.0718589709851247,1.2386468163111022,1.0718589709851247,1.1866038261724141,1.0946113585928923,1.1866038261724141,1.0946113585928923,1.1610359381040334,1.0433868943581572,1.1610359381040334,1.0433868943581572,1.167814163306585,1.2718444929807557,1.167814163306585,1.2718444929807557,1.3380440946543954,1.0806534728269261,1.3380440946543954,1.0806534728269261,1.5550867534632793,1.1235998539529388,1.5550867534632793,1.1235998539529388,1.2818055025934307,1.1995812854416716,1.2818055025934307,1.1995812854416716,1.5855623855438274,0.9591670129713445,1.5855623855438274,0.9591670129713445,1.3792630675517705,1.0464897688207464,1.3792630675517705,1.0464897688207464,1.31443447763785,1.4269571742742961,1.31443447763785,1.4269571742742961,1.2251035776219548,1.0941791397428704,1.2251035776219548,1.0941791397428704,1.3238800710967054,1.2021445948819567,1.3238800710967054,1.2021445948819567,1.3172455038055373,1.2046941293855513,1.3172455038055373,1.2046941293855513,1.400403059772539,1.4841849287671167,1.400403059772539,1.4841849287671167
1.6689044651438067,1.9436771593009237,1.6689044651438067,1.9436771593009237,1.6181436798936304,1.6447572339246936,1.6181436798936304,1.6447572339246936,1.6249381498328603,1.861075392954294,1.6249381498328603,1.861075392954294,1.638254684099385,1.6482829384038642,1.638254684099385,1.6482829384038642,1.6689044651438067,1.9436771593009237,1.6689044651438067,1.9436771593009237,1.6181436798936304,1.6447572339246936,1.6181436798936304,1.6447572339246936,1.398929331752603,1.9937739867508852,1.398929331752603,1.9937739867508852,1.2633514262120125,1.6065045116464571,1.2633514262120125,1.6065045116464571,1.406789218104253,1.9193984797735202,1.406789218104253,1.9193984797735202,1.5603369588037856,1.8063473690654788,1.5603369588037856,1.8063473690654788,1.4320697487153606,1.959968176634249,1.4320697487153606,1.959968176634249,1.6663851454203278,1.66852633630352,1.6663851454203278,1.66852633630352,1.2684054480584739,1.6429084482068816,1.2684054480584739,1.6429084482068816,1.466103243375263,1.0598303145309311,1.466103243375263,1.0598303145309311,1.2643875718003335,1.552843724415625,1.2643875718003335,1.552843724415625,1.3927839141955756,1.613576003347004,1.3927839141955756,1.613576003347004,1.5417372968353469,1.9079483752110455,1.5417372968353469,1.9079483752110455,1.4667286752827622,1.5195496572488563,1.4667286752827622,1.5195496572488563
1.2139987326019284,1.3219738381512054,1.2139987326019284,1.3219738381512054,1.01777476518888,1.4981112478898062,1.01777476518888,1.4981112478898062,1.1951328384128026,1.31139525711142,1.1951328384128026,1.31139525711142,1.0628764837326046,1.280985088343055,1.0628764837326046,1.280985088343055,1.2139987326019284,1.3219738381512054,1.2139987326019284,1.3219738381512054,1.01777476518888,1.4981112478898062,1.01777476518888,1.4981112478898062,1.1291744789969358,1.1771489651951177,1.1291744789969358,1.1771489651951177,0.7908705243663489,1.3296207288179387,0.7908705243663489,1.3296207288179387,1.1669746581998823,1.332043266737414,1.1669746581998823,1.332043266737414,1.2321849467557526,1.05226443173623,1.2321849467557526,1.05226443173623,1.2353843402073998,1.5060044788923395,1.2353843402073998,1.5060044788923395,1.3562792856736419,1.3063902114352115,1.3562792856736419,1.3063902114352115,1.856794265783816,1.3219692024000733,1.856794265783816,1.3219692024000733,1.9016919331830677,1.529641903172355,1.9016919331830677,1.529641903172355,1.479050279200571,1.2127071585663525,1.479050279200571,1.2127071585663525,1.8829650470360728,1.5247288090029125,1.8829650470360728,1.5247288090029125,1.4860386545847866,1.765177456498306,1.4860386545847866,1.765177456498306,1.66607759668128,1.8029502690248294,1.66607759668128,1.8029502690248294
3.6252169164658326,3.6909019680478545,3.6252169164658326,3.6909019680478545,3.492454057383592,3.825844476799575,3.492454057383592,3.825844476799575,3.6661898421317987,3.665036771178579,3.6661898421317987,3.665036771178579,3.4267495998582107,3.99188147134439,3.4267495998582107,3.99188147134439,3.6252169164658326,3.6909019680478545,3.6252169164658326,3.6909019680478545,3.492454057383592,3.825844476799575,3.492454057383592,3.825844476799575,3.642575480434112,3.7873046879694257,3.642575480434112,3.7873046879694257,3.4337914259418363,3.92552617416005,3.4337914259418363,3.92552617416005,3.4720387088509574,3.651139828439232,3.4720387088509574,3.651139828439232,3.375093588719681,3.552246993344377,3.375093588719681,3.552246993344377,3.580498043213878,3.822409254883354,3.580498043213878,3.822409254883354,2.894888207679233,3.5581844581453526,2.894888207679233,3.5581844581453526,3.427667355641316,3.151451555670997,3.427667355641316,3.151451555670997,3.1327291231763548,3.2104872881548383,3.1327291231763548,3.2104872881548383,3.465173074434835,3.6170842973127244,3.465173074434835,3.6170842973127244,3.24879634447341,3.0716794028060317,3.24879634447341,3.0716794028060317,3.7394880150674426,3.4180433327143973,3.7394880150674426,3.4180433327143973,3.2146015548355416,3.5469232970867837,3.2146015548355416,3.5469232970867837
0.6358669607490006,0.5531294326511415,0.6358669607490006,0.5531294326511415,0.3416470800030048,0.7255842033119274,0.3416470800030048,0.7255842033119274,0.7088040086126728,0.45554279224774696,0.7088040086126728,0.45554279224774696,0.7249078861788104,0.6807267128470118,0.7249078861788104,0.6807267128470118,0.6358669607490006,0.5531294326511415,0.6358669607490006,0.5531294326511415,0.3416470800030048,0.7255842033119274,0.3416470800030048,0.7255842033119274,0.5365067854319292,0.6135905882197419,0.5365067854319292,0.6135905882197419,0.5740747650431691,0.4630792709948389,0.5740747650431691,0.4630792709948389,0.7055089625458467,0.6545633789782922,0.7055089625458467,0.6545633789782922,0.6627154349327845,0.9686306672890597,0.6627154349327845,0.9686306672890597,0.6387706401352975,0.9307053140249968,0.6387706401352975,0.9307053140249968,0.436235686815167,0.6910141502040229,0.436235686815167,0.6910141502040229,0.7548906778023329,0.6427928254205534,0.7548906778023329,0.6427928254205534,0.886814292740817,0.36219849839848495,0.886814292740817,0.36219849839848495,0.6827202586582027,0.6996102250804896,0.6827202586582027,0.6996102250804896,0.45156529739660645,0.8086964060578623,0.45156529739660645,0.8086964060578623,0.7028179287799217,0.8542161319244983,0.7028179287799217,0.8542161319244983,1.2801181723784283,0.9965556790548987,1.2801181723784283,0.9965556790548987
0.3316983011356774,0.28911159078821225,0.3316983011356774,0.28911159078821225,0.331233796649001,0.2834850665890115,0.331233796649001,0.2834850665890115,0.3632456551358739,0.28925345311581363,0.3632456551358739,0.28925345311581363,0.21591038890737607,0.32252905035340823,0.21591038890737607,0.32252905035340823,0.3316983011356774,0.28911159078821225,0.3316983011356774,0.28911159078821225,0.331233796649001,0.2834850665890115,0.331233796649001,0.2834850665890115,0.3689157998446135,0.3301310534122362,0.3689157998446135,0.3301310534122362,0.32611534399141334,0.3013960931095062,0.32611534399141334,0.3013960931095062,0.2815579433821929,0.3087977750601742,0.2815579433821929,0.3087977750601742,0.3052103693975739,0.2500371168449548,0.3052103693975739,0.2500371168449548,0.37115266460985213,0.25904748300209957,0.37115266460985213,0.25904748300209957,0.3463451650845584,0.26093323470244034,0.3463451650845584,0.26093323470244034,0.32497607329742745,0.3525801971276838,0.32497607329742745,0.3525801971276838,0.45463288650933886,0.35338168906651146,0.45463288650933886,0.35338168906651146,0.26264650005119866,0.40679427304726595,0.26264650005119866,0.40679427304726595,0.4223110861445707,0.30430879840063374,0.4223110861445707,0.30430879840063374,0.3178095184519374,0.35177303608823435,0.3178095184519374,0.35177303608823435,0.28886469792109637,0.30336910477983836,0.28886469792109637,0.30336910477983836
2.898265128247302,3.0138358601708894,2.898265128247302,3.0138358601708894,2.7134119549909514,2.7502709864574255,2.7134119549909514,2.7502709864574255,2.9486862236680644,3.054803328416331,2.9486862236680644,3.054803328416331,3.1407358323617283,3.0269603133578498,3.1407358323617283,3.0269603133578498,2.898265128247302,3.0138358601708894,2.898265128247302,3.0138358601708894,2.7134119549909514,2.7502709864574255,2.7134119549909514,2.7502709864574255,3.2437006220128666,3.355907125338005,3.2437006220128666,3.355907125338005,2.4710469984645482,2.8769663322251646,2.4710469984645482,2.8769663322251646,3.274893082466032,3.4028185417434784,3.274893082466032,3.4028185417434784,3.6472599484726604,2.5248074287625717,3.6472599484726604,2.5248074287625717,3.164869537766138,3.1612149594308527,3.164869537766138,3.1612149594308527,2.8760742782210262,2.423951204424016,2.8760742782210262,2.423951204424016,2.8248395778215616,2.590588183118758,2.8248395778215616,2.590588183118758,1.6742214711678491,1.7754197893490848,1.6742214711678491,1.7754197893490848,2.912468001569951,3.764051845605008,2.912468001569951,3.764051845605008,1.7925528529613288,1.6866324556171917,1.7925528529613288,1.6866324556171917,1.958167082113106,2.5278326508630324,1.958167082113106,2.5278326508630324,3.14674478956477,1.9329315213926295,3.14674478956477,1.9329315213926295
2.095551684316073,1.9704143517448613,2.095551684316073,1.9704143517448613,2.3241968056135907,2.1123121186139175,2.3241968056135907,2.1123121186139175,2.170795886359551,1.9220652996697232,2.170795886359551,1.9220652996697232,1.9264321599841978,2.083784109155173,1.9264321599841978,2.083784109155173,2.095551684316073,1.9704143517448613,2.095551684316073,1.9704143517448613,2.3241968056135907,2.1123121186139175,2.3241968056135907,2.1123121186139175,2.26010069556705,2.100333197126307,2.26010069556705,2.100333197126307,3.0549714592537653,2.5479781746076964,3.0549714592537653,2.5479781746076964,2.3346601551595025,2.165862162477367,2.3346601551595025,2.165862162477367,2.61019601113373,2.1436885600622286,2.61019601113373,2.1436885600622286,2.195792161258699,2.1309128750176822,2.195792161258699,2.1309128750176822,2.525602568267124,2.1769555529209232,2.525602568267124,2.1769555529209232,2.8139550292486843,2.309058409397447,2.8139550292486843,2.309058409397447,1.9815913660558104,2.360894339581168,1.9815913660558104,2.360894339581168,2.547464157319206,2.1366706315447,2.547464157319206,2.1366706315447,2.3695382136495264,2.7092378748795536,2.3695382136495264,2.7092378748795536,2.604736466039655,2.1828223355062786,2.604736466039655,2.1828223355062786,2.7717013972294335,2.752787004417615,2.7717013972294335,2.752787004417615
0.48508059553690747,0.4604444992102989,0.48508059553690747,0.4604444992102989,0.4424467277846422,0.5126832235698763,0.4424467277846422,0.5126832235698763,0.4602058778364224,0.44984326397841384,0.4602058778364224,0.44984326397841384,0.5277905794431784,0.40860817486810447,0.5277905794431784,0.40860817486810447,0.48508059553690747,0.4604444992102989,0.48508059553690747,0.4604444992102989,0.4424467277846422,0.5126832235698763,0.4424467277846422,0.5126832235698763,0.2895377453301929,0.41373367454613974,0.2895377453301929,0.41373367454613974,0.45229683970726664,0.43557039090092126,0.45229683970726664,0.43557039090092126,0.33076352985874236,0.400599881233751,0.33076352985874236,0.400599881233751,0.45438136762581305,0.40799551816186574,0.45438136762581305,0.40799551816186574,0.36587434836495863,0.4092058040674223,0.36587434836495863,0.4092058040674223,0.4239286620263074,0.3537176449731443,0.4239286620263074,0.3537176449731443,0.3571980193769216,0.30634827184710206,0.3571980193769216,0.30634827184710206,0.2705029651261296,0.2981182844730463,0.2705029651261296,0.2981182844730463,0.3129717156288059,0.3650193146459515,0.3129717156288059,0.3650193146459515,0.31454921822431914,0.3636303287312861,0.31454921822431914,0.3636303287312861,0.3383097180061487,0.34514784001949916,0.3383097180061487,0.34514784001949916,0.36839039390230166,0.2775385226395363,0.36839039390230166,0.2775385226395363
0.6744479200667963,0.5077884888844855,0.6744479200667963,0.5077884888844855,0.6433021927447333,0.6594391403257188,0.6433021927447333,0.6594391403257188,0.5196880107235468,0.4966748782751136,0.5196880107235468,0.4966748782751136,0.557483741506888,0.7008244182738995,0.557483741506888,0.7008244182738995,0.6744479200667963,0.5077884888844855,0.6744479200667963,0.5077884888844855,0.6433021927447333,0.6594391403257188,0.6433021927447333,0.6594391403257188,0.6280701306106325,0.7410895113549976,0.6280701306106325,0.7410895113549976,0.7733700842684202,0.6570478256809926,0.7733700842684202,0.6570478256809926,0.786502017564961,0.7979638360488811,0.786502017564961,0.7979638360488811,0.7133345152151073,0.7043497213326874,0.7133345152151073,0.7043497213326874,0.6222825497214634,0.6527914397421491,0.6222825497214634,0.6527914397421491,0.5938444793467152,0.7336252241257138,0.5938444793467152,0.7336252241257138,0.6571994051135104,0.6164784270617233,0.6571994051135104,0.6164784270617233,0.3651459146425744,0.7093988743859252,0.3651459146425744,0.7093988743859252,0.5147773165946258,0.4930967054462052,0.5147773165946258,0.4930967054462052,0.5993704654011024,0.733049522433204,0.5993704654011024,0.733049522433204,0.6302267418761898,0.6816964417259513,0.6302267418761898,0.6816964417259513,0.3667894121235427,0.5088893806129194,0.3667894121235427,0.5088893806129194
1.6429488508093593,1.47960985896725,1.6429488508093593,1.47960985896725,1.7169022055877343,1.8341367845453018,1.7169022055877343,1.8341367845453018,1.6377904264827128,1.5356892066025556,1.6377904264827128,1.5356892066025556,1.6538663711628367,1.7652794018799138,1.6538663711628367,1.7652794018799138,1.6429488508093593,1.47960985896725,1.6429488508093593,1.47960985896725,1.7169022055877343,1.8341367845453018,1.7169022055877343,1.8341367845453018,1.7131881350903908,1.4652366775785504,1.7131881350903908,1.4652366775785504,1.7356157032321262,1.5332644969312479,1.7356157032321262,1.5332644969312479,1.8012300225161189,1.4678191712265876,1.8012300225161189,1.4678191712265876,1.8575351213150237,1.5074136575571575,1.8575351213150237,1.5074136575571575,1.65665944448229,1.533589051413287,1.65665944448229,1.533589051413287,1.5403875145552626,1.5316303316710729,1.5403875145552626,1.5316303316710729,1.795897561763171,1.3955311580190826,1.795897561763171,1.3955311580190826,1.657574954381172,1.3497262000067916,1.657574954381172,1.3497262000067916,1.8095807435442584,1.4219829755007378,1.8095807435442584,1.4219829755007378,1.5070945687728994,1.6576581440443516,1.5070945687728994,1.6576581440443516,1.7762040755773327,1.5898295068672688,1.7762040755773327,1.5898295068672688,1.774183556028732,1.2428311148269795,1.774183556028732,1.2428311148269795
0.6460327174360595,0.6202618305139538,0.6460327174360595,0.6202618305139538,0.7180018515273269,0.6646703986713369,0.7180018515273269,0.6646703986713369,0.592880801047325,0.6180349478050137,0.592880801047325,0.6180349478050137,0.6611229975406133,0.628254759345191,0.6611229975406133,0.628254759345191,0.6460327174360595,0.6202618305139538,0.6460327174360595,0.6202618305139538,0.7180018515273269,0.6646703986713369,0.7180018515273269,0.6646703986713369,0.7263696125744192,0.6201780338541716,0.7263696125744192,0.6201780338541716,0.6998894063910582,0.7501872338853701,0.6998894063910582,0.7501872338853701,0.6937189978164114,0.6719003668747224,0.6937189978164114,0.6719003668747224,0.7884410458845319,0.7282835704040486,0.7884410458845319,0.7282835704040486,0.6881995601480742,0.6472799600616612,0.6881995601480742,0.6472799600616612,0.7478588437091283,0.7382202743756572,0.7478588437091283,0.7382202743756572,0.6978091520601077,0.7327284987812532,0.6978091520601077,0.7327284987812532,0.7128207489831347,0.6121311348824927,0.7128207489831347,0.6121311348824927,0.7734626348619227,0.6776472622358735,0.7734626348619227,0.6776472622358735,0.7267274033397764,0.6825908173785493,0.7267274033397764,0.6825908173785493,0.6593174964421357,0.6235807542274651,0.6593174964421357,0.6235807542274651,0.6549422012570775,0.5602945847483778,0.6549422012570775,0.5602945847483778
0.21244430559590566,0.27989469026282593,0.21244430559590566,0.27989469026282593,0.26800016569040475,0.38079617165375623,0.26800016569040475,0.38079617165375623,0.26037487410289756,0.28441101989949835,0.26037487410289756,0.28441101989949835,0.2754060633638301,0.33557345661651955,0.2754060633638301,0.33557345661651955,0.21244430559590566,0.27989469026282593,0.21244430559590566,0.27989469026282593,0.26800016569040475,0.38079617165375623,0.26800016569040475,0.38079617165375623,0.25211911444069135,0.2752833368181448,0.25211911444069135,0.2752833368181448,0.21147933102211172,0.3853812492240068,0.21147933102211172,0.3853812492240068,0.2839095412170064,0.3390514945734577,0.2839095412170064,0.3390514945734577,0.2527889448095265,0.37563034592288214,0.2527889448095265,0.37563034592288214,0.22243440570841794,0.2984663139829887,0.22243440570841794,0.2984663139829887,0.3043677401204118,0.32364853717364783,0.3043677401204118,0.32364853717364783,0.26210882632317944,0.46366747396915486,0.26210882632317944,0.46366747396915486,0.3407303979129667,0.4316730445256373,0.3407303979129667,0.4316730445256373,0.24569673733293043,0.3438373000093729,0.24569673733293043,0.3438373000093729,0.1931537726705971,0.44217983485666856,0.1931537726705971,0.44217983485666856,0.3357082104890601,0.402769214749781,0.3357082104890601,0.402769214749781,0.2227597197303739,0.4866039119178156,0.2227597197303739,0.4866039119178156
0.4903209904383035,0.5275097785634546,0.4903209904383035,0.5275097785634546,0.5602811191192548,0.5210005853617269,0.5602811191192548,0.5210005853617269,0.4629756609638964,0.5134310579221638,0.4629756609638964,0.5134310579221638,0.5536572572711896,0.49058823796767564,0.5536572572711896,0.49058823796767564,0.4903209904383035,0.5275097785634546,0.4903209904383035,0.5275097785634546,0.5602811191192548,0.5210005853617269,0.5602811191192548,0.5210005853617269,0.6785944101072943,0.6907267755035318,0.6785944101072943,0.6907267755035318,0.6849562192243969,0.7270494699435973,0.6849562192243969,0.7270494699435973,0.6831849683661005,0.5746339479087605,0.6831849683661005,0.5746339479087605,0.6729318838861992,0.573533216876677,0.6729318838861992,0.573533216876677,0.6336192140405167,0.6808173058772103,0.6336192140405167,0.6808173058772103,0.7086494555725379,0.6317551365161341,0.7086494555725379,0.6317551365161341,0.6103177395003431,0.6024678951265406,0.6103177395003431,0.6024678951265406,0.6806560736755244,0.5003705659676211,0.6806560736755244,0.5003705659676211,0.5565326750844489,0.620416170894787,0.5565326750844489,0.620416170894787,0.7269666522999877,0.6820895479951371,0.7269666522999877,0.6820895479951371,0.573311983426431,0.6085615889393463,0.573311983426431,0.6085615889393463,0.775796275304014,0.49410106047064856,0.775796275304014,0.49410106047064856
0.670245819758184,0.5804460626658989,0.670245819758184,0.5804460626658989,0.7737767285252936,0.7454822450459531,0.7737767285252936,0.7454822450459531,0.6789282300036228,0.5818829341578335,0.6789282300036228,0.5818829341578335,0.7401235216656651,0.7137139633098621,0.7401235216656651,0.7137139633098621,0.670245819758184,0.5804460626658989,0.670245819758184,0.5804460626658989,0.7737767285252936,0.7454822450459531,0.7737767285252936,0.7454822450459531,0.8418765677734829,0.7040389201738102,0.8418765677734829,0.7040389201738102,0.7185688042965809,0.727643207511191,0.7185688042965809,0.727643207511191,0.8537306249357797,0.6539764445692472,0.8537306249357797,0.6539764445692472,0.7041531545156144,0.6673322964022081,0.7041531545156144,0.6673322964022081,0.7726247545940838,0.6582603603542647,0.7726247545940838,0.6582603603542647,0.8136290213673775,0.5945293365224331,0.8136290213673775,0.5945293365224331,0.7874410885339043,0.590259229434828,0.7874410885339043,0.590259229434828,0.8070567416013383,0.8375965733794839,0.8070567416013383,0.8375965733794839,0.7118274694224626,0.5918160831366381,0.7118274694224626,0.5918160831366381,0.7702696466269583,0.598008632415466,0.7702696466269583,0.598008632415466,0.7125173644605233,0.6765509340346892,0.7125173644605233,0.6765509340346892,0.8118565198336483,0.6592025633755999,0.8118565198336483,0.6592025633755999
0.4003730534319625,0.3799500247503762,0.4003730534319625,0.3799500247503762,0.41378074562193046,0.2710912684015535,0.41378074562193046,0.2710912684015535,0.404747972168674,0.39287728133452393,0.404747972168674,0.39287728133452393,0.26091288941523216,0.28032009284470577,0.26091288941523216,0.28032009284470577,0.4003730534319625,0.3799500247503762,0.4003730534319625,0.3799500247503762,0.41378074562193046,0.2710912684015535,0.41378074562193046,0.2710912684015535,0.40961994010347863,0.3988209375409721,0.40961994010347863,0.3988209375409721,0.2492702242476989,0.5057717596725997,0.2492702242476989,0.5057717596725997,0.35885748431015163,0.3891433309426978,0.35885748431015163,0.3891433309426978,0.30090620760159636,0.2880459185228764,0.30090620760159636,0.2880459185228764,0.31802673459824615,0.5075558685236452,0.31802673459824615,0.5075558685236452,0.17635779724762063,0.3845631133343669,0.17635779724762063,0.3845631133343669,0.3738186948125966,0.3249461599409932,0.3738186948125966,0.3249461599409932,0.298035317128731,0.22561853402094467,0.298035317128731,0.22561853402094467,0.3775846352117235,0.2156274765651655,0.3775846352117235,0.2156274765651655,0.4350750665969594,0.24830988126573197,0.4350750665969594,0.24830988126573197,0.3091863119072431,0.31661673109969246,0.3091863119072431,0.31661673109969246,0.3576219350836439,0.22494047794739364,0.3576219350836439,0.22494047794739364
0.5786479839916226,0.3753666395225137,0.5786479839916226,0.3753666395225137,0.5727050742258114,0.39914747515021654,0.5727050742258114,0.39914747515021654,0.3733246924706222,0.40724176237794085,0.3733246924706222,0.40724176237794085,0.626374116009012,0.6506859305875712,0.626374116009012,0.6506859305875712,0.5786479839916226,0.3753666395225137,0.5786479839916226,0.3753666395225137,0.5727050742258114,0.39914747515021654,0.5727050742258114,0.39914747515021654,0.6707717029373659,0.519607818186526,0.6707717029373659,0.519607818186526,0.7489558403623452,0.5246510088787006,0.7489558403623452,0.5246510088787006,0.6646984808404467,0.7123979501166464,0.6646984808404467,0.7123979501166464,1.0909054087189458,0.611306995431809,1.0909054087189458,0.611306995431809,0.6532418435326376,0.7712694765609687,0.6532418435326376,0.7712694765609687,0.6566247314597241,0.7981404204374336,0.6566247314597241,0.7981404204374336,0.6432958111781539,0.44932241646916427,0.6432958111781539,0.44932241646916427,0.8972924831292771,0.3894768754708648,0.8972924831292771,0.3894768754708648,0.7865605575155037,0.6292742520533914,0.7865605575155037,0.6292742520533914,0.9532522777743103,0.5778039791570445,0.9532522777743103,0.5778039791570445,0.5684277899794484,0.6979115003132873,0.5684277899794484,0.6979115003132873,0.5429290255372886,1.3381796191787219,0.5429290255372886,1.3381796191787219
4.072448770951137,4.042368259158312,4.072448770951137,4.042368259158312,3.847779702008772,4.188529011772501,3.847779702008772,4.188529011772501,4.516199632525429,3.96569879304397,4.516199632525429,3.96569879304397,4.107580184490832,4.25994107841598,4.107580184490832,4.25994107841598,4.072448770951137,4.042368259158312,4.072448770951137,4.042368259158312,3.847779702008772,4.188529011772501,3.847779702008772,4.188529011772501,3.7754332669057673,4.112897001928958,3.7754332669057673,4.112897001928958,3.6988249915487215,3.3568349596613842,3.6988249915487215,3.3568349596613842,3.7829046499242693,4.079452234656285,3.7829046499242693,4.079452234656285,4.0338046690615394,3.0502303405508546,4.0338046690615394,3.0502303405508546,4.55024278686464,4.046014421919239,4.55024278686464,4.046014421919239,3.314391957457647,2.670241022387115,3.314391957457647,2.670241022387115,3.7672818443675307,3.448774641902641,3.7672818443675307,3.448774641902641,3.117802449979753,2.5270254609549565,3.117802449979753,2.5270254609549565,4.336409040617755,3.33874620239151,4.336409040617755,3.33874620239151,3.110521654494455,2.598435461428473,3.110521654494455,2.598435461428473,3.7291335237772008,4.224999382401794,3.7291335237772008,4.224999382401794,2.8982069742704444,2.9347600947364425,2.8982069742704444,2.9347600947364425
0.7822255318375952,0.851526594024302,0.7822255318375952,0.851526594024302,0.8542131607771517,0.8005276496430624,0.8542131607771517,0.8005276496430624,0.7030941885164156,0.8114126948167993,0.7030941885164156,0.8114126948167993,0.8331249222435088,0.8765413688421461,0.8331249222435088,0.8765413688421461,0.7822255318375952,0.851526594024302,0.7822255318375952,0.851526594024302,0.8542131607771517,0.8005276496430624,0.8542131607771517,0.8005276496430624,1.0004347920480716,0.9717448045662327,1.0004347920480716,0.9717448045662327,0.8055013115570138,0.8860903859240431,0.8055013115570138,0.8860903859240431,0.9139637944516074,0.9237556581714673,0.9139637944516074,0.9237556581714673,0.9722320251392638,0.9276482194012803,0.9722320251392638,0.9276482194012803,0.9199377783989507,0.916163468991461,0.9199377783989507,0.916163468991461,0.9541980649208193,0.9791790965230411,0.9541980649208193,0.9791790965230411,0.9722283506161502,0.9321844192948995,0.9722283506161502,0.9321844192948995,1.0048525336614211,1.1298575221126748,1.0048525336614211,1.1298575221126748,0.8692968716593111,1.0024404821254915,0.8692968716593111,1.0024404821254915,0.9614210543702973,1.0947498400648312,0.9614210543702973,1.0947498400648312,1.0639214550864269,1.01688247291184,1.0639214550864269,1.01688247291184,1.0461634579714216,1.1848098270845087,1.0461634579714216,1.1848098270845087
1.5232634192456842,1.3826817722174645,1.5232634192456842,1.3826817722174645,1.360499135688297,1.384855504888209,1.360499135688297,1.384855504888209,1.5095546994227462,1.3280679118639316,1.5095546994227462,1.3280679118639316,1.4442234259577562,1.4644573851633111,1.4442234259577562,1.4644573851633111,1.5232634192456842,1.3826817722174645,1.5232634192456842,1.3826817722174645,1.360499135688297,1.384855504888209,1.360499135688297,1.384855504888209,1.4652662141495367,1.5149303904450058,1.4652662141495367,1.5149303904450058,1.2844223715982224,1.5881388036387356,1.2844223715982224,1.5881388036387356,1.5026853651369478,1.4899087816257173,1.5026853651369478,1.4899087816257173,1.3991258113985638,1.3354557195409305,1.3991258113985638,1.3354557195409305,1.3951591640538161,1.4201900750945893,1.3951591640538161,1.4201900750945893,1.2770594626791871,1.238258717495868,1.2770594626791871,1.238258717495868,1.2940986106678312,1.4021432868466284,1.2940986106678312,1.4021432868466284,1.201014153299172,1.3994341203246778,1.201014153299172,1.3994341203246778,1.5007604855658434,1.5588951720322628,1.5007604855658434,1.5588951720322628,1.5044979774393248,1.0987163218515743,1.5044979774393248,1.0987163218515743,1.3819832529922775,1.2965627128910882,1.3819832529922775,1.2965627128910882,1.4895984354693845,0.9306314615409031,1.4895984354693845,0.9306314615409031
0.30919079798880234,0.3012896169260586,0.30919079798880234,0.3012896169260586,0.36548464775206724,0.19891187844336997,0.36548464775206724,0.19891187844336997,0.3205721433634097,0.3443677529011724,0.3205721433634097,0.3443677529011724,0.3184531772495079,0.2073942744929086,0.3184531772495079,0.2073942744929086,0.30919079798880234,0.3012896169260586,0.30919079798880234,0.3012896169260586,0.36548464775206724,0.19891187844336997,0.36548464775206724,0.19891187844336997,0.2674115237555153,0.34809545410754117,0.2674115237555153,0.34809545410754117,0.2233726201809073,0.2511747789794613,0.2233726201809073,0.2511747789794613,0.26713631811702604,0.33696492949558954,0.26713631811702604,0.33696492949558954,0.17800205442016614,0.2806174795828364,0.17800205442016614,0.2806174795828364,0.2823609166021298,0.3721739963985165,0.2823609166021298,0.3721739963985165,0.31832846788916885,0.27198709115029673,0.31832846788916885,0.27198709115029673,0.21911724820261844,0.31060189004354216,0.21911724820261844,0.31060189004354216,0.3164946884217312,0.300914793208211,0.3164946884217312,0.300914793208211,0.269227872158494,0.3346570350566632,0.269227872158494,0.3346570350566632,0.19420481295569286,0.32977988198723335,0.19420481295569286,0.32977988198723335,0.1634781105179454,0.2669669613015022,0.1634781105179454,0.2669669613015022,0.13903017643273738,0.18294331365148386,0.13903017643273738,0.18294331365148386
0.0777021953972506,0.07024670509885243,0.0777021953972506,0.07024670509885243,0.0792683318919515,0.05913999348253677,0.0792683318919515,0.05913999348253677,0.060610386291368334,0.06115560967435133,0.060610386291368334,0.06115560967435133,0.0670230417908584,0.029531003620865203,0.0670230417908584,0.029531003620865203,0.0777021953972506,0.07024670509885243,0.0777021953972506,0.07024670509885243,0.0792683318919515,0.05913999348253677,0.0792683318919515,0.05913999348253677,0.041468577489692765,0.028752113553515184,0.041468577489692765,0.028752113553515184,0.0345292296514617,0.026585238643389925,0.0345292296514617,0.026585238643389925,0.04912889999854401,0.035835723553264885,0.04912889999854401,0.035835723553264885,0.049360135649795384,0.01957589851000782,0.049360135649795384,0.01957589851000782,0.0850061303214613,0.030974078307308292,0.0850061303214613,0.030974078307308292,0.026783382320814442,0.024016596115395167,0.026783382320814442,0.024016596115395167,0.09794999213949927,0.02204673389871911,0.09794999213949927,0.02204673389871911,0.026680545202333348,0.025720545883862907,0.026680545202333348,0.025720545883862907,0.047827777837481794,0.0177439744460654,0.047827777837481794,0.0177439744460654,0.024689419854954996,0.02339014542232981,0.024689419854954996,0.02339014542232981,0.040759558026948466,0.03860692242170804,0.040759558026948466,0.03860692242170804,0.027608708957632858,0.017456902901620795,0.027608708957632858,0.017456902901620795
0.42071031251906676,0.3815272566984033,0.42071031251906676,0.3815272566984033,0.3951117316352671,0.2705799539612895,0.3951117316352671,0.2705799539612895,0.5185497697285805,0.4451652192075482,0.5185497697285805,0.4451652192075482,0.414648417073921,0.3178435070119434,0.414648417073921,0.3178435070119434,0.42071031251906676,0.3815272566984033,0.42071031251906676,0.3815272566984033,0.3951117316352671,0.2705799539612895,0.3951117316352671,0.2705799539612895,0.2600326973538277,0.25960563566038325,0.2600326973538277,0.25960563566038325,0.28787509327836985,0.22214949271857642,0.28787509327836985,0.22214949271857642,0.3260084091524762,0.34865449161512224,0.3260084091524762,0.34865449161512224,0.29032543536776895,0.33099730287980383,0.29032543536776895,0.33099730287980383,0.28446474762609025,0.30050635778152107,0.28446474762609025,0.30050635778152107,0.3987217084083732,0.28133716092714334,0.3987217084083732,0.28133716092714334,0.24631608283609177,0.2213786058738304,0.24631608283609177,0.2213786058738304,0.06354000691515574,0.20790180691629867,0.06354000691515574,0.20790180691629867,0.30445359449097903,0.2232857352725568,0.30445359449097903,0.2232857352725568,0.2586061882596352,0.13801712758598747,0.2586061882596352,0.13801712758598747,0.13601806087787455,0.2309618815381714,0.13601806087787455,0.2309618815381714,0.31544204014940713,0.07319852381455857,0.31544204014940713,0.07319852381455857
1.930428662883613,1.9356634826281194,1.930428662883613,1.9356634826281194,1.9532718983531263,1.8764633360053322,1.9532718983531263,1.8764633360053322,1.6792995639234383,2.2616726421142217,1.6792995639234383,2.2616726421142217,1.9204150815254446,1.848967037553736,1.9204150815254446,1.848967037553736,1.930428662883613,1.9356634826281194,1.930428662883613,1.9356634826281194,1.9532718983531263,1.8764633360053322,1.9532718983531263,1.8764633360053322,1.9578336618921253,1.9640403921783474,1.9578336618921253,1.9640403921783474,1.6732703860648979,2.3305688209571254,1.6732703860648979,2.3305688209571254,1.842914638306892,1.9022265856249712,1.842914638306892,1.9022265856249712,2.4947058038258523,2.244587758629977,2.4947058038258523,2.244587758629977,2.019951319582023,2.086113515681743,2.019951319582023,2.086113515681743,1.6979354464154983,1.9312799569520893,1.6979354464154983,1.9312799569520893,1.9185031005778497,1.871362024899519,1.9185031005778497,1.871362024899519,1.9783628295383784,3.157633143576606,1.9783628295383784,3.157633143576606,1.923622800964675,1.9576370351547838,1.923622800964675,1.9576370351547838,2.3406687678219833,1.9359983759879826,2.3406687678219833,1.9359983759879826,2.0967834743074616,1.7024291863400507,2.0967834743074616,1.7024291863400507,2.0957717809251437,2.049655345984366,2.0957717809251437,2.049655345984366
0.8912818937735624,0.9080647691602587,0.8912818937735624,0.9080647691602587,0.7583863875722913,0.8731638260862311,0.7583863875722913,0.8731638260862311,0.8706631553166168,0.873388272184373,0.8706631553166168,0.873388272184373,0.8475376349978581,0.9563851458174311,0.8475376349978581,0.9563851458174311,0.8912818937735624,0.9080647691602587,0.8912818937735624,0.9080647691602587,0.7583863875722913,0.8731638260862311,0.7583863875722913,0.8731638260862311,0.8684718413439081,0.8820966784299239,0.8684718413439081,0.8820966784299239,0.845492359248824,0.6600241621596359,0.845492359248824,0.6600241621596359,0.823730769366921,0.8786311518327873,0.823730769366921,0.8786311518327873,0.7913692077100628,0.8988720489626051,0.7913692077100628,0.8988720489626051,0.8418223838091606,0.9647949283708888,0.8418223838091606,0.9647949283708888,0.9277530922203342,0.7306848737907352,0.9277530922203342,0.7306848737907352,0.8004807109978967,0.8601755575538309,0.8004807109978967,0.8601755575538309,0.8356372523740323,0.8114030868538125,0.8356372523740323,0.8114030868538125,0.8478400837093375,0.8459135138987753,0.8478400837093375,0.8459135138987753,0.7512552515754033,0.9144665295565196,0.7512552515754033,0.9144665295565196,0.7117093740271807,0.7486933524662897,0.7117093740271807,0.7486933524662897,0.678301063174608,0.8805236503040094,0.678301063174608,0.8805236503040094
0.25275770187057084,0.21031040165564854,0.25275770187057084,0.21031040165564854,0.19945073189126816,0.18711438074728384,0.19945073189126816,0.18711438074728384,0.24819303565853615,0.2647070004244819,0.24819303565853615,0.2647070004244819,0.21429439291806898,0.24663455021902853,0.21429439291806898,0.24663455021902853,0.25275770187057084,0.21031040165564854,0.25275770187057084,0.21031040165564854,0.19945073189126816,0.18711438074728384,0.19945073189126816,0.18711438074728384,0.2625541896340264,0.25846780928778074,0.2625541896340264,0.25846780928778074,0.2383754866672623,0.30480967460652425,0.2383754866672623,0.30480967460652425,0.21384432300274597,0.25897427679545537,0.21384432300274597,0.25897427679545537,0.27585386199075573,0.2318605219683366,0.27585386199075573,0.2318605219683366,0.22098842342131433,0.31636693879320094,0.22098842342131433,0.31636693879320094,0.2565061615758085,0.35846691100465006,0.2565061615758085,0.35846691100465006,0.22775091774792103,0.298302840743815,0.22775091774792103,0.298302840743815,0.36430957730920543,0.18018298191323562,0.36430957730920543,0.18018298191323562,0.27953430478709074,0.26357740985450595,0.27953430478709074,0.26357740985450595,0.24046309613975522,0.317998200709027,0.24046309613975522,0.317998200709027,0.25097771862501433,0.21723474198349238,0.25097771862501433,0.21723474198349238,0.2619384551506752,0.22467360774866055,0.2619384551506752,0.22467360774866055
0.6536045958348,0.649814589672351,0.6536045958348,0.649814589672351,0.7021550510980598,0.5529825613628051,0.7021550510980598,0.5529825613628051,0.652596521107325,0.6202006377004309,0.652596521107325,0.6202006377004309,0.7073182215399685,0.6071729212391456,0.7073182215399685,0.6071729212391456,0.6536045958348,0.649814589672351,0.6536045958348,0.649814589672351,0.7021550510980598,0.5529825613628051,0.7021550510980598,0.5529825613628051,0.6805116236936595,0.8045317190128392,0.6805116236936595,0.8045317190128392,0.728231512763507,0.7968425821862566,0.728231512763507,0.7968425821862566,0.6887909159877131,0.7656924582420708,0.6887909159877131,0.7656924582420708,0.6497125938831846,0.7282862975644724,0.6497125938831846,0.7282862975644724,0.657042667645907,0.7761288362827408,0.657042667645907,0.7761288362827408,0.7904122729416966,0.8151877148677922,0.7904122729416966,0.8151877148677922,0.7181154956248393,0.7606249846837556,0.7181154956248393,0.7606249846837556,0.6681714609785125,0.8113554755053806,0.6681714609785125,0.8113554755053806,0.6020652136686919,0.6782701579262665,0.6020652136686919,0.6782701579262665,0.6377511584373063,0.8758060138318731,0.6377511584373063,0.8758060138318731,0.6736329879149962,0.6484256483985484,0.6736329879149962,0.6484256483985484,0.8301500167019028,0.8083798398444818,0.8301500167019028,0.8083798398444818
0.40651949853725405,1.253603409125857,0.40651949853725405,1.253603409125857,1.3233767657279163,1.2609638819688256,1.3233767657279163,1.2609638819688256,0.349026014064381,1.62219253634693,0.349026014064381,1.62219253634693,0.713760365351625,0.9505244400554983,0.713760365351625,0.9505244400554983,0.40651949853725405,1.253603409125857,0.40651949853725405,1.253603409125857,1.3233767657279163,1.2609638819688256,1.3233767657279163,1.2609638819688256,1.2629592431507013,0.8182847034916705,1.2629592431507013,0.8182847034916705,0.5744414595133451,0.5631122577213313,0.5744414595133451,0.5631122577213313,0.7686255653582315,0.5351965496819128,0.7686255653582315,0.5351965496819128,0.9742240887865263,1.8788696209620923,0.9742240887865263,1.8788696209620923,0.9296805059430243,1.4184152586495808,0.9296805059430243,1.4184152586495808,0.7253754240391749,0.8107264734348796,0.7253754240391749,0.8107264734348796,0.663044722659523,0.27258239500896825,0.663044722659523,0.27258239500896825,0.4926192173004133,0.33423831786655994,0.4926192173004133,0.33423831786655994,0.3362661646901012,0.4194622913628675,0.3362661646901012,0.4194622913628675,3.0061728733360122,0.8381566270070374,3.0061728733360122,0.8381566270070374,0.6893261455320456,0.9099032893066035,0.6893261455320456,0.9099032893066035,1.3467019239880973,0.627055463640735,1.3467019239880973,0.627055463640735
1.282276508987006,1.2509601649731907,1.282276508987006,1.2509601649731907,1.1778171017971326,1.3009731836032132,1.1778171017971326,1.3009731836032132,1.2879162727563827,1.2577588349839706,1.2879162727563827,1.2577588349839706,1.1636377211488855,1.3102547528159698,1.1636377211488855,1.3102547528159698,1.282276508987006,1.2509601649731907,1.282276508987006,1.2509601649731907,1.1778171017971326,1.3009731836032132,1.1778171017971326,1.3009731836032132,1.2449973019257448,1.2634593508939815,1.2449973019257448,1.2634593508939815,1.4353457435790358,1.2115320375866523,1.4353457435790358,1.2115320375866523,1.2279700185537727,1.236232918293703,1.2279700185537727,1.236232918293703,1.2814370006031879,1.3497062420614827,1.2814370006031879,1.3497062420614827,1.269177032207263,1.2820559039215709,1.269177032207263,1.2820559039215709,1.259212879211715,1.2482439978402697,1.259212879211715,1.2482439978402697,1.3257241491788858,1.285566170247403,1.3257241491788858,1.285566170247403,1.3479538945338156,1.3445694788261044,1.3479538945338156,1.3445694788261044,1.2434985496214426,1.3306917526904303,1.2434985496214426,1.3306917526904303,1.4128556583382879,1.5970499041033164,1.4128556583382879,1.5970499041033164,1.3039676386704637,1.34399919915915,1.3039676386704637,1.34399919915915,1.2854574884912893,1.5393104711923165,1.2854574884912893,1.5393104711923165
0.06720781090921306,0.1309427749441476,0.06720781090921306,0.1309427749441476,0.0578759459586259,0.10723840530954316,0.0578759459586259,0.10723840530954316,0.08279578898076054,0.12160909737352595,0.08279578898076054,0.12160909737352595,0.05986148236322375,0.1300385464071897,0.05986148236322375,0.1300385464071897,0.06720781090921306,0.1309427749441476,0.06720781090921306,0.1309427749441476,0.0578759459586259,0.10723840530954316,0.0578759459586259,0.10723840530954316,0.08582624240387864,0.09452281583181375,0.08582624240387864,0.09452281583181375,0.0663146793421576,0.11858704679752453,0.0663146793421576,0.11858704679752453,0.08504222364982185,0.07996599124172535,0.08504222364982185,0.07996599124172535,0.05278176849125881,0.1197748998894171,0.05278176849125881,0.1197748998894171,0.07961068322656481,0.09834378144275908,0.07961068322656481,0.09834378144275908,0.06146688639423416,0.11191217345333984,0.06146688639423416,0.11191217345333984,0.06782461007070244,0.07434935761375418,0.06782461007070244,0.07434935761375418,0.08571932925514655,0.11211133731548581,0.08571932925514655,0.11211133731548581,0.11147924384349799,0.09172936107100092,0.11147924384349799,0.09172936107100092,0.0748416508224259,0.1258233456806745,0.0748416508224259,0.1258233456806745,0.07154266121476668,0.0694136042472547,0.07154266121476668,0.0694136042472547,0.07533260632858586,0.05738257017229202,0.07533260632858586,0.05738257017229202
0.5077459746773069,0.4321004737867783,0.5077459746773069,0.4321004737867783,0.5053414026781106,0.4223145173880863,0.5053414026781106,0.4223145173880863,0.5060238126220543,0.47922239864310445,0.5060238126220543,0.47922239864310445,0.5050816065184837,0.46003111561059434,0.5050816065184837,0.46003111561059434,0.5077459746773069,0.4321004737867783,0.5077459746773069,0.4321004737867783,0.5053414026781106,0.4223145173880863,0.5053414026781106,0.4223145173880863,0.45180553904511994,0.45336087281160087,0.45180553904511994,0.45336087281160087,0.4136823220897931,0.4129908328411698,0.4136823220897931,0.4129908328411698,0.44357441245209167,0.47382582324844413,0.44357441245209167,0.47382582324844413,0.4052896350387766,0.3805800781209246,0.4052896350387766,0.3805800781209246,0.4765416074624313,0.44258238056040805,0.4765416074624313,0.44258238056040805,0.4595282474190558,0.42616648765657683,0.4595282474190558,0.42616648765657683,0.4818259873694107,0.43433616517325646,0.4818259873694107,0.43433616517325646,0.41001824898684386,0.4026234243150037,0.41001824898684386,0.4026234243150037,0.43319975386510745,0.39497015439021493,0.43319975386510745,0.39497015439021493,0.3615048800802641,0.34374414325708796,0.3615048800802641,0.34374414325708796,0.4125875537656297,0.4102609957550156,0.4125875537656297,0.4102609957550156,0.3881462518367174,0.4034857637580272,0.3881462518367174,0.4034857637580272
0.5498538999748438,0.5874646653049175,0.5498538999748438,0.5874646653049175,0.5825625861577894,0.5123055860706881,0.5825625861577894,0.5123055860706881,0.5993967172397502,0.5430769507613017,0.5993967172397502,0.5430769507613017,0.5518931641417265,0.5498734822172114,0.5518931641417265,0.5498734822172114,0.5498538999748438,0.5874646653049175,0.5498538999748438,0.5874646653049175,0.5825625861577894,0.5123055860706881,0.5825625861577894,0.5123055860706881,0.5896810387909672,0.6238491710646229,0.5896810387909672,0.6238491710646229,0.49859898471218717,0.4679392992544488,0.49859898471218717,0.4679392992544488,0.6153428660209722,0.5712252468153489,0.6153428660209722,0.5712252468153489,0.5300350538748788,0.5462408096807962,0.5300350538748788,0.5462408096807962,0.6080846958741379,0.5630294186671675,0.6080846958741379,0.5630294186671675,0.54311428476174,0.4178273168541567,0.54311428476174,0.4178273168541567,0.5777762581435602,0.47684024267693825,0.5777762581435602,0.47684024267693825,0.29007728850979914,0.226240155283487,0.29007728850979914,0.226240155283487,0.5776602188500384,0.5144473236278768,0.5776602188500384,0.5144473236278768,0.5344656621642276,0.3495474027113207,0.5344656621642276,0.3495474027113207,0.5586109025420362,0.4954545508584763,0.5586109025420362,0.4954545508584763,0.5029389664047245,0.3353052191110879,0.5029389664047245,0.3353052191110879
0.6672838658233894,0.6430808392433077,0.6672838658233894,0.6430808392433077,0.6912062582699726,0.6888435961492023,0.6912062582699726,0.6888435961492023,0.6723246482413588,0.6294136080515008,0.6723246482413588,0.6294136080515008,0.7514771236243806,0.698918130019707,0.7514771236243806,0.698918130019707,0.6672838658233894,0.6430808392433077,0.6672838658233894,0.6430808392433077,0.6912062582699726,0.6888435961492023,0.6912062582699726,0.6888435961492023,0.6041407829706292,0.5395569620929362,0.6041407829706292,0.5395569620929362,0.5414872981296098,0.43926472140941414,0.5414872981296098,0.43926472140941414,0.6781039296468537,0.552979192499623,0.6781039296468537,0.552979192499623,0.5420960116426886,0.5294335642743837,0.5420960116426886,0.5294335642743837,0.6040274292452184,0.5114810586174193,0.6040274292452184,0.5114810586174193,0.6549909025708767,0.6245041467479808,0.6549909025708767,0.6245041467479808,0.5081751065617252,0.49360968527244625,0.5081751065617252,0.49360968527244625,0.5099365318436271,0.45499172012562106,0.5099365318436271,0.45499172012562106,0.4288724553336452,0.5415125097443073,0.4288724553336452,0.5415125097443073,0.42098987283390205,0.5976984994239929,0.42098987283390205,0.5976984994239929,0.5142520970154326,0.49393963073418634,0.5142520970154326,0.49393963073418634,0.6081019477740286,0.5013835004490895,0.6081019477740286,0.5013835004490895
0.37336045587034006,0.38807353053224397,0.37336045587034006,0.38807353053224397,0.4040973002678383,0.3666485553474749,0.4040973002678383,0.3666485553474749,0.3676086988230778,0.3864469031490461,0.3676086988230778,0.3864469031490461,0.401414920315372,0.39038728346324536,0.401414920315372,0.39038728346324536,0.37336045587034006,0.38807353053224397,0.37336045587034006,0.38807353053224397,0.4040973002678383,0.3666485553474749,0.4040973002678383,0.3666485553474749,0.5052213009316654,0.5095923190374005,0.5052213009316654,0.5095923190374005,0.606437698934318,0.5189909600979793,0.606437698934318,0.5189909600979793,0.558141429950575,0.49304461276539413,0.558141429950575,0.49304461276539413,0.543236163082872,0.48488062592498327,0.543236163082872,0.48488062592498327,0.49576478132953355,0.4980240723824302,0.49576478132953355,0.4980240723824302,0.5998668162713632,0.4356103190278632,0.5998668162713632,0.4356103190278632,0.5644825211698126,0.563918977495213,0.5644825211698126,0.563918977495213,0.6509726715763869,0.8021966096182379,0.6509726715763869,0.8021966096182379,0.5305611801495992,0.5845046877151635,0.5305611801495992,0.5845046877151635,0.5229294363541437,0.529851418143999,0.5229294363541437,0.529851418143999,0.7073605988973627,0.5452081495728244,0.7073605988973627,0.5452081495728244,0.6172934468764737,0.756938289074535,0.6172934468764737,0.756938289074535
0.11799763442016048,0.14535427219587813,0.11799763442016048,0.14535427219587813,0.17171160441631006,0.2239785149147495,0.17171160441631006,0.2239785149147495,0.13211335717484254,0.14832299168405022,0.13211335717484254,0.14832299168405022,0.1491206966844965,0.2237909035325677,0.1491206966844965,0.2237909035325677,0.11799763442016048,0.14535427219587813,0.11799763442016048,0.14535427219587813,0.17171160441631006,0.2239785149147495,0.17171160441631006,0.2239785149147495,0.14492115431121913,0.2106201161151211,0.14492115431121913,0.2106201161151211,0.1993556596052434,0.16925179615293443,0.1993556596052434,0.16925179615293443,0.14395301289322768,0.1947335414058292,0.14395301289322768,0.1947335414058292,0.1772036916859059,0.16896658895360597,0.1772036916859059,0.16896658895360597,0.158761420682463,0.20549665431639297,0.158761420682463,0.20549665431639297,0.19210719061928616,0.22223850905776063,0.19210719061928616,0.22223850905776063,0.1996490678375662,0.2529088800298437,0.1996490678375662,0.2529088800298437,0.39840354448742654,0.30490131056267133,0.39840354448742654,0.30490131056267133,0.12556223932826366,0.21905226845836115,0.12556223932826366,0.21905226845836115,0.40767296027214917,0.2518601177533662,0.40767296027214917,0.2518601177533662,0.18954956602523246,0.3450849406035687,0.18954956602523246,0.3450849406035687,0.25935267267832396,0.22171074032917573,0.25935267267832396,0.22171074032917573
0.6805192146627806,0.6653088234648277,0.6805192146627806,0.6653088234648277,0.528833988638627,0.37971184246189593,0.528833988638627,0.37971184246189593,0.7764448651359758,0.781084778194962,0.7764448651359758,0.781084778194962,0.3740379413905934,0.3900483342140142,0.3740379413905934,0.3900483342140142,0.6805192146627806,0.6653088234648277,0.6805192146627806,0.6653088234648277,0.528833988638627,0.37971184246189593,0.528833988638627,0.37971184246189593,0.5210254185150955,0.5784991904420701,0.5210254185150955,0.5784991904420701,0.3981626037575139,0.2641533416245435,0.3981626037575139,0.2641533416245435,0.5207523538889233,0.5858051928106459,0.5207523538889233,0.5858051928106459,0.49246536509674926,0.4274769701960454,0.49246536509674926,0.4274769701960454,0.38486559920921243,0.7028991809923681,0.38486559920921243,0.7028991809923681,0.38755881330676023,0.39996874068520794,0.38755881330676023,0.39996874068520794,0.6081332429721148,0.6510903790049459,0.6081332429721148,0.6510903790049459,0.3855247047782209,0.6890946103196929,0.3855247047782209,0.6890946103196929,0.5840300843240945,0.6273435309432859,0.5840300843240945,0.6273435309432859,0.3331547728067306,0.4050687006787262,0.3331547728067306,0.4050687006787262,0.7157961749714854,0.7850750436194672,0.7157961749714854,0.7850750436194672,0.6082547272355255,0.8989219452772136,0.6082547272355255,0.8989219452772136
1.3868563333981168,1.144895824129194,1.3868563333981168,1.144895824129194,1.155948512855151,1.009398983323233,1.155948512855151,1.009398983323233,1.417979230799449,1.1516074777001197,1.417979230799449,1.1516074777001197,1.3671565543701558,0.8960495726238592,1.3671565543701558,0.8960495726238592,1.3868563333981168,1.144895824129194,1.3868563333981168,1.144895824129194,1.155948512855151,1.009398983323233,1.155948512855151,1.009398983323233,0.8382646644428032,0.9160809746844969,0.8382646644428032,0.9160809746844969,1.1314227351230184,0.8127670788477364,1.1314227351230184,0.8127670788477364,0.9440621025402233,0.9263764870884003,0.9440621025402233,0.9263764870884003,0.7549588411917253,0.8295448191659136,0.7549588411917253,0.8295448191659136,1.1163082531272708,0.866644802669975,1.1163082531272708,0.866644802669975,0.941373593835231,0.7503020768245243,0.941373593835231,0.7503020768245243,1.146155624078231,0.8036242898958825,1.146155624078231,0.8036242898958825,0.9812136178689218,0.925118531425417,0.9812136178689218,0.925118531425417,0.9589181827625556,0.794531039209297,0.9589181827625556,0.794531039209297,0.7992580604483841,0.757912900259345,0.7992580604483841,0.757912900259345,0.9075418180338363,0.8225753829414522,0.9075418180338363,0.8225753829414522,0.9544704928018912,0.7140402297138,0.9544704928018912,0.7140402297138
0.2916923192059253,0.3384921853238191,0.2916923192059253,0.3384921853238191,0.3261602343003802,0.3296484049035747,0.3261602343003802,0.3296484049035747,0.3111036130256715,0.34072966444991115,0.3111036130256715,0.34072966444991115,0.3244205216792415,0.2537388192958062,0.3244205216792415,0.2537388192958062,0.2916923192059253,0.3384921853238191,0.2916923192059253,0.3384921853238191,0.3261602343003802,0.3296484049035747,0.3261602343003802,0.3296484049035747,0.2982341113755846,0.2985229352099859,0.2982341113755846,0.2985229352099859,0.10279816834223661,0.49582242395634213,0.10279816834223661,0.49582242395634213,0.21017238402125998,0.3028142505778911,0.21017238402125998,0.3028142505778911,0.213855477410344,0.36472077605382697,0.213855477410344,0.36472077605382697,0.23836906855729914,0.2512690757178995,0.23836906855729914,0.2512690757178995,0.23869750817747604,0.4207978663806922,0.23869750817747604,0.4207978663806922,0.29760100038205073,0.4755455482272044,0.29760100038205073,0.4755455482272044,0.3349432289405946,0.4435147774952255,0.3349432289405946,0.4435147774952255,0.18977598545780536,0.267622884425004,0.18977598545780536,0.267622884425004,0.2864553197134234,0.25877747580243493,0.2864553197134234,0.25877747580243493,0.31462618879720416,0.5136427555880287,0.31462618879720416,0.5136427555880287,0.44163818086774975,0.5668951297801065,0.44163818086774975,0.5668951297801065
0.3773447042200996,0.16250070677540435,0.3773447042200996,0.16250070677540435,0.6062238414043294,0.23568377499979457,0.6062238414043294,0.23568377499979457,0.518110338205561,0.22844988198182578,0.518110338205561,0.22844988198182578,0.37027259818692715,0.4483599617872904,0.37027259818692715,0.4483599617872904,0.3773447042200996,0.16250070677540435,0.3773447042200996,0.16250070677540435,0.6062238414043294,0.23568377499979457,0.6062238414043294,0.23568377499979457,0.22836337643047097,0.17557262278550498,0.22836337643047097,0.17557262278550498,0.28993230599065883,0.23456058469181534,0.28993230599065883,0.23456058469181534,0.20153601566354745,0.27388394603361477,0.20153601566354745,0.27388394603361477,0.2774982828799733,0.2883640160193484,0.2774982828799733,0.2883640160193484,0.2701277525879088,0.20521798403996633,0.2701277525879088,0.20521798403996633,0.26062265652090844,0.19032060667177236,0.26062265652090844,0.19032060667177236,0.21702699773962864,0.2058324252235416,0.21702699773962864,0.2058324252235416,0.20932499796423848,0.23601227442004524,0.20932499796423848,0.23601227442004524,0.36369537449198464,0.2741166324420601,0.36369537449198464,0.2741166324420601,0.400975841330804,0.28024529660676434,0.400975841330804,0.28024529660676434,0.24447426064904593,0.24903182016499756,0.24447426064904593,0.24903182016499756,0.2595857973502581,0.17512356538167195,0.2595857973502581,0.17512356538167195
0.5974485832397675,0.5003755226182953,0.5974485832397675,0.5003755226182953,0.4630141444382542,0.8207104085230736,0.4630141444382542,0.8207104085230736,0.504343451029533,0.4531660270935462,0.504343451029533,0.4531660270935462,0.6687027578053284,0.7266702865764435,0.6687027578053284,0.7266702865764435,0.5974485832397675,0.5003755226182953,0.5974485832397675,0.5003755226182953,0.4630141444382542,0.8207104085230736,0.4630141444382542,0.8207104085230736,0.4667572216447797,0.699920851523702,0.4667572216447797,0.699920851523702,0.5699727459475316,0.6157920986133085,0.5699727459475316,0.6157920986133085,0.3891305584201372,0.6887064932462237,0.3891305584201372,0.6887064932462237,0.6259466742675086,0.6140837593328032,0.6259466742675086,0.6140837593328032,0.4502342206916643,0.8161081130521365,0.4502342206916643,0.8161081130521365,0.6313507858890188,1.045403891645817,0.6313507858890188,1.045403891645817,0.5000453801076369,0.7195212034605948,0.5000453801076369,0.7195212034605948,2.513398667079111,1.2513753746394005,2.513398667079111,1.2513753746394005,0.4427272436528841,0.64472638028676,0.4427272436528841,0.64472638028676,0.6839079429518897,1.088281111962871,0.6839079429518897,1.088281111962871,0.854877798028203,0.6976660174362515,0.854877798028203,0.6976660174362515,1.3135892022555473,2.1116723429591513,1.3135892022555473,2.1116723429591513
0.8474371835929638,0.6851919891493731,0.8474371835929638,0.6851919891493731,0.9528604016662618,0.7058143630240143,0.9528604016662618,0.7058143630240143,0.8773278913659013,0.7046990202333447,0.8773278913659013,0.7046990202333447,1.0732253431315657,0.7680300612341603,1.0732253431315657,0.7680300612341603,0.8474371835929638,0.6851919891493731,0.8474371835929638,0.6851919891493731,0.9528604016662618,0.7058143630240143,0.9528604016662618,0.7058143630240143,0.8874254571681714,0.8747066628133386,0.8874254571681714,0.8747066628133386,0.8161973048621168,0.987535015332131,0.8161973048621168,0.987535015332131,0.8790423340695549,0.8202355174637378,0.8790423340695549,0.8202355174637378,1.2303440130177317,0.7730120247502309,1.2303440130177317,0.7730120247502309,0.7947983788120698,0.6553196000001009,0.7947983788120698,0.6553196000001009,0.607021182059188,0.9353126393512277,0.607021182059188,0.9353126393512277,0.8533676366894088,0.6555740616386302,0.8533676366894088,0.6555740616386302,0.9715029225611244,0.6726284588285701,0.9715029225611244,0.6726284588285701,0.9281938400631505,0.8438405548458799,0.9281938400631505,0.8438405548458799,0.7803760291591035,0.9411159980356847,0.7803760291591035,0.9411159980356847,0.9689559902022918,0.7703951989145164,0.9689559902022918,0.7703951989145164,0.7956918091814438,0.6398708969833192,0.7956918091814438,0.6398708969833192
1.7548082389494928,1.5949135284231597,1.7548082389494928,1.5949135284231597,2.339070298269084,1.3006763508535657,2.339070298269084,1.3006763508535657,1.88640251230718,2.6205031576760818,1.88640251230718,2.6205031576760818,1.6504604034757,0.5701759494529406,1.6504604034757,0.5701759494529406,1.7548082389494928,1.5949135284231597,1.7548082389494928,1.5949135284231597,2.339070298269084,1.3006763508535657,2.339070298269084,1.3006763508535657,1.106412486648483,1.1993771325167295,1.106412486648483,1.1993771325167295,0.7023462603317863,0.9847592487010555,0.7023462603317863,0.9847592487010555,1.1916583864185724,1.6480204437001624,1.1916583864185724,1.6480204437001624,0.3682336495437792,0.7371093711661459,0.3682336495437792,0.7371093711661459,1.3024674920356372,1.603936242168359,1.3024674920356372,1.603936242168359,0.8310956549662808,0.5747925111390377,0.8310956549662808,0.5747925111390377,0.2667688285525998,0.6026803477223301,0.2667688285525998,0.6026803477223301,0.24931159787668858,0.9109830659148344,0.24931159787668858,0.9109830659148344,1.0384445293789595,0.8419332742762555,1.0384445293789595,0.8419332742762555,1.030601731397934,0.8429084875210137,1.030601731397934,0.8429084875210137,0.36966245978124895,0.9378108254864087,0.36966245978124895,0.9378108254864087,0.34977654649551077,0.500431734174382,0.34977654649551077,0.500431734174382
1.1192781533918952,1.120265261881672,1.1192781533918952,1.120265261881672,0.9275581045152658,1.0336383446328323,0.9275581045152658,1.0336383446328323,1.1269888986013568,1.1268825376949365,1.1269888986013568,1.1268825376949365,1.0595452778211116,0.989869400954361,1.0595452778211116,0.989869400954361,1.1192781533918952,1.120265261881672,1.1192781533918952,1.120265261881672,0.9275581045152658,1.0336383446328323,0.9275581045152658,1.0336383446328323,1.201246947179378,1.2592442886684971,1.201246947179378,1.2592442886684971,1.2653708564412371,1.3022127022406789,1.2653708564412371,1.3022127022406789,1.0856010690896944,1.1600023403968538,1.0856010690896944,1.1600023403968538,1.076749083666298,1.1327924780969845,1.076749083666298,1.1327924780969845,1.231178911327343,1.2236296047374395,1.231178911327343,1.2236296047374395,1.2810417301755108,0.9102605975225141,1.2810417301755108,0.9102605975225141,1.130315239630746,1.0598720435935496,1.130315239630746,1.0598720435935496,0.8494572691348837,1.2764474664744545,0.8494572691348837,1.2764474664744545,1.1198648428872477,0.9924692080168938,1.1198648428872477,0.9924692080168938,1.0746540000182223,1.2577970571604278,1.0746540000182223,1.2577970571604278,0.9777651055292371,1.08160835113765,0.9777651055292371,1.08160835113765,1.0838933429306468,1.2535305377018595,1.0838933429306468,1.2535305377018595
0.28851676291084355,0.3897955071057188,0.28851676291084355,0.3897955071057188,0.09943163902206141,0.18872851900164622,0.09943163902206141,0.18872851900164622,0.435619646431534,0.5010189436758574,0.435619646431534,0.5010189436758574,0.19798696557722864,0.26510094249572186,0.19798696557722864,0.26510094249572186,0.28851676291084355,0.3897955071057188,0.28851676291084355,0.3897955071057188,0.09943163902206141,0.18872851900164622,0.09943163902206141,0.18872851900164622,0.14251088423063452,0.16227630339285534,0.14251088423063452,0.16227630339285534,0.17967084152797638,0.08729497344015763,0.17967084152797638,0.08729497344015763,0.25273266203091826,0.3396116320476017,0.25273266203091826,0.3396116320476017,0.22765369292415516,0.3203673804163972,0.22765369292415516,0.3203673804163972,0.1863817495877562,0.16521553649343287,0.1863817495877562,0.16521553649343287,0.18611971863606822,0.1297470986253958,0.18611971863606822,0.1297470986253958,0.22601805218442877,0.26132050417021824,0.22601805218442877,0.26132050417021824,0.28400587252557896,0.22054994459892055,0.28400587252557896,0.22054994459892055,0.2914041106863363,0.22422784345603813,0.2914041106863363,0.22422784345603813,0.31842551012920844,0.35983810781789694,0.31842551012920844,0.35983810781789694,0.1753775287812556,0.2365838303763721,0.1753775287812556,0.2365838303763721,0.13337547843557832,0.18752538895088727,0.13337547843557832,0.18752538895088727
0.529138623659469,0.49074686841278337,0.529138623659469,0.49074686841278337,0.54744383975193,0.46232451233942556,0.54744383975193,0.46232451233942556,0.5636263006942633,0.5183672503467907,0.5636263006942633,0.5183672503467907,0.46207679912074395,0.38967394466345134,0.46207679912074395,0.38967394466345134,0.529138623659469,0.49074686841278337,0.529138623659469,0.49074686841278337,0.54744383975193,0.46232451233942556,0.54744383975193,0.46232451233942556,0.4664209205210363,0.38363116944386394,0.4664209205210363,0.38363116944386394,0.657583007333629,0.4547435454373481,0.657583007333629,0.4547435454373481,0.38967375109279984,0.4007931817579793,0.38967375109279984,0.4007931817579793,0.4572035475993888,0.3767136542755207,0.4572035475993888,0.3767136542755207,0.5553798166936422,0.4118863727562334,0.5553798166936422,0.4118863727562334,0.38939620060799407,0.40732737171888794,0.38939620060799407,0.40732737171888794,0.41493377145497456,0.5062496850715473,0.41493377145497456,0.5062496850715473,0.49301903692882093,0.48930633602009493,0.49301903692882093,0.48930633602009493,0.5082088607375165,0.32894340935367833,0.5082088607375165,0.32894340935367833,0.44639943654396386,0.49213849492443074,0.44639943654396386,0.49213849492443074,0.5035129949835496,0.4296497701013506,0.5035129949835496,0.4296497701013506,0.5326115641126237,0.6950646410793412,0.5326115641126237,0.6950646410793412
0.6958211637783163,0.6367163747464555,0.6958211637783163,0.6367163747464555,0.347487399488841,0.48290750067669264,0.347487399488841,0.48290750067669264,0.6063280455262319,0.6265895723665926,0.6063280455262319,0.6265895723665926,0.38879377228026113,0.4875041793666935,0.38879377228026113,0.4875041793666935,0.6958211637783163,0.6367163747464555,0.6958211637783163,0.6367163747464555,0.347487399488841,0.48290750067669264,0.347487399488841,0.48290750067669264,0.4064543758862908,0.35833498827751875,0.4064543758862908,0.35833498827751875,0.32762499344296625,0.3088578089694586,0.32762499344296625,0.3088578089694586,0.37917602049229504,0.3140638077243136,0.37917602049229504,0.3140638077243136,0.3915986863692848,0.26496847811256485,0.3915986863692848,0.26496847811256485,0.3889160753473352,0.3724801511311483,0.3889160753473352,0.3724801511311483,0.44171738563121055,0.2700837619787066,0.44171738563121055,0.2700837619787066,0.4197844156529808,0.1857583581872792,0.4197844156529808,0.1857583581872792,0.45056723091690426,0.13763296279081982,0.45056723091690426,0.13763296279081982,0.4392716853690899,0.306541532719803,0.4392716853690899,0.306541532719803,0.3296463280726716,0.29518993481227174,0.3296463280726716,0.29518993481227174,0.3333764345789254,0.32544806311577634,0.3333764345789254,0.32544806311577634,0.2343139966236292,0.17968296057576094,0.2343139966236292,0.17968296057576094
0.6343163762109075,0.6755479396423333,0.6343163762109075,0.6755479396423333,0.587466001196902,0.6899599816538604,0.587466001196902,0.6899599816538604,0.5686362555386757,0.729518965940946,0.5686362555386757,0.729518965940946,0.666081628204707,0.7098443338312773,0.666081628204707,0.7098443338312773,0.6343163762109075,0.6755479396423333,0.6343163762109075,0.6755479396423333,0.587466001196902,0.6899599816538604,0.587466001196902,0.6899599816538604,0.6633158471626174,0.5714245092912608,0.6633158471626174,0.5714245092912608,0.5386359470657535,0.6277636660648652,0.5386359470657535,0.6277636660648652,0.6712626702522563,0.6063720033589772,0.6712626702522563,0.6063720033589772,0.5841918355064352,0.6349395691500039,0.5841918355064352,0.6349395691500039,0.6418878958499843,0.55337394434293,0.6418878958499843,0.55337394434293,0.5990966141354794,0.5224263565066769,0.5990966141354794,0.5224263565066769,0.578061974892325,0.7055173383772186,0.578061974892325,0.7055173383772186,0.7400437277050478,0.711172704806077,0.7400437277050478,0.711172704806077,0.6485829346370693,0.7752130831837211,0.6485829346370693,0.7752130831837211,0.6267417755092258,0.746530441141476,0.6267417755092258,0.746530441141476,0.6382559436925611,0.5997169317927478,0.6382559436925611,0.5997169317927478,0.6457578059052286,0.6690117204633858,0.6457578059052286,0.6690117204633858
0.32914872731533074,0.19035798240208054,0.32914872731533074,0.19035798240208054,0.2712544506223921,0.21036462139276874,0.2712544506223921,0.21036462139276874,0.3032510793525648,0.13480423202436537,0.3032510793525648,0.13480423202436537,0.33524384829800635,0.1739483576151584,0.33524384829800635,0.1739483576151584,0.32914872731533074,0.19035798240208054,0.32914872731533074,0.19035798240208054,0.2712544506223921,0.21036462139276874,0.2712544506223921,0.21036462139276874,0.28678391651857277,0.27179901806018403,0.28678391651857277,0.27179901806018403,0.24404722948956367,0.16317200290259273,0.24404722948956367,0.16317200290259273,0.24988005605666735,0.20852793479227744,0.24988005605666735,0.20852793479227744,0.27549965910500435,0.25968158966118915,0.27549965910500435,0.25968158966118915,0.26211016313379504,0.21768473965598714,0.26211016313379504,0.21768473965598714,0.25598009593040405,0.2517714414292025,0.25598009593040405,0.2517714414292025,0.25635165522732456,0.2607940230486328,0.25635165522732456,0.2607940230486328,0.2496032861653859,0.21761770848431003,0.2496032861653859,0.21761770848431003,0.2804175764802645,0.2359510443095338,0.2804175764802645,0.2359510443095338,0.31708631239427704,0.21533068997537813,0.31708631239427704,0.21533068997537813,0.2948486141990951,0.23561387809688142,0.2948486141990951,0.23561387809688142,0.21520349666617541,0.25752429137155997,0.21520349666617541,0.25752429137155997
0.7819181937167523,0.8364678102588746,0.7819181937167523,0.8364678102588746,1.0744893027468179,0.6234438717628515,1.0744893027468179,0.6234438717628515,0.8297109196090411,0.9531090578500339,0.8297109196090411,0.9531090578500339,0.5087993639499427,0.7246677611581912,0.5087993639499427,0.7246677611581912,0.7819181937167523,0.8364678102588746,0.7819181937167523,0.8364678102588746,1.0744893027468179,0.6234438717628515,1.0744893027468179,0.6234438717628515,1.1016547186186658,1.0416186671119045,1.1016547186186658,1.0416186671119045,1.1758407760837222,1.049955419958861,1.1758407760837222,1.049955419958861,1.0450116346071712,1.0311481611622413,1.0450116346071712,1.0311481611622413,1.4679561855942194,0.9906842820317642,1.4679561855942194,0.9906842820317642,1.005500540552207,0.9580299968112068,1.005500540552207,0.9580299968112068,1.1231666622958045,1.1637331678010414,1.1231666622958045,1.1637331678010414,1.0411768843213964,1.0615383443384396,1.0411768843213964,1.0615383443384396,0.751740720769262,0.8344314796637191,0.751740720769262,0.8344314796637191,0.9675322015400319,0.9931524710523089,0.9675322015400319,0.9931524710523089,1.1889386012862937,0.6778916361269781,1.1889386012862937,0.6778916361269781,1.0262626430567476,1.0267626930705631,1.0262626430567476,1.0267626930705631,0.8799417002260445,1.014479539031795,0.8799417002260445,1.014479539031795
0.23963587941585346,0.2861187989473651,0.23963587941585346,0.2861187989473651,0.4954332991678072,0.23554632095211286,0.4954332991678072,0.23554632095211286,0.23297224476418626,0.2743240193431412,0.23297224476418626,0.2743240193431412,0.3545071164773062,0.18559421450545466,0.3545071164773062,0.18559421450545466,0.23963587941585346,0.2861187989473651,0.23963587941585346,0.2861187989473651,0.4954332991678072,0.23554632095211286,0.4954332991678072,0.23554632095211286,0.12248229772905997,0.2056408353684273,0.12248229772905997,0.2056408353684273,0.1485871852002407,0.3509585404976246,0.1485871852002407,0.3509585404976246,0.17324407541487907,0.2755307254935682,0.17324407541487907,0.2755307254935682,0.24592109208450152,0.131049851354077,0.24592109208450152,0.131049851354077,0.1371105993755934,0.2742589254189499,0.1371105993755934,0.2742589254189499,0.18877916826493235,0.17512572099602555,0.18877916826493235,0.17512572099602555,0.12259451943804626,0.18405072515581514,0.12259451943804626,0.18405072515581514,0.1523216680637796,0.1968480411222667,0.1523216680637796,0.1968480411222667,0.15396530786812304,0.2772986240197251,0.15396530786812304,0.2772986240197251,0.09101790182760908,0.22574814140900887,0.09101790182760908,0.22574814140900887,0.16130892540131805,0.19427865785997525,0.16130892540131805,0.19427865785997525,0.10544983385258064,0.2456461014176555,0.10544983385258064,0.2456461014176555
1.0283773627275967,1.0830671636150175,1.0283773627275967,1.0830671636150175,1.1585236178703646,0.8474093939971615,1.1585236178703646,0.8474093939971615,0.9073082734931683,0.9286253782801921,0.9073082734931683,0.9286253782801921,1.1442745030188668,1.0073394168127077,1.1442745030188668,1.0073394168127077,1.0283773627275967,1.0830671636150175,1.0283773627275967,1.0830671636150175,1.1585236178703646,0.8474093939971615,1.1585236178703646,0.8474093939971615,1.085051335544175,1.0264525853622142,1.085051335544175,1.0264525853622142,1.2777063762816354,1.077993933845188,1.2777063762816354,1.077993933845188,1.11884005462457,1.1912542118084766,1.11884005462457,1.1912542118084766,1.1765992921017328,1.2125988538484365,1.1765992921017328,1.2125988538484365,0.9733612735790534,1.165612100124459,0.9733612735790534,1.165612100124459,1.1954868865658963,0.8275341158611339,1.1954868865658963,0.8275341158611339,1.0095520827911495,1.0673567377639308,1.0095520827911495,1.0673567377639308,0.8636353410292618,1.1828632055815824,0.8636353410292618,1.1828632055815824,0.9333880646525194,1.1786661253651332,0.9333880646525194,1.1786661253651332,0.7865291642188854,1.3947465180856167,0.7865291642188854,1.3947465180856167,1.0746296221809348,1.0008088858376878,1.0746296221809348,1.0008088858376878,1.1042123610187768,1.0072085242287894,1.1042123610187768,1.0072085242287894
0.7293165497583346,0.8412638226508411,0.7293165497583346,0.8412638226508411,0.6133049323305848,0.6340180620706691,0.6133049323305848,0.6340180620706691,0.8249948245999282,0.7609356573682159,0.8249948245999282,0.7609356573682159,0.6608892032081889,0.5104185081796712,0.6608892032081889,0.5104185081796712,0.7293165497583346,0.8412638226508411,0.7293165497583346,0.8412638226508411,0.6133049323305848,0.6340180620706691,0.6133049323305848,0.6340180620706691,0.6698216459172899,0.6181660358585759,0.6698216459172899,0.6181660358585759,0.5855455109181572,0.5349396853715613,0.5855455109181572,0.5349396853715613,0.8335483677802012,0.5800886787245185,0.8335483677802012,0.5800886787245185,0.6565352373262147,0.6001453618399549,0.6565352373262147,0.6001453618399549,0.7117605975134335,0.5712184707876822,0.7117605975134335,0.5712184707876822,0.717775389259096,0.613407578724725,0.717775389259096,0.613407578724725,0.5476431206341466,0.471316170236839,0.5476431206341466,0.471316170236839,0.636456887850503,0.4701638640174911,0.636456887850503,0.4701638640174911,0.5124998000087375,0.5249820895564503,0.5124998000087375,0.5249820895564503,0.6725123856841063,0.5573118221000165,0.6725123856841063,0.5573118221000165,0.5571648218214822,0.5020164636668424,0.5571648218214822,0.5020164636668424,0.5140587640400311,0.5007589777284654,0.5140587640400311,0.5007589777284654
0.783400491379373,0.7774951999018656,0.783400491379373,0.7774951999018656,0.7870716679005014,0.6179684012043813,0.7870716679005014,0.6179684012043813,0.8333347477220279,0.8086016628069201,0.8333347477220279,0.8086016628069201,0.6476774199122151,0.546850604905824,0.6476774199122151,0.546850604905824,0.783400491379373,0.7774951999018656,0.783400491379373,0.7774951999018656,0.7870716679005014,0.6179684012043813,0.7870716679005014,0.6179684012043813,0.6787164569821316,0.6636070840402071,0.6787164569821316,0.6636070840402071,0.9040449682653116,0.6853872845279214,0.9040449682653116,0.6853872845279214,0.7857625120056615,0.6640838566505605,0.7857625120056615,0.6640838566505605,0.590093523020313,0.7431352599660992,0.590093523020313,0.7431352599660992,0.7717370142905562,0.7215761866657882,0.7717370142905562,0.7215761866657882,0.7353160586815106,0.6553802779694542,0.7353160586815106,0.6553802779694542,0.46290590337487364,0.5958352358662526,0.46290590337487364,0.5958352358662526,0.6218936022170675,0.5898433633013137,0.6218936022170675,0.5898433633013137,0.6607999993426963,0.7144755523040488,0.6607999993426963,0.7144755523040488,0.5754467220090956,0.5229046171806325,0.5754467220090956,0.5229046171806325,0.6251001433792951,0.5383894195054874,0.6251001433792951,0.5383894195054874,0.4840290945354661,0.44966351629666235,0.4840290945354661,0.44966351629666235
0.2026973481124752,0.20727195515537114,0.2026973481124752,0.20727195515537114,0.20155185335432216,0.2040604735377299,0.20155185335432216,0.2040604735377299,0.1918789085790562,0.20766617811531843,0.1918789085790562,0.20766617811531843,0.19111496698403638,0.18016125667838614,0.19111496698403638,0.18016125667838614,0.2026973481124752,0.20727195515537114,0.2026973481124752,0.20727195515537114,0.20155185335432216,0.2040604735377299,0.20155185335432216,0.2040604735377299,0.15584292132131275,0.18508663344490614,0.15584292132131275,0.18508663344490614,0.20769329278323093,0.2004022999630718,0.20769329278323093,0.2004022999630718,0.16746673758940855,0.16837889583312857,0.16746673758940855,0.16837889583312857,0.1288896805180563,0.2164908126697633,0.1288896805180563,0.2164908126697633,0.12574892360387596,0.1865163210972212,0.12574892360387596,0.1865163210972212,0.20845703686359066,0.17399031921992947,0.20845703686359066,0.17399031921992947,0.1879260575661851,0.19157935586896027,0.1879260575661851,0.19157935586896027,0.2733491691855513,0.22618895739118758,0.2733491691855513,0.22618895739118758,0.17786311969774848,0.1821494267006913,0.17786311969774848,0.1821494267006913,0.11548150978378569,0.2160846893308415,0.11548150978378569,0.2160846893308415,0.18043864302630996,0.18158476086402683,0.18043864302630996,0.18158476086402683,0.28295519784339174,0.3069731849742264,0.28295519784339174,0.3069731849742264
0.8613515391960344,0.5830797099682486,0.8613515391960344,0.5830797099682486,0.8210520411182879,1.3099598944885287,0.8210520411182879,1.3099598944885287,0.980025676045612,0.6542891905609035,0.980025676045612,0.6542891905609035,1.123556718782058,0.9855879166928534,1.123556718782058,0.9855879166928534,0.8613515391960344,0.5830797099682486,0.8613515391960344,0.5830797099682486,0.8210520411182879,1.3099598944885287,0.8210520411182879,1.3099598944885287,0.5740217004499987,0.8515509696873672,0.5740217004499987,0.8515509696873672,1.0365178357669,0.5841979889239595,1.0365178357669,0.5841979889239595,0.7046476383752176,0.5417248446357975,0.7046476383752176,0.5417248446357975,1.2816567223975142,0.44054738625762935,1.2816567223975142,0.44054738625762935,0.8523825195443128,0.7802153507715024,0.8523825195443128,0.7802153507715024,1.2496851795306891,0.8923232226550037,1.2496851795306891,0.8923232226550037,0.6261414970239737,0.7843775362277786,0.6261414970239737,0.7843775362277786,0.7993855865058648,0.8742376220728884,0.7993855865058648,0.8742376220728884,0.6157195741180952,0.39417319146780283,0.6157195741180952,0.39417319146780283,0.9492146279058945,0.3585910617990539,0.9492146279058945,0.3585910617990539,0.6869533935446626,0.4799263260561999,0.6869533935446626,0.4799263260561999,0.9193804092827873,0.7102282359752022,0.9193804092827873,0.7102282359752022
1.718178011262851,1.631500755003091,1.718178011262851,1.631500755003091,1.5513117193604804,1.7829365553830525,1.5513117193604804,1.7829365553830525,1.6573310053130337,1.6582454800679567,1.6573310053130337,1.6582454800679567,1.5594963296344992,1.6263186511998435,1.5594963296344992,1.6263186511998435,1.718178011262851,1.631500755003091,1.718178011262851,1.631500755003091,1.5513117193604804,1.7829365553830525,1.5513117193604804,1.7829365553830525,1.54392479862414,1.641677750280363,1.54392479862414,1.641677750280363,1.7140238136621964,1.4055696509684943,1.7140238136621964,1.4055696509684943,1.5905567422926872,1.5456385573719948,1.5905567422926872,1.5456385573719948,1.6477850882656921,1.5829569723975254,1.6477850882656921,1.5829569723975254,1.6002413724213929,1.568074967976008,1.6002413724213929,1.568074967976008,1.5801611588884932,1.5949334112566362,1.5801611588884932,1.5949334112566362,1.4810500112861777,1.474372999122406,1.4810500112861777,1.474372999122406,1.4778941690437677,1.80256037323434,1.4778941690437677,1.80256037323434,1.575265962677469,1.5776202964174983,1.575265962677469,1.5776202964174983,1.6463349218003032,1.486907316090899,1.6463349218003032,1.486907316090899,1.378324117527125,1.5855257428161167,1.378324117527125,1.5855257428161167,1.9338031296651677,1.8204419638264966,1.9338031296651677,1.8204419638264966
1.794656735199201,2.897449350484177,1.794656735199201,2.897449350484177,1.6235917147060415,1.6422844184088126,1.6235917147060415,1.6422844184088126,1.8729558105968778,2.5535190071636698,1.8729558105968778,2.5535190071636698,2.4463808231450446,1.561762830054361,2.4463808231450446,1.561762830054361,1.794656735199201,2.897449350484177,1.794656735199201,2.897449350484177,1.6235917147060415,1.6422844184088126,1.6235917147060415,1.6422844184088126,2.06823191899664,3.4363621584376296,2.06823191899664,3.4363621584376296,1.707534901117831,3.652675600866534,1.707534901117831,3.652675600866534,2.5471549864132723,2.5064472413099925,2.5471549864132723,2.5064472413099925,2.5683403371641913,2.0981600753743197,2.5683403371641913,2.0981600753743197,2.115748215512262,3.2045394977933976,2.115748215512262,3.2045394977933976,1.607902050663114,2.974476511048732,1.607902050663114,2.974476511048732,1.9115213666992805,2.749000269599435,1.9115213666992805,2.749000269599435,2.3809275195225985,1.9428028251103069,2.3809275195225985,1.9428028251103069,1.956225849822717,2.814090994043154,1.956225849822717,2.814090994043154,2.470238081830024,2.645012079466042,2.470238081830024,2.645012079466042,2.4797404423750833,3.586145106802992,2.4797404423750833,3.586145106802992,3.0148977006748123,2.509387030469705,3.0148977006748123,2.509387030469705
2.349094037782123,2.6142478132758367,2.349094037782123,2.6142478132758367,1.29494758269703,1.3170552118559224,1.29494758269703,1.3170552118559224,2.43991063522744,2.6279911257555586,2.43991063522744,2.6279911257555586,2.4726972434097703,1.8803262306048212,2.4726972434097703,1.8803262306048212,2.349094037782123,2.6142478132758367,2.349094037782123,2.6142478132758367,1.29494758269703,1.3170552118559224,1.29494758269703,1.3170552118559224,2.2003375505997,1.1379398187159657,2.2003375505997,1.1379398187159657,1.230681697552969,1.001590608789625,1.230681697552969,1.001590608789625,2.8039906079505643,2.4775219810361717,2.8039906079505643,2.4775219810361717,1.6221482592563066,2.501770432314748,1.6221482592563066,2.501770432314748,1.652486313338656,1.4702881922314879,1.652486313338656,1.4702881922314879,1.8418324797405636,0.9211050780002981,1.8418324797405636,0.9211050780002981,1.0226221099393442,1.6307960313932588,1.0226221099393442,1.6307960313932588,1.067815647160003,0.9370646249119947,1.067815647160003,0.9370646249119947,1.7789864392714358,2.0827904261637027,1.7789864392714358,2.0827904261637027,1.5943368543029264,1.4879264769141303,1.5943368543029264,1.4879264769141303,1.6163585433450665,1.6661010690937383,1.6163585433450665,1.6661010690937383,0.9429517301885476,0.7765406444368409,0.9429517301885476,0.7765406444368409
0.8569923143387783,1.6195473336509731,0.8569923143387783,1.6195473336509731,1.065051743931501,2.2072665170452637,1.065051743931501,2.2072665170452637,1.4907666304559481,2.157319738642144,1.4907666304559481,2.157319738642144,1.0266388755815061,1.6219517950876692,1.0266388755815061,1.6219517950876692,0.8569923143387783,1.6195473336509731,0.8569923143387783,1.6195473336509731,1.065051743931501,2.2072665170452637,1.065051743931501,2.2072665170452637,0.7867169080285034,0.5447789389330773,0.7867169080285034,0.5447789389330773,0.7058749713056376,0.6695270413348516,0.7058749713056376,0.6695270413348516,0.9406569956011575,1.495979270446691,0.9406569956011575,1.495979270446691,1.2080240774953617,1.0297547849861721,1.2080240774953617,1.0297547849861721,0.7110540853019278,0.8250527934303248,0.7110540853019278,0.8250527934303248,1.08461312721731,0.8768289794129822,1.08461312721731,0.8768289794129822,0.6192447399261145,0.4777491894598275,0.6192447399261145,0.4777491894598275,0.4400430534378801,0.8384932143439624,0.4400430534378801,0.8384932143439624,0.594250846454349,0.9736412119619147,0.594250846454349,0.9736412119619147,1.036216266153395,1.1344168495169848,1.036216266153395,1.1344168495169848,0.9517856964316269,0.6668905337963222,0.9517856964316269,0.6668905337963222,0.634488812592256,0.7604612310646682,0.634488812592256,0.7604612310646682
2.249947871980248,2.4411813815687595,2.249947871980248,2.4411813815687595,2.1912788739363105,2.192186260237084,2.1912788739363105,2.192186260237084,2.256777200160705,2.5267040383679573,2.256777200160705,2.5267040383679573,2.1267693550436273,2.5266141679928014,2.1267693550436273,2.5266141679928014,2.249947871980248,2.4411813815687595,2.249947871980248,2.4411813815687595,2.1912788739363105,2.192186260237084,2.1912788739363105,2.192186260237084,2.1362038822613103,2.1203044737915544,2.1362038822613103,2.1203044737915544,2.13540573172633,2.6805111280781904,2.13540573172633,2.6805111280781904,1.9915093762758567,1.9824673624959608,1.9915093762758567,1.9824673624959608,1.9833967621595456,2.21716951046081,1.9833967621595456,2.21716951046081,2.0585740352434887,2.2546845270120537,2.0585740352434887,2.2546845270120537,2.1686315561800127,2.5137414135803984,2.1686315561800127,2.5137414135803984,2.3615967755169005,2.563400932062765,2.3615967755169005,2.563400932062765,2.2042615598515605,2.9479497573288307,2.2042615598515605,2.9479497573288307,2.254382373868819,2.1008495725078045,2.254382373868819,2.1008495725078045,2.150773112258381,2.0534643526524103,2.150773112258381,2.0534643526524103,2.391857578894912,1.9337438528098077,2.391857578894912,1.9337438528098077,3.0776721737213473,2.361018580735608,3.0776721737213473,2.361018580735608
5.4761038329798195,5.909037717050823,5.4761038329798195,5.909037717050823,5.076657380343631,6.481877260397721,5.076657380343631,6.481877260397721,5.05175695616417,5.988865486362763,5.05175695616417,5.988865486362763,4.559126536710303,6.254255130510376,4.559126536710303,6.254255130510376,5.4761038329798195,5.909037717050823,5.4761038329798195,5.909037717050823,5.076657380343631,6.481877260397721,5.076657380343631,6.481877260397721,5.867438102872635,6.410271136930855,5.867438102872635,6.410271136930855,6.802728315035108,7.616203898562441,6.802728315035108,7.616203898562441,4.5222854804217025,5.147890291239785,4.5222854804217025,5.147890291239785,5.102665778918739,4.845021117495272,5.102665778918739,4.845021117495272,5.689532810967504,5.449274086924623,5.689532810967504,5.449274086924623,6.685274385408779,5.014778864552968,6.685274385408779,5.014778864552968,7.7126573820932425,7.044882321649153,7.7126573820932425,7.044882321649153,7.747060946132871,5.669062016241327,7.747060946132871,5.669062016241327,5.405793416822746,5.56514144527314,5.405793416822746,5.56514144527314,5.6071413783871575,6.356394295509114,5.6071413783871575,6.356394295509114,6.005839196426427,6.845449905486426,6.005839196426427,6.845449905486426,5.248882857958389,7.946541121826769,5.248882857958389,7.946541121826769
5.283399570935591,5.11579474261064,5.283399570935591,5.11579474261064,5.418888183496142,4.027177245358868,5.418888183496142,4.027177245358868,4.701630983992045,5.278349354477095,4.701630983992045,5.278349354477095,3.5557316653952213,4.308573923047493,3.5557316653952213,4.308573923047493,5.283399570935591,5.11579474261064,5.283399570935591,5.11579474261064,5.418888183496142,4.027177245358868,5.418888183496142,4.027177245358868,3.184009691179319,4.147573334363644,3.184009691179319,4.147573334363644,3.722912999615658,3.9820928974211456,3.722912999615658,3.9820928974211456,3.874818723467635,4.473356040877356,3.874818723467635,4.473356040877356,3.474050559267385,3.9992539634309794,3.474050559267385,3.9992539634309794,3.5275140075558746,4.496747588216216,3.5275140075558746,4.496747588216216,3.635937576248294,4.614049338307646,3.635937576248294,4.614049338307646,4.074234258719746,4.198464434437583,4.074234258719746,4.198464434437583,2.052033055122874,3.5339444625106884,2.052033055122874,3.5339444625106884,3.4358276473608393,4.308491666051831,3.4358276473608393,4.308491666051831,4.218379957231249,3.882394830924843,4.218379957231249,3.882394830924843,3.298502540841484,3.478096460562501,3.298502540841484,3.478096460562501,3.5730030731344584,3.3899540993916135,3.5730030731344584,3.3899540993916135
0.41467842886878137,0.8890932557151446,0.41467842886878137,0.8890932557151446,0.25075584381252575,1.003568441520433,0.25075584381252575,1.003568441520433,0.45242558208419403,0.7429287898929073,0.45242558208419403,0.7429287898929073,0.4432844671446734,0.9450829317841107,0.4432844671446734,0.9450829317841107,0.41467842886878137,0.8890932557151446,0.41467842886878137,0.8890932557151446,0.25075584381252575,1.003568441520433,0.25075584381252575,1.003568441520433,0.5329818558531387,1.0524379920564257,0.5329818558531387,1.0524379920564257,0.42552502898172057,0.6683228510575866,0.42552502898172057,0.6683228510575866,0.4569330537725354,0.5915504374724703,0.4569330537725354,0.5915504374724703,0.32792144238803506,0.580431105614892,0.32792144238803506,0.580431105614892,0.39384472907336215,1.0137814483216157,0.39384472907336215,1.0137814483216157,0.6121375437441456,0.39467761467989965,0.6121375437441456,0.39467761467989965,0.3330053288170058,0.5472319077343281,0.3330053288170058,0.5472319077343281,0.33893968156300036,0.45313983298128335,0.33893968156300036,0.45313983298128335,0.323787795366398,0.3696131751572178,0.323787795366398,0.3696131751572178,0.34769739196805716,0.40089764350311025,0.34769739196805716,0.40089764350311025,0.3291357243386735,0.7120268808418571,0.3291357243386735,0.7120268808418571,0.28188723914663055,0.2874103301496068,0.28188723914663055,0.2874103301496068
0.5190162064763846,0.4442836840100412,0.5190162064763846,0.4442836840100412,0.6132519601978963,0.4305957418786922,0.6132519601978963,0.4305957418786922,0.628170688996979,0.4223681338706135,0.628170688996979,0.4223681338706135,0.616005197201243,0.5307867890932176,0.616005197201243,0.5307867890932176,0.5190162064763846,0.4442836840100412,0.5190162064763846,0.4442836840100412,0.6132519601978963,0.4305957418786922,0.6132519601978963,0.4305957418786922,0.4684392237812028,0.5717942784177938,0.4684392237812028,0.5717942784177938,0.402528942161638,0.4341985604873305,0.402528942161638,0.4341985604873305,0.582540873723816,0.6213378516482495,0.582540873723816,0.6213378516482495,0.4480874152836303,0.6282261092017599,0.4480874152836303,0.6282261092017599,0.43547446654285016,0.6476215070333711,0.43547446654285016,0.6476215070333711,0.4937748447145255,0.5086331934759734,0.4937748447145255,0.5086331934759734,0.39721468721326364,0.629491983757427,0.39721468721326364,0.629491983757427,0.600588217536097,0.5781546873135881,0.600588217536097,0.5781546873135881,0.6142110873408336,0.7205920277231297,0.6142110873408336,0.7205920277231297,0.400361482789641,0.7070135862513826,0.400361482789641,0.7070135862513826,0.41168787260513406,0.4939458359985215,0.41168787260513406,0.4939458359985215,0.5589586188801972,0.8019869616108533,0.5589586188801972,0.8019869616108533
1.272831727000265,1.2670849887270732,1.272831727000265,1.2670849887270732,1.4208815236537684,1.3090197609917171,1.4208815236537684,1.3090197609917171,1.174360118258185,1.2547289222992994,1.174360118258185,1.2547289222992994,1.206444383981228,1.1167822219521508,1.206444383981228,1.1167822219521508,1.272831727000265,1.2670849887270732,1.272831727000265,1.2670849887270732,1.4208815236537684,1.3090197609917171,1.4208815236537684,1.3090197609917171,1.1319346399058858,1.2446616709748206,1.1319346399058858,1.2446616709748206,1.2506265187738732,1.0494598920974274,1.2506265187738732,1.0494598920974274,1.200581572768456,1.2252482411157435,1.200581572768456,1.2252482411157435,1.1888561612854938,1.1766614232081332,1.1888561612854938,1.1766614232081332,1.065123543001336,1.2270727317623589,1.065123543001336,1.2270727317623589,1.2005476428869748,1.066350196917072,1.2005476428869748,1.066350196917072,1.4801683166656183,1.2864055439346969,1.4801683166656183,1.2864055439346969,1.394131812964148,1.101009278407656,1.394131812964148,1.101009278407656,1.5591863214910577,1.0821574874164657,1.5591863214910577,1.0821574874164657,1.0005082789817046,1.4537280843938822,1.0005082789817046,1.4537280843938822,1.3290565867890956,1.287690845163223,1.3290565867890956,1.287690845163223,1.439713259184165,1.3476746684954837,1.439713259184165,1.3476746684954837
0.7703447967757109,0.5558427608233887,0.7703447967757109,0.5558427608233887,0.6664973524245509,0.5364623715729526,0.6664973524245509,0.5364623715729526,0.6567190361962926,0.5249495289022447,0.6567190361962926,0.5249495289022447,0.7228144216379164,0.8226256275117994,0.7228144216379164,0.8226256275117994,0.7703447967757109,0.5558427608233887,0.7703447967757109,0.5558427608233887,0.6664973524245509,0.5364623715729526,0.6664973524245509,0.5364623715729526,0.6666572818369488,0.5983964181863255,0.6666572818369488,0.5983964181863255,0.6221974540353065,0.8882961719615843,0.6221974540353065,0.8882961719615843,0.9308662096060075,0.6801933465323625,0.9308662096060075,0.6801933465323625,0.6229705653543668,0.5355328708179488,0.6229705653543668,0.5355328708179488,0.7069888576385165,0.6915534420049926,0.7069888576385165,0.6915534420049926,0.7438854645686328,0.6938858296945615,0.7438854645686328,0.6938858296945615,0.7174746916631694,0.761282491665672,0.7174746916631694,0.761282491665672,0.5886955153508064,0.7293447416444969,0.5886955153508064,0.7293447416444969,0.9577926867481261,0.8531010260703142,0.9577926867481261,0.8531010260703142,0.9575810810052928,0.8621313434837734,0.9575810810052928,0.8621313434837734,0.8589282514103196,0.7832820716434798,0.8589282514103196,0.7832820716434798,0.6254794078176618,1.1064970196979982,0.6254794078176618,1.1064970196979982
3.14588488530176,3.666804143754682,3.14588488530176,3.666804143754682,3.195528785469935,3.787952971750181,3.195528785469935,3.787952971750181,3.346788853383377,3.3286321844859867,3.346788853383377,3.3286321844859867,4.224473023767471,3.7286384426038013,4.224473023767471,3.7286384426038013,3.14588488530176,3.666804143754682,3.14588488530176,3.666804143754682,3.195528785469935,3.787952971750181,3.195528785469935,3.787952971750181,3.336826842600652,3.2893485357548258,3.336826842600652,3.2893485357548258,2.781193285053948,4.00383179272931,2.781193285053948,4.00383179272931,3.8725257938636104,3.0075977809533585,3.8725257938636104,3.0075977809533585,4.686871736107721,3.8824923858665303,4.686871736107721,3.8824923858665303,3.5724933173646387,3.9664492516383447,3.5724933173646387,3.9664492516383447,3.303535691625554,2.859938321592262,3.303535691625554,2.859938321592262,3.494419991807713,3.4933774629392373,3.494419991807713,3.4933774629392373,4.061297943701778,3.41113238547712,4.061297943701778,3.41113238547712,3.1369142697687837,3.4339404723245512,3.1369142697687837,3.4339404723245512,5.900979692583484,4.081404531472583,5.900979692583484,4.081404531472583,3.126365855097299,4.628371980137371,3.126365855097299,4.628371980137371,3.9337448883913098,4.4028889361588,3.9337448883913098,4.4028889361588
0.6428722860957307,0.7355968595720608,0.6428722860957307,0.7355968595720608,0.8291569997787421,0.6232174608309681,0.8291569997787421,0.6232174608309681,0.7025505661298342,0.6777129701194252,0.7025505661298342,0.6777129701194252,0.8765540084237048,0.5959487455210304,0.8765540084237048,0.5959487455210304,0.6428722860957307,0.7355968595720608,0.6428722860957307,0.7355968595720608,0.8291569997787421,0.6232174608309681,0.8291569997787421,0.6232174608309681,0.8530288969152728,0.7049223095599899,0.8530288969152728,0.7049223095599899,0.8554257899472755,0.630628296586629,0.8554257899472755,0.630628296586629,0.7818874081044119,0.5562388586107511,0.7818874081044119,0.5562388586107511,0.812375974188175,0.44044847695289974,0.812375974188175,0.44044847695289974,0.9140002948726216,0.6964175105361634,0.9140002948726216,0.6964175105361634,1.0761628794265599,0.6269415409842221,1.0761628794265599,0.6269415409842221,0.9291635395522743,0.6272882035319927,0.9291635395522743,0.6272882035319927,0.6411877080324417,0.5537740159749219,0.6411877080324417,0.5537740159749219,0.8488556404616516,0.5520388418069039,0.8488556404616516,0.5520388418069039,0.8053573545428269,0.5593428567401686,0.8053573545428269,0.5593428567401686,0.8056497947080877,0.5427747699081672,0.8056497947080877,0.5427747699081672,0.9212178210740182,0.5535576219256653,0.9212178210740182,0.5535576219256653
0.926992828706818,0.9682371150327472,0.926992828706818,0.9682371150327472,0.8679211692586373,0.9664910054127347,0.8679211692586373,0.9664910054127347,0.9229731499393478,1.0173452876050246,0.9229731499393478,1.0173452876050246,0.974912816364566,1.033600938935796,0.974912816364566,1.033600938935796,0.926992828706818,0.9682371150327472,0.926992828706818,0.9682371150327472,0.8679211692586373,0.9664910054127347,0.8679211692586373,0.9664910054127347,1.047375392265611,1.0292281932280207,1.047375392265611,1.0292281932280207,1.362924444536322,1.2882174028917757,1.362924444536322,1.2882174028917757,1.2060402725622918,1.0910104206062137,1.2060402725622918,1.0910104206062137,1.3330951410125411,1.2580777975692847,1.3330951410125411,1.2580777975692847,1.0646938911370145,1.0441745299521736,1.0646938911370145,1.0441745299521736,1.2831411215835222,1.3672567202521757,1.2831411215835222,1.3672567202521757,1.2804883509417218,1.0302213041304447,1.2804883509417218,1.0302213041304447,1.0107678264906796,0.9692687782268998,1.0107678264906796,0.9692687782268998,1.186458116112077,1.1857326874809504,1.186458116112077,1.1857326874809504,1.219519463473475,1.31423301163347,1.219519463473475,1.31423301163347,1.3670737088205167,1.0178841093953124,1.3670737088205167,1.0178841093953124,1.0093585386026578,1.0719119081885171,1.0093585386026578,1.0719119081885171
0.2678109764365138,0.21749885977996875,0.2678109764365138,0.21749885977996875,0.270114946249923,0.21244397103620646,0.270114946249923,0.21244397103620646,0.2666423316347843,0.20120287182700283,0.2666423316347843,0.20120287182700283,0.26785148724005026,0.2356813705878021,0.26785148724005026,0.2356813705878021,0.2678109764365138,0.21749885977996875,0.2678109764365138,0.21749885977996875,0.270114946249923,0.21244397103620646,0.270114946249923,0.21244397103620646,0.27585859366894144,0.19002138035753133,0.27585859366894144,0.19002138035753133,0.22651455355982714,0.15750811408209012,0.22651455355982714,0.15750811408209012,0.25193769282235084,0.17927423873554366,0.25193769282235084,0.17927423873554366,0.19386026636235026,0.15689447199278253,0.19386026636235026,0.15689447199278253,0.22911003124968726,0.1811985512022847,0.22911003124968726,0.1811985512022847,0.21026415278967447,0.181939835507648,0.21026415278967447,0.181939835507648,0.2394369400327107,0.17908940870069637,0.2394369400327107,0.17908940870069637,0.28608791088859703,0.24909289170604199,0.28608791088859703,0.24909289170604199,0.24385815638567968,0.21116212914686233,0.24385815638567968,0.21116212914686233,0.27804061207354314,0.14590178887941055,0.27804061207354314,0.14590178887941055,0.2944858157005781,0.18299521295027513,0.2944858157005781,0.18299521295027513,0.19550413772131361,0.2407983315606983,0.19550413772131361,0.2407983315606983
0.5121633897858296,0.5767701940541468,0.5121633897858296,0.5767701940541468,0.6089881655870562,0.401638962150719,0.6089881655870562,0.401638962150719,0.6387752204079823,0.537179523906406,0.6387752204079823,0.537179523906406,0.5272120020059254,0.4310595970603882,0.5272120020059254,0.4310595970603882,0.5121633897858296,0.5767701940541468,0.5121633897858296,0.5767701940541468,0.6089881655870562,0.401638962150719,0.6089881655870562,0.401638962150719,0.5211917154764881,0.5978967200974542,0.5211917154764881,0.5978967200974542,0.5374860377559958,0.44772156977647853,0.5374860377559958,0.44772156977647853,0.6905069157429369,0.7239963427917856,0.6905069157429369,0.7239963427917856,0.3756574506691172,0.6270844387094986,0.3756574506691172,0.6270844387094986,0.5526917231369574,0.5809385901264216,0.5526917231369574,0.5809385901264216,0.6854013192214802,0.497954994684466,0.6854013192214802,0.497954994684466,0.3739847624436564,0.5683471930666318,0.3739847624436564,0.5683471930666318,0.34964689919511555,0.4463866811518054,0.34964689919511555,0.4463866811518054,0.6018240862631214,0.6753577101695312,0.6018240862631214,0.6753577101695312,0.6493042422337653,0.6032106683405362,0.6493042422337653,0.6032106683405362,0.4871700793516989,0.31844097635906105,0.4871700793516989,0.31844097635906105,0.48464466460629724,0.32006302643427725,0.48464466460629724,0.32006302643427725
0.4115711487147046,0.4223036594704637,0.4115711487147046,0.4223036594704637,0.6396892307260733,0.47358737770651355,0.6396892307260733,0.47358737770651355,0.46632830185596247,0.4386276930116266,0.46632830185596247,0.4386276930116266,0.5251639763547507,0.7088796494506544,0.5251639763547507,0.7088796494506544,0.4115711487147046,0.4223036594704637,0.4115711487147046,0.4223036594704637,0.6396892307260733,0.47358737770651355,0.6396892307260733,0.47358737770651355,0.5059563760762844,0.49923671794742713,0.5059563760762844,0.49923671794742713,0.42798810545713156,0.654777556025002,0.42798810545713156,0.654777556025002,0.4438141684372768,0.36783721473090364,0.4438141684372768,0.36783721473090364,0.6773676973788273,0.6602050686228773,0.6773676973788273,0.6602050686228773,0.4653545232112903,0.6325514099835029,0.4653545232112903,0.6325514099835029,0.5029695290492912,0.6813325268503514,0.5029695290492912,0.6813325268503514,0.5052189558379867,0.4533256350267343,0.5052189558379867,0.4533256350267343,0.5335099486525295,0.5038763954737739,0.5335099486525295,0.5038763954737739,0.5489960061843433,0.38203216569099824,0.5489960061843433,0.38203216569099824,0.6434116388724316,0.3980283621816481,0.6434116388724316,0.3980283621816481,0.4931711199827108,0.42923803669491606,0.4931711199827108,0.42923803669491606,0.8148132218048906,0.5391815991606436,0.8148132218048906,0.5391815991606436
1.0199985080924712,1.091430255300564,1.0199985080924712,1.091430255300564,1.4075028015710755,1.296677299635146,1.4075028015710755,1.296677299635146,1.1039829223270714,1.0608029605028841,1.1039829223270714,1.0608029605028841,1.374460855298359,1.147722947587951,1.374460855298359,1.147722947587951,1.0199985080924712,1.091430255300564,1.0199985080924712,1.091430255300564,1.4075028015710755,1.296677299635146,1.4075028015710755,1.296677299635146,1.254435473481441,1.315102379350664,1.254435473481441,1.315102379350664,1.6647768228985103,1.0849878478594117,1.6647768228985103,1.0849878478594117,1.1959646713313359,1.223022102285275,1.1959646713313359,1.223022102285275,1.4778833733594803,1.577882871875931,1.4778833733594803,1.577882871875931,1.2542403418823462,1.3128464788107936,1.2542403418823462,1.3128464788107936,1.5160956891759987,1.7577365453085732,1.5160956891759987,1.7577365453085732,1.5015303340822883,1.5592214181046,1.5015303340822883,1.5592214181046,1.3954372601409513,1.5026778205811,1.3954372601409513,1.5026778205811,1.1977484010113275,1.2513194495956201,1.1977484010113275,1.2513194495956201,1.2871827593718603,1.392245815139573,1.2871827593718603,1.392245815139573,1.2898819417011735,1.3291765677317415,1.2898819417011735,1.3291765677317415,1.7831746055358162,1.2920593553482578,1.7831746055358162,1.2920593553482578
0.46195064256079144,0.4676745888929713,0.46195064256079144,0.4676745888929713,0.36126784929303113,0.5489826335507214,0.36126784929303113,0.5489826335507214,0.446253686515489,0.46780194217430365,0.446253686515489,0.46780194217430365,0.4592920622288758,0.5356430766789771,0.4592920622288758,0.5356430766789771,0.46195064256079144,0.4676745888929713,0.46195064256079144,0.4676745888929713,0.36126784929303113,0.5489826335507214,0.36126784929303113,0.5489826335507214,0.48092518795881617,0.496055603821396,0.48092518795881617,0.496055603821396,0.40093780981086563,0.4782076319999137,0.40093780981086563,0.4782076319999137,0.4523061247939513,0.5600382552784064,0.4523061247939513,0.5600382552784064,0.44311354621729154,0.5374077921667836,0.44311354621729154,0.5374077921667836,0.4450410825349019,0.47522747229262036,0.4450410825349019,0.47522747229262036,0.4386210235788391,0.4886361221476557,0.4386210235788391,0.4886361221476557,0.46078870474012174,0.44779387379823815,0.46078870474012174,0.44779387379823815,0.3771867002195615,0.5503265648567771,0.3771867002195615,0.5503265648567771,0.38963118630425136,0.41963234648302095,0.38963118630425136,0.41963234648302095,0.4848533797962415,0.49086152348284123,0.4848533797962415,0.49086152348284123,0.5044097041236533,0.48599479211000485,0.5044097041236533,0.48599479211000485,0.5684925999463786,0.6059007347409382,0.5684925999463786,0.6059007347409382
0.929005751442751,0.9742204440758739,0.929005751442751,0.9742204440758739,0.8770567316485499,0.9988890199744095,0.8770567316485499,0.9988890199744095,0.9133807874146674,0.9573825888754348,0.9133807874146674,0.9573825888754348,0.9036140591154241,0.9501133824130189,0.9036140591154241,0.9501133824130189,0.929005751442751,0.9742204440758739,0.929005751442751,0.9742204440758739,0.8770567316485499,0.9988890199744095,0.8770567316485499,0.9988890199744095,0.7626555639643291,0.8394482032194749,0.7626555639643291,0.8394482032194749,0.8543941243232936,0.9150559964992221,0.8543941243232936,0.9150559964992221,0.7881543663035756,0.8561552493957697,0.7881543663035756,0.8561552493957697,0.7541764939648031,0.9750961503333357,0.7541764939648031,0.9750961503333357,0.7732114666065742,0.8305007526410153,0.7732114666065742,0.8305007526410153,0.781954265195033,1.038981624177146,0.781954265195033,1.038981624177146,0.8647833816654895,0.822042108043091,0.8647833816654895,0.822042108043091,0.7680019052085816,0.8578546038447818,0.7680019052085816,0.8578546038447818,0.8259656126931393,0.8582083015791044,0.8259656126931393,0.8582083015791044,0.8959400927409116,0.9122865655004787,0.8959400927409116,0.9122865655004787,0.7941338806440188,0.8789795940897734,0.7941338806440188,0.8789795940897734,0.8649864371740108,0.8488692131869966,0.8649864371740108,0.8488692131869966
0.39800591295652815,0.36790653780351984,0.39800591295652815,0.36790653780351984,0.3671536993608438,0.37894227553217036,0.3671536993608438,0.37894227553217036,0.4217080319547023,0.399161131056751,0.4217080319547023,0.399161131056751,0.3849139546598033,0.3674638628922827,0.3849139546598033,0.3674638628922827,0.39800591295652815,0.36790653780351984,0.39800591295652815,0.36790653780351984,0.3671536993608438,0.37894227553217036,0.3671536993608438,0.37894227553217036,0.36840649232248646,0.3909428164567522,0.36840649232248646,0.3909428164567522,0.22445967371079315,0.2405183278615419,0.22445967371079315,0.2405183278615419,0.32473700113018245,0.28729987747760083,0.32473700113018245,0.28729987747760083,0.27200101782071573,0.19132580408120528,0.27200101782071573,0.19132580408120528,0.32039365450064033,0.3190578090720496,0.32039365450064033,0.3190578090720496,0.2835018529104674,0.23296890946257937,0.2835018529104674,0.23296890946257937,0.3089651509448982,0.19385936303211926,0.3089651509448982,0.19385936303211926,0.23219144993770494,0.13185024445793883,0.23219144993770494,0.13185024445793883,0.31406892494026944,0.25922676028988006,0.31406892494026944,0.25922676028988006,0.16041949790573645,0.18093730980762884,0.16041949790573645,0.18093730980762884,0.24651417494914368,0.22211904621766007,0.24651417494914368,0.22211904621766007,0.306820226031555,0.18588704412683135,0.306820226031555,0.18588704412683135
0.4896417893820114,0.4083221414977073,0.4896417893820114,0.4083221414977073,0.4174388609176431,0.4076404381830236,0.4174388609176431,0.4076404381830236,0.48671036719014277,0.4568305366917881,0.48671036719014277,0.4568305366917881,0.4968572575795247,0.33044895743324393,0.4968572575795247,0.33044895743324393,0.4896417893820114,0.4083221414977073,0.4896417893820114,0.4083221414977073,0.4174388609176431,0.4076404381830236,0.4174388609176431,0.4076404381830236,0.5797377369960933,0.6064996136444725,0.5797377369960933,0.6064996136444725,0.37607842830574534,0.45693229424448495,0.37607842830574534,0.45693229424448495,0.5290542298566647,0.5718959229209736,0.5290542298566647,0.5718959229209736,0.3689723210119345,0.48644580980292484,0.3689723210119345,0.48644580980292484,0.5171160907713974,0.5836696657259269,0.5171160907713974,0.5836696657259269,0.4393735159774114,0.4084871919562911,0.4393735159774114,0.4084871919562911,0.3981001581628427,0.4565865375023082,0.3981001581628427,0.4565865375023082,0.42256059785193434,0.5362732769742637,0.42256059785193434,0.5362732769742637,0.5632981393912894,0.4840534178850669,0.5632981393912894,0.4840534178850669,0.527850369081307,0.5550661603905983,0.527850369081307,0.5550661603905983,0.36394374693122966,0.460777734723884,0.36394374693122966,0.460777734723884,0.352300678057992,0.4766174113170985,0.352300678057992,0.4766174113170985
0.6813057786875055,0.6898922152991669,0.6813057786875055,0.6898922152991669,0.6901875568331918,0.6253532249129846,0.6901875568331918,0.6253532249129846,0.6911591904151321,0.7299625244124993,0.6911591904151321,0.7299625244124993,0.632207217128567,0.6879648650636803,0.632207217128567,0.6879648650636803,0.6813057786875055,0.6898922152991669,0.6813057786875055,0.6898922152991669,0.6901875568331918,0.6253532249129846,0.6901875568331918,0.6253532249129846,0.5626259928406975,0.6005071247263689,0.5626259928406975,0.6005071247263689,0.5578060622331603,0.5330822262508114,0.5578060622331603,0.5330822262508114,0.589706413105032,0.5963216772270211,0.589706413105032,0.5963216772270211,0.6127209409847271,0.620310539757926,0.6127209409847271,0.620310539757926,0.6082520780999995,0.6523583747645617,0.6082520780999995,0.6523583747645617,0.6920507574613894,0.6021889515357386,0.6920507574613894,0.6021889515357386,0.6930440117444095,0.6645156961317508,0.6930440117444095,0.6645156961317508,0.6744847332418403,0.7540839970449483,0.6744847332418403,0.7540839970449483,0.6603187230268716,0.6692688423155787,0.6603187230268716,0.6692688423155787,0.6531746573262025,0.70477464566425,0.6531746573262025,0.70477464566425,0.6666923155979961,0.7702373522423358,0.6666923155979961,0.7702373522423358,0.7208243269051936,0.6705836610319682,0.7208243269051936,0.6705836610319682
1.1783776880795436,1.1292490133667503,1.1783776880795436,1.1292490133667503,1.2916152800627558,1.0721073828969512,1.2916152800627558,1.0721073828969512,1.1770155743409065,1.2020195293827618,1.1770155743409065,1.2020195293827618,1.1510386821565484,1.2052771200263506,1.1510386821565484,1.2052771200263506,1.1783776880795436,1.1292490133667503,1.1783776880795436,1.1292490133667503,1.2916152800627558,1.0721073828969512,1.2916152800627558,1.0721073828969512,1.009455195560973,1.154069147347341,1.009455195560973,1.154069147347341,1.3494603940821943,1.2122178352724633,1.3494603940821943,1.2122178352724633,1.169538426555939,1.0835901732928293,1.169538426555939,1.0835901732928293,0.9402086837847675,1.145225134771694,0.9402086837847675,1.145225134771694,1.2025106463258948,1.1692283854265544,1.2025106463258948,1.1692283854265544,1.0478992282490402,1.168082711398192,1.0478992282490402,1.168082711398192,1.0896434334199943,1.4566067309305417,1.0896434334199943,1.4566067309305417,1.261355758936812,1.955053684484395,1.261355758936812,1.955053684484395,1.1636164238690903,1.0842083049231848,1.1636164238690903,1.0842083049231848,0.8602077058248622,1.3635156445453103,0.8602077058248622,1.3635156445453103,1.02429921314951,1.1659315861316701,1.02429921314951,1.1659315861316701,1.1194575185444238,1.718209279582579,1.1194575185444238,1.718209279582579
1.9301569162742926,1.823383587130122,1.9301569162742926,1.823383587130122,1.9909343245043931,1.619589869614393,1.9909343245043931,1.619589869614393,1.97443098226113,1.9233557381288562,1.97443098226113,1.9233557381288562,1.8499688733743067,1.8829893506682804,1.8499688733743067,1.8829893506682804,1.9301569162742926,1.823383587130122,1.9301569162742926,1.823383587130122,1.9909343245043931,1.619589869614393,1.9909343245043931,1.619589869614393,1.5584276060891191,1.7346962238218218,1.5584276060891191,1.7346962238218218,1.7161222427894713,1.6834951275734693,1.7161222427894713,1.6834951275734693,1.795559236982411,1.8239647407469484,1.795559236982411,1.8239647407469484,1.8700694526921982,1.846281166374648,1.8700694526921982,1.846281166374648,1.644989401015615,1.594926193958567,1.644989401015615,1.594926193958567,1.746108130493002,1.885419712358703,1.746108130493002,1.885419712358703,1.3489492918033512,1.541363239166294,1.3489492918033512,1.541363239166294,1.5792602746603077,1.4081989974528613,1.5792602746603077,1.4081989974528613,1.82889431926823,2.0385599834941344,1.82889431926823,2.0385599834941344,1.5480421493925944,1.68068453821398,1.5480421493925944,1.68068453821398,1.5443136628256915,1.8099380232945237,1.5443136628256915,1.8099380232945237,1.2692013592871683,1.5309922559370168,1.2692013592871683,1.5309922559370168
0.9430958441369895,0.8603730418673121,0.9430958441369895,0.8603730418673121,0.755239599853878,0.770932097842884,0.755239599853878,0.770932097842884,1.0883118701164072,1.0564518039214001,1.0883118701164072,1.0564518039214001,0.8591449771048063,0.8313209059012543,0.8591449771048063,0.8313209059012543,0.9430958441369895,0.8603730418673121,0.9430958441369895,0.8603730418673121,0.755239599853878,0.770932097842884,0.755239599853878,0.770932097842884,0.5317075389827723,0.6856383667541557,0.5317075389827723,0.6856383667541557,0.40335414920048684,0.5364034348131461,0.40335414920048684,0.5364034348131461,0.6045996833973539,0.6627733228459824,0.6045996833973539,0.6627733228459824,0.4027351344613061,0.6540469635355236,0.4027351344613061,0.6540469635355236,0.5751920643393408,0.6240423167628892,0.5751920643393408,0.6240423167628892,0.6971071683051717,0.49387621338347704,0.6971071683051717,0.49387621338347704,0.4381973437107162,0.36917312966292243,0.4381973437107162,0.36917312966292243,0.4755925422250222,0.7633151582320437,0.4755925422250222,0.7633151582320437,0.5843907924240258,0.4631688076056326,0.5843907924240258,0.4631688076056326,0.37369653408440684,0.51552969747058,0.37369653408440684,0.51552969747058,0.40518488939737257,0.5210021369810853,0.40518488939737257,0.5210021369810853,0.48226337853557155,0.32329956525798625,0.48226337853557155,0.32329956525798625
4.211907194793072,3.7783722747988135,4.211907194793072,3.7783722747988135,4.092050540064537,3.663530189881725,4.092050540064537,3.663530189881725,3.958334430689168,3.755332949534838,3.958334430689168,3.755332949534838,3.961675984642084,3.8210308829050463,3.961675984642084,3.8210308829050463,4.211907194793072,3.7783722747988135,4.211907194793072,3.7783722747988135,4.092050540064537,3.663530189881725,4.092050540064537,3.663530189881725,3.9590623626258763,4.460539950758936,3.9590623626258763,4.460539950758936,4.599726318934587,3.966274758674417,4.599726318934587,3.966274758674417,4.114410528123473,3.9349095796075604,4.114410528123473,3.9349095796075604,4.262418457394612,3.905795526780964,4.262418457394612,3.905795526780964,3.692972297434678,3.6476115542518466,3.692972297434678,3.6476115542518466,3.784282243550508,3.199348212759016,3.784282243550508,3.199348212759016,3.9876006593018993,4.299466464983468,3.9876006593018993,4.299466464983468,4.87435604029608,4.425034511671425,4.87435604029608,4.425034511671425,4.278189488617343,4.19913790176586,4.278189488617343,4.19913790176586,4.3288133706527185,4.397828884633833,4.3288133706527185,4.397828884633833,4.125967078453398,4.063275750350257,4.125967078453398,4.063275750350257,4.38086890982506,4.6764485878241775,4.38086890982506,4.6764485878241775
1.3410762600579669,1.2039551841009042,1.3410762600579669,1.2039551841009042,1.3408734904349688,1.129393558709372,1.3408734904349688,1.129393558709372,1.312019726085642,1.2484776924545913,1.312019726085642,1.2484776924545913,1.3685045292224924,1.0875122379294269,1.3685045292224924,1.0875122379294269,1.3410762600579669,1.2039551841009042,1.3410762600579669,1.2039551841009042,1.3408734904349688,1.129393558709372,1.3408734904349688,1.129393558709372,1.3071015023897998,1.3670281926940553,1.3071015023897998,1.3670281926940553,1.3148177724807657,1.4900714735032454,1.3148177724807657,1.4900714735032454,1.4160536353460302,1.4553464518166053,1.4160536353460302,1.4553464518166053,1.3639669402894883,1.2932417193129846,1.3639669402894883,1.2932417193129846,1.2763257880127434,1.3728850304731333,1.2763257880127434,1.3728850304731333,1.2981131168619533,1.3830588828235146,1.2981131168619533,1.3830588828235146,1.312145940100661,1.3414310375405387,1.312145940100661,1.3414310375405387,1.4351188435879407,1.32654134120984,1.4351188435879407,1.32654134120984,1.2069614908057136,1.521838882383373,1.2069614908057136,1.521838882383373,1.180730663698414,1.4038083191520025,1.180730663698414,1.4038083191520025,1.4762397805293186,1.3685908321859506,1.4762397805293186,1.3685908321859506,1.282008870291728,1.1530876812748019,1.282008870291728,1.1530876812748019
1.2248511852199038,1.2726128299409933,1.2248511852199038,1.2726128299409933,1.4486933342631187,0.9255840633536151,1.4486933342631187,0.9255840633536151,1.3204232607205564,1.313111920984529,1.3204232607205564,1.313111920984529,1.8534875044041388,1.4221702868214332,1.8534875044041388,1.4221702868214332,1.2248511852199038,1.2726128299409933,1.2248511852199038,1.2726128299409933,1.4486933342631187,0.9255840633536151,1.4486933342631187,0.9255840633536151,1.0704627052544855,1.3638009663378878,1.0704627052544855,1.3638009663378878,1.0091073770372014,1.7677851472368444,1.0091073770372014,1.7677851472368444,1.7431798648850154,1.8852129686255867,1.7431798648850154,1.8852129686255867,1.242993389078628,1.263218480252969,1.242993389078628,1.263218480252969,1.5822749795881506,1.3504930093967373,1.5822749795881506,1.3504930093967373,1.0857451040038402,1.7585221462180183,1.0857451040038402,1.7585221462180183,0.9826942937043462,1.190401548680779,0.9826942937043462,1.190401548680779,1.208157584358648,1.0201397845347435,1.208157584358648,1.0201397845347435,1.4101508492992105,1.471434804866663,1.4101508492992105,1.471434804866663,1.410929567417257,1.559418031647755,1.410929567417257,1.559418031647755,1.182406096425649,1.5708090688618341,1.182406096425649,1.5708090688618341,1.7385905709886749,1.373749035485201,1.7385905709886749,1.373749035485201
1.7490939073215916,2.3432004325323694,1.7490939073215916,2.3432004325323694,2.6250535727354363,1.5078451889758298,2.6250535727354363,1.5078451889758298,1.6419285106477985,2.0158752893285543,1.6419285106477985,2.0158752893285543,2.099742503954416,1.6142029964359388,2.099742503954416,1.6142029964359388,1.7490939073215916,2.3432004325323694,1.7490939073215916,2.3432004325323694,2.6250535727354363,1.5078451889758298,2.6250535727354363,1.5078451889758298,1.0562422469820176,1.404341178872149,1.0562422469820176,1.404341178872149,1.1734084879171172,1.45807331950292,1.1734084879171172,1.45807331950292,1.7762506050734945,1.7436312230470872,1.7762506050734945,1.7436312230470872,1.4745331281775775,1.5465632896261172,1.4745331281775775,1.5465632896261172,1.1501122549953116,1.6074556215909055,1.1501122549953116,1.6074556215909055,0.9598294901166391,2.0779077596666364,0.9598294901166391,2.0779077596666364,0.7961716367719517,1.2123441499629986,0.7961716367719517,1.2123441499629986,0.93651927839961,1.5303554526517966,0.93651927839961,1.5303554526517966,1.1199805390200301,1.4308242609046373,1.1199805390200301,1.4308242609046373,1.2997752998313785,1.2347991977769142,1.2997752998313785,1.2347991977769142,1.0859408222856914,1.1853290858473524,1.0859408222856914,1.1853290858473524,1.8007773993782454,1.4145784353100637,1.8007773993782454,1.4145784353100637
3.101263215858691,2.8623542315514006,3.101263215858691,2.8623542315514006,2.7011139111541373,2.536388927888912,2.7011139111541373,2.536388927888912,2.9978600261689903,2.8276709561917763,2.9978600261689903,2.8276709561917763,2.806910839332422,2.419352156230294,2.806910839332422,2.419352156230294,3.101263215858691,2.8623542315514006,3.101263215858691,2.8623542315514006,2.7011139111541373,2.536388927888912,2.7011139111541373,2.536388927888912,2.6937151409378908,2.7479933154672977,2.6937151409378908,2.7479933154672977,3.189508609217646,2.6807902429847834,3.189508609217646,2.6807902429847834,2.159003322726254,2.682775662490111,2.159003322726254,2.682775662490111,3.40647344058318,3.2698226913678483,3.40647344058318,3.2698226913678483,2.444400122591502,2.815298301384895,2.444400122591502,2.815298301384895,3.174298096313726,2.347984563741139,3.174298096313726,2.347984563741139,2.97768200211856,2.220963137720208,2.97768200211856,2.220963137720208,2.542294738472474,4.145180771558346,2.542294738472474,4.145180771558346,2.6544581883185407,3.1904515501210264,2.6544581883185407,3.1904515501210264,2.453924494938573,2.132049979636396,2.453924494938573,2.132049979636396,3.0805984776781283,2.191726311482764,3.0805984776781283,2.191726311482764,2.4047803314300564,3.2195100086216386,2.4047803314300564,3.2195100086216386
1.8296571832296158,1.7460392853655926,1.8296571832296158,1.7460392853655926,1.8677756768544647,2.0539978133830044,1.8677756768544647,2.0539978133830044,1.5829688728182147,1.632356120003653,1.5829688728182147,1.632356120003653,2.440565630283031,2.129877055239746,2.440565630283031,2.129877055239746,1.8296571832296158,1.7460392853655926,1.8296571832296158,1.7460392853655926,1.8677756768544647,2.0539978133830044,1.8677756768544647,2.0539978133830044,1.7163275961602273,2.0267959132451034,1.7163275961602273,2.0267959132451034,1.7514787280591726,2.092173960195066,1.7514787280591726,2.092173960195066,1.6444886349759604,2.174637113008817,1.6444886349759604,2.174637113008817,2.3665713645494897,2.9986781344939883,2.3665713645494897,2.9986781344939883,1.8690730133931004,1.9378764902642154,1.8690730133931004,1.9378764902642154,1.7620503402867778,2.113254048859758,1.7620503402867778,2.113254048859758,1.8121942490165457,2.2343097844396067,1.8121942490165457,2.2343097844396067,1.4769175272016888,1.9495614960161811,1.4769175272016888,1.9495614960161811,2.10086842636401,1.7810018634833455,2.10086842636401,1.7810018634833455,2.596661454183628,1.8239326662757869,2.596661454183628,1.8239326662757869,2.031115561203823,2.1267920040710755,2.031115561203823,2.1267920040710755,2.424125062194344,1.266148412394869,2.424125062194344,1.266148412394869
6.254196341669537,7.143112129068769,6.254196341669537,7.143112129068769,8.272739001443307,6.452596505910775,8.272739001443307,6.452596505910775,6.3549108488141535,8.073204234814412,6.3549108488141535,8.073204234814412,5.528157307146287,7.259378337799931,5.528157307146287,7.259378337799931,6.254196341669537,7.143112129068769,6.254196341669537,7.143112129068769,8.272739001443307,6.452596505910775,8.272739001443307,6.452596505910775,5.0000648231747755,6.356394902655627,5.0000648231747755,6.356394902655627,6.507417010790193,7.3891320737953246,6.507417010790193,7.3891320737953246,6.6101652798961705,6.745248868565523,6.6101652798961705,6.745248868565523,5.125702693299914,4.8746926090908325,5.125702693299914,4.8746926090908325,6.408606264603805,6.764181964457712,6.408606264603805,6.764181964457712,6.322756561658138,7.462583669395415,6.322756561658138,7.462583669395415,5.184280564306652,4.8418336431171864,5.184280564306652,4.8418336431171864,4.67471336985139,5.914893960893493,4.67471336985139,5.914893960893493,5.351005403446604,6.373615038520163,5.351005403446604,6.373615038520163,5.830240522474102,7.644367338561389,5.830240522474102,7.644367338561389,6.699088833820346,5.917283089670487,6.699088833820346,5.917283089670487,5.578169088233738,7.164195469939398,5.578169088233738,7.164195469939398
0.3722823740864816,0.4953107512045421,0.3722823740864816,0.4953107512045421,0.4609899540929335,0.3218233414499245,0.4609899540929335,0.3218233414499245,0.4789832466229474,0.514457937688884,0.4789832466229474,0.514457937688884,0.5035262712140348,0.31254282667388605,0.5035262712140348,0.31254282667388605,0.3722823740864816,0.4953107512045421,0.3722823740864816,0.4953107512045421,0.4609899540929335,0.3218233414499245,0.4609899540929335,0.3218233414499245,0.456390606594732,0.2636055718317651,0.456390606594732,0.2636055718317651,0.45836456287742133,0.15855974456131555,0.45836456287742133,0.15855974456131555,0.43904435067289377,0.32987683759887165,0.43904435067289377,0.32987683759887165,0.23312176603663723,0.2581981046112155,0.23312176603663723,0.2581981046112155,0.48296562474360955,0.2956119693742909,0.48296562474360955,0.2956119693742909,0.25979997226059687,0.41444986714653614,0.25979997226059687,0.41444986714653614,0.44730877486336346,0.3119170328148289,0.44730877486336346,0.3119170328148289,0.4707274618352639,0.29920520339061457,0.4707274618352639,0.29920520339061457,0.5366379860370545,0.2761759930212258,0.5366379860370545,0.2761759930212258,0.25262053340268664,0.29916774209576436,0.25262053340268664,0.29916774209576436,0.48134217855625744,0.39185859665346584,0.48134217855625744,0.39185859665346584,0.8551208738890681,0.3938211838167989,0.8551208738890681,0.3938211838167989
2.5705977459997387,2.664903928702615,2.5705977459997387,2.664903928702615,2.835251763847514,2.5808998977108994,2.835251763847514,2.5808998977108994,2.7182921494803427,2.66874248242924,2.7182921494803427,2.66874248242924,3.1567643210789615,2.73479592977987,3.1567643210789615,2.73479592977987,2.5705977459997387,2.664903928702615,2.5705977459997387,2.664903928702615,2.835251763847514,2.5808998977108994,2.835251763847514,2.5808998977108994,3.01380585508444,3.277028258109351,3.01380585508444,3.277028258109351,2.9594345142794958,3.156428070205839,2.9594345142794958,3.156428070205839,2.956557789017992,3.3418150449863933,2.956557789017992,3.3418150449863933,3.010893282880047,3.5007052310192055,3.010893282880047,3.5007052310192055,3.3000324413613233,3.163719832800557,3.3000324413613233,3.163719832800557,2.9989853963075985,3.581916592598899,2.9989853963075985,3.581916592598899,2.867640001019593,3.1879245851054896,2.867640001019593,3.1879245851054896,2.779835864792096,2.903732720876387,2.779835864792096,2.903732720876387,3.3968111763061466,2.8655513748147277,3.3968111763061466,2.8655513748147277,3.068690032644648,3.0228709069530635,3.068690032644648,3.0228709069530635,2.9424459517292076,3.4946211913998364,2.9424459517292076,3.4946211913998364,3.213748302271457,2.8837669871005667,3.213748302271457,2.8837669871005667
0.5588338656077323,0.5794215592239328,0.5588338656077323,0.5794215592239328,0.5413003509034182,0.6569060139635443,0.5413003509034182,0.6569060139635443,0.5938521288550089,0.5321364587492295,0.5938521288550089,0.5321364587492295,0.5612906458222046,0.5911176493304524,0.5612906458222046,0.5911176493304524,0.5588338656077323,0.5794215592239328,0.5588338656077323,0.5794215592239328,0.5413003509034182,0.6569060139635443,0.5413003509034182,0.6569060139635443,0.5826672933068929,0.5823744100259064,0.5826672933068929,0.5823744100259064,0.538331593702601,0.5470645455092293,0.538331593702601,0.5470645455092293,0.5317918809215394,0.5256396318491057,0.5317918809215394,0.5256396318491057,0.4973802906199508,0.5624852195431135,0.4973802906199508,0.5624852195431135,0.612037245286039,0.6060101550908792,0.612037245286039,0.6060101550908792,0.6379864120320253,0.5007278229658602,0.6379864120320253,0.5007278229658602,0.5324891055333726,0.5805360365784331,0.5324891055333726,0.5805360365784331,0.6452692473538435,0.6531715124055888,0.6452692473538435,0.6531715124055888,0.5523757558750597,0.5822165447711991,0.5523757558750597,0.5822165447711991,0.48670480225563745,0.6038537468050653,0.48670480225563745,0.6038537468050653,0.48136711324733916,0.6144160226295489,0.48136711324733916,0.6144160226295489,0.6302730304361059,0.6487919097355455,0.6302730304361059,0.6487919097355455
1.1579688283293827,1.2095795644692748,1.1579688283293827,1.2095795644692748,1.4853248465420237,1.3700598161355964,1.4853248465420237,1.3700598161355964,1.1876687913651158,1.2426431875665214,1.1876687913651158,1.2426431875665214,1.6197014508663938,1.780590219768157,1.6197014508663938,1.780590219768157,1.1579688283293827,1.2095795644692748,1.1579688283293827,1.2095795644692748,1.4853248465420237,1.3700598161355964,1.4853248465420237,1.3700598161355964,1.587608067892539,1.566314698912539,1.587608067892539,1.566314698912539,1.1643139120831258,1.3676243576533076,1.1643139120831258,1.3676243576533076,1.424082637131283,1.5982899045788532,1.424082637131283,1.5982899045788532,2.097923776369601,1.289670329974115,2.097923776369601,1.289670329974115,1.4049438848570808,1.3965616542974744,1.4049438848570808,1.3965616542974744,1.4318139750570629,1.6747844253223314,1.4318139750570629,1.6747844253223314,1.3954740695630488,1.1880299966837273,1.3954740695630488,1.1880299966837273,2.0454467240535323,1.7901077968519972,2.0454467240535323,1.7901077968519972,1.3581836527988551,1.5298314036231913,1.3581836527988551,1.5298314036231913,1.6097249957051531,1.2802752098051597,1.6097249957051531,1.2802752098051597,1.6731534512553872,1.351277301876502,1.6731534512553872,1.351277301876502,1.3758316573880829,1.4702356851670995,1.3758316573880829,1.4702356851670995
0.9409089977685168,0.9621121214667646,0.9409089977685168,0.9621121214667646,0.9291890291104189,0.9157912019309903,0.9291890291104189,0.9157912019309903,0.9566248401118019,0.972125370879629,0.9566248401118019,0.972125370879629,0.908908139682904,0.9203527105950631,0.908908139682904,0.9203527105950631,0.9409089977685168,0.9621121214667646,0.9409089977685168,0.9621121214667646,0.9291890291104189,0.9157912019309903,0.9291890291104189,0.9157912019309903,0.9291360108271982,0.8832024677205677,0.9291360108271982,0.8832024677205677,0.8943923827938781,0.8607682313834104,0.8943923827938781,0.8607682313834104,0.9631727009030051,0.910162116806512,0.9631727009030051,0.910162116806512,1.0350966098206338,0.9491604437140546,1.0350966098206338,0.9491604437140546,0.9222533797108994,0.9078067216772414,0.9222533797108994,0.9078067216772414,1.0032250603826531,0.7436550071933039,1.0032250603826531,0.7436550071933039,1.0083257213881194,0.9235959035298537,1.0083257213881194,0.9235959035298537,1.1280062444063637,0.8895957820305719,1.1280062444063637,0.8895957820305719,1.071079467595883,0.9794868593246697,1.071079467595883,0.9794868593246697,1.1491047163152293,0.8413924902600818,1.1491047163152293,0.8413924902600818,0.9459101841384642,0.8228506565046974,0.9459101841384642,0.8228506565046974,1.0346800818314963,1.0461663335634959,1.0346800818314963,1.0461663335634959
2.7861119183653287,3.265369133351644,2.7861119183653287,3.265369133351644,2.778772195375342,2.988214920007772,2.778772195375342,2.988214920007772,2.7495028174054763,3.1538638914654165,2.7495028174054763,3.1538638914654165,2.69768378384785,2.996218895959854,2.69768378384785,2.996218895959854,2.7861119183653287,3.265369133351644,2.7861119183653287,3.265369133351644,2.778772195375342,2.988214920007772,2.778772195375342,2.988214920007772,3.14461159369263,3.1856252278989063,3.14461159369263,3.1856252278989063,2.460859904349221,2.7757357090541706,2.460859904349221,2.7757357090541706,3.0931212640882655,3.225086562574038,3.0931212640882655,3.225086562574038,2.540973936736467,3.196535865888014,2.540973936736467,3.196535865888014,2.8866206699244956,3.097310422769377,2.8866206699244956,3.097310422769377,2.8031109958555294,2.70489592278431,2.8031109958555294,2.70489592278431,2.7902784154881495,3.2226917092019343,2.7902784154881495,3.2226917092019343,2.844491307097151,2.271210776863064,2.844491307097151,2.271210776863064,2.8800984815794144,2.5383248152325577,2.8800984815794144,2.5383248152325577,2.565656044382034,2.0179509615199285,2.565656044382034,2.0179509615199285,3.011365880198188,2.8856155807554713,3.011365880198188,2.8856155807554713,2.6888298113673224,2.5811994163871788,2.6888298113673224,2.5811994163871788
1.1010937393627809,1.1479176368601243,1.1010937393627809,1.1479176368601243,1.2975860880752716,1.0186106848884229,1.2975860880752716,1.0186106848884229,1.1977247025952285,1.1345608429071863,1.1977247025952285,1.1345608429071863,1.2543224011554481,1.1415777788467565,1.2543224011554481,1.1415777788467565,1.1010937393627809,1.1479176368601243,1.1010937393627809,1.1479176368601243,1.2975860880752716,1.0186106848884229,1.2975860880752716,1.0186106848884229,1.0934194548681964,1.1236081292987203,1.0934194548681964,1.1236081292987203,1.3872422015114756,1.0077964345158767,1.3872422015114756,1.0077964345158767,0.9766412547035955,1.0671516592229382,0.9766412547035955,1.0671516592229382,1.2749833257907355,1.330380298548381,1.2749833257907355,1.330380298548381,1.0795615167828163,1.0414442145798253,1.0795615167828163,1.0414442145798253,1.2178924213049263,1.0855487480400674,1.2178924213049263,1.0855487480400674,1.225872773580275,1.3818382365684012,1.225872773580275,1.3818382365684012,1.60012727518836,1.9113795475655946,1.60012727518836,1.9113795475655946,1.0879698861400116,1.2644434725885512,1.0879698861400116,1.2644434725885512,1.1586952258644534,1.4217962157723412,1.1586952258644534,1.4217962157723412,1.2076422697847116,1.145551500201947,1.2076422697847116,1.145551500201947,1.2431745091335766,1.6235541981586321,1.2431745091335766,1.6235541981586321
0.694340827169559,0.7071045785813029,0.694340827169559,0.7071045785813029,0.8172095738625941,0.7188933406777324,0.8172095738625941,0.7188933406777324,0.6757183280831559,0.6685553535153481,0.6757183280831559,0.6685553535153481,0.8251764640922816,0.6334952613765543,0.8251764640922816,0.6334952613765543,0.694340827169559,0.7071045785813029,0.694340827169559,0.7071045785813029,0.8172095738625941,0.7188933406777324,0.8172095738625941,0.7188933406777324,0.697331152301549,0.6890304962693001,0.697331152301549,0.6890304962693001,0.6485399511537902,0.5022567925210316,0.6485399511537902,0.5022567925210316,0.7072371287906833,0.6615527850679568,0.7072371287906833,0.6615527850679568,0.6110642707984525,0.6557987062218634,0.6110642707984525,0.6557987062218634,0.7034163736926351,0.5754707415727688,0.7034163736926351,0.5754707415727688,0.6172234089254951,0.6025785115682983,0.6172234089254951,0.6025785115682983,0.7682283487243133,0.5749182544611374,0.7682283487243133,0.5749182544611374,0.5793828448183681,0.39996716188604464,0.5793828448183681,0.39996716188604464,0.7020659188465558,0.6767902347168119,0.7020659188465558,0.6767902347168119,0.4881414456717753,0.6334916923609965,0.4881414456717753,0.6334916923609965,0.6084314626997079,0.5206840629457469,0.6084314626997079,0.5206840629457469,0.45754574447534424,0.4135084368462964,0.45754574447534424,0.4135084368462964
0.8210454071792948,0.8095296376672868,0.8210454071792948,0.8095296376672868,0.7114030672851075,0.8201121911849155,0.7114030672851075,0.8201121911849155,0.8143355729458156,0.786952108526874,0.8143355729458156,0.786952108526874,0.6965365557192231,0.7828071248043338,0.6965365557192231,0.7828071248043338,0.8210454071792948,0.8095296376672868,0.8210454071792948,0.8095296376672868,0.7114030672851075,0.8201121911849155,0.7114030672851075,0.8201121911849155,0.7445396663717323,0.7266620678208862,0.7445396663717323,0.7266620678208862,0.9915712253683181,0.7776277391358415,0.9915712253683181,0.7776277391358415,0.8202907480602313,0.8051755457412925,0.8202907480602313,0.8051755457412925,0.7634030385992959,0.875721717776287,0.7634030385992959,0.875721717776287,0.7527643003618624,0.7329466252659184,0.7527643003618624,0.7329466252659184,0.7202260309345058,0.8263646925541275,0.7202260309345058,0.8263646925541275,0.8866404777794213,0.7458501466892151,0.8866404777794213,0.7458501466892151,0.961856517273085,1.0469017067968498,0.961856517273085,1.0469017067968498,0.7948866757671097,0.7618267245384731,0.7948866757671097,0.7618267245384731,0.7222465800604804,0.8406286257245903,0.7222465800604804,0.8406286257245903,0.7265422639415047,0.7447746822226544,0.7265422639415047,0.7447746822226544,0.6692266535883711,0.6314025051721934,0.6692266535883711,0.6314025051721934
0.26703386894111497,0.31630496719639967,0.26703386894111497,0.31630496719639967,0.4558468237385915,0.44761758276198516,0.4558468237385915,0.44761758276198516,0.30626688045647726,0.3284564627320912,0.30626688045647726,0.3284564627320912,0.47611194477031,0.3871375125750158,0.47611194477031,0.3871375125750158,0.26703386894111497,0.31630496719639967,0.26703386894111497,0.31630496719639967,0.4558468237385915,0.44761758276198516,0.4558468237385915,0.44761758276198516,0.36450122890640735,0.38904474360972097,0.36450122890640735,0.38904474360972097,0.47643561253074507,0.6682844441883159,0.47643561253074507,0.6682844441883159,0.40836091143279074,0.38627347151926833,0.40836091143279074,0.38627347151926833,0.5114725187531574,0.4517902764903164,0.5114725187531574,0.4517902764903164,0.4483051311687053,0.39548275928361737,0.4483051311687053,0.39548275928361737,0.6598460836612408,0.5121483852029682,0.6598460836612408,0.5121483852029682,0.5583034317226787,0.5524474226032061,0.5583034317226787,0.5524474226032061,0.5911641915755397,0.4057040248889005,0.5911641915755397,0.4057040248889005,0.45740563544613133,0.4611845696274294,0.45740563544613133,0.4611845696274294,0.572594240161532,0.5033573371388413,0.572594240161532,0.5033573371388413,0.5526912127651357,0.45981063004968387,0.5526912127651357,0.45981063004968387,0.49111727892969004,0.453569226003212,0.49111727892969004,0.453569226003212
1.071444458624873,0.9332199483930206,1.071444458624873,0.9332199483930206,1.0016201586402629,0.8877615701159957,1.0016201586402629,0.8877615701159957,1.0796396268122777,1.0337756791664487,1.0796396268122777,1.0337756791664487,0.8376098226184807,1.1353757065291104,0.8376098226184807,1.1353757065291104,1.071444458624873,0.9332199483930206,1.071444458624873,0.9332199483930206,1.0016201586402629,0.8877615701159957,1.0016201586402629,0.8877615701159957,0.9761219560104065,0.9652591729500591,0.9761219560104065,0.9652591729500591,1.1244375867713783,0.8151314576455676,1.1244375867713783,0.8151314576455676,1.1684996530393859,0.9755084540336187,1.1684996530393859,0.9755084540336187,0.9003232664012037,1.1358369333223766,0.9003232664012037,1.1358369333223766,1.177035589257776,0.9636508761471896,1.177035589257776,0.9636508761471896,0.8983044230551822,1.0386704466953853,0.8983044230551822,1.0386704466953853,1.026856753554628,1.0073540682892208,1.026856753554628,1.0073540682892208,0.9752500791405437,0.8362586101634574,0.9752500791405437,0.8362586101634574,0.9050273815085728,1.0021838736794348,0.9050273815085728,1.0021838736794348,0.9791816308422902,0.8078044921858646,0.9791816308422902,0.8078044921858646,1.094875688130552,1.03397273644838,1.094875688130552,1.03397273644838,0.9804480893905635,0.8105251317134443,0.9804480893905635,0.8105251317134443
1.462006490648588,1.2650779196975905,1.462006490648588,1.2650779196975905,1.3628426930538913,0.9756337072317462,1.3628426930538913,0.9756337072317462,1.2642505165164004,1.2148574999852282,1.2642505165164004,1.2148574999852282,1.4949653297409005,1.0064102383977453,1.4949653297409005,1.0064102383977453,1.462006490648588,1.2650779196975905,1.462006490648588,1.2650779196975905,1.3628426930538913,0.9756337072317462,1.3628426930538913,0.9756337072317462,1.322998009898391,1.2489167530844714,1.322998009898391,1.2489167530844714,1.1404148077709793,0.6396987040074507,1.1404148077709793,0.6396987040074507,0.9437457713320463,0.99219675799883,0.9437457713320463,0.99219675799883,1.0182538137259813,2.04397214350846,1.0182538137259813,2.04397214350846,0.971783179893093,0.7765592307776965,0.971783179893093,0.7765592307776965,1.4873561228906451,0.8401593423319209,1.4873561228906451,0.8401593423319209,1.2512289346959498,1.1859547242338506,1.2512289346959498,1.1859547242338506,1.0735975486835165,1.3432209958349968,1.0735975486835165,1.3432209958349968,1.113201730686056,1.1555775851026824,1.113201730686056,1.1555775851026824,1.0515404693387074,1.5186653846969391,1.0515404693387074,1.5186653846969391,0.9391447832338609,1.4373523499605139,0.9391447832338609,1.4373523499605139,0.8390510058705228,1.0749145152888144,0.8390510058705228,1.0749145152888144
0.5810666070052394,0.567115522566645,0.5810666070052394,0.567115522566645,0.5196204036821638,0.561711023146548,0.5196204036821638,0.561711023146548,0.5677199806292748,0.5452775933761651,0.5677199806292748,0.5452775933761651,0.5352039304515952,0.5059529599441942,0.5352039304515952,0.5059529599441942,0.5810666070052394,0.567115522566645,0.5810666070052394,0.567115522566645,0.5196204036821638,0.561711023146548,0.5196204036821638,0.561711023146548,0.5883542246885114,0.4399003830507217,0.5883542246885114,0.4399003830507217,0.5063013299198273,0.5145293877507426,0.5063013299198273,0.5145293877507426,0.5685522026788841,0.564648086650329,0.5685522026788841,0.564648086650329,0.7241095706897791,0.7754525362076846,0.7241095706897791,0.7754525362076846,0.5571939966865191,0.4660949791085759,0.5571939966865191,0.4660949791085759,0.6724141294938769,0.4828774437092716,0.6724141294938769,0.4828774437092716,0.4928879465426368,0.4956647652761646,0.4928879465426368,0.4956647652761646,0.5434122225636997,0.4054224153420315,0.5434122225636997,0.4054224153420315,0.5424515054423189,0.6145615920823357,0.5424515054423189,0.6145615920823357,0.8993392419916357,0.6915338556629677,0.8993392419916357,0.6915338556629677,0.5655219906810101,0.5915766011829664,0.5655219906810101,0.5915766011829664,0.4967390008151069,0.6147213140338119,0.4967390008151069,0.6147213140338119
1.413070178890762,1.5822440598912713,1.413070178890762,1.5822440598912713,1.5079561970191515,1.9134974138885927,1.5079561970191515,1.9134974138885927,1.5704601372163824,1.43729265431073,1.5704601372163824,1.43729265431073,1.404476103388887,1.3232819526424093,1.404476103388887,1.3232819526424093,1.413070178890762,1.5822440598912713,1.413070178890762,1.5822440598912713,1.5079561970191515,1.9134974138885927,1.5079561970191515,1.9134974138885927,1.3326015982366188,1.2590891962012485,1.3326015982366188,1.2590891962012485,1.2140288787370963,1.1424124454854392,1.2140288787370963,1.1424124454854392,1.2181199799366205,1.2827900080957724,1.2181199799366205,1.2827900080957724,1.1639237932428155,1.1213459764031535,1.1639237932428155,1.1213459764031535,1.3707832331583651,1.0709669861599824,1.3707832331583651,1.0709669861599824,1.2533681999126338,1.026837284910648,1.2533681999126338,1.026837284910648,1.613293354931573,1.5994532954645646,1.613293354931573,1.5994532954645646,1.466617538782728,1.0714590552200494,1.466617538782728,1.0714590552200494,1.3765997404830173,1.3559096861577127,1.3765997404830173,1.3559096861577127,1.1049469556833844,1.1380734825599255,1.1049469556833844,1.1380734825599255,1.4026165061391358,1.4531900175468,1.4026165061391358,1.4531900175468,1.1149023741733544,0.9298923457730833,1.1149023741733544,0.9298923457730833
0.7025009195556151,0.41742208895963095,0.7025009195556151,0.41742208895963095,0.43977276349255856,0.3603527810913779,0.43977276349255856,0.3603527810913779,0.47307602149941347,0.3966508045752283,0.47307602149941347,0.3966508045752283,1.5094220712487056,1.1476341525005382,1.5094220712487056,1.1476341525005382,0.7025009195556151,0.41742208895963095,0.7025009195556151,0.41742208895963095,0.43977276349255856,0.3603527810913779,0.43977276349255856,0.3603527810913779,1.045572177731651,0.6749683406616703,1.045572177731651,0.6749683406616703,1.7258700635280377,2.2186488901899413,1.7258700635280377,2.2186488901899413,0.4335574670325039,0.4999341744901348,0.4335574670325039,0.4999341744901348,1.750223791309263,1.547366595565971,1.750223791309263,1.547366595565971,0.6103089302143389,0.23686938064634827,0.6103089302143389,0.23686938064634827,0.9108113956866909,0.5255811396658399,0.9108113956866909,0.5255811396658399,1.1042260624748172,1.1857954566436457,1.1042260624748172,1.1857954566436457,1.6035033003722887,0.9644011469217103,1.6035033003722887,0.9644011469217103,0.5486835446448544,0.9145846704941194,0.5486835446448544,0.9145846704941194,2.2755623387357735,1.8583879538588353,2.2755623387357735,1.8583879538588353,1.9055797033104291,1.057579462862988,1.9055797033104291,1.057579462862988,2.5906737910479296,2.2325848795810743,2.5906737910479296,2.2325848795810743
1.2093364807445417,1.1969705463091627,1.2093364807445417,1.1969705463091627,1.138923548176537,1.3820399300486732,1.138923548176537,1.3820399300486732,1.1414555063483294,1.1695237334086332,1.1414555063483294,1.1695237334086332,1.2894081322092819,1.2319615950280522,1.2894081322092819,1.2319615950280522,1.2093364807445417,1.1969705463091627,1.2093364807445417,1.1969705463091627,1.138923548176537,1.3820399300486732,1.138923548176537,1.3820399300486732,1.2206099467846547,1.3449427442641015,1.2206099467846547,1.3449427442641015,1.3705662106151324,1.3990173181251224,1.3705662106151324,1.3990173181251224,1.2751643708767064,1.2995835864817329,1.2751643708767064,1.2995835864817329,1.0635873203458817,1.5855219894233892,1.0635873203458817,1.5855219894233892,1.4264422500991147,1.4177511169572856,1.4264422500991147,1.4177511169572856,1.40261523345419,1.4607756243580412,1.40261523345419,1.4607756243580412,1.46949166214523,1.4838761621403682,1.46949166214523,1.4838761621403682,1.6535517978150422,1.5266519337981654,1.6535517978150422,1.5266519337981654,1.305646621770578,1.2379148773242188,1.305646621770578,1.2379148773242188,1.7072418781516587,1.5629517771611872,1.7072418781516587,1.5629517771611872,1.5530184721117444,1.4901924276855238,1.5530184721117444,1.4901924276855238,1.4718494624500125,1.6052972791375717,1.4718494624500125,1.6052972791375717
1.554259985850969,1.382947923401061,1.554259985850969,1.382947923401061,2.2454275961817785,1.8430282911165392,2.2454275961817785,1.8430282911165392,1.460385874709596,1.4581991937242835,1.460385874709596,1.4581991937242835,2.374644067785343,1.4005562802332132,2.374644067785343,1.4005562802332132,1.554259985850969,1.382947923401061,1.554259985850969,1.382947923401061,2.2454275961817785,1.8430282911165392,2.2454275961817785,1.8430282911165392,1.6627385645414672,1.2890730841558475,1.6627385645414672,1.2890730841558475,1.1699250045465188,1.7969008227858945,1.1699250045465188,1.7969008227858945,2.2690696972171147,1.5654673869045121,2.2690696972171147,1.5654673869045121,2.3484521384418375,2.2677986625753133,2.3484521384418375,2.2677986625753133,1.590385042949227,1.2813742017595497,1.590385042949227,1.2813742017595497,1.877419387108773,1.9600744189060209,1.877419387108773,1.9600744189060209,1.2990754433321487,1.6278260602857435,1.2990754433321487,1.6278260602857435,1.1477447214528491,0.7373000627995392,1.1477447214528491,0.7373000627995392,1.9260627545774762,1.8263921378893746,1.9260627545774762,1.8263921378893746,2.2219083989998776,2.0825571437718158,2.2219083989998776,2.0825571437718158,2.1406318565286497,2.0355388015374154,2.1406318565286497,2.0355388015374154,1.7311691559106597,1.379158291524061,1.7311691559106597,1.379158291524061
3.37383436438209,3.294585790128513,3.37383436438209,3.294585790128513,2.5348692256027574,3.1748408163206596,2.5348692256027574,3.1748408163206596,3.6983682831609896,3.452865112282683,3.6983682831609896,3.452865112282683,2.730680208722254,2.7665645857374397,2.730680208722254,2.7665645857374397,3.37383436438209,3.294585790128513,3.37383436438209,3.294585790128513,2.5348692256027574,3.1748408163206596,2.5348692256027574,3.1748408163206596,3.0933580441726827,3.580449905274577,3.0933580441726827,3.580449905274577,2.586947716760168,2.7001538333328328,2.586947716760168,2.7001538333328328,2.7293880016195544,3.6103195991300963,2.7293880016195544,3.6103195991300963,1.9540388736740781,2.023434902376685,1.9540388736740781,2.023434902376685,2.900392649091292,3.89328137208926,2.900392649091292,3.89328137208926,1.9548471337164934,2.7561010948445346,1.9548471337164934,2.7561010948445346,2.3812332918104806,2.6588691918814025,2.3812332918104806,2.6588691918814025,2.1117864587154482,1.8577868451458968,2.1117864587154482,1.8577868451458968,1.436630831208721,1.816013694227064,1.436630831208721,1.816013694227064,1.5106283341391185,2.427362507732109,1.5106283341391185,2.427362507732109,2.50522866026428,1.913589398940611,2.50522866026428,1.913589398940611,1.7271797611639204,1.909640177107462,1.7271797611639204,1.909640177107462
1.2290657007876813,1.1371344077801797,1.2290657007876813,1.1371344077801797,1.087210961504059,1.052528736550218,1.087210961504059,1.052528736550218,1.2295570323628724,1.0197112828835793,1.2295570323628724,1.0197112828835793,1.0761741747830362,0.9916064263744292,1.0761741747830362,0.9916064263744292,1.2290657007876813,1.1371344077801797,1.2290657007876813,1.1371344077801797,1.087210961504059,1.052528736550218,1.087210961504059,1.052528736550218,1.1166510903443665,0.949332623176829,1.1166510903443665,0.949332623176829,0.9696377642852886,0.9652766135595509,0.9696377642852886,0.9652766135595509,1.0485282033960188,0.9714282045535981,1.0485282033960188,0.9714282045535981,0.9683465556644645,0.8982555715345465,0.9683465556644645,0.8982555715345465,1.0891122573193264,1.02545539109053,1.0891122573193264,1.02545539109053,1.0454969033953827,0.982077789017266,1.0454969033953827,0.982077789017266,0.7868978113549314,0.851171051014909,0.7868978113549314,0.851171051014909,1.286254239523198,0.8109691212881635,1.286254239523198,0.8109691212881635,1.1045607782291518,1.0636697683015088,1.1045607782291518,1.0636697683015088,1.1668803030323869,1.0396613496473865,1.1668803030323869,1.0396613496473865,0.979746129378054,0.8755272696560965,0.979746129378054,0.8755272696560965,0.9528574144979651,1.171384771211089,0.9528574144979651,1.171384771211089
0.11560970054354354,0.07979038048411624,0.11560970054354354,0.07979038048411624,0.08981747667867927,0.024620307412588787,0.08981747667867927,0.024620307412588787,0.07673788485047887,0.08970416692438381,0.07673788485047887,0.08970416692438381,0.05350368501220021,0.025200836271956423,0.05350368501220021,0.025200836271956423,0.11560970054354354,0.07979038048411624,0.11560970054354354,0.07979038048411624,0.08981747667867927,0.024620307412588787,0.08981747667867927,0.024620307412588787,0.035461165999776174,0.06830227289490609,0.035461165999776174,0.06830227289490609,0.02868221485201607,0.06553548121226134,0.02868221485201607,0.06553548121226134,0.04854829687777267,0.05064349693878114,0.04854829687777267,0.05064349693878114,0.06691339231708947,0.03909899306564523,0.06691339231708947,0.03909899306564523,0.03369341975250987,0.055241420517334494,0.03369341975250987,0.055241420517334494,0.041765757962355064,0.06517045553507146,0.041765757962355064,0.06517045553507146,0.07939420308510334,0.033678276967529626,0.07939420308510334,0.033678276967529626,0.05111370021830206,0.07839977954120486,0.05111370021830206,0.07839977954120486,0.07902419459227111,0.06708835632444204,0.07902419459227111,0.06708835632444204,0.24937689545355468,0.09012258009201184,0.24937689545355468,0.09012258009201184,0.11531220046346848,0.04569208426583454,0.11531220046346848,0.04569208426583454,0.09035911456766639,0.07176937616418529,0.09035911456766639,0.07176937616418529
0.27975273471303586,0.41148922427745077,0.27975273471303586,0.41148922427745077,0.3402073838560246,0.4741881691946213,0.3402073838560246,0.4741881691946213,0.23866484345188527,0.44752280270508804,0.23866484345188527,0.44752280270508804,0.4489384854506456,0.43054645325283963,0.4489384854506456,0.43054645325283963,0.27975273471303586,0.41148922427745077,0.27975273471303586,0.41148922427745077,0.3402073838560246,0.4741881691946213,0.3402073838560246,0.4741881691946213,0.6478000551143348,0.45942682840135834,0.6478000551143348,0.45942682840135834,0.656729669760899,0.5089734860676101,0.656729669760899,0.5089734860676101,0.3583511021237628,0.5983154198187329,0.3583511021237628,0.5983154198187329,0.38742785821359516,0.8951630417021056,0.38742785821359516,0.8951630417021056,0.4717947161895559,0.5468582976519059,0.4717947161895559,0.5468582976519059,0.5906635347417151,0.5378775386964514,0.5906635347417151,0.5378775386964514,0.4252560446735257,0.5025497655391116,0.4252560446735257,0.5025497655391116,0.8245389293550002,0.6891558030386179,0.8245389293550002,0.6891558030386179,0.5079860800558479,0.9034200792127702,0.5079860800558479,0.9034200792127702,0.6198626060331013,0.8049218932215422,0.6198626060331013,0.8049218932215422,0.9147080960182478,0.7320211968555778,0.9147080960182478,0.7320211968555778,0.42202987862024377,0.6810842363711715,0.42202987862024377,0.6810842363711715
0.610138838972682,0.6589816261103081,0.610138838972682,0.6589816261103081,0.5226625313430519,0.6065274216984279,0.5226625313430519,0.6065274216984279,0.5503601887604953,0.6606242479205741,0.5503601887604953,0.6606242479205741,0.5420752132490052,0.6380903775499027,0.5420752132490052,0.6380903775499027,0.610138838972682,0.6589816261103081,0.610138838972682,0.6589816261103081,0.5226625313430519,0.6065274216984279,0.5226625313430519,0.6065274216984279,0.6137230128293474,0.6444768944828936,0.6137230128293474,0.6444768944828936,0.6470388778353896,0.6622435673735685,0.6470388778353896,0.6622435673735685,0.5731490564365394,0.616052969532176,0.5731490564365394,0.616052969532176,0.6575342321771724,0.5798944831103761,0.6575342321771724,0.5798944831103761,0.6497392110558013,0.6548686204490013,0.6497392110558013,0.6548686204490013,0.590894197793556,0.63856225668985,0.590894197793556,0.63856225668985,0.6196255107385589,0.658952476571254,0.6196255107385589,0.658952476571254,0.7262735617605044,0.7074565706391943,0.7262735617605044,0.7074565706391943,0.6675826603305117,0.7074495752247623,0.6675826603305117,0.7074495752247623,0.7379022693466513,0.7850046862338531,0.7379022693466513,0.7850046862338531,0.6434344049186065,0.7066935275733799,0.6434344049186065,0.7066935275733799,0.8895486777298698,0.6797168824181488,0.8895486777298698,0.6797168824181488
0.07423011000892472,0.06649300642291774,0.07423011000892472,0.06649300642291774,0.10468234060735421,0.055311939028936025,0.10468234060735421,0.055311939028936025,0.0690510650676358,0.06938198519494301,0.0690510650676358,0.06938198519494301,0.10987953764309463,0.07786896325835993,0.10987953764309463,0.07786896325835993,0.07423011000892472,0.06649300642291774,0.07423011000892472,0.06649300642291774,0.10468234060735421,0.055311939028936025,0.10468234060735421,0.055311939028936025,0.08933661715103185,0.0760042522129168,0.08933661715103185,0.0760042522129168,0.1510845839978745,0.0626538126025355,0.1510845839978745,0.0626538126025355,0.0742065781303491,0.05623965930923156,0.0742065781303491,0.05623965930923156,0.12562040663548543,0.0860910231474287,0.12562040663548543,0.0860910231474287,0.10806033850000565,0.04569845799879401,0.10806033850000565,0.04569845799879401,0.09075518995953868,0.08521667673454644,0.09075518995953868,0.08521667673454644,0.07526724730220515,0.06243822224645672,0.07526724730220515,0.06243822224645672,0.11866046194791031,0.0809605767908703,0.11866046194791031,0.0809605767908703,0.07455128916888448,0.05396221788208842,0.07455128916888448,0.05396221788208842,0.0892475021309679,0.07069489460733015,0.0892475021309679,0.07069489460733015,0.08302462375880933,0.07586116826846262,0.08302462375880933,0.07586116826846262,0.057282458101250086,0.044464574856189466,0.057282458101250086,0.044464574856189466
0.547955173519218,0.48599643135003456,0.547955173519218,0.48599643135003456,0.6979998680265991,0.642242553047971,0.6979998680265991,0.642242553047971,0.5299526595657352,0.4924822606073817,0.5299526595657352,0.4924822606073817,0.705360670761962,0.5493191793683773,0.705360670761962,0.5493191793683773,0.547955173519218,0.48599643135003456,0.547955173519218,0.48599643135003456,0.6979998680265991,0.642242553047971,0.6979998680265991,0.642242553047971,0.4737731971627502,0.635697326917173,0.4737731971627502,0.635697326917173,1.075091963571394,0.6879129161668416,1.075091963571394,0.6879129161668416,0.5619250710038817,0.569380724702798,0.5619250710038817,0.569380724702798,0.8081414320118867,0.8601435889170694,0.8081414320118867,0.8601435889170694,0.5957569935287165,0.7121714520454496,0.5957569935287165,0.7121714520454496,0.7041504343298041,0.649503392861351,0.7041504343298041,0.649503392861351,0.6431163073168042,0.6004635627544,0.6431163073168042,0.6004635627544,0.8633609840193543,0.7218430307634935,0.8633609840193543,0.7218430307634935,0.6436817251335616,0.6043222708089515,0.6436817251335616,0.6043222708089515,1.0673483491907931,0.7450635439319502,1.0673483491907931,0.7450635439319502,0.8363723285256389,0.7968405770604374,0.8363723285256389,0.7968405770604374,0.8342643898121946,1.016177517904799,0.8342643898121946,1.016177517904799
1.1850741925119175,1.1036837264050632,1.1850741925119175,1.1036837264050632,1.3621523353070233,1.1598556050470048,1.3621523353070233,1.1598556050470048,1.1569100842974467,1.1178866655526847,1.1569100842974467,1.1178866655526847,1.3759931288275589,1.2018416297589596,1.3759931288275589,1.2018416297589596,1.1850741925119175,1.1036837264050632,1.1850741925119175,1.1036837264050632,1.3621523353070233,1.1598556050470048,1.3621523353070233,1.1598556050470048,1.236939569703153,1.2673529698998134,1.236939569703153,1.2673529698998134,1.3953964934721217,1.2325147595715749,1.3953964934721217,1.2325147595715749,1.2778807962923193,1.315127126859749,1.2778807962923193,1.315127126859749,1.3023485187999437,1.4613657738522525,1.3023485187999437,1.4613657738522525,1.2025800374330273,1.2686670914724438,1.2025800374330273,1.2686670914724438,1.227237808399186,1.484491186969106,1.227237808399186,1.484491186969106,1.2829533699391342,1.4792669401697403,1.2829533699391342,1.4792669401697403,1.5658428049869215,1.9367984615543363,1.5658428049869215,1.9367984615543363,1.3019655659286378,1.478867066402124,1.3019655659286378,1.478867066402124,1.2280433508242223,1.3893505021299906,1.2280433508242223,1.3893505021299906,1.2852781910250797,1.2375315614170286,1.2852781910250797,1.2375315614170286,1.2546325158350844,1.727714472806301,1.2546325158350844,1.727714472806301
0.6873180143539751,0.6795069457076469,0.6873180143539751,0.6795069457076469,0.6934620207717112,0.7633299675246258,0.6934620207717112,0.7633299675246258,0.666116866059853,0.6710287629591212,0.666116866059853,0.6710287629591212,0.7033146680966309,0.6832958263394081,0.7033146680966309,0.6832958263394081,0.6873180143539751,0.6795069457076469,0.6873180143539751,0.6795069457076469,0.6934620207717112,0.7633299675246258,0.6934620207717112,0.7633299675246258,0.6212832003412708,0.6607595163157908,0.6212832003412708,0.6607595163157908,0.6578167790530342,0.6950612388374735,0.6578167790530342,0.6950612388374735,0.6195200974765426,0.6396616891287528,0.6195200974765426,0.6396616891287528,0.616381164718787,0.6512121392127771,0.616381164718787,0.6512121392127771,0.5655576046039156,0.6553927019857199,0.5655576046039156,0.6553927019857199,0.6279787288027745,0.6315572977269449,0.6279787288027745,0.6315572977269449,0.7674276595530288,0.6988942301701113,0.7674276595530288,0.6988942301701113,0.7697809869772251,0.5328434782890774,0.7697809869772251,0.5328434782890774,0.6810171871552598,0.6646630629527646,0.6810171871552598,0.6646630629527646,0.7992739057950581,0.6484521562946405,0.7992739057950581,0.6484521562946405,0.6179543220966909,0.657325454891678,0.6179543220966909,0.657325454891678,0.640891970255261,0.6499183900572223,0.640891970255261,0.6499183900572223
0.27431242663809574,0.3554971356087843,0.27431242663809574,0.3554971356087843,0.3443402036788605,0.42936744662594634,0.3443402036788605,0.42936744662594634,0.30823421330320183,0.37337673468290616,0.30823421330320183,0.37337673468290616,0.27722563241803255,0.4062938028508617,0.27722563241803255,0.4062938028508617,0.27431242663809574,0.3554971356087843,0.27431242663809574,0.3554971356087843,0.3443402036788605,0.42936744662594634,0.3443402036788605,0.42936744662594634,0.26099740411190847,0.2773211612472382,0.26099740411190847,0.2773211612472382,0.18209276732168858,0.3113954930812185,0.18209276732168858,0.3113954930812185,0.32534677096887704,0.3244326250871253,0.32534677096887704,0.3244326250871253,0.26732422275925927,0.2713276801774465,0.26732422275925927,0.2713276801774465,0.3004989641204319,0.28515295603890145,0.3004989641204319,0.28515295603890145,0.2349929283953951,0.4178930728499513,0.2349929283953951,0.4178930728499513,0.3626822403519095,0.2935852383339687,0.3626822403519095,0.2935852383339687,0.10714586510938554,0.24078925742125226,0.10714586510938554,0.24078925742125226,0.27629485163225337,0.31949313476392976,0.27629485163225337,0.31949313476392976,0.30880043599562795,0.2296211211478855,0.30880043599562795,0.2296211211478855,0.22822859090381656,0.20060691247169754,0.22822859090381656,0.20060691247169754,0.23574317362059047,0.2998984843131502,0.23574317362059047,0.2998984843131502
1.2595627761136834,1.0889220297406503,1.2595627761136834,1.0889220297406503,1.2768497274569302,1.109193792130892,1.2768497274569302,1.109193792130892,1.2645483200743088,1.0381010278955785,1.2645483200743088,1.0381010278955785,1.4005860215550379,1.146832751875139,1.4005860215550379,1.146832751875139,1.2595627761136834,1.0889220297406503,1.2595627761136834,1.0889220297406503,1.2768497274569302,1.109193792130892,1.2768497274569302,1.109193792130892,1.3388105821270988,1.3354559327964104,1.3388105821270988,1.3354559327964104,1.1529763065158527,1.2361080936245366,1.1529763065158527,1.2361080936245366,1.3379269695663956,1.297065903437647,1.3379269695663956,1.297065903437647,1.2563779194552274,1.4194841782695098,1.2563779194552274,1.4194841782695098,1.332972748530526,1.3047071924000662,1.332972748530526,1.3047071924000662,1.2446708201147998,1.239802881043024,1.2446708201147998,1.239802881043024,1.3468026693985446,1.3538010940836567,1.3468026693985446,1.3538010940836567,1.2085641610760418,1.4573719995856023,1.2085641610760418,1.4573719995856023,1.218038984870522,1.468878966019001,1.218038984870522,1.468878966019001,1.3834374302606867,1.3589136847013055,1.3834374302606867,1.3589136847013055,1.3775925651257064,1.4622588490154482,1.3775925651257064,1.4622588490154482,1.2230039724403987,1.2991359204337225,1.2230039724403987,1.2991359204337225
0.18861585353361388,0.23753330964860433,0.18861585353361388,0.23753330964860433,0.17679426664361542,0.19607107368976698,0.17679426664361542,0.19607107368976698,0.17549852151376688,0.23703381866512038,0.17549852151376688,0.23703381866512038,0.21938986927387277,0.18499021075833919,0.21938986927387277,0.18499021075833919,0.18861585353361388,0.23753330964860433,0.18861585353361388,0.23753330964860433,0.17679426664361542,0.19607107368976698,0.17679426664361542,0.19607107368976698,0.14751119736833215,0.15507974080751427,0.14751119736833215,0.15507974080751427,0.14733248390490505,0.12241123249461344,0.14733248390490505,0.12241123249461344,0.12390397356312678,0.1298583360415738,0.12390397356312678,0.1298583360415738,0.11484199788145064,0.1521915685831273,0.11484199788145064,0.1521915685831273,0.12675312683609802,0.161186171812491,0.12675312683609802,0.161186171812491,0.11832265428216694,0.20818690218215166,0.11832265428216694,0.20818690218215166,0.14535909723112406,0.1609186856257451,0.14535909723112406,0.1609186856257451,0.1663762207751934,0.24918117121085365,0.1663762207751934,0.24918117121085365,0.1686909679258542,0.16781881880047816,0.1686909679258542,0.16781881880047816,0.20009770067951976,0.2100575458719512,0.20009770067951976,0.2100575458719512,0.1508892970567375,0.16333163652251104,0.1508892970567375,0.16333163652251104,0.1316971881915269,0.2106807312806911,0.1316971881915269,0.2106807312806911
0.7346441744898939,0.8114511829699251,0.7346441744898939,0.8114511829699251,0.7720747982567508,0.771238390777837,0.7720747982567508,0.771238390777837,0.7597582397844781,0.8478558895151173,0.7597582397844781,0.8478558895151173,0.7880007811524486,0.7630298227301645,0.7880007811524486,0.7630298227301645,0.7346441744898939,0.8114511829699251,0.7346441744898939,0.8114511829699251,0.7720747982567508,0.771238390777837,0.7720747982567508,0.771238390777837,0.6524556006326976,0.6830036364870574,0.6524556006326976,0.6830036364870574,0.6533107289051261,0.9096816089096187,0.6533107289051261,0.9096816089096187,0.7011528784121273,0.6946748278777733,0.7011528784121273,0.6946748278777733,0.6762290152688563,0.7412575526123486,0.6762290152688563,0.7412575526123486,0.6498301502346178,0.723046707462612,0.6498301502346178,0.723046707462612,0.8165215476828571,0.8418643876133107,0.8165215476828571,0.8418643876133107,0.7965975300074599,0.6345147230601363,0.7965975300074599,0.6345147230601363,0.6577744659188471,0.6196520299041521,0.6577744659188471,0.6196520299041521,0.7266942924457587,0.7209362753638635,0.7266942924457587,0.7209362753638635,0.6468412490186546,0.6724951379586112,0.6468412490186546,0.6724951379586112,0.716682205547457,0.7979804496328019,0.716682205547457,0.7979804496328019,0.6150521756852046,0.709337990989988,0.6150521756852046,0.709337990989988
0.5090820696901088,0.48614061504353,0.5090820696901088,0.48614061504353,0.5323064674296193,0.4407113584237023,0.5323064674296193,0.4407113584237023,0.5299158956091815,0.4934241630851536,0.5299158956091815,0.4934241630851536,0.5077984273330205,0.474717408320774,0.5077984273330205,0.474717408320774,0.5090820696901088,0.48614061504353,0.5090820696901088,0.48614061504353,0.5323064674296193,0.4407113584237023,0.5323064674296193,0.4407113584237023,0.4618762695521565,0.4770113177446387,0.4618762695521565,0.4770113177446387,0.4266101760461586,0.46134426630371317,0.4266101760461586,0.46134426630371317,0.49585419662877905,0.48789313936380513,0.49585419662877905,0.48789313936380513,0.46793941661515687,0.45944152550280476,0.46793941661515687,0.45944152550280476,0.48395994516390034,0.48155383599068274,0.48395994516390034,0.48155383599068274,0.4184400578908332,0.5481621360355707,0.4184400578908332,0.5481621360355707,0.4407993144320206,0.41746952505649887,0.4407993144320206,0.41746952505649887,0.4750307504663701,0.45718488224871645,0.4750307504663701,0.45718488224871645,0.4639933506199294,0.4700505729224303,0.4639933506199294,0.4700505729224303,0.44184363974420976,0.5013231799115213,0.44184363974420976,0.5013231799115213,0.4379364069431886,0.42879080102064054,0.4379364069431886,0.42879080102064054,0.44023709340203837,0.5405592222044422,0.44023709340203837,0.5405592222044422
0.5784283577359868,0.6881175246527587,0.5784283577359868,0.6881175246527587,0.49056903074808533,0.5454314984149032,0.49056903074808533,0.5454314984149032,0.5356654773129241,0.6555468398319972,0.5356654773129241,0.6555468398319972,0.5085408621582163,0.5065708321886679,0.5085408621582163,0.5065708321886679,0.5784283577359868,0.6881175246527587,0.5784283577359868,0.6881175246527587,0.49056903074808533,0.5454314984149032,0.49056903074808533,0.5454314984149032,0.5670691297630595,0.5943978628917668,0.5670691297630595,0.5943978628917668,0.5688923764622579,0.6534081709864428,0.5688923764622579,0.6534081709864428,0.5357332386259782,0.6114109232241534,0.5357332386259782,0.6114109232241534,0.5681084639027024,0.5996345769261142,0.5681084639027024,0.5996345769261142,0.60787511975928,0.6165734429467784,0.60787511975928,0.6165734429467784,0.5496428980909372,0.7352237995463493,0.5496428980909372,0.7352237995463493,0.6178585861726567,0.6172087854379021,0.6178585861726567,0.6172087854379021,0.5917035097995699,0.6006863022717377,0.5917035097995699,0.6006863022717377,0.5609856837499891,0.5827868508067489,0.5609856837499891,0.5827868508067489,0.6081112992824659,0.7721812697126231,0.6081112992824659,0.7721812697126231,0.6958323061731675,0.6351085183724069,0.6958323061731675,0.6351085183724069,0.6505135209069948,0.7624192745573879,0.6505135209069948,0.7624192745573879
0.5740544863084982,0.5159606631087802,0.5740544863084982,0.5159606631087802,0.5747573240672211,0.5444722329560514,0.5747573240672211,0.5444722329560514,0.5271471629338925,0.5398556400476834,0.5271471629338925,0.5398556400476834,0.5135978972588379,0.5064011873320456,0.5135978972588379,0.5064011873320456,0.5740544863084982,0.5159606631087802,0.5740544863084982,0.5159606631087802,0.5747573240672211,0.5444722329560514,0.5747573240672211,0.5444722329560514,0.5240075225955528,0.5216798465057655,0.5240075225955528,0.5216798465057655,0.4278915551967176,0.365373569886316,0.4278915551967176,0.365373569886316,0.6306619187973642,0.48539016920763867,0.6306619187973642,0.48539016920763867,0.4597832101168039,0.4292948880531578,0.4597832101168039,0.4292948880531578,0.5958941956369931,0.4842912901440855,0.5958941956369931,0.4842912901440855,0.44238078340234954,0.36836360288202324,0.44238078340234954,0.36836360288202324,0.4325649133572099,0.4548465369280653,0.4325649133572099,0.4548465369280653,0.45143184552344795,0.40535020335193833,0.45143184552344795,0.40535020335193833,0.5605195651425249,0.4788302168076278,0.5605195651425249,0.4788302168076278,0.48360858839963305,0.5016995584189968,0.48360858839963305,0.5016995584189968,0.5743233563014151,0.4551342527494921,0.5743233563014151,0.4551342527494921,0.5662481181144587,0.4456629599425034,0.5662481181144587,0.4456629599425034
1.2379754516082098,1.1082146027099218,1.2379754516082098,1.1082146027099218,1.138360931190661,0.9202620411175977,1.138360931190661,0.9202620411175977,1.1188291206956373,1.0886868639510816,1.1188291206956373,1.0886868639510816,0.901666322780676,1.064239406220338,0.901666322780676,1.064239406220338,1.2379754516082098,1.1082146027099218,1.2379754516082098,1.1082146027099218,1.138360931190661,0.9202620411175977,1.138360931190661,0.9202620411175977,1.0842058160595192,1.1756473085005121,1.0842058160595192,1.1756473085005121,0.7493393264386381,0.8494014685612362,0.7493393264386381,0.8494014685612362,1.1866247377816228,1.2190105742547748,1.1866247377816228,1.2190105742547748,0.9411455842548216,0.7361885555959303,0.9411455842548216,0.7361885555959303,1.261936051881336,1.2094657271181366,1.261936051881336,1.2094657271181366,0.808348742351739,0.6808496650114357,0.808348742351739,0.6808496650114357,1.0333392520076292,0.6929475166009526,1.0333392520076292,0.6929475166009526,0.7496792569586692,0.6668173259585977,0.7496792569586692,0.6668173259585977,1.0643842773326473,0.9654328566024356,1.0643842773326473,0.9654328566024356,1.1444441800550467,0.608467498492921,1.1444441800550467,0.608467498492921,1.2072747038312408,0.8977355885988538,1.2072747038312408,0.8977355885988538,0.6796823528831629,0.53584167130673,0.6796823528831629,0.53584167130673
1.0003452697381223,0.9540402524582475,1.0003452697381223,0.9540402524582475,0.8039636394274119,1.0103113476169097,0.8039636394274119,1.0103113476169097,0.9556460049110754,1.042092055857897,0.9556460049110754,1.042092055857897,0.7323166620302141,0.9751745977591407,0.7323166620302141,0.9751745977591407,1.0003452697381223,0.9540402524582475,1.0003452697381223,0.9540402524582475,0.8039636394274119,1.0103113476169097,0.8039636394274119,1.0103113476169097,0.8236253887553988,1.0209491349149746,0.8236253887553988,1.0209491349149746,0.6276516704116196,0.9212858770991184,0.6276516704116196,0.9212858770991184,0.7980827766590761,1.086115273290882,0.7980827766590761,1.086115273290882,0.6565105182504775,0.8816145678953928,0.6565105182504775,0.8816145678953928,0.8807407858810845,0.9668029375083824,0.8807407858810845,0.9668029375083824,0.8748916846718978,0.7514033669128569,0.8748916846718978,0.7514033669128569,0.711725724342226,0.6903433217961088,0.711725724342226,0.6903433217961088,0.7039125536035877,0.8868902793512737,0.7039125536035877,0.8868902793512737,0.7911384065401088,0.8537653032789237,0.7911384065401088,0.8537653032789237,0.6813255204257377,0.5757158839090504,0.6813255204257377,0.5757158839090504,0.8333395268230174,0.8042570659479086,0.8333395268230174,0.8042570659479086,0.7321166800691175,0.7983657977204116,0.7321166800691175,0.7983657977204116
0.4335447428332205,0.27188737945627256,0.4335447428332205,0.27188737945627256,0.3241021777208846,0.31645907708376597,0.3241021777208846,0.31645907708376597,0.4089720396471948,0.3089557222103595,0.4089720396471948,0.3089557222103595,0.20902797532201872,0.3014750746932273,0.20902797532201872,0.3014750746932273,0.4335447428332205,0.27188737945627256,0.4335447428332205,0.27188737945627256,0.3241021777208846,0.31645907708376597,0.3241021777208846,0.31645907708376597,0.24656049907937547,0.27014567612283236,0.24656049907937547,0.27014567612283236,0.18408460740961924,0.186346527073508,0.18408460740961924,0.186346527073508,0.2924222920769019,0.2999767396255933,0.2924222920769019,0.2999767396255933,0.2321676515524668,0.2338128022782261,0.2321676515524668,0.2338128022782261,0.25151117872849005,0.30621736864498694,0.25151117872849005,0.30621736864498694,0.2018929805871359,0.3059763982709444,0.2018929805871359,0.3059763982709444,0.2891850498754401,0.182047530872921,0.2891850498754401,0.182047530872921,0.2578253492465091,0.07589654203056356,0.2578253492465091,0.07589654203056356,0.2536703218236182,0.35379300102092165,0.2536703218236182,0.35379300102092165,0.22059819583956397,0.2588477911071829,0.22059819583956397,0.2588477911071829,0.23127966066602423,0.23825350983027455,0.23127966066602423,0.23825350983027455,0.17863451451687723,0.19796716785443863,0.17863451451687723,0.19796716785443863
3.410601467203124,3.063506006805063,3.410601467203124,3.063506006805063,2.854639801068794,3.1494036074356977,2.854639801068794,3.1494036074356977,3.247693578223561,2.959313102343024,3.247693578223561,2.959313102343024,2.7127971782658715,3.321001085371483,2.7127971782658715,3.321001085371483,3.410601467203124,3.063506006805063,3.410601467203124,3.063506006805063,2.854639801068794,3.1494036074356977,2.854639801068794,3.1494036074356977,2.7260510810440732,2.9235115777906473,2.7260510810440732,2.9235115777906473,2.482933513302529,2.570210205220165,2.482933513302529,2.570210205220165,3.056125445021354,3.0939791846323517,3.056125445021354,3.0939791846323517,2.4416017997347255,3.2151578060597594,2.4416017997347255,3.2151578060597594,2.8215085863314333,2.8695706149488944,2.8215085863314333,2.8695706149488944,2.3511896181013605,2.5193103696672057,2.3511896181013605,2.5193103696672057,2.5020709697137846,2.528780866147525,2.5020709697137846,2.528780866147525,2.6627599301819656,2.279718978517323,2.6627599301819656,2.279718978517323,2.6563499500904384,2.6843426186387607,2.6563499500904384,2.6843426186387607,2.3284275489941226,2.8983248327615683,2.3284275489941226,2.8983248327615683,2.6493295882959553,2.8342301036064037,2.6493295882959553,2.8342301036064037,2.1839724408507677,2.1876735630366704,2.1839724408507677,2.1876735630366704
0.9545431693998941,1.0480552908961613,0.9545431693998941,1.0480552908961613,0.959923360487255,0.8494571419865818,0.959923360487255,0.8494571419865818,0.9485129327386094,1.004578655308962,0.9485129327386094,1.004578655308962,1.0722786750183562,0.8695809372542537,1.0722786750183562,0.8695809372542537,0.9545431693998941,1.0480552908961613,0.9545431693998941,1.0480552908961613,0.959923360487255,0.8494571419865818,0.959923360487255,0.8494571419865818,0.8370165683189659,0.8134085498825759,0.8370165683189659,0.8134085498825759,0.6879780428189047,0.8860128986797564,0.6879780428189047,0.8860128986797564,1.2882677646561675,1.0718206681986981,1.2882677646561675,1.0718206681986981,1.0990746455958333,1.0740003259948017,1.0990746455958333,1.0740003259948017,0.7162760888788015,0.9175895974313244,0.7162760888788015,0.9175895974313244,0.8207047937110586,0.9592025182751632,0.8207047937110586,0.9592025182751632,1.0323850100809124,1.0745149110905803,1.0323850100809124,1.0745149110905803,0.4565741694964622,0.9610265230541687,0.4565741694964622,0.9610265230541687,1.040442744577221,0.7593417469225895,1.040442744577221,0.7593417469225895,0.6289332061268597,1.090481517958353,0.6289332061268597,1.090481517958353,0.7535851720890393,0.9547336123121268,0.7535851720890393,0.9547336123121268,1.0147671897294201,0.6153869687759336,1.0147671897294201,0.6153869687759336
1.8520911343915143,1.703831416406904,1.8520911343915143,1.703831416406904,1.6087568008098903,1.5011637907399373,1.6087568008098903,1.5011637907399373,1.8871652670172454,1.6253994210235552,1.8871652670172454,1.6253994210235552,1.7010523274843037,1.655939211766963,1.7010523274843037,1.655939211766963,1.8520911343915143,1.703831416406904,1.8520911343915143,1.703831416406904,1.6087568008098903,1.5011637907399373,1.6087568008098903,1.5011637907399373,1.36119665993698,1.5251822023055661,1.36119665993698,1.5251822023055661,1.3090307478564465,1.308908404264893,1.3090307478564465,1.308908404264893,1.5197797122888195,1.6033831337847018,1.5197797122888195,1.6033831337847018,1.4741853553002882,1.3951665641956612,1.4741853553002882,1.3951665641956612,1.357211477982,1.5456043713398833,1.357211477982,1.5456043713398833,1.336722976887211,1.612987313180623,1.336722976887211,1.612987313180623,1.262804757872183,1.3808589560412596,1.262804757872183,1.3808589560412596,1.3186907694383139,0.953884530812493,1.3186907694383139,0.953884530812493,1.5344823628526412,1.5865618556025656,1.5344823628526412,1.5865618556025656,1.6144082626758207,1.5216135932593,1.6144082626758207,1.5216135932593,1.337753574572566,1.2130650656096622,1.337753574572566,1.2130650656096622,1.2532654689933056,1.293856654911556,1.2532654689933056,1.293856654911556
0.32545428827150824,0.322416619968601,0.32545428827150824,0.322416619968601,0.29108642241239385,0.1252730740924827,0.29108642241239385,0.1252730740924827,0.38033188357669273,0.31811219494729476,0.38033188357669273,0.31811219494729476,0.2740377924165922,0.09418985091710098,0.2740377924165922,0.09418985091710098,0.32545428827150824,0.322416619968601,0.32545428827150824,0.322416619968601,0.29108642241239385,0.1252730740924827,0.29108642241239385,0.1252730740924827,0.22409091277065202,0.1292245843796816,0.22409091277065202,0.1292245843796816,0.14107291046812429,0.09485205492705298,0.14107291046812429,0.09485205492705298,0.26324842585063074,0.16872776620434482,0.26324842585063074,0.16872776620434482,0.13825761593842695,0.2318980334603765,0.13825761593842695,0.2318980334603765,0.18200439984556072,0.22166642767313263,0.18200439984556072,0.22166642767313263,0.13997267295040663,0.12395475300844826,0.13997267295040663,0.12395475300844826,0.1085120064670376,0.2005723027976636,0.1085120064670376,0.2005723027976636,0.07724663812907351,0.20049467958680028,0.07724663812907351,0.20049467958680028,0.22521557719381755,0.17533581402545928,0.22521557719381755,0.17533581402545928,0.07923813647727601,0.07988941951171935,0.07923813647727601,0.07988941951171935,0.2742605936754106,0.1535506080780752,0.2742605936754106,0.1535506080780752,0.13942051656143167,0.23552946632715469,0.13942051656143167,0.23552946632715469
0.21588577772865605,0.1285302913085988,0.21588577772865605,0.1285302913085988,0.22870748330939863,0.196726900062934,0.22870748330939863,0.196726900062934,0.17816790212032108,0.142953396714707,0.17816790212032108,0.142953396714707,0.23804900159453143,0.1514086888828501,0.23804900159453143,0.1514086888828501,0.21588577772865605,0.1285302913085988,0.21588577772865605,0.1285302913085988,0.22870748330939863,0.196726900062934,0.22870748330939863,0.196726900062934,0.17383837325171775,0.17887084318871224,0.17383837325171775,0.17887084318871224,0.1842451304176751,0.225028799023527,0.1842451304176751,0.225028799023527,0.14366242410601507,0.17465057037729134,0.14366242410601507,0.17465057037729134,0.1776985544692082,0.17876310520630156,0.1776985544692082,0.17876310520630156,0.17383095323118022,0.20243379611150622,0.17383095323118022,0.20243379611150622,0.24335525422463436,0.17497667197359507,0.24335525422463436,0.17497667197359507,0.20891299191098608,0.2616625347550761,0.20891299191098608,0.2616625347550761,0.1669086946835684,0.25452391994288903,0.1669086946835684,0.25452391994288903,0.24485277119500484,0.18785255726041897,0.24485277119500484,0.18785255726041897,0.23154072508270385,0.2598082955216793,0.23154072508270385,0.2598082955216793,0.16604199902715433,0.22728178118555437,0.16604199902715433,0.22728178118555437,0.3324267484906122,0.2049930976840242,0.3324267484906122,0.2049930976840242
1.2519297149286985,0.9829366237703204,1.2519297149286985,0.9829366237703204,1.146001456636107,0.8150236223745316,1.146001456636107,0.8150236223745316,1.1350563244421303,1.1168084044165616,1.1350563244421303,1.1168084044165616,1.0671652092832942,0.8189106621315915,1.0671652092832942,0.8189106621315915,1.2519297149286985,0.9829366237703204,1.2519297149286985,0.9829366237703204,1.146001456636107,0.8150236223745316,1.146001456636107,0.8150236223745316,0.8179720802420533,0.6673891657267553,0.8179720802420533,0.6673891657267553,0.5995137100301698,0.24766849333092367,0.5995137100301698,0.24766849333092367,1.0079119337786382,1.0159598105906928,1.0079119337786382,1.0159598105906928,0.7278314796695983,0.3431378139105791,0.7278314796695983,0.3431378139105791,0.8533608086842683,0.5888711748946631,0.8533608086842683,0.5888711748946631,0.6600875801824475,0.46271094473412616,0.6600875801824475,0.46271094473412616,1.0210006411436119,0.48631223267069695,1.0210006411436119,0.48631223267069695,0.42704185745714507,0.27343977341605896,0.42704185745714507,0.27343977341605896,0.8392855592244771,0.6053150130131101,0.8392855592244771,0.6053150130131101,0.5385376474712427,0.4477697793945403,0.5385376474712427,0.4477697793945403,0.7620100880486078,0.6476955422569566,0.7620100880486078,0.6476955422569566,0.4137759940669938,0.27388559552825603,0.4137759940669938,0.27388559552825603
0.7289140617629756,0.5628616994210517,0.7289140617629756,0.5628616994210517,0.6169021033185023,0.4069639507459342,0.6169021033185023,0.4069639507459342,0.7434996000467009,0.6745860486763348,0.7434996000467009,0.6745860486763348,0.6034553042884885,0.5955446938225682,0.6034553042884885,0.5955446938225682,0.7289140617629756,0.5628616994210517,0.7289140617629756,0.5628616994210517,0.6169021033185023,0.4069639507459342,0.6169021033185023,0.4069639507459342,0.5286120283727871,0.5618385556487492,0.5286120283727871,0.5618385556487492,0.8252793168566096,0.6178260559195764,0.8252793168566096,0.6178260559195764,0.84311505153896,0.6374302460882606,0.84311505153896,0.6374302460882606,0.5244991168596125,0.6841037508241468,0.5244991168596125,0.6841037508241468,0.5857743861832562,0.6566589852474572,0.5857743861832562,0.6566589852474572,0.5244041085648885,0.45998684463738826,0.5244041085648885,0.45998684463738826,0.5548808334554806,0.7148549465413707,0.5548808334554806,0.7148549465413707,0.534431409750268,1.454737040240624,0.534431409750268,1.454737040240624,0.6021340234151892,0.5392989254127437,0.6021340234151892,0.5392989254127437,0.5373135009631487,0.7700214934523846,0.5373135009631487,0.7700214934523846,0.6499671724595836,0.5893384935132501,0.6499671724595836,0.5893384935132501,0.49153143245209313,0.6307482216423612,0.49153143245209313,0.6307482216423612
0.8092893503724636,0.7860812172596777,0.8092893503724636,0.7860812172596777,0.7920968064618052,0.8290140445372032,0.7920968064618052,0.8290140445372032,0.811779082265198,0.7572569980115017,0.811779082265198,0.7572569980115017,0.6907100143601753,0.8146534252897862,0.6907100143601753,0.8146534252897862,0.8092893503724636,0.7860812172596777,0.8092893503724636,0.7860812172596777,0.7920968064618052,0.8290140445372032,0.7920968064618052,0.8290140445372032,0.7807370314853745,0.9165726099684971,0.7807370314853745,0.9165726099684971,0.7562377532857635,1.3364568685458191,0.7562377532857635,1.3364568685458191,0.8700135281363831,0.901123212710414,0.8700135281363831,0.901123212710414,0.8423262712536026,1.0489208410466153,0.8423262712536026,1.0489208410466153,0.833174387719806,0.8347171104407831,0.833174387719806,0.8347171104407831,0.7623896252723813,1.1562500622929437,0.7623896252723813,1.1562500622929437,0.8971681284719352,1.1747144728544063,0.8971681284719352,1.1747144728544063,1.002703810679375,1.830283760211723,1.002703810679375,1.830283760211723,0.7829235654457296,1.182912489444072,0.7829235654457296,1.182912489444072,0.9900024757576873,1.223211853072353,0.9900024757576873,1.223211853072353,0.8633788848393401,1.3067993236667188,0.8633788848393401,1.3067993236667188,0.9706153779249945,1.5273267023365322,0.9706153779249945,1.5273267023365322
0.31860085726162074,0.33675475064173177,0.31860085726162074,0.33675475064173177,0.3498460497160805,0.15500521117780564,0.3498460497160805,0.15500521117780564,0.37998998013014323,0.2958491264445828,0.37998998013014323,0.2958491264445828,0.19573899405306425,0.2412580660539492,0.19573899405306425,0.2412580660539492,0.31860085726162074,0.33675475064173177,0.31860085726162074,0.33675475064173177,0.3498460497160805,0.15500521117780564,0.3498460497160805,0.15500521117780564,0.09932820801536234,0.10398290858726948,0.09932820801536234,0.10398290858726948,0.11464629368333325,0.05279397294366037,0.11464629368333325,0.05279397294366037,0.09455514094546125,0.1266174688414456,0.09455514094546125,0.1266174688414456,0.06521831559840767,0.05392221687352279,0.06521831559840767,0.05392221687352279,0.09267304629150924,0.1150477643065369,0.09267304629150924,0.1150477643065369,0.0793770155454562,0.08000294210048822,0.0793770155454562,0.08000294210048822,0.11088116402615458,0.08329115510841807,0.11088116402615458,0.08329115510841807,0.04891623248707024,0.05981115705152722,0.04891623248707024,0.05981115705152722,0.06422247962764838,0.057127280688636546,0.06422247962764838,0.057127280688636546,0.04656177974911307,0.02789063713182434,0.04656177974911307,0.02789063713182434,0.07262320520307017,0.03425345089602005,0.07262320520307017,0.03425345089602005,0.04079087597029519,0.07812141220565623,0.04079087597029519,0.07812141220565623
0.7854917146933184,0.6799863147466546,0.7854917146933184,0.6799863147466546,0.774586414533087,0.6758477278935544,0.774586414533087,0.6758477278935544,0.8141135750272199,0.7260442801944055,0.8141135750272199,0.7260442801944055,0.7725592770278893,0.6761138035404554,0.7725592770278893,0.6761138035404554,0.7854917146933184,0.6799863147466546,0.7854917146933184,0.6799863147466546,0.774586414533087,0.6758477278935544,0.774586414533087,0.6758477278935544,0.6220033961229877,0.6495386417991506,0.6220033961229877,0.6495386417991506,0.6838791495401213,0.42136561075811013,0.6838791495401213,0.42136561075811013,0.6592213268211992,0.7209298694410422,0.6592213268211992,0.7209298694410422,0.6876517423033021,0.6143943258417629,0.6876517423033021,0.6143943258417629,0.6508820261969315,0.6780214388998896,0.6508820261969315,0.6780214388998896,0.6701210135352507,0.57177519778273,0.6701210135352507,0.57177519778273,0.6446133577902338,0.58383974373063,0.6446133577902338,0.58383974373063,0.5054596867242559,0.47643463873398556,0.5054596867242559,0.47643463873398556,0.753946257119076,0.6350043052742673,0.753946257119076,0.6350043052742673,0.6130910128493124,0.5535602823406628,0.6130910128493124,0.5535602823406628,0.6391904292122835,0.6374233060342218,0.6391904292122835,0.6374233060342218,0.4390908832513433,0.6639817837058124,0.4390908832513433,0.6639817837058124
2.513515796903424,2.5209416813903562,2.513515796903424,2.5209416813903562,1.872858587119082,2.315166354850063,1.872858587119082,2.315166354850063,2.5285638135443547,2.2113041379814313,2.5285638135443547,2.2113041379814313,2.378808921468762,1.9424831267772649,2.378808921468762,1.9424831267772649,2.513515796903424,2.5209416813903562,2.513515796903424,2.5209416813903562,1.872858587119082,2.315166354850063,1.872858587119082,2.315166354850063,1.5762226692963792,1.8133644863692127,1.5762226692963792,1.8133644863692127,1.333749661093267,1.2767337685030389,1.333749661093267,1.2767337685030389,2.035445280193914,2.224693171671371,2.035445280193914,2.224693171671371,1.7953076236442946,1.5587130250802144,1.7953076236442946,1.5587130250802144,1.626865129036941,1.862400680889138,1.626865129036941,1.862400680889138,1.343678242344118,1.3183813739092511,1.343678242344118,1.3183813739092511,1.5314500681340348,1.171650871988955,1.5314500681340348,1.171650871988955,1.1056773182939146,1.3196045335077444,1.1056773182939146,1.3196045335077444,1.7562633148282056,2.1146323405975345,1.7562633148282056,2.1146323405975345,1.067884087983025,1.1376507859746094,1.067884087983025,1.1376507859746094,1.956238866987163,1.3138862212823812,1.956238866987163,1.3138862212823812,1.1505226284753296,1.489436593295583,1.1505226284753296,1.489436593295583
0.5015352811816813,0.5334412374227696,0.5015352811816813,0.5334412374227696,0.39064854223717105,0.14409188428578257,0.39064854223717105,0.14409188428578257,0.7316618582685934,0.39460699112518693,0.7316618582685934,0.39460699112518693,0.2555193801083801,0.17247640475685394,0.2555193801083801,0.17247640475685394,0.5015352811816813,0.5334412374227696,0.5015352811816813,0.5334412374227696,0.39064854223717105,0.14409188428578257,0.39064854223717105,0.14409188428578257,0.14467913798889112,0.2728747396275505,0.14467913798889112,0.2728747396275505,0.18359230958567108,0.06792679304940766,0.18359230958567108,0.06792679304940766,0.21747208597694886,0.13086925122780324,0.21747208597694886,0.13086925122780324,0.32762237538183286,0.16051551282058305,0.32762237538183286,0.16051551282058305,0.07838407994761025,0.19051766732444378,0.07838407994761025,0.19051766732444378,0.08167757132144507,0.2096600225018203,0.08167757132144507,0.2096600225018203,0.022048447879130236,0.06385869933127722,0.022048447879130236,0.06385869933127722,0.09156845764356383,0.054745868574173864,0.09156845764356383,0.054745868574173864,0.13436424704955588,0.2151087474725799,0.13436424704955588,0.2151087474725799,0.23286560510581325,0.09574103420997426,0.23286560510581325,0.09574103420997426,0.11497633560814828,0.06234843650224483,0.11497633560814828,0.06234843650224483,0.06763338609898395,0.17910811029842416,0.06763338609898395,0.17910811029842416
1.7935381554455827,1.5821239752729803,1.7935381554455827,1.5821239752729803,1.4302188356212153,1.6577776489997464,1.4302188356212153,1.6577776489997464,1.7831225020509234,1.5747312098992725,1.7831225020509234,1.5747312098992725,1.6543499894820208,1.6880162673424504,1.6543499894820208,1.6880162673424504,1.7935381554455827,1.5821239752729803,1.7935381554455827,1.5821239752729803,1.4302188356212153,1.6577776489997464,1.4302188356212153,1.6577776489997464,1.5312961981122464,1.4559618754155748,1.5312961981122464,1.4559618754155748,1.2350594421640342,1.6997116140880717,1.2350594421640342,1.6997116140880717,1.6457452403464656,1.4435043619976078,1.6457452403464656,1.4435043619976078,1.522575147916483,1.466548835439164,1.522575147916483,1.466548835439164,1.5630952727645873,1.4906104128986535,1.5630952727645873,1.4906104128986535,1.4850696244547543,1.711229991777459,1.4850696244547543,1.711229991777459,1.443373758738557,1.4260293839465366,1.443373758738557,1.4260293839465366,1.8045176857851188,1.5242358000522116,1.8045176857851188,1.5242358000522116,1.4153055738286535,1.6973937707958426,1.4153055738286535,1.6973937707958426,1.7961947469294952,2.0433099285166896,1.7961947469294952,2.0433099285166896,1.4365548112825344,1.4849212223611645,1.4365548112825344,1.4849212223611645,1.6460029233665694,1.5264830056894998,1.6460029233665694,1.5264830056894998
1.2477437795247148,1.19701826066887,1.2477437795247148,1.19701826066887,1.338831427377319,1.3115539993487149,1.338831427377319,1.3115539993487149,1.1638976243778385,1.205579959679684,1.1638976243778385,1.205579959679684,1.153361107810673,1.4282813184363747,1.153361107810673,1.4282813184363747,1.2477437795247148,1.19701826066887,1.2477437795247148,1.19701826066887,1.338831427377319,1.3115539993487149,1.338831427377319,1.3115539993487149,1.1508912146910375,1.1206398715613017,1.1508912146910375,1.1206398715613017,1.687526472066176,2.1918745492862124,1.687526472066176,2.1918745492862124,1.1583622583094875,1.2292582867405941,1.1583622583094875,1.2292582867405941,1.5097467031844785,1.893896746553556,1.5097467031844785,1.893896746553556,1.5124437112397082,1.2142969169213687,1.5124437112397082,1.2142969169213687,1.945939611569577,1.882990886945273,1.945939611569577,1.882990886945273,1.5274564791758416,1.998511620158144,1.5274564791758416,1.998511620158144,1.9522260397318305,2.0839383838471504,1.9522260397318305,2.0839383838471504,1.4616190994457545,1.4738645721456927,1.4616190994457545,1.4738645721456927,1.3514704943042422,1.246777941109616,1.3514704943042422,1.246777941109616,1.9388133856597112,1.793247941367977,1.9388133856597112,1.793247941367977,2.3717347897026504,2.9095515783852823,2.3717347897026504,2.9095515783852823
0.7141947946895396,0.3200735061252582,0.7141947946895396,0.3200735061252582,0.26518300029270775,0.3067505005755256,0.26518300029270775,0.3067505005755256,0.35646333234382094,0.3321937750947687,0.35646333234382094,0.3321937750947687,0.38371396992590423,1.356923565931303,0.38371396992590423,1.356923565931303,0.7141947946895396,0.3200735061252582,0.7141947946895396,0.3200735061252582,0.26518300029270775,0.3067505005755256,0.26518300029270775,0.3067505005755256,0.8832903579525268,0.4620665659840014,0.8832903579525268,0.4620665659840014,0.19415423791696965,1.1643960420020607,0.19415423791696965,1.1643960420020607,0.5073443251857038,0.3996473703654643,0.5073443251857038,0.3996473703654643,0.5272326776015339,0.841303736019086,0.5272326776015339,0.841303736019086,0.8360040458534651,0.33873794778470584,0.8360040458534651,0.33873794778470584,0.3030395023502139,0.6912263609879115,0.3030395023502139,0.6912263609879115,0.649535480860181,0.4417718194943779,0.649535480860181,0.4417718194943779,1.4255568114382329,0.36050995892330956,1.4255568114382329,0.36050995892330956,0.3190409069010322,0.3941514201387244,0.3190409069010322,0.3941514201387244,0.2564314259098353,0.4655884383511216,0.2564314259098353,0.4655884383511216,0.4143999637817904,0.6765136059892685,0.4143999637817904,0.6765136059892685,0.9338323991069258,0.7671530179754176,0.9338323991069258,0.7671530179754176
1.3225678179833724,1.3384332580480804,1.3225678179833724,1.3384332580480804,1.3856700672265465,1.2632192418293147,1.3856700672265465,1.2632192418293147,1.2974850168120928,1.307259927939422,1.2974850168120928,1.307259927939422,1.3089824073148943,1.3551026412248541,1.3089824073148943,1.3551026412248541,1.3225678179833724,1.3384332580480804,1.3225678179833724,1.3384332580480804,1.3856700672265465,1.2632192418293147,1.3856700672265465,1.2632192418293147,1.4474667278726727,1.4292470231570011,1.4474667278726727,1.4292470231570011,1.5584178145796077,1.6880181529434073,1.5584178145796077,1.6880181529434073,1.273003686096382,1.5273510768606908,1.273003686096382,1.5273510768606908,1.773966259347059,1.8547297575261172,1.773966259347059,1.8547297575261172,1.4169633757114117,1.4632872656603793,1.4169633757114117,1.4632872656603793,1.5896218791679506,1.2408287778927636,1.5896218791679506,1.2408287778927636,1.6482825525126963,1.6001840096385973,1.6482825525126963,1.6001840096385973,1.8433700903155927,1.5376541600982798,1.8433700903155927,1.5376541600982798,1.5016737423248456,1.5081563198313641,1.5016737423248456,1.5081563198313641,1.6253813066271197,2.152942639642095,1.6253813066271197,2.152942639642095,1.8514943349332431,1.5909892195303486,1.8514943349332431,1.5909892195303486,1.3997952883684925,1.838799598057004,1.3997952883684925,1.838799598057004
0.20210551853934525,0.19498589766366237,0.20210551853934525,0.19498589766366237,0.16047254117651297,0.1534209865121551,0.16047254117651297,0.1534209865121551,0.17414360897627024,0.17226058422133744,0.17414360897627024,0.17226058422133744,0.17480156553757636,0.09211542307814558,0.17480156553757636,0.09211542307814558,0.20210551853934525,0.19498589766366237,0.20210551853934525,0.19498589766366237,0.16047254117651297,0.1534209865121551,0.16047254117651297,0.1534209865121551,0.13067835452015167,0.13082701696532942,0.13067835452015167,0.13082701696532942,0.10229042457823266,0.15364791131459452,0.10229042457823266,0.15364791131459452,0.10853216878226418,0.11341303174066307,0.10853216878226418,0.11341303174066307,0.07835294760947817,0.08969224001817969,0.07835294760947817,0.08969224001817969,0.11029068936341689,0.10298549974765449,0.11029068936341689,0.10298549974765449,0.12412794956587675,0.08335899795780913,0.12412794956587675,0.08335899795780913,0.1144275209271329,0.05626490892745832,0.1144275209271329,0.05626490892745832,0.07423465821508124,0.09885119982203645,0.07423465821508124,0.09885119982203645,0.07968153951333867,0.11790317334778398,0.07968153951333867,0.11790317334778398,0.12375377547051708,0.08851114279385841,0.12375377547051708,0.08851114279385841,0.07875332749747618,0.0544139568591486,0.07875332749747618,0.0544139568591486,0.049902521254943946,0.14315532621844784,0.049902521254943946,0.14315532621844784
0.9538764598024967,0.890616307059107,0.9538764598024967,0.890616307059107,0.8560108825878469,0.7842883371636584,0.8560108825878469,0.7842883371636584,1.0781796111389073,0.8986975198030905,1.0781796111389073,0.8986975198030905,0.7906087652720112,0.9719823746207968,0.7906087652720112,0.9719823746207968,0.9538764598024967,0.890616307059107,0.9538764598024967,0.890616307059107,0.8560108825878469,0.7842883371636584,0.8560108825878469,0.7842883371636584,0.9398051255366195,0.8821235630567866,0.9398051255366195,0.8821235630567866,0.9046442354575334,0.9108123039978655,0.9046442354575334,0.9108123039978655,0.7910525551524304,0.8797628038358818,0.7910525551524304,0.8797628038358818,0.7581264620694591,0.8371800477660436,0.7581264620694591,0.8371800477660436,1.0241268013613105,0.694607202180037,1.0241268013613105,0.694607202180037,0.8799819245654966,0.7724221186741541,0.8799819245654966,0.7724221186741541,0.868933622666471,0.6041020272980607,0.868933622666471,0.6041020272980607,1.0210906976528717,0.8035920781449234,1.0210906976528717,0.8035920781449234,0.7462468976914808,0.9362084340146414,0.7462468976914808,0.9362084340146414,0.9341423175916725,0.8253274899334234,0.9341423175916725,0.8253274899334234,0.741834261279846,0.6979311352935827,0.741834261279846,0.6979311352935827,0.8749898356979638,0.831766957037325,0.8749898356979638,0.831766957037325
2.2180409961336456,2.094370992921403,2.2180409961336456,2.094370992921403,1.9603922038925152,2.3370779773825876,1.9603922038925152,2.3370779773825876,2.1542882541469353,2.087287341083809,2.1542882541469353,2.087287341083809,1.9162395762039122,2.2810839823857156,1.9162395762039122,2.2810839823857156,2.2180409961336456,2.094370992921403,2.2180409961336456,2.094370992921403,1.9603922038925152,2.3370779773825876,1.9603922038925152,2.3370779773825876,2.2919953352362614,2.1735724226598827,2.2919953352362614,2.1735724226598827,2.2271792130887,2.0098464337076694,2.2271792130887,2.0098464337076694,2.463954106554701,2.360667916985633,2.463954106554701,2.360667916985633,2.244085586527937,2.238047765902183,2.244085586527937,2.238047765902183,2.1506859384665975,2.170499525577377,2.1506859384665975,2.170499525577377,2.9808196145454553,1.9117284645469337,2.9808196145454553,1.9117284645469337,2.3895600895088043,2.4220944297398574,2.3895600895088043,2.4220944297398574,1.9098910685159363,2.2322064549057834,1.9098910685159363,2.2322064549057834,2.231821386038862,2.360849324157287,2.231821386038862,2.360849324157287,2.0360334849654187,1.9840073129402684,2.0360334849654187,1.9840073129402684,2.213230072711679,2.4351768082259606,2.213230072711679,2.4351768082259606,2.520021098390583,2.1117454833667297,2.520021098390583,2.1117454833667297
0.5639605716205465,0.497630713982462,0.5639605716205465,0.497630713982462,0.498021911229113,0.500748548585613,0.498021911229113,0.500748548585613,0.5615806417296945,0.5383241084209479,0.5615806417296945,0.5383241084209479,0.44864241799817794,0.518751986561055,0.44864241799817794,0.518751986561055,0.5639605716205465,0.497630713982462,0.5639605716205465,0.497630713982462,0.498021911229113,0.500748548585613,0.498021911229113,0.500748548585613,0.44171766434594156,0.47402964550565213,0.44171766434594156,0.47402964550565213,0.47027389377678724,0.5566608214259591,0.47027389377678724,0.5566608214259591,0.4484370401143896,0.49566979060396615,0.4484370401143896,0.49566979060396615,0.4747892201693885,0.4759375528809571,0.4747892201693885,0.4759375528809571,0.5130650635249868,0.4848907478221341,0.5130650635249868,0.4848907478221341,0.534627817131127,0.5926883148493467,0.534627817131127,0.5926883148493467,0.4621284402169632,0.41582677683331265,0.4621284402169632,0.41582677683331265,0.4816290806378275,0.3734825780374707,0.4816290806378275,0.3734825780374707,0.4597860939158153,0.5043074844520482,0.4597860939158153,0.5043074844520482,0.5134175276167524,0.4955553147557979,0.5134175276167524,0.4955553147557979,0.463305030910396,0.4858341833905571,0.463305030910396,0.4858341833905571,0.5224415005293205,0.4946427912489404,0.5224415005293205,0.4946427912489404
0.7343969435787653,0.5996758664828054,0.7343969435787653,0.5996758664828054,0.6384306731729836,0.6847668395991848,0.6384306731729836,0.6847668395991848,0.7497244453661506,0.6010281169063364,0.7497244453661506,0.6010281169063364,0.7069615943582425,0.810338040758203,0.7069615943582425,0.810338040758203,0.7343969435787653,0.5996758664828054,0.7343969435787653,0.5996758664828054,0.6384306731729836,0.6847668395991848,0.6384306731729836,0.6847668395991848,0.5445090525545276,0.5612060976007848,0.5445090525545276,0.5612060976007848,0.5950551836563902,0.5950285890493135,0.5950551836563902,0.5950285890493135,0.5809674198825905,0.5438260514954663,0.5809674198825905,0.5438260514954663,0.6205824541436235,0.7049275585241274,0.6205824541436235,0.7049275585241274,0.5942229684977149,0.5770104956572775,0.5942229684977149,0.5770104956572775,0.5823759455382493,0.5315700643797557,0.5823759455382493,0.5315700643797557,0.6166438154596878,0.6791797507935531,0.6166438154596878,0.6791797507935531,0.6415076881015291,0.6344394671451301,0.6415076881015291,0.6344394671451301,0.5636514795817014,0.6021764471751813,0.5636514795817014,0.6021764471751813,0.4915914470473842,0.56148573380235,0.4915914470473842,0.56148573380235,0.5636682793531468,0.6749197709563954,0.5636682793531468,0.6749197709563954,0.6936590669005612,0.7110148884220916,0.6936590669005612,0.7110148884220916
1.008049828453164,1.0738321260099033,1.008049828453164,1.0738321260099033,1.1260943100447913,0.8736356964348526,1.1260943100447913,0.8736356964348526,1.0360525230462907,1.0355126286836827,1.0360525230462907,1.0355126286836827,1.1305507693549464,0.8966755919002363,1.1305507693549464,0.8966755919002363,1.008049828453164,1.0738321260099033,1.008049828453164,1.0738321260099033,1.1260943100447913,0.8736356964348526,1.1260943100447913,0.8736356964348526,0.9965243032248323,1.0744846281274496,0.9965243032248323,1.0744846281274496,1.1505297720995584,1.050000673075552,1.1505297720995584,1.050000673075552,0.9779760269765628,1.0316692304855986,0.9779760269765628,1.0316692304855986,1.068634240700699,1.0193135009118415,1.068634240700699,1.0193135009118415,0.9849523418413181,1.09988600014989,0.9849523418413181,1.09988600014989,0.8954363975259538,1.0483578510911484,0.8954363975259538,1.0483578510911484,1.083908420880675,1.163514548365851,1.083908420880675,1.163514548365851,0.9100918402812537,1.2437974776126208,0.9100918402812537,1.2437974776126208,1.0456186099326006,1.154619124809055,1.0456186099326006,1.154619124809055,1.1166450172259073,1.2085072720879448,1.1166450172259073,1.2085072720879448,1.0832883518580638,1.118417956168229,1.0832883518580638,1.118417956168229,0.777230045033646,1.0717664317912046,0.777230045033646,1.0717664317912046
0.704979000829232,0.7233708224959464,0.704979000829232,0.7233708224959464,0.7651804945347823,0.9181548101043766,0.7651804945347823,0.9181548101043766,0.750531342155756,0.7354046644162069,0.750531342155756,0.7354046644162069,0.7915836752751867,0.9301646604266443,0.7915836752751867,0.9301646604266443,0.704979000829232,0.7233708224959464,0.704979000829232,0.7233708224959464,0.7651804945347823,0.9181548101043766,0.7651804945347823,0.9181548101043766,0.8120311359933673,0.7489523135041385,0.8120311359933673,0.7489523135041385,1.0941029791317922,0.6307671512626636,1.0941029791317922,0.6307671512626636,0.7959943860549743,0.7464019648265711,0.7959943860549743,0.7464019648265711,0.8278365608917903,0.5644036405917596,0.8278365608917903,0.5644036405917596,0.7962837958388234,0.7673889716322406,0.7962837958388234,0.7673889716322406,0.8989462742564043,0.5651215037863337,0.8989462742564043,0.5651215037863337,0.8114203051786412,0.7096426644059025,0.8114203051786412,0.7096426644059025,0.7710446880088936,0.7998658249664793,0.7710446880088936,0.7998658249664793,0.7903537043965518,0.7973815668490492,0.7903537043965518,0.7973815668490492,0.7383709735719708,0.7500229793541745,0.7383709735719708,0.7500229793541745,0.8661822250428788,0.767690045460552,0.8661822250428788,0.767690045460552,0.8973558610434471,0.6563492536407673,0.8973558610434471,0.6563492536407673
0.6061854890035241,0.6159282415713571,0.6061854890035241,0.6159282415713571,0.5829918214154696,0.663095728022211,0.5829918214154696,0.663095728022211,0.5937036683372872,0.5707624524618284,0.5937036683372872,0.5707624524618284,0.6032258689881305,0.6705634392887203,0.6032258689881305,0.6705634392887203,0.6061854890035241,0.6159282415713571,0.6061854890035241,0.6159282415713571,0.5829918214154696,0.663095728022211,0.5829918214154696,0.663095728022211,0.5999316775509759,0.6223417657629524,0.5999316775509759,0.6223417657629524,0.6998451910869804,0.800061833937326,0.6998451910869804,0.800061833937326,0.607238450603267,0.6614457129140604,0.607238450603267,0.6614457129140604,0.6382842967843672,0.8194270170468151,0.6382842967843672,0.8194270170468151,0.6152869704790308,0.6564972362581337,0.6152869704790308,0.6564972362581337,0.64810226856459,0.7913851342673318,0.64810226856459,0.7913851342673318,0.6101126206622778,0.743771299057277,0.6101126206622778,0.743771299057277,0.6018127091501448,0.8025824361654529,0.6018127091501448,0.8025824361654529,0.5208843722801275,0.6407316627395849,0.5208843722801275,0.6407316627395849,0.608928644224941,0.6857598826147899,0.608928644224941,0.6857598826147899,0.5729517164755636,0.6388004323389912,0.5729517164755636,0.6388004323389912,0.7574678542363952,0.7209770635974905,0.7574678542363952,0.7209770635974905
1.0800971157901593,1.0978608645412513,1.0800971157901593,1.0978608645412513,1.023583507955605,1.0901985045247762,1.023583507955605,1.0901985045247762,1.138712838025369,1.118761742653358,1.138712838025369,1.118761742653358,0.9891229113891318,1.06078540046951,0.9891229113891318,1.06078540046951,1.0800971157901593,1.0978608645412513,1.0800971157901593,1.0978608645412513,1.023583507955605,1.0901985045247762,1.023583507955605,1.0901985045247762,1.1011710077288646,1.2004996649601194,1.1011710077288646,1.2004996649601194,0.9959290955387801,0.9927272181675119,0.9959290955387801,0.9927272181675119,1.115727220848812,1.1821838886545764,1.115727220848812,1.1821838886545764,1.1439824242446563,1.0087805581541704,1.1439824242446563,1.0087805581541704,1.104244700759706,1.191084720498052,1.104244700759706,1.191084720498052,0.8287725947151946,1.122958864227793,0.8287725947151946,1.122958864227793,0.9452510885760071,1.283612227721033,0.9452510885760071,1.283612227721033,0.9379544349553639,1.0347977155850943,0.9379544349553639,1.0347977155850943,1.0155021347727404,1.0006607058233694,1.0155021347727404,1.0006607058233694,0.7544721168929519,1.1217623816652578,0.7544721168929519,1.1217623816652578,1.1073088113045564,1.1517881791111588,1.1073088113045564,1.1517881791111588,0.7380182224374466,1.2076079950120684,0.7380182224374466,1.2076079950120684
0.5732834343929599,0.4946347795008453,0.5732834343929599,0.4946347795008453,0.6101845031136214,0.48508727145011854,0.6101845031136214,0.48508727145011854,0.5761922623391917,0.48205434368031214,0.5761922623391917,0.48205434368031214,0.627266058897719,0.42624254696504643,0.627266058897719,0.42624254696504643,0.5732834343929599,0.4946347795008453,0.5732834343929599,0.4946347795008453,0.6101845031136214,0.48508727145011854,0.6101845031136214,0.48508727145011854,0.5450719617108954,0.44096584156560364,0.5450719617108954,0.44096584156560364,0.5922939041593562,0.4710601893698058,0.5922939041593562,0.4710601893698058,0.5356479684354695,0.429998232263192,0.5356479684354695,0.429998232263192,0.5797540417675272,0.4384796206173402,0.5797540417675272,0.4384796206173402,0.5835645601440519,0.4493608808821777,0.5835645601440519,0.4493608808821777,0.4517502133741556,0.43075563007438633,0.4517502133741556,0.43075563007438633,0.5606411328451245,0.4896277137313166,0.5606411328451245,0.4896277137313166,0.5391698058077706,0.5172804810532214,0.5391698058077706,0.5172804810532214,0.5393152885205934,0.477681614204484,0.5393152885205934,0.477681614204484,0.5198907436807821,0.596987708892364,0.5198907436807821,0.596987708892364,0.47258300652270097,0.4636963297969629,0.47258300652270097,0.4636963297969629,0.6071194086013835,0.6269391139990088,0.6071194086013835,0.6269391139990088
1.2260985239866076,1.223909036069549,1.2260985239866076,1.223909036069549,1.1557064789226175,1.1129395763556436,1.1557064789226175,1.1129395763556436,1.2463845758989152,1.2226022323388244,1.2463845758989152,1.2226022323388244,1.2027202849499896,1.3167239795215764,1.2027202849499896,1.3167239795215764,1.2260985239866076,1.223909036069549,1.2260985239866076,1.223909036069549,1.1557064789226175,1.1129395763556436,1.1557064789226175,1.1129395763556436,1.23080754030398,1.0608551369012924,1.23080754030398,1.0608551369012924,1.1469572711334939,0.9885062941120553,1.1469572711334939,0.9885062941120553,1.1124819814336893,1.0799901973618362,1.1124819814336893,1.0799901973618362,1.1223328219719444,1.0265961306388718,1.1223328219719444,1.0265961306388718,1.2094297474748397,1.077749995354137,1.2094297474748397,1.077749995354137,1.0143780119461554,0.7520515932184766,1.0143780119461554,0.7520515932184766,1.1057421521363184,0.9175191731585465,1.1057421521363184,0.9175191731585465,0.8578698947699456,1.0343643373061548,0.8578698947699456,1.0343643373061548,1.0944137674977505,0.998131705449487,1.0944137674977505,0.998131705449487,0.8745941342498166,1.0442837558189864,0.8745941342498166,1.0442837558189864,1.029812484569756,1.0611400855013986,1.029812484569756,1.0611400855013986,0.9865988303510248,1.1270762639569496,0.9865988303510248,1.1270762639569496
0.26947829427486686,0.2632701756880073,0.26947829427486686,0.2632701756880073,0.24936101799393842,0.19647893442904893,0.24936101799393842,0.19647893442904893,0.26327576547366827,0.2659144040689154,0.26327576547366827,0.2659144040689154,0.23966639744750307,0.2089582598062778,0.23966639744750307,0.2089582598062778,0.26947829427486686,0.2632701756880073,0.26947829427486686,0.2632701756880073,0.24936101799393842,0.19647893442904893,0.24936101799393842,0.19647893442904893,0.3187820130627581,0.2975288358087059,0.3187820130627581,0.2975288358087059,0.16091250053654566,0.1610581870934165,0.16091250053654566,0.1610581870934165,0.2814306940208156,0.31735870660498444,0.2814306940208156,0.31735870660498444,0.22112897130689366,0.32069123109163333,0.22112897130689366,0.32069123109163333,0.3047190114553378,0.36041582167925695,0.3047190114553378,0.36041582167925695,0.2355789557721833,0.24628960843521708,0.2355789557721833,0.24628960843521708,0.3018898035317233,0.18845924970355746,0.3018898035317233,0.18845924970355746,0.1906233995495123,0.2124297417906916,0.1906233995495123,0.2124297417906916,0.31127037883910585,0.30433110472278024,0.31127037883910585,0.30433110472278024,0.27589411055814317,0.19283872135560312,0.27589411055814317,0.19283872135560312,0.32418065035671584,0.30652204511798026,0.32418065035671584,0.30652204511798026,0.23724382988553572,0.27895856244208506,0.23724382988553572,0.27895856244208506
0.5034514545808805,0.5184373412823855,0.5034514545808805,0.5184373412823855,0.560221223449826,0.5099319846585908,0.560221223449826,0.5099319846585908,0.5180433114582299,0.5225012738722166,0.5180433114582299,0.5225012738722166,0.5753087492741339,0.5478363733604491,0.5753087492741339,0.5478363733604491,0.5034514545808805,0.5184373412823855,0.5034514545808805,0.5184373412823855,0.560221223449826,0.5099319846585908,0.560221223449826,0.5099319846585908,0.6197227453303358,0.5437609782872594,0.6197227453303358,0.5437609782872594,0.6267380508278637,0.5200907949861728,0.6267380508278637,0.5200907949861728,0.6417163561963595,0.5892229767939196,0.6417163561963595,0.5892229767939196,0.5054016819998072,0.6485509329817277,0.5054016819998072,0.6485509329817277,0.5342461960756357,0.4894646133164624,0.5342461960756357,0.4894646133164624,0.5241408461019007,0.6316977469287365,0.5241408461019007,0.6316977469287365,0.5471019529691532,0.4296966210104268,0.5471019529691532,0.4296966210104268,0.36287081831498214,0.5616527196344759,0.36287081831498214,0.5616527196344759,0.6111366226287395,0.5062132846655156,0.6111366226287395,0.5062132846655156,0.7284991237597577,0.4180234362501366,0.7284991237597577,0.4180234362501366,0.6223307518280163,0.390851672195654,0.6223307518280163,0.390851672195654,0.46485505199720667,0.27442279521040214,0.46485505199720667,0.27442279521040214
1.0694871466740834,0.9091180114554789,1.0694871466740834,0.9091180114554789,0.9370121327186134,0.8306215328483714,0.9370121327186134,0.8306215328483714,1.061626704563924,0.9158703876329064,1.061626704563924,0.9158703876329064,0.9281437653314538,0.786220732194979,0.9281437653314538,0.786220732194979,1.0694871466740834,0.9091180114554789,1.0694871466740834,0.9091180114554789,0.9370121327186134,0.8306215328483714,0.9370121327186134,0.8306215328483714,0.904377474164335,0.8306024604277753,0.904377474164335,0.8306024604277753,0.8884522374252822,0.6899276360545608,0.8884522374252822,0.6899276360545608,0.8691974694373947,0.9548416248753037,0.8691974694373947,0.9548416248753037,0.6920542341956094,0.9643196847362084,0.6920542341956094,0.9643196847362084,0.8520494653878892,0.8172123714382672,0.8520494653878892,0.8172123714382672,0.7778318123487207,0.6714251874630697,0.7778318123487207,0.6714251874630697,0.837393312002881,0.7372671759399314,0.837393312002881,0.7372671759399314,0.4822476529080264,0.6288490640130816,0.4822476529080264,0.6288490640130816,0.7799276793628458,0.8446988368726839,0.7799276793628458,0.8446988368726839,0.6374103992889931,0.8647679607575317,0.6374103992889931,0.8647679607575317,0.8139241219659634,0.6895060424393848,0.8139241219659634,0.6895060424393848,0.6328215468708377,0.7028594449881681,0.6328215468708377,0.7028594449881681
0.28246481558393494,0.3747163901408047,0.28246481558393494,0.3747163901408047,0.3502215568802504,0.3409320683954639,0.3502215568802504,0.3409320683954639,0.2753133123107836,0.37782403597069564,0.2753133123107836,0.37782403597069564,0.371747158820739,0.3630097805855735,0.371747158820739,0.3630097805855735,0.28246481558393494,0.3747163901408047,0.28246481558393494,0.3747163901408047,0.3502215568802504,0.3409320683954639,0.3502215568802504,0.3409320683954639,0.2977732346083313,0.384315667778657,0.2977732346083313,0.384315667778657,0.36974011258988854,0.4662013290175054,0.36974011258988854,0.4662013290175054,0.30738138747324356,0.34220613408260403,0.30738138747324356,0.34220613408260403,0.40905203379212857,0.37004370151686267,0.40905203379212857,0.37004370151686267,0.3019979187904093,0.4036146760880231,0.3019979187904093,0.4036146760880231,0.34433251381227914,0.4380384141126994,0.34433251381227914,0.4380384141126994,0.34757274268188393,0.39642034842449214,0.34757274268188393,0.39642034842449214,0.3944240931806701,0.4779568751839531,0.3944240931806701,0.4779568751839531,0.3368703318864293,0.3621100895836528,0.3368703318864293,0.3621100895836528,0.4191563833873021,0.41124058127451574,0.4191563833873021,0.41124058127451574,0.3121652915120843,0.4296774212152686,0.3121652915120843,0.4296774212152686,0.4937329622104656,0.4560513773513881,0.4937329622104656,0.4560513773513881
0.5423475858804829,0.4612880542154324,0.5423475858804829,0.4612880542154324,0.5935256350470184,0.49765276574831835,0.5935256350470184,0.49765276574831835,0.5285387902901281,0.49926084757416633,0.5285387902901281,0.49926084757416633,0.5979687127983109,0.5658243245763589,0.5979687127983109,0.5658243245763589,0.5423475858804829,0.4612880542154324,0.5423475858804829,0.4612880542154324,0.5935256350470184,0.49765276574831835,0.5935256350470184,0.49765276574831835,0.5988142595032302,0.4428913065483548,0.5988142595032302,0.4428913065483548,0.5990999294951284,0.4501405329852222,0.5990999294951284,0.4501405329852222,0.5998792616438777,0.46292589008280444,0.5998792616438777,0.46292589008280444,0.8028232987983639,0.46293572799453314,0.8028232987983639,0.46293572799453314,0.619993821231644,0.43496550133163814,0.619993821231644,0.43496550133163814,0.6339655260648562,0.47724753257707625,0.6339655260648562,0.47724753257707625,0.5682676228882737,0.5528189186195069,0.5682676228882737,0.5528189186195069,0.4638348691100685,0.5322516355543974,0.4638348691100685,0.5322516355543974,0.5502192266301025,0.6168136954922067,0.5502192266301025,0.6168136954922067,0.6640273683872112,0.7577885772324043,0.6640273683872112,0.7577885772324043,0.5673245567304529,0.5280482108518869,0.5673245567304529,0.5280482108518869,0.431050819308085,0.5001640604614698,0.431050819308085,0.5001640604614698
1.8010054666779425,1.9089357064068113,1.8010054666779425,1.9089357064068113,2.0935450260038344,1.9375943860388696,2.0935450260038344,1.9375943860388696,1.979645579745101,1.9483257791336588,1.979645579745101,1.9483257791336588,1.8072409641962295,1.9386232893387967,1.8072409641962295,1.9386232893387967,1.8010054666779425,1.9089357064068113,1.8010054666779425,1.9089357064068113,2.0935450260038344,1.9375943860388696,2.0935450260038344,1.9375943860388696,1.908041741302642,1.755725258374131,1.908041741302642,1.755725258374131,1.829368134203262,1.898612440955554,1.829368134203262,1.898612440955554,1.9600092568902199,1.919721666601923,1.9600092568902199,1.919721666601923,1.7453990622529005,2.0441054522939788,1.7453990622529005,2.0441054522939788,1.9202891135961262,1.757316889850017,1.9202891135961262,1.757316889850017,2.0529270904097925,1.9176222885657115,2.0529270904097925,1.9176222885657115,1.7677986138272783,1.7579324819232451,1.7677986138272783,1.7579324819232451,1.8773905404535771,2.1140339771698144,1.8773905404535771,2.1140339771698144,1.9477596995567528,1.6583767958891378,1.9477596995567528,1.6583767958891378,1.8262899682454041,1.7705289768696875,1.8262899682454041,1.7705289768696875,1.8587635777134905,1.759886364119519,1.8587635777134905,1.759886364119519,2.0779270788971105,1.7195775347381819,2.0779270788971105,1.7195775347381819
1.4533307864445482,1.252268916955229,1.4533307864445482,1.252268916955229,1.2049154874906975,1.0649656298558479,1.2049154874906975,1.0649656298558479,1.4840814789669683,1.2721754412500859,1.4840814789669683,1.2721754412500859,1.241952844348361,1.0673447333897415,1.241952844348361,1.0673447333897415,1.4533307864445482,1.252268916955229,1.4533307864445482,1.252268916955229,1.2049154874906975,1.0649656298558479,1.2049154874906975,1.0649656298558479,1.2210887785201685,1.1433725057908437,1.2210887785201685,1.1433725057908437,1.2038469421467897,1.0844440533083275,1.2038469421467897,1.0844440533083275,1.1849445039607687,1.2550076985469054,1.1849445039607687,1.2550076985469054,1.262543675172894,1.248511559686388,1.262543675172894,1.248511559686388,1.1612702403297837,1.1763214674086477,1.1612702403297837,1.1763214674086477,1.1230848765795707,1.102790129649343,1.1230848765795707,1.102790129649343,1.2751211204422932,1.2445523618917156,1.2751211204422932,1.2445523618917156,1.413288483178331,1.3919601458944144,1.413288483178331,1.3919601458944144,1.2338528501142554,1.2256795343283902,1.2338528501142554,1.2256795343283902,1.1332199660549562,1.3702773517274736,1.1332199660549562,1.3702773517274736,1.2705149738299395,1.1774037935895305,1.2705149738299395,1.1774037935895305,1.2000590568527012,1.1677413426363004,1.2000590568527012,1.1677413426363004
3.57222005373377,3.619241396540714,3.57222005373377,3.619241396540714,3.5341672679938467,3.308015474548373,3.5341672679938467,3.308015474548373,3.6532305510335803,3.7700100357687796,3.6532305510335803,3.7700100357687796,3.5321737658142593,3.480252215479684,3.5321737658142593,3.480252215479684,3.57222005373377,3.619241396540714,3.57222005373377,3.619241396540714,3.5341672679938467,3.308015474548373,3.5341672679938467,3.308015474548373,3.8022447103792834,3.5953833782644486,3.8022447103792834,3.5953833782644486,3.836674327065978,3.0860379475812394,3.836674327065978,3.0860379475812394,3.7504016352524823,3.574090458803039,3.7504016352524823,3.574090458803039,3.490169085539905,3.791559400176196,3.490169085539905,3.791559400176196,3.7398722750312254,3.5169109218747074,3.7398722750312254,3.5169109218747074,3.4230477998645137,3.5165640291713984,3.4230477998645137,3.5165640291713984,3.312358801117979,3.436174960287844,3.312358801117979,3.436174960287844,3.1195386272443306,3.409737006206472,3.1195386272443306,3.409737006206472,3.379672695856523,3.518768072892128,3.379672695856523,3.518768072892128,3.5937669671710983,3.2242805368730716,3.5937669671710983,3.2242805368730716,3.2831532024331223,3.5544103623863257,3.2831532024331223,3.5544103623863257,3.0490552623009957,2.8272099968126416,3.0490552623009957,2.8272099968126416
0.6986188239969251,0.6677777001173418,0.6986188239969251,0.6677777001173418,0.5306470137497974,0.522501235999162,0.5306470137497974,0.522501235999162,0.725848577408387,0.5615174052955173,0.725848577408387,0.5615174052955173,0.48204634216786424,1.1380071216332681,0.48204634216786424,1.1380071216332681,0.6986188239969251,0.6677777001173418,0.6986188239969251,0.6677777001173418,0.5306470137497974,0.522501235999162,0.5306470137497974,0.522501235999162,0.44139353806049597,0.8286881552983536,0.44139353806049597,0.8286881552983536,1.8790615818844572,0.29020573086356183,1.8790615818844572,0.29020573086356183,0.3790753440118325,0.25659327733336823,0.3790753440118325,0.25659327733336823,0.7579930568268047,0.6406535859256344,0.7579930568268047,0.6406535859256344,1.0092321560391018,0.3306701145371004,1.0092321560391018,0.3306701145371004,0.5696651385432723,0.7955950609672426,0.5696651385432723,0.7955950609672426,0.2943338133496354,1.8083540443751835,0.2943338133496354,1.8083540443751835,0.7750898920684968,0.8485718898104357,0.7750898920684968,0.8485718898104357,0.7402817842928303,0.2311432512112676,0.7402817842928303,0.2311432512112676,1.5599280144568097,0.9918375774856711,1.5599280144568097,0.9918375774856711,0.6851417199918886,0.6243885381552047,0.6851417199918886,0.6243885381552047,0.8461003502961122,0.9718701952411382,0.8461003502961122,0.9718701952411382
1.9363420793714066,1.5968983918809987,1.9363420793714066,1.5968983918809987,1.9217142083548167,1.8862203614925,1.9217142083548167,1.8862203614925,2.026785267965525,1.6045466019607275,2.026785267965525,1.6045466019607275,1.9712582410039343,1.5096820722875857,1.9712582410039343,1.5096820722875857,1.9363420793714066,1.5968983918809987,1.9363420793714066,1.5968983918809987,1.9217142083548167,1.8862203614925,1.9217142083548167,1.8862203614925,1.4928265541356716,1.2371144853379628,1.4928265541356716,1.2371144853379628,1.5529731704525023,1.8709917378501533,1.5529731704525023,1.8709917378501533,1.4547150375711182,1.4333730344470947,1.4547150375711182,1.4333730344470947,1.767216029117158,1.4955245986856451,1.767216029117158,1.4955245986856451,1.4230474925893537,1.4866011467639562,1.4230474925893537,1.4866011467639562,1.872849337248662,1.6959453036674936,1.872849337248662,1.6959453036674936,1.45868316665106,1.419614323592097,1.45868316665106,1.419614323592097,1.1583454404436047,2.0290317160250706,1.1583454404436047,2.0290317160250706,1.7702473880108915,1.811392961550675,1.7702473880108915,1.811392961550675,2.384302636835287,1.5964443465001619,2.384302636835287,1.5964443465001619,1.61798259922528,1.505541766095675,1.61798259922528,1.505541766095675,1.3362817310126218,1.9572282460046537,1.3362817310126218,1.9572282460046537
0.5015767974907859,0.4255833574693487,0.5015767974907859,0.4255833574693487,0.3890224936014917,0.3837877208913856,0.3890224936014917,0.3837877208913856,0.4941906400324253,0.4761635178407314,0.4941906400324253,0.4761635178407314,0.4284685698857138,0.4996466447884849,0.4284685698857138,0.4996466447884849,0.5015767974907859,0.4255833574693487,0.5015767974907859,0.4255833574693487,0.3890224936014917,0.3837877208913856,0.3890224936014917,0.3837877208913856,0.22786951571384204,0.2900281562373768,0.22786951571384204,0.2900281562373768,0.15185589341872732,0.2878425860227029,0.15185589341872732,0.2878425860227029,0.4400984968722111,0.3706037236645441,0.4400984968722111,0.3706037236645441,0.0810761729059781,0.37887026024857345,0.0810761729059781,0.37887026024857345,0.19069893908256969,0.4513216912024321,0.19069893908256969,0.4513216912024321,0.21076061202871404,0.25472888708265085,0.21076061202871404,0.25472888708265085,0.16348438300302603,0.14478310586958315,0.16348438300302603,0.14478310586958315,0.04617415344402166,0.17861675612735653,0.04617415344402166,0.17861675612735653,0.34190108025147076,0.24392145048483133,0.34190108025147076,0.24392145048483133,0.23239828061055143,0.2886305251316602,0.23239828061055143,0.2886305251316602,0.19752931605382,0.12843354089395978,0.19752931605382,0.12843354089395978,0.3453658763758087,0.07292064932282076,0.3453658763758087,0.07292064932282076
0.883115001611548,0.93235872217775,0.883115001611548,0.93235872217775,0.6622347542003332,0.7486833159370849,0.6622347542003332,0.7486833159370849,0.81188972653114,0.8944933333864247,0.81188972653114,0.8944933333864247,0.585189501590021,0.6525667055935604,0.585189501590021,0.6525667055935604,0.883115001611548,0.93235872217775,0.883115001611548,0.93235872217775,0.6622347542003332,0.7486833159370849,0.6622347542003332,0.7486833159370849,0.801226198758527,0.5979943538671398,0.801226198758527,0.5979943538671398,0.7233053320244772,0.7350198947690056,0.7233053320244772,0.7350198947690056,0.8792757678495532,0.715857824077123,0.8792757678495532,0.715857824077123,0.7429427004610106,0.7478698552400009,0.7429427004610106,0.7478698552400009,0.8039792883236141,0.7445135266250114,0.8039792883236141,0.7445135266250114,0.5898058565869863,0.7851514450457581,0.5898058565869863,0.7851514450457581,0.8130839177311229,0.6796645656614985,0.8130839177311229,0.6796645656614985,0.8378441795581806,0.6843747863897317,0.8378441795581806,0.6843747863897317,0.7300476724973136,0.7803319846930616,0.7300476724973136,0.7803319846930616,0.6820878714806451,0.7401676490754716,0.6820878714806451,0.7401676490754716,0.7339250070842893,0.7983937655971844,0.7339250070842893,0.7983937655971844,0.8920164979924096,0.5188388602957216,0.8920164979924096,0.5188388602957216
1.079440898560469,0.7755118421267281,1.079440898560469,0.7755118421267281,1.020052178183795,1.0817121367561167,1.020052178183795,1.0817121367561167,0.9749283511952687,0.8207821100199671,0.9749283511952687,0.8207821100199671,1.132539319543604,1.057642173052026,1.132539319543604,1.057642173052026,1.079440898560469,0.7755118421267281,1.079440898560469,0.7755118421267281,1.020052178183795,1.0817121367561167,1.020052178183795,1.0817121367561167,1.5050891706058307,1.1108544143249799,1.5050891706058307,1.1108544143249799,1.596699938260414,1.0573334770757694,1.596699938260414,1.0573334770757694,1.116241924974538,0.9114878352130468,1.116241924974538,0.9114878352130468,1.2486306873299549,1.3375303663290323,1.2486306873299549,1.3375303663290323,1.375790841566587,1.0367531937381262,1.375790841566587,1.0367531937381262,1.4222825009641222,1.351400183780063,1.4222825009641222,1.351400183780063,1.42272321550511,1.109236088516204,1.42272321550511,1.109236088516204,1.4659150500349787,1.1567082238879047,1.4659150500349787,1.1567082238879047,1.2234194902703641,0.9379081941466401,1.2234194902703641,0.9379081941466401,1.5389294617032867,1.742850946475,1.5389294617032867,1.742850946475,1.3729022878021113,1.2945721603022453,1.3729022878021113,1.2945721603022453,1.3345373903486542,0.9029273894081117,1.3345373903486542,0.9029273894081117
3.90071545010777,3.7636176678787976,3.90071545010777,3.7636176678787976,3.7377451599391387,3.9561867120607723,3.7377451599391387,3.9561867120607723,4.107851642516769,3.718747761338238,4.107851642516769,3.718747761338238,3.746895315153742,3.8344303689128205,3.746895315153742,3.8344303689128205,3.90071545010777,3.7636176678787976,3.90071545010777,3.7636176678787976,3.7377451599391387,3.9561867120607723,3.7377451599391387,3.9561867120607723,4.356545587593885,3.2155059021571133,4.356545587593885,3.2155059021571133,4.476979116523968,3.0529743869606034,4.476979116523968,3.0529743869606034,4.152999664801597,3.9701789833520045,4.152999664801597,3.9701789833520045,5.63789205328265,4.576696759295663,5.63789205328265,4.576696759295663,3.8735434085221243,3.6103995900539196,3.8735434085221243,3.6103995900539196,4.111789695840388,3.7728805874833085,4.111789695840388,3.7728805874833085,3.7920069910210223,4.356712948990401,3.7920069910210223,4.356712948990401,3.804967941559532,3.8801415393156775,3.804967941559532,3.8801415393156775,4.198064500465694,3.7554534719256116,4.198064500465694,3.7554534719256116,4.686361502636393,4.0297244093097495,4.686361502636393,4.0297244093097495,4.040680711936476,4.157319544972557,4.040680711936476,4.157319544972557,4.122758034072847,3.7751764002207056,4.122758034072847,3.7751764002207056
1.209695991296377,1.2566852041811953,1.209695991296377,1.2566852041811953,1.1808475590739769,1.5879529352726276,1.1808475590739769,1.5879529352726276,1.1099223518157109,1.6312608567669402,1.1099223518157109,1.6312608567669402,1.1921976961788523,1.929870046083007,1.1921976961788523,1.929870046083007,1.209695991296377,1.2566852041811953,1.209695991296377,1.2566852041811953,1.1808475590739769,1.5879529352726276,1.1808475590739769,1.5879529352726276,1.3978796353949667,1.652741503705305,1.3978796353949667,1.652741503705305,1.5152512605974955,1.8403097537582653,1.5152512605974955,1.8403097537582653,1.1386492269081088,1.742072544339466,1.1386492269081088,1.742072544339466,1.9080687778939047,2.0605519009615265,1.9080687778939047,2.0605519009615265,1.1993595483202355,1.6387732902801166,1.1993595483202355,1.6387732902801166,1.1560079448235332,2.5963673730104313,1.1560079448235332,2.5963673730104313,1.1504276345303643,1.2921386934813028,1.1504276345303643,1.2921386934813028,1.6509663886642805,2.2312567548216697,1.6509663886642805,2.2312567548216697,1.0887953714849834,2.1910966133966157,1.0887953714849834,2.1910966133966157,3.3640054458932167,1.797732089108365,3.3640054458932167,1.797732089108365,1.32059038783386,1.5084368015153549,1.32059038783386,1.5084368015153549,2.358240170019902,1.288639258682065,2.358240170019902,1.288639258682065
1.9283729913772059,1.6980406144015021,1.9283729913772059,1.6980406144015021,2.2827615763071902,1.932682974714165,2.2827615763071902,1.932682974714165,1.9463532623647037,1.6205749146730486,1.9463532623647037,1.6205749146730486,2.248328182893695,1.9304399441362208,2.248328182893695,1.9304399441362208,1.9283729913772059,1.6980406144015021,1.9283729913772059,1.6980406144015021,2.2827615763071902,1.932682974714165,2.2827615763071902,1.932682974714165,1.8953152115013252,1.8222488339213563,1.8953152115013252,1.8222488339213563,2.081731911151557,2.046571937030279,2.081731911151557,2.046571937030279,1.9640669643294526,2.0321285649917766,1.9640669643294526,2.0321285649917766,1.7430511413009546,2.0422165574625035,1.7430511413009546,2.0422165574625035,1.8127014362403189,2.0987549259318734,1.8127014362403189,2.0987549259318734,2.6265274174000255,2.504421235648135,2.6265274174000255,2.504421235648135,2.178785242854137,2.0737839657589423,2.178785242854137,2.0737839657589423,2.7823332819839304,2.01820723041129,2.7823332819839304,2.01820723041129,1.96122025933402,2.0226179557136814,1.96122025933402,2.0226179557136814,1.8475019670673725,2.5596281181952083,1.8475019670673725,2.5596281181952083,2.2212532116113923,1.886516760640421,2.2212532116113923,1.886516760640421,1.7176258802313662,1.748256259640802,1.7176258802313662,1.748256259640802
0.29233443314188556,0.18688080684581168,0.29233443314188556,0.18688080684581168,0.2556455857545494,0.2175625103449691,0.2556455857545494,0.2175625103449691,0.2958269772900076,0.26591668558589426,0.2958269772900076,0.26591668558589426,0.27426395472318305,0.26045661935829223,0.27426395472318305,0.26045661935829223,0.29233443314188556,0.18688080684581168,0.29233443314188556,0.18688080684581168,0.2556455857545494,0.2175625103449691,0.2556455857545494,0.2175625103449691,0.1566787545825917,0.1893035185698955,0.1566787545825917,0.1893035185698955,0.08735638534990853,0.21374104835330768,0.08735638534990853,0.21374104835330768,0.10803242849252366,0.25284439167537853,0.10803242849252366,0.25284439167537853,0.22008788885610386,0.08851745432592245,0.22008788885610386,0.08851745432592245,0.18031722505529138,0.22312751943250778,0.18031722505529138,0.22312751943250778,0.19662419447016788,0.12373170826090972,0.19662419447016788,0.12373170826090972,0.10884565501464176,0.04611256528002003,0.10884565501464176,0.04611256528002003,0.11094084981979192,0.1426036130454222,0.11094084981979192,0.1426036130454222,0.15937442114376263,0.07899939970105914,0.15937442114376263,0.07899939970105914,0.041916295991015796,0.09730322875992144,0.041916295991015796,0.09730322875992144,0.13635212052484189,0.0917520890039042,0.13635212052484189,0.0917520890039042,0.11428130101080856,0.10521709892287325,0.11428130101080856,0.10521709892287325
1.2118243446210761,1.196069845192282,1.2118243446210761,1.196069845192282,1.210127157464998,1.134416458805927,1.210127157464998,1.134416458805927,1.1439538876902091,1.1485508331731167,1.1439538876902091,1.1485508331731167,1.2713395300636243,1.1180137475116536,1.2713395300636243,1.1180137475116536,1.2118243446210761,1.196069845192282,1.2118243446210761,1.196069845192282,1.210127157464998,1.134416458805927,1.210127157464998,1.134416458805927,1.3844950020587241,1.2745796812541919,1.3844950020587241,1.2745796812541919,1.313474611660739,1.2182052370577219,1.313474611660739,1.2182052370577219,1.3089314463291701,1.2118848172024137,1.3089314463291701,1.2118848172024137,1.1876408883155718,1.2973406643666405,1.1876408883155718,1.2973406643666405,1.329496868497028,1.2562796992340144,1.329496868497028,1.2562796992340144,1.3691186599015728,1.1243524478584996,1.3691186599015728,1.1243524478584996,1.458426811357775,1.1089510115009367,1.458426811357775,1.1089510115009367,1.314147475240421,1.142337335729063,1.314147475240421,1.142337335729063,1.4110646619683131,1.228723501166034,1.4110646619683131,1.228723501166034,1.4397987393417833,1.1726607724979725,1.4397987393417833,1.1726607724979725,1.2982251279085928,1.1448195185896115,1.2982251279085928,1.1448195185896115,1.1715924674916198,1.0860664351249083,1.1715924674916198,1.0860664351249083
